central_bank_code,target_family,target_indicator_key,target_indicator,indicator_key,indicator,indicator_category,importance,observations,pearson_correlation,spearman_correlation,abs_pearson,abs_spearman,direction,same_macro_theme,pca_score,model_importance_score,coverage_score,raw_weight_score,economic_direction_for_currency,justification,normalized_weight,weight_pct
BOC,gdp_growth,retail_sales_mom,Retail Sales (MoM),retail_sales_ex_autos_mom,Retail Sales Ex Autos (MoM),Growth,2,70,0.9446829115549439,0.8454329681433415,0.9446829115549439,0.8454329681433415,positive,True,0.2768860914433692,0.0382714500861866,0.9722222222222222,0.7260593322918318,currency_positive,strong positive Pearson correlation (0.94); Spearman 0.85; same macro theme; PCA loading signal 0.28; model importance signal 0.04,0.07714518482755607,7.714518482755607
BOC,gdp_growth,retail_sales_mom,Retail Sales (MoM),gdp_mom,GDP (MoM),Growth,1,68,0.8962279805045784,0.4480534564698185,0.8962279805045784,0.4480534564698185,positive,True,0.3029410682734002,0.0,0.9444444444444444,0.6274529221789937,currency_positive,strong positive Pearson correlation (0.90); Spearman 0.45; same macro theme; PCA loading signal 0.30,0.06666806622992728,6.666806622992729
BOC,gdp_growth,retail_sales_mom,Retail Sales (MoM),manufacturing_sales_mom,Manufacturing Sales (MoM),Growth,2,71,0.8729672040528339,0.2221532287896352,0.8729672040528339,0.2221532287896352,positive,True,0.2961141172266595,0.037549217549384,0.9861111111111112,0.5846158261690823,currency_positive,strong positive Pearson correlation (0.87); Spearman 0.22; same macro theme; PCA loading signal 0.30; model importance signal 0.04,0.06211654331412223,6.211654331412223
BOC,gdp_growth,retail_sales_mom,Retail Sales (MoM),wholesale_sales_mom,Wholesale Sales (MoM),Growth,2,72,0.8482296645382541,0.26068444943826424,0.8482296645382541,0.26068444943826424,positive,True,0.2825079123473913,0.0292985084068425,1.0,0.5824379599008227,currency_positive,strong positive Pearson correlation (0.85); Spearman 0.26; same macro theme; PCA loading signal 0.28; model importance signal 0.03,0.061885140881397835,6.188514088139783
BOC,gdp_growth,retail_sales_mom,Retail Sales (MoM),employment_change,Employment Change,Labor,1,72,0.8423084220618444,0.4234108147175056,0.8423084220618444,0.4234108147175056,positive,False,0.3072153942361847,0.0501041257849389,1.0,0.5011911619080073,currency_positive,strong positive Pearson correlation (0.84); Spearman 0.42; PCA loading signal 0.31; model importance signal 0.05,0.053252514084882005,5.3252514084882
BOC,gdp_growth,retail_sales_mom,Retail Sales (MoM),part_time_employment_change,Part-Time Employment Change,Labor,1,72,0.726363706464319,0.41926357198108094,0.726363706464319,0.41926357198108094,positive,False,0.2598300173507031,0.0521046221473226,1.0,0.45738901522368336,currency_positive,strong positive Pearson correlation (0.73); Spearman 0.42; PCA loading signal 0.26; model importance signal 0.05,0.04859845269965118,4.859845269965118
BOC,gdp_growth,retail_sales_mom,Retail Sales (MoM),full_time_employment_change,Full-Time Employment Change,Labor,1,72,0.8016827523861862,0.2709964350437472,0.8016827523861862,0.2709964350437472,positive,False,0.2939698828103399,0.0,1.0,0.4476186916304664,currency_positive,strong positive Pearson correlation (0.80); Spearman 0.27; PCA loading signal 0.29,0.04756033723731759,4.756033723731759
BOC,gdp_growth,retail_sales_mom,Retail Sales (MoM),ivey_pmi_sa,Ivey PMI s.a.,Growth,2,70,0.35558682314845863,0.2709947799451047,0.35558682314845863,0.2709947799451047,positive,True,0.2313669662300276,0.027771850849658,0.9722222222222222,0.4244644937216276,currency_positive,weak positive Pearson correlation (0.36); Spearman 0.27; same macro theme; PCA loading signal 0.23; model importance signal 0.03,0.04510015967638346,4.510015967638346
BOC,gdp_growth,retail_sales_mom,Retail Sales (MoM),raw_materials_prices_mom,Raw Materials Prices (MoM),Inflation,3,72,0.6514146293204652,0.2964599161761558,0.6514146293204652,0.2964599161761558,positive,False,0.217349393707546,0.0,1.0,0.39383926289872906,currency_positive,moderate positive Pearson correlation (0.65); Spearman 0.30; PCA loading signal 0.22,0.04184617066041492,4.184617066041492
BOC,gdp_growth,retail_sales_mom,Retail Sales (MoM),budget_balance,Budget Balance,Growth,3,72,-0.061521140996806487,-0.029730213001075846,0.061521140996806487,0.029730213001075846,negative,True,0.2516379907446192,0.3467048120820146,1.0,0.34863704128723105,currency_negative,weak negative Pearson correlation (-0.06); Spearman -0.03; same macro theme; PCA loading signal 0.25; model importance signal 0.35,0.03704334865160208,3.704334865160208
BOC,gdp_growth,retail_sales_mom,Retail Sales (MoM),retail_sales_yoy,Retail Sales (YoY),Growth,2,72,0.13555112936157354,0.22566193220595954,0.13555112936157354,0.22566193220595954,positive,True,0.1666807823077939,0.0322448006335591,1.0,0.34128188217277194,currency_positive,weak positive Pearson correlation (0.14); Spearman 0.23; same macro theme; PCA loading signal 0.17; model importance signal 0.03,0.03626184900813635,3.626184900813635
BOC,gdp_growth,retail_sales_mom,Retail Sales (MoM),new_motor_vehicle_sales,New Motor Vehicle Sales,Growth,3,73,0.24297744348039857,0.039108695315010385,0.24297744348039857,0.039108695315010385,positive,True,0.2015110234135562,0.0098689082800386,1.0,0.3386646707291683,currency_positive,weak positive Pearson correlation (0.24); Spearman 0.04; same macro theme; PCA loading signal 0.20; model importance signal 0.01,0.035983765315014085,3.5983765315014087
BOC,gdp_growth,retail_sales_mom,Retail Sales (MoM),manufacturing_pmi,Manufacturing PMI,Growth,2,46,0.1838754339708893,0.12028288788388075,0.1838754339708893,0.12028288788388075,positive,True,0.3679183096955488,0.0506105189939881,0.6388888888888888,0.33793718063110856,currency_positive,weak positive Pearson correlation (0.18); Spearman 0.12; same macro theme; PCA loading signal 0.37; model importance signal 0.05,0.035906468108602756,3.5906468108602754
BOC,gdp_growth,retail_sales_mom,Retail Sales (MoM),services_pmi,Services PMI,Growth,2,28,-0.25711461128570795,-0.28210761658453604,0.25711461128570795,0.28210761658453604,negative,True,0.0,0.0060412510002165,0.3888888888888889,0.2934718082615453,currency_negative,weak negative Pearson correlation (-0.26); Spearman -0.28; same macro theme; model importance signal 0.01,0.031181937733036565,3.1181937733036564
BOC,gdp_growth,retail_sales_mom,Retail Sales (MoM),composite_pmi,Composite PMI,Growth,2,27,-0.24717835981783617,-0.26335126300419365,0.24717835981783617,0.26335126300419365,negative,True,0.0,0.0,0.375,0.2843237605461896,currency_negative,weak negative Pearson correlation (-0.25); Spearman -0.26; same macro theme,0.030209940266128783,3.0209940266128785
BOC,gdp_growth,retail_sales_mom,Retail Sales (MoM),cpi_headline_mom,Headline CPI (MoM),Inflation,2,69,0.3561503245114838,0.1674672616478316,0.3561503245114838,0.1674672616478316,positive,False,0.1987183854875247,0.0295665350712787,0.9583333333333334,0.2769675033662166,currency_positive,weak positive Pearson correlation (0.36); Spearman 0.17; PCA loading signal 0.20; model importance signal 0.03,0.02942832395111398,2.942832395111398
BOC,gdp_growth,retail_sales_mom,Retail Sales (MoM),vehicle_sales_mom,Vehicle Sales (MoM),Growth,3,19,-0.17126604143929597,-0.1695214470894897,0.17126604143929597,0.1695214470894897,negative,True,0.2022084495327679,0.0,0.2638888888888889,0.2680705116544738,currency_negative,weak negative Pearson correlation (-0.17); Spearman -0.17; same macro theme; PCA loading signal 0.20,0.028483001662031746,2.848300166203175
BOC,gdp_growth,retail_sales_mom,Retail Sales (MoM),core_cpi_mom,Core CPI (MoM),Inflation,2,42,-0.18278479585013255,-0.17717288878147613,0.18278479585013255,0.17717288878147613,negative,False,0.3347891241472648,0.0,0.5833333333333334,0.208865392191176,currency_negative,weak negative Pearson correlation (-0.18); Spearman -0.18; PCA loading signal 0.33,0.0221923451266815,2.21923451266815
BOC,gdp_growth,retail_sales_mom,Retail Sales (MoM),ppi_mom,PPI (MoM),Inflation,2,69,0.2609150108013094,0.1347014294218023,0.2609150108013094,0.1347014294218023,positive,False,0.0,0.0,0.9583333333333334,0.20104812245808662,currency_positive,weak positive Pearson correlation (0.26); Spearman 0.13,0.021361745351174938,2.136174535117494
BOC,gdp_growth,retail_sales_mom,Retail Sales (MoM),unemployment_rate,Unemployment Rate,Labor,1,72,0.11491470737485648,-0.008631031973823006,0.11491470737485648,0.008631031973823006,positive,False,0.3419538347147182,0.0,1.0,0.19775230885587083,currency_positive,weak positive Pearson correlation (0.11); Spearman -0.01; PCA loading signal 0.34,0.021011558888179495,2.1011558888179493
BOC,gdp_growth,retail_sales_mom,Retail Sales (MoM),raw_materials_prices_yoy,Raw Materials Prices (YoY),Inflation,3,73,0.07170715723532416,0.09885616135675016,0.07170715723532416,0.09885616135675016,positive,False,0.2611480041221345,0.0,1.0,0.18829002018393148,currency_positive,weak positive Pearson correlation (0.07); Spearman 0.10; PCA loading signal 0.26,0.02000617272203206,2.000617272203206
BOC,gdp_growth,retail_sales_mom,Retail Sales (MoM),core_cpi_yoy,Core CPI (YoY),Inflation,1,72,-0.047200527959355476,-0.022127241772958932,0.047200527959355476,0.022127241772958932,negative,False,0.3682846424639844,0.0,1.0,0.18487684238591562,currency_negative,weak negative Pearson correlation (-0.05); Spearman -0.02; PCA loading signal 0.37,0.0196435160900374,1.96435160900374
BOC,gdp_growth,retail_sales_mom,Retail Sales (MoM),balance_of_trade,Balance of Trade,Trade,2,73,0.0460469400920206,0.1238288035450603,0.0460469400920206,0.1238288035450603,positive,False,0.2338486366816714,0.0,1.0,0.1806725973393191,currency_positive,weak positive Pearson correlation (0.05); Spearman 0.12; PCA loading signal 0.23,0.019196807058481754,1.9196807058481753
BOC,gdp_growth,retail_sales_mom,Retail Sales (MoM),imports,Imports,Trade,2,73,-0.036414948513218956,-0.04403196045083862,0.036414948513218956,0.04403196045083862,negative,False,0.3276857085120525,0.0,1.0,0.17871430417630285,currency_negative,weak negative Pearson correlation (-0.04); Spearman -0.04; PCA loading signal 0.33,0.018988734685759043,1.8988734685759043
BOC,gdp_growth,retail_sales_mom,Retail Sales (MoM),ppi_yoy,PPI (YoY),Inflation,2,72,0.02245333736179305,0.08915297142780919,0.02245333736179305,0.08915297142780919,positive,False,0.2850960545906697,0.0,1.0,0.17588388532042032,currency_positive,weak positive Pearson correlation (0.02); Spearman 0.09; PCA loading signal 0.29,0.01868799729961841,1.868799729961841
BOC,gdp_growth,retail_sales_mom,Retail Sales (MoM),new_housing_price_index_mom,New Housing Price Index (MoM),Housing,2,61,-0.022086058566102552,0.10539401693312127,0.022086058566102552,0.10539401693312127,negative,False,0.3142587968528253,0.0,0.8472222222222222,0.1689934266121858,currency_negative,weak negative Pearson correlation (-0.02); Spearman 0.11; PCA loading signal 0.31,0.0179558729580505,1.79558729580505
BOC,gdp_growth,retail_sales_mom,Retail Sales (MoM),new_housing_price_index_yoy,New Housing Price Index (YoY),Housing,2,61,0.019151620448491738,0.12191537814059532,0.019151620448491738,0.12191537814059532,positive,False,0.2951192593948749,0.0,0.8472222222222222,0.16797225067596627,currency_positive,weak positive Pearson correlation (0.02); Spearman 0.12; PCA loading signal 0.30,0.017847371072822416,1.7847371072822416
BOC,gdp_growth,retail_sales_mom,Retail Sales (MoM),cfib_business_barometer,CFIB Business Barometer,Sentiment,2,51,0.06202701881272114,0.10209723204912431,0.06202701881272114,0.10209723204912431,positive,False,0.2645266355697165,0.0285934528209528,0.7083333333333334,0.1623365667690855,currency_positive,weak positive Pearson correlation (0.06); Spearman 0.10; PCA loading signal 0.26; model importance signal 0.03,0.01724856894014595,1.724856894014595
BOC,gdp_growth,retail_sales_mom,Retail Sales (MoM),exports,Exports,Trade,2,73,-0.020875562914860767,-0.017743718739935976,0.020875562914860767,0.017743718739935976,negative,False,0.2886449814289138,0.0,1.0,0.16176750927964992,currency_negative,weak negative Pearson correlation (-0.02); Spearman -0.02; PCA loading signal 0.29,0.017188105499697574,1.7188105499697575
BOC,inflation,core_cpi_yoy,Core CPI (YoY),cpi_headline_yoy,Headline CPI (YoY),Inflation,1,76,0.9579643245315118,0.8976613990751803,0.9579643245315118,0.8976613990751803,positive,True,0.3886655144833463,0.0937318215541612,1.0,0.7728157794456993,policy_tightening_positive_but_regime_dependent,strong positive Pearson correlation (0.96); Spearman 0.90; same macro theme; PCA loading signal 0.39; model importance signal 0.09,0.0863999919530391,8.63999919530391
BOC,inflation,core_cpi_yoy,Core CPI (YoY),ppi_yoy,PPI (YoY),Inflation,2,75,0.5668323810651925,0.5194220579467554,0.5668323810651925,0.5194220579467554,positive,True,0.2850960545906697,0.048912388805639,1.0,0.553566521832188,policy_tightening_positive_but_regime_dependent,moderate positive Pearson correlation (0.57); Spearman 0.52; same macro theme; PCA loading signal 0.29; model importance signal 0.05,0.061888155371358396,6.18881553713584
BOC,inflation,core_cpi_yoy,Core CPI (YoY),unemployment_rate,Unemployment Rate,Labor,1,76,-0.6459093791012588,-0.7098731046438465,0.6459093791012588,0.7098731046438465,negative,False,0.3419538347147182,0.0232162693763409,1.0,0.5012458907017742,disinflationary_or_growth_sensitive,moderate negative Pearson correlation (-0.65); Spearman -0.71; PCA loading signal 0.34; model importance signal 0.02,0.056038763797226714,5.603876379722672
BOC,inflation,core_cpi_yoy,Core CPI (YoY),raw_materials_prices_yoy,Raw Materials Prices (YoY),Inflation,3,75,0.40373858789627476,0.4195700479102324,0.40373858789627476,0.4195700479102324,positive,True,0.2611480041221345,0.0,1.0,0.47204222669291307,policy_tightening_positive_but_regime_dependent,moderate positive Pearson correlation (0.40); Spearman 0.42; same macro theme; PCA loading signal 0.26,0.05277382485256048,5.277382485256048
BOC,inflation,core_cpi_yoy,Core CPI (YoY),core_cpi_mom,Core CPI (MoM),Inflation,2,45,0.3815391131756947,0.3244457088498188,0.3815391131756947,0.3244457088498188,positive,True,0.3347891241472648,0.0189537532211449,0.625,0.42533505611677447,policy_tightening_positive_but_regime_dependent,weak positive Pearson correlation (0.38); Spearman 0.32; same macro theme; PCA loading signal 0.33; model importance signal 0.02,0.047552012268943136,4.755201226894314
BOC,inflation,core_cpi_yoy,Core CPI (YoY),balance_of_trade,Balance of Trade,Trade,2,75,0.5091802690711111,0.5425994051164706,0.5091802690711111,0.5425994051164706,positive,False,0.2338486366816714,0.0320809841179821,1.0,0.4088204836473853,policy_tightening_positive_but_regime_dependent,moderate positive Pearson correlation (0.51); Spearman 0.54; PCA loading signal 0.23; model importance signal 0.03,0.045705700422817894,4.57057004228179
BOC,inflation,core_cpi_yoy,Core CPI (YoY),exports,Exports,Trade,2,75,0.503703637614988,0.4659664420581625,0.503703637614988,0.4659664420581625,positive,False,0.2886449814289138,0.0158658033638697,1.0,0.3989576629251912,policy_tightening_positive_but_regime_dependent,moderate positive Pearson correlation (0.50); Spearman 0.47; PCA loading signal 0.29; model importance signal 0.02,0.044603047431385656,4.460304743138566
BOC,inflation,core_cpi_yoy,Core CPI (YoY),cpi_headline_mom,Headline CPI (MoM),Inflation,2,72,0.28388914936174164,0.2475030029093261,0.28388914936174164,0.2475030029093261,positive,True,0.1987183854875247,0.0370749923511034,1.0,0.39673940347782977,policy_tightening_positive_but_regime_dependent,weak positive Pearson correlation (0.28); Spearman 0.25; same macro theme; PCA loading signal 0.20; model importance signal 0.04,0.04435504835644538,4.435504835644538
BOC,inflation,core_cpi_yoy,Core CPI (YoY),new_housing_price_index_yoy,New Housing Price Index (YoY),Housing,2,63,0.43104674504042,0.2803614874340536,0.43104674504042,0.2803614874340536,positive,False,0.2951192593948749,0.3768591918177693,0.875,0.390073850299035,policy_tightening_positive_but_regime_dependent,moderate positive Pearson correlation (0.43); Spearman 0.28; PCA loading signal 0.30; model importance signal 0.38,0.04360984651620412,4.360984651620412
BOC,inflation,core_cpi_yoy,Core CPI (YoY),budget_balance,Budget Balance,Growth,3,73,0.3962471564923605,0.43377026994935014,0.3962471564923605,0.43377026994935014,positive,False,0.2516379907446192,0.0160280874216208,1.0,0.35364781413328517,policy_tightening_positive_but_regime_dependent,weak positive Pearson correlation (0.40); Spearman 0.43; PCA loading signal 0.25; model importance signal 0.02,0.039537453954733355,3.9537453954733355
BOC,inflation,core_cpi_yoy,Core CPI (YoY),raw_materials_prices_mom,Raw Materials Prices (MoM),Inflation,3,74,-0.16841827644285806,-0.18725591778163203,0.16841827644285806,0.18725591778163203,negative,True,0.217349393707546,0.0,1.0,0.3470995573565421,disinflationary_or_growth_sensitive,weak negative Pearson correlation (-0.17); Spearman -0.19; same macro theme; PCA loading signal 0.22,0.03880536572896908,3.880536572896908
BOC,inflation,core_cpi_yoy,Core CPI (YoY),imports,Imports,Trade,2,75,0.36717402489569434,0.2472119300714937,0.36717402489569434,0.2472119300714937,positive,False,0.3276857085120525,0.0,1.0,0.3185780210151765,policy_tightening_positive_but_regime_dependent,weak positive Pearson correlation (0.37); Spearman 0.25; PCA loading signal 0.33,0.03561668794064832,3.5616687940648317
BOC,inflation,core_cpi_yoy,Core CPI (YoY),manufacturing_pmi,Manufacturing PMI,Growth,2,49,0.4650362583624404,0.16928543858275305,0.4650362583624404,0.16928543858275305,positive,False,0.3679183096955488,0.0240848424474081,0.6805555555555556,0.31174323974209645,policy_tightening_positive_but_regime_dependent,moderate positive Pearson correlation (0.47); Spearman 0.17; PCA loading signal 0.37; model importance signal 0.02,0.03485256657731584,3.4852566577315844
BOC,inflation,core_cpi_yoy,Core CPI (YoY),retail_sales_yoy,Retail Sales (YoY),Growth,2,73,0.22344016197651512,0.4161154614256712,0.22344016197651512,0.4161154614256712,positive,False,0.1666807823077939,0.019618648864306,1.0,0.2835928520004237,policy_tightening_positive_but_regime_dependent,weak positive Pearson correlation (0.22); Spearman 0.42; PCA loading signal 0.17; model importance signal 0.02,0.031705382812382964,3.1705382812382963
BOC,inflation,core_cpi_yoy,Core CPI (YoY),composite_pmi,Composite PMI,Growth,2,29,-0.42631491832697255,-0.4809562077715981,0.42631491832697255,0.4809562077715981,negative,False,0.0,0.0,0.4027777777777778,0.26436349483018917,disinflationary_or_growth_sensitive,moderate negative Pearson correlation (-0.43); Spearman -0.48,0.02955556088980003,2.955556088980003
BOC,inflation,core_cpi_yoy,Core CPI (YoY),services_pmi,Services PMI,Growth,2,30,-0.4115738641259101,-0.4288918071038311,0.4115738641259101,0.4288918071038311,negative,False,0.0,0.0,0.4166666666666667,0.25091718732520596,disinflationary_or_growth_sensitive,moderate negative Pearson correlation (-0.41); Spearman -0.43,0.02805227784210927,2.8052277842109272
BOC,inflation,core_cpi_yoy,Core CPI (YoY),ppi_mom,PPI (MoM),Inflation,2,72,0.011573848290947014,-0.022562932092865563,0.011573848290947014,0.022562932092865563,positive,True,0.0,0.0313871979063787,1.0,0.2333205645499416,policy_tightening_positive_but_regime_dependent,weak positive Pearson correlation (0.01); Spearman -0.02; same macro theme; model importance signal 0.03,0.0260849939089655,2.60849939089655
BOC,inflation,core_cpi_yoy,Core CPI (YoY),ivey_pmi_sa,Ivey PMI s.a.,Growth,2,72,0.1831523649088956,0.14755735620774557,0.1831523649088956,0.14755735620774557,positive,False,0.2313669662300276,0.0,1.0,0.22610323463562276,policy_tightening_positive_but_regime_dependent,weak positive Pearson correlation (0.18); Spearman 0.15; PCA loading signal 0.23,0.025278104009581154,2.5278104009581153
BOC,inflation,core_cpi_yoy,Core CPI (YoY),new_motor_vehicle_sales,New Motor Vehicle Sales,Growth,3,75,-0.15751269307707655,-0.1913340262531616,0.15751269307707655,0.1913340262531616,negative,False,0.2015110234135562,0.0,1.0,0.2217925973881954,disinflationary_or_growth_sensitive,weak negative Pearson correlation (-0.16); Spearman -0.19; PCA loading signal 0.20,0.02479617929557321,2.479617929557321
BOC,inflation,core_cpi_yoy,Core CPI (YoY),cfib_business_barometer,CFIB Business Barometer,Sentiment,2,54,0.24217975362572525,0.1095976893991808,0.24217975362572525,0.1095976893991808,positive,False,0.2645266355697165,0.0179836417900188,0.75,0.22024547747440593,policy_tightening_positive_but_regime_dependent,weak positive Pearson correlation (0.24); Spearman 0.11; PCA loading signal 0.26; model importance signal 0.02,0.02462321291515371,2.462321291515371
BOC,inflation,core_cpi_yoy,Core CPI (YoY),gdp_mom,GDP (MoM),Growth,1,70,-0.015568763764922616,-0.28085299049681156,0.015568763764922616,0.28085299049681156,negative,False,0.3029410682734002,0.0,0.9722222222222222,0.21259284174027337,disinflationary_or_growth_sensitive,weak negative Pearson correlation (-0.02); Spearman -0.28; PCA loading signal 0.30,0.023767656282597853,2.3767656282597853
BOC,inflation,core_cpi_yoy,Core CPI (YoY),new_housing_price_index_mom,New Housing Price Index (MoM),Housing,2,65,-0.11058939137973872,-0.15583953234387932,0.11058939137973872,0.15583953234387932,negative,False,0.3142587968528253,0.0,0.9027777777777778,0.21118908509398382,disinflationary_or_growth_sensitive,weak negative Pearson correlation (-0.11); Spearman -0.16; PCA loading signal 0.31,0.023610717764817546,2.3610717764817544
BOC,inflation,core_cpi_yoy,Core CPI (YoY),full_time_employment_change,Full-Time Employment Change,Labor,1,76,0.055507957490800036,-0.1065612669151389,0.055507957490800036,0.1065612669151389,positive,False,0.2939698828103399,0.0,1.0,0.19087921953612896,policy_tightening_positive_but_regime_dependent,weak positive Pearson correlation (0.06); Spearman -0.11; PCA loading signal 0.29,0.0213400961400565,2.13400961400565
BOC,inflation,core_cpi_yoy,Core CPI (YoY),part_time_employment_change,Part-Time Employment Change,Labor,1,76,-0.037579695570399696,-0.125617304597972,0.037579695570399696,0.125617304597972,negative,False,0.2598300173507031,0.0,1.0,0.18316677271384088,disinflationary_or_growth_sensitive,weak negative Pearson correlation (-0.04); Spearman -0.13; PCA loading signal 0.26,0.020477852690703183,2.047785269070318
BOC,inflation,core_cpi_yoy,Core CPI (YoY),employment_change,Employment Change,Labor,1,76,0.02130959964147585,-0.1051933430779741,0.02130959964147585,0.1051933430779741,positive,False,0.3072153942361847,0.0,1.0,0.18273031947055082,policy_tightening_positive_but_regime_dependent,weak positive Pearson correlation (0.02); Spearman -0.11; PCA loading signal 0.31,0.0204290576767929,2.04290576767929
BOC,inflation,core_cpi_yoy,Core CPI (YoY),wholesale_sales_mom,Wholesale Sales (MoM),Growth,2,74,-0.02650387601986815,-0.08319246752474228,0.02650387601986815,0.08319246752474228,negative,False,0.2825079123473913,0.0,1.0,0.17544108053343935,disinflationary_or_growth_sensitive,weak negative Pearson correlation (-0.03); Spearman -0.08; PCA loading signal 0.28,0.019614128424232963,1.9614128424232962
BOC,inflation,core_cpi_yoy,Core CPI (YoY),retail_sales_mom,Retail Sales (MoM),Growth,1,72,-0.047200527959355476,-0.022127241772958932,0.047200527959355476,0.022127241772958932,negative,False,0.2821038372612122,0.0,1.0,0.1693642974494166,disinflationary_or_growth_sensitive,weak negative Pearson correlation (-0.05); Spearman -0.02; PCA loading signal 0.28,0.018934750461820617,1.8934750461820617
BOC,inflation,core_cpi_yoy,Core CPI (YoY),manufacturing_sales_mom,Manufacturing Sales (MoM),Growth,2,74,-0.019996228167764658,-0.04553911176318375,0.019996228167764658,0.04553911176318375,negative,False,0.2961141172266595,0.0,1.0,0.16840723190376486,disinflationary_or_growth_sensitive,weak negative Pearson correlation (-0.02); Spearman -0.05; PCA loading signal 0.30,0.018827751539642616,1.8827751539642616
BOC,inflation,core_cpi_yoy,Core CPI (YoY),vehicle_sales_mom,Vehicle Sales (MoM),Growth,3,20,-0.060570962101843887,-0.08754779315133372,0.060570962101843887,0.08754779315133372,negative,False,0.2022084495327679,0.0,0.2777777777777778,0.0998561459544959,disinflationary_or_growth_sensitive,weak negative Pearson correlation (-0.06); Spearman -0.09; PCA loading signal 0.20,0.011163812174122599,1.1163812174122598
BOC,unemployment,unemployment_rate,Unemployment Rate,cpi_headline_yoy,Headline CPI (YoY),Inflation,1,76,-0.7034072156550026,-0.774756485001441,0.7034072156550026,0.774756485001441,negative,False,0.3886655144833463,0.1197975739411178,1.0,0.5562988418737814,currency_positive,strong negative Pearson correlation (-0.70); Spearman -0.77; PCA loading signal 0.39; model importance signal 0.12,0.0744214952392022,7.442149523920221
BOC,unemployment,unemployment_rate,Unemployment Rate,exports,Exports,Trade,2,75,-0.7875321295728707,-0.5999147980996693,0.7875321295728707,0.5999147980996693,negative,False,0.2886449814289138,0.2052364482131246,1.0,0.5430888913452308,currency_positive,strong negative Pearson correlation (-0.79); Spearman -0.60; PCA loading signal 0.29; model importance signal 0.21,0.07265427194774389,7.265427194774389
BOC,unemployment,unemployment_rate,Unemployment Rate,budget_balance,Budget Balance,Growth,3,73,-0.6927581555027283,-0.5917427504474639,0.6927581555027283,0.5917427504474639,negative,False,0.2516379907446192,0.0409054449991145,1.0,0.47842476072419227,currency_positive,moderate negative Pearson correlation (-0.69); Spearman -0.59; PCA loading signal 0.25; model importance signal 0.04,0.06400352359645999,6.400352359645998
BOC,unemployment,unemployment_rate,Unemployment Rate,imports,Imports,Trade,2,75,-0.7133939299456565,-0.31092597873289934,0.7133939299456565,0.31092597873289934,negative,False,0.3276857085120525,0.0,1.0,0.4351868022624463,currency_positive,strong negative Pearson correlation (-0.71); Spearman -0.31; PCA loading signal 0.33,0.058219162246767035,5.821916224676704
BOC,unemployment,unemployment_rate,Unemployment Rate,balance_of_trade,Balance of Trade,Trade,2,75,-0.35634718013785976,-0.4535218136116389,0.35634718013785976,0.4535218136116389,negative,False,0.2338486366816714,0.0462326768843582,1.0,0.3475608264367275,currency_positive,weak negative Pearson correlation (-0.36); Spearman -0.45; PCA loading signal 0.23; model importance signal 0.05,0.046496585006126676,4.649658500612667
BOC,unemployment,unemployment_rate,Unemployment Rate,full_time_employment_change,Full-Time Employment Change,Labor,1,76,-0.1714013753085362,0.09004772245957475,0.1714013753085362,0.09004772245957475,negative,True,0.2939698828103399,0.0225036390892496,1.0,0.3461701546355094,currency_positive,weak negative Pearson correlation (-0.17); Spearman 0.09; same macro theme; PCA loading signal 0.29; model importance signal 0.02,0.046310541342104224,4.631054134210422
BOC,unemployment,unemployment_rate,Unemployment Rate,manufacturing_pmi,Manufacturing PMI,Growth,2,49,-0.4106409510171976,-0.39871672851492407,0.4106409510171976,0.39871672851492407,negative,False,0.3679183096955488,0.0083259051801587,0.6805555555555556,0.33863188618952544,currency_positive,moderate negative Pearson correlation (-0.41); Spearman -0.40; PCA loading signal 0.37; model importance signal 0.01,0.04530207400937533,4.530207400937533
BOC,unemployment,unemployment_rate,Unemployment Rate,employment_change,Employment Change,Labor,1,76,-0.10896369932250413,0.10248555557243808,0.10896369932250413,0.10248555557243808,negative,True,0.3072153942361847,0.0,1.0,0.32848499187375213,currency_positive,weak negative Pearson correlation (-0.11); Spearman 0.10; same macro theme; PCA loading signal 0.31,0.0439446254760107,4.39446254760107
BOC,unemployment,unemployment_rate,Unemployment Rate,new_housing_price_index_mom,New Housing Price Index (MoM),Housing,2,65,0.2729555439967595,0.3063315976784963,0.2729555439967595,0.3063315976784963,positive,False,0.3142587968528253,0.0260067021236111,0.9027777777777778,0.29441848330702736,currency_negative,weak positive Pearson correlation (0.27); Spearman 0.31; PCA loading signal 0.31; model importance signal 0.03,0.039387217992336694,3.9387217992336696
BOC,unemployment,unemployment_rate,Unemployment Rate,part_time_employment_change,Part-Time Employment Change,Labor,1,76,0.013804977620865294,0.02538895169375772,0.013804977620865294,0.02538895169375772,positive,True,0.2598300173507031,0.0096992258655942,1.0,0.2776375551452887,currency_negative,weak positive Pearson correlation (0.01); Spearman 0.03; same macro theme; PCA loading signal 0.26; model importance signal 0.01,0.03714227036474199,3.714227036474199
BOC,unemployment,unemployment_rate,Unemployment Rate,raw_materials_prices_mom,Raw Materials Prices (MoM),Inflation,3,74,0.22646952955492142,0.29732163117217214,0.22646952955492142,0.29732163117217214,positive,False,0.217349393707546,0.0,1.0,0.2665280759682691,currency_negative,weak positive Pearson correlation (0.23); Spearman 0.30; PCA loading signal 0.22,0.03565604751211529,3.565604751211529
BOC,unemployment,unemployment_rate,Unemployment Rate,vehicle_sales_mom,Vehicle Sales (MoM),Growth,3,20,0.3783193241070126,0.36932181114456764,0.3783193241070126,0.36932181114456764,positive,False,0.2022084495327679,0.0,0.2777777777777778,0.2515354581546933,currency_negative,weak positive Pearson correlation (0.38); Spearman 0.37; PCA loading signal 0.20,0.03365033951625115,3.3650339516251146
BOC,unemployment,unemployment_rate,Unemployment Rate,ppi_yoy,PPI (YoY),Inflation,2,75,-0.24267606166436545,-0.06963018820200761,0.24267606166436545,0.06963018820200761,negative,False,0.2850960545906697,0.0097158790148307,1.0,0.23969784539855293,currency_positive,weak negative Pearson correlation (-0.24); Spearman -0.07; PCA loading signal 0.29; model importance signal 0.01,0.032066707167840644,3.2066707167840645
BOC,unemployment,unemployment_rate,Unemployment Rate,core_cpi_mom,Core CPI (MoM),Inflation,2,45,-0.23569480294869272,-0.2281717311763875,0.23569480294869272,0.2281717311763875,negative,False,0.3347891241472648,0.0,0.625,0.239104829466393,currency_positive,weak negative Pearson correlation (-0.24); Spearman -0.23; PCA loading signal 0.33,0.03198737367107592,3.198737367107592
BOC,unemployment,unemployment_rate,Unemployment Rate,cpi_headline_mom,Headline CPI (MoM),Inflation,2,72,-0.19611153806028211,-0.18103230383884164,0.19611153806028211,0.18103230383884164,negative,False,0.1987183854875247,0.0232925523457318,1.0,0.23476896547238182,currency_positive,weak negative Pearson correlation (-0.20); Spearman -0.18; PCA loading signal 0.20; model importance signal 0.02,0.031407323062843044,3.1407323062843044
BOC,unemployment,unemployment_rate,Unemployment Rate,raw_materials_prices_yoy,Raw Materials Prices (YoY),Inflation,3,75,-0.25000576275306025,-0.055780630941104296,0.25000576275306025,0.055780630941104296,negative,False,0.2611480041221345,0.0,1.0,0.23316449575612316,currency_positive,weak negative Pearson correlation (-0.25); Spearman -0.06; PCA loading signal 0.26,0.03119267757670867,3.1192677576708667
BOC,unemployment,unemployment_rate,Unemployment Rate,cfib_business_barometer,CFIB Business Barometer,Sentiment,2,54,-0.2294883677184152,-0.14645911515363194,0.2294883677184152,0.14645911515363194,negative,False,0.2645266355697165,0.0208613148017081,0.75,0.22429955126509027,currency_positive,weak negative Pearson correlation (-0.23); Spearman -0.15; PCA loading signal 0.26; model importance signal 0.02,0.030006727913371268,3.0006727913371267
BOC,unemployment,unemployment_rate,Unemployment Rate,ivey_pmi_sa,Ivey PMI s.a.,Growth,2,72,-0.19539947098348107,-0.04662934551344527,0.19539947098348107,0.04662934551344527,negative,False,0.2313669662300276,0.0329325547039067,1.0,0.21519029861880248,currency_positive,weak negative Pearson correlation (-0.20); Spearman -0.05; PCA loading signal 0.23; model importance signal 0.03,0.028788094776971158,2.8788094776971156
BOC,unemployment,unemployment_rate,Unemployment Rate,retail_sales_yoy,Retail Sales (YoY),Growth,2,73,-0.24945526042373406,-0.025626185099183983,0.24945526042373406,0.025626185099183983,negative,False,0.1666807823077939,0.0173815273100162,1.0,0.2129192156050627,currency_positive,weak negative Pearson correlation (-0.25); Spearman -0.03; PCA loading signal 0.17; model importance signal 0.02,0.028484269960213374,2.8484269960213373
BOC,unemployment,unemployment_rate,Unemployment Rate,new_motor_vehicle_sales,New Motor Vehicle Sales,Growth,3,75,-0.11316537637867315,0.17745432120321325,0.11316537637867315,0.17745432120321325,negative,False,0.2015110234135562,0.0,1.0,0.2057124613686847,currency_positive,weak negative Pearson correlation (-0.11); Spearman 0.18; PCA loading signal 0.20,0.027520152500816623,2.752015250081662
BOC,unemployment,unemployment_rate,Unemployment Rate,gdp_mom,GDP (MoM),Growth,1,70,0.008776210346096205,0.16769105653292873,0.008776210346096205,0.16769105653292873,positive,False,0.3029410682734002,0.0,0.9722222222222222,0.18792268892184888,currency_negative,weak positive Pearson correlation (0.01); Spearman 0.17; PCA loading signal 0.30,0.02514024198186021,2.514024198186021
BOC,unemployment,unemployment_rate,Unemployment Rate,retail_sales_mom,Retail Sales (MoM),Growth,1,72,0.11491470737485648,-0.008631031973823007,0.11491470737485648,0.008631031973823007,positive,False,0.2821038372612122,0.0,1.0,0.18697930931423973,currency_negative,weak positive Pearson correlation (0.11); Spearman -0.01; PCA loading signal 0.28,0.025014036935773892,2.501403693577389
BOC,unemployment,unemployment_rate,Unemployment Rate,wholesale_sales_mom,Wholesale Sales (MoM),Growth,2,74,0.03367851669309309,0.08489796762715211,0.03367851669309309,0.08489796762715211,positive,False,0.2825079123473913,0.0,1.0,0.17793457275588878,currency_negative,weak positive Pearson correlation (0.03); Spearman 0.08; PCA loading signal 0.28,0.02380403474261837,2.380403474261837
BOC,unemployment,unemployment_rate,Unemployment Rate,manufacturing_sales_mom,Manufacturing Sales (MoM),Growth,2,74,0.037931126739276254,0.058687474597148806,0.037931126739276254,0.058687474597148806,positive,False,0.2961141172266595,0.0,1.0,0.17641737404201135,currency_negative,weak positive Pearson correlation (0.04); Spearman 0.06; PCA loading signal 0.30,0.02360106434548177,2.360106434548177
BOC,unemployment,unemployment_rate,Unemployment Rate,new_housing_price_index_yoy,New Housing Price Index (YoY),Housing,2,63,0.005078167162525007,0.16259947629629612,0.005078167162525007,0.16259947629629612,positive,False,0.2951192593948749,0.0,0.875,0.17466481209909424,currency_negative,weak positive Pearson correlation (0.01); Spearman 0.16; PCA loading signal 0.30,0.023366607124877297,2.33666071248773
BOC,unemployment,unemployment_rate,Unemployment Rate,ppi_mom,PPI (MoM),Inflation,2,72,0.03942153001428009,0.18673970837025697,0.03942153001428009,0.18673970837025697,positive,False,0.0,0.0,1.0,0.14917440067833543,currency_negative,weak positive Pearson correlation (0.04); Spearman 0.19,0.019956507391781456,1.9956507391781457
BOC,unemployment,unemployment_rate,Unemployment Rate,composite_pmi,Composite PMI,Growth,2,29,0.07923742187547858,0.07173899693040213,0.07923742187547858,0.07173899693040213,positive,False,0.0,0.0,0.4027777777777778,0.07839680372650179,currency_negative,weak positive Pearson correlation (0.08); Spearman 0.07,0.010487901315142933,1.0487901315142933
BOC,unemployment,unemployment_rate,Unemployment Rate,services_pmi,Services PMI,Growth,2,30,0.07626710292640175,0.05057096333858443,0.07626710292640175,0.05057096333858443,positive,False,0.0,0.0,0.4166666666666667,0.07466099021230407,currency_negative,weak positive Pearson correlation (0.08); Spearman 0.05,0.009988125283388235,0.9988125283388235
BOE,gdp_growth,gdp_yoy,GDP (YoY),industrial_production_yoy,Industrial Production (YoY),Growth,2,73,0.9296197876439971,0.732025230576658,0.9296197876439971,0.732025230576658,positive,True,0.3013040413071897,0.0310861648242111,1.0,0.7048103578639409,currency_positive,strong positive Pearson correlation (0.93); Spearman 0.73; same macro theme; PCA loading signal 0.30; model importance signal 0.03,0.054691355291827275,5.4691355291827275
BOE,gdp_growth,gdp_yoy,GDP (YoY),retail_sales_yoy,Retail Sales (YoY),Growth,1,70,0.7104520019745209,0.3071446439011734,0.7104520019745209,0.3071446439011734,positive,True,0.3404996048231921,0.0,0.9722222222222222,0.5530766804629877,currency_positive,strong positive Pearson correlation (0.71); Spearman 0.31; same macro theme; PCA loading signal 0.34,0.042917237094102084,4.291723709410208
BOE,gdp_growth,gdp_yoy,GDP (YoY),retail_sales_ex_fuel_yoy,Retail Sales Ex Fuel (YoY),Growth,2,72,0.5822857269186311,0.15026205471628065,0.5822857269186311,0.15026205471628065,positive,True,0.3326698618140483,0.0563122819354505,1.0,0.49419179207440067,currency_positive,moderate positive Pearson correlation (0.58); Spearman 0.15; same macro theme; PCA loading signal 0.33; model importance signal 0.06,0.03834793087400038,3.834793087400038
BOE,gdp_growth,gdp_yoy,GDP (YoY),cbi_industrial_trends_orders,CBI Industrial Trends Orders,Sentiment,3,71,0.6903285200199983,0.646181869615443,0.6903285200199983,0.646181869615443,positive,False,0.2788656517782382,0.0370471603718112,0.9861111111111112,0.49143987562349,currency_positive,moderate positive Pearson correlation (0.69); Spearman 0.65; PCA loading signal 0.28; model importance signal 0.04,0.038134389687111026,3.8134389687111026
BOE,gdp_growth,gdp_yoy,GDP (YoY),niesr_monthly_gdp_tracker,NIESR Monthly GDP Tracker,Growth,2,61,0.4522897824343422,0.32991435655753254,0.4522897824343422,0.32991435655753254,positive,True,0.2647667030528812,0.0388972331470881,0.8472222222222222,0.460662564448555,currency_positive,moderate positive Pearson correlation (0.45); Spearman 0.33; same macro theme; PCA loading signal 0.26; model importance signal 0.04,0.03574615455178057,3.5746154551780567
BOE,gdp_growth,gdp_yoy,GDP (YoY),claimant_count_change,Claimant Count Change,Labor,2,72,-0.6458550707976026,-0.5419609717922925,0.6458550707976026,0.5419609717922925,negative,False,0.2600240832323665,0.038495851272802,1.0,0.45549734529594155,currency_negative,moderate negative Pearson correlation (-0.65); Spearman -0.54; PCA loading signal 0.26; model importance signal 0.04,0.03534534767843682,3.534534767843682
BOE,gdp_growth,gdp_yoy,GDP (YoY),avg_earnings_incl_bonus,Average Earnings (incl. Bonus),Labor,2,72,0.6437238618639082,0.3958894081313417,0.6437238618639082,0.3958894081313417,positive,False,0.2454055105116915,0.2288743085661755,1.0,0.4553766645337951,currency_positive,moderate positive Pearson correlation (0.64); Spearman 0.40; PCA loading signal 0.25; model importance signal 0.23,0.0353359831814969,3.53359831814969
BOE,gdp_growth,gdp_yoy,GDP (YoY),ppi_input_yoy,PPI Input (YoY),Inflation,3,64,0.5434789361674806,0.6807604631198756,0.5434789361674806,0.6807604631198756,positive,False,0.2980000646450012,0.0388041956900148,0.8888888888888888,0.4483213872665109,currency_positive,moderate positive Pearson correlation (0.54); Spearman 0.68; PCA loading signal 0.30; model importance signal 0.04,0.0347885129699682,3.4788512969968197
BOE,gdp_growth,gdp_yoy,GDP (YoY),public_sector_net_borrowing,Public Sector Net Borrowing,Growth,3,67,0.3144466165688308,0.21667987024756957,0.3144466165688308,0.21667987024756957,positive,True,0.2068990089525154,0.0398225987537489,0.9305555555555556,0.39473717797530883,currency_positive,weak positive Pearson correlation (0.31); Spearman 0.22; same macro theme; PCA loading signal 0.21; model importance signal 0.04,0.03063052494428357,3.0630524944283573
BOE,gdp_growth,gdp_yoy,GDP (YoY),ppi_output_yoy,PPI Output (YoY),Inflation,3,64,0.3774895275371761,0.6755397876974816,0.3774895275371761,0.6755397876974816,positive,False,0.2812314370314687,0.0,0.8888888888888888,0.3878653633552024,currency_positive,weak positive Pearson correlation (0.38); Spearman 0.68; PCA loading signal 0.28,0.03009729093219153,3.009729093219153
BOE,gdp_growth,gdp_yoy,GDP (YoY),gdp_qoq,GDP (QoQ),Growth,1,22,0.4193260163045744,0.31844568143007057,0.4193260163045744,0.31844568143007057,positive,True,0.2542771630481861,0.0,0.3055555555555556,0.3858123860816155,currency_positive,moderate positive Pearson correlation (0.42); Spearman 0.32; same macro theme; PCA loading signal 0.25,0.02993798551304861,2.9937985513048613
BOE,gdp_growth,gdp_yoy,GDP (YoY),services_pmi,Services PMI,Growth,1,26,-0.447357802213073,-0.4244163018462833,0.447357802213073,0.4244163018462833,negative,True,0.0,0.0,0.3611111111111111,0.37520171214428966,currency_negative,moderate negative Pearson correlation (-0.45); Spearman -0.42; same macro theme,0.02911462624808156,2.911462624808156
BOE,gdp_growth,gdp_yoy,GDP (YoY),avg_earnings_excl_bonus,Average Earnings (excl. Bonus),Labor,1,71,0.5610755479881651,0.2575919563778178,0.5610755479881651,0.2575919563778178,positive,False,0.2915968584737229,0.0,0.9861111111111112,0.3709396013083943,currency_positive,moderate positive Pearson correlation (0.56); Spearman 0.26; PCA loading signal 0.29,0.028783898109060513,2.878389810906051
BOE,gdp_growth,gdp_yoy,GDP (YoY),ppi_core_output_mom,PPI Core Output (MoM),Inflation,3,52,0.3639450331166726,0.7001263997169885,0.3639450331166726,0.7001263997169885,positive,False,0.2382455068684382,0.0,0.7222222222222222,0.3643152033369406,currency_positive,weak positive Pearson correlation (0.36); Spearman 0.70; PCA loading signal 0.24,0.028269862951930808,2.826986295193081
BOE,gdp_growth,gdp_yoy,GDP (YoY),composite_pmi,Composite PMI,Growth,2,26,-0.3863509024217582,-0.437778381264018,0.3863509024217582,0.437778381264018,negative,True,0.0,0.0050139778457751,0.3611111111111111,0.36042443432422394,currency_negative,weak negative Pearson correlation (-0.39); Spearman -0.44; same macro theme; model importance signal 0.01,0.02796794992233541,2.796794992233541
BOE,gdp_growth,gdp_yoy,GDP (YoY),nationwide_hpi_yoy,Nationwide House Prices (YoY),Housing,3,72,0.3600843328593572,0.5650068723659953,0.3600843328593572,0.5650068723659953,positive,False,0.2063446907602015,0.0,1.0,0.3581687186678425,currency_positive,weak positive Pearson correlation (0.36); Spearman 0.57; PCA loading signal 0.21,0.02779291255941358,2.779291255941358
BOE,gdp_growth,gdp_yoy,GDP (YoY),gdp_mom,GDP (MoM),Growth,1,66,0.24686305690996863,0.1112479783353125,0.24686305690996863,0.1112479783353125,positive,True,0.216104704270708,0.0213633163340726,0.9166666666666666,0.3505057899522395,currency_positive,weak positive Pearson correlation (0.25); Spearman 0.11; same macro theme; PCA loading signal 0.22; model importance signal 0.02,0.027198290258130812,2.7198290258130813
BOE,gdp_growth,gdp_yoy,GDP (YoY),ppi_core_output_yoy,PPI Core Output (YoY),Inflation,3,63,0.2901503713280854,0.6193852266275119,0.2901503713280854,0.6193852266275119,positive,False,0.2791065365445043,0.0,0.875,0.34866133330193877,currency_positive,weak positive Pearson correlation (0.29); Spearman 0.62; PCA loading signal 0.28,0.027055165468807773,2.7055165468807774
BOE,gdp_growth,gdp_yoy,GDP (YoY),consumer_confidence,Consumer Confidence,Sentiment,3,71,0.36799085453770375,0.37929443468839275,0.36799085453770375,0.37929443468839275,positive,False,0.2538327099793193,0.0196786996751678,0.9861111111111112,0.3339025211511568,currency_positive,weak positive Pearson correlation (0.37); Spearman 0.38; PCA loading signal 0.25; model importance signal 0.02,0.0259099220284729,2.59099220284729
BOE,gdp_growth,gdp_yoy,GDP (YoY),house_price_index_yoy,House Price Index (YoY),Housing,3,70,0.29443161772565,0.49243785366867043,0.29443161772565,0.49243785366867043,positive,False,0.2558106461273045,0.0,0.9722222222222222,0.33008519457656615,currency_positive,weak positive Pearson correlation (0.29); Spearman 0.49; PCA loading signal 0.26,0.025613707931125346,2.5613707931125345
BOE,gdp_growth,gdp_yoy,GDP (YoY),retail_price_index_yoy,Retail Price Index (YoY),Inflation,3,72,0.27248058068436,0.3906052268516822,0.27248058068436,0.3906052268516822,positive,False,0.2535130341110903,0.0,1.0,0.3054975657156407,currency_positive,weak positive Pearson correlation (0.27); Spearman 0.39; PCA loading signal 0.25,0.0237057752073613,2.37057752073613
BOE,gdp_growth,gdp_yoy,GDP (YoY),employment_change,Employment Change,Labor,2,72,0.4170247281180664,0.39662196597277977,0.4170247281180664,0.39662196597277977,positive,False,0.0,0.0,1.0,0.3044318116299759,currency_positive,moderate positive Pearson correlation (0.42); Spearman 0.40,0.023623075606394227,2.362307560639423
BOE,gdp_growth,gdp_yoy,GDP (YoY),retail_price_index_mom,Retail Price Index (MoM),Inflation,3,69,0.2972012564362321,0.4030973342608625,0.2972012564362321,0.4030973342608625,positive,False,0.2117028743733909,0.0,0.9583333333333334,0.3037196945035858,currency_positive,weak positive Pearson correlation (0.30); Spearman 0.40; PCA loading signal 0.21,0.023567817265857303,2.3567817265857305
BOE,gdp_growth,gdp_yoy,GDP (YoY),cpi_headline_mom,Headline CPI (MoM),Inflation,2,64,0.2925336765656258,0.43527159013560285,0.2925336765656258,0.43527159013560285,positive,False,0.2016623350347221,0.0,0.8888888888888888,0.3000025301919472,currency_positive,weak positive Pearson correlation (0.29); Spearman 0.44; PCA loading signal 0.20,0.023279375486054216,2.3279375486054215
BOE,gdp_growth,gdp_yoy,GDP (YoY),retail_sales_ex_fuel_mom,Retail Sales Ex Fuel (MoM),Growth,2,72,0.06786373265993602,-0.08489450666455761,0.06786373265993602,0.08489450666455761,positive,True,0.1733677293344962,0.0603916013723893,1.0,0.2988107846444078,currency_positive,weak positive Pearson correlation (0.07); Spearman -0.08; same macro theme; PCA loading signal 0.17; model importance signal 0.06,0.02318689929237927,2.318689929237927
BOE,gdp_growth,gdp_yoy,GDP (YoY),ppi_output_mom,PPI Output (MoM),Inflation,3,54,0.34308971009734,0.5927645740163661,0.34308971009734,0.5927645740163661,positive,False,0.0,0.0,0.75,0.29647982783247523,currency_positive,weak positive Pearson correlation (0.34); Spearman 0.59,0.023006023421658996,2.3006023421658996
BOE,gdp_growth,gdp_yoy,GDP (YoY),cpi_headline_yoy,Headline CPI (YoY),Inflation,1,72,0.2542449857675188,0.354538866976625,0.2542449857675188,0.354538866976625,positive,False,0.2486118719189385,0.0,1.0,0.29193140607098955,currency_positive,weak positive Pearson correlation (0.25); Spearman 0.35; PCA loading signal 0.25,0.022653078338206473,2.265307833820647
BOE,gdp_growth,gdp_yoy,GDP (YoY),retail_sales_mom,Retail Sales (MoM),Growth,1,70,0.08624371098892729,-0.061148501072101354,0.08624371098892729,0.061148501072101354,positive,True,0.1735213017312006,0.0,0.9722222222222222,0.2865588700449368,currency_positive,weak positive Pearson correlation (0.09); Spearman -0.06; same macro theme; PCA loading signal 0.17,0.022236184242737298,2.22361842427373
BOE,gdp_growth,gdp_yoy,GDP (YoY),cbi_business_optimism,CBI Business Optimism Index,Sentiment,3,22,0.6387529913635339,0.10771844417483498,0.6387529913635339,0.10771844417483498,positive,False,0.176866111848199,0.0611067233187198,0.3055555555555556,0.2859491848964409,currency_positive,moderate positive Pearson correlation (0.64); Spearman 0.11; PCA loading signal 0.18; model importance signal 0.06,0.022188874343414027,2.218887434341403
BOE,gdp_growth,gdp_yoy,GDP (YoY),hmrc_payrolls_change,HMRC Payrolls Change,Labor,2,37,-0.32304981998335397,-0.34700382737034113,0.32304981998335397,0.34700382737034113,negative,False,0.3342432743865316,0.0,0.5138888888888888,0.27786838974753897,currency_negative,weak negative Pearson correlation (-0.32); Spearman -0.35; PCA loading signal 0.33,0.021561826750259354,2.1561826750259354
BOE,gdp_growth,gdp_yoy,GDP (YoY),ppi_input_mom,PPI Input (MoM),Inflation,3,62,0.2925892865649821,0.3406895695137882,0.2925892865649821,0.3406895695137882,positive,False,0.1596193014817409,0.0,0.8611111111111112,0.27075728525007675,currency_positive,weak positive Pearson correlation (0.29); Spearman 0.34; PCA loading signal 0.16,0.021010024498421428,2.101002449842143
BOE,gdp_growth,gdp_yoy,GDP (YoY),core_cpi_yoy,Core CPI (YoY),Inflation,1,72,0.2551388278507315,0.2271775376922084,0.2551388278507315,0.2271775376922084,positive,False,0.2420081755740031,0.0,1.0,0.26553862749698165,currency_positive,weak positive Pearson correlation (0.26); Spearman 0.23; PCA loading signal 0.24,0.020605070935897207,2.0605070935897207
BOE,gdp_growth,gdp_yoy,GDP (YoY),core_cpi_mom,Core CPI (MoM),Inflation,2,66,0.23705041045231848,0.33282082794839424,0.23705041045231848,0.33282082794839424,positive,False,0.0,0.0,0.9166666666666666,0.22934595539204106,currency_positive,weak positive Pearson correlation (0.24); Spearman 0.33,0.0177966186097269,1.7796618609726902
BOE,gdp_growth,gdp_yoy,GDP (YoY),manufacturing_pmi,Manufacturing PMI,Growth,2,26,-0.08720290229384788,-0.2293580341406037,0.08720290229384788,0.2293580341406037,negative,True,0.0,0.0029357083835841,0.3611111111111111,0.22864265905259554,currency_negative,weak negative Pearson correlation (-0.09); Spearman -0.23; same macro theme; model importance signal 0.00,0.017742044738121736,1.7742044738121736
BOE,gdp_growth,gdp_yoy,GDP (YoY),house_price_index_mom,House Price Index (MoM),Housing,3,66,0.1710887948061369,0.19673462024797084,0.1710887948061369,0.19673462024797084,positive,False,0.2192923964610399,0.0,0.9166666666666666,0.2218128605210891,currency_positive,weak positive Pearson correlation (0.17); Spearman 0.20; PCA loading signal 0.22,0.017212071059542047,1.7212071059542047
BOE,gdp_growth,gdp_yoy,GDP (YoY),unemployment_rate,Unemployment Rate,Labor,1,73,0.04408576400118716,-0.04132219826264771,0.04408576400118716,0.04132219826264771,positive,False,0.2018655449434155,0.0,1.0,0.15782596694270049,currency_positive,weak positive Pearson correlation (0.04); Spearman -0.04; PCA loading signal 0.20,0.012246863196646886,1.2246863196646887
BOE,gdp_growth,gdp_yoy,GDP (YoY),core_rpi_mom,Core RPI (MoM),Inflation,3,21,0.07305660947067318,-0.018874209435562596,0.07305660947067318,0.018874209435562596,positive,False,0.2096635849527767,0.0,0.2916666666666667,0.09259793668648095,currency_positive,weak positive Pearson correlation (0.07); Spearman -0.02; PCA loading signal 0.21,0.00718534652350851,0.718534652350851
BOE,gdp_growth,gdp_yoy,GDP (YoY),core_rpi_yoy,Core RPI (YoY),Inflation,3,23,-0.04430112882183203,0.0002504527896469292,0.04430112882183203,0.0002504527896469292,negative,False,0.0,0.0,0.3194444444444444,0.04528487364892343,currency_negative,weak negative Pearson correlation (-0.04); Spearman 0.00,0.0035139822882070747,0.3513982288207075
BOE,inflation,core_cpi_yoy,Core CPI (YoY),retail_price_index_yoy,Retail Price Index (YoY),Inflation,3,76,0.9021028023622285,0.9084988721593643,0.9021028023622285,0.9084988721593643,positive,True,0.2535130341110903,0.0443457622552597,1.0,0.7255017408639317,policy_tightening_positive_but_regime_dependent,strong positive Pearson correlation (0.90); Spearman 0.91; same macro theme; PCA loading signal 0.25; model importance signal 0.04,0.060794869478766875,6.0794869478766875
BOE,inflation,core_cpi_yoy,Core CPI (YoY),cpi_headline_yoy,Headline CPI (YoY),Inflation,1,76,0.9122671361276945,0.9268714555826572,0.9122671361276945,0.9268714555826572,positive,True,0.2486118719189385,0.0,1.0,0.7238045689002487,policy_tightening_positive_but_regime_dependent,strong positive Pearson correlation (0.91); Spearman 0.93; same macro theme; PCA loading signal 0.25,0.06065265155949315,6.065265155949315
BOE,inflation,core_cpi_yoy,Core CPI (YoY),ppi_core_output_yoy,PPI Core Output (YoY),Inflation,3,67,0.5967699941905834,0.4816014408463229,0.5967699941905834,0.4816014408463229,positive,True,0.2791065365445043,0.0288847236556679,0.9305555555555556,0.5435564215814694,policy_tightening_positive_but_regime_dependent,moderate positive Pearson correlation (0.60); Spearman 0.48; same macro theme; PCA loading signal 0.28; model importance signal 0.03,0.045548397533878154,4.5548397533878155
BOE,inflation,core_cpi_yoy,Core CPI (YoY),ppi_output_yoy,PPI Output (YoY),Inflation,3,68,0.5566419346689477,0.4700369479074266,0.5566419346689477,0.4700369479074266,positive,True,0.2812314370314687,0.0,0.9444444444444444,0.5260660730922785,policy_tightening_positive_but_regime_dependent,moderate positive Pearson correlation (0.56); Spearman 0.47; same macro theme; PCA loading signal 0.28,0.044082758799128464,4.408275879912846
BOE,inflation,core_cpi_yoy,Core CPI (YoY),avg_earnings_excl_bonus,Average Earnings (excl. Bonus),Labor,1,73,0.6361674096983327,0.6054683087869073,0.6361674096983327,0.6054683087869073,positive,False,0.2915968584737229,0.0250916912504188,1.0,0.46869690670472264,policy_tightening_positive_but_regime_dependent,moderate positive Pearson correlation (0.64); Spearman 0.61; PCA loading signal 0.29; model importance signal 0.03,0.039275394755475194,3.9275394755475195
BOE,inflation,core_cpi_yoy,Core CPI (YoY),ppi_input_yoy,PPI Input (YoY),Inflation,3,68,0.44153461046636433,0.3205923791818003,0.44153461046636433,0.3205923791818003,positive,True,0.2980000646450012,0.0,0.9444444444444444,0.464663315056814,policy_tightening_positive_but_regime_dependent,moderate positive Pearson correlation (0.44); Spearman 0.32; same macro theme; PCA loading signal 0.30,0.03893739187560169,3.8937391875601692
BOE,inflation,core_cpi_yoy,Core CPI (YoY),avg_earnings_incl_bonus,Average Earnings (incl. Bonus),Labor,2,74,0.6157718559452755,0.6504998188030484,0.6157718559452755,0.6504998188030484,positive,False,0.2454055105116915,0.0,1.0,0.4590045124362968,policy_tightening_positive_but_regime_dependent,moderate positive Pearson correlation (0.62); Spearman 0.65; PCA loading signal 0.25,0.038463201191633406,3.8463201191633405
BOE,inflation,core_cpi_yoy,Core CPI (YoY),retail_price_index_mom,Retail Price Index (MoM),Inflation,3,72,0.3571496452302788,0.414004881685336,0.3571496452302788,0.414004881685336,positive,True,0.2117028743733909,0.0143080902275038,1.0,0.45048476263203685,policy_tightening_positive_but_regime_dependent,weak positive Pearson correlation (0.36); Spearman 0.41; same macro theme; PCA loading signal 0.21; model importance signal 0.01,0.0377492717161163,3.7749271716116297
BOE,inflation,core_cpi_yoy,Core CPI (YoY),cpi_headline_mom,Headline CPI (MoM),Inflation,2,68,0.3518128047708854,0.35077257983349697,0.3518128047708854,0.35077257983349697,positive,True,0.2016623350347221,0.0,0.9444444444444444,0.42644202214865945,policy_tightening_positive_but_regime_dependent,weak positive Pearson correlation (0.35); Spearman 0.35; same macro theme; PCA loading signal 0.20,0.0357345621885303,3.57345621885303
BOE,inflation,core_cpi_yoy,Core CPI (YoY),unemployment_rate,Unemployment Rate,Labor,1,75,-0.5562877493524584,-0.5778378457161722,0.5562877493524584,0.5778378457161722,negative,False,0.2018655449434155,0.018196606544774,1.0,0.4218831151513983,disinflationary_or_growth_sensitive,moderate negative Pearson correlation (-0.56); Spearman -0.58; PCA loading signal 0.20; model importance signal 0.02,0.03535253945825499,3.5352539458254992
BOE,inflation,core_cpi_yoy,Core CPI (YoY),retail_sales_ex_fuel_yoy,Retail Sales Ex Fuel (YoY),Growth,2,75,-0.40070406808702436,-0.5327138815528087,0.40070406808702436,0.5327138815528087,negative,False,0.3326698618140483,0.0309422763206552,1.0,0.3918947588377091,disinflationary_or_growth_sensitive,moderate negative Pearson correlation (-0.40); Spearman -0.53; PCA loading signal 0.33; model importance signal 0.03,0.032839605160120175,3.2839605160120175
BOE,inflation,core_cpi_yoy,Core CPI (YoY),consumer_confidence,Consumer Confidence,Sentiment,3,75,-0.49500752522793456,-0.4231811393062578,0.49500752522793456,0.4231811393062578,negative,False,0.2538327099793193,0.0263485431550341,1.0,0.3833076255622653,disinflationary_or_growth_sensitive,moderate negative Pearson correlation (-0.50); Spearman -0.42; PCA loading signal 0.25; model importance signal 0.03,0.03212002915185903,3.2120029151859026
BOE,inflation,core_cpi_yoy,Core CPI (YoY),core_cpi_mom,Core CPI (MoM),Inflation,2,70,0.28724019099435344,0.34641261484081537,0.28724019099435344,0.34641261484081537,positive,True,0.0,0.0133585925330499,0.9722222222222222,0.3749477632193098,policy_tightening_positive_but_regime_dependent,weak positive Pearson correlation (0.29); Spearman 0.35; same macro theme; model importance signal 0.01,0.0314194977659588,3.14194977659588
BOE,inflation,core_cpi_yoy,Core CPI (YoY),cbi_industrial_trends_orders,CBI Industrial Trends Orders,Sentiment,3,75,0.38814599482864975,0.4780358374118994,0.38814599482864975,0.4780358374118994,positive,False,0.2788656517782382,0.0322795136539654,1.0,0.3677343005722319,policy_tightening_positive_but_regime_dependent,weak positive Pearson correlation (0.39); Spearman 0.48; PCA loading signal 0.28; model importance signal 0.03,0.0308150312355314,3.08150312355314
BOE,inflation,core_cpi_yoy,Core CPI (YoY),ppi_core_output_mom,PPI Core Output (MoM),Inflation,3,55,0.2441476833460739,0.14866355203567472,0.2441476833460739,0.14866355203567472,positive,True,0.2382455068684382,0.0166023797671682,0.7638888888888888,0.34507250009658347,policy_tightening_positive_but_regime_dependent,weak positive Pearson correlation (0.24); Spearman 0.15; same macro theme; PCA loading signal 0.24; model importance signal 0.02,0.02891604033796263,2.891604033796263
BOE,inflation,core_cpi_yoy,Core CPI (YoY),retail_sales_yoy,Retail Sales (YoY),Growth,1,73,-0.29885256320341247,-0.45849915952571696,0.29885256320341247,0.45849915952571696,negative,False,0.3404996048231921,0.0,1.0,0.3426455297343417,disinflationary_or_growth_sensitive,weak negative Pearson correlation (-0.30); Spearman -0.46; PCA loading signal 0.34,0.028712667502184697,2.87126675021847
BOE,inflation,core_cpi_yoy,Core CPI (YoY),hmrc_payrolls_change,HMRC Payrolls Change,Labor,2,41,0.4047537398730302,0.4011028712458032,0.4047537398730302,0.4011028712458032,positive,False,0.3342432743865316,0.0210078271305612,0.5694444444444444,0.3223262606572852,policy_tightening_positive_but_regime_dependent,moderate positive Pearson correlation (0.40); Spearman 0.40; PCA loading signal 0.33; model importance signal 0.02,0.027009973708545302,2.7009973708545303
BOE,inflation,core_cpi_yoy,Core CPI (YoY),ppi_input_mom,PPI Input (MoM),Inflation,3,66,-0.01595851872930421,-0.21699607636166804,0.01595851872930421,0.21699607636166804,negative,True,0.1596193014817409,0.0120409253786396,0.9166666666666666,0.2906318691388736,disinflationary_or_growth_sensitive,weak negative Pearson correlation (-0.02); Spearman -0.22; same macro theme; PCA loading signal 0.16; model importance signal 0.01,0.024354078778126176,2.435407877812618
BOE,inflation,core_cpi_yoy,Core CPI (YoY),gdp_yoy,GDP (YoY),Growth,1,72,0.2551388278507315,0.22717753769220836,0.2551388278507315,0.22717753769220836,positive,False,0.2511112738654503,0.0,1.0,0.26717718518944217,policy_tightening_positive_but_regime_dependent,weak positive Pearson correlation (0.26); Spearman 0.23; PCA loading signal 0.25,0.022388646623995968,2.238864662399597
BOE,inflation,core_cpi_yoy,Core CPI (YoY),manufacturing_pmi,Manufacturing PMI,Growth,2,28,-0.43210712324698103,-0.4692772553011123,0.43210712324698103,0.4692772553011123,negative,False,0.0,0.0,0.3888888888888889,0.26237647692320565,disinflationary_or_growth_sensitive,moderate negative Pearson correlation (-0.43); Spearman -0.47,0.021986361672751135,2.1986361672751134
BOE,inflation,core_cpi_yoy,Core CPI (YoY),core_rpi_mom,Core RPI (MoM),Inflation,3,22,0.0697374043684046,0.2550996252358197,0.0697374043684046,0.2550996252358197,positive,True,0.2096635849527767,0.0,0.3055555555555556,0.2602361472047407,policy_tightening_positive_but_regime_dependent,weak positive Pearson correlation (0.07); Spearman 0.26; same macro theme; PCA loading signal 0.21,0.02180700846303912,2.180700846303912
BOE,inflation,core_cpi_yoy,Core CPI (YoY),ppi_output_mom,PPI Output (MoM),Inflation,3,58,0.1276094846458154,-0.047689771221669584,0.1276094846458154,0.047689771221669584,positive,True,0.0,0.0399038601623553,0.8055555555555556,0.25516001142123446,policy_tightening_positive_but_regime_dependent,weak positive Pearson correlation (0.13); Spearman -0.05; same macro theme; model importance signal 0.04,0.02138164351209183,2.138164351209183
BOE,inflation,core_cpi_yoy,Core CPI (YoY),claimant_count_change,Claimant Count Change,Labor,2,76,-0.2344092333558775,-0.13739110393138435,0.2344092333558775,0.13739110393138435,negative,False,0.2600240832323665,0.0,1.0,0.2446053257748661,disinflationary_or_growth_sensitive,weak negative Pearson correlation (-0.23); Spearman -0.14; PCA loading signal 0.26,0.020497192517534225,2.0497192517534226
BOE,inflation,core_cpi_yoy,Core CPI (YoY),public_sector_net_borrowing,Public Sector Net Borrowing,Growth,3,71,0.2046409331445335,0.22661605920569658,0.2046409331445335,0.22661605920569658,positive,False,0.2068990089525154,0.0,0.9861111111111112,0.24256842450706326,policy_tightening_positive_but_regime_dependent,weak positive Pearson correlation (0.20); Spearman 0.23; PCA loading signal 0.21,0.02032650630171654,2.032650630171654
BOE,inflation,core_cpi_yoy,Core CPI (YoY),house_price_index_mom,House Price Index (MoM),Housing,3,68,-0.22301913633722434,-0.18690729546086723,0.22301913633722434,0.18690729546086723,negative,False,0.2192923964610399,0.0,0.9444444444444444,0.23820427580077236,disinflationary_or_growth_sensitive,weak negative Pearson correlation (-0.22); Spearman -0.19; PCA loading signal 0.22,0.0199608037319764,1.99608037319764
BOE,inflation,core_cpi_yoy,Core CPI (YoY),house_price_index_yoy,House Price Index (YoY),Housing,3,73,-0.14255932719636236,-0.20729490165051317,0.14255932719636236,0.20729490165051317,negative,False,0.2558106461273045,0.0,1.0,0.23027269479192616,disinflationary_or_growth_sensitive,weak negative Pearson correlation (-0.14); Spearman -0.21; PCA loading signal 0.26,0.01929616103708932,1.929616103708932
BOE,inflation,core_cpi_yoy,Core CPI (YoY),nationwide_hpi_yoy,Nationwide House Prices (YoY),Housing,3,75,-0.16546760148663814,-0.1874515335054163,0.16546760148663814,0.1874515335054163,negative,False,0.2063446907602015,0.0,1.0,0.22427263148391097,disinflationary_or_growth_sensitive,weak negative Pearson correlation (-0.17); Spearman -0.19; PCA loading signal 0.21,0.01879337373124392,1.879337373124392
BOE,inflation,core_cpi_yoy,Core CPI (YoY),core_rpi_yoy,Core RPI (YoY),Inflation,3,24,0.10744353583414694,0.15846706509919828,0.10744353583414694,0.15846706509919828,positive,True,0.0,0.0002020596566839,0.3333333333333333,0.21729415724505333,policy_tightening_positive_but_regime_dependent,weak positive Pearson correlation (0.11); Spearman 0.16; same macro theme; model importance signal 0.00,0.01820859852449241,1.820859852449241
BOE,inflation,core_cpi_yoy,Core CPI (YoY),gdp_mom,GDP (MoM),Growth,1,68,0.014350645634783337,-0.35088391292342286,0.014350645634783337,0.35088391292342286,positive,False,0.216104704270708,0.0,0.9444444444444444,0.20782526748829144,policy_tightening_positive_but_regime_dependent,weak positive Pearson correlation (0.01); Spearman -0.35; PCA loading signal 0.22,0.01741513396824521,1.7415133968245209
BOE,inflation,core_cpi_yoy,Core CPI (YoY),services_pmi,Services PMI,Growth,1,28,0.3603082884716705,0.2694831994592834,0.3603082884716705,0.2694831994592834,positive,False,0.0,0.0,0.3888888888888889,0.20087801532224672,policy_tightening_positive_but_regime_dependent,weak positive Pearson correlation (0.36); Spearman 0.27,0.016832975077533487,1.6832975077533487
BOE,inflation,core_cpi_yoy,Core CPI (YoY),niesr_monthly_gdp_tracker,NIESR Monthly GDP Tracker,Growth,2,64,0.04016036873129774,-0.2152542020312734,0.04016036873129774,0.2152542020312734,positive,False,0.2647667030528812,0.0,0.8888888888888888,0.19164584646405153,policy_tightening_positive_but_regime_dependent,weak positive Pearson correlation (0.04); Spearman -0.22; PCA loading signal 0.26,0.016059347022455976,1.6059347022455976
BOE,inflation,core_cpi_yoy,Core CPI (YoY),retail_sales_ex_fuel_mom,Retail Sales Ex Fuel (MoM),Growth,2,75,-0.09300371227686648,-0.13536400659127218,0.09300371227686648,0.13536400659127218,negative,False,0.1733677293344962,0.0,1.0,0.1861801062815237,disinflationary_or_growth_sensitive,weak negative Pearson correlation (-0.09); Spearman -0.14; PCA loading signal 0.17,0.015601334391630391,1.560133439163039
BOE,inflation,core_cpi_yoy,Core CPI (YoY),retail_sales_mom,Retail Sales (MoM),Growth,1,73,-0.08284224079816631,-0.14173259506289543,0.08284224079816631,0.14173259506289543,negative,False,0.1735213017312006,0.0,1.0,0.1844330255636451,disinflationary_or_growth_sensitive,weak negative Pearson correlation (-0.08); Spearman -0.14; PCA loading signal 0.17,0.015454934268474491,1.5454934268474492
BOE,inflation,core_cpi_yoy,Core CPI (YoY),employment_change,Employment Change,Labor,2,74,0.09022746553721178,0.040095770046122255,0.09022746553721178,0.040095770046122255,positive,False,0.0,0.0,1.0,0.135087393670388,policy_tightening_positive_but_regime_dependent,weak positive Pearson correlation (0.09); Spearman 0.04,0.011319918345941388,1.1319918345941389
BOE,inflation,core_cpi_yoy,Core CPI (YoY),cbi_business_optimism,CBI Business Optimism Index,Sentiment,3,24,-0.12176930817825236,-0.14043117400134003,0.12176930817825236,0.14043117400134003,negative,False,0.176866111848199,0.0,0.3333333333333333,0.12978626071975286,disinflationary_or_growth_sensitive,weak negative Pearson correlation (-0.12); Spearman -0.14; PCA loading signal 0.18,0.010875699307349312,1.0875699307349311
BOE,inflation,core_cpi_yoy,Core CPI (YoY),gdp_qoq,GDP (QoQ),Growth,1,24,0.023080585149954497,-0.1508272294111883,0.023080585149954497,0.1508272294111883,positive,False,0.2542771630481861,0.0,0.3333333333333333,0.11619284410923084,policy_tightening_positive_but_regime_dependent,weak positive Pearson correlation (0.02); Spearman -0.15; PCA loading signal 0.25,0.009736611773771386,0.9736611773771386
BOE,inflation,core_cpi_yoy,Core CPI (YoY),composite_pmi,Composite PMI,Growth,2,28,0.14917379533496036,0.13550129096338134,0.14917379533496036,0.13550129096338134,positive,False,0.0,0.0,0.3888888888888889,0.11074128568205327,policy_tightening_positive_but_regime_dependent,weak positive Pearson correlation (0.15); Spearman 0.14,0.009279787531500834,0.9279787531500834
BOE,unemployment,unemployment_rate,Unemployment Rate,retail_price_index_yoy,Retail Price Index (YoY),Inflation,3,75,-0.6191658332230272,-0.5533172729207125,0.6191658332230272,0.5533172729207125,negative,False,0.2535130341110903,0.1993864761467162,1.0,0.47594125163598866,currency_positive,moderate negative Pearson correlation (-0.62); Spearman -0.55; PCA loading signal 0.25; model importance signal 0.20,0.04860355545310727,4.8603555453107266
BOE,unemployment,unemployment_rate,Unemployment Rate,hmrc_payrolls_change,HMRC Payrolls Change,Labor,2,40,-0.3782643418787238,-0.47781234509658,0.3782643418787238,0.47781234509658,negative,True,0.3342432743865316,0.0409057347432347,0.5555555555555556,0.4517150914344143,currency_positive,weak negative Pearson correlation (-0.38); Spearman -0.48; same macro theme; PCA loading signal 0.33; model importance signal 0.04,0.046129557839482374,4.612955783948237
BOE,unemployment,unemployment_rate,Unemployment Rate,retail_sales_ex_fuel_yoy,Retail Sales Ex Fuel (YoY),Growth,2,75,0.490134502215253,0.6305008709507975,0.490134502215253,0.6305008709507975,positive,False,0.3326698618140483,0.0282169587347584,1.0,0.437817982966173,currency_negative,moderate positive Pearson correlation (0.49); Spearman 0.63; PCA loading signal 0.33; model importance signal 0.03,0.0447103724258368,4.47103724258368
BOE,unemployment,unemployment_rate,Unemployment Rate,cpi_headline_yoy,Headline CPI (YoY),Inflation,1,75,-0.6037286030871222,-0.5459452091886944,0.6037286030871222,0.5459452091886944,negative,False,0.2486118719189385,0.0,1.0,0.4350577597092844,currency_positive,moderate negative Pearson correlation (-0.60); Spearman -0.55; PCA loading signal 0.25,0.044428495905009927,4.442849590500993
BOE,unemployment,unemployment_rate,Unemployment Rate,core_cpi_yoy,Core CPI (YoY),Inflation,1,75,-0.5562877493524584,-0.5778378457161722,0.5562877493524584,0.5778378457161722,negative,False,0.2420081755740031,0.022239076983708,1.0,0.42979600863952283,currency_positive,moderate negative Pearson correlation (-0.56); Spearman -0.58; PCA loading signal 0.24; model importance signal 0.02,0.043891161078451965,4.389116107845196
BOE,unemployment,unemployment_rate,Unemployment Rate,consumer_confidence,Consumer Confidence,Sentiment,3,74,0.5343141542286794,0.5220609349857511,0.5343141542286794,0.5220609349857511,positive,False,0.2538327099793193,0.0300319211661036,1.0,0.41550174766026915,currency_negative,moderate positive Pearson correlation (0.53); Spearman 0.52; PCA loading signal 0.25; model importance signal 0.03,0.04243141808752983,4.243141808752983
BOE,unemployment,unemployment_rate,Unemployment Rate,retail_sales_yoy,Retail Sales (YoY),Growth,1,73,0.40802819616860925,0.5703828999257958,0.40802819616860925,0.5703828999257958,positive,False,0.3404996048231921,0.0,1.0,0.3977749677039165,currency_negative,moderate positive Pearson correlation (0.41); Spearman 0.57; PCA loading signal 0.34,0.0406211431226008,4.06211431226008
BOE,unemployment,unemployment_rate,Unemployment Rate,ppi_output_yoy,PPI Output (YoY),Inflation,3,67,-0.49771974345113096,-0.40717782428332583,0.49771974345113096,0.40717782428332583,negative,False,0.2812314370314687,0.0,0.9305555555555556,0.3744287021132244,currency_positive,moderate negative Pearson correlation (-0.50); Spearman -0.41; PCA loading signal 0.28,0.03823700115054071,3.8237001150540713
BOE,unemployment,unemployment_rate,Unemployment Rate,ppi_core_output_yoy,PPI Core Output (YoY),Inflation,3,66,-0.5094652644539993,-0.3222994604886304,0.5094652644539993,0.3222994604886304,negative,False,0.2791065365445043,0.0625981126380202,0.9166666666666666,0.3698469938270667,currency_positive,moderate negative Pearson correlation (-0.51); Spearman -0.32; PCA loading signal 0.28; model importance signal 0.06,0.03776911291435449,3.776911291435449
BOE,unemployment,unemployment_rate,Unemployment Rate,cbi_industrial_trends_orders,CBI Industrial Trends Orders,Sentiment,3,74,-0.31964045567218446,-0.4298023334348889,0.31964045567218446,0.4298023334348889,negative,False,0.2788656517782382,0.0536710869978131,1.0,0.3411725054983442,currency_positive,weak negative Pearson correlation (-0.32); Spearman -0.43; PCA loading signal 0.28; model importance signal 0.05,0.03484084796824206,3.484084796824206
BOE,unemployment,unemployment_rate,Unemployment Rate,claimant_count_change,Claimant Count Change,Labor,2,75,-0.09607478221412595,0.15866374925530863,0.09607478221412595,0.15866374925530863,negative,True,0.2600240832323665,0.0264228101073888,1.0,0.3318513972153816,currency_positive,weak negative Pearson correlation (-0.10); Spearman 0.16; same macro theme; PCA loading signal 0.26; model importance signal 0.03,0.03388896787430583,3.388896787430583
BOE,unemployment,unemployment_rate,Unemployment Rate,retail_price_index_mom,Retail Price Index (MoM),Inflation,3,71,-0.35391255491979073,-0.41228045862849994,0.35391255491979073,0.41228045862849994,negative,False,0.2117028743733909,0.036684032026622,0.9861111111111112,0.3315837721444844,currency_positive,weak negative Pearson correlation (-0.35); Spearman -0.41; PCA loading signal 0.21; model importance signal 0.04,0.033861637757554484,3.3861637757554486
BOE,unemployment,unemployment_rate,Unemployment Rate,ppi_input_yoy,PPI Input (YoY),Inflation,3,67,-0.3786308600008385,-0.29227971514298484,0.3786308600008385,0.29227971514298484,negative,False,0.2980000646450012,0.0,0.9305555555555556,0.3187407682205043,currency_positive,weak negative Pearson correlation (-0.38); Spearman -0.29; PCA loading signal 0.30,0.03255009846303446,3.255009846303446
BOE,unemployment,unemployment_rate,Unemployment Rate,avg_earnings_incl_bonus,Average Earnings (incl. Bonus),Labor,2,75,-0.03266678532369171,-0.19291772463109383,0.03266678532369171,0.19291772463109383,negative,True,0.2454055105116915,0.0260714575732283,1.0,0.31698872020287955,currency_positive,weak negative Pearson correlation (-0.03); Spearman -0.19; same macro theme; PCA loading signal 0.25; model importance signal 0.03,0.03237117771874424,3.237117771874424
BOE,unemployment,unemployment_rate,Unemployment Rate,core_rpi_yoy,Core RPI (YoY),Inflation,3,23,0.5438930968972814,0.5935240382103311,0.5438930968972814,0.5935240382103311,positive,False,0.0,0.0045170856277441,0.3194444444444444,0.31458508571241156,currency_negative,moderate positive Pearson correlation (0.54); Spearman 0.59; model importance signal 0.00,0.032125716368535805,3.2125716368535806
BOE,unemployment,unemployment_rate,Unemployment Rate,avg_earnings_excl_bonus,Average Earnings (excl. Bonus),Labor,1,74,-0.036914305211103046,-0.07383463661870876,0.036914305211103046,0.07383463661870876,negative,True,0.2915968584737229,0.0,1.0,0.29832865341234277,currency_positive,weak negative Pearson correlation (-0.04); Spearman -0.07; same macro theme; PCA loading signal 0.29,0.03046559464962588,3.046559464962588
BOE,unemployment,unemployment_rate,Unemployment Rate,cpi_headline_mom,Headline CPI (MoM),Inflation,2,67,-0.296928038601902,-0.3294427536069115,0.296928038601902,0.3294427536069115,negative,False,0.2016623350347221,0.0,0.9305555555555556,0.28432173816375844,currency_positive,weak negative Pearson correlation (-0.30); Spearman -0.33; PCA loading signal 0.20,0.029035195667248482,2.903519566724848
BOE,unemployment,unemployment_rate,Unemployment Rate,ppi_core_output_mom,PPI Core Output (MoM),Inflation,3,54,-0.33936226995593566,-0.2828397316380976,0.33936226995593566,0.2828397316380976,negative,False,0.2382455068684382,0.0159417950566718,0.75,0.2789709237103533,currency_positive,weak negative Pearson correlation (-0.34); Spearman -0.28; PCA loading signal 0.24; model importance signal 0.02,0.02848876560658152,2.848876560658152
BOE,unemployment,unemployment_rate,Unemployment Rate,employment_change,Employment Change,Labor,2,75,-0.10358997743113957,-0.08816137754457126,0.10358997743113957,0.08816137754457126,negative,True,0.0,0.0210623896718536,1.0,0.27228987498247126,currency_positive,weak negative Pearson correlation (-0.10); Spearman -0.09; same macro theme; model importance signal 0.02,0.027806490806457904,2.7806490806457904
BOE,unemployment,unemployment_rate,Unemployment Rate,industrial_production_yoy,Industrial Production (YoY),Growth,2,76,0.2446284799856393,0.14606011906528485,0.2446284799856393,0.14606011906528485,positive,False,0.3013040413071897,0.0205957988937732,1.0,0.26033658105598434,currency_negative,weak positive Pearson correlation (0.24); Spearman 0.15; PCA loading signal 0.30; model importance signal 0.02,0.02658580950975106,2.658580950975106
BOE,unemployment,unemployment_rate,Unemployment Rate,niesr_monthly_gdp_tracker,NIESR Monthly GDP Tracker,Growth,2,63,0.189585536148514,0.27352344806566187,0.189585536148514,0.27352344806566187,positive,False,0.2647667030528812,0.0,0.875,0.2467383570072052,currency_negative,weak positive Pearson correlation (0.19); Spearman 0.27; PCA loading signal 0.26,0.025197146446091886,2.5197146446091887
BOE,unemployment,unemployment_rate,Unemployment Rate,house_price_index_yoy,House Price Index (YoY),Housing,3,73,-0.15700200211735563,-0.15479669597417764,0.15700200211735563,0.15479669597417764,negative,False,0.2558106461273045,0.0,1.0,0.22410585613295703,currency_positive,weak negative Pearson correlation (-0.16); Spearman -0.15; PCA loading signal 0.26,0.02288589477899466,2.288589477899466
BOE,unemployment,unemployment_rate,Unemployment Rate,gdp_mom,GDP (MoM),Growth,1,69,0.07588100225433617,0.23195844956655873,0.07588100225433617,0.23195844956655873,positive,False,0.216104704270708,0.0,0.9583333333333334,0.20388817069167336,currency_negative,weak positive Pearson correlation (0.08); Spearman 0.23; PCA loading signal 0.22,0.0208212462701689,2.08212462701689
BOE,unemployment,unemployment_rate,Unemployment Rate,core_cpi_mom,Core CPI (MoM),Inflation,2,69,-0.18369513456431297,-0.24566240691687327,0.18369513456431297,0.24566240691687327,negative,False,0.0,0.0,0.9583333333333334,0.2000743550860019,currency_positive,weak negative Pearson correlation (-0.18); Spearman -0.25,0.02043177593608668,2.043177593608668
BOE,unemployment,unemployment_rate,Unemployment Rate,gdp_qoq,GDP (QoQ),Growth,1,24,0.13767594260819388,0.2269449736094294,0.13767594260819388,0.2269449736094294,positive,False,0.2542771630481861,0.0,0.3333333333333333,0.16579500018635085,currency_negative,weak positive Pearson correlation (0.14); Spearman 0.23; PCA loading signal 0.25,0.016931136894955175,1.6931136894955174
BOE,unemployment,unemployment_rate,Unemployment Rate,ppi_input_mom,PPI Input (MoM),Inflation,3,65,0.082397204317065,0.09570736377873604,0.082397204317065,0.09570736377873604,positive,False,0.1596193014817409,0.0,0.9027777777777778,0.16286988609535785,currency_negative,weak positive Pearson correlation (0.08); Spearman 0.10; PCA loading signal 0.16,0.01663242157149971,1.663242157149971
BOE,unemployment,unemployment_rate,Unemployment Rate,nationwide_hpi_yoy,Nationwide House Prices (YoY),Housing,3,74,-0.06088116521978203,-0.03532663828581837,0.06088116521978203,0.03532663828581837,negative,False,0.2063446907602015,0.0,1.0,0.16247172155993456,currency_positive,weak negative Pearson correlation (-0.06); Spearman -0.04; PCA loading signal 0.21,0.016591760645365685,1.6591760645365685
BOE,unemployment,unemployment_rate,Unemployment Rate,public_sector_net_borrowing,Public Sector Net Borrowing,Growth,3,70,0.04698540496551973,-0.044206929718826296,0.04698540496551973,0.044206929718826296,positive,False,0.2068990089525154,0.0,0.9722222222222222,0.15740105126709616,currency_negative,weak positive Pearson correlation (0.05); Spearman -0.04; PCA loading signal 0.21,0.016073939162324986,1.6073939162324986
BOE,unemployment,unemployment_rate,Unemployment Rate,retail_sales_mom,Retail Sales (MoM),Growth,1,73,0.011460901757224225,0.10256413303352713,0.011460901757224225,0.10256413303352713,positive,False,0.1735213017312006,0.0,1.0,0.1551849314454888,currency_negative,weak positive Pearson correlation (0.01); Spearman 0.10; PCA loading signal 0.17,0.015847626981420348,1.5847626981420349
BOE,unemployment,unemployment_rate,Unemployment Rate,retail_sales_ex_fuel_mom,Retail Sales Ex Fuel (MoM),Growth,2,75,0.008395277038503448,0.09098393459444314,0.008395277038503448,0.09098393459444314,positive,False,0.1733677293344962,0.0,1.0,0.151921561310649,currency_negative,weak positive Pearson correlation (0.01); Spearman 0.09; PCA loading signal 0.17,0.015514368641725071,1.5514368641725071
BOE,unemployment,unemployment_rate,Unemployment Rate,house_price_index_mom,House Price Index (MoM),Housing,3,68,-0.02125761368968268,-0.04933242766013302,0.02125761368968268,0.04933242766013302,negative,False,0.2192923964610399,0.0,0.9444444444444444,0.15016084544636304,currency_positive,weak negative Pearson correlation (-0.02); Spearman -0.05; PCA loading signal 0.22,0.015334562729014569,1.533456272901457
BOE,unemployment,unemployment_rate,Unemployment Rate,services_pmi,Services PMI,Growth,1,27,-0.19632062649565563,-0.2200041657987923,0.19632062649565563,0.2200041657987923,negative,False,0.0,0.0,0.375,0.14039702110845514,currency_positive,weak negative Pearson correlation (-0.20); Spearman -0.22,0.014337472067066953,1.4337472067066952
BOE,unemployment,unemployment_rate,Unemployment Rate,core_rpi_mom,Core RPI (MoM),Inflation,3,21,-0.09893965593644223,-0.1602775941837409,0.09893965593644223,0.1602775941837409,negative,False,0.2096635849527767,0.0,0.2916666666666667,0.12864352757584732,currency_positive,weak negative Pearson correlation (-0.10); Spearman -0.16; PCA loading signal 0.21,0.013137194569127446,1.3137194569127446
BOE,unemployment,unemployment_rate,Unemployment Rate,composite_pmi,Composite PMI,Growth,2,27,-0.12790509084673113,-0.20751066433847695,0.12790509084673113,0.20751066433847695,negative,False,0.0,0.0,0.375,0.11737366012171474,currency_positive,weak negative Pearson correlation (-0.13); Spearman -0.21,0.011986305408178988,1.1986305408178988
BOE,unemployment,unemployment_rate,Unemployment Rate,ppi_output_mom,PPI Output (MoM),Inflation,3,57,-0.11107113418588205,0.011674236324211832,0.11107113418588205,0.011674236324211832,negative,False,0.0,0.0,0.7916666666666666,0.11482285418727364,currency_positive,weak negative Pearson correlation (-0.11); Spearman 0.01,0.011725814775651206,1.1725814775651207
BOE,unemployment,unemployment_rate,Unemployment Rate,cbi_business_optimism,CBI Business Optimism Index,Sentiment,3,24,0.08637032451246063,0.056319968680536736,0.08637032451246063,0.056319968680536736,positive,False,0.176866111848199,0.0,0.3333333333333333,0.10234432455585468,currency_negative,weak positive Pearson correlation (0.09); Spearman 0.06; PCA loading signal 0.18,0.01045149592888358,1.0451495928883578
BOE,unemployment,unemployment_rate,Unemployment Rate,manufacturing_pmi,Manufacturing PMI,Growth,2,27,0.08758759096254246,-0.036467805420553126,0.08758759096254246,0.036467805420553126,positive,False,0.0,0.0,0.375,0.07106983837287337,currency_negative,weak positive Pearson correlation (0.09); Spearman -0.04,0.007257716826448178,0.7257716826448178
BOJ,gdp_growth,gdp_qoq,GDP (QoQ),capacity_utilization,Capacity Utilization,Growth,2,23,0.7716703300996114,0.5002476472289694,0.7716703300996114,0.5002476472289694,positive,True,0.3302692824483402,0.0229257541954858,0.3194444444444444,0.5468409219740555,currency_positive,strong positive Pearson correlation (0.77); Spearman 0.50; same macro theme; PCA loading signal 0.33; model importance signal 0.02,0.05761600411957536,5.761600411957536
BOJ,gdp_growth,gdp_qoq,GDP (QoQ),tertiary_industry_index_mom,Tertiary Industry Index (MoM),Growth,2,24,0.7051276770984002,0.5107963778789648,0.7051276770984002,0.5107963778789648,positive,True,0.3431737002512582,0.0413406068636788,0.3333333333333333,0.5358300812506982,currency_positive,strong positive Pearson correlation (0.71); Spearman 0.51; same macro theme; PCA loading signal 0.34; model importance signal 0.04,0.05645588493502933,5.645588493502933
BOJ,gdp_growth,gdp_qoq,GDP (QoQ),machinery_orders_mom,Machinery Orders (MoM),Growth,2,24,0.6372626136562074,0.6119698944008043,0.6372626136562074,0.6119698944008043,positive,True,0.0,0.3933786162048102,0.3333333333333333,0.5337804610651742,currency_positive,moderate positive Pearson correlation (0.64); Spearman 0.61; same macro theme; model importance signal 0.39,0.05623993378670192,5.623993378670192
BOJ,gdp_growth,gdp_qoq,GDP (QoQ),industrial_production_mom,Industrial Production (MoM),Growth,2,24,0.7218127462139565,0.38101466869145345,0.7218127462139565,0.38101466869145345,positive,True,0.2989540259049987,0.0146907737818489,0.3333333333333333,0.502389247141625,currency_positive,strong positive Pearson correlation (0.72); Spearman 0.38; same macro theme; PCA loading signal 0.30; model importance signal 0.01,0.05293250700487177,5.293250700487177
BOJ,gdp_growth,gdp_qoq,GDP (QoQ),services_pmi,S&P Global Services PMI,Growth,2,24,0.6464162844360852,0.13890706207151277,0.6464162844360852,0.13890706207151277,positive,True,0.2276024113633742,0.0238076047582504,0.3333333333333333,0.4200553579327714,currency_positive,moderate positive Pearson correlation (0.65); Spearman 0.14; same macro theme; PCA loading signal 0.23; model importance signal 0.02,0.04425768127545601,4.425768127545601
BOJ,gdp_growth,gdp_qoq,GDP (QoQ),composite_pmi,S&P Global Composite PMI,Growth,2,23,0.6415193124252171,0.15268498364067817,0.6415193124252171,0.15268498364067817,positive,True,0.2360756317683934,0.0,0.3194444444444444,0.41743084861845603,currency_positive,moderate positive Pearson correlation (0.64); Spearman 0.15; same macro theme; PCA loading signal 0.24,0.043981158920619094,4.3981158920619094
BOJ,gdp_growth,gdp_qoq,GDP (QoQ),retail_sales_yoy,Retail Sales (YoY),Growth,2,24,0.551843888303265,0.31154684095860563,0.551843888303265,0.31154684095860563,positive,True,0.0,0.030535819212177,0.3333333333333333,0.38638695728210404,currency_positive,moderate positive Pearson correlation (0.55); Spearman 0.31; same macro theme; model importance signal 0.03,0.04071032658300599,4.071032658300599
BOJ,gdp_growth,gdp_qoq,GDP (QoQ),household_spending_mom,Household Spending (MoM),Growth,2,24,0.2752887336426786,0.44340460865166353,0.2752887336426786,0.44340460865166353,positive,True,0.2378238547192943,0.0192890161032379,0.3333333333333333,0.37068830174349304,currency_positive,weak positive Pearson correlation (0.28); Spearman 0.44; same macro theme; PCA loading signal 0.24; model importance signal 0.02,0.03905629198932699,3.905629198932699
BOJ,gdp_growth,gdp_qoq,GDP (QoQ),retail_sales_mom,Retail Sales (MoM),Growth,2,24,0.4758052564207928,0.017436793287062692,0.4758052564207928,0.017436793287062692,positive,True,0.2663012945619772,0.0346029595300972,0.3333333333333333,0.35337900505825615,currency_positive,moderate positive Pearson correlation (0.48); Spearman 0.02; same macro theme; PCA loading signal 0.27; model importance signal 0.03,0.03723255775684964,3.723255775684964
BOJ,gdp_growth,gdp_qoq,GDP (QoQ),eco_watchers_current,Eco Watchers Survey Current,Sentiment,2,24,0.6805135040071629,0.3826731968628496,0.6805135040071629,0.3826731968628496,positive,False,0.2047005807097212,0.0,0.3333333333333333,0.35086812843580195,currency_positive,moderate positive Pearson correlation (0.68); Spearman 0.38; PCA loading signal 0.20,0.0369680079179297,3.6968007917929704
BOJ,gdp_growth,gdp_qoq,GDP (QoQ),manufacturing_pmi,S&P Global Manufacturing PMI,Growth,2,24,0.28750335556466594,0.07482554402655042,0.28750335556466594,0.07482554402655042,positive,True,0.2500254898605776,0.0460062874994589,0.3333333333333333,0.30737510585785516,currency_positive,weak positive Pearson correlation (0.29); Spearman 0.07; same macro theme; PCA loading signal 0.25; model importance signal 0.05,0.0323855158853699,3.23855158853699
BOJ,gdp_growth,gdp_qoq,GDP (QoQ),eco_watchers_outlook,Eco Watchers Survey Outlook,Sentiment,2,24,0.5373654190448625,0.35568145829004333,0.5373654190448625,0.35568145829004333,positive,False,0.184457201111493,0.0,0.3333333333333333,0.29888154690486946,currency_positive,moderate positive Pearson correlation (0.54); Spearman 0.36; PCA loading signal 0.18,0.03149062139602095,3.149062139602095
BOJ,gdp_growth,gdp_qoq,GDP (QoQ),balance_of_trade,Balance of Trade,Growth,2,24,0.1798662214104016,0.21632221729530568,0.1798662214104016,0.21632221729530568,positive,True,0.2133737597787798,0.0232083018244443,0.3333333333333333,0.2929103312858508,currency_positive,weak positive Pearson correlation (0.18); Spearman 0.22; same macro theme; PCA loading signal 0.21; model importance signal 0.02,0.030861484896026945,3.0861484896026945
BOJ,gdp_growth,gdp_qoq,GDP (QoQ),leading_economic_index,Leading Economic Index,Growth,2,24,0.22857825232310378,-0.09880310528377141,0.22857825232310378,0.09880310528377141,positive,True,0.2320006974664118,0.0456761639219806,0.3333333333333333,0.29119250349770953,currency_positive,weak positive Pearson correlation (0.23); Spearman -0.10; same macro theme; PCA loading signal 0.23; model importance signal 0.05,0.030680491907131787,3.068049190713179
BOJ,gdp_growth,gdp_qoq,GDP (QoQ),ppi_mom,PPI (MoM),Inflation,2,22,0.5784986717470204,0.2014334284387976,0.5784986717470204,0.2014334284387976,positive,False,0.2423865560154988,0.0,0.3055555555555556,0.288021422850211,currency_positive,moderate positive Pearson correlation (0.58); Spearman 0.20; PCA loading signal 0.24,0.03034638195246667,3.034638195246667
BOJ,gdp_growth,gdp_qoq,GDP (QoQ),machine_tool_orders_yoy,Machine Tool Orders (YoY),Growth,3,24,0.13206475124011413,0.08008709855600854,0.13206475124011413,0.08008709855600854,positive,True,0.3153816985389736,0.0441224654885975,0.3333333333333333,0.2732397032866461,currency_positive,weak positive Pearson correlation (0.13); Spearman 0.08; same macro theme; PCA loading signal 0.32; model importance signal 0.04,0.028788957149300295,2.8788957149300294
BOJ,gdp_growth,gdp_qoq,GDP (QoQ),household_spending_yoy,Household Spending (YoY),Growth,2,24,0.2686987601328895,0.13014153515351387,0.2686987601328895,0.13014153515351387,positive,True,0.0,0.0126321173250101,0.3333333333333333,0.2621187283491547,currency_positive,weak positive Pearson correlation (0.27); Spearman 0.13; same macro theme; model importance signal 0.01,0.0276172340538539,2.76172340538539
BOJ,gdp_growth,gdp_qoq,GDP (QoQ),exports_yoy,Exports (YoY),Growth,2,24,0.10258361460420695,0.024814985462096047,0.10258361460420695,0.024814985462096047,positive,True,0.2528835815065719,0.0,0.3333333333333333,0.23459045947819757,currency_positive,weak positive Pearson correlation (0.10); Spearman 0.02; same macro theme; PCA loading signal 0.25,0.024716813128974596,2.4716813128974597
BOJ,gdp_growth,gdp_qoq,GDP (QoQ),machinery_orders_yoy,Machinery Orders (YoY),Growth,2,24,0.18591479471211628,0.08531017020096562,0.18591479471211628,0.08531017020096562,positive,True,0.0,0.0122783300500177,0.3333333333333333,0.22825712189566433,currency_positive,weak positive Pearson correlation (0.19); Spearman 0.09; same macro theme; model importance signal 0.01,0.02404952289961753,2.404952289961753
BOJ,gdp_growth,gdp_qoq,GDP (QoQ),imports_yoy,Imports (YoY),Growth,2,24,-0.037781769998127275,0.057889044064940956,0.037781769998127275,0.057889044064940956,negative,True,0.2522980026779893,0.0,0.3333333333333333,0.22165931362779778,currency_negative,weak negative Pearson correlation (-0.04); Spearman 0.06; same macro theme; PCA loading signal 0.25,0.02335436763038623,2.335436763038623
BOJ,gdp_growth,gdp_qoq,GDP (QoQ),current_account,Current Account,Growth,2,24,0.16668223082960743,0.08531017020096562,0.16668223082960743,0.08531017020096562,positive,True,0.0,0.0,0.3333333333333333,0.22040003662240867,currency_positive,weak positive Pearson correlation (0.17); Spearman 0.09; same macro theme,0.023221688260180597,2.3221688260180597
BOJ,gdp_growth,gdp_qoq,GDP (QoQ),coincident_index,Coincident Index,Growth,2,24,0.020508742367120324,-0.04484111408062969,0.020508742367120324,0.04484111408062969,positive,True,0.2030862697210742,0.0,0.3333333333333333,0.20500970740938873,currency_positive,weak positive Pearson correlation (0.02); Spearman -0.04; same macro theme; PCA loading signal 0.20,0.02160013940436719,2.160013940436719
BOJ,gdp_growth,gdp_qoq,GDP (QoQ),industrial_production_yoy,Industrial Production (YoY),Growth,2,24,0.08210124925243426,-0.12211584951084108,0.08210124925243426,0.12211584951084108,positive,True,0.0,0.0,0.3333333333333333,0.2023868780112318,currency_positive,weak positive Pearson correlation (0.08); Spearman -0.12; same macro theme,0.02132379404809131,2.132379404809131
BOJ,gdp_growth,gdp_qoq,GDP (QoQ),unemployment_rate,Unemployment Rate,Labor,2,24,0.28453900096318163,0.1389575696375141,0.28453900096318163,0.1389575696375141,positive,False,0.2158379944502154,0.0,0.3333333333333333,0.1853373865508294,currency_positive,weak positive Pearson correlation (0.28); Spearman 0.14; PCA loading signal 0.22,0.019527433295364365,1.9527433295364365
BOJ,gdp_growth,gdp_qoq,GDP (QoQ),tankan_large_manufacturing_outlook,Tankan Large Manufacturing Outlook,Sentiment,2,24,0.2342864484596691,0.04240459950576082,0.2342864484596691,0.04240459950576082,positive,False,0.2442300889557944,0.0,0.3333333333333333,0.1560616037844292,currency_positive,weak positive Pearson correlation (0.23); Spearman 0.04; PCA loading signal 0.24,0.016442891607475224,1.6442891607475225
BOJ,gdp_growth,gdp_qoq,GDP (QoQ),consumer_confidence,Consumer Confidence,Sentiment,2,24,0.37238245447701174,-0.04745321781348191,0.37238245447701174,0.04745321781348191,positive,False,0.0,0.0,0.3333333333333333,0.15453871323913324,currency_positive,weak positive Pearson correlation (0.37); Spearman -0.05,0.016282437507561323,1.6282437507561323
BOJ,gdp_growth,gdp_qoq,GDP (QoQ),ppi_yoy,PPI (YoY),Inflation,2,24,0.1480733285713974,0.2155454411454508,0.1480733285713974,0.2155454411454508,positive,False,0.1624672141296354,0.0,0.3333333333333333,0.1501085186771771,currency_positive,weak positive Pearson correlation (0.15); Spearman 0.22; PCA loading signal 0.16,0.015815665366203005,1.5815665366203004
BOJ,gdp_growth,gdp_qoq,GDP (QoQ),tankan_non_manufacturing_outlook,Tankan Non-Manufacturing Outlook,Sentiment,2,24,0.22721815236243628,0.026488923668567563,0.22721815236243628,0.026488923668567563,positive,False,0.2286753286219133,0.0,0.3333333333333333,0.14795812292772212,currency_positive,weak positive Pearson correlation (0.23); Spearman 0.03; PCA loading signal 0.23,0.015589096348814814,1.5589096348814815
BOJ,gdp_growth,gdp_qoq,GDP (QoQ),tankan_large_manufacturers_index,Tankan Large Manufacturers Index,Sentiment,2,24,0.17470435292653294,-0.047192674517587,0.17470435292653294,0.047192674517587,positive,False,0.2383171698219709,0.0,0.3333333333333333,0.13808026468276538,currency_positive,weak positive Pearson correlation (0.17); Spearman -0.05; PCA loading signal 0.24,0.014548349948052564,1.4548349948052564
BOJ,gdp_growth,gdp_qoq,GDP (QoQ),cpi_index,Consumer Price Index,Inflation,2,24,0.09259485472197675,0.18997821350762525,0.09259485472197675,0.18997821350762525,positive,False,0.2118882974725932,0.0,0.3333333333333333,0.13724732599651818,currency_positive,weak positive Pearson correlation (0.09); Spearman 0.19; PCA loading signal 0.21,0.014460590241619237,1.4460590241619238
BOJ,gdp_growth,gdp_qoq,GDP (QoQ),core_cpi_yoy,Core CPI (YoY),Inflation,1,24,0.0922270474106566,0.09756098486317949,0.0922270474106566,0.09756098486317949,positive,False,0.2359210660315635,0.0,0.3333333333333333,0.12297943641484763,currency_positive,weak positive Pearson correlation (0.09); Spearman 0.10; PCA loading signal 0.24,0.012957303358941172,1.2957303358941172
BOJ,gdp_growth,gdp_qoq,GDP (QoQ),tankan_small_manufacturers_index,Tankan Small Manufacturers Index,Sentiment,2,23,0.11188599106132201,-0.02162040918051034,0.11188599106132201,0.02162040918051034,positive,False,0.2478237529022001,0.0,0.3194444444444444,0.11444259912133914,currency_positive,weak positive Pearson correlation (0.11); Spearman -0.02; PCA loading signal 0.25,0.012057848996792566,1.2057848996792566
BOJ,gdp_growth,gdp_qoq,GDP (QoQ),tankan_large_non_manufacturing_index,Tankan Large Non-Manufacturing Index,Sentiment,2,24,0.10967533321345639,-0.03127071684049132,0.10967533321345639,0.03127071684049132,positive,False,0.2133580552271639,0.0,0.3333333333333333,0.11089452660635801,currency_positive,weak positive Pearson correlation (0.11); Spearman -0.03; PCA loading signal 0.21,0.011684018596716174,1.1684018596716175
BOJ,gdp_growth,gdp_qoq,GDP (QoQ),cpi_ex_food_energy_yoy,CPI Ex Food and Energy (YoY),Inflation,1,24,0.023012788880251978,-0.04682056193210622,0.023012788880251978,0.04682056193210622,positive,False,0.299368559399061,0.0,0.3333333333333333,0.10348762307566114,currency_positive,weak positive Pearson correlation (0.02); Spearman -0.05; PCA loading signal 0.30,0.010903615800968245,1.0903615800968245
BOJ,gdp_growth,gdp_qoq,GDP (QoQ),cpi_headline_mom,Headline CPI (MoM),Inflation,2,22,0.11972278371192137,-0.14319093060916782,0.11972278371192137,0.14319093060916782,positive,False,0.0,0.0,0.3055555555555556,0.09511057679096553,currency_positive,weak positive Pearson correlation (0.12); Spearman -0.14,0.010020997266300872,1.0020997266300873
BOJ,gdp_growth,gdp_qoq,GDP (QoQ),reuters_tankan_index,Reuters Tankan Index,Sentiment,2,24,-0.07482609461501792,-0.003269398741324255,0.07482609461501792,0.003269398741324255,negative,False,0.2118315812685053,0.0,0.3333333333333333,0.0945647260944345,currency_negative,weak negative Pearson correlation (-0.07); Spearman -0.00; PCA loading signal 0.21,0.00996348559386335,0.996348559386335
BOJ,gdp_growth,gdp_qoq,GDP (QoQ),tankan_large_all_industry_capex,Tankan Large All Industry Capex,Sentiment,2,24,0.0015406569016569696,-0.014148895219616167,0.0015406569016569696,0.014148895219616167,positive,False,0.0,0.0,0.3333333333333333,0.036625309447753655,currency_positive,weak positive Pearson correlation (0.00); Spearman -0.01,0.003858899170173322,0.38588991701733216
BOJ,inflation,cpi_headline_yoy,Headline CPI (YoY),core_cpi_yoy,Core CPI (YoY),Inflation,1,73,0.9641675761607629,0.9436265156097812,0.9641675761607629,0.9436265156097812,positive,True,0.2359210660315635,0.042920282812916,1.0,0.7477378159340622,policy_tightening_positive_but_regime_dependent,strong positive Pearson correlation (0.96); Spearman 0.94; same macro theme; PCA loading signal 0.24; model importance signal 0.04,0.06299023408892285,6.2990234088922845
BOJ,inflation,cpi_headline_yoy,Headline CPI (YoY),cpi_ex_food_energy_yoy,CPI Ex Food and Energy (YoY),Inflation,1,75,0.8443729603208106,0.7864620883927029,0.8443729603208106,0.7864620883927029,positive,True,0.299368559399061,0.0131739085000601,1.0,0.686730210911625,policy_tightening_positive_but_regime_dependent,strong positive Pearson correlation (0.84); Spearman 0.79; same macro theme; PCA loading signal 0.30; model importance signal 0.01,0.05785088813145326,5.785088813145326
BOJ,inflation,cpi_headline_yoy,Headline CPI (YoY),cpi_index,Consumer Price Index,Inflation,2,69,0.7308599180842275,0.7027764126647563,0.7308599180842275,0.7027764126647563,positive,True,0.2118882974725932,0.0423228829878857,0.9583333333333334,0.6209813749445602,policy_tightening_positive_but_regime_dependent,strong positive Pearson correlation (0.73); Spearman 0.70; same macro theme; PCA loading signal 0.21; model importance signal 0.04,0.052312135803585416,5.231213580358542
BOJ,inflation,cpi_headline_yoy,Headline CPI (YoY),coincident_index,Coincident Index,Growth,2,74,0.7317985623910735,0.6987475827507356,0.7317985623910735,0.6987475827507356,positive,False,0.2030862697210742,0.2728273529254304,1.0,0.5422252638145857,policy_tightening_positive_but_regime_dependent,strong positive Pearson correlation (0.73); Spearman 0.70; PCA loading signal 0.20; model importance signal 0.27,0.045677636691335385,4.567763669133538
BOJ,inflation,cpi_headline_yoy,Headline CPI (YoY),unemployment_rate,Unemployment Rate,Labor,2,74,-0.6467461333494563,-0.6033538476404747,0.6467461333494563,0.6033538476404747,negative,False,0.2158379944502154,0.0192997278324981,1.0,0.4568264022654952,disinflationary_or_growth_sensitive,moderate negative Pearson correlation (-0.65); Spearman -0.60; PCA loading signal 0.22; model importance signal 0.02,0.03848354517252542,3.8483545172525417
BOJ,inflation,cpi_headline_yoy,Headline CPI (YoY),ppi_yoy,PPI (YoY),Inflation,2,74,0.3773323860430877,0.41494211500590455,0.3773323860430877,0.41494211500590455,positive,True,0.1624672141296354,0.0194455066591605,1.0,0.4487379734894989,policy_tightening_positive_but_regime_dependent,weak positive Pearson correlation (0.38); Spearman 0.41; same macro theme; PCA loading signal 0.16; model importance signal 0.02,0.03780216727354202,3.780216727354202
BOJ,inflation,cpi_headline_yoy,Headline CPI (YoY),tankan_large_non_manufacturing_index,Tankan Large Non-Manufacturing Index,Sentiment,2,25,0.7768721553927067,0.6617743951454366,0.7768721553927067,0.6617743951454366,positive,False,0.2133580552271639,0.0,0.3472222222222222,0.438543197810011,policy_tightening_positive_but_regime_dependent,strong positive Pearson correlation (0.78); Spearman 0.66; PCA loading signal 0.21,0.03694334845650411,3.6943348456504115
BOJ,inflation,cpi_headline_yoy,Headline CPI (YoY),cpi_headline_mom,Headline CPI (MoM),Inflation,2,68,0.4181442179374728,0.4212511339361112,0.4181442179374728,0.4212511339361112,positive,True,0.0,0.081732229937087,0.9444444444444444,0.4380324157022133,policy_tightening_positive_but_regime_dependent,moderate positive Pearson correlation (0.42); Spearman 0.42; same macro theme; model importance signal 0.08,0.03690031962493644,3.6900319624936437
BOJ,inflation,cpi_headline_yoy,Headline CPI (YoY),services_pmi,S&P Global Services PMI,Growth,2,75,0.5578251298923894,0.6255803846768735,0.5578251298923894,0.6255803846768735,positive,False,0.2276024113633742,0.0260712305740064,1.0,0.43786415914608,policy_tightening_positive_but_regime_dependent,moderate positive Pearson correlation (0.56); Spearman 0.63; PCA loading signal 0.23; model importance signal 0.03,0.03688614551252433,3.688614551252433
BOJ,inflation,cpi_headline_yoy,Headline CPI (YoY),tankan_non_manufacturing_outlook,Tankan Non-Manufacturing Outlook,Sentiment,2,25,0.7304101554460204,0.6099886271117101,0.7304101554460204,0.6099886271117101,positive,False,0.2286753286219133,0.0,0.3472222222222222,0.41700455343031473,policy_tightening_positive_but_regime_dependent,strong positive Pearson correlation (0.73); Spearman 0.61; PCA loading signal 0.23,0.035128909996225983,3.5128909996225985
BOJ,inflation,cpi_headline_yoy,Headline CPI (YoY),composite_pmi,S&P Global Composite PMI,Growth,2,72,0.457134338419394,0.49547309558862707,0.457134338419394,0.49547309558862707,positive,False,0.2360756317683934,0.0,1.0,0.3787285343618544,policy_tightening_positive_but_regime_dependent,moderate positive Pearson correlation (0.46); Spearman 0.50; PCA loading signal 0.24,0.03190449717432986,3.190449717432986
BOJ,inflation,cpi_headline_yoy,Headline CPI (YoY),eco_watchers_current,Eco Watchers Survey Current,Sentiment,2,75,0.48077033940338376,0.4156019000275828,0.48077033940338376,0.4156019000275828,positive,False,0.2047005807097212,0.0169592743514363,1.0,0.36708066299402575,policy_tightening_positive_but_regime_dependent,moderate positive Pearson correlation (0.48); Spearman 0.42; PCA loading signal 0.20; model importance signal 0.02,0.030923268020925793,3.0923268020925794
BOJ,inflation,cpi_headline_yoy,Headline CPI (YoY),leading_economic_index,Leading Economic Index,Growth,2,74,0.49157822621914,0.3416887482009795,0.49157822621914,0.3416887482009795,positive,False,0.2320006974664118,0.0323247722210632,1.0,0.3630665543274728,policy_tightening_positive_but_regime_dependent,moderate positive Pearson correlation (0.49); Spearman 0.34; PCA loading signal 0.23; model importance signal 0.03,0.03058511520963767,3.058511520963767
BOJ,inflation,cpi_headline_yoy,Headline CPI (YoY),ppi_mom,PPI (MoM),Inflation,2,67,-0.12321485598326365,-0.23332128383678036,0.12321485598326365,0.23332128383678036,negative,True,0.2423865560154988,0.024076566922177,0.9305555555555556,0.3444068655774506,disinflationary_or_growth_sensitive,weak negative Pearson correlation (-0.12); Spearman -0.23; same macro theme; PCA loading signal 0.24; model importance signal 0.02,0.029013203053607318,2.901320305360732
BOJ,inflation,cpi_headline_yoy,Headline CPI (YoY),retail_sales_yoy,Retail Sales (YoY),Growth,2,74,0.428377722661704,0.5343192158502563,0.428377722661704,0.5343192158502563,positive,False,0.0,0.0,1.0,0.33537715996856243,policy_tightening_positive_but_regime_dependent,moderate positive Pearson correlation (0.43); Spearman 0.53,0.028252530986557438,2.8252530986557436
BOJ,inflation,cpi_headline_yoy,Headline CPI (YoY),machine_tool_orders_yoy,Machine Tool Orders (YoY),Growth,3,75,-0.37996310726117305,-0.2912767429789925,0.37996310726117305,0.2912767429789925,negative,False,0.3153816985389736,0.0177417942547519,1.0,0.33202909153447346,disinflationary_or_growth_sensitive,weak negative Pearson correlation (-0.38); Spearman -0.29; PCA loading signal 0.32; model importance signal 0.02,0.027970486117467126,2.7970486117467126
BOJ,inflation,cpi_headline_yoy,Headline CPI (YoY),balance_of_trade,Balance of Trade,Growth,2,75,-0.3843881990846308,-0.3201601213544325,0.3843881990846308,0.3201601213544325,negative,False,0.2133737597787798,0.0586984707573585,1.0,0.32773450078520705,disinflationary_or_growth_sensitive,weak negative Pearson correlation (-0.38); Spearman -0.32; PCA loading signal 0.21; model importance signal 0.06,0.02760870519526716,2.760870519526716
BOJ,inflation,cpi_headline_yoy,Headline CPI (YoY),tankan_small_manufacturers_index,Tankan Small Manufacturers Index,Sentiment,2,24,0.5254346394678546,0.45401161445741556,0.5254346394678546,0.45401161445741556,positive,False,0.2478237529022001,0.0,0.3333333333333333,0.3263743235875688,policy_tightening_positive_but_regime_dependent,moderate positive Pearson correlation (0.53); Spearman 0.45; PCA loading signal 0.25,0.027494122412029667,2.7494122412029665
BOJ,inflation,cpi_headline_yoy,Headline CPI (YoY),eco_watchers_outlook,Eco Watchers Survey Outlook,Sentiment,2,75,0.3924204799569271,0.25892049066624073,0.3924204799569271,0.25892049066624073,positive,False,0.184457201111493,0.0252502768123819,1.0,0.3070050853784999,policy_tightening_positive_but_regime_dependent,weak positive Pearson correlation (0.39); Spearman 0.26; PCA loading signal 0.18; model importance signal 0.03,0.02586243704997631,2.586243704997631
BOJ,inflation,cpi_headline_yoy,Headline CPI (YoY),tankan_large_all_industry_capex,Tankan Large All Industry Capex,Sentiment,2,25,0.4963808645703244,0.543792198468213,0.4963808645703244,0.543792198468213,positive,False,0.0,0.0,0.3472222222222222,0.29239492128696215,policy_tightening_positive_but_regime_dependent,moderate positive Pearson correlation (0.50); Spearman 0.54,0.024631661186308218,2.463166118630822
BOJ,inflation,cpi_headline_yoy,Headline CPI (YoY),tertiary_industry_index_mom,Tertiary Industry Index (MoM),Growth,2,73,0.09624381923420097,0.13966195939224524,0.09624381923420097,0.13966195939224524,positive,False,0.3431737002512582,0.0,1.0,0.2185768036939358,policy_tightening_positive_but_regime_dependent,weak positive Pearson correlation (0.10); Spearman 0.14; PCA loading signal 0.34,0.018413143935873476,1.8413143935873475
BOJ,inflation,cpi_headline_yoy,Headline CPI (YoY),reuters_tankan_index,Reuters Tankan Index,Sentiment,2,74,0.2143466706374331,-0.06570941673056956,0.2143466706374331,0.06570941673056956,positive,False,0.2118315812685053,0.0,1.0,0.21557556916567477,policy_tightening_positive_but_regime_dependent,weak positive Pearson correlation (0.21); Spearman -0.07; PCA loading signal 0.21,0.01816031672630569,1.8160316726305687
BOJ,inflation,cpi_headline_yoy,Headline CPI (YoY),tankan_large_manufacturing_outlook,Tankan Large Manufacturing Outlook,Sentiment,2,25,0.40031052215455193,0.07678986352715969,0.40031052215455193,0.07678986352715969,positive,False,0.2442300889557944,0.0,0.3472222222222222,0.2141347675860627,policy_tightening_positive_but_regime_dependent,moderate positive Pearson correlation (0.40); Spearman 0.08; PCA loading signal 0.24,0.018038942058820024,1.8038942058820024
BOJ,inflation,cpi_headline_yoy,Headline CPI (YoY),manufacturing_pmi,S&P Global Manufacturing PMI,Growth,2,75,-0.05978174329552111,-0.22434373644507224,0.05978174329552111,0.22434373644507224,negative,False,0.2500254898605776,0.0,1.0,0.20780785845257477,disinflationary_or_growth_sensitive,weak negative Pearson correlation (-0.06); Spearman -0.22; PCA loading signal 0.25,0.0175059564602785,1.75059564602785
BOJ,inflation,cpi_headline_yoy,Headline CPI (YoY),leading_index_mom,Leading Index (MoM),Growth,2,22,-0.32958179824534756,-0.3441935184622887,0.32958179824534756,0.3441935184622887,negative,False,0.0,0.0,0.3055555555555556,0.19826879872161757,disinflationary_or_growth_sensitive,weak negative Pearson correlation (-0.33); Spearman -0.34,0.016702375856707422,1.6702375856707423
BOJ,inflation,cpi_headline_yoy,Headline CPI (YoY),tankan_large_manufacturers_index,Tankan Large Manufacturers Index,Sentiment,2,25,0.31805039035542687,-0.04538448415577238,0.31805039035542687,0.04538448415577238,positive,False,0.2383171698219709,0.0,0.3472222222222222,0.18211132672795954,policy_tightening_positive_but_regime_dependent,weak positive Pearson correlation (0.32); Spearman -0.05; PCA loading signal 0.24,0.015341253118927521,1.5341253118927523
BOJ,inflation,cpi_headline_yoy,Headline CPI (YoY),current_account,Current Account,Growth,2,74,0.13058981040252887,0.15097421124892843,0.13058981040252887,0.15097421124892843,positive,False,0.0,0.0,1.0,0.16937178537054437,policy_tightening_positive_but_regime_dependent,weak positive Pearson correlation (0.13); Spearman 0.15,0.014268060516936854,1.4268060516936854
BOJ,inflation,cpi_headline_yoy,Headline CPI (YoY),industrial_production_mom,Industrial Production (MoM),Growth,2,75,-0.007741199184406185,-0.04425050797457621,0.007741199184406185,0.04425050797457621,negative,False,0.2989540259049987,0.0,1.0,0.16498418601313686,disinflationary_or_growth_sensitive,weak negative Pearson correlation (-0.01); Spearman -0.04; PCA loading signal 0.30,0.013898444450018714,1.3898444450018714
BOJ,inflation,cpi_headline_yoy,Headline CPI (YoY),capacity_utilization,Capacity Utilization,Growth,2,73,0.008664716739246228,-0.009504692435204009,0.008664716739246228,0.009504692435204009,positive,False,0.3302692824483402,0.0,1.0,0.1639488243495159,policy_tightening_positive_but_regime_dependent,weak positive Pearson correlation (0.01); Spearman -0.01; PCA loading signal 0.33,0.013811224475091125,1.3811224475091124
BOJ,inflation,cpi_headline_yoy,Headline CPI (YoY),household_spending_yoy,Household Spending (YoY),Growth,2,74,0.10417866871078214,0.15797084323273264,0.10417866871078214,0.15797084323273264,positive,False,0.0,0.0,1.0,0.16284776925978117,policy_tightening_positive_but_regime_dependent,weak positive Pearson correlation (0.10); Spearman 0.16,0.013718470415621024,1.3718470415621025
BOJ,inflation,cpi_headline_yoy,Headline CPI (YoY),household_spending_mom,Household Spending (MoM),Growth,2,74,0.021843070453113202,0.06084798508558421,0.021843070453113202,0.06084798508558421,positive,False,0.2378238547192943,0.0,1.0,0.16153081200252378,policy_tightening_positive_but_regime_dependent,weak positive Pearson correlation (0.02); Spearman 0.06; PCA loading signal 0.24,0.013607528526429394,1.3607528526429393
BOJ,inflation,cpi_headline_yoy,Headline CPI (YoY),retail_sales_mom,Retail Sales (MoM),Growth,2,74,0.01945185225835614,0.020503352300556867,0.01945185225835614,0.020503352300556867,positive,False,0.2663012945619772,0.0,1.0,0.15787045915877412,policy_tightening_positive_but_regime_dependent,weak positive Pearson correlation (0.02); Spearman 0.02; PCA loading signal 0.27,0.013299176484359907,1.3299176484359907
BOJ,inflation,cpi_headline_yoy,Headline CPI (YoY),exports_yoy,Exports (YoY),Growth,2,75,-0.010855571561179419,-0.016194480867816323,0.010855571561179419,0.016194480867816323,negative,False,0.2528835815065719,0.0,1.0,0.15201461231310004,disinflationary_or_growth_sensitive,weak negative Pearson correlation (-0.01); Spearman -0.02; PCA loading signal 0.25,0.012805873677229422,1.2805873677229422
BOJ,inflation,cpi_headline_yoy,Headline CPI (YoY),imports_yoy,Imports (YoY),Growth,2,75,0.00015546936101622967,0.02331227072685665,0.00015546936101622967,0.02331227072685665,positive,False,0.2522980026779893,0.0,1.0,0.15012273543571428,policy_tightening_positive_but_regime_dependent,weak positive Pearson correlation (0.00); Spearman 0.02; PCA loading signal 0.25,0.012646499943770342,1.2646499943770342
BOJ,inflation,cpi_headline_yoy,Headline CPI (YoY),industrial_production_yoy,Industrial Production (YoY),Growth,2,74,0.03843152057126608,0.16650240767960284,0.03843152057126608,0.16650240767960284,positive,False,0.0,0.0,1.0,0.1448299377073004,policy_tightening_positive_but_regime_dependent,weak positive Pearson correlation (0.04); Spearman 0.17,0.01220062899703798,1.2200628997037979
BOJ,inflation,cpi_headline_yoy,Headline CPI (YoY),consumer_confidence,Consumer Confidence,Sentiment,2,75,0.05363526650719678,-0.09445786425845196,0.05363526650719678,0.09445786425845196,positive,False,0.0,0.0,1.0,0.13498215280384943,policy_tightening_positive_but_regime_dependent,weak positive Pearson correlation (0.05); Spearman -0.09,0.011371041054436936,1.1371041054436937
BOJ,inflation,cpi_headline_yoy,Headline CPI (YoY),gdp_qoq,GDP (QoQ),Growth,1,24,0.06798270061716016,0.08821607702189098,0.06798270061716016,0.08821607702189098,positive,False,0.3495981542811818,0.0,0.3333333333333333,0.1342990266934723,policy_tightening_positive_but_regime_dependent,weak positive Pearson correlation (0.07); Spearman 0.09; PCA loading signal 0.35,0.011313493779592801,1.13134937795928
BOJ,inflation,cpi_headline_yoy,Headline CPI (YoY),machinery_orders_yoy,Machinery Orders (YoY),Growth,2,74,0.02638366580538577,-0.06592553264516707,0.02638366580538577,0.06592553264516707,positive,False,0.0,0.0,1.0,0.12110020627064916,policy_tightening_positive_but_regime_dependent,weak positive Pearson correlation (0.03); Spearman -0.07,0.01020161101746084,1.0201611017460839
BOJ,inflation,cpi_headline_yoy,Headline CPI (YoY),machinery_orders_mom,Machinery Orders (MoM),Growth,2,73,-0.024410368671977697,-0.043256401893016924,0.024410368671977697,0.043256401893016924,negative,False,0.0,0.0,1.0,0.1159743909801967,disinflationary_or_growth_sensitive,weak negative Pearson correlation (-0.02); Spearman -0.04,0.009769806850061805,0.9769806850061804
BOJ,inflation,cpi_headline_yoy,Headline CPI (YoY),coincident_indicator_mom,Coincident Indicator (MoM),Growth,2,22,-0.0906485674198119,-0.16855567365025662,0.0906485674198119,0.16855567365025662,negative,False,0.0,0.0,0.3055555555555556,0.09146126051155046,disinflationary_or_growth_sensitive,weak negative Pearson correlation (-0.09); Spearman -0.17,0.007704794497378419,0.7704794497378419
BOJ,unemployment,unemployment_rate,Unemployment Rate,cpi_headline_yoy,Headline CPI (YoY),Inflation,1,74,-0.6467461333494563,-0.6033538476404748,0.6467461333494563,0.6033538476404748,negative,False,0.2423028146893594,0.0942238272972632,1.0,0.47432716681755127,currency_positive,moderate negative Pearson correlation (-0.65); Spearman -0.60; PCA loading signal 0.24; model importance signal 0.09,0.05369508518382423,5.369508518382423
BOJ,unemployment,unemployment_rate,Unemployment Rate,coincident_index,Coincident Index,Growth,2,75,-0.591864972616185,-0.5686419387657453,0.591864972616185,0.5686419387657453,negative,False,0.2030862697210742,0.053056658084149,1.0,0.4368630399621032,currency_positive,moderate negative Pearson correlation (-0.59); Spearman -0.57; PCA loading signal 0.20; model importance signal 0.05,0.04945404730202259,4.945404730202259
BOJ,unemployment,unemployment_rate,Unemployment Rate,cpi_ex_food_energy_yoy,CPI Ex Food and Energy (YoY),Inflation,1,74,-0.5448170361976663,-0.5071913531411635,0.5448170361976663,0.5071913531411635,negative,False,0.299368559399061,0.0151457872828936,1.0,0.42134450601745543,currency_positive,moderate negative Pearson correlation (-0.54); Spearman -0.51; PCA loading signal 0.30; model importance signal 0.02,0.04769730836658134,4.769730836658134
BOJ,unemployment,unemployment_rate,Unemployment Rate,cpi_index,Consumer Price Index,Inflation,2,70,-0.4457158495564211,-0.42147689341992983,0.4457158495564211,0.42147689341992983,negative,False,0.2118882974725932,0.0132673230823049,0.9722222222222222,0.3556276942421931,currency_positive,moderate negative Pearson correlation (-0.45); Spearman -0.42; PCA loading signal 0.21; model importance signal 0.01,0.04025799210317333,4.0257992103173335
BOJ,unemployment,unemployment_rate,Unemployment Rate,tankan_large_non_manufacturing_index,Tankan Large Non-Manufacturing Index,Sentiment,2,25,-0.5872845587398269,-0.520011314560819,0.5872845587398269,0.520011314560819,negative,False,0.2133580552271639,0.0,0.3472222222222222,0.3533143026972236,currency_positive,moderate negative Pearson correlation (-0.59); Spearman -0.52; PCA loading signal 0.21,0.03999611008426199,3.9996110084261987
BOJ,unemployment,unemployment_rate,Unemployment Rate,services_pmi,S&P Global Services PMI,Growth,2,75,-0.29772091788059757,-0.304653708315066,0.29772091788059757,0.304653708315066,negative,False,0.2276024113633742,0.2708251471100197,1.0,0.3372557260813032,currency_positive,weak negative Pearson correlation (-0.30); Spearman -0.30; PCA loading signal 0.23; model importance signal 0.27,0.0381782368953656,3.81782368953656
BOJ,unemployment,unemployment_rate,Unemployment Rate,machine_tool_orders_yoy,Machine Tool Orders (YoY),Growth,3,75,0.3569300876620629,0.28271996275725636,0.3569300876620629,0.28271996275725636,positive,False,0.3153816985389736,0.0385629642730627,1.0,0.32694742851350606,currency_negative,weak positive Pearson correlation (0.36); Spearman 0.28; PCA loading signal 0.32; model importance signal 0.04,0.03701131044728386,3.701131044728386
BOJ,unemployment,unemployment_rate,Unemployment Rate,tankan_non_manufacturing_outlook,Tankan Non-Manufacturing Outlook,Sentiment,2,25,-0.5049405882607507,-0.4748191514578363,0.5049405882607507,0.4748191514578363,negative,False,0.2286753286219133,0.0,0.3472222222222222,0.3223297881439591,currency_positive,moderate negative Pearson correlation (-0.50); Spearman -0.47; PCA loading signal 0.23,0.036488581389501555,3.6488581389501555
BOJ,unemployment,unemployment_rate,Unemployment Rate,leading_economic_index,Leading Economic Index,Growth,2,75,-0.30963415537360234,-0.2674993012255125,0.30963415537360234,0.2674993012255125,negative,False,0.2320006974664118,0.0343329698984988,1.0,0.2939868372838821,currency_positive,weak negative Pearson correlation (-0.31); Spearman -0.27; PCA loading signal 0.23; model importance signal 0.03,0.03328008466559756,3.328008466559756
BOJ,unemployment,unemployment_rate,Unemployment Rate,tankan_small_manufacturers_index,Tankan Small Manufacturers Index,Sentiment,2,24,-0.4264048168361468,-0.3866835507322843,0.4264048168361468,0.3866835507322843,negative,False,0.2478237529022001,0.0,0.3333333333333333,0.28319976405303027,currency_positive,moderate negative Pearson correlation (-0.43); Spearman -0.39; PCA loading signal 0.25,0.03205895955083572,3.205895955083572
BOJ,unemployment,unemployment_rate,Unemployment Rate,composite_pmi,S&P Global Composite PMI,Growth,2,72,-0.24402026836667381,-0.22955132555856209,0.24402026836667381,0.22955132555856209,negative,False,0.2360756317683934,0.0,1.0,0.2616099593400254,currency_positive,weak negative Pearson correlation (-0.24); Spearman -0.23; PCA loading signal 0.24,0.029614936766003675,2.9614936766003677
BOJ,unemployment,unemployment_rate,Unemployment Rate,balance_of_trade,Balance of Trade,Growth,2,75,0.2405052309682423,0.173073060123904,0.2405052309682423,0.173073060123904,positive,False,0.2133737597787798,0.0233469167696333,1.0,0.2491424339262715,currency_negative,weak positive Pearson correlation (0.24); Spearman 0.17; PCA loading signal 0.21; model importance signal 0.02,0.028203580035975794,2.8203580035975793
BOJ,unemployment,unemployment_rate,Unemployment Rate,capacity_utilization,Capacity Utilization,Growth,2,74,0.14837994064493998,0.18121708532720482,0.14837994064493998,0.18121708532720482,positive,False,0.3302692824483402,0.0204246655942739,1.0,0.24367806325065078,currency_negative,weak positive Pearson correlation (0.15); Spearman 0.18; PCA loading signal 0.33; model importance signal 0.02,0.027584998876325907,2.7584998876325906
BOJ,unemployment,unemployment_rate,Unemployment Rate,ppi_mom,PPI (MoM),Inflation,2,67,0.17126814614548794,0.2722745400329539,0.17126814614548794,0.2722745400329539,positive,False,0.2423865560154988,0.0,0.9305555555555556,0.24252048748858251,currency_negative,weak positive Pearson correlation (0.17); Spearman 0.27; PCA loading signal 0.24,0.02745395824973052,2.7453958249730523
BOJ,unemployment,unemployment_rate,Unemployment Rate,reuters_tankan_index,Reuters Tankan Index,Sentiment,2,74,-0.268454799096914,0.044318836505172994,0.268454799096914,0.044318836505172994,negative,False,0.2118315812685053,0.0243657467205584,1.0,0.2316720686009347,currency_positive,weak negative Pearson correlation (-0.27); Spearman 0.04; PCA loading signal 0.21; model importance signal 0.02,0.026225888644967367,2.622588864496737
BOJ,unemployment,unemployment_rate,Unemployment Rate,ppi_yoy,PPI (YoY),Inflation,2,74,-0.2109456137985815,-0.16046278512115175,0.2109456137985815,0.16046278512115175,negative,False,0.1624672141296354,0.0375604397553193,1.0,0.23100561446554346,currency_positive,weak negative Pearson correlation (-0.21); Spearman -0.16; PCA loading signal 0.16; model importance signal 0.04,0.026150444280667,2.6150444280667
BOJ,unemployment,unemployment_rate,Unemployment Rate,industrial_production_mom,Industrial Production (MoM),Growth,2,75,0.13114281538562672,0.13843784259616884,0.13114281538562672,0.13843784259616884,positive,False,0.2989540259049987,0.0181037036471831,1.0,0.2239197674178427,currency_negative,weak positive Pearson correlation (0.13); Spearman 0.14; PCA loading signal 0.30; model importance signal 0.02,0.02534830772294335,2.534830772294335
BOJ,unemployment,unemployment_rate,Unemployment Rate,retail_sales_mom,Retail Sales (MoM),Growth,2,75,0.140436328764775,0.10370680487134414,0.140436328764775,0.10370680487134414,positive,False,0.2663012945619772,0.0181736286268893,1.0,0.2138960094914284,currency_negative,weak positive Pearson correlation (0.14); Spearman 0.10; PCA loading signal 0.27; model importance signal 0.02,0.024213591912056902,2.42135919120569
BOJ,unemployment,unemployment_rate,Unemployment Rate,manufacturing_pmi,S&P Global Manufacturing PMI,Growth,2,75,0.05731603786744243,0.24147607612637806,0.05731603786744243,0.24147607612637806,positive,False,0.2500254898605776,0.0,1.0,0.2104946147604123,currency_negative,weak positive Pearson correlation (0.06); Spearman 0.24; PCA loading signal 0.25,0.02382854506548661,2.382854506548661
BOJ,unemployment,unemployment_rate,Unemployment Rate,gdp_qoq,GDP (QoQ),Growth,1,24,0.28453900096318163,0.13895756963751407,0.28453900096318163,0.13895756963751407,positive,False,0.3495981542811818,0.0,0.3333333333333333,0.20941421532040333,currency_negative,weak positive Pearson correlation (0.28); Spearman 0.14; PCA loading signal 0.35,0.02370624100191575,2.3706241001915753
BOJ,unemployment,unemployment_rate,Unemployment Rate,cpi_headline_mom,Headline CPI (MoM),Inflation,2,68,-0.2162726972700258,-0.2116348304731128,0.2162726972700258,0.2116348304731128,negative,False,0.0,0.0,0.9444444444444444,0.20165321972007474,currency_positive,weak negative Pearson correlation (-0.22); Spearman -0.21,0.022827675848949885,2.2827675848949887
BOJ,unemployment,unemployment_rate,Unemployment Rate,exports_yoy,Exports (YoY),Growth,2,75,0.08982397456058226,0.11008532250459191,0.08982397456058226,0.11008532250459191,positive,False,0.2528835815065719,0.0,1.0,0.19448330154027602,currency_negative,weak positive Pearson correlation (0.09); Spearman 0.11; PCA loading signal 0.25,0.022016022217536804,2.2016022217536806
BOJ,unemployment,unemployment_rate,Unemployment Rate,tankan_large_all_industry_capex,Tankan Large All Industry Capex,Sentiment,2,25,-0.3193579191114974,-0.3159344904281697,0.3193579191114974,0.3159344904281697,negative,False,0.0,0.0,0.3472222222222222,0.19371649604130536,currency_positive,weak negative Pearson correlation (-0.32); Spearman -0.32,0.021929217814443253,2.1929217814443254
BOJ,unemployment,unemployment_rate,Unemployment Rate,consumer_confidence,Consumer Confidence,Sentiment,2,75,-0.21395407594595012,-0.13955246448671893,0.21395407594595012,0.13955246448671893,negative,False,0.0,0.0,1.0,0.19209671568112885,currency_positive,weak negative Pearson correlation (-0.21); Spearman -0.14,0.02174585440938613,2.174585440938613
BOJ,unemployment,unemployment_rate,Unemployment Rate,eco_watchers_current,Eco Watchers Survey Current,Sentiment,2,75,-0.11314869279625654,-0.09482556994320228,0.11314869279625654,0.09482556994320228,negative,False,0.2047005807097212,0.0,1.0,0.18975582635526725,currency_positive,weak negative Pearson correlation (-0.11); Spearman -0.09; PCA loading signal 0.20,0.02148085956921837,2.148085956921837
BOJ,unemployment,unemployment_rate,Unemployment Rate,retail_sales_yoy,Retail Sales (YoY),Growth,2,75,-0.1595701323246752,-0.1848681484973726,0.1595701323246752,0.1848681484973726,negative,False,0.0,0.0,1.0,0.1848446693968771,currency_positive,weak negative Pearson correlation (-0.16); Spearman -0.18,0.020924903660133106,2.0924903660133105
BOJ,unemployment,unemployment_rate,Unemployment Rate,tertiary_industry_index_mom,Tertiary Industry Index (MoM),Growth,2,74,0.04454798776375296,-0.006414993066608465,0.04454798776375296,0.006414993066608465,positive,False,0.3431737002512582,0.0,1.0,0.17641866098767406,currency_negative,weak positive Pearson correlation (0.04); Spearman -0.01; PCA loading signal 0.34,0.01997105730482661,1.997105730482661
BOJ,unemployment,unemployment_rate,Unemployment Rate,imports_yoy,Imports (YoY),Growth,2,75,0.028268799279900527,0.02565776349324164,0.028268799279900527,0.02565776349324164,positive,False,0.2522980026779893,0.0,1.0,0.15902583296465655,currency_negative,weak positive Pearson correlation (0.03); Spearman 0.03; PCA loading signal 0.25,0.018002143340759367,1.8002143340759367
BOJ,unemployment,unemployment_rate,Unemployment Rate,household_spending_mom,Household Spending (MoM),Growth,2,75,0.0004485994218250256,-0.035330189267257284,0.0004485994218250256,0.035330189267257284,positive,False,0.2378238547192943,0.0,1.0,0.15000891152947193,currency_negative,weak positive Pearson correlation (0.00); Spearman -0.04; PCA loading signal 0.24,0.016981404073796145,1.6981404073796145
BOJ,unemployment,unemployment_rate,Unemployment Rate,tankan_large_manufacturers_index,Tankan Large Manufacturers Index,Sentiment,2,25,-0.20830503325054722,0.04150601829735232,0.20830503325054722,0.04150601829735232,negative,False,0.2383171698219709,0.0,0.3472222222222222,0.1484120264248116,currency_positive,weak negative Pearson correlation (-0.21); Spearman 0.04; PCA loading signal 0.24,0.01680063247199477,1.680063247199477
BOJ,unemployment,unemployment_rate,Unemployment Rate,household_spending_yoy,Household Spending (YoY),Growth,2,75,-0.08342996527918972,-0.09492015385902634,0.08342996527918972,0.09492015385902634,negative,False,0.0,0.0,1.0,0.14401302035556218,currency_positive,weak negative Pearson correlation (-0.08); Spearman -0.09,0.016302653393129647,1.6302653393129647
BOJ,unemployment,unemployment_rate,Unemployment Rate,eco_watchers_outlook,Eco Watchers Survey Outlook,Sentiment,2,75,-0.028102710287986967,-0.0014091198982769688,0.028102710287986967,0.0014091198982769688,negative,False,0.184457201111493,0.0,1.0,0.14191493326612023,currency_positive,weak negative Pearson correlation (-0.03); Spearman -0.00; PCA loading signal 0.18,0.01606514440593305,1.6065144405933052
BOJ,unemployment,unemployment_rate,Unemployment Rate,tankan_large_manufacturing_outlook,Tankan Large Manufacturing Outlook,Sentiment,2,25,-0.19989331622205356,0.014706533729413973,0.19989331622205356,0.014706533729413973,negative,False,0.2442300889557944,0.0,0.3472222222222222,0.14159293984676408,currency_positive,weak negative Pearson correlation (-0.20); Spearman 0.01; PCA loading signal 0.24,0.016028693902376694,1.6028693902376694
BOJ,unemployment,unemployment_rate,Unemployment Rate,machinery_orders_mom,Machinery Orders (MoM),Growth,2,74,0.09838684950347237,0.01513975351007113,0.09838684950347237,0.01513975351007113,positive,False,0.0,0.0,1.0,0.13254400555305595,currency_negative,weak positive Pearson correlation (0.10); Spearman 0.02,0.015004330695471493,1.5004330695471493
BOJ,unemployment,unemployment_rate,Unemployment Rate,machinery_orders_yoy,Machinery Orders (YoY),Growth,2,75,-0.06445667772319776,0.031448066433315915,0.06445667772319776,0.031448066433315915,negative,False,0.0,0.0,1.0,0.1256266166036225,currency_positive,weak negative Pearson correlation (-0.06); Spearman 0.03,0.014221264038375836,1.4221264038375836
BOJ,unemployment,unemployment_rate,Unemployment Rate,current_account,Current Account,Growth,2,75,-0.03957570613013447,-0.04045052638847538,0.03957570613013447,0.04045052638847538,negative,False,0.0,0.0,1.0,0.11996281711673543,currency_positive,weak negative Pearson correlation (-0.04); Spearman -0.04,0.013580107011775502,1.3580107011775502
BOJ,unemployment,unemployment_rate,Unemployment Rate,leading_index_mom,Leading Index (MoM),Growth,2,22,0.13246324581267288,0.18748305760690911,0.13246324581267288,0.18748305760690911,positive,False,0.0,0.0,0.3055555555555556,0.10779114082073925,currency_negative,weak positive Pearson correlation (0.13); Spearman 0.19,0.012202241181470154,1.2202241181470155
BOJ,unemployment,unemployment_rate,Unemployment Rate,coincident_indicator_mom,Coincident Indicator (MoM),Growth,2,22,0.21001016391450042,0.05449744486519949,0.21001016391450042,0.05449744486519949,positive,False,0.0,0.0,0.3055555555555556,0.10445809370294558,currency_negative,weak positive Pearson correlation (0.21); Spearman 0.05,0.011824931464819515,1.1824931464819515
BOJ,unemployment,unemployment_rate,Unemployment Rate,industrial_production_yoy,Industrial Production (YoY),Growth,2,75,0.003077172422595951,-0.009623801279034358,0.003077172422595951,0.009623801279034358,positive,False,0.0,0.0,1.0,0.10284791198258567,currency_negative,weak positive Pearson correlation (0.00); Spearman -0.01,0.01164265465108302,1.164265465108302
ECB,gdp_growth,gdp_qoq,GDP (QoQ),manufacturing_pmi,Manufacturing PMI,Growth,2,21,0.5162218925829313,0.4752814697526489,0.5162218925829313,0.4752814697526489,positive,True,0.3022947039742371,0.065153433899673,0.2916666666666667,0.46457865887038285,currency_positive,moderate positive Pearson correlation (0.52); Spearman 0.48; same macro theme; PCA loading signal 0.30; model importance signal 0.07,0.1979876114046862,19.79876114046862
ECB,gdp_growth,gdp_qoq,GDP (QoQ),construction_output_yoy,Construction Output (YoY),Growth,2,22,0.3975140907238545,0.28039423366679733,0.3975140907238545,0.28039423366679733,positive,True,0.5252143092080225,0.0730766803331381,0.3055555555555556,0.43285024082014895,currency_positive,weak positive Pearson correlation (0.40); Spearman 0.28; same macro theme; PCA loading signal 0.53; model importance signal 0.07,0.18446603958154362,18.446603958154363
ECB,gdp_growth,gdp_qoq,GDP (QoQ),economic_sentiment,Economic Sentiment,Sentiment,2,23,0.26707986844404097,0.43505141800416175,0.26707986844404097,0.43505141800416175,positive,False,0.4192522596323578,0.0958998719555208,0.3194444444444444,0.29084707354475203,currency_positive,weak positive Pearson correlation (0.27); Spearman 0.44; PCA loading signal 0.42; model importance signal 0.10,0.12394912309399576,12.394912309399576
ECB,gdp_growth,gdp_qoq,GDP (QoQ),consumer_confidence,Consumer Confidence,Sentiment,2,23,0.20357533249645715,0.4001565479934593,0.20357533249645715,0.4001565479934593,positive,False,0.3070804442109299,0.0381965685811901,0.3194444444444444,0.23481625040884316,currency_positive,weak positive Pearson correlation (0.20); Spearman 0.40; PCA loading signal 0.31; model importance signal 0.04,0.10007069341173161,10.00706934117316
ECB,gdp_growth,gdp_qoq,GDP (QoQ),zew_economic_sentiment,ZEW Economic Sentiment Index,Sentiment,2,23,0.17377076112147102,0.2552931460237732,0.17377076112147102,0.2552931460237732,positive,False,0.3356168132550795,0.0333017260822616,0.3194444444444444,0.20120662180553917,currency_positive,weak positive Pearson correlation (0.17); Spearman 0.26; PCA loading signal 0.34; model importance signal 0.03,0.08574741368220938,8.574741368220938
ECB,gdp_growth,gdp_qoq,GDP (QoQ),consumer_inflation_expectation,Consumer Inflation Expectation,Inflation,2,23,-0.07309734965220116,0.0838743294435941,0.07309734965220116,0.0838743294435941,negative,False,0.5136478377762088,0.0188845984614815,0.3194444444444444,0.16631550776699305,currency_negative,weak negative Pearson correlation (-0.07); Spearman 0.08; PCA loading signal 0.51; model importance signal 0.02,0.07087800847849857,7.087800847849857
ECB,gdp_growth,gdp_qoq,GDP (QoQ),cpi_headline_yoy,Headline HICP (YoY),Inflation,1,23,0.024381843443353507,0.14734006834008223,0.024381843443353507,0.14734006834008223,positive,False,0.4592560903435156,0.0455404853214193,0.3194444444444444,0.15913498991194103,currency_positive,weak positive Pearson correlation (0.02); Spearman 0.15; PCA loading signal 0.46; model importance signal 0.05,0.06781791617415729,6.781791617415729
ECB,gdp_growth,gdp_qoq,GDP (QoQ),unemployment_rate,Unemployment Rate,Labor,1,23,0.12021064343820698,-0.03581267329938191,0.12021064343820698,0.03581267329938191,positive,False,0.3711035434790552,0.0249043249307593,0.3194444444444444,0.14620254520024195,currency_positive,weak positive Pearson correlation (0.12); Spearman -0.04; PCA loading signal 0.37; model importance signal 0.02,0.06230654842360628,6.230654842360628
ECB,gdp_growth,gdp_qoq,GDP (QoQ),cpi_headline_mom,Headline HICP (MoM),Inflation,2,21,-0.0883242913693448,0.008245447164558767,0.0883242913693448,0.008245447164558767,negative,False,0.3774808594230369,0.0254897748186553,0.2916666666666667,0.1295928599256999,currency_negative,weak negative Pearson correlation (-0.09); Spearman 0.01; PCA loading signal 0.38; model importance signal 0.03,0.05522806590853307,5.522806590853307
ECB,gdp_growth,gdp_qoq,GDP (QoQ),core_cpi_yoy,Core HICP (YoY),Inflation,1,23,0.018052371569724435,-0.08882306304291156,0.018052371569724435,0.08882306304291156,positive,False,0.3428500401250067,0.0242420975249092,0.3194444444444444,0.12095893232567985,currency_positive,weak positive Pearson correlation (0.02); Spearman -0.09; PCA loading signal 0.34; model importance signal 0.02,0.051548579841038326,5.154857984103833
ECB,inflation,core_cpi_yoy,Core HICP (YoY),cpi_headline_yoy,Headline HICP (YoY),Inflation,1,76,0.8145615788894087,0.854433884653234,0.8145615788894087,0.854433884653234,positive,True,0.4592560903435156,0.4018960790955702,1.0,0.786243680305549,policy_tightening_positive_but_regime_dependent,strong positive Pearson correlation (0.81); Spearman 0.85; same macro theme; PCA loading signal 0.46; model importance signal 0.40,0.16275822438301638,16.27582243830164
ECB,inflation,core_cpi_yoy,Core HICP (YoY),zew_economic_sentiment,ZEW Economic Sentiment Index,Sentiment,2,75,-0.6548612845158895,-0.7047563990804289,0.6548612845158895,0.7047563990804289,negative,False,0.3356168132550795,0.0278113792285018,1.0,0.5025486260256122,disinflationary_or_growth_sensitive,moderate negative Pearson correlation (-0.65); Spearman -0.70; PCA loading signal 0.34; model importance signal 0.03,0.10403126166466169,10.40312616646617
ECB,inflation,core_cpi_yoy,Core HICP (YoY),unemployment_rate,Unemployment Rate,Labor,1,75,-0.6806525771202746,-0.4840445763991718,0.6806525771202746,0.4840445763991718,negative,False,0.3711035434790552,0.0325427765247234,1.0,0.47333559825134974,disinflationary_or_growth_sensitive,moderate negative Pearson correlation (-0.68); Spearman -0.48; PCA loading signal 0.37; model importance signal 0.03,0.09798395006332333,9.798395006332333
ECB,inflation,core_cpi_yoy,Core HICP (YoY),consumer_confidence,Consumer Confidence,Sentiment,2,76,-0.5597588202181726,-0.575911766406823,0.5597588202181726,0.575911766406823,negative,False,0.3070804442109299,0.0419564269464584,1.0,0.4455170718856817,disinflationary_or_growth_sensitive,moderate negative Pearson correlation (-0.56); Spearman -0.58; PCA loading signal 0.31; model importance signal 0.04,0.09222531050965632,9.222531050965632
ECB,inflation,core_cpi_yoy,Core HICP (YoY),cpi_headline_mom,Headline HICP (MoM),Inflation,2,72,0.20298804885631247,0.19904685085528012,0.20298804885631247,0.19904685085528012,positive,True,0.3774808594230369,0.0211006819331999,1.0,0.3922394554527404,policy_tightening_positive_but_regime_dependent,weak positive Pearson correlation (0.20); Spearman 0.20; same macro theme; PCA loading signal 0.38; model importance signal 0.02,0.08119645206895626,8.119645206895626
ECB,inflation,core_cpi_yoy,Core HICP (YoY),cpi_index,Consumer Price Index,Inflation,2,50,-0.0894242053035956,-0.5069949463075054,0.0894242053035956,0.5069949463075054,negative,True,0.283220757098969,0.0282815572163493,0.6944444444444444,0.373458296301618,disinflationary_or_growth_sensitive,weak negative Pearson correlation (-0.09); Spearman -0.51; same macro theme; PCA loading signal 0.28; model importance signal 0.03,0.07730861399551878,7.730861399551878
ECB,inflation,core_cpi_yoy,Core HICP (YoY),consumer_inflation_expectation,Consumer Inflation Expectation,Inflation,2,76,0.009280283319297566,-0.029392215640428834,0.009280283319297566,0.029392215640428834,positive,True,0.5136478377762088,0.026114479957927,1.0,0.3255586005164402,policy_tightening_positive_but_regime_dependent,weak positive Pearson correlation (0.01); Spearman -0.03; same macro theme; PCA loading signal 0.51; model importance signal 0.03,0.06739302468171661,6.739302468171661
ECB,inflation,core_cpi_yoy,Core HICP (YoY),manufacturing_pmi,Manufacturing PMI,Growth,2,68,-0.30771715807820793,-0.3963494558573991,0.30771715807820793,0.3963494558573991,negative,False,0.3022947039742371,0.0130536993573064,0.9444444444444444,0.3226616586454914,disinflationary_or_growth_sensitive,weak negative Pearson correlation (-0.31); Spearman -0.40; PCA loading signal 0.30; model importance signal 0.01,0.06679333640838994,6.679333640838994
ECB,inflation,core_cpi_yoy,Core HICP (YoY),construction_output_yoy,Construction Output (YoY),Growth,2,74,0.013975568986793734,0.18882848642140537,0.013975568986793734,0.18882848642140537,positive,False,0.5252143092080225,0.0291368497833253,1.0,0.24145020810092854,policy_tightening_positive_but_regime_dependent,weak positive Pearson correlation (0.01); Spearman 0.19; PCA loading signal 0.53; model importance signal 0.03,0.049981968862560504,4.99819688625605
ECB,inflation,core_cpi_yoy,Core HICP (YoY),composite_pmi,Composite PMI,Growth,2,18,-0.2728277562399206,-0.2005168226424475,0.2728277562399206,0.2005168226424475,negative,False,0.3867684281633559,0.0317046417267982,0.25,0.22195979756342543,disinflationary_or_growth_sensitive,weak negative Pearson correlation (-0.27); Spearman -0.20; PCA loading signal 0.39; model importance signal 0.03,0.04594731053583506,4.594731053583506
ECB,inflation,core_cpi_yoy,Core HICP (YoY),construction_output_mom,Construction Output (MoM),Growth,2,21,0.38151771460928513,0.3673224818411922,0.38151771460928513,0.3673224818411922,positive,False,0.0,0.0048535308104803,0.2916666666666667,0.2179115776554723,policy_tightening_positive_but_regime_dependent,weak positive Pearson correlation (0.38); Spearman 0.37; model importance signal 0.00,0.04510929924158291,4.510929924158291
ECB,inflation,core_cpi_yoy,Core HICP (YoY),economic_sentiment,Economic Sentiment,Sentiment,2,76,0.031998330098251225,0.06917262746635178,0.031998330098251225,0.06917262746635178,positive,False,0.4192522596323578,0.0337364029532043,1.0,0.20463461975861486,policy_tightening_positive_but_regime_dependent,weak positive Pearson correlation (0.03); Spearman 0.07; PCA loading signal 0.42; model importance signal 0.03,0.042360871309340825,4.236087130934083
ECB,inflation,core_cpi_yoy,Core HICP (YoY),services_pmi,Services PMI,Growth,2,18,-0.1890884041036828,-0.19958634953464321,0.1890884041036828,0.19958634953464321,negative,False,0.3756753064500868,0.0,0.25,0.1892653462990491,disinflationary_or_growth_sensitive,weak negative Pearson correlation (-0.19); Spearman -0.20; PCA loading signal 0.38,0.03917931866733571,3.9179318667335714
ECB,inflation,core_cpi_yoy,Core HICP (YoY),gdp_qoq,GDP (QoQ),Growth,1,23,0.018052371569724435,-0.08882306304291157,0.018052371569724435,0.08882306304291157,positive,False,0.4122818182851361,0.0272129789926285,0.3194444444444444,0.13396170224401543,policy_tightening_positive_but_regime_dependent,weak positive Pearson correlation (0.02); Spearman -0.09; PCA loading signal 0.41; model importance signal 0.03,0.02773105760810579,2.773105760810579
ECB,unemployment,unemployment_rate,Unemployment Rate,core_cpi_yoy,Core HICP (YoY),Inflation,1,75,-0.6806525771202746,-0.4840445763991718,0.6806525771202746,0.4840445763991718,negative,False,0.3428500401250067,0.0537898564491629,1.0,0.4718619712347757,currency_positive,moderate negative Pearson correlation (-0.68); Spearman -0.48; PCA loading signal 0.34; model importance signal 0.05,0.12999601960224183,12.999601960224183
ECB,unemployment,unemployment_rate,Unemployment Rate,consumer_inflation_expectation,Consumer Inflation Expectation,Inflation,2,75,0.34465740966938274,0.7043249198210698,0.34465740966938274,0.7043249198210698,positive,False,0.5136478377762088,0.0140733736925213,1.0,0.43911129119247505,currency_negative,weak positive Pearson correlation (0.34); Spearman 0.70; PCA loading signal 0.51; model importance signal 0.01,0.12097334283593095,12.097334283593094
ECB,unemployment,unemployment_rate,Unemployment Rate,manufacturing_pmi,Manufacturing PMI,Growth,2,67,0.5050464140122027,0.49105713328612915,0.5050464140122027,0.49105713328612915,positive,False,0.3022947039742371,0.0228783782432987,0.9305555555555556,0.4010832774331657,currency_negative,moderate positive Pearson correlation (0.51); Spearman 0.49; PCA loading signal 0.30; model importance signal 0.02,0.11049678247834735,11.049678247834734
ECB,unemployment,unemployment_rate,Unemployment Rate,zew_economic_sentiment,ZEW Economic Sentiment Index,Sentiment,2,74,0.484036702457378,0.3653052158482356,0.484036702457378,0.3653052158482356,positive,False,0.3356168132550795,0.0232288288527719,1.0,0.3826319811977461,currency_negative,moderate positive Pearson correlation (0.48); Spearman 0.37; PCA loading signal 0.34; model importance signal 0.02,0.10541352675246274,10.541352675246273
ECB,unemployment,unemployment_rate,Unemployment Rate,cpi_index,Consumer Price Index,Inflation,2,49,-0.33800927815501336,-0.6840625013262724,0.33800927815501336,0.6840625013262724,negative,False,0.283220757098969,0.0356736923983156,0.6805555555555556,0.3633151032528421,currency_positive,weak negative Pearson correlation (-0.34); Spearman -0.68; PCA loading signal 0.28; model importance signal 0.04,0.10009180684905811,10.009180684905811
ECB,unemployment,unemployment_rate,Unemployment Rate,cpi_headline_yoy,Headline HICP (YoY),Inflation,1,75,-0.4019956073538348,-0.24991766341310995,0.4019956073538348,0.24991766341310995,negative,False,0.4592560903435156,0.0400833425457719,1.0,0.3600624793833864,currency_positive,moderate negative Pearson correlation (-0.40); Spearman -0.25; PCA loading signal 0.46; model importance signal 0.04,0.09919572243864033,9.919572243864033
ECB,unemployment,unemployment_rate,Unemployment Rate,consumer_confidence,Consumer Confidence,Sentiment,2,75,0.31794560674617794,0.12021319461796248,0.31794560674617794,0.12021319461796248,positive,False,0.3070804442109299,0.021380910250713,1.0,0.27833555564803447,currency_negative,weak positive Pearson correlation (0.32); Spearman 0.12; PCA loading signal 0.31; model importance signal 0.02,0.07668029329284536,7.668029329284535
ECB,unemployment,unemployment_rate,Unemployment Rate,construction_output_yoy,Construction Output (YoY),Growth,2,75,0.07924160122917913,-0.05228488322374698,0.07924160122917913,0.05228488322374698,positive,False,0.5252143092080225,0.0219811542781978,1.0,0.23250482889824078,currency_negative,weak positive Pearson correlation (0.08); Spearman -0.05; PCA loading signal 0.53; model importance signal 0.02,0.06405411780902606,6.4054117809026065
ECB,unemployment,unemployment_rate,Unemployment Rate,economic_sentiment,Economic Sentiment,Sentiment,2,75,0.021508069455610943,0.06568590148711868,0.021508069455610943,0.06568590148711868,positive,False,0.4192522596323578,0.0404225977085193,1.0,0.2019268494783797,currency_negative,weak positive Pearson correlation (0.02); Spearman 0.07; PCA loading signal 0.42; model importance signal 0.04,0.05563001106938073,5.563001106938073
ECB,unemployment,unemployment_rate,Unemployment Rate,cpi_headline_mom,Headline HICP (MoM),Inflation,2,71,-0.07618098707735999,0.04658047085963258,0.07618098707735999,0.04658047085963258,negative,False,0.3774808594230369,0.0113844250450432,0.9861111111111112,0.20066340836004962,currency_positive,weak negative Pearson correlation (-0.08); Spearman 0.05; PCA loading signal 0.38; model importance signal 0.01,0.05528193827183164,5.5281938271831645
ECB,unemployment,unemployment_rate,Unemployment Rate,gdp_qoq,GDP (QoQ),Growth,1,23,0.12021064343820696,-0.03581267329938191,0.12021064343820696,0.03581267329938191,positive,False,0.4122818182851361,0.0393078006415491,0.3194444444444444,0.15606322553617075,currency_negative,weak positive Pearson correlation (0.12); Spearman -0.04; PCA loading signal 0.41; model importance signal 0.04,0.04299477254524293,4.299477254524293
ECB,unemployment,unemployment_rate,Unemployment Rate,construction_output_mom,Construction Output (MoM),Growth,2,21,0.24948783448190817,0.18623736168206909,0.24948783448190817,0.18623736168206909,positive,False,0.0,0.0058714674866852,0.2916666666666667,0.14225863882038942,currency_negative,weak positive Pearson correlation (0.25); Spearman 0.19; model importance signal 0.01,0.03919166605499203,3.9191666054992034
FED,gdp_growth,retail_sales_mom,Retail Sales (MoM),avg_hourly_earnings_mom,Average Hourly Earnings (MoM),Labor,2,33,-0.7935623751115309,-0.2959343937995431,0.7935623751115309,0.2959343937995431,negative,False,0.1916399285961332,0.0370965445874072,0.4583333333333333,0.3838905243538644,currency_negative,strong negative Pearson correlation (-0.79); Spearman -0.30; PCA loading signal 0.19; model importance signal 0.04,0.039990953211073335,3.9990953211073337
FED,gdp_growth,retail_sales_mom,Retail Sales (MoM),manufacturing_payrolls,Manufacturing Payrolls,Labor,2,33,0.7188086410578586,0.5185036028651635,0.7188086410578586,0.5185036028651635,positive,False,0.0,0.0,0.4583333333333333,0.36517664622372364,currency_positive,strong positive Pearson correlation (0.72); Spearman 0.52,0.03804147601061413,3.804147601061413
FED,gdp_growth,retail_sales_mom,Retail Sales (MoM),private_nonfarm_payrolls,Private Nonfarm Payrolls,Labor,2,33,0.7179386520627214,0.3846996819470518,0.7179386520627214,0.3846996819470518,positive,False,0.0,0.0,0.4583333333333333,0.33815486534156014,currency_positive,strong positive Pearson correlation (0.72); Spearman 0.38,0.035226541266503666,3.522654126650367
FED,gdp_growth,retail_sales_mom,Retail Sales (MoM),retail_sales_yoy,Retail Sales (YoY),Growth,2,38,0.3937583991324389,0.18079650559918398,0.3937583991324389,0.18079650559918398,positive,True,0.0,0.0205673187212643,0.5277777777777778,0.3305610428199612,currency_positive,weak positive Pearson correlation (0.39); Spearman 0.18; same macro theme; model importance signal 0.02,0.03443547146433651,3.4435471464336507
FED,gdp_growth,retail_sales_mom,Retail Sales (MoM),ism_manufacturing_employment,ISM Manufacturing Employment,Growth,2,29,0.24943138713949028,0.31204500761446535,0.24943138713949028,0.31204500761446535,positive,True,0.172621957616524,0.0,0.4027777777777778,0.3285881478134922,currency_positive,weak positive Pearson correlation (0.25); Spearman 0.31; same macro theme; PCA loading signal 0.17,0.0342299494550948,3.4229949455094797
FED,gdp_growth,retail_sales_mom,Retail Sales (MoM),sp_global_manufacturing_pmi,S&P Global Manufacturing PMI,Growth,2,19,0.21780211282250397,0.3394996312630086,0.21780211282250397,0.3394996312630086,positive,True,0.2644540346036514,0.0,0.2638888888888889,0.32723117521689904,currency_positive,weak positive Pearson correlation (0.22); Spearman 0.34; same macro theme; PCA loading signal 0.26,0.034088589811716245,3.4088589811716243
FED,gdp_growth,retail_sales_mom,Retail Sales (MoM),nfp,Non-Farm Payrolls,Labor,1,33,0.7001238034184963,0.34184366864050464,0.7001238034184963,0.34184366864050464,positive,False,0.0,0.0,0.4583333333333333,0.3242392080869832,currency_positive,strong positive Pearson correlation (0.70); Spearman 0.34,0.033776908199613626,3.3776908199613627
FED,gdp_growth,retail_sales_mom,Retail Sales (MoM),import_prices_mom,Import Prices (MoM),Inflation,3,33,0.5920220956869972,0.46499932444881287,0.5920220956869972,0.46499932444881287,positive,False,0.0,0.0297135970642456,0.4583333333333333,0.32149113843011684,currency_positive,moderate positive Pearson correlation (0.59); Spearman 0.46; model importance signal 0.03,0.03349063407171353,3.3490634071713528
FED,gdp_growth,retail_sales_mom,Retail Sales (MoM),philly_fed_mfg,Philadelphia Fed Manufacturing Index,Growth,2,25,0.23553188257606936,0.24112769170222692,0.23553188257606936,0.24112769170222692,positive,True,0.1850312188519487,0.0213205882051424,0.3472222222222222,0.3105374447237134,currency_positive,weak positive Pearson correlation (0.24); Spearman 0.24; same macro theme; PCA loading signal 0.19; model importance signal 0.02,0.03234955705961874,3.234955705961874
FED,gdp_growth,retail_sales_mom,Retail Sales (MoM),ny_empire_state_mfg,NY Empire State Manufacturing Index,Growth,2,24,0.2532715048638836,0.3117518515342599,0.2532715048638836,0.3117518515342599,positive,True,0.0,0.0131737293109946,0.3333333333333333,0.29390468908221945,currency_positive,weak positive Pearson correlation (0.25); Spearman 0.31; same macro theme; model importance signal 0.01,0.03061687622893206,3.061687622893206
FED,gdp_growth,retail_sales_mom,Retail Sales (MoM),ism_manufacturing_new_orders,ISM Manufacturing New Orders,Growth,2,29,0.2071987077574325,0.29961780252191006,0.2071987077574325,0.29961780252191006,positive,True,0.0,0.0,0.4027777777777778,0.28236095060938954,currency_positive,weak positive Pearson correlation (0.21); Spearman 0.30; same macro theme,0.029414332597711115,2.9414332597711113
FED,gdp_growth,retail_sales_mom,Retail Sales (MoM),ism_manufacturing_prices,ISM Manufacturing Prices Paid,Growth,2,29,0.21940312806839332,0.2587662209011287,0.21940312806839332,0.2587662209011287,positive,True,0.0,0.0,0.4027777777777778,0.2778519603785215,currency_positive,weak positive Pearson correlation (0.22); Spearman 0.26; same macro theme,0.028944618432050657,2.894461843205066
FED,gdp_growth,retail_sales_mom,Retail Sales (MoM),ppi_mom,PPI (MoM),Inflation,2,32,0.4927239933374742,0.41420975114693787,0.4927239933374742,0.41420975114693787,positive,False,0.0,0.0,0.4444444444444444,0.2751035926750743,currency_positive,moderate positive Pearson correlation (0.49); Spearman 0.41,0.028658313255801843,2.865831325580184
FED,gdp_growth,retail_sales_mom,Retail Sales (MoM),pce_price_index_mom,PCE Price Index (MoM),Inflation,1,32,0.4387610664555166,0.3129976628615608,0.4387610664555166,0.3129976628615608,positive,False,0.1764733354493194,0.0155630219394283,0.4444444444444444,0.27308321106399186,currency_positive,moderate positive Pearson correlation (0.44); Spearman 0.31; PCA loading signal 0.18; model importance signal 0.02,0.028447844433698716,2.8447844433698717
FED,gdp_growth,retail_sales_mom,Retail Sales (MoM),new_home_sales,New Home Sales,Housing,2,34,0.42991807452600705,0.46301257119022493,0.42991807452600705,0.46301257119022493,positive,False,0.0,0.0,0.4722222222222222,0.2688001588180693,currency_positive,moderate positive Pearson correlation (0.43); Spearman 0.46,0.02800166686196635,2.800166686196635
FED,gdp_growth,retail_sales_mom,Retail Sales (MoM),average_weekly_hours,Average Weekly Hours,Labor,2,33,0.4069072357425356,0.21571298147702928,0.4069072357425356,0.21571298147702928,positive,False,0.2423310205982268,0.0595710031598613,0.4583333333333333,0.26479475459635715,currency_positive,moderate positive Pearson correlation (0.41); Spearman 0.22; PCA loading signal 0.24; model importance signal 0.06,0.02758441266406311,2.7584412664063107
FED,gdp_growth,retail_sales_mom,Retail Sales (MoM),cpi_headline_mom,Headline CPI (MoM),Inflation,2,29,0.3730775572485198,0.38698413887105737,0.3730775572485198,0.38698413887105737,positive,False,0.1762665683044649,0.0,0.4027777777777778,0.2613258550213489,currency_positive,weak positive Pearson correlation (0.37); Spearman 0.39; PCA loading signal 0.18,0.027223047660768076,2.7223047660768076
FED,gdp_growth,retail_sales_mom,Retail Sales (MoM),ism_manufacturing_pmi,ISM Manufacturing PMI,Growth,1,29,0.19299809621222075,0.19790027798827137,0.19299809621222075,0.19790027798827137,positive,True,0.0,0.0,0.4027777777777778,0.2577572622390983,currency_positive,weak positive Pearson correlation (0.19); Spearman 0.20; same macro theme,0.02685129733631149,2.685129733631149
FED,gdp_growth,retail_sales_mom,Retail Sales (MoM),adp_employment_change,ADP Employment Change,Labor,2,30,0.5264577599261571,0.2365932390918277,0.5264577599261571,0.2365932390918277,positive,False,0.0,0.0264562337385195,0.4166666666666667,0.25142020219842764,currency_positive,moderate positive Pearson correlation (0.53); Spearman 0.24; model importance signal 0.03,0.026191148008560386,2.6191148008560385
FED,gdp_growth,retail_sales_mom,Retail Sales (MoM),export_prices_mom,Export Prices (MoM),Inflation,3,34,0.4140660377434309,0.31133089473642916,0.4140660377434309,0.31133089473642916,positive,False,0.0,0.0,0.4722222222222222,0.23370821249253731,currency_positive,moderate positive Pearson correlation (0.41); Spearman 0.31,0.024346040336795206,2.4346040336795207
FED,gdp_growth,retail_sales_mom,Retail Sales (MoM),core_pce_price_index_mom,Core PCE Price Index (MoM),Inflation,1,34,0.47117331551645786,0.18387809982992012,0.47117331551645786,0.18387809982992012,positive,False,0.0,0.0,0.4722222222222222,0.2253498368431436,currency_positive,moderate positive Pearson correlation (0.47); Spearman 0.18,0.023475324889785727,2.3475324889785725
FED,gdp_growth,retail_sales_mom,Retail Sales (MoM),sp_global_composite_pmi,S&P Global Composite PMI,Growth,2,20,0.044290290716224714,0.07331823711949227,0.044290290716224714,0.07331823711949227,positive,True,0.2319053830410727,0.0113861699341994,0.2777777777777778,0.2194071302527506,currency_positive,weak positive Pearson correlation (0.04); Spearman 0.07; same macro theme; PCA loading signal 0.23; model importance signal 0.01,0.02285625646760066,2.285625646760066
FED,gdp_growth,retail_sales_mom,Retail Sales (MoM),challenger_job_cuts,Challenger Job Cuts,Labor,3,31,-0.31226879980895356,-0.25191970598910934,0.31226879980895356,0.25191970598910934,negative,False,0.1754474771620116,0.0,0.4305555555555556,0.2187006825852256,currency_negative,weak negative Pearson correlation (-0.31); Spearman -0.25; PCA loading signal 0.18,0.022782663831612537,2.2782663831612537
FED,gdp_growth,retail_sales_mom,Retail Sales (MoM),sp_global_services_pmi,S&P Global Services PMI,Growth,2,20,0.022120071229622396,0.11241080304770655,0.022120071229622396,0.11241080304770655,positive,True,0.2203253641162483,0.0,0.2777777777777778,0.21655452529713048,currency_positive,weak positive Pearson correlation (0.02); Spearman 0.11; same macro theme; PCA loading signal 0.22,0.0225590926042782,2.25590926042782
FED,gdp_growth,retail_sales_mom,Retail Sales (MoM),ism_services_employment,ISM Services Employment,Growth,2,23,0.1110714926264872,0.07524753397308336,0.1110714926264872,0.07524753397308336,positive,True,0.0,0.0,0.3194444444444444,0.20031539902700726,currency_positive,weak positive Pearson correlation (0.11); Spearman 0.08; same macro theme,0.02086741724982588,2.086741724982588
FED,gdp_growth,retail_sales_mom,Retail Sales (MoM),cpi_index,CPI Index,Inflation,2,24,-0.3406219688248297,-0.057130663072390696,0.3406219688248297,0.057130663072390696,negative,False,0.2700469627859365,0.0,0.3333333333333333,0.19555450989672896,currency_negative,weak negative Pearson correlation (-0.34); Spearman -0.06; PCA loading signal 0.27,0.020371462068924966,2.037146206892497
FED,gdp_growth,retail_sales_mom,Retail Sales (MoM),core_cpi_mom,Core CPI (MoM),Inflation,1,31,0.2421609960513856,0.0949388367825145,0.2421609960513856,0.0949388367825145,positive,False,0.1772916426165493,0.0,0.4305555555555556,0.16660411739845302,currency_positive,weak positive Pearson correlation (0.24); Spearman 0.09; PCA loading signal 0.18,0.017355618440616075,1.7355618440616074
FED,gdp_growth,retail_sales_mom,Retail Sales (MoM),import_prices_yoy,Import Prices (YoY),Inflation,3,35,0.1300310203831192,0.2104305402338161,0.1300310203831192,0.2104305402338161,positive,False,0.1792315315874171,0.0,0.4861111111111111,0.16196820095854517,currency_positive,weak positive Pearson correlation (0.13); Spearman 0.21; PCA loading signal 0.18,0.016872682015574476,1.6872682015574476
FED,gdp_growth,retail_sales_mom,Retail Sales (MoM),participation_rate,Labor Force Participation Rate,Labor,2,32,-0.04481639879723436,-0.27268565878257667,0.04481639879723436,0.27268565878257667,negative,False,0.2385193763975871,0.0,0.4444444444444444,0.15535998359169578,currency_negative,weak negative Pearson correlation (-0.04); Spearman -0.27; PCA loading signal 0.24,0.016184285468222665,1.6184285468222666
FED,gdp_growth,retail_sales_mom,Retail Sales (MoM),ppi_yoy,PPI (YoY),Inflation,2,33,0.08644747579788553,0.2231621497201863,0.08644747579788553,0.2231621497201863,positive,False,0.1788593287047309,0.0,0.4583333333333333,0.14859468518358782,currency_positive,weak positive Pearson correlation (0.09); Spearman 0.22; PCA loading signal 0.18,0.015479525347995774,1.5479525347995773
FED,gdp_growth,retail_sales_mom,Retail Sales (MoM),government_payrolls,Government Payrolls,Labor,2,33,0.20377459987847255,-0.20601066876228077,0.20377459987847255,0.20601066876228077,positive,False,0.0,0.0,0.4583333333333333,0.14816784704933125,currency_positive,weak positive Pearson correlation (0.20); Spearman -0.21,0.015435060421739814,1.5435060421739815
FED,gdp_growth,retail_sales_mom,Retail Sales (MoM),nfib_business_optimism,NFIB Business Optimism Index,Sentiment,3,32,0.1128767132055164,0.0982176267668977,0.1128767132055164,0.0982176267668977,positive,False,0.2295353601122281,0.0,0.4444444444444444,0.13926734857967998,currency_positive,weak positive Pearson correlation (0.11); Spearman 0.10; PCA loading signal 0.23,0.014507870519217099,1.4507870519217099
FED,gdp_growth,retail_sales_mom,Retail Sales (MoM),core_ppi_yoy,Core PPI (YoY),Inflation,2,33,0.05166020374509667,0.23180038324774754,0.05166020374509667,0.23180038324774754,positive,False,0.173587180509985,0.0,0.4583333333333333,0.13893716359820915,currency_positive,weak positive Pearson correlation (0.05); Spearman 0.23; PCA loading signal 0.17,0.014473474223118819,1.4473474223118818
FED,gdp_growth,retail_sales_mom,Retail Sales (MoM),export_prices_yoy,Export Prices (YoY),Inflation,3,36,0.0994571360029977,0.13870286463656306,0.0994571360029977,0.13870286463656306,positive,False,0.1689640082423053,0.0,0.5,0.13799123521182688,currency_positive,weak positive Pearson correlation (0.10); Spearman 0.14; PCA loading signal 0.17,0.014374934208606844,1.4374934208606844
FED,gdp_growth,retail_sales_mom,Retail Sales (MoM),core_ppi_mom,Core PPI (MoM),Inflation,2,29,0.17434162578857532,0.2139716132109796,0.17434162578857532,0.2139716132109796,positive,False,0.0,0.0,0.4027777777777778,0.1353745881565463,currency_positive,weak positive Pearson correlation (0.17); Spearman 0.21,0.014102350741917364,1.4102350741917364
FED,gdp_growth,retail_sales_mom,Retail Sales (MoM),consumer_inflation_expectations,Consumer Inflation Expectations,Inflation,2,33,0.0688120725385053,0.1573429555803624,0.0688120725385053,0.1573429555803624,positive,False,0.2019174675314049,0.0,0.4583333333333333,0.1342906903666103,currency_positive,weak positive Pearson correlation (0.07); Spearman 0.16; PCA loading signal 0.20,0.01398943806746187,1.398943806746187
FED,gdp_growth,retail_sales_mom,Retail Sales (MoM),avg_hourly_earnings_yoy,Average Hourly Earnings (YoY),Labor,1,33,-0.019757609085597462,0.225630729728545,0.019757609085597462,0.225630729728545,negative,False,0.194139370027787,0.0,0.4583333333333333,0.13183184860972325,currency_negative,weak negative Pearson correlation (-0.02); Spearman 0.23; PCA loading signal 0.19,0.013733293621545663,1.3733293621545664
FED,gdp_growth,retail_sales_mom,Retail Sales (MoM),pce_price_index_yoy,PCE Price Index (YoY),Inflation,1,36,0.05107754782361029,0.14002596433985173,0.05107754782361029,0.14002596433985173,positive,False,0.1851021978209598,0.0,0.5,0.1266468528228262,currency_positive,weak positive Pearson correlation (0.05); Spearman 0.14; PCA loading signal 0.19,0.013193158060079506,1.3193158060079506
FED,gdp_growth,retail_sales_mom,Retail Sales (MoM),umich_inflation_exp_5y,UMich 5Y Inflation Expectations,Inflation,2,30,0.12021159108261699,0.044758623055180316,0.12021159108261699,0.044758623055180316,positive,False,0.1888945118496748,0.0,0.4166666666666667,0.1206828807354293,currency_positive,weak positive Pearson correlation (0.12); Spearman 0.04; PCA loading signal 0.19,0.012571874351395446,1.2571874351395447
FED,gdp_growth,retail_sales_mom,Retail Sales (MoM),core_pce_price_index_yoy,Core PCE Price Index (YoY),Inflation,1,36,0.02405945256418341,0.1400323245039746,0.02405945256418341,0.1400323245039746,positive,False,0.1842462934205236,0.0,0.5,0.1183886334857442,currency_positive,weak positive Pearson correlation (0.02); Spearman 0.14; PCA loading signal 0.18,0.012332876177186234,1.2332876177186234
FED,gdp_growth,retail_sales_mom,Retail Sales (MoM),unemployment_rate,Unemployment Rate,Labor,1,32,-0.0013001972261795175,0.11812912627716703,0.0013001972261795175,0.11812912627716703,negative,False,0.205409499146135,0.0,0.4444444444444444,0.105434038714036,currency_negative,weak negative Pearson correlation (-0.00); Spearman 0.12; PCA loading signal 0.21,0.010983359686109076,1.0983359686109075
FED,gdp_growth,retail_sales_mom,Retail Sales (MoM),cpi_headline_yoy,Headline CPI (YoY),Inflation,1,32,0.011910735913755516,0.07389709003682622,0.011910735913755516,0.07389709003682622,positive,False,0.196814318781092,0.0,0.4444444444444444,0.0982236606065329,currency_positive,weak positive Pearson correlation (0.01); Spearman 0.07; PCA loading signal 0.20,0.010232234364595518,1.0232234364595518
FED,gdp_growth,retail_sales_mom,Retail Sales (MoM),umich_consumer_sentiment,UMich Consumer Sentiment,Sentiment,2,30,-0.015901572589577175,0.05119350044370945,0.015901572589577175,0.05119350044370945,negative,False,0.2133722156058742,0.0,0.4166666666666667,0.09508283734133907,currency_negative,weak negative Pearson correlation (-0.02); Spearman 0.05; PCA loading signal 0.21,0.009905045991154875,0.9905045991154875
FED,gdp_growth,retail_sales_mom,Retail Sales (MoM),michigan_inflation_expectations,Michigan Inflation Expectations,Inflation,2,30,0.13524587719590342,0.042420209508020085,0.13524587719590342,0.042420209508020085,positive,False,0.0,0.0,0.4166666666666667,0.0907244717270417,currency_positive,weak positive Pearson correlation (0.14); Spearman 0.04,0.009451022814491483,0.9451022814491483
FED,inflation,core_cpi_yoy,Core CPI (YoY),core_pce_price_index_yoy,Core PCE Price Index (YoY),Inflation,1,34,0.9714440755849147,0.9677593302207639,0.9714440755849147,0.9677593302207639,positive,True,0.1842462934205236,0.0209030160422452,0.4722222222222222,0.6889251564847253,policy_tightening_positive_but_regime_dependent,strong positive Pearson correlation (0.97); Spearman 0.97; same macro theme; PCA loading signal 0.18; model importance signal 0.02,0.052810792901715545,5.281079290171554
FED,inflation,core_cpi_yoy,Core CPI (YoY),cpi_headline_yoy,Headline CPI (YoY),Inflation,1,36,0.93238459796953,0.9405053578217105,0.93238459796953,0.9405053578217105,positive,True,0.196814318781092,0.0,0.5,0.6732430283357976,policy_tightening_positive_but_regime_dependent,strong positive Pearson correlation (0.93); Spearman 0.94; same macro theme; PCA loading signal 0.20,0.051608651255216464,5.160865125521647
FED,inflation,core_cpi_yoy,Core CPI (YoY),pce_price_index_yoy,PCE Price Index (YoY),Inflation,1,34,0.9375989633372208,0.9331139757668044,0.9375989633372208,0.9331139757668044,positive,True,0.1851021978209598,0.0,0.4722222222222222,0.6684431019845222,policy_tightening_positive_but_regime_dependent,strong positive Pearson correlation (0.94); Spearman 0.93; same macro theme; PCA loading signal 0.19,0.05124070429596456,5.124070429596457
FED,inflation,core_cpi_yoy,Core CPI (YoY),consumer_inflation_expectations,Consumer Inflation Expectations,Inflation,2,36,0.8694858285059959,0.8868317204320301,0.8694858285059959,0.8868317204320301,positive,True,0.2019174675314049,0.0701941301463903,0.5,0.656490238918744,policy_tightening_positive_but_regime_dependent,strong positive Pearson correlation (0.87); Spearman 0.89; same macro theme; PCA loading signal 0.20; model importance signal 0.07,0.05032443614984212,5.032443614984212
FED,inflation,core_cpi_yoy,Core CPI (YoY),core_ppi_yoy,Core PPI (YoY),Inflation,2,34,0.7865392165518711,0.7275579725904584,0.7865392165518711,0.7275579725904584,positive,True,0.173587180509985,0.0,0.4722222222222222,0.5799412741976726,policy_tightening_positive_but_regime_dependent,strong positive Pearson correlation (0.79); Spearman 0.73; same macro theme; PCA loading signal 0.17,0.044456438030347024,4.445643803034702
FED,inflation,core_cpi_yoy,Core CPI (YoY),ppi_yoy,PPI (YoY),Inflation,2,34,0.7178795254815739,0.6576390963897552,0.7178795254815739,0.6576390963897552,positive,True,0.1788593287047309,0.048063498139767,0.4722222222222222,0.5544793729952573,policy_tightening_positive_but_regime_dependent,strong positive Pearson correlation (0.72); Spearman 0.66; same macro theme; PCA loading signal 0.18; model importance signal 0.05,0.042504610348301115,4.250461034830112
FED,inflation,core_cpi_yoy,Core CPI (YoY),michigan_inflation_expectations,Michigan Inflation Expectations,Inflation,2,33,0.588358677061954,0.6743154052522983,0.588358677061954,0.6743154052522983,positive,True,0.0,0.0689113846632617,0.4583333333333333,0.48891895289513365,policy_tightening_positive_but_regime_dependent,moderate positive Pearson correlation (0.59); Spearman 0.67; same macro theme; model importance signal 0.07,0.037478958815812966,3.7478958815812966
FED,inflation,core_cpi_yoy,Core CPI (YoY),core_cpi_mom,Core CPI (MoM),Inflation,1,34,0.5152023024870142,0.5785959403160894,0.5152023024870142,0.5785959403160894,positive,True,0.1772916426165493,0.0168311815619136,0.4722222222222222,0.47227589756804855,policy_tightening_positive_but_regime_dependent,moderate positive Pearson correlation (0.52); Spearman 0.58; same macro theme; PCA loading signal 0.18; model importance signal 0.02,0.0362031555738247,3.6203155573824697
FED,inflation,core_cpi_yoy,Core CPI (YoY),import_prices_yoy,Import Prices (YoY),Inflation,3,35,0.4440780141276669,0.43191705014044174,0.4440780141276669,0.43191705014044174,positive,True,0.1792315315874171,0.0297325585339904,0.4861111111111111,0.42553413601401296,policy_tightening_positive_but_regime_dependent,moderate positive Pearson correlation (0.44); Spearman 0.43; same macro theme; PCA loading signal 0.18; model importance signal 0.03,0.03262008204826638,3.2620082048266377
FED,inflation,core_cpi_yoy,Core CPI (YoY),unemployment_rate,Unemployment Rate,Labor,1,35,-0.5886441557916295,-0.7707769422877984,0.5886441557916295,0.7707769422877984,negative,False,0.205409499146135,0.0,0.4861111111111111,0.4163334561524639,disinflationary_or_growth_sensitive,moderate negative Pearson correlation (-0.59); Spearman -0.77; PCA loading signal 0.21,0.03191478743948397,3.191478743948397
FED,inflation,core_cpi_yoy,Core CPI (YoY),export_prices_yoy,Export Prices (YoY),Inflation,3,35,0.42785530840435154,0.39800939357491655,0.42785530840435154,0.39800939357491655,positive,True,0.1689640082423053,0.0,0.4861111111111111,0.4069831038310148,policy_tightening_positive_but_regime_dependent,moderate positive Pearson correlation (0.43); Spearman 0.40; same macro theme; PCA loading signal 0.17,0.03119801941997114,3.1198019419971144
FED,inflation,core_cpi_yoy,Core CPI (YoY),cpi_index,CPI Index,Inflation,2,28,-0.3033360957342075,-0.49431466540724034,0.3033360957342075,0.49431466540724034,negative,True,0.2700469627859365,0.0232325545543725,0.3888888888888889,0.4013106382663111,disinflationary_or_growth_sensitive,weak negative Pearson correlation (-0.30); Spearman -0.49; same macro theme; PCA loading signal 0.27; model importance signal 0.02,0.030763186403118863,3.0763186403118863
FED,inflation,core_cpi_yoy,Core CPI (YoY),cpi_headline_mom,Headline CPI (MoM),Inflation,2,32,0.4106262366940465,0.3805001221871277,0.4106262366940465,0.3805001221871277,positive,True,0.1762665683044649,0.0180969275435451,0.4444444444444444,0.3985367998672903,policy_tightening_positive_but_regime_dependent,moderate positive Pearson correlation (0.41); Spearman 0.38; same macro theme; PCA loading signal 0.18; model importance signal 0.02,0.030550552848000945,3.0550552848000945
FED,inflation,core_cpi_yoy,Core CPI (YoY),pce_price_index_mom,PCE Price Index (MoM),Inflation,1,30,0.3890111940236393,0.3213823277650289,0.3890111940236393,0.3213823277650289,positive,True,0.1764733354493194,0.0,0.4166666666666667,0.37441169080764175,policy_tightening_positive_but_regime_dependent,weak positive Pearson correlation (0.39); Spearman 0.32; same macro theme; PCA loading signal 0.18,0.028701199364116883,2.870119936411688
FED,inflation,core_cpi_yoy,Core CPI (YoY),nfib_business_optimism,NFIB Business Optimism Index,Sentiment,3,35,-0.5620816937079454,-0.5428412016537824,0.5620816937079454,0.5428412016537824,negative,False,0.2295353601122281,0.0,0.4861111111111111,0.36712022437445224,disinflationary_or_growth_sensitive,moderate negative Pearson correlation (-0.56); Spearman -0.54; PCA loading signal 0.23,0.02814225893331913,2.814225893331913
FED,inflation,core_cpi_yoy,Core CPI (YoY),core_pce_price_index_mom,Core PCE Price Index (MoM),Inflation,1,32,0.34263993428346456,0.32182399208117735,0.34263993428346456,0.32182399208117735,positive,True,0.0,0.0264124475247944,0.4444444444444444,0.33609133922493434,policy_tightening_positive_but_regime_dependent,weak positive Pearson correlation (0.34); Spearman 0.32; same macro theme; model importance signal 0.03,0.025763684116914324,2.5763684116914325
FED,inflation,core_cpi_yoy,Core CPI (YoY),core_ppi_mom,Core PPI (MoM),Inflation,2,30,0.3256037431690205,0.35149666719190203,0.3256037431690205,0.35149666719190203,positive,True,0.0,0.031080120861605,0.4166666666666667,0.3349307436022261,policy_tightening_positive_but_regime_dependent,weak positive Pearson correlation (0.33); Spearman 0.35; same macro theme; model importance signal 0.03,0.02567471657886385,2.5674716578863848
FED,inflation,core_cpi_yoy,Core CPI (YoY),challenger_job_cuts,Challenger Job Cuts,Labor,3,35,-0.4536369330051512,-0.5640992038287114,0.4536369330051512,0.5640992038287114,negative,False,0.1754474771620116,0.0,0.4861111111111111,0.3291025776675608,disinflationary_or_growth_sensitive,moderate negative Pearson correlation (-0.45); Spearman -0.56; PCA loading signal 0.18,0.02522794807102919,2.522794807102919
FED,inflation,core_cpi_yoy,Core CPI (YoY),umich_consumer_sentiment,UMich Consumer Sentiment,Sentiment,2,33,-0.45486488454626606,-0.4091518915308734,0.45486488454626606,0.4091518915308734,negative,False,0.2133722156058742,0.0,0.4583333333333333,0.3025301758124452,disinflationary_or_growth_sensitive,moderate negative Pearson correlation (-0.45); Spearman -0.41; PCA loading signal 0.21,0.02319099297066367,2.319099297066367
FED,inflation,core_cpi_yoy,Core CPI (YoY),ppi_mom,PPI (MoM),Inflation,2,33,0.2395010206079005,0.19944718976295597,0.2395010206079005,0.19944718976295597,positive,True,0.0,0.0185249876113346,0.4583333333333333,0.2807223253622216,policy_tightening_positive_but_regime_dependent,weak positive Pearson correlation (0.24); Spearman 0.20; same macro theme; model importance signal 0.02,0.021519273099618614,2.151927309961861
FED,inflation,core_cpi_yoy,Core CPI (YoY),umich_inflation_exp_5y,UMich 5Y Inflation Expectations,Inflation,2,33,0.06905286180080167,0.19746031349711127,0.06905286180080167,0.19746031349711127,positive,True,0.1888945118496748,0.0240459874725388,0.4583333333333333,0.26413008457626913,policy_tightening_positive_but_regime_dependent,weak positive Pearson correlation (0.07); Spearman 0.20; same macro theme; PCA loading signal 0.19; model importance signal 0.02,0.02024736513737575,2.024736513737575
FED,inflation,core_cpi_yoy,Core CPI (YoY),participation_rate,Labor Force Participation Rate,Labor,2,35,0.36313967688826204,0.29747662587053547,0.36313967688826204,0.29747662587053547,positive,False,0.2385193763975871,0.0,0.4861111111111111,0.2599818271032625,policy_tightening_positive_but_regime_dependent,weak positive Pearson correlation (0.36); Spearman 0.30; PCA loading signal 0.24,0.01992937302422985,1.992937302422985
FED,inflation,core_cpi_yoy,Core CPI (YoY),government_payrolls,Government Payrolls,Labor,2,35,0.43169710942164474,0.3747372698223853,0.43169710942164474,0.3747372698223853,positive,False,0.0,0.0,0.4861111111111111,0.2530676979020816,policy_tightening_positive_but_regime_dependent,moderate positive Pearson correlation (0.43); Spearman 0.37,0.019399358055401574,1.9399358055401574
FED,inflation,core_cpi_yoy,Core CPI (YoY),ism_manufacturing_employment,ISM Manufacturing Employment,Growth,2,33,0.36210638190040434,0.33355652739985553,0.36210638190040434,0.33355652739985553,positive,False,0.172621957616524,0.0,0.4583333333333333,0.25224850575440005,policy_tightening_positive_but_regime_dependent,weak positive Pearson correlation (0.36); Spearman 0.33; PCA loading signal 0.17,0.019336561412760928,1.9336561412760929
FED,inflation,core_cpi_yoy,Core CPI (YoY),export_prices_mom,Export Prices (MoM),Inflation,3,34,0.17217465922454533,0.04466065928666973,0.17217465922454533,0.04466065928666973,positive,True,0.0,0.0085565722332624,0.4722222222222222,0.22926136912657435,policy_tightening_positive_but_regime_dependent,weak positive Pearson correlation (0.17); Spearman 0.04; same macro theme; model importance signal 0.01,0.01757444124567358,1.7574441245673578
FED,inflation,core_cpi_yoy,Core CPI (YoY),import_prices_mom,Import Prices (MoM),Inflation,3,33,0.06681154885249581,-0.10020109489239891,0.06681154885249581,0.10020109489239891,positive,True,0.0,0.0114702374592704,0.4583333333333333,0.20786695733563781,policy_tightening_positive_but_regime_dependent,weak positive Pearson correlation (0.07); Spearman -0.10; same macro theme; model importance signal 0.01,0.015934414256224803,1.5934414256224803
FED,inflation,core_cpi_yoy,Core CPI (YoY),adp_employment_change,ADP Employment Change,Labor,2,34,0.2854670866985346,0.2942797201272743,0.2854670866985346,0.2942797201272743,positive,False,0.0,0.0,0.4722222222222222,0.19171829225723747,policy_tightening_positive_but_regime_dependent,weak positive Pearson correlation (0.29); Spearman 0.29,0.014696509385039457,1.4696509385039458
FED,inflation,core_cpi_yoy,Core CPI (YoY),avg_hourly_earnings_yoy,Average Hourly Earnings (YoY),Labor,1,34,0.13710842151925,0.3381812614819351,0.13710842151925,0.3381812614819351,positive,False,0.194139370027787,0.0,0.4722222222222222,0.1909360875793859,policy_tightening_positive_but_regime_dependent,weak positive Pearson correlation (0.14); Spearman 0.34; PCA loading signal 0.19,0.014636548083205813,1.4636548083205814
FED,inflation,core_cpi_yoy,Core CPI (YoY),sp_global_manufacturing_pmi,S&P Global Manufacturing PMI,Growth,2,21,0.33545205383389143,0.056966157906037214,0.33545205383389143,0.056966157906037214,positive,False,0.2644540346036514,0.0,0.2916666666666667,0.1887972406266988,policy_tightening_positive_but_regime_dependent,weak positive Pearson correlation (0.34); Spearman 0.06; PCA loading signal 0.26,0.014472590935751395,1.4472590935751395
FED,inflation,core_cpi_yoy,Core CPI (YoY),ism_services_employment,ISM Services Employment,Growth,2,26,0.331252041220616,0.2535549120643526,0.331252041220616,0.2535549120643526,positive,False,0.0,0.0,0.3611111111111111,0.18619770589016646,policy_tightening_positive_but_regime_dependent,weak positive Pearson correlation (0.33); Spearman 0.25,0.014273318940354506,1.4273318940354507
FED,inflation,core_cpi_yoy,Core CPI (YoY),avg_hourly_earnings_mom,Average Hourly Earnings (MoM),Labor,2,35,-0.08742095716914047,0.2612428738375798,0.08742095716914047,0.2612428738375798,negative,False,0.1916399285961332,0.0,0.4861111111111111,0.1615811601766732,disinflationary_or_growth_sensitive,weak negative Pearson correlation (-0.09); Spearman 0.26; PCA loading signal 0.19,0.012386293498774873,1.2386293498774874
FED,inflation,core_cpi_yoy,Core CPI (YoY),retail_sales_yoy,Retail Sales (YoY),Growth,2,35,0.14932825725476495,0.3164131598163043,0.14932825725476495,0.3164131598163043,positive,False,0.0,0.0,0.4861111111111111,0.15669222025080146,policy_tightening_positive_but_regime_dependent,weak positive Pearson correlation (0.15); Spearman 0.32,0.012011523044388272,1.2011523044388273
FED,inflation,core_cpi_yoy,Core CPI (YoY),nfp,Non-Farm Payrolls,Labor,1,35,0.21710019099917827,0.15862896401198243,0.21710019099917827,0.15862896401198243,positive,False,0.0,0.0,0.4861111111111111,0.14546696121326108,policy_tightening_positive_but_regime_dependent,weak positive Pearson correlation (0.22); Spearman 0.16,0.011151030689421118,1.1151030689421118
FED,inflation,core_cpi_yoy,Core CPI (YoY),ny_empire_state_mfg,NY Empire State Manufacturing Index,Growth,2,26,0.22428215679569913,0.17456798425001085,0.22428215679569913,0.17456798425001085,positive,False,0.0,0.0,0.3611111111111111,0.13830935499982303,policy_tightening_positive_but_regime_dependent,weak positive Pearson correlation (0.22); Spearman 0.17,0.010602351553738707,1.0602351553738707
FED,inflation,core_cpi_yoy,Core CPI (YoY),manufacturing_payrolls,Manufacturing Payrolls,Labor,2,35,0.20942091781121996,0.12558728109918357,0.20942091781121996,0.12558728109918357,positive,False,0.0,0.0,0.4861111111111111,0.1365548426743138,policy_tightening_positive_but_regime_dependent,weak positive Pearson correlation (0.21); Spearman 0.13,0.010467856266124646,1.0467856266124647
FED,inflation,core_cpi_yoy,Core CPI (YoY),private_nonfarm_payrolls,Private Nonfarm Payrolls,Labor,2,35,0.20038621556414127,0.1387214846574075,0.20038621556414127,0.1387214846574075,positive,False,0.0,0.0,0.4861111111111111,0.13647127271183498,policy_tightening_positive_but_regime_dependent,weak positive Pearson correlation (0.20); Spearman 0.14,0.010461450060835537,1.0461450060835538
FED,inflation,core_cpi_yoy,Core CPI (YoY),average_weekly_hours,Average Weekly Hours,Labor,2,35,-0.0031205722805516603,0.12720344208946283,0.0031205722805516603,0.12720344208946283,negative,False,0.2423310205982268,0.0,0.4861111111111111,0.11860755492085001,disinflationary_or_growth_sensitive,weak negative Pearson correlation (-0.00); Spearman 0.13; PCA loading signal 0.24,0.009092074749403843,0.9092074749403843
FED,inflation,core_cpi_yoy,Core CPI (YoY),philly_fed_mfg,Philadelphia Fed Manufacturing Index,Growth,2,27,-0.06741693712021984,-0.12530571710606997,0.06741693712021984,0.12530571710606997,negative,False,0.1850312188519487,0.0,0.375,0.11609184395063071,disinflationary_or_growth_sensitive,weak negative Pearson correlation (-0.07); Spearman -0.13; PCA loading signal 0.19,0.00889922841508397,0.889922841508397
FED,inflation,core_cpi_yoy,Core CPI (YoY),sp_global_services_pmi,S&P Global Services PMI,Growth,2,22,-0.07919731247002693,-0.10014154288754502,0.07919731247002693,0.10014154288754502,negative,False,0.2203253641162483,0.0,0.3055555555555556,0.11400162341499734,disinflationary_or_growth_sensitive,weak negative Pearson correlation (-0.08); Spearman -0.10; PCA loading signal 0.22,0.008738998812801047,0.8738998812801047
FED,inflation,core_cpi_yoy,Core CPI (YoY),sp_global_composite_pmi,S&P Global Composite PMI,Growth,2,22,-0.04955628509080154,-0.07217664645677238,0.04955628509080154,0.07217664645677238,negative,False,0.2319053830410727,0.0,0.3055555555555556,0.10160073932154358,disinflationary_or_growth_sensitive,weak negative Pearson correlation (-0.05); Spearman -0.07; PCA loading signal 0.23,0.0077883868116379205,0.7788386811637921
FED,inflation,core_cpi_yoy,Core CPI (YoY),ism_manufacturing_prices,ISM Manufacturing Prices Paid,Growth,2,33,0.07366610300014978,0.05587155708122492,0.07366610300014978,0.05587155708122492,positive,False,0.0,0.0,0.4583333333333333,0.07910747564962325,policy_tightening_positive_but_regime_dependent,weak positive Pearson correlation (0.07); Spearman 0.06,0.006064125361348141,0.606412536134814
FED,inflation,core_cpi_yoy,Core CPI (YoY),ism_manufacturing_new_orders,ISM Manufacturing New Orders,Growth,2,33,-0.039628102135332174,-0.07496654959117102,0.039628102135332174,0.07496654959117102,negative,False,0.0,0.0,0.4583333333333333,0.07271507389216719,disinflationary_or_growth_sensitive,weak negative Pearson correlation (-0.04); Spearman -0.07,0.0055741043450157814,0.5574104345015781
FED,inflation,core_cpi_yoy,Core CPI (YoY),new_home_sales,New Home Sales,Housing,2,34,-0.059931924564695455,0.0003058806618597394,0.059931924564695455,0.0003058806618597394,negative,False,0.0,0.0,0.4722222222222222,0.0652629757240028,disinflationary_or_growth_sensitive,weak negative Pearson correlation (-0.06); Spearman 0.00,0.0050028504006101255,0.5002850400610126
FED,inflation,core_cpi_yoy,Core CPI (YoY),ism_manufacturing_pmi,ISM Manufacturing PMI,Growth,1,33,0.018504060718871077,0.05840516439902908,0.018504060718871077,0.05840516439902908,positive,False,0.0,0.0,0.4583333333333333,0.06306558442880048,policy_tightening_positive_but_regime_dependent,weak positive Pearson correlation (0.02); Spearman 0.06,0.004834405431628164,0.48344054316281637
FED,inflation,core_cpi_yoy,Core CPI (YoY),retail_sales_mom,Retail Sales (MoM),Growth,1,32,-0.04449947223530792,0.006526936863431256,0.04449947223530792,0.006526936863431256,negative,False,0.0,0.0,0.4444444444444444,0.059099673487723076,disinflationary_or_growth_sensitive,weak negative Pearson correlation (-0.04); Spearman 0.01,0.0045303914187786705,0.45303914187786704
FED,unemployment,unemployment_rate,Unemployment Rate,participation_rate,Labor Force Participation Rate,Labor,2,36,-0.8345479196448111,-0.6795835920140351,0.8345479196448111,0.6795835920140351,negative,True,0.2385193763975871,0.0605259359309591,0.5,0.6095039911560791,currency_positive,strong negative Pearson correlation (-0.83); Spearman -0.68; same macro theme; PCA loading signal 0.24; model importance signal 0.06,0.052373028413788804,5.23730284137888
FED,unemployment,unemployment_rate,Unemployment Rate,government_payrolls,Government Payrolls,Labor,2,36,-0.9179791207602107,-0.48977728195136355,0.9179791207602107,0.48977728195136355,negative,True,0.0,0.0137783229247161,0.5,0.5456915075155375,currency_positive,strong negative Pearson correlation (-0.92); Spearman -0.49; same macro theme; model importance signal 0.01,0.04688979439505586,4.688979439505586
FED,unemployment,unemployment_rate,Unemployment Rate,challenger_job_cuts,Challenger Job Cuts,Labor,3,35,0.8513064761078255,0.26038807952155246,0.8513064761078255,0.26038807952155246,positive,True,0.1754474771620116,0.0476090523973954,0.4861111111111111,0.5157547546444885,currency_negative,strong positive Pearson correlation (0.85); Spearman 0.26; same macro theme; PCA loading signal 0.18; model importance signal 0.05,0.044317410240920715,4.431741024092071
FED,unemployment,unemployment_rate,Unemployment Rate,core_pce_price_index_yoy,Core PCE Price Index (YoY),Inflation,1,34,-0.6431087530538451,-0.7014273881484824,0.6431087530538451,0.7014273881484824,negative,False,0.1842462934205236,0.0526898931959238,0.4722222222222222,0.42256194042707357,currency_positive,moderate negative Pearson correlation (-0.64); Spearman -0.70; PCA loading signal 0.18; model importance signal 0.05,0.03630960392990386,3.630960392990386
FED,unemployment,unemployment_rate,Unemployment Rate,adp_employment_change,ADP Employment Change,Labor,2,34,-0.7373595939126922,0.042879118455718276,0.7373595939126922,0.042879118455718276,negative,True,0.0,0.0452789146230546,0.4722222222222222,0.4047033395730928,currency_positive,strong negative Pearson correlation (-0.74); Spearman 0.04; same macro theme; model importance signal 0.05,0.03477506269058892,3.477506269058892
FED,unemployment,unemployment_rate,Unemployment Rate,cpi_headline_yoy,Headline CPI (YoY),Inflation,1,35,-0.5327349228268373,-0.611057079564345,0.5327349228268373,0.611057079564345,negative,False,0.196814318781092,0.0403558745993266,0.4861111111111111,0.37293007993451344,currency_positive,moderate negative Pearson correlation (-0.53); Spearman -0.61; PCA loading signal 0.20; model importance signal 0.04,0.032044872480195566,3.2044872480195568
FED,unemployment,unemployment_rate,Unemployment Rate,pce_price_index_yoy,PCE Price Index (YoY),Inflation,1,34,-0.5637053356610545,-0.6001540930952856,0.5637053356610545,0.6001540930952856,negative,False,0.1851021978209598,0.0,0.4722222222222222,0.3696830371473685,currency_positive,moderate negative Pearson correlation (-0.56); Spearman -0.60; PCA loading signal 0.19,0.031765862881211034,3.1765862881211033
FED,unemployment,unemployment_rate,Unemployment Rate,avg_hourly_earnings_yoy,Average Hourly Earnings (YoY),Labor,1,35,0.4644421614976827,-0.105340913509732,0.4644421614976827,0.105340913509732,positive,True,0.194139370027787,0.0249440502425895,0.4861111111111111,0.3681975174086042,currency_negative,moderate positive Pearson correlation (0.46); Spearman -0.11; same macro theme; PCA loading signal 0.19; model importance signal 0.02,0.03163821619043223,3.163821619043223
FED,unemployment,unemployment_rate,Unemployment Rate,avg_hourly_earnings_mom,Average Hourly Earnings (MoM),Labor,2,36,0.44469291524968596,-0.10919169670221715,0.44469291524968596,0.10919169670221715,positive,True,0.1916399285961332,0.0110008556934627,0.5,0.36161154653054184,currency_negative,moderate positive Pearson correlation (0.44); Spearman -0.11; same macro theme; PCA loading signal 0.19; model importance signal 0.01,0.03107230153698607,3.107230153698607
FED,unemployment,unemployment_rate,Unemployment Rate,private_nonfarm_payrolls,Private Nonfarm Payrolls,Labor,2,36,-0.5635681171355307,0.08939649979155402,0.5635681171355307,0.08939649979155402,negative,True,0.0,0.0,0.5,0.35694973509897,currency_positive,moderate negative Pearson correlation (-0.56); Spearman 0.09; same macro theme,0.030671724697280165,3.0671724697280167
FED,unemployment,unemployment_rate,Unemployment Rate,nfp,Non-Farm Payrolls,Labor,1,36,-0.5934578495738112,-0.023155370436629068,0.5934578495738112,0.023155370436629068,negative,True,0.0,0.0,0.5,0.3526684289594692,currency_positive,moderate negative Pearson correlation (-0.59); Spearman -0.02; same macro theme,0.030303843647531987,3.0303843647531985
FED,unemployment,unemployment_rate,Unemployment Rate,manufacturing_payrolls,Manufacturing Payrolls,Labor,2,36,-0.5566604414532772,0.059616853826267364,0.5566604414532772,0.059616853826267364,negative,True,0.0,0.0,0.5,0.3489215032012366,currency_positive,moderate negative Pearson correlation (-0.56); Spearman 0.06; same macro theme,0.029981880457712575,2.9981880457712573
FED,unemployment,unemployment_rate,Unemployment Rate,core_cpi_mom,Core CPI (MoM),Inflation,1,33,-0.5257559299711929,-0.3708131860657746,0.5257559299711929,0.3708131860657746,negative,False,0.1772916426165493,0.0776085765908285,0.4583333333333333,0.3228287032292659,currency_positive,moderate negative Pearson correlation (-0.53); Spearman -0.37; PCA loading signal 0.18; model importance signal 0.08,0.027739796773017904,2.7739796773017904
FED,unemployment,unemployment_rate,Unemployment Rate,average_weekly_hours,Average Weekly Hours,Labor,2,36,0.20584158256414808,0.17472790926039283,0.20584158256414808,0.17472790926039283,positive,True,0.2423310205982268,0.0340171673001126,0.5,0.31610055877002297,currency_negative,weak positive Pearson correlation (0.21); Spearman 0.17; same macro theme; PCA loading signal 0.24; model importance signal 0.03,0.027161665528515896,2.7161665528515897
FED,unemployment,unemployment_rate,Unemployment Rate,umich_consumer_sentiment,UMich Consumer Sentiment,Sentiment,2,33,0.37356429541219344,0.5537791656174028,0.37356429541219344,0.5537791656174028,positive,False,0.2133722156058742,0.0,0.4583333333333333,0.30706545388952927,currency_negative,weak positive Pearson correlation (0.37); Spearman 0.55; PCA loading signal 0.21,0.026385303418515398,2.63853034185154
FED,unemployment,unemployment_rate,Unemployment Rate,consumer_inflation_expectations,Consumer Inflation Expectations,Inflation,2,35,-0.37350203866803194,-0.5313138581148986,0.37350203866803194,0.5313138581148986,negative,False,0.2019174675314049,0.0,0.4861111111111111,0.3032696384901533,currency_positive,weak negative Pearson correlation (-0.37); Spearman -0.53; PCA loading signal 0.20,0.026059139274146232,2.605913927414623
FED,unemployment,unemployment_rate,Unemployment Rate,ism_manufacturing_employment,ISM Manufacturing Employment,Growth,2,33,-0.6691841453494805,-0.08094533613430924,0.6691841453494805,0.08094533613430924,negative,False,0.172621957616524,0.0,0.4583333333333333,0.2938495965360136,currency_positive,moderate negative Pearson correlation (-0.67); Spearman -0.08; PCA loading signal 0.17,0.025249700563191334,2.5249700563191335
FED,unemployment,unemployment_rate,Unemployment Rate,core_ppi_yoy,Core PPI (YoY),Inflation,2,35,-0.4558116962832866,-0.3841943897931982,0.4558116962832866,0.3841943897931982,negative,False,0.173587180509985,0.0,0.4861111111111111,0.29343919044653405,currency_positive,moderate negative Pearson correlation (-0.46); Spearman -0.38; PCA loading signal 0.17,0.025214435478635062,2.521443547863506
FED,unemployment,unemployment_rate,Unemployment Rate,michigan_inflation_expectations,Michigan Inflation Expectations,Inflation,2,33,-0.4647797605877158,-0.5329143627847143,0.4647797605877158,0.5329143627847143,negative,False,0.0,0.0,0.4583333333333333,0.29185013406659094,currency_positive,moderate negative Pearson correlation (-0.46); Spearman -0.53,0.025077892164488722,2.5077892164488724
FED,unemployment,unemployment_rate,Unemployment Rate,ism_services_employment,ISM Services Employment,Growth,2,26,-0.7524092473946232,-0.12107201427231856,0.7524092473946232,0.12107201427231856,negative,False,0.0,0.0,0.3611111111111111,0.2860482881839618,currency_positive,strong negative Pearson correlation (-0.75); Spearman -0.12,0.02457935524976399,2.457935524976399
FED,unemployment,unemployment_rate,Unemployment Rate,ppi_yoy,PPI (YoY),Inflation,2,35,-0.41762057782515316,-0.31212300952272615,0.41762057782515316,0.31212300952272615,negative,False,0.1788593287047309,0.0,0.4861111111111111,0.2685165655300539,currency_positive,moderate negative Pearson correlation (-0.42); Spearman -0.31; PCA loading signal 0.18,0.02307290176952639,2.307290176952639
FED,unemployment,unemployment_rate,Unemployment Rate,umich_inflation_exp_5y,UMich 5Y Inflation Expectations,Inflation,2,33,-0.3567353570081154,-0.3461049031298177,0.3567353570081154,0.3461049031298177,negative,False,0.1888945118496748,0.0,0.4583333333333333,0.2560759331946729,currency_positive,weak negative Pearson correlation (-0.36); Spearman -0.35; PCA loading signal 0.19,0.022003911901961177,2.2003911901961177
FED,unemployment,unemployment_rate,Unemployment Rate,nfib_business_optimism,NFIB Business Optimism Index,Sentiment,3,35,0.1444750625507759,0.5811286155990423,0.1444750625507759,0.5811286155990423,positive,False,0.2295353601122281,0.0,0.4861111111111111,0.2494957178163534,currency_negative,weak positive Pearson correlation (0.14); Spearman 0.58; PCA loading signal 0.23,0.021438491803031378,2.1438491803031376
FED,unemployment,unemployment_rate,Unemployment Rate,philly_fed_mfg,Philadelphia Fed Manufacturing Index,Growth,2,27,-0.35236754835545775,0.3039497300211229,0.35236754835545775,0.3039497300211229,negative,False,0.1850312188519487,0.0,0.375,0.2373058299042127,currency_positive,weak negative Pearson correlation (-0.35); Spearman 0.30; PCA loading signal 0.19,0.020391047725146803,2.0391047725146803
FED,unemployment,unemployment_rate,Unemployment Rate,cpi_headline_mom,Headline CPI (MoM),Inflation,2,31,-0.47728553756421677,-0.07804666320545915,0.47728553756421677,0.07804666320545915,negative,False,0.1762665683044649,0.0,0.4305555555555556,0.23357853176071608,currency_positive,moderate negative Pearson correlation (-0.48); Spearman -0.08; PCA loading signal 0.18,0.020070771083141974,2.0070771083141974
FED,unemployment,unemployment_rate,Unemployment Rate,cpi_index,CPI Index,Inflation,2,28,-0.4735380539559162,-0.009066001122403376,0.4735380539559162,0.009066001122403376,negative,False,0.2700469627859365,0.0,0.3888888888888889,0.23137195860161297,currency_positive,moderate negative Pearson correlation (-0.47); Spearman -0.01; PCA loading signal 0.27,0.019881166223394274,1.9881166223394273
FED,unemployment,unemployment_rate,Unemployment Rate,ny_empire_state_mfg,NY Empire State Manufacturing Index,Growth,2,26,-0.5763648057029676,0.05246938571440458,0.5763648057029676,0.05246938571440458,negative,False,0.0,0.0,0.3611111111111111,0.2195144299648823,currency_positive,moderate negative Pearson correlation (-0.58); Spearman 0.05,0.018862280878556913,1.8862280878556914
FED,unemployment,unemployment_rate,Unemployment Rate,core_pce_price_index_mom,Core PCE Price Index (MoM),Inflation,1,32,-0.45655575002960846,-0.11728984063228548,0.45655575002960846,0.11728984063228548,negative,False,0.0,0.0,0.4444444444444444,0.2048691375797841,currency_positive,moderate negative Pearson correlation (-0.46); Spearman -0.12,0.017603850539555935,1.7603850539555936
FED,unemployment,unemployment_rate,Unemployment Rate,ism_manufacturing_new_orders,ISM Manufacturing New Orders,Growth,2,33,-0.27269962926905994,0.34148862597857477,0.27269962926905994,0.34148862597857477,negative,False,0.0,0.0,0.4583333333333333,0.19594094730976627,currency_positive,weak negative Pearson correlation (-0.27); Spearman 0.34,0.01683667531268262,1.683667531268262
FED,unemployment,unemployment_rate,Unemployment Rate,pce_price_index_mom,PCE Price Index (MoM),Inflation,1,30,-0.39191794329048285,0.004878435565038307,0.39191794329048285,0.004878435565038307,negative,False,0.1764733354493194,0.0,0.4166666666666667,0.19198293714769665,currency_positive,weak negative Pearson correlation (-0.39); Spearman 0.00; PCA loading signal 0.18,0.01649657421131501,1.6496574211315012
FED,unemployment,unemployment_rate,Unemployment Rate,import_prices_yoy,Import Prices (YoY),Inflation,3,35,-0.30644154041981275,-0.06845963790900664,0.30644154041981275,0.06845963790900664,negative,False,0.1792315315874171,0.0,0.4861111111111111,0.18649717650459133,currency_positive,weak negative Pearson correlation (-0.31); Spearman -0.07; PCA loading signal 0.18,0.016025197645777433,1.6025197645777434
FED,unemployment,unemployment_rate,Unemployment Rate,export_prices_yoy,Export Prices (YoY),Inflation,3,35,-0.24615712232789294,-0.0425413566936028,0.24615712232789294,0.0425413566936028,negative,False,0.1689640082423053,0.0,0.4861111111111111,0.16138004063181452,currency_positive,weak negative Pearson correlation (-0.25); Spearman -0.04; PCA loading signal 0.17,0.013866950136613744,1.3866950136613745
FED,unemployment,unemployment_rate,Unemployment Rate,ppi_mom,PPI (MoM),Inflation,2,34,-0.2567867062880494,0.14840801651956262,0.2567867062880494,0.14840801651956262,negative,False,0.0,0.0,0.4722222222222222,0.15393983741254957,currency_positive,weak negative Pearson correlation (-0.26); Spearman 0.15,0.01322763360996094,1.322763360996094
FED,unemployment,unemployment_rate,Unemployment Rate,import_prices_mom,Import Prices (MoM),Inflation,3,32,-0.17382599793038025,0.2755036440109886,0.17382599793038025,0.2755036440109886,negative,False,0.0,0.0,0.4444444444444444,0.15169297262575623,currency_positive,weak negative Pearson correlation (-0.17); Spearman 0.28,0.013034566599690068,1.3034566599690067
FED,unemployment,unemployment_rate,Unemployment Rate,export_prices_mom,Export Prices (MoM),Inflation,3,33,-0.2202697435293543,0.19065594094409874,0.2202697435293543,0.19065594094409874,negative,False,0.0,0.0,0.4583333333333333,0.15004544458095936,currency_positive,weak negative Pearson correlation (-0.22); Spearman 0.19,0.012892998973629085,1.2892998973629084
FED,unemployment,unemployment_rate,Unemployment Rate,core_ppi_mom,Core PPI (MoM),Inflation,2,31,-0.3055803883084214,-0.05414266535347658,0.3055803883084214,0.05414266535347658,negative,False,0.0,0.0,0.4305555555555556,0.1455582051187773,currency_positive,weak negative Pearson correlation (-0.31); Spearman -0.05,0.012507422630795661,1.2507422630795662
FED,unemployment,unemployment_rate,Unemployment Rate,ism_manufacturing_pmi,ISM Manufacturing PMI,Growth,1,33,-0.14929938454650618,0.26032725339775936,0.14929938454650618,0.26032725339775936,negative,False,0.0,0.0,0.4583333333333333,0.14268859937683706,currency_positive,weak negative Pearson correlation (-0.15); Spearman 0.26,0.012260845175619454,1.2260845175619455
FED,unemployment,unemployment_rate,Unemployment Rate,retail_sales_yoy,Retail Sales (YoY),Growth,2,35,-0.2624854157092437,0.06551519798446928,0.2624854157092437,0.06551519798446928,negative,False,0.0,0.0,0.4861111111111111,0.1404597754207781,currency_positive,weak negative Pearson correlation (-0.26); Spearman 0.07,0.012069328365108335,1.2069328365108334
FED,unemployment,unemployment_rate,Unemployment Rate,ism_manufacturing_prices,ISM Manufacturing Prices Paid,Growth,2,33,-0.20616173160977194,0.16231200409075722,0.20616173160977194,0.16231200409075722,negative,False,0.0,0.0,0.4583333333333333,0.14014425363441635,currency_positive,weak negative Pearson correlation (-0.21); Spearman 0.16,0.012042216431926487,1.2042216431926487
FED,unemployment,unemployment_rate,Unemployment Rate,sp_global_manufacturing_pmi,S&P Global Manufacturing PMI,Growth,2,21,-0.15825131502415005,0.028459713856789356,0.15825131502415005,0.028459713856789356,negative,False,0.2644540346036514,0.0,0.2916666666666667,0.12993573017392682,currency_positive,weak negative Pearson correlation (-0.16); Spearman 0.03; PCA loading signal 0.26,0.011165025639057444,1.1165025639057444
FED,unemployment,unemployment_rate,Unemployment Rate,new_home_sales,New Home Sales,Housing,2,33,0.21449731795707389,0.09851750611062472,0.21449731795707389,0.09851750611062472,positive,False,0.0,0.0,0.4583333333333333,0.12988602994258044,currency_negative,weak positive Pearson correlation (0.21); Spearman 0.10,0.011160755032685304,1.1160755032685303
FED,unemployment,unemployment_rate,Unemployment Rate,sp_global_services_pmi,S&P Global Services PMI,Growth,2,22,0.09010283407578212,0.04062565576549024,0.09010283407578212,0.04062565576549024,positive,False,0.2203253641162483,0.0,0.3055555555555556,0.10537010247231293,currency_negative,weak positive Pearson correlation (0.09); Spearman 0.04; PCA loading signal 0.22,0.00905416773445396,0.905416773445396
FED,unemployment,unemployment_rate,Unemployment Rate,sp_global_composite_pmi,S&P Global Composite PMI,Growth,2,22,0.07747318509669236,0.01932941731212748,0.07747318509669236,0.01932941731212748,positive,False,0.2319053830410727,0.0,0.3055555555555556,0.09940636349438185,currency_negative,weak positive Pearson correlation (0.08); Spearman 0.02; PCA loading signal 0.23,0.008541719784193333,0.8541719784193333
FED,unemployment,unemployment_rate,Unemployment Rate,retail_sales_mom,Retail Sales (MoM),Growth,1,32,-0.0013001972261795175,0.11812912627716704,0.0013001972261795175,0.11812912627716704,negative,False,0.0,0.0,0.4444444444444444,0.0684603288677317,currency_positive,weak negative Pearson correlation (-0.00); Spearman 0.12,0.005882610780294113,0.5882610780294113
RBA,gdp_growth,retail_sales_mom,Retail Sales (MoM),cpi_headline_qoq,Headline CPI (QoQ),Inflation,1,20,0.8196148779477881,0.5754149449275958,0.8196148779477881,0.5754149449275958,positive,False,0.2075938071214254,0.0966682879929342,0.2777777777777778,0.44254572438828876,currency_positive,strong positive Pearson correlation (0.82); Spearman 0.58; PCA loading signal 0.21; model importance signal 0.10,0.051893261040654004,5.1893261040654
RBA,gdp_growth,retail_sales_mom,Retail Sales (MoM),leading_index_mom,Leading Index (MoM),Growth,3,55,0.4417679153823937,0.23323629588858064,0.4417679153823937,0.23323629588858064,positive,True,0.2402822581941646,0.0934177072438935,0.7638888888888888,0.4346983393877346,currency_positive,moderate positive Pearson correlation (0.44); Spearman 0.23; same macro theme; PCA loading signal 0.24; model importance signal 0.09,0.050973070479818375,5.097307047981838
RBA,gdp_growth,retail_sales_mom,Retail Sales (MoM),producer_price_index_qoq,Producer Price Index (QoQ),Inflation,2,20,0.7130001233595222,0.32149715742581436,0.7130001233595222,0.32149715742581436,positive,False,0.2564639821788557,0.0313745588088064,0.2777777777777778,0.35747443806048845,currency_positive,strong positive Pearson correlation (0.71); Spearman 0.32; PCA loading signal 0.26; model importance signal 0.03,0.04191773484033899,4.191773484033899
RBA,gdp_growth,retail_sales_mom,Retail Sales (MoM),ai_group_construction_index,Ai Group Construction Index,Growth,3,60,0.08675972863303381,0.20621771638753503,0.08675972863303381,0.20621771638753503,positive,True,0.2948634732094977,0.0,0.8333333333333334,0.32368022037846006,currency_positive,weak positive Pearson correlation (0.09); Spearman 0.21; same macro theme; PCA loading signal 0.29,0.03795499819371963,3.7954998193719627
RBA,gdp_growth,retail_sales_mom,Retail Sales (MoM),ai_group_manufacturing_index,Ai Group Manufacturing Index,Growth,3,60,0.08371145225646387,0.17508762826781477,0.08371145225646387,0.17508762826781477,positive,True,0.2863480543502006,0.0,0.8333333333333334,0.31500694444687155,currency_positive,weak positive Pearson correlation (0.08); Spearman 0.18; same macro theme; PCA loading signal 0.29,0.03693796301025316,3.6937963010253156
RBA,gdp_growth,retail_sales_mom,Retail Sales (MoM),services_pmi,Services PMI,Growth,2,48,0.11292870796955766,0.19340553147052894,0.11292870796955766,0.19340553147052894,positive,True,0.2662468412842586,0.0285242390269449,0.6666666666666666,0.3119999374173869,currency_positive,weak positive Pearson correlation (0.11); Spearman 0.19; same macro theme; PCA loading signal 0.27; model importance signal 0.03,0.03658535899188235,3.658535899188235
RBA,gdp_growth,retail_sales_mom,Retail Sales (MoM),composite_pmi,Composite PMI,Growth,2,46,0.10777427681368416,0.1927603083386598,0.10777427681368416,0.1927603083386598,positive,True,0.269472194319627,0.0,0.6388888888888888,0.3032782285782589,currency_positive,weak positive Pearson correlation (0.11); Spearman 0.19; same macro theme; PCA loading signal 0.27,0.03556264452743904,3.5562644527439042
RBA,gdp_growth,retail_sales_mom,Retail Sales (MoM),manufacturing_pmi,Manufacturing PMI,Growth,2,47,0.0402620385203634,0.19736465815622994,0.0402620385203634,0.19736465815622994,positive,True,0.3076420442377799,0.0151925125147795,0.6527777777777778,0.2947876160554457,currency_positive,weak positive Pearson correlation (0.04); Spearman 0.20; same macro theme; PCA loading signal 0.31; model importance signal 0.02,0.03456702859950205,3.456702859950205
RBA,gdp_growth,retail_sales_mom,Retail Sales (MoM),private_sector_credit_mom,Private Sector Credit (MoM),Growth,3,62,-0.13709450255070396,0.042060037291027925,0.13709450255070396,0.042060037291027925,negative,True,0.1629897447250588,0.0180521064526996,0.8611111111111112,0.2880584814819974,currency_negative,weak negative Pearson correlation (-0.14); Spearman 0.04; same macro theme; PCA loading signal 0.16; model importance signal 0.02,0.033777964966630394,3.3777964966630396
RBA,gdp_growth,retail_sales_mom,Retail Sales (MoM),private_sector_credit_yoy,Private Sector Credit (YoY),Growth,3,65,-0.002747455750313832,0.10625267458625871,0.002747455750313832,0.10625267458625871,negative,True,0.2598411121956425,0.0354476677671284,0.9027777777777778,0.28515005313575115,currency_negative,weak negative Pearson correlation (-0.00); Spearman 0.11; same macro theme; PCA loading signal 0.26; model importance signal 0.04,0.03343692036248601,3.343692036248601
RBA,gdp_growth,retail_sales_mom,Retail Sales (MoM),ai_group_industry_index,Ai Group Industry Index,Growth,3,26,-0.23801252539131354,-0.2602068118278211,0.23801252539131354,0.2602068118278211,negative,True,0.0,0.0062163310555513,0.3611111111111111,0.28061300737351313,currency_negative,weak negative Pearson correlation (-0.24); Spearman -0.26; same macro theme; model importance signal 0.01,0.03290490279431573,3.290490279431573
RBA,gdp_growth,retail_sales_mom,Retail Sales (MoM),housing_credit_mom,Housing Credit (MoM),Growth,3,31,0.1785998767296305,0.058529661984679425,0.1785998767296305,0.058529661984679425,positive,True,0.261330281806111,0.0192925689588344,0.4305555555555556,0.2786606384194824,currency_positive,weak positive Pearson correlation (0.18); Spearman 0.06; same macro theme; PCA loading signal 0.26; model importance signal 0.02,0.03267596646933095,3.267596646933095
RBA,gdp_growth,retail_sales_mom,Retail Sales (MoM),employment_change,Employment Change,Labor,1,65,0.3761784102169323,0.08871031314051109,0.3761784102169323,0.08871031314051109,positive,False,0.2340182163305727,0.0432010345725953,0.9027777777777778,0.270340818287804,currency_positive,weak positive Pearson correlation (0.38); Spearman 0.09; PCA loading signal 0.23; model importance signal 0.04,0.031700377792022505,3.1700377792022505
RBA,gdp_growth,retail_sales_mom,Retail Sales (MoM),part_time_employment_change,Part-Time Employment Change,Labor,1,65,0.3497038717145221,0.14179499202624188,0.3497038717145221,0.14179499202624188,positive,False,0.2046614993990505,0.0444452219002572,0.9027777777777778,0.26794269531225556,currency_positive,weak positive Pearson correlation (0.35); Spearman 0.14; PCA loading signal 0.20; model importance signal 0.04,0.031419171998542654,3.1419171998542654
RBA,gdp_growth,retail_sales_mom,Retail Sales (MoM),rba_trimmed_mean_cpi_qoq,RBA Trimmed Mean CPI (QoQ),Inflation,1,20,0.44828972890378876,0.2216773062204835,0.44828972890378876,0.2216773062204835,positive,False,0.2827402185054314,0.0,0.2777777777777778,0.25749339702398877,currency_positive,moderate positive Pearson correlation (0.45); Spearman 0.22; PCA loading signal 0.28,0.030193879031326185,3.0193879031326185
RBA,gdp_growth,retail_sales_mom,Retail Sales (MoM),westpac_consumer_confidence_change,Westpac Consumer Confidence Change,Sentiment,2,63,0.43002413556782754,0.08525717899102064,0.43002413556782754,0.08525717899102064,positive,False,0.0,0.0247673162710589,0.875,0.23776912023463237,currency_positive,moderate positive Pearson correlation (0.43); Spearman 0.09; model importance signal 0.02,0.02788099476228709,2.7880994762287092
RBA,gdp_growth,retail_sales_mom,Retail Sales (MoM),ai_group_services_index,Ai Group Services Index,Growth,3,34,0.03558216071609129,-0.0167456805508161,0.03558216071609129,0.0167456805508161,positive,True,0.2538551812410303,0.0396896084555196,0.4722222222222222,0.23368717260803662,currency_positive,weak positive Pearson correlation (0.04); Spearman -0.02; same macro theme; PCA loading signal 0.25; model importance signal 0.04,0.027402342360811495,2.7402342360811494
RBA,gdp_growth,retail_sales_mom,Retail Sales (MoM),rba_weighted_median_cpi_qoq,RBA Weighted Median CPI (QoQ),Inflation,1,20,0.38691107549721226,0.16263353840082082,0.38691107549721226,0.16263353840082082,positive,False,0.2903748810399528,0.0,0.2777777777777778,0.22864528669429712,currency_positive,weak positive Pearson correlation (0.39); Spearman 0.16; PCA loading signal 0.29,0.02681112683789455,2.681112683789455
RBA,gdp_growth,retail_sales_mom,Retail Sales (MoM),cpi_headline_yoy,Headline CPI (YoY),Inflation,1,20,0.37406479701726847,0.16007534092128675,0.37406479701726847,0.16007534092128675,positive,False,0.271121537222668,0.0,0.2777777777777778,0.2208141617672959,currency_positive,weak positive Pearson correlation (0.37); Spearman 0.16; PCA loading signal 0.27,0.0258928429461214,2.5892842946121397
RBA,gdp_growth,retail_sales_mom,Retail Sales (MoM),producer_price_index_yoy,Producer Price Index (YoY),Inflation,2,20,0.3564145406247302,0.15837108575988876,0.3564145406247302,0.15837108575988876,positive,False,0.2956188215830626,0.0,0.2777777777777778,0.21958774500212586,currency_positive,weak positive Pearson correlation (0.36); Spearman 0.16; PCA loading signal 0.30,0.025749032347956488,2.5749032347956486
RBA,gdp_growth,retail_sales_mom,Retail Sales (MoM),nab_business_confidence,NAB Business Confidence,Sentiment,2,62,0.1147609084104722,0.29343989030828804,0.1147609084104722,0.29343989030828804,positive,False,0.1734472765812273,0.0,0.8611111111111112,0.21044787148053132,currency_positive,weak positive Pearson correlation (0.11); Spearman 0.29; PCA loading signal 0.17,0.02467728356269759,2.467728356269759
RBA,gdp_growth,retail_sales_mom,Retail Sales (MoM),westpac_consumer_confidence_index,Westpac Consumer Confidence Index,Sentiment,2,64,0.14825089490579504,0.13356018252648827,0.14825089490579504,0.13356018252648827,positive,False,0.2206072915074419,0.0,0.8888888888888888,0.1997855063372646,currency_positive,weak positive Pearson correlation (0.15); Spearman 0.13; PCA loading signal 0.22,0.0234270062078432,2.34270062078432
RBA,gdp_growth,retail_sales_mom,Retail Sales (MoM),exports_mom,Exports (MoM),Trade,2,65,0.23825347669304517,0.12508343644237419,0.23825347669304517,0.12508343644237419,positive,False,0.0,0.0,0.9027777777777778,0.18677050807416617,currency_positive,weak positive Pearson correlation (0.24); Spearman 0.13,0.021900857235905468,2.190085723590547
RBA,gdp_growth,retail_sales_mom,Retail Sales (MoM),full_time_employment_change,Full-Time Employment Change,Labor,1,65,0.24958754777420897,0.03454083014597573,0.24958754777420897,0.03454083014597573,positive,False,0.0,0.0,0.9027777777777778,0.17206220813923562,currency_positive,weak positive Pearson correlation (0.25); Spearman 0.03,0.020176150373032466,2.0176150373032464
RBA,gdp_growth,retail_sales_mom,Retail Sales (MoM),td_mi_inflation_gauge_mom,TD-MI Inflation Gauge (MoM),Inflation,2,63,-0.14610056891284842,0.18626638498063505,0.14610056891284842,0.18626638498063505,negative,False,0.0,0.0,0.875,0.16858344766998154,currency_negative,weak negative Pearson correlation (-0.15); Spearman 0.19,0.019768228173855328,1.976822817385533
RBA,gdp_growth,retail_sales_mom,Retail Sales (MoM),commodity_prices_yoy,Commodity Prices (YoY),Inflation,3,41,0.04280431369423346,0.2678163126769505,0.04280431369423346,0.2678163126769505,positive,False,0.2512596353643246,0.0,0.5694444444444444,0.168575735453683,currency_positive,weak positive Pearson correlation (0.04); Spearman 0.27; PCA loading signal 0.25,0.019767323833283213,1.9767323833283212
RBA,gdp_growth,retail_sales_mom,Retail Sales (MoM),consumer_inflation_expectation,Consumer Inflation Expectation,Inflation,2,63,-0.12054234791484877,-0.016099558521475037,0.12054234791484877,0.016099558521475037,negative,False,0.2264625412710353,0.0,0.875,0.16764587350753601,currency_negative,weak negative Pearson correlation (-0.12); Spearman -0.02; PCA loading signal 0.23,0.019658287487333028,1.9658287487333028
RBA,gdp_growth,retail_sales_mom,Retail Sales (MoM),rba_weighted_median_cpi_yoy,RBA Weighted Median CPI (YoY),Inflation,1,20,0.2567325542480905,0.06870529415032314,0.2567325542480905,0.06870529415032314,positive,False,0.2612950537863377,0.0,0.2777777777777778,0.16557171256381037,currency_positive,weak positive Pearson correlation (0.26); Spearman 0.07; PCA loading signal 0.26,0.019415069737479352,1.9415069737479351
RBA,gdp_growth,retail_sales_mom,Retail Sales (MoM),balance_of_trade,Balance of Trade,Trade,2,66,0.0015998208480862695,0.10428027948219873,0.0015998208480862695,0.10428027948219873,positive,False,0.2868467633675802,0.0,0.9166666666666666,0.16463508622369674,currency_positive,weak positive Pearson correlation (0.00); Spearman 0.10; PCA loading signal 0.29,0.019305240193352013,1.9305240193352013
RBA,gdp_growth,retail_sales_mom,Retail Sales (MoM),building_permits,Building Permits,Housing,2,66,-0.09496032848939108,-0.11484350718145195,0.09496032848939108,0.11484350718145195,negative,False,0.0,0.0,0.9166666666666666,0.14312346664977438,currency_negative,weak negative Pearson correlation (-0.09); Spearman -0.11,0.016782770698251098,1.6782770698251097
RBA,gdp_growth,retail_sales_mom,Retail Sales (MoM),export_price_index_qoq,Export Price Index (QoQ),Inflation,2,20,0.17341086416096677,0.08280020332470263,0.17341086416096677,0.08280020332470263,positive,False,0.2361362128161683,0.0,0.2777777777777778,0.13886559599791864,currency_positive,weak positive Pearson correlation (0.17); Spearman 0.08; PCA loading signal 0.24,0.0162834894239387,1.6283489423938697
RBA,gdp_growth,retail_sales_mom,Retail Sales (MoM),imports_mom,Imports (MoM),Trade,2,66,0.11963216601348096,0.04859695909209419,0.11963216601348096,0.04859695909209419,positive,False,0.0,0.0,0.9166666666666666,0.1372757082891298,currency_positive,weak positive Pearson correlation (0.12); Spearman 0.05,0.016097057935957317,1.6097057935957317
RBA,gdp_growth,retail_sales_mom,Retail Sales (MoM),monthly_cpi_indicator,Monthly CPI Indicator,Inflation,1,32,-0.1391387519082475,0.027223403048116688,0.1391387519082475,0.027223403048116688,negative,False,0.2526964058736206,0.0,0.4444444444444444,0.13711610368379373,currency_negative,weak negative Pearson correlation (-0.14); Spearman 0.03; PCA loading signal 0.25,0.016078342573924514,1.6078342573924513
RBA,gdp_growth,retail_sales_mom,Retail Sales (MoM),current_account,Current Account,Trade,2,20,-0.18863881397841506,-0.04480422957007885,0.18863881397841506,0.04480422957007885,negative,False,0.2362828543405881,0.0,0.2777777777777778,0.13586118166662392,currency_negative,weak negative Pearson correlation (-0.19); Spearman -0.04; PCA loading signal 0.24,0.015931189427404634,1.5931189427404635
RBA,gdp_growth,retail_sales_mom,Retail Sales (MoM),corelogic_dwelling_prices_mom,CoreLogic Dwelling Prices (MoM),Housing,2,29,0.14938771566867268,0.004588884764126054,0.14938771566867268,0.004588884764126054,positive,False,0.2577319727534901,0.0,0.4027777777777778,0.132403624526833,currency_positive,weak positive Pearson correlation (0.15); Spearman 0.00; PCA loading signal 0.26,0.015525753547380807,1.5525753547380807
RBA,gdp_growth,retail_sales_mom,Retail Sales (MoM),private_house_approvals_mom,Private House Approvals (MoM),Housing,2,42,-0.04745148285956845,-0.26155123350605586,0.04745148285956845,0.26155123350605586,negative,False,0.0,0.0,0.5833333333333334,0.12487902489241506,currency_negative,weak negative Pearson correlation (-0.05); Spearman -0.26,0.014643413053423947,1.4643413053423946
RBA,gdp_growth,retail_sales_mom,Retail Sales (MoM),import_price_index_qoq,Import Price Index (QoQ),Inflation,2,20,0.19530187718124273,0.004896422192886418,0.19530187718124273,0.004896422192886418,positive,False,0.1934199016566502,0.0,0.2777777777777778,0.12216320766892491,currency_positive,weak positive Pearson correlation (0.20); Spearman 0.00; PCA loading signal 0.19,0.014324954181604354,1.4324954181604355
RBA,inflation,cpi_headline_yoy,Headline CPI (YoY),rba_trimmed_mean_cpi_yoy,RBA Trimmed Mean CPI (YoY),Inflation,1,25,0.9285343013664851,0.9013487475915222,0.9285343013664851,0.9013487475915222,positive,True,0.2722453031235465,0.0235614952446904,0.3472222222222222,0.6665618709043079,policy_tightening_positive_but_regime_dependent,strong positive Pearson correlation (0.93); Spearman 0.90; same macro theme; PCA loading signal 0.27; model importance signal 0.02,0.06340709730456194,6.340709730456194
RBA,inflation,cpi_headline_yoy,Headline CPI (YoY),rba_weighted_median_cpi_qoq,RBA Weighted Median CPI (QoQ),Inflation,1,24,0.9187466941855446,0.9030010074684027,0.9187466941855446,0.9030010074684027,positive,True,0.2903748810399528,0.0144852457647691,0.3333333333333333,0.6642875134498796,policy_tightening_positive_but_regime_dependent,strong positive Pearson correlation (0.92); Spearman 0.90; same macro theme; PCA loading signal 0.29; model importance signal 0.01,0.06319074768915019,6.319074768915018
RBA,inflation,cpi_headline_yoy,Headline CPI (YoY),rba_trimmed_mean_cpi_qoq,RBA Trimmed Mean CPI (QoQ),Inflation,1,25,0.9147405091064488,0.8935504092161578,0.9147405091064488,0.8935504092161578,positive,True,0.2827402185054314,0.0,0.3472222222222222,0.658747696128366,policy_tightening_positive_but_regime_dependent,strong positive Pearson correlation (0.91); Spearman 0.89; same macro theme; PCA loading signal 0.28,0.06266376924755683,6.266376924755683
RBA,inflation,cpi_headline_yoy,Headline CPI (YoY),producer_price_index_yoy,Producer Price Index (YoY),Inflation,2,25,0.8682017160814696,0.8789514916808439,0.8682017160814696,0.8789514916808439,positive,True,0.2956188215830626,0.0336437464436753,0.3472222222222222,0.649903860163208,policy_tightening_positive_but_regime_dependent,strong positive Pearson correlation (0.87); Spearman 0.88; same macro theme; PCA loading signal 0.30; model importance signal 0.03,0.06182249405306124,6.182249405306124
RBA,inflation,cpi_headline_yoy,Headline CPI (YoY),rba_weighted_median_cpi_yoy,RBA Weighted Median CPI (YoY),Inflation,1,24,0.8721909035058992,0.8771845064988486,0.8721909035058992,0.8771845064988486,positive,True,0.2612950537863377,0.0,0.3333333333333333,0.6374606153664136,policy_tightening_positive_but_regime_dependent,strong positive Pearson correlation (0.87); Spearman 0.88; same macro theme; PCA loading signal 0.26,0.06063882293706353,6.063882293706353
RBA,inflation,cpi_headline_yoy,Headline CPI (YoY),consumer_inflation_expectation,Consumer Inflation Expectation,Inflation,2,28,0.7179033403810899,0.6783508294819224,0.7179033403810899,0.6783508294819224,positive,True,0.2264625412710353,0.0109944743528494,0.3888888888888889,0.552562374968371,policy_tightening_positive_but_regime_dependent,strong positive Pearson correlation (0.72); Spearman 0.68; same macro theme; PCA loading signal 0.23; model importance signal 0.01,0.05256282695697305,5.256282695697305
RBA,inflation,cpi_headline_yoy,Headline CPI (YoY),producer_price_index_qoq,Producer Price Index (QoQ),Inflation,2,25,0.6539528798315901,0.6470846556469548,0.6539528798315901,0.6470846556469548,positive,True,0.2564639821788557,0.0346495841330291,0.3472222222222222,0.5323789633958992,policy_tightening_positive_but_regime_dependent,moderate positive Pearson correlation (0.65); Spearman 0.65; same macro theme; PCA loading signal 0.26; model importance signal 0.03,0.05064286783933329,5.064286783933329
RBA,inflation,cpi_headline_yoy,Headline CPI (YoY),cpi_headline_qoq,Headline CPI (QoQ),Inflation,1,26,0.6391010910413403,0.5830197255871099,0.6391010910413403,0.5830197255871099,positive,True,0.2075938071214254,0.0428165338892506,0.3611111111111111,0.5090910795839643,policy_tightening_positive_but_regime_dependent,moderate positive Pearson correlation (0.64); Spearman 0.58; same macro theme; PCA loading signal 0.21; model importance signal 0.04,0.04842759394003659,4.842759394003659
RBA,inflation,cpi_headline_yoy,Headline CPI (YoY),private_sector_credit_yoy,Private Sector Credit (YoY),Growth,3,28,0.6920970840794805,0.6103119515868008,0.6920970840794805,0.6103119515868008,positive,False,0.2598411121956425,0.183836964293652,0.3888888888888889,0.4466040885552297,policy_tightening_positive_but_regime_dependent,moderate positive Pearson correlation (0.69); Spearman 0.61; PCA loading signal 0.26; model importance signal 0.18,0.042483481482699426,4.248348148269942
RBA,inflation,cpi_headline_yoy,Headline CPI (YoY),commodity_prices_yoy,Commodity Prices (YoY),Inflation,3,20,0.5084359702815391,0.3421259684909644,0.5084359702815391,0.3421259684909644,positive,True,0.2512596353643246,0.0242320224260446,0.2777777777777778,0.4180799407384384,policy_tightening_positive_but_regime_dependent,moderate positive Pearson correlation (0.51); Spearman 0.34; same macro theme; PCA loading signal 0.25; model importance signal 0.02,0.039770104832914065,3.9770104832914064
RBA,inflation,cpi_headline_yoy,Headline CPI (YoY),import_price_index_qoq,Import Price Index (QoQ),Inflation,2,25,0.2836010532166236,0.4150616640764801,0.2836010532166236,0.4150616640764801,positive,True,0.1934199016566502,0.0206284165033015,0.3472222222222222,0.3611372841062636,policy_tightening_positive_but_regime_dependent,weak positive Pearson correlation (0.28); Spearman 0.42; same macro theme; PCA loading signal 0.19; model importance signal 0.02,0.0343534005066402,3.43534005066402
RBA,inflation,cpi_headline_yoy,Headline CPI (YoY),balance_of_trade,Balance of Trade,Trade,2,28,0.42623638661218144,0.41151538954081,0.42623638661218144,0.41151538954081,positive,False,0.2868467633675802,0.0346579252796227,0.3888888888888889,0.30658714748440563,policy_tightening_positive_but_regime_dependent,moderate positive Pearson correlation (0.43); Spearman 0.41; PCA loading signal 0.29; model importance signal 0.03,0.029164286079697746,2.9164286079697748
RBA,inflation,cpi_headline_yoy,Headline CPI (YoY),td_mi_inflation_gauge_mom,TD-MI Inflation Gauge (MoM),Inflation,2,28,0.3046469955667749,0.1957215253624305,0.3046469955667749,0.1957215253624305,positive,True,0.0,0.0119953568197526,0.3888888888888889,0.2914665032907654,policy_tightening_positive_but_regime_dependent,weak positive Pearson correlation (0.30); Spearman 0.20; same macro theme; model importance signal 0.01,0.027725925742054843,2.7725925742054844
RBA,inflation,cpi_headline_yoy,Headline CPI (YoY),nab_business_confidence,NAB Business Confidence,Sentiment,2,26,0.4758866252157855,0.3662945057867323,0.4758866252157855,0.3662945057867323,positive,False,0.1734472765812273,0.0101468888243669,0.3611111111111111,0.2850814807179565,policy_tightening_positive_but_regime_dependent,moderate positive Pearson correlation (0.48); Spearman 0.37; PCA loading signal 0.17; model importance signal 0.01,0.027118546644572625,2.7118546644572623
RBA,inflation,cpi_headline_yoy,Headline CPI (YoY),manufacturing_pmi,Manufacturing PMI,Growth,2,21,0.43361055309171964,0.2793878363686387,0.43361055309171964,0.2793878363686387,positive,False,0.3076420442377799,0.0194048670105949,0.2916666666666667,0.2738017952225118,policy_tightening_positive_but_regime_dependent,moderate positive Pearson correlation (0.43); Spearman 0.28; PCA loading signal 0.31; model importance signal 0.02,0.02604555980419994,2.604555980419994
RBA,inflation,cpi_headline_yoy,Headline CPI (YoY),consumer_price_index,Consumer Price Index,Inflation,2,18,0.05445616607376524,-0.4917207977539932,0.05445616607376524,0.4917207977539932,positive,True,0.0,0.0,0.25,0.2596810093729282,policy_tightening_positive_but_regime_dependent,weak positive Pearson correlation (0.05); Spearman -0.49; same macro theme,0.024702311590546915,2.4702311590546913
RBA,inflation,cpi_headline_yoy,Headline CPI (YoY),building_permits,Building Permits,Housing,2,24,-0.46391859583693285,-0.4222901034777748,0.46391859583693285,0.4222901034777748,negative,False,0.0,0.0,0.3333333333333333,0.2569669327799682,disinflationary_or_growth_sensitive,moderate negative Pearson correlation (-0.46); Spearman -0.42,0.02444413342864819,2.444413342864819
RBA,inflation,cpi_headline_yoy,Headline CPI (YoY),private_sector_credit_mom,Private Sector Credit (MoM),Growth,3,26,0.37707441412388415,0.23511681273453766,0.37707441412388415,0.23511681273453766,positive,False,0.1629897447250588,0.0,0.3611111111111111,0.22559495194569446,policy_tightening_positive_but_regime_dependent,weak positive Pearson correlation (0.38); Spearman 0.24; PCA loading signal 0.16,0.02145985495694842,2.145985495694842
RBA,inflation,cpi_headline_yoy,Headline CPI (YoY),export_price_index_qoq,Export Price Index (QoQ),Inflation,2,25,0.019728892077567357,0.06122450795155425,0.019728892077567357,0.06122450795155425,positive,True,0.2361362128161683,0.0371854402368002,0.3472222222222222,0.2217118345829696,policy_tightening_positive_but_regime_dependent,weak positive Pearson correlation (0.02); Spearman 0.06; same macro theme; PCA loading signal 0.24; model importance signal 0.04,0.021090471091457747,2.1090471091457745
RBA,inflation,cpi_headline_yoy,Headline CPI (YoY),private_house_approvals_mom,Private House Approvals (MoM),Housing,2,20,-0.310670108477897,-0.43320767054688,0.310670108477897,0.43320767054688,negative,False,0.0,0.0,0.2777777777777778,0.2076203444305229,disinflationary_or_growth_sensitive,weak negative Pearson correlation (-0.31); Spearman -0.43,0.019750009648545817,1.9750009648545817
RBA,inflation,cpi_headline_yoy,Headline CPI (YoY),employment_change,Employment Change,Labor,1,28,0.166800173876187,-0.32817050051988644,0.166800173876187,0.32817050051988644,positive,False,0.2340182163305727,0.0,0.3888888888888889,0.19668632009522538,policy_tightening_positive_but_regime_dependent,weak positive Pearson correlation (0.17); Spearman -0.33; PCA loading signal 0.23,0.018709904033116474,1.8709904033116473
RBA,inflation,cpi_headline_yoy,Headline CPI (YoY),services_pmi,Services PMI,Growth,2,22,0.31458529496548504,-0.1151670234030612,0.31458529496548504,0.1151670234030612,positive,False,0.2662468412842586,0.0,0.3055555555555556,0.19588898015697986,policy_tightening_positive_but_regime_dependent,weak positive Pearson correlation (0.31); Spearman -0.12; PCA loading signal 0.27,0.018634056593807416,1.8634056593807415
RBA,inflation,cpi_headline_yoy,Headline CPI (YoY),composite_pmi,Composite PMI,Growth,2,20,0.33486814126896663,-0.07266566265060241,0.33486814126896663,0.07266566265060241,positive,False,0.269472194319627,0.0,0.2777777777777778,0.19127634766612112,policy_tightening_positive_but_regime_dependent,weak positive Pearson correlation (0.33); Spearman -0.07; PCA loading signal 0.27,0.01819527716470315,1.819527716470315
RBA,inflation,cpi_headline_yoy,Headline CPI (YoY),part_time_employment_change,Part-Time Employment Change,Labor,1,28,0.2819829288433614,0.10652605587235166,0.2819829288433614,0.10652605587235166,positive,False,0.2046614993990505,0.0,0.3888888888888889,0.18162804860819673,policy_tightening_positive_but_regime_dependent,weak positive Pearson correlation (0.28); Spearman 0.11; PCA loading signal 0.20,0.01727747693655726,1.727747693655726
RBA,inflation,cpi_headline_yoy,Headline CPI (YoY),westpac_consumer_confidence_index,Westpac Consumer Confidence Index,Sentiment,2,28,-0.1857310025797365,-0.20811654158845538,0.1857310025797365,0.20811654158845538,negative,False,0.2206072915074419,0.0,0.3888888888888889,0.17594081045184046,disinflationary_or_growth_sensitive,weak negative Pearson correlation (-0.19); Spearman -0.21; PCA loading signal 0.22,0.0167364749997302,1.67364749997302
RBA,inflation,cpi_headline_yoy,Headline CPI (YoY),leading_index_mom,Leading Index (MoM),Growth,3,22,0.15299314738106798,-0.26474819429099417,0.15299314738106798,0.26474819429099417,positive,False,0.2402822581941646,0.0,0.3055555555555556,0.1726539451030244,policy_tightening_positive_but_regime_dependent,weak positive Pearson correlation (0.15); Spearman -0.26; PCA loading signal 0.24,0.01642380996427501,1.6423809964275011
RBA,inflation,cpi_headline_yoy,Headline CPI (YoY),retail_sales_mom,Retail Sales (MoM),Growth,1,20,0.37406479701726847,0.16007534092128675,0.37406479701726847,0.16007534092128675,positive,False,0.0,0.0,0.2777777777777778,0.17201228506721566,policy_tightening_positive_but_regime_dependent,weak positive Pearson correlation (0.37); Spearman 0.16,0.016362771668952513,1.6362771668952514
RBA,inflation,cpi_headline_yoy,Headline CPI (YoY),westpac_consumer_confidence_change,Westpac Consumer Confidence Change,Sentiment,2,28,0.2782476708661708,0.22843848828209623,0.2782476708661708,0.22843848828209623,positive,False,0.0,0.0,0.3888888888888889,0.1680508878051594,policy_tightening_positive_but_regime_dependent,weak positive Pearson correlation (0.28); Spearman 0.23,0.015985941381140737,1.5985941381140738
RBA,inflation,cpi_headline_yoy,Headline CPI (YoY),imports_mom,Imports (MoM),Trade,2,28,0.3082593321378513,0.15015099709926302,0.3082593321378513,0.15015099709926302,positive,False,0.0,0.0,0.3888888888888889,0.16139688795009688,policy_tightening_positive_but_regime_dependent,weak positive Pearson correlation (0.31); Spearman 0.15,0.01535297565854083,1.535297565854083
RBA,inflation,cpi_headline_yoy,Headline CPI (YoY),ai_group_construction_index,Ai Group Construction Index,Growth,3,26,0.05434012917869199,0.04159536599812363,0.05434012917869199,0.04159536599812363,positive,False,0.2948634732094977,0.0,0.3611111111111111,0.11380764824205303,policy_tightening_positive_but_regime_dependent,weak positive Pearson correlation (0.05); Spearman 0.04; PCA loading signal 0.29,0.01082602072077294,1.082602072077294
RBA,inflation,cpi_headline_yoy,Headline CPI (YoY),full_time_employment_change,Full-Time Employment Change,Labor,1,28,-0.03377527827542283,-0.28215009393217466,0.03377527827542283,0.28215009393217466,negative,False,0.0,0.0,0.3888888888888889,0.10545149115795067,disinflationary_or_growth_sensitive,weak negative Pearson correlation (-0.03); Spearman -0.28,0.010031136272004422,1.0031136272004422
RBA,inflation,cpi_headline_yoy,Headline CPI (YoY),ai_group_manufacturing_index,Ai Group Manufacturing Index,Growth,3,26,-0.006213458129898142,-0.022591150902942583,0.006213458129898142,0.022591150902942583,negative,False,0.2863480543502006,0.0,0.3611111111111111,0.09403602851370518,disinflationary_or_growth_sensitive,weak negative Pearson correlation (-0.01); Spearman -0.02; PCA loading signal 0.29,0.008945233549008468,0.8945233549008468
RBA,inflation,cpi_headline_yoy,Headline CPI (YoY),current_account,Current Account,Trade,2,25,0.045506325961695286,-0.0011551793953123444,0.045506325961695286,0.0011551793953123444,positive,False,0.2362828543405881,0.0,0.3472222222222222,0.09113606967109913,policy_tightening_positive_but_regime_dependent,weak positive Pearson correlation (0.05); Spearman -0.00; PCA loading signal 0.24,0.008669373226750784,0.8669373226750784
RBA,inflation,cpi_headline_yoy,Headline CPI (YoY),exports_mom,Exports (MoM),Trade,2,28,-0.05242857327609516,-0.06253434294946833,0.05242857327609516,0.06253434294946833,negative,False,0.0,0.0,0.3888888888888889,0.0671243294616111,disinflationary_or_growth_sensitive,weak negative Pearson correlation (-0.05); Spearman -0.06,0.006385242053977112,0.6385242053977112
RBA,unemployment,unemployment_rate,Unemployment Rate,producer_price_index_yoy,Producer Price Index (YoY),Inflation,2,24,-0.9212520148338865,-0.8558739815950305,0.9212520148338865,0.8558739815950305,negative,False,0.2956188215830626,0.1289096105408953,0.3333333333333333,0.5560097557794089,currency_positive,strong negative Pearson correlation (-0.92); Spearman -0.86; PCA loading signal 0.30; model importance signal 0.13,0.04759465217772621,4.759465217772621
RBA,unemployment,unemployment_rate,Unemployment Rate,rba_weighted_median_cpi_yoy,RBA Weighted Median CPI (YoY),Inflation,1,23,-0.8481459345249305,-0.9420938182514395,0.8481459345249305,0.9420938182514395,negative,False,0.2612950537863377,0.0255937404332164,0.3194444444444444,0.526191034007399,currency_positive,strong negative Pearson correlation (-0.85); Spearman -0.94; PCA loading signal 0.26; model importance signal 0.03,0.04504215795191219,4.504215795191219
RBA,unemployment,unemployment_rate,Unemployment Rate,rba_trimmed_mean_cpi_yoy,RBA Trimmed Mean CPI (YoY),Inflation,1,24,-0.8264333773374087,-0.9366583376054084,0.8264333773374087,0.9366583376054084,negative,False,0.2722453031235465,0.0,0.3333333333333333,0.517599168617876,currency_positive,strong negative Pearson correlation (-0.83); Spearman -0.94; PCA loading signal 0.27,0.04430669092004517,4.430669092004517
RBA,unemployment,unemployment_rate,Unemployment Rate,consumer_inflation_expectation,Consumer Inflation Expectation,Inflation,2,73,-0.7373393958323651,-0.7476611190168128,0.7373393958323651,0.7476611190168128,negative,False,0.2264625412710353,0.0299387454059336,1.0,0.5165868867008672,currency_positive,strong negative Pearson correlation (-0.74); Spearman -0.75; PCA loading signal 0.23; model importance signal 0.03,0.04422003919272376,4.422003919272377
RBA,unemployment,unemployment_rate,Unemployment Rate,private_sector_credit_yoy,Private Sector Credit (YoY),Growth,3,75,-0.7778064289252064,-0.6709288407826726,0.7778064289252064,0.6709288407826726,negative,False,0.2598411121956425,0.0126755128567583,1.0,0.516453934214961,currency_positive,strong negative Pearson correlation (-0.78); Spearman -0.67; PCA loading signal 0.26; model importance signal 0.01,0.04420865840802153,4.420865840802153
RBA,unemployment,unemployment_rate,Unemployment Rate,monthly_cpi_indicator,Monthly CPI Indicator,Inflation,1,38,-0.8245198500425903,-0.7510807227843576,0.8245198500425903,0.7510807227843576,negative,False,0.2526964058736206,0.015504571041378,0.5277777777777778,0.49847100748171236,currency_positive,strong negative Pearson correlation (-0.82); Spearman -0.75; PCA loading signal 0.25; model importance signal 0.02,0.04266931285857748,4.266931285857748
RBA,unemployment,unemployment_rate,Unemployment Rate,housing_credit_mom,Housing Credit (MoM),Growth,3,41,0.762060008195172,0.7841831472430056,0.762060008195172,0.7841831472430056,positive,False,0.261330281806111,0.0213035737740358,0.5694444444444444,0.4930601346182832,currency_negative,strong positive Pearson correlation (0.76); Spearman 0.78; PCA loading signal 0.26; model importance signal 0.02,0.042206140028899684,4.220614002889969
RBA,unemployment,unemployment_rate,Unemployment Rate,rba_weighted_median_cpi_qoq,RBA Weighted Median CPI (QoQ),Inflation,1,23,-0.7729628982752103,-0.8136796706586827,0.7729628982752103,0.8136796706586827,negative,False,0.2903748810399528,0.0642529305328074,0.3194444444444444,0.4897597248365128,currency_positive,strong negative Pearson correlation (-0.77); Spearman -0.81; PCA loading signal 0.29; model importance signal 0.06,0.04192362366300044,4.192362366300044
RBA,unemployment,unemployment_rate,Unemployment Rate,rba_trimmed_mean_cpi_qoq,RBA Trimmed Mean CPI (QoQ),Inflation,1,24,-0.7157298438221606,-0.7410484511380607,0.7157298438221606,0.7410484511380607,negative,False,0.2827402185054314,0.0,0.3333333333333333,0.44715521603857133,currency_positive,strong negative Pearson correlation (-0.72); Spearman -0.74; PCA loading signal 0.28,0.0382766610758091,3.8276661075809097
RBA,unemployment,unemployment_rate,Unemployment Rate,westpac_consumer_confidence_index,Westpac Consumer Confidence Index,Sentiment,2,75,0.4435083084328841,0.6328843877640018,0.4435083084328841,0.6328843877640018,positive,False,0.2206072915074419,0.0448772990166956,1.0,0.40696782338684345,currency_negative,moderate positive Pearson correlation (0.44); Spearman 0.63; PCA loading signal 0.22; model importance signal 0.04,0.034836604574448815,3.4836604574448815
RBA,unemployment,unemployment_rate,Unemployment Rate,ai_group_manufacturing_index,Ai Group Manufacturing Index,Growth,3,70,0.48193097503734705,0.334867663744192,0.48193097503734705,0.334867663744192,positive,False,0.2863480543502006,0.0,0.9722222222222222,0.36031769726530083,currency_negative,moderate positive Pearson correlation (0.48); Spearman 0.33; PCA loading signal 0.29,0.030843335564825967,3.084333556482597
RBA,unemployment,unemployment_rate,Unemployment Rate,producer_price_index_qoq,Producer Price Index (QoQ),Inflation,2,24,-0.5691338853972673,-0.503523516608233,0.5691338853972673,0.503523516608233,negative,False,0.2564639821788557,0.0,0.3333333333333333,0.3509417190663541,currency_positive,moderate negative Pearson correlation (-0.57); Spearman -0.50; PCA loading signal 0.26,0.030040748170330936,3.0040748170330938
RBA,unemployment,unemployment_rate,Unemployment Rate,private_sector_credit_mom,Private Sector Credit (MoM),Growth,3,73,-0.5518679199405826,-0.19242740156342522,0.5518679199405826,0.19242740156342522,negative,False,0.1629897447250588,0.0257331167593725,1.0,0.3377586401944637,currency_positive,moderate negative Pearson correlation (-0.55); Spearman -0.19; PCA loading signal 0.16; model importance signal 0.03,0.028912271471824794,2.8912271471824793
RBA,unemployment,unemployment_rate,Unemployment Rate,ai_group_construction_index,Ai Group Construction Index,Growth,3,70,0.41452539843988345,0.3031351374175326,0.41452539843988345,0.3031351374175326,positive,False,0.2948634732094977,0.0,0.9722222222222222,0.33528229441540336,currency_negative,moderate positive Pearson correlation (0.41); Spearman 0.30; PCA loading signal 0.29,0.028700295306297013,2.8700295306297012
RBA,unemployment,unemployment_rate,Unemployment Rate,balance_of_trade,Balance of Trade,Trade,2,75,-0.27069774263798063,-0.37417786385496477,0.27069774263798063,0.37417786385496477,negative,False,0.2868467633675802,0.0,1.0,0.3076773129685516,currency_positive,weak negative Pearson correlation (-0.27); Spearman -0.37; PCA loading signal 0.29,0.026337298116627647,2.6337298116627648
RBA,unemployment,unemployment_rate,Unemployment Rate,employment_change,Employment Change,Labor,1,76,-0.040507507156825336,0.026862394867637657,0.040507507156825336,0.026862394867637657,negative,True,0.2340182163305727,0.0099653256452922,1.0,0.2813421154197779,currency_positive,weak negative Pearson correlation (-0.04); Spearman 0.03; same macro theme; PCA loading signal 0.23; model importance signal 0.01,0.024082994924395758,2.4082994924395758
RBA,unemployment,unemployment_rate,Unemployment Rate,ai_group_services_index,Ai Group Services Index,Growth,3,34,-0.4179594991628209,-0.3036891914179881,0.4179594991628209,0.3036891914179881,negative,False,0.2538551812410303,0.0,0.4722222222222222,0.27904184287805156,currency_positive,moderate negative Pearson correlation (-0.42); Spearman -0.30; PCA loading signal 0.25,0.02388609069672808,2.388609069672808
RBA,unemployment,unemployment_rate,Unemployment Rate,leading_index_mom,Leading Index (MoM),Growth,3,62,0.2096052084974223,0.39143077710471874,0.2096052084974223,0.39143077710471874,positive,False,0.2402822581941646,0.0,0.8611111111111112,0.2705296355562312,currency_negative,weak positive Pearson correlation (0.21); Spearman 0.39; PCA loading signal 0.24,0.02315744242655732,2.315744242655732
RBA,unemployment,unemployment_rate,Unemployment Rate,full_time_employment_change,Full-Time Employment Change,Labor,1,76,-0.09597755565353619,-0.08752618296213133,0.09597755565353619,0.08752618296213133,negative,True,0.0,0.010491972951528,1.0,0.2680821386902469,currency_positive,weak negative Pearson correlation (-0.10); Spearman -0.09; same macro theme; model importance signal 0.01,0.022947935739252332,2.2947935739252334
RBA,unemployment,unemployment_rate,Unemployment Rate,part_time_employment_change,Part-Time Employment Change,Labor,1,76,0.0153731336881645,0.023577460698222693,0.0153731336881645,0.023577460698222693,positive,True,0.2046614993990505,0.006708764419734,1.0,0.2673069920892778,currency_negative,weak positive Pearson correlation (0.02); Spearman 0.02; same macro theme; PCA loading signal 0.20; model importance signal 0.01,0.02288158288756872,2.288158288756872
RBA,unemployment,unemployment_rate,Unemployment Rate,thomson_reuters_ipsos_pcsi,Thomson Reuters IPSOS PCSI,Sentiment,3,20,0.46596495550509376,0.45642514493526326,0.46596495550509376,0.45642514493526326,positive,False,0.0,0.0,0.2777777777777778,0.25885229341635857,currency_negative,moderate positive Pearson correlation (0.47); Spearman 0.46,0.022157857380197012,2.2157857380197012
RBA,unemployment,unemployment_rate,Unemployment Rate,current_account,Current Account,Trade,2,24,0.39662224679639335,0.27213726223441176,0.39662224679639335,0.27213726223441176,positive,False,0.2362828543405881,0.0,0.3333333333333333,0.24927837360043953,currency_negative,weak positive Pearson correlation (0.40); Spearman 0.27; PCA loading signal 0.24,0.021338326106006764,2.133832610600676
RBA,unemployment,unemployment_rate,Unemployment Rate,services_pmi,Services PMI,Growth,2,59,-0.31871822592985916,0.0808122972507309,0.31871822592985916,0.0808122972507309,negative,False,0.2662468412842586,0.0,0.8194444444444444,0.24164680310471492,currency_positive,weak negative Pearson correlation (-0.32); Spearman 0.08; PCA loading signal 0.27,0.020685060691977026,2.0685060691977024
RBA,unemployment,unemployment_rate,Unemployment Rate,composite_pmi,Composite PMI,Growth,2,56,-0.3093397667305991,0.07031647710604699,0.3093397667305991,0.07031647710604699,negative,False,0.269472194319627,0.0,0.7777777777777778,0.23314799819569976,currency_positive,weak negative Pearson correlation (-0.31); Spearman 0.07; PCA loading signal 0.27,0.019957559673575095,1.9957559673575094
RBA,unemployment,unemployment_rate,Unemployment Rate,cpi_headline_qoq,Headline CPI (QoQ),Inflation,1,25,-0.29809519371743215,-0.34405050793902664,0.29809519371743215,0.34405050793902664,negative,False,0.2075938071214254,0.0,0.3472222222222222,0.23032776720711373,currency_positive,weak negative Pearson correlation (-0.30); Spearman -0.34; PCA loading signal 0.21,0.019716146799848736,1.9716146799848737
RBA,unemployment,unemployment_rate,Unemployment Rate,ai_group_industry_index,Ai Group Industry Index,Growth,3,36,-0.3568129393263544,-0.3398218852288742,0.3568129393263544,0.3398218852288742,negative,False,0.0,0.0,0.5,0.22500825884368114,currency_positive,weak negative Pearson correlation (-0.36); Spearman -0.34,0.01926079480704211,1.9260794807042112
RBA,unemployment,unemployment_rate,Unemployment Rate,td_mi_inflation_gauge_mom,TD-MI Inflation Gauge (MoM),Inflation,2,74,-0.20493159626866697,-0.17374014507345506,0.20493159626866697,0.17374014507345506,negative,False,0.0,0.0,1.0,0.19622750789529111,currency_positive,weak negative Pearson correlation (-0.20); Spearman -0.17,0.016797151288985127,1.6797151288985128
RBA,unemployment,unemployment_rate,Unemployment Rate,import_price_index_qoq,Import Price Index (QoQ),Inflation,2,24,-0.27443552461812304,-0.19619071000528127,0.27443552461812304,0.19619071000528127,negative,False,0.1934199016566502,0.0,0.3333333333333333,0.18971771501802354,currency_positive,weak negative Pearson correlation (-0.27); Spearman -0.20; PCA loading signal 0.19,0.016239910477071188,1.6239910477071189
RBA,unemployment,unemployment_rate,Unemployment Rate,export_price_index_qoq,Export Price Index (QoQ),Inflation,2,24,0.17237811754148366,0.2912000173184648,0.17237811754148366,0.2912000173184648,positive,False,0.2361362128161683,0.0,0.3333333333333333,0.18579129036638167,currency_negative,weak positive Pearson correlation (0.17); Spearman 0.29; PCA loading signal 0.24,0.01590380699389582,1.590380699389582
RBA,unemployment,unemployment_rate,Unemployment Rate,westpac_consumer_confidence_change,Westpac Consumer Confidence Change,Sentiment,2,74,0.19095491264109027,0.10430205363951578,0.19095491264109027,0.10430205363951578,positive,False,0.0,0.0,1.0,0.17814688452023025,currency_negative,weak positive Pearson correlation (0.19); Spearman 0.10,0.015249442868858236,1.5249442868858236
RBA,unemployment,unemployment_rate,Unemployment Rate,building_permits,Building Permits,Housing,2,71,0.13699732427482958,0.18202985493556104,0.13699732427482958,0.18202985493556104,positive,False,0.0,0.0,0.9861111111111112,0.1761162793806722,currency_negative,weak positive Pearson correlation (0.14); Spearman 0.18,0.015075622276102464,1.5075622276102465
RBA,unemployment,unemployment_rate,Unemployment Rate,nab_business_confidence,NAB Business Confidence,Sentiment,2,72,-0.12071723994475529,0.027180184429713757,0.12071723994475529,0.027180184429713757,negative,False,0.1734472765812273,0.0,1.0,0.17287171865399026,currency_positive,weak negative Pearson correlation (-0.12); Spearman 0.03; PCA loading signal 0.17,0.014797886611123946,1.4797886611123947
RBA,unemployment,unemployment_rate,Unemployment Rate,corelogic_dwelling_prices_mom,CoreLogic Dwelling Prices (MoM),Housing,2,31,0.14224809579285427,-0.1598611637484747,0.14224809579285427,0.1598611637484747,positive,False,0.2577319727534901,0.0,0.4305555555555556,0.164093972138735,currency_negative,weak positive Pearson correlation (0.14); Spearman -0.16; PCA loading signal 0.26,0.014046508082320632,1.4046508082320632
RBA,unemployment,unemployment_rate,Unemployment Rate,commodity_prices_yoy,Commodity Prices (YoY),Inflation,3,52,-0.0973064991448082,0.04995509098698384,0.0973064991448082,0.04995509098698384,negative,False,0.2512596353643246,0.0,0.7222222222222222,0.1566319245286399,currency_positive,weak negative Pearson correlation (-0.10); Spearman 0.05; PCA loading signal 0.25,0.013407753893487633,1.3407753893487633
RBA,unemployment,unemployment_rate,Unemployment Rate,imports_mom,Imports (MoM),Trade,2,75,-0.08669697409829076,-0.1515110065241873,0.08669697409829076,0.1515110065241873,negative,False,0.0,0.0,1.0,0.1563112935343247,currency_positive,weak negative Pearson correlation (-0.09); Spearman -0.15,0.013380307755190226,1.3380307755190226
RBA,unemployment,unemployment_rate,Unemployment Rate,consumer_price_index,Consumer Price Index,Inflation,2,18,-0.3582552233303978,-0.08795402979316128,0.3582552233303978,0.08795402979316128,negative,False,0.0,0.0,0.25,0.15006737295775158,currency_positive,weak negative Pearson correlation (-0.36); Spearman -0.09,0.012845825716020309,1.284582571602031
RBA,unemployment,unemployment_rate,Unemployment Rate,manufacturing_pmi,Manufacturing PMI,Growth,2,58,-0.028709041252557375,-0.0077681245157021845,0.028709041252557375,0.0077681245157021845,negative,False,0.3076420442377799,0.0,0.8055555555555556,0.1460974607972636,currency_positive,weak negative Pearson correlation (-0.03); Spearman -0.01; PCA loading signal 0.31,0.012505999685108878,1.2505999685108877
RBA,unemployment,unemployment_rate,Unemployment Rate,retail_sales_mom,Retail Sales (MoM),Growth,1,65,0.11529943270507795,0.07770294569527887,0.11529943270507795,0.07770294569527887,positive,False,0.0,0.0,0.9027777777777778,0.14040819672835694,currency_negative,weak positive Pearson correlation (0.12); Spearman 0.08,0.012018996459549871,1.201899645954987
RBA,unemployment,unemployment_rate,Unemployment Rate,exports_mom,Exports (MoM),Trade,2,74,-0.017700458526739498,0.0405080623201591,0.017700458526739498,0.0405080623201591,negative,False,0.0,0.0,1.0,0.11341175002205367,currency_positive,weak negative Pearson correlation (-0.02); Spearman 0.04,0.009708090081261804,0.9708090081261803
RBA,unemployment,unemployment_rate,Unemployment Rate,private_house_approvals_mom,Private House Approvals (MoM),Housing,2,52,-0.03201819189064684,0.04836046042958489,0.03201819189064684,0.04836046042958489,negative,False,0.0,0.0,0.7222222222222222,0.09149977187533326,currency_positive,weak negative Pearson correlation (-0.03); Spearman 0.05,0.007832416196804184,0.7832416196804184
RBNZ,gdp_growth,balance_of_trade,Balance of Trade,imports,Imports,Growth,2,76,-0.44263261189497616,-0.5119045192167953,0.44263261189497616,0.5119045192167953,negative,True,0.3937952279188587,0.0350897207599874,1.0,0.5320190809664443,currency_negative,moderate negative Pearson correlation (-0.44); Spearman -0.51; same macro theme; PCA loading signal 0.39; model importance signal 0.04,0.1327450403443935,13.27450403443935
RBNZ,gdp_growth,balance_of_trade,Balance of Trade,business_confidence,Business Confidence,Growth,3,74,0.22415004821029758,0.1719981043965643,0.22415004821029758,0.1719981043965643,positive,True,0.3009365416206782,0.0535973418153819,1.0,0.3849247609427391,currency_positive,weak positive Pearson correlation (0.22); Spearman 0.17; same macro theme; PCA loading signal 0.30; model importance signal 0.05,0.09604327128282587,9.604327128282588
RBNZ,gdp_growth,balance_of_trade,Balance of Trade,exports,Exports,Growth,2,76,0.14362457866431888,0.22754491051987333,0.14362457866431888,0.22754491051987333,positive,True,0.3726955334793356,0.037640970282628,1.0,0.38208051667759746,currency_positive,weak positive Pearson correlation (0.14); Spearman 0.23; same macro theme; PCA loading signal 0.37; model importance signal 0.04,0.09533359876687085,9.533359876687085
RBNZ,gdp_growth,balance_of_trade,Balance of Trade,cpi_headline_qoq,Headline CPI (QoQ),Inflation,1,25,-0.5318914281850584,-0.42192910626666685,0.5318914281850584,0.42192910626666685,negative,False,0.3694991761884383,0.1910269266531222,0.3472222222222222,0.37765990117602277,currency_negative,moderate negative Pearson correlation (-0.53); Spearman -0.42; PCA loading signal 0.37; model importance signal 0.19,0.09423060302085814,9.423060302085814
RBNZ,gdp_growth,balance_of_trade,Balance of Trade,capacity_utilization,Capacity Utilization,Growth,3,25,-0.1950784443909203,-0.2443247583699925,0.1950784443909203,0.2443247583699925,negative,True,0.4462103334839835,0.031908937386232,0.3472222222222222,0.3478530865962733,currency_negative,weak negative Pearson correlation (-0.20); Spearman -0.24; same macro theme; PCA loading signal 0.45; model importance signal 0.03,0.08679345096093745,8.679345096093744
RBNZ,gdp_growth,balance_of_trade,Balance of Trade,cpi_headline_yoy,Headline CPI (YoY),Inflation,1,25,-0.501626542434694,-0.37011395073319914,0.501626542434694,0.37011395073319914,negative,False,0.3671195894021882,0.0342454568079835,0.3472222222222222,0.3311362288490213,currency_negative,moderate negative Pearson correlation (-0.50); Spearman -0.37; PCA loading signal 0.37; model importance signal 0.03,0.08262239763694884,8.262239763694884
RBNZ,gdp_growth,balance_of_trade,Balance of Trade,credit_card_spending_yoy,Credit Card Spending (YoY),Growth,3,63,-0.09894167780097353,-0.10328560060816594,0.09894167780097353,0.10328560060816594,negative,True,0.2952980474629851,0.0314027585133108,0.875,0.3163317409525254,currency_negative,weak negative Pearson correlation (-0.10); Spearman -0.10; same macro theme; PCA loading signal 0.30; model importance signal 0.03,0.07892850316322342,7.892850316322342
RBNZ,gdp_growth,balance_of_trade,Balance of Trade,unemployment_rate,Unemployment Rate,Labor,1,24,0.38555025598359655,0.4136892964437137,0.38555025598359655,0.4136892964437137,positive,False,0.3784887413353238,0.0229660827862008,0.3333333333333333,0.30376847693116743,currency_positive,weak positive Pearson correlation (0.39); Spearman 0.41; PCA loading signal 0.38; model importance signal 0.02,0.07579382050044572,7.579382050044573
RBNZ,gdp_growth,balance_of_trade,Balance of Trade,participation_rate,Labor Force Participation Rate,Labor,1,24,-0.3496590234342466,-0.36268650647120104,0.3496590234342466,0.36268650647120104,negative,False,0.3646882570921226,0.0426967054168601,0.3333333333333333,0.2836706678552958,currency_negative,weak negative Pearson correlation (-0.35); Spearman -0.36; PCA loading signal 0.36; model importance signal 0.04,0.07077917991318686,7.077917991318686
RBNZ,gdp_growth,balance_of_trade,Balance of Trade,employment_change_qoq,Employment Change (QoQ),Labor,1,22,-0.22869333585168306,-0.31474769546206144,0.22869333585168306,0.31474769546206144,negative,False,0.4463998715192522,0.1379592442330604,0.3055555555555556,0.2659181437965584,currency_negative,weak negative Pearson correlation (-0.23); Spearman -0.31; PCA loading signal 0.45; model importance signal 0.14,0.0663497156200809,6.634971562008091
RBNZ,gdp_growth,balance_of_trade,Balance of Trade,labour_cost_index_qoq,Labour Cost Index (QoQ),Labor,2,24,-0.36351019766681664,-0.20229029074166538,0.36351019766681664,0.20229029074166538,negative,False,0.3532126742276502,0.0313504026994533,0.3333333333333333,0.2517523006015955,currency_negative,weak negative Pearson correlation (-0.36); Spearman -0.20; PCA loading signal 0.35; model importance signal 0.03,0.0628151705375779,6.28151705375779
RBNZ,gdp_growth,balance_of_trade,Balance of Trade,labour_cost_index_yoy,Labour Cost Index (YoY),Labor,2,24,-0.26976385010613607,-0.2788068959981193,0.26976385010613607,0.2788068959981193,negative,False,0.3190101702958986,0.0192107358915716,0.3333333333333333,0.23071152331962694,currency_negative,weak negative Pearson correlation (-0.27); Spearman -0.28; PCA loading signal 0.32; model importance signal 0.02,0.05756524825265054,5.756524825265054
RBNZ,inflation,cpi_headline_yoy,Headline CPI (YoY),cpi_headline_qoq,Headline CPI (QoQ),Inflation,1,26,0.7537695100699839,0.7151753987494343,0.7537695100699839,0.7151753987494343,positive,True,0.3694991761884383,0.0533669543098461,0.3611111111111111,0.6008592778285858,policy_tightening_positive_but_regime_dependent,strong positive Pearson correlation (0.75); Spearman 0.72; same macro theme; PCA loading signal 0.37; model importance signal 0.05,0.1363230928990526,13.632309289905258
RBNZ,inflation,cpi_headline_yoy,Headline CPI (YoY),unemployment_rate,Unemployment Rate,Labor,1,25,-0.8028052560714174,-0.7569572120475381,0.8028052560714174,0.7569572120475381,negative,False,0.3784887413353238,0.1283862461775252,0.3472222222222222,0.5169088767436926,disinflationary_or_growth_sensitive,strong negative Pearson correlation (-0.80); Spearman -0.76; PCA loading signal 0.38; model importance signal 0.13,0.11727640634814025,11.727640634814025
RBNZ,inflation,cpi_headline_yoy,Headline CPI (YoY),labour_cost_index_qoq,Labour Cost Index (QoQ),Labor,2,25,0.8167562375805424,0.8283399390929106,0.8167562375805424,0.8283399390929106,positive,False,0.3532126742276502,0.0344771034927549,0.3472222222222222,0.5148564702697125,policy_tightening_positive_but_regime_dependent,strong positive Pearson correlation (0.82); Spearman 0.83; PCA loading signal 0.35; model importance signal 0.03,0.1168107558893005,11.68107558893005
RBNZ,inflation,cpi_headline_yoy,Headline CPI (YoY),labour_cost_index_yoy,Labour Cost Index (YoY),Labor,2,25,0.7304714542246332,0.7215044602092991,0.7304714542246332,0.7215044602092991,positive,False,0.3190101702958986,0.013751877052688,0.3472222222222222,0.45792420028369074,policy_tightening_positive_but_regime_dependent,strong positive Pearson correlation (0.73); Spearman 0.72; PCA loading signal 0.32; model importance signal 0.01,0.10389394921485565,10.389394921485565
RBNZ,inflation,cpi_headline_yoy,Headline CPI (YoY),participation_rate,Labor Force Participation Rate,Labor,1,25,0.6948368285605812,0.723220115803323,0.6948368285605812,0.723220115803323,positive,False,0.3646882570921226,0.013162632044814,0.3472222222222222,0.4556988276752616,policy_tightening_positive_but_regime_dependent,moderate positive Pearson correlation (0.69); Spearman 0.72; PCA loading signal 0.36; model importance signal 0.01,0.10338905615914679,10.338905615914678
RBNZ,inflation,cpi_headline_yoy,Headline CPI (YoY),imports,Imports,Growth,2,25,0.4439285602399812,0.3992683713815185,0.4439285602399812,0.3992683713815185,positive,False,0.3937952279188587,0.0310562767632106,0.3472222222222222,0.3239171726456606,policy_tightening_positive_but_regime_dependent,moderate positive Pearson correlation (0.44); Spearman 0.40; PCA loading signal 0.39; model importance signal 0.03,0.07349040357294798,7.349040357294798
RBNZ,inflation,cpi_headline_yoy,Headline CPI (YoY),balance_of_trade,Balance of Trade,Growth,2,25,-0.5016265424346938,-0.3701139507331991,0.5016265424346938,0.3701139507331991,negative,False,0.227155757833053,0.055144889755238,0.3472222222222222,0.30949564276761016,disinflationary_or_growth_sensitive,moderate negative Pearson correlation (-0.50); Spearman -0.37; PCA loading signal 0.23; model importance signal 0.06,0.07021844351531732,7.021844351531732
RBNZ,inflation,cpi_headline_yoy,Headline CPI (YoY),employment_change_qoq,Employment Change (QoQ),Labor,1,22,0.36853928563191884,0.38304521936963415,0.36853928563191884,0.38304521936963415,positive,False,0.4463998715192522,0.0158667347146446,0.3055555555555556,0.30077570689401306,policy_tightening_positive_but_regime_dependent,weak positive Pearson correlation (0.37); Spearman 0.38; PCA loading signal 0.45; model importance signal 0.02,0.06824006243336742,6.824006243336742
RBNZ,inflation,cpi_headline_yoy,Headline CPI (YoY),business_confidence,Business Confidence,Growth,3,26,-0.4364723632856751,-0.3258602372666869,0.4364723632856751,0.3258602372666869,negative,False,0.3009365416206782,0.0148785394295957,0.3611111111111111,0.28892279674490434,disinflationary_or_growth_sensitive,moderate negative Pearson correlation (-0.44); Spearman -0.33; PCA loading signal 0.30; model importance signal 0.01,0.06555087141809272,6.555087141809272
RBNZ,inflation,cpi_headline_yoy,Headline CPI (YoY),credit_card_spending_yoy,Credit Card Spending (YoY),Growth,3,21,0.15125544052914933,0.5863417424589563,0.15125544052914933,0.5863417424589563,positive,False,0.2952980474629851,0.0161258813749771,0.2916666666666667,0.24770669569428616,policy_tightening_positive_but_regime_dependent,weak positive Pearson correlation (0.15); Spearman 0.59; PCA loading signal 0.30; model importance signal 0.02,0.05619975281214341,5.619975281214341
RBNZ,inflation,cpi_headline_yoy,Headline CPI (YoY),exports,Exports,Growth,2,25,0.20278025606788405,0.31041815222784436,0.20278025606788405,0.31041815222784436,positive,False,0.3726955334793356,0.0113828605020034,0.3472222222222222,0.2266602117997773,policy_tightening_positive_but_regime_dependent,weak positive Pearson correlation (0.20); Spearman 0.31; PCA loading signal 0.37; model importance signal 0.01,0.05142472164424979,5.142472164424979
RBNZ,inflation,cpi_headline_yoy,Headline CPI (YoY),capacity_utilization,Capacity Utilization,Growth,3,26,0.07405785189157026,0.11076874457286208,0.07405785189157026,0.11076874457286208,positive,False,0.4462103334839835,0.0181522433783858,0.3611111111111111,0.16388595699459724,policy_tightening_positive_but_regime_dependent,weak positive Pearson correlation (0.07); Spearman 0.11; PCA loading signal 0.45; model importance signal 0.02,0.03718248409338571,3.718248409338571
RBNZ,unemployment,unemployment_rate,Unemployment Rate,labour_cost_index_qoq,Labour Cost Index (QoQ),Labor,2,25,-0.6359920596266572,-0.6649887454042188,0.6359920596266572,0.6649887454042188,negative,True,0.3532126742276502,0.0117311338312327,0.3472222222222222,0.5440901633033497,currency_positive,moderate negative Pearson correlation (-0.64); Spearman -0.66; same macro theme; PCA loading signal 0.35; model importance signal 0.01,0.11963971415420473,11.963971415420472
RBNZ,unemployment,unemployment_rate,Unemployment Rate,labour_cost_index_yoy,Labour Cost Index (YoY),Labor,2,25,-0.5618950314583148,-0.5723959948494384,0.5618950314583148,0.5723959948494384,negative,True,0.3190101702958986,0.0251443874569806,0.3472222222222222,0.4994663071505528,currency_positive,moderate negative Pearson correlation (-0.56); Spearman -0.57; same macro theme; PCA loading signal 0.32; model importance signal 0.03,0.10982739672106928,10.982739672106929
RBNZ,unemployment,unemployment_rate,Unemployment Rate,cpi_headline_yoy,Headline CPI (YoY),Inflation,1,25,-0.8028052560714174,-0.7569572120475381,0.8028052560714174,0.7569572120475381,negative,False,0.3671195894021882,0.0251846332649262,0.3472222222222222,0.49731815520058636,currency_positive,strong negative Pearson correlation (-0.80); Spearman -0.76; PCA loading signal 0.37; model importance signal 0.03,0.10935504066211496,10.935504066211497
RBNZ,unemployment,unemployment_rate,Unemployment Rate,participation_rate,Labor Force Participation Rate,Labor,1,25,-0.4684967333555566,-0.47823585925715234,0.4684967333555566,0.47823585925715234,negative,True,0.3646882570921226,0.0272156410441534,0.3472222222222222,0.4611889593344078,currency_positive,moderate negative Pearson correlation (-0.47); Spearman -0.48; same macro theme; PCA loading signal 0.36; model importance signal 0.03,0.10141060983504827,10.141060983504827
RBNZ,unemployment,unemployment_rate,Unemployment Rate,cpi_headline_qoq,Headline CPI (QoQ),Inflation,1,25,-0.6072164139069233,-0.640862673097537,0.6072164139069233,0.640862673097537,negative,False,0.3694991761884383,0.2348414775124102,0.3472222222222222,0.4514925839048352,currency_positive,moderate negative Pearson correlation (-0.61); Spearman -0.64; PCA loading signal 0.37; model importance signal 0.23,0.09927847868663209,9.927847868663209
RBNZ,unemployment,unemployment_rate,Unemployment Rate,business_confidence,Business Confidence,Growth,3,25,0.7168948289757999,0.6754189724146651,0.7168948289757999,0.6754189724146651,positive,False,0.3009365416206782,0.0420305058871395,0.3472222222222222,0.44618822889043097,currency_negative,strong positive Pearson correlation (0.72); Spearman 0.68; PCA loading signal 0.30; model importance signal 0.04,0.09811210671283493,9.811210671283494
RBNZ,unemployment,unemployment_rate,Unemployment Rate,employment_change_qoq,Employment Change (QoQ),Labor,1,22,-0.4452251228706812,-0.37553223198899355,0.4452251228706812,0.37553223198899355,negative,True,0.4463998715192522,0.0163237059065553,0.3055555555555556,0.44235654569213845,currency_positive,moderate negative Pearson correlation (-0.45); Spearman -0.38; same macro theme; PCA loading signal 0.45; model importance signal 0.02,0.09726955980886233,9.726955980886233
RBNZ,unemployment,unemployment_rate,Unemployment Rate,capacity_utilization,Capacity Utilization,Growth,3,25,-0.26866230366690413,-0.39015630134187357,0.26866230366690413,0.39015630134187357,negative,False,0.4462103334839835,0.0349221096367474,0.3472222222222222,0.27960679225603224,currency_positive,weak negative Pearson correlation (-0.27); Spearman -0.39; PCA loading signal 0.45; model importance signal 0.03,0.06148259784368694,6.148259784368694
RBNZ,unemployment,unemployment_rate,Unemployment Rate,balance_of_trade,Balance of Trade,Growth,2,24,0.38555025598359655,0.4136892964437137,0.38555025598359655,0.4136892964437137,positive,False,0.227155757833053,0.037661603884548,0.3333333333333333,0.27902677848747776,currency_negative,weak positive Pearson correlation (0.39); Spearman 0.41; PCA loading signal 0.23; model importance signal 0.04,0.061355058905923285,6.135505890592328
RBNZ,unemployment,unemployment_rate,Unemployment Rate,imports,Imports,Growth,2,24,-0.3367947736920074,-0.24068087518041378,0.3367947736920074,0.24068087518041378,negative,False,0.3937952279188587,0.0301577363238376,0.3333333333333333,0.2585178966774653,currency_positive,weak negative Pearson correlation (-0.34); Spearman -0.24; PCA loading signal 0.39; model importance signal 0.03,0.05684537113197937,5.684537113197937
RBNZ,unemployment,unemployment_rate,Unemployment Rate,credit_card_spending_yoy,Credit Card Spending (YoY),Growth,3,20,-0.2439275930098099,-0.3104751077133536,0.2439275930098099,0.3104751077133536,negative,False,0.2952980474629851,0.0221268468984294,0.2777777777777778,0.2199662897394618,currency_positive,weak negative Pearson correlation (-0.24); Spearman -0.31; PCA loading signal 0.30; model importance signal 0.02,0.048368277544686436,4.8368277544686435
RBNZ,unemployment,unemployment_rate,Unemployment Rate,exports,Exports,Growth,2,24,0.13693447057707483,0.1277249355721898,0.13693447057707483,0.1277249355721898,positive,False,0.3726955334793356,0.0086834416121005,0.3333333333333333,0.16852004272123122,currency_negative,weak positive Pearson correlation (0.14); Spearman 0.13; PCA loading signal 0.37; model importance signal 0.01,0.037055787992957355,3.7055787992957354
SNB,gdp_growth,gdp_qoq,GDP (QoQ),retail_sales_mom,Retail Sales (MoM),Growth,2,22,0.6521957993945069,0.2918336406973389,0.6521957993945069,0.2918336406973389,positive,True,0.7011432682807085,0.0465563827541606,0.3055555555555556,0.5387013968721102,currency_positive,moderate positive Pearson correlation (0.65); Spearman 0.29; same macro theme; PCA loading signal 0.70; model importance signal 0.05,0.17861698313892413,17.86169831389241
SNB,gdp_growth,gdp_qoq,GDP (QoQ),retail_sales_yoy,Retail Sales (YoY),Growth,2,22,0.520159873243844,0.42081996988115417,0.520159873243844,0.42081996988115417,positive,True,0.5032961671292822,0.0313256329056683,0.3055555555555556,0.486686179182174,currency_positive,moderate positive Pearson correlation (0.52); Spearman 0.42; same macro theme; PCA loading signal 0.50; model importance signal 0.03,0.16137032048863872,16.137032048863873
SNB,gdp_growth,gdp_qoq,GDP (QoQ),producer_import_prices_mom,Producer & Import Prices (MoM),Inflation,2,19,0.5048248378160436,0.46697936301779536,0.5048248378160436,0.46697936301779536,positive,False,0.526690470992808,0.0519053611401273,0.2638888888888889,0.3748604090097882,currency_positive,moderate positive Pearson correlation (0.50); Spearman 0.47; PCA loading signal 0.53; model importance signal 0.05,0.12429229948970646,12.429229948970647
SNB,gdp_growth,gdp_qoq,GDP (QoQ),balance_of_trade,Balance of Trade,Growth,2,22,-0.2061225953278931,-0.2444350225069467,0.2061225953278931,0.2444350225069467,negative,True,0.2539915897582966,0.3273124019189008,0.3055555555555556,0.3626409331380194,currency_negative,weak negative Pearson correlation (-0.21); Spearman -0.24; same macro theme; PCA loading signal 0.25; model importance signal 0.33,0.12024069329668896,12.024069329668896
SNB,gdp_growth,gdp_qoq,GDP (QoQ),consumer_confidence,Consumer Confidence,Sentiment,2,22,0.28657453878157374,0.36605569848597347,0.28657453878157374,0.36605569848597347,positive,False,0.3980104573305943,0.0127584995396679,0.3055555555555556,0.2635498841284729,currency_positive,weak positive Pearson correlation (0.29); Spearman 0.37; PCA loading signal 0.40; model importance signal 0.01,0.08738511814331998,8.738511814331998
SNB,gdp_growth,gdp_qoq,GDP (QoQ),economic_sentiment_index,Economic Sentiment Index,Sentiment,2,22,0.17183715253300447,0.3904744038014498,0.17183715253300447,0.3904744038014498,positive,False,0.4509574005699118,0.0422000931098337,0.3055555555555556,0.2485479300070027,currency_positive,weak positive Pearson correlation (0.17); Spearman 0.39; PCA loading signal 0.45; model importance signal 0.04,0.08241092687163537,8.241092687163537
SNB,gdp_growth,gdp_qoq,GDP (QoQ),cpi_headline_mom,Headline CPI (MoM),Inflation,2,18,0.23014634044852147,0.27839505458128516,0.23014634044852147,0.27839505458128516,positive,False,0.3152657194908059,0.023908853843775,0.25,0.2105352477126003,currency_positive,weak positive Pearson correlation (0.23); Spearman 0.28; PCA loading signal 0.32; model importance signal 0.02,0.0698070786695182,6.98070786695182
SNB,gdp_growth,gdp_qoq,GDP (QoQ),cpi_headline_yoy,Headline CPI (YoY),Inflation,1,21,0.1140874000769433,0.19652306714116755,0.1140874000769433,0.19652306714116755,positive,False,0.5163344998946099,0.0459746867157281,0.2916666666666667,0.20345340684068675,currency_positive,weak positive Pearson correlation (0.11); Spearman 0.20; PCA loading signal 0.52; model importance signal 0.05,0.06745895583383262,6.745895583383262
SNB,gdp_growth,gdp_qoq,GDP (QoQ),producer_import_prices_yoy,Producer & Import Prices (YoY),Inflation,2,22,0.13908185829850767,0.14225316883600994,0.13908185829850767,0.14225316883600994,positive,False,0.3653700866721592,0.0605918914581914,0.3055555555555556,0.17679798396119104,currency_positive,weak positive Pearson correlation (0.14); Spearman 0.14; PCA loading signal 0.37; model importance signal 0.06,0.05862082909669686,5.862082909669686
SNB,gdp_growth,gdp_qoq,GDP (QoQ),unemployment_rate,Unemployment Rate,Labor,2,22,-0.053669168093468195,-0.043617220635197164,0.053669168093468195,0.043617220635197164,negative,False,0.4832177752201831,0.0460359656581134,0.3055555555555556,0.1501850638121477,currency_negative,weak negative Pearson correlation (-0.05); Spearman -0.04; PCA loading signal 0.48; model importance signal 0.05,0.04979679497103872,4.979679497103872
SNB,inflation,cpi_headline_yoy,Headline CPI (YoY),producer_import_prices_yoy,Producer & Import Prices (YoY),Inflation,2,74,0.738439845150266,0.7384486673964129,0.738439845150266,0.7384486673964129,positive,True,0.3653700866721592,0.1065163412314387,1.0,0.6730960806346956,policy_tightening_positive_but_regime_dependent,strong positive Pearson correlation (0.74); Spearman 0.74; same macro theme; PCA loading signal 0.37; model importance signal 0.11,0.17250416306494318,17.25041630649432
SNB,inflation,cpi_headline_yoy,Headline CPI (YoY),unemployment_rate,Unemployment Rate,Labor,2,74,-0.8688063720500114,-0.8964272899830424,0.8688063720500114,0.8964272899830424,negative,False,0.4832177752201831,0.0397464861812,1.0,0.6336634718020488,disinflationary_or_growth_sensitive,strong negative Pearson correlation (-0.87); Spearman -0.90; PCA loading signal 0.48; model importance signal 0.04,0.16239819249127885,16.239819249127883
SNB,inflation,cpi_headline_yoy,Headline CPI (YoY),economic_sentiment_index,Economic Sentiment Index,Sentiment,2,72,-0.679738638344454,-0.6505955044087363,0.679738638344454,0.6505955044087363,negative,False,0.4509574005699118,0.0498648968362242,1.0,0.5236900569498257,disinflationary_or_growth_sensitive,moderate negative Pearson correlation (-0.68); Spearman -0.65; PCA loading signal 0.45; model importance signal 0.05,0.13421369931968297,13.421369931968297
SNB,inflation,cpi_headline_yoy,Headline CPI (YoY),cpi_headline_mom,Headline CPI (MoM),Inflation,2,56,0.434175158067043,0.38354075697595075,0.434175158067043,0.38354075697595075,positive,True,0.3152657194908059,0.0132583349498513,0.7777777777777778,0.4637402230429006,policy_tightening_positive_but_regime_dependent,moderate positive Pearson correlation (0.43); Spearman 0.38; same macro theme; PCA loading signal 0.32; model importance signal 0.01,0.11884947982483035,11.884947982483036
SNB,inflation,cpi_headline_yoy,Headline CPI (YoY),producer_import_prices_mom,Producer & Import Prices (MoM),Inflation,2,66,0.2062433139956538,0.20069860839598594,0.2062433139956538,0.20069860839598594,positive,True,0.526690470992808,0.0332923522981127,0.9166666666666666,0.41414336721394457,policy_tightening_positive_but_regime_dependent,weak positive Pearson correlation (0.21); Spearman 0.20; same macro theme; PCA loading signal 0.53; model importance signal 0.03,0.10613856922591683,10.613856922591683
SNB,inflation,cpi_headline_yoy,Headline CPI (YoY),retail_sales_mom,Retail Sales (MoM),Growth,2,73,-0.04701817253752992,0.1743456637385698,0.04701817253752992,0.1743456637385698,negative,False,0.7011432682807085,0.0181891302805581,1.0,0.27827252494719534,disinflationary_or_growth_sensitive,weak negative Pearson correlation (-0.05); Spearman 0.17; PCA loading signal 0.70; model importance signal 0.02,0.07131696410224211,7.131696410224212
SNB,inflation,cpi_headline_yoy,Headline CPI (YoY),retail_sales_yoy,Retail Sales (YoY),Growth,2,72,-0.10537930702745656,-0.2512755230007859,0.10537930702745656,0.2512755230007859,negative,False,0.5032961671292822,0.0335679069425691,1.0,0.2781687509719017,disinflationary_or_growth_sensitive,weak negative Pearson correlation (-0.11); Spearman -0.25; PCA loading signal 0.50; model importance signal 0.03,0.0712903684299882,7.12903684299882
SNB,inflation,cpi_headline_yoy,Headline CPI (YoY),balance_of_trade,Balance of Trade,Growth,2,74,-0.19498004909852337,-0.1591941553020727,0.19498004909852337,0.1591941553020727,negative,False,0.2539915897582966,0.0472409489013103,1.0,0.24408229325968772,disinflationary_or_growth_sensitive,weak negative Pearson correlation (-0.19); Spearman -0.16; PCA loading signal 0.25; model importance signal 0.05,0.0625545340837988,6.255453408379879
SNB,inflation,cpi_headline_yoy,Headline CPI (YoY),consumer_confidence,Consumer Confidence,Sentiment,2,41,-0.16798560140469912,-0.1810041016398006,0.16798560140469912,0.1810041016398006,negative,False,0.3980104573305943,0.0433952459066063,0.5694444444444444,0.22256001931744435,disinflationary_or_growth_sensitive,weak negative Pearson correlation (-0.17); Spearman -0.18; PCA loading signal 0.40; model importance signal 0.04,0.05703870661060915,5.703870661060915
SNB,inflation,cpi_headline_yoy,Headline CPI (YoY),gdp_qoq,GDP (QoQ),Growth,1,21,0.11408740007694332,0.19652306714116755,0.11408740007694332,0.19652306714116755,positive,False,0.3555178139913145,0.022380012697785,0.2916666666666667,0.1704953087950432,policy_tightening_positive_but_regime_dependent,weak positive Pearson correlation (0.11); Spearman 0.20; PCA loading signal 0.36; model importance signal 0.02,0.043695322846709704,4.369532284670971
SNB,unemployment,unemployment_rate,Unemployment Rate,cpi_headline_yoy,Headline CPI (YoY),Inflation,1,74,-0.8688063720500113,-0.8964272899830426,0.8688063720500113,0.8964272899830426,negative,False,0.5163344998946099,0.2763586637118418,1.0,0.6798485524236548,currency_positive,strong negative Pearson correlation (-0.87); Spearman -0.90; PCA loading signal 0.52; model importance signal 0.28,0.20420491544181626,20.420491544181626
SNB,unemployment,unemployment_rate,Unemployment Rate,economic_sentiment_index,Economic Sentiment Index,Sentiment,2,74,0.7101480721424651,0.6809551869786951,0.7101480721424651,0.6809551869786951,positive,False,0.4509574005699118,0.0364543735804297,1.0,0.5366050346497357,currency_negative,strong positive Pearson correlation (0.71); Spearman 0.68; PCA loading signal 0.45; model importance signal 0.04,0.16117911163546592,16.11791116354659
SNB,unemployment,unemployment_rate,Unemployment Rate,producer_import_prices_yoy,Producer & Import Prices (YoY),Inflation,2,76,-0.48037608356963624,-0.5211848352530944,0.48037608356963624,0.5211848352530944,negative,False,0.3653700866721592,0.0211315299781881,1.0,0.4177087678187904,currency_positive,moderate negative Pearson correlation (-0.48); Spearman -0.52; PCA loading signal 0.37; model importance signal 0.02,0.12546644882548325,12.546644882548325
SNB,unemployment,unemployment_rate,Unemployment Rate,retail_sales_yoy,Retail Sales (YoY),Growth,2,74,0.22062904559234875,0.31472564048304336,0.22062904559234875,0.31472564048304336,positive,False,0.5032961671292822,0.0175640843208198,1.0,0.3227130461921235,currency_negative,weak positive Pearson correlation (0.22); Spearman 0.31; PCA loading signal 0.50; model importance signal 0.02,0.09693275079383781,9.693275079383781
SNB,unemployment,unemployment_rate,Unemployment Rate,retail_sales_mom,Retail Sales (MoM),Growth,2,75,0.05957287820133263,-0.19602656972760402,0.05957287820133263,0.19602656972760402,positive,False,0.7011432682807085,0.0400633881432333,1.0,0.2900937416807978,currency_negative,weak positive Pearson correlation (0.06); Spearman -0.20; PCA loading signal 0.70; model importance signal 0.04,0.08713494759817075,8.713494759817076
SNB,unemployment,unemployment_rate,Unemployment Rate,consumer_confidence,Consumer Confidence,Sentiment,2,43,0.27841776241787153,0.26285959376496354,0.27841776241787153,0.26285959376496354,positive,False,0.3980104573305943,0.0108428184013185,0.5972222222222222,0.2693046311483075,currency_negative,weak positive Pearson correlation (0.28); Spearman 0.26; PCA loading signal 0.40; model importance signal 0.01,0.08089055898652553,8.089055898652553
SNB,unemployment,unemployment_rate,Unemployment Rate,balance_of_trade,Balance of Trade,Growth,2,76,0.18225637910553774,0.21557552107759967,0.18225637910553774,0.21557552107759967,positive,False,0.2539915897582966,0.0157119836421047,1.0,0.24618154132283246,currency_negative,weak positive Pearson correlation (0.18); Spearman 0.22; PCA loading signal 0.25; model importance signal 0.02,0.07394511711460965,7.394511711460964
SNB,unemployment,unemployment_rate,Unemployment Rate,cpi_headline_mom,Headline CPI (MoM),Inflation,2,57,-0.19298552039420772,-0.19141561909196717,0.19298552039420772,0.19141561909196717,negative,False,0.3152657194908059,0.0343057008385015,0.7916666666666666,0.2379252452542127,currency_positive,weak negative Pearson correlation (-0.19); Spearman -0.19; PCA loading signal 0.32; model importance signal 0.03,0.07146518796782453,7.146518796782453
SNB,unemployment,unemployment_rate,Unemployment Rate,producer_import_prices_mom,Producer & Import Prices (MoM),Inflation,2,68,0.013488044725567847,0.013343965042750304,0.013488044725567847,0.013343965042750304,positive,False,0.526690470992808,0.0261631287434367,0.9444444444444444,0.2004116675357545,currency_negative,weak positive Pearson correlation (0.01); Spearman 0.01; PCA loading signal 0.53; model importance signal 0.03,0.06019730052641086,6.019730052641086
SNB,unemployment,unemployment_rate,Unemployment Rate,gdp_qoq,GDP (QoQ),Growth,1,22,-0.053669168093468195,-0.043617220635197164,0.053669168093468195,0.043617220635197164,negative,False,0.3555178139913145,0.053421011647235,0.3055555555555556,0.128454528609102,currency_positive,weak negative Pearson correlation (-0.05); Spearman -0.04; PCA loading signal 0.36; model importance signal 0.05,0.03858366110985537,3.8583661109855374
