central_bank_code,currency,indicator_key,indicator,indicator_category,target_families,initial_signed_weight,initial_abs_weight,avg_abs_correlation,avg_model_importance,avg_pca_score,economic_rationale,initial_normalized_abs_weight,impact_score,contribution_hit_rate,refinement_multiplier,refined_signed_weight,refined_abs_weight,refined_normalized_abs_weight,weight_change,refinement_rationale
BOC,CAD,cpi_headline_yoy,Headline CPI (YoY),Inflation,"inflation,unemployment",0.05360716239741377,0.05360716239741377,0.8306857700932573,0.1067646977476395,0.3886655144833463,"Linked to inflation, unemployment; strongest target link is inflation with Pearson 0.96. strong positive Pearson correlation (0.96); Spearman 0.90; same macro theme; PCA loading signal 0.39; model importance signal 0.09",0.07375392708971497,-0.09052591194776502,0.5333333333333333,0.909474088052235,0.04875432513445595,0.04875432513445595,0.06931545732880239,-0.004438469760912583,Mostly unchanged: validation signal was neutral.
BOC,CAD,full_time_employment_change,Full-Time Employment Change,Labor,"gdp_growth,inflation,unemployment",0.03840365823982607,0.03840365823982607,0.3428640283951741,0.007501213029749866,0.2939698828103399,"Linked to gdp_growth, inflation, unemployment; strongest target link is gdp_growth with Pearson 0.80. strong positive Pearson correlation (0.80); Spearman 0.27; PCA loading signal 0.29",0.052836607705523904,0.06679461837228579,0.52,1.0667946183722858,0.04096881593605494,0.04096881593605494,0.0582465700221586,0.005409962316634695,Mostly unchanged: validation signal was neutral.
BOC,CAD,employment_change,Employment Change,Labor,"gdp_growth,inflation,unemployment",0.03920873241256186,0.03920873241256186,0.3241939070086081,0.0167013752616463,0.3072153942361847,"Linked to gdp_growth, inflation, unemployment; strongest target link is gdp_growth with Pearson 0.84. strong positive Pearson correlation (0.84); Spearman 0.42; PCA loading signal 0.31; model importance signal 0.05",0.05394424666983948,0.017254881213679945,0.49333333333333335,1.01725488121368,0.03988527443287958,0.03988527443287958,0.05670606721301893,0.002761820543179451,Mostly unchanged: validation signal was neutral.
BOC,CAD,retail_sales_yoy,Retail Sales (YoY),Growth,"gdp_growth,inflation,unemployment",0.0321505005935775,0.0321505005935775,0.20281551725394087,0.023081658935960436,0.1666807823077939,"Linked to gdp_growth, inflation, unemployment; strongest target link is gdp_growth with Pearson 0.14. weak positive Pearson correlation (0.14); Spearman 0.23; same macro theme; PCA loading signal 0.17; model importance signal 0.03",0.044233374247597754,0.09535813774197277,0.5555555555555556,1.0953581377419728,0.03521631245765324,0.03521631245765324,0.05006806671416917,0.005834692466571416,Mostly unchanged: validation signal was neutral.
BOC,CAD,ppi_yoy,PPI (YoY),Inflation,"gdp_growth,inflation,unemployment",0.03754761994627243,0.03754761994627243,0.2773205933637836,0.01954275594015657,0.2850960545906697,"Linked to gdp_growth, inflation, unemployment; strongest target link is inflation with Pearson 0.57. moderate positive Pearson correlation (0.57); Spearman 0.52; same macro theme; PCA loading signal 0.29; model importance signal 0.05",0.051658851169546445,-0.0708163488829401,0.4594594594594595,0.9291836511170599,0.03488863459243317,0.03488863459243317,0.04960219746007497,-0.002056653709471473,Mostly unchanged: validation signal was neutral.
BOC,CAD,cpi_headline_mom,Headline CPI (MoM),Inflation,"gdp_growth,inflation,unemployment",0.035063565123467394,0.035063565123467394,0.2787170039778358,0.029978026589371296,0.1987183854875247,"Linked to gdp_growth, inflation, unemployment; strongest target link is inflation with Pearson 0.28. weak positive Pearson correlation (0.28); Spearman 0.25; same macro theme; PCA loading signal 0.20; model importance signal 0.04",0.048241233260025156,-0.005299562421689736,0.4722222222222222,0.9947004375783103,0.034877743571368594,0.034877743571368594,0.049586713375252,0.001345480115226845,Mostly unchanged: validation signal was neutral.
BOC,CAD,composite_pmi,Composite PMI,Growth,"gdp_growth,inflation,unemployment",-0.02341780082369053,0.02341780082369053,0.2509102333400957,0.0,0.0,"Linked to gdp_growth, inflation, unemployment; strongest target link is gdp_growth with Pearson -0.25. weak negative Pearson correlation (-0.25); Spearman -0.26; same macro theme",0.032218731552096924,0.4532564614046948,0.6206896551724138,1.4532564614046948,-0.03403207035891645,0.03403207035891645,0.048384394907912354,0.01616566335581543,Increased: contribution aligned with forward FX returns.
BOC,CAD,services_pmi,Services PMI,Growth,"gdp_growth,inflation,unemployment",-0.023074113619511297,0.023074113619511297,0.24831852611267324,0.0020137503334054997,0.0,"Linked to gdp_growth, inflation, unemployment; strongest target link is gdp_growth with Pearson -0.26. weak negative Pearson correlation (-0.26); Spearman -0.28; same macro theme; model importance signal 0.01",0.031745879047597896,0.4192048461000227,0.6,1.4192048461000226,-0.03274689386827297,0.03274689386827297,0.046557221709401166,0.01481134266180327,Increased: contribution aligned with forward FX returns.
BOC,CAD,ivey_pmi_sa,Ivey PMI s.a.,Growth,"gdp_growth,inflation,unemployment",0.033055452820978534,0.033055452820978534,0.24471288634694507,0.02023480185118823,0.2313669662300276,"Linked to gdp_growth, inflation, unemployment; strongest target link is gdp_growth with Pearson 0.36. weak positive Pearson correlation (0.36); Spearman 0.27; same macro theme; PCA loading signal 0.23; model importance signal 0.03",0.045478427662374865,-0.026021500042291004,0.5070422535211268,0.973978499957709,0.03219530035399949,0.03219530035399949,0.045773004994350254,0.0002945773319753889,Mostly unchanged: validation signal was neutral.
BOC,CAD,raw_materials_prices_yoy,Raw Materials Prices (YoY),Inflation,"gdp_growth,inflation,unemployment",0.034657558383766995,0.034657558383766995,0.24181716929488636,0.0,0.2611480041221345,"Linked to gdp_growth, inflation, unemployment; strongest target link is inflation with Pearson 0.40. moderate positive Pearson correlation (0.40); Spearman 0.42; same macro theme; PCA loading signal 0.26",0.04768264015159305,-0.07213883001935188,0.4594594594594595,0.9278611699806482,0.03215740267063467,0.03215740267063467,0.04571912474379011,-0.0019635154078029363,Mostly unchanged: validation signal was neutral.
BOC,CAD,manufacturing_pmi,Manufacturing PMI,Growth,"gdp_growth,inflation,unemployment",0.038687036231764595,0.038687036231764595,0.3531842144501758,0.0276737555405183,0.3679183096955488,"Linked to gdp_growth, inflation, unemployment; strongest target link is unemployment with Pearson -0.41. moderate negative Pearson correlation (-0.41); Spearman -0.40; PCA loading signal 0.37; model importance signal 0.01",0.053226485453600196,-0.21985778729080901,0.40816326530612246,0.780142212709191,0.030181390049009476,0.030181390049009476,0.04290976950858377,-0.010316715945016423,Reduced: contribution moved against forward FX returns.
BOC,CAD,balance_of_trade,Balance of Trade,Trade,"gdp_growth,inflation,unemployment",0.03713303082914203,0.03713303082914203,0.30385812976699716,0.026104553667446767,0.2338486366816714,"Linked to gdp_growth, inflation, unemployment; strongest target link is unemployment with Pearson -0.36. weak negative Pearson correlation (-0.36); Spearman -0.45; PCA loading signal 0.23; model importance signal 0.05",0.05108845023523958,-0.20281153968219098,0.4189189189189189,0.797188460317809,0.02960202367361747,0.02960202367361747,0.042086067300410944,-0.009002382934828634,Reduced: contribution moved against forward FX returns.
BOC,CAD,exports,Exports,Trade,"gdp_growth,inflation,unemployment",0.0333564046264773,0.0333564046264773,0.43737044336757314,0.07370075052566476,0.2886449814289138,"Linked to gdp_growth, inflation, unemployment; strongest target link is unemployment with Pearson -0.79. strong negative Pearson correlation (-0.79); Spearman -0.60; PCA loading signal 0.29; model importance signal 0.21",0.045892483854264345,-0.13265540898632736,0.4864864864864865,0.8673445910136727,0.02893149712843853,0.02893149712843853,0.04113275999891508,-0.004759723855349264,Reduced: contribution moved against forward FX returns.
BOC,CAD,new_housing_price_index_mom,New Housing Price Index (MoM),Housing,"gdp_growth,inflation,unemployment",-0.026984602905068197,0.026984602905068197,0.1352103313142002,0.008668900707870367,0.3142587968528253,"Linked to gdp_growth, inflation, unemployment; strongest target link is unemployment with Pearson 0.27. weak positive Pearson correlation (0.27); Spearman 0.31; PCA loading signal 0.31; model importance signal 0.03",0.037126017237228866,-0.08805870155760695,0.515625,0.911941298442393,-0.024608373811200263,0.024608373811200263,0.03498644848713081,-0.0021395687500980545,Mostly unchanged: validation signal was neutral.
BOC,CAD,imports,Imports,Trade,"gdp_growth,inflation,unemployment",0.0249490385005521,0.0249490385005521,0.3723276344515232,0.0,0.3276857085120525,"Linked to gdp_growth, inflation, unemployment; strongest target link is unemployment with Pearson -0.71. strong negative Pearson correlation (-0.71); Spearman -0.31; PCA loading signal 0.33",0.03432544242664456,-0.0689534238805621,0.4864864864864865,0.9310465761194379,0.023228716873411066,0.023228716873411066,0.03302494965936573,-0.001300492767278831,Mostly unchanged: validation signal was neutral.
BOC,CAD,retail_sales_ex_autos_mom,Retail Sales Ex Autos (MoM),Growth,gdp_growth,0.02571506160918533,0.02571506160918533,0.944682911554944,0.0382714500861866,0.2768860914433692,Linked to gdp_growth; strongest target link is gdp_growth with Pearson 0.94. strong positive Pearson correlation (0.94); Spearman 0.85; same macro theme; PCA loading signal 0.28; model importance signal 0.04,0.035379354067860205,-0.097026339731289,0.4857142857142857,0.902973660268711,0.023220023305281487,0.023220023305281487,0.03301258975798141,-0.0023667643098787966,Mostly unchanged: validation signal was neutral.
BOC,CAD,vehicle_sales_mom,Vehicle Sales (MoM),Growth,"gdp_growth,inflation,unemployment",-0.024432384450801765,0.024432384450801765,0.2033854425493841,0.0,0.20220844953276793,"Linked to gdp_growth, inflation, unemployment; strongest target link is unemployment with Pearson 0.38. weak positive Pearson correlation (0.38); Spearman 0.37; PCA loading signal 0.20",0.03361461828651565,-0.08293185961110226,0.4782608695652174,0.9170681403888977,-0.022406161373563396,0.022406161373563396,0.03185549832365298,-0.001759119962862668,Mostly unchanged: validation signal was neutral.
BOC,CAD,cfib_business_barometer,CFIB Business Barometer,Sentiment,"gdp_growth,inflation,unemployment",0.023959503256223598,0.023959503256223598,0.17789838005228717,0.022479469804226566,0.2645266355697165,"Linked to gdp_growth, inflation, unemployment; strongest target link is unemployment with Pearson -0.23. weak negative Pearson correlation (-0.23); Spearman -0.15; PCA loading signal 0.26; model importance signal 0.02",0.03296401781472687,-0.1263343565888213,0.4444444444444444,0.8736656434111787,0.02093259482816082,0.02093259482816082,0.029760485445978722,-0.003203532368748145,Reduced: contribution moved against forward FX returns.
BOC,CAD,budget_balance,Budget Balance,Growth,"gdp_growth,inflation,unemployment",0.022165876299863732,0.022165876299863732,0.3835088176639651,0.13454611483424997,0.2516379907446192,"Linked to gdp_growth, inflation, unemployment; strongest target link is unemployment with Pearson -0.69. moderate negative Pearson correlation (-0.69); Spearman -0.59; PCA loading signal 0.25; model importance signal 0.04",0.03049630592979608,-0.1873321324525184,0.4583333333333333,0.8126678675474817,0.01801349542493152,0.01801349542493152,0.025610316008394304,-0.004885989921401775,Reduced: contribution moved against forward FX returns.
BOC,CAD,core_cpi_mom,Core CPI (MoM),Inflation,"gdp_growth,inflation,unemployment",0.0191156802711125,0.0191156802711125,0.2666729039915066,0.006317917740381634,0.33478912414726486,"Linked to gdp_growth, inflation, unemployment; strongest target link is inflation with Pearson 0.38. weak positive Pearson correlation (0.38); Spearman 0.32; same macro theme; PCA loading signal 0.33; model importance signal 0.02",0.026299778349281766,-0.06459397078577876,0.5111111111111111,0.9354060292142212,0.01788092257812997,0.01788092257812997,0.025421833294705043,-0.0008779450545767231,Mostly unchanged: validation signal was neutral.
BOC,CAD,retail_sales_mom,Retail Sales (MoM),Growth,"inflation,unemployment",-0.014649595799198133,0.014649595799198133,0.0810576176671059,0.0,0.2821038372612122,"Linked to inflation, unemployment; strongest target link is unemployment with Pearson 0.11. weak positive Pearson correlation (0.11); Spearman -0.01; PCA loading signal 0.28",0.020155239937116685,-0.013937180297012415,0.5,0.9860628197029876,-0.014445421741266352,0.014445421741266352,0.02053748075769515,0.00038224082057846526,Mostly unchanged: validation signal was neutral.
BOC,CAD,new_motor_vehicle_sales,New Motor Vehicle Sales,Growth,"gdp_growth,inflation,unemployment",0.012902579506752465,0.012902579506752465,0.17121850431204935,0.0032896360933462004,0.2015110234135562,"Linked to gdp_growth, inflation, unemployment; strongest target link is gdp_growth with Pearson 0.24. weak positive Pearson correlation (0.24); Spearman 0.04; same macro theme; PCA loading signal 0.20; model importance signal 0.01",0.017751656040950636,0.048015245258553496,0.5405405405405406,1.0480152452585534,0.013522100026237169,0.013522100026237169,0.019224767131522297,0.0014731110905716605,Mostly unchanged: validation signal was neutral.
BOC,CAD,new_housing_price_index_yoy,New Housing Price Index (YoY),Housing,"gdp_growth,inflation,unemployment",0.012696870154716435,0.012696870154716435,0.15175884421714558,0.1256197306059231,0.2951192593948749,"Linked to gdp_growth, inflation, unemployment; strongest target link is inflation with Pearson 0.43. moderate positive Pearson correlation (0.43); Spearman 0.28; PCA loading signal 0.30; model importance signal 0.38",0.017468636536219866,0.007098951397897428,0.5161290322580645,1.0070989513978974,0.01278700461885018,0.01278700461885018,0.018179660380422562,0.0007110238442026955,Mostly unchanged: validation signal was neutral.
BOC,CAD,ppi_mom,PPI (MoM),Inflation,"gdp_growth,inflation,unemployment",0.009163410622786333,0.009163410622786333,0.1039701297021788,0.010462399302126233,0.0,"Linked to gdp_growth, inflation, unemployment; strongest target link is inflation with Pearson 0.01. weak positive Pearson correlation (0.01); Spearman -0.02; same macro theme; model importance signal 0.03",0.012607224272678684,0.09802268922787534,0.5211267605633803,1.0980226892278753,0.01006163277453113,0.01006163277453113,0.014304919108565458,0.0016976948358867743,Mostly unchanged: validation signal was neutral.
BOC,CAD,unemployment_rate,Unemployment Rate,Labor,"gdp_growth,inflation",-0.011675734969682432,0.011675734969682432,0.3804120432380576,0.01160813468817045,0.3419538347147182,"Linked to gdp_growth, inflation; strongest target link is inflation with Pearson -0.65. moderate negative Pearson correlation (-0.65); Spearman -0.71; PCA loading signal 0.34; model importance signal 0.02",0.016063736022601676,-0.18272730098943948,0.4666666666666667,0.8172726990105605,-0.009542259431604347,0.009542259431604347,0.013566510758330366,-0.00249722526427131,Reduced: contribution moved against forward FX returns.
BOC,CAD,raw_materials_prices_mom,Raw Materials Prices (MoM),Inflation,"gdp_growth,inflation,unemployment",-0.010871747526889766,0.010871747526889766,0.34876747843941486,0.0,0.217349393707546,"Linked to gdp_growth, inflation, unemployment; strongest target link is gdp_growth with Pearson 0.65. moderate positive Pearson correlation (0.65); Spearman 0.30; PCA loading signal 0.22",0.014957592205527757,-0.14877303091153685,0.4520547945205479,0.8512269690884632,-0.009254324696009371,0.009254324696009371,0.013157145479997174,-0.0018004467255305825,Reduced: contribution moved against forward FX returns.
BOC,CAD,core_cpi_yoy,Core CPI (YoY),Inflation,gdp_growth,-0.006547838696679133,0.006547838696679133,0.0472005279593554,0.0,0.3682846424639844,Linked to gdp_growth; strongest target link is gdp_growth with Pearson -0.05. weak negative Pearson correlation (-0.05); Spearman -0.02; PCA loading signal 0.37,0.009008662205432937,0.09428762115372002,0.5066666666666667,1.09428762115372,-0.007165218831087283,0.007165218831087283,0.01018700225606772,0.0011783400506347828,Mostly unchanged: validation signal was neutral.
BOC,CAD,wholesale_sales_mom,Wholesale Sales (MoM),Growth,"gdp_growth,inflation,unemployment",0.006155659238182199,0.006155659238182199,0.3028040190837384,0.0097661694689475,0.2825079123473913,"Linked to gdp_growth, inflation, unemployment; strongest target link is gdp_growth with Pearson 0.85. strong positive Pearson correlation (0.85); Spearman 0.26; same macro theme; PCA loading signal 0.28; model importance signal 0.03",0.008469092978215973,0.04571007300513965,0.5205479452054794,1.0457100730051396,0.0064370348713542695,0.0064370348713542695,0.009151721713281158,0.0006826287350651852,Mostly unchanged: validation signal was neutral.
BOC,CAD,manufacturing_sales_mom,Manufacturing Sales (MoM),Growth,"gdp_growth,inflation,unemployment",0.006562575809665964,0.006562575809665964,0.31029818631995826,0.012516405849794666,0.2961141172266595,"Linked to gdp_growth, inflation, unemployment; strongest target link is gdp_growth with Pearson 0.87. strong positive Pearson correlation (0.87); Spearman 0.22; same macro theme; PCA loading signal 0.30; model importance signal 0.04",0.009028937853464552,-0.06309076609755568,0.4520547945205479,0.9369092339024443,0.006148537874260851,0.006148537874260851,0.008741557051246202,-0.0002873808022183493,Mostly unchanged: validation signal was neutral.
BOC,CAD,gdp_mom,GDP (MoM),Growth,"gdp_growth,inflation,unemployment",0.0059200559884897315,0.0059200559884897315,0.3068576515385324,0.0,0.3029410682734002,"Linked to gdp_growth, inflation, unemployment; strongest target link is gdp_growth with Pearson 0.90. strong positive Pearson correlation (0.90); Spearman 0.45; same macro theme; PCA loading signal 0.30",0.008144944783780738,0.036291572090164176,0.4492753623188406,1.0362915720901642,0.006134904127173815,0.006134904127173815,0.00872217355220613,0.0005772287684253918,Mostly unchanged: validation signal was neutral.
BOC,CAD,part_time_employment_change,Part-Time Employment Change,Labor,"gdp_growth,inflation,unemployment",-0.0030072234519313013,0.0030072234519313013,0.2592494598851946,0.020601282670972266,0.2598300173507031,"Linked to gdp_growth, inflation, unemployment; strongest target link is gdp_growth with Pearson 0.73. strong positive Pearson correlation (0.73); Spearman 0.42; PCA loading signal 0.26; model importance signal 0.05",0.004137404952941931,0.044923273445237354,0.6,1.0449232734452374,-0.003142317773373342,0.003142317773373342,0.004467525556617015,0.0003301206036750836,Mostly unchanged: validation signal was neutral.
BOE,GBP,retail_price_index_yoy,Retail Price Index (YoY),Inflation,"gdp_growth,inflation,unemployment",0.04436806671307843,0.04436806671307843,0.5979164054232052,0.0812440794673253,0.2535130341110903,"Linked to gdp_growth, inflation, unemployment; strongest target link is inflation with Pearson 0.90. strong positive Pearson correlation (0.90); Spearman 0.91; same macro theme; PCA loading signal 0.25; model importance signal 0.04",0.06621321985582702,-0.0849188114803865,0.4533333333333333,0.9150811885196135,0.04060038322012131,0.04060038322012131,0.06559379666779312,-0.0006194231880339018,Mostly unchanged: validation signal was neutral.
BOE,GBP,cpi_headline_yoy,Headline CPI (YoY),Inflation,"gdp_growth,inflation,unemployment",0.0425780752675698,0.0425780752675698,0.5900802416607784,0.0,0.2486118719189385,"Linked to gdp_growth, inflation, unemployment; strongest target link is inflation with Pearson 0.91. strong positive Pearson correlation (0.91); Spearman 0.93; same macro theme; PCA loading signal 0.25",0.06354190451797447,-0.09893820982988083,0.44,0.9010617901701192,0.03836547672259452,0.03836547672259452,0.06198309177430705,-0.001558812743667412,Mostly unchanged: validation signal was neutral.
BOE,GBP,avg_earnings_excl_bonus,Average Earnings (excl. Bonus),Labor,"gdp_growth,inflation,unemployment",0.03284162917138713,0.03284162917138713,0.41138575429920027,0.008363897083472934,0.2915968584737229,"Linked to gdp_growth, inflation, unemployment; strongest target link is inflation with Pearson 0.64. moderate positive Pearson correlation (0.64); Spearman 0.61; PCA loading signal 0.29; model importance signal 0.03",0.04901160167313767,0.05785070290964467,0.5416666666666666,1.0578507029096447,0.03474154050364977,0.03474154050364977,0.05612827670535207,0.007116675032214401,Mostly unchanged: validation signal was neutral.
BOE,GBP,avg_earnings_incl_bonus,Average Earnings (incl. Bonus),Labor,"gdp_growth,inflation,unemployment",0.0353901206972915,0.0353901206972915,0.43072083437762515,0.08498192204646793,0.2454055105116915,"Linked to gdp_growth, inflation, unemployment; strongest target link is inflation with Pearson 0.62. moderate positive Pearson correlation (0.62); Spearman 0.65; PCA loading signal 0.25",0.052814873760620294,-0.025742897676618755,0.5068493150684932,0.9742571023233813,0.034479076441417934,0.034479076441417934,0.05570424094595299,0.0028893671853326974,Mostly unchanged: validation signal was neutral.
BOE,GBP,ppi_output_yoy,PPI Output (YoY),Inflation,"gdp_growth,inflation,unemployment",0.03747235029395353,0.03747235029395353,0.4772837352190849,0.0,0.2812314370314687,"Linked to gdp_growth, inflation, unemployment; strongest target link is inflation with Pearson 0.56. moderate positive Pearson correlation (0.56); Spearman 0.47; same macro theme; PCA loading signal 0.28",0.05592231423048987,-0.15621670921910236,0.4925373134328358,0.8437832907808976,0.031618543044326645,0.031618543044326645,0.05108277604516733,-0.004839538185322539,Reduced: contribution moved against forward FX returns.
BOE,GBP,ppi_core_output_yoy,PPI Core Output (YoY),Inflation,"gdp_growth,inflation,unemployment",0.03679089197234673,0.03679089197234673,0.46546187665755606,0.0304942787645627,0.2791065365445043,"Linked to gdp_growth, inflation, unemployment; strongest target link is inflation with Pearson 0.60. moderate positive Pearson correlation (0.60); Spearman 0.48; same macro theme; PCA loading signal 0.28; model importance signal 0.03",0.05490533167943737,-0.14658223543559987,0.48484848484848486,0.8534177645644001,0.03139800078337048,0.03139800078337048,0.05072646895950799,-0.0041788627199293785,Reduced: contribution moved against forward FX returns.
BOE,GBP,ppi_input_yoy,PPI Input (YoY),Inflation,"gdp_growth,inflation,unemployment",0.0354253344362014,0.0354253344362014,0.4545481355448944,0.012934731896671601,0.2980000646450012,"Linked to gdp_growth, inflation, unemployment; strongest target link is inflation with Pearson 0.44. moderate positive Pearson correlation (0.44); Spearman 0.32; same macro theme; PCA loading signal 0.30",0.05286742540889167,-0.15510977889886493,0.4626865671641791,0.8448902211011351,0.029930518644383855,0.029930518644383855,0.048355611410789034,-0.004511813998102639,Reduced: contribution moved against forward FX returns.
BOE,GBP,retail_price_index_mom,Retail Price Index (MoM),Inflation,"gdp_growth,inflation,unemployment",0.03172624224650933,0.03172624224650933,0.33608781886210054,0.0169973740847086,0.2117028743733909,"Linked to gdp_growth, inflation, unemployment; strongest target link is inflation with Pearson 0.36. weak positive Pearson correlation (0.36); Spearman 0.41; same macro theme; PCA loading signal 0.21; model importance signal 0.01",0.04734704053372975,-0.06379613727897743,0.5070422535211268,0.9362038627210225,0.029702230540804925,0.029702230540804925,0.04798679017659903,0.0006397496428692806,Mostly unchanged: validation signal was neutral.
BOE,GBP,cbi_industrial_trends_orders,CBI Industrial Trends Orders,Sentiment,"gdp_growth,inflation,unemployment",0.03459675629696146,0.03459675629696146,0.46603832350694413,0.040999253674529904,0.2788656517782382,"Linked to gdp_growth, inflation, unemployment; strongest target link is gdp_growth with Pearson 0.69. moderate positive Pearson correlation (0.69); Spearman 0.65; PCA loading signal 0.28; model importance signal 0.04",0.05163088682234438,-0.1882340873991825,0.4342105263157895,0.8117659126008175,0.028084467448431003,0.028084467448431003,0.045373139394966865,-0.006257747427377516,Reduced: contribution moved against forward FX returns.
BOE,GBP,ppi_core_output_mom,PPI Core Output (MoM),Inflation,"gdp_growth,inflation,unemployment",0.028558222965491632,0.028558222965491632,0.31581832880622734,0.010848058274613335,0.23824550686843823,"Linked to gdp_growth, inflation, unemployment; strongest target link is inflation with Pearson 0.24. weak positive Pearson correlation (0.24); Spearman 0.15; same macro theme; PCA loading signal 0.24; model importance signal 0.02",0.0426192087235668,-0.12170239160411794,0.5,0.878297608395882,0.025082618930627652,0.025082618930627652,0.040523366420244664,-0.0020958423033221388,Reduced: contribution moved against forward FX returns.
BOE,GBP,cpi_headline_mom,Headline CPI (MoM),Inflation,"gdp_growth,inflation,unemployment",0.0293497111139443,0.0293497111139443,0.31375817331280437,0.0,0.2016623350347221,"Linked to gdp_growth, inflation, unemployment; strongest target link is inflation with Pearson 0.35. weak positive Pearson correlation (0.35); Spearman 0.35; same macro theme; PCA loading signal 0.20",0.04380039561470826,-0.182756704214557,0.4264705882352941,0.817243295785443,0.023985854641110485,0.023985854641110485,0.03875143896308135,-0.005048956651626912,Reduced: contribution moved against forward FX returns.
BOE,GBP,employment_change,Employment Change,Labor,"gdp_growth,inflation,unemployment",0.020916494919597798,0.020916494919597798,0.20361405702880586,0.007020796557284534,0.0,"Linked to gdp_growth, inflation, unemployment; strongest target link is unemployment with Pearson -0.10. weak negative Pearson correlation (-0.10); Spearman -0.09; same macro theme; model importance signal 0.02",0.03121498364309787,0.0355561322179152,0.5753424657534246,1.0355561322179152,0.02166020457849437,0.02166020457849437,0.03499412917364863,0.0037791455305507607,Mostly unchanged: validation signal was neutral.
BOE,GBP,core_cpi_yoy,Core CPI (YoY),Inflation,"gdp_growth,unemployment",0.021498744004783035,0.021498744004783035,0.40571328860159495,0.011119538491854,0.2420081755740031,"Linked to gdp_growth, unemployment; strongest target link is unemployment with Pearson -0.56. moderate negative Pearson correlation (-0.56); Spearman -0.58; PCA loading signal 0.24; model importance signal 0.02",0.032083910092779305,-0.06199160541510692,0.4666666666666667,0.938008394584893,0.02016600234951813,0.02016600234951813,0.03258010276762551,0.0004961926748462062,Mostly unchanged: validation signal was neutral.
BOE,GBP,core_cpi_mom,Core CPI (MoM),Inflation,"gdp_growth,inflation,unemployment",0.023215964103924097,0.023215964103924097,0.2359952453369949,0.0044528641776833,0.0,"Linked to gdp_growth, inflation, unemployment; strongest target link is inflation with Pearson 0.29. weak positive Pearson correlation (0.29); Spearman 0.35; same macro theme; model importance signal 0.01",0.03464662423357273,-0.18277269896158582,0.4,0.8172273010384141,0.018972719685654595,0.018972719685654595,0.030652240658632507,-0.0039943835749402246,Reduced: contribution moved against forward FX returns.
BOE,GBP,ppi_output_mom,PPI Output (MoM),Inflation,"gdp_growth,inflation,unemployment",0.018704493903133966,0.018704493903133966,0.1939234429763458,0.0133012867207851,0.0,"Linked to gdp_growth, inflation, unemployment; strongest target link is gdp_growth with Pearson 0.34. weak positive Pearson correlation (0.34); Spearman 0.59",0.027913877228622087,-0.10043198838795972,0.5,0.8995680116120403,0.016825964388651752,0.016825964388651752,0.027183952448551627,-0.0007299247800704595,Reduced: contribution moved against forward FX returns.
BOE,GBP,hmrc_payrolls_change,HMRC Payrolls Change,Labor,"gdp_growth,inflation,unemployment",0.017192568265922765,0.017192568265922765,0.3686893005783693,0.020637853957931968,0.3342432743865316,"Linked to gdp_growth, inflation, unemployment; strongest target link is unemployment with Pearson -0.38. weak negative Pearson correlation (-0.38); Spearman -0.48; same macro theme; PCA loading signal 0.33; model importance signal 0.04",0.025657536755873536,-0.025004447944775948,0.43902439024390244,0.974995552055224,0.01676267758768049,0.01676267758768049,0.027081706577320376,0.0014241698214468405,Mostly unchanged: validation signal was neutral.
BOE,GBP,consumer_confidence,Consumer Confidence,Sentiment,"gdp_growth,inflation,unemployment",-0.01621384173697197,0.01621384173697197,0.46577084466477253,0.025353054665435165,0.2538327099793193,"Linked to gdp_growth, inflation, unemployment; strongest target link is unemployment with Pearson 0.53. moderate positive Pearson correlation (0.53); Spearman 0.52; PCA loading signal 0.25; model importance signal 0.03",0.02419692240773817,-0.015535017854972851,0.5,0.9844649821450272,-0.015961959416090406,0.015961959416090406,0.0257880698978159,0.0015911474900777295,Mostly unchanged: validation signal was neutral.
BOE,GBP,manufacturing_pmi,Manufacturing PMI,Growth,"gdp_growth,inflation,unemployment",-0.015662041079106966,0.015662041079106966,0.2022992055011237,0.0009785694611947,0.0,"Linked to gdp_growth, inflation, unemployment; strongest target link is inflation with Pearson -0.43. moderate negative Pearson correlation (-0.43); Spearman -0.47",0.02337343603606276,-0.0021764463454982536,0.5172413793103449,0.9978235536545017,-0.0156279534870373,0.0156279534870373,0.025248451419897466,0.0018750153838347043,Mostly unchanged: validation signal was neutral.
BOE,GBP,core_rpi_mom,Core RPI (MoM),Inflation,"gdp_growth,inflation,unemployment",0.014043183185225,0.014043183185225,0.0805778899251733,0.0,0.2096635849527767,"Linked to gdp_growth, inflation, unemployment; strongest target link is inflation with Pearson 0.07. weak positive Pearson correlation (0.07); Spearman 0.26; same macro theme; PCA loading signal 0.21",0.02095751391946192,-0.021108527323868826,0.4090909090909091,0.9788914726761312,0.013746752269245582,0.013746752269245582,0.022209191186760534,0.0012516772672986134,Mostly unchanged: validation signal was neutral.
BOE,GBP,public_sector_net_borrowing,Public Sector Net Borrowing,Growth,"gdp_growth,inflation,unemployment",0.011627697361225035,0.011627697361225035,0.18869098489296132,0.013274199584582966,0.20689900895251542,"Linked to gdp_growth, inflation, unemployment; strongest target link is gdp_growth with Pearson 0.31. weak positive Pearson correlation (0.31); Spearman 0.22; same macro theme; PCA loading signal 0.21; model importance signal 0.04",0.01735273449651721,0.10756289494765472,0.5714285714285714,1.1075628949476548,0.012878406150973607,0.012878406150973607,0.020806295100524303,0.0034535606040070922,Increased: contribution aligned with forward FX returns.
BOE,GBP,retail_sales_ex_fuel_yoy,Retail Sales Ex Fuel (YoY),Growth,"gdp_growth,inflation,unemployment",-0.013067348903985532,0.013067348903985532,0.49104143240696946,0.03849050566362137,0.3326698618140483,"Linked to gdp_growth, inflation, unemployment; strongest target link is unemployment with Pearson 0.49. moderate positive Pearson correlation (0.49); Spearman 0.63; PCA loading signal 0.33; model importance signal 0.03",0.019501215852106287,-0.13023904767041591,0.43243243243243246,0.8697609523295841,-0.011365469827153403,0.011365469827153403,0.01836200197506438,-0.0011392138770419079,Reduced: contribution moved against forward FX returns.
BOE,GBP,niesr_monthly_gdp_tracker,NIESR Monthly GDP Tracker,Growth,"gdp_growth,inflation,unemployment",0.008869451709381533,0.008869451709381533,0.22734522910471797,0.0129657443823627,0.2647667030528812,"Linked to gdp_growth, inflation, unemployment; strongest target link is gdp_growth with Pearson 0.45. moderate positive Pearson correlation (0.45); Spearman 0.33; same macro theme; PCA loading signal 0.26; model importance signal 0.04",0.013236433307579945,0.16299631371689968,0.5625,1.1629963137168997,0.010315139642700777,0.010315139642700777,0.01666509324936331,0.0034286599417833654,Increased: contribution aligned with forward FX returns.
BOE,GBP,industrial_production_yoy,Industrial Production (YoY),Growth,"gdp_growth,unemployment",0.009368515260692064,0.009368515260692064,0.5871241338148183,0.02584098185899215,0.3013040413071897,"Linked to gdp_growth, unemployment; strongest target link is gdp_growth with Pearson 0.93. strong positive Pearson correlation (0.93); Spearman 0.73; same macro theme; PCA loading signal 0.30; model importance signal 0.03",0.013981216821782817,-0.006246685576559965,0.5135135135135135,0.9937533144234401,0.009309993091539317,0.009309993091539317,0.015041182998547176,0.001059966176764359,Mostly unchanged: validation signal was neutral.
BOE,GBP,gdp_qoq,GDP (QoQ),Growth,"gdp_growth,inflation,unemployment",0.007581153463954933,0.007581153463954933,0.19336084802090756,0.0,0.2542771630481861,"Linked to gdp_growth, inflation, unemployment; strongest target link is gdp_growth with Pearson 0.42. moderate positive Pearson correlation (0.42); Spearman 0.32; same macro theme; PCA loading signal 0.25",0.01131382587201271,0.22777747821968572,0.5833333333333334,1.2277774782196857,0.009307969481971023,0.009307969481971023,0.015037913664022967,0.003724087792010257,Increased: contribution aligned with forward FX returns.
BOE,GBP,gdp_mom,GDP (MoM),Growth,"gdp_growth,inflation,unemployment",0.007930725985402367,0.007930725985402367,0.11236490159969599,0.0071211054446908666,0.21610470427070796,"Linked to gdp_growth, inflation, unemployment; strongest target link is gdp_growth with Pearson 0.25. weak positive Pearson correlation (0.25); Spearman 0.11; same macro theme; PCA loading signal 0.22; model importance signal 0.02",0.011835514643530264,0.09242320046398783,0.5970149253731343,1.0924232004639878,0.008663709062976166,0.008663709062976166,0.013997049426472808,0.002161534782942544,Mostly unchanged: validation signal was neutral.
BOE,GBP,house_price_index_yoy,House Price Index (YoY),Housing,"gdp_growth,inflation,unemployment",0.009734480557676867,0.009734480557676867,0.19799764901312264,0.0,0.2558106461273045,"Linked to gdp_growth, inflation, unemployment; strongest target link is gdp_growth with Pearson 0.29. weak positive Pearson correlation (0.29); Spearman 0.49; PCA loading signal 0.26",0.014527369549724755,-0.1400524237373187,0.49333333333333335,0.8599475762626814,0.008371142961750417,0.008371142961750417,0.013524380948157064,-0.0010029886015676913,Reduced: contribution moved against forward FX returns.
BOE,GBP,retail_sales_yoy,Retail Sales (YoY),Growth,"gdp_growth,inflation,unemployment",-0.0088055245102278,0.0088055245102278,0.47244425378218086,0.0,0.3404996048231921,"Linked to gdp_growth, inflation, unemployment; strongest target link is gdp_growth with Pearson 0.71. strong positive Pearson correlation (0.71); Spearman 0.31; same macro theme; PCA loading signal 0.34",0.01314103078035904,-0.10710439169081407,0.4305555555555556,0.8928956083091859,-0.007862414164041298,0.007862414164041298,0.012702480988861972,-0.0004385497914970674,Reduced: contribution moved against forward FX returns.
BOE,GBP,nationwide_hpi_yoy,Nationwide House Prices (YoY),Housing,"gdp_growth,inflation,unemployment",0.008530433157845064,0.008530433157845064,0.19547769985525912,0.0,0.20634469076020148,"Linked to gdp_growth, inflation, unemployment; strongest target link is gdp_growth with Pearson 0.36. weak positive Pearson correlation (0.36); Spearman 0.57; PCA loading signal 0.21",0.012730494880439251,-0.13936130721934897,0.4864864864864865,0.8606386927806511,0.007341620841820497,0.007341620841820497,0.011861089637985121,-0.0008694052424541299,Reduced: contribution moved against forward FX returns.
BOE,GBP,ppi_input_mom,PPI Input (MoM),Inflation,"gdp_growth,inflation,unemployment",-0.006658825283734799,0.006658825283734799,0.13031500320378378,0.004013641792879867,0.1596193014817409,"Linked to gdp_growth, inflation, unemployment; strongest target link is inflation with Pearson -0.02. weak negative Pearson correlation (-0.02); Spearman -0.22; same macro theme; PCA loading signal 0.16; model importance signal 0.01",0.009937378280300564,0.09456817157568526,0.6,1.0945681715756852,-0.007288538215659542,0.007288538215659542,0.011775329585718705,0.0018379513054181413,Mostly unchanged: validation signal was neutral.
BOE,GBP,unemployment_rate,Unemployment Rate,Labor,"gdp_growth,inflation",-0.0077018920872027,0.0077018920872027,0.30018675667682276,0.009098303272387,0.2018655449434155,"Linked to gdp_growth, inflation; strongest target link is inflation with Pearson -0.56. moderate negative Pearson correlation (-0.56); Spearman -0.58; PCA loading signal 0.20; model importance signal 0.02",0.011494011613660942,-0.06703751849088518,0.5135135135135135,0.9329624815091149,-0.007185576353992047,0.007185576353992047,0.011608984864730752,0.00011497325106980989,Mostly unchanged: validation signal was neutral.
BOE,GBP,gdp_yoy,GDP (YoY),Growth,inflation,0.007462882207998634,0.007462882207998634,0.2551388278507315,0.0,0.2511112738654503,Linked to inflation; strongest target link is inflation with Pearson 0.26. weak positive Pearson correlation (0.26); Spearman 0.23; PCA loading signal 0.25,0.011137322335721577,-0.08488287148192636,0.49295774647887325,0.9151171285180737,0.0068294113366523315,0.0068294113366523315,0.01103356626336188,-0.00010375607235969635,Mostly unchanged: validation signal was neutral.
BOE,GBP,core_rpi_yoy,Core RPI (YoY),Inflation,"gdp_growth,inflation,unemployment",-0.0058103667107501315,0.0058103667107501315,0.23187925385108676,0.0015730484281426668,0.0,"Linked to gdp_growth, inflation, unemployment; strongest target link is unemployment with Pearson 0.54. moderate positive Pearson correlation (0.54); Spearman 0.59; model importance signal 0.00",0.008671170888509138,0.14038594956997857,0.5416666666666666,1.1403859495699786,-0.006626060558788582,0.006626060558788582,0.010705033660526204,0.0020338627720170657,Increased: contribution aligned with forward FX returns.
BOE,GBP,claimant_count_change,Claimant Count Change,Labor,"gdp_growth,inflation,unemployment",-0.007317857440555065,0.007317857440555065,0.32544636212253536,0.021639553793396934,0.2600240832323665,"Linked to gdp_growth, inflation, unemployment; strongest target link is gdp_growth with Pearson -0.65. moderate negative Pearson correlation (-0.65); Spearman -0.54; PCA loading signal 0.26; model importance signal 0.04",0.010920892873663213,-0.1832884064340021,0.4266666666666667,0.8167115935659979,-0.005976579011764522,0.005976579011764522,0.009655734191996395,-0.0012651586816668173,Reduced: contribution moved against forward FX returns.
BOE,GBP,house_price_index_mom,House Price Index (MoM),Housing,"gdp_growth,inflation,unemployment",0.004195276685526699,0.004195276685526699,0.13845518161101458,0.0,0.2192923964610399,"Linked to gdp_growth, inflation, unemployment; strongest target link is inflation with Pearson -0.22. weak negative Pearson correlation (-0.22); Spearman -0.19; PCA loading signal 0.22",0.006260871796176827,-0.1209954808879623,0.4927536231884058,0.8790045191120377,0.0036876671655033397,0.0036876671655033397,0.005957778499801075,-0.000303093296375752,Reduced: contribution moved against forward FX returns.
BOE,GBP,retail_sales_mom,Retail Sales (MoM),Growth,"gdp_growth,inflation,unemployment",-0.003022125669052499,0.003022125669052499,0.06018228451477257,0.0,0.1735213017312006,"Linked to gdp_growth, inflation, unemployment; strongest target link is gdp_growth with Pearson 0.09. weak positive Pearson correlation (0.09); Spearman -0.06; same macro theme; PCA loading signal 0.17",0.0045101057174962815,-0.08777887525012472,0.4166666666666667,0.9122211247498753,-0.00275684687695854,0.00275684687695854,0.004453949424837933,-5.615629265834886e-05,Mostly unchanged: validation signal was neutral.
BOE,GBP,retail_sales_ex_fuel_mom,Retail Sales Ex Fuel (MoM),Growth,"gdp_growth,inflation,unemployment",-0.002642934580325367,0.002642934580325367,0.05642090732510193,0.020130533790796434,0.1733677293344962,"Linked to gdp_growth, inflation, unemployment; strongest target link is gdp_growth with Pearson 0.07. weak positive Pearson correlation (0.07); Spearman -0.08; same macro theme; PCA loading signal 0.17; model importance signal 0.06",0.003944215319620121,-0.07697839018112153,0.43243243243243246,0.9230216098188785,-0.0024394857309779023,0.0024394857309779023,0.0039412221836478785,-2.9931359722427595e-06,Mostly unchanged: validation signal was neutral.
BOE,GBP,composite_pmi,Composite PMI,Growth,"gdp_growth,inflation,unemployment",-0.0022339523275519014,0.0022339523275519014,0.22114326286781652,0.0016713259485917002,0.0,"Linked to gdp_growth, inflation, unemployment; strongest target link is gdp_growth with Pearson -0.39. weak negative Pearson correlation (-0.39); Spearman -0.44; same macro theme; model importance signal 0.01",0.003333865718517522,-0.10439144436128309,0.3793103448275862,0.8956085556387169,-0.002000746817444508,0.002000746817444508,0.00323239756668477,-0.00010146815183275206,Reduced: contribution moved against forward FX returns.
BOE,GBP,services_pmi,Services PMI,Growth,"gdp_growth,inflation,unemployment",0.0006852736321729331,0.0006852736321729331,0.33466223906013304,0.0,0.0,"Linked to gdp_growth, inflation, unemployment; strongest target link is gdp_growth with Pearson -0.45. moderate negative Pearson correlation (-0.45); Spearman -0.42; same macro theme",0.0010226763758244297,0.07588774406310916,0.6428571428571429,1.0758877440631092,0.0007372775021844698,0.0007372775021844698,0.0011911422191221873,0.0001684658432977576,Mostly unchanged: validation signal was neutral.
BOE,GBP,cbi_business_optimism,CBI Business Optimism Index,Sentiment,"gdp_growth,inflation,unemployment",0.00028722636906039966,0.00028722636906039966,0.2822975413514156,0.020368907772906602,0.176866111848199,"Linked to gdp_growth, inflation, unemployment; strongest target link is gdp_growth with Pearson 0.64. moderate positive Pearson correlation (0.64); Spearman 0.11; PCA loading signal 0.18; model importance signal 0.06",0.0004286457385212402,0.07863588758524542,0.52,1.0786358875852455,0.0003098126695293515,0.0003098126695293515,0.0005005319565590482,7.188621803780803e-05,Mostly unchanged: validation signal was neutral.
BOJ,JPY,coincident_index,Coincident Index,Growth,"gdp_growth,inflation,unemployment",0.03891060779924163,0.03891060779924163,0.44805742579145963,0.10862800366985981,0.20308626972107416,"Linked to gdp_growth, inflation, unemployment; strongest target link is unemployment with Pearson -0.59. moderate negative Pearson correlation (-0.59); Spearman -0.57; PCA loading signal 0.20; model importance signal 0.05",0.05142210973801206,0.0035875326404333392,0.4864864864864865,1.0035875326404333,0.03905020087478051,0.03905020087478051,0.0559265331230794,0.00450442338506734,Mostly unchanged: validation signal was neutral.
BOJ,JPY,cpi_ex_food_energy_yoy,CPI Ex Food and Energy (YoY),Inflation,"gdp_growth,inflation,unemployment",0.03881727076633423,0.03881727076633423,0.4707342617995763,0.0094398985943179,0.299368559399061,"Linked to gdp_growth, inflation, unemployment; strongest target link is inflation with Pearson 0.84. strong positive Pearson correlation (0.84); Spearman 0.79; same macro theme; PCA loading signal 0.30; model importance signal 0.01",0.05129876067151719,-0.005533578384275444,0.4864864864864865,0.9944664216157245,0.03860247235588508,0.03860247235588508,0.055285309690645684,0.003986549019128496,Mostly unchanged: validation signal was neutral.
BOJ,JPY,services_pmi,S&P Global Services PMI,Growth,"gdp_growth,inflation,unemployment",0.03977402122778197,0.03977402122778197,0.5006541107363575,0.10690132748075883,0.2276024113633742,"Linked to gdp_growth, inflation, unemployment; strongest target link is gdp_growth with Pearson 0.65. moderate positive Pearson correlation (0.65); Spearman 0.14; same macro theme; PCA loading signal 0.23; model importance signal 0.02",0.05256314922782799,-0.06368368400306193,0.49333333333333335,0.9363163159969381,0.03724106502838082,0.03724106502838082,0.053335542716595574,0.0007723934887675851,Mostly unchanged: validation signal was neutral.
BOJ,JPY,cpi_index,Consumer Price Index,Inflation,"gdp_growth,inflation,unemployment",0.0356769060494593,0.0356769060494593,0.4230568741208751,0.018530068690063534,0.2118882974725932,"Linked to gdp_growth, inflation, unemployment; strongest target link is inflation with Pearson 0.73. strong positive Pearson correlation (0.73); Spearman 0.70; same macro theme; PCA loading signal 0.21; model importance signal 0.04",0.047148628144117515,-0.011122230651906121,0.5142857142857142,0.9888777693480939,0.03528009927143083,0.03528009927143083,0.05052710604015032,0.0033784778960328082,Mostly unchanged: validation signal was neutral.
BOJ,JPY,composite_pmi,S&P Global Composite PMI,Growth,"gdp_growth,inflation,unemployment",0.03516686428698413,0.03516686428698413,0.44755797307042827,0.0,0.2360756317683934,"Linked to gdp_growth, inflation, unemployment; strongest target link is gdp_growth with Pearson 0.64. moderate positive Pearson correlation (0.64); Spearman 0.15; same macro theme; PCA loading signal 0.24",0.046474585126946286,-0.11924236673764202,0.410958904109589,0.880757633262358,0.030973484158662683,0.030973484158662683,0.04435930030913983,-0.0021152848178064565,Reduced: contribution moved against forward FX returns.
BOJ,JPY,retail_sales_yoy,Retail Sales (YoY),Growth,"gdp_growth,inflation,unemployment",0.029962587076565465,0.029962587076565465,0.3799305810965481,0.010178606404059,0.0,"Linked to gdp_growth, inflation, unemployment; strongest target link is gdp_growth with Pearson 0.55. moderate positive Pearson correlation (0.55); Spearman 0.31; same macro theme; model importance signal 0.03",0.039596899864306936,-0.015184295438045455,0.581081081081081,0.9848157045619546,0.029507626302306734,0.029507626302306734,0.04225994240263129,0.0026630425383243547,Mostly unchanged: validation signal was neutral.
BOJ,JPY,leading_economic_index,Leading Economic Index,Growth,"gdp_growth,inflation,unemployment",0.03151523059412227,0.03151523059412227,0.34326354463861525,0.037444635347180864,0.2320006974664118,"Linked to gdp_growth, inflation, unemployment; strongest target link is unemployment with Pearson -0.31. weak negative Pearson correlation (-0.31); Spearman -0.27; PCA loading signal 0.23; model importance signal 0.03",0.04164878776479291,-0.09912429679108262,0.44594594594594594,0.9008757032089174,0.02839130552327109,0.02839130552327109,0.04066118107423467,-0.0009876066905582376,Mostly unchanged: validation signal was neutral.
BOJ,JPY,eco_watchers_current,Eco Watchers Survey Current,Sentiment,"gdp_growth,inflation,unemployment",0.029790711836024567,0.029790711836024567,0.42481084540226766,0.005653091450478767,0.2047005807097212,"Linked to gdp_growth, inflation, unemployment; strongest target link is gdp_growth with Pearson 0.68. moderate positive Pearson correlation (0.68); Spearman 0.38; PCA loading signal 0.20",0.03936975904127118,-0.12737340768644154,0.48,0.8726265923135584,0.025996167352065308,0.025996167352065308,0.03723093561414535,-0.002138823427125826,Reduced: contribution moved against forward FX returns.
BOJ,JPY,core_cpi_yoy,Core CPI (YoY),Inflation,"gdp_growth,inflation",0.025315845815954634,0.025315845815954634,0.5281973117857097,0.021460141406458,0.2359210660315635,"Linked to gdp_growth, inflation; strongest target link is inflation with Pearson 0.96. strong positive Pearson correlation (0.96); Spearman 0.94; same macro theme; PCA loading signal 0.24; model importance signal 0.04",0.033456023313107555,-0.007048525783367236,0.4794520547945205,0.9929514742166328,0.025137406423993126,0.025137406423993126,0.03600104382325184,0.002545020510144283,Mostly unchanged: validation signal was neutral.
BOJ,JPY,tankan_large_non_manufacturing_index,Tankan Large Non-Manufacturing Index,Sentiment,"gdp_growth,inflation,unemployment",0.029541159045827364,0.029541159045827364,0.49127734911533,0.0,0.2133580552271639,"Linked to gdp_growth, inflation, unemployment; strongest target link is unemployment with Pearson -0.59. moderate negative Pearson correlation (-0.59); Spearman -0.52; PCA loading signal 0.21",0.03903996385973208,-0.154658703411702,0.44,0.845341296588298,0.024972361690520833,0.024972361690520833,0.035764671677998953,-0.0032752921817331276,Reduced: contribution moved against forward FX returns.
BOJ,JPY,ppi_yoy,PPI (YoY),Inflation,"gdp_growth,inflation,unemployment",0.026589425640137332,0.026589425640137332,0.24545044280435557,0.019001982138159932,0.1624672141296354,"Linked to gdp_growth, inflation, unemployment; strongest target link is inflation with Pearson 0.38. weak positive Pearson correlation (0.38); Spearman 0.41; same macro theme; PCA loading signal 0.16; model importance signal 0.02",0.03513911605267965,-0.06189767456909373,0.5540540540540541,0.9381023254309062,0.024943602024884992,0.024943602024884992,0.03572348294255687,0.0005843668898772164,Mostly unchanged: validation signal was neutral.
BOJ,JPY,tankan_non_manufacturing_outlook,Tankan Non-Manufacturing Outlook,Sentiment,"gdp_growth,inflation,unemployment",0.02906886257818073,0.02906886257818073,0.48752296535640244,0.0,0.2286753286219133,"Linked to gdp_growth, inflation, unemployment; strongest target link is unemployment with Pearson -0.50. moderate negative Pearson correlation (-0.50); Spearman -0.47; PCA loading signal 0.23",0.038415802939051884,-0.17102719891449525,0.48,0.8289728010855048,0.024097296435804088,0.024097296435804088,0.034511429316718856,-0.003904373622333028,Reduced: contribution moved against forward FX returns.
BOJ,JPY,household_spending_yoy,Household Spending (YoY),Growth,"gdp_growth,inflation,unemployment",0.0192127859542015,0.0192127859542015,0.15210246470762043,0.0042107057750033665,0.0,"Linked to gdp_growth, inflation, unemployment; strongest target link is gdp_growth with Pearson 0.27. weak positive Pearson correlation (0.27); Spearman 0.13; same macro theme; model importance signal 0.01",0.025390556549701127,0.015430586596668829,0.5945945945945946,1.0154305865966688,0.019509250511631066,0.019509250511631066,0.027940566770549836,0.0025500102208487092,Mostly unchanged: validation signal was neutral.
BOJ,JPY,cpi_headline_mom,Headline CPI (MoM),Inflation,"gdp_growth,inflation,unemployment",0.023249664246728998,0.023249664246728998,0.2513798996398066,0.027244076645695666,0.0,"Linked to gdp_growth, inflation, unemployment; strongest target link is inflation with Pearson 0.42. moderate positive Pearson correlation (0.42); Spearman 0.42; same macro theme; model importance signal 0.08",0.03072547189279668,-0.17248051195218422,0.4264705882352941,0.8275194880478158,0.01923955025473679,0.01923955025473679,0.027554310105728376,-0.003171161787068305,Reduced: contribution moved against forward FX returns.
BOJ,JPY,eco_watchers_outlook,Eco Watchers Survey Outlook,Sentiment,"gdp_growth,inflation,unemployment",0.024472734283976734,0.024472734283976734,0.3192962030965922,0.008416758937460633,0.184457201111493,"Linked to gdp_growth, inflation, unemployment; strongest target link is gdp_growth with Pearson 0.54. moderate positive Pearson correlation (0.54); Spearman 0.36; PCA loading signal 0.18",0.03234181368825569,-0.22567804602346506,0.41333333333333333,0.7743219539765349,0.018949775429917402,0.018949775429917402,0.02713930324339589,-0.005202510444859802,Reduced: contribution moved against forward FX returns.
BOJ,JPY,cpi_headline_yoy,Headline CPI (YoY),Inflation,unemployment,0.0178983617279414,0.0178983617279414,0.6467461333494563,0.0942238272972632,0.2423028146893594,Linked to unemployment; strongest target link is unemployment with Pearson -0.65. moderate negative Pearson correlation (-0.65); Spearman -0.60; PCA loading signal 0.24; model importance signal 0.09,0.023653486104701145,0.007397387387905158,0.4864864864864865,1.0073973873879052,0.01803076284325184,0.01803076284325184,0.025823120823912565,0.0021696347192114197,Mostly unchanged: validation signal was neutral.
BOJ,JPY,current_account,Current Account,Growth,"gdp_growth,inflation,unemployment",0.017023285262964268,0.017023285262964268,0.11228258245409019,0.0,0.0,"Linked to gdp_growth, inflation, unemployment; strongest target link is gdp_growth with Pearson 0.17. weak positive Pearson correlation (0.17); Spearman 0.09; same macro theme",0.022497033390228696,0.036950027257710766,0.47297297297297297,1.0369500272577108,0.017652296117446585,0.017652296117446585,0.025281092065991356,0.00278405867576266,Mostly unchanged: validation signal was neutral.
BOJ,JPY,tankan_small_manufacturers_index,Tankan Small Manufacturers Index,Sentiment,"gdp_growth,inflation,unemployment",0.023870310319885932,0.023870310319885932,0.3545751491217745,0.0,0.24782375290220013,"Linked to gdp_growth, inflation, unemployment; strongest target link is unemployment with Pearson -0.43. moderate negative Pearson correlation (-0.43); Spearman -0.39; PCA loading signal 0.25",0.03154568345687726,-0.2958952199100159,0.375,0.7041047800899841,0.01680719959846296,0.01680719959846296,0.024070770034289327,-0.0074749134225879366,Reduced: contribution moved against forward FX returns.
BOJ,JPY,consumer_confidence,Consumer Confidence,Sentiment,"gdp_growth,inflation,unemployment",0.016466444323794766,0.016466444323794766,0.21332393231005284,0.0,0.0,"Linked to gdp_growth, inflation, unemployment; strongest target link is unemployment with Pearson -0.21. weak negative Pearson correlation (-0.21); Spearman -0.14",0.021761143166454038,-0.07562129756657338,0.4533333333333333,0.9243787024334267,0.01522123043772167,0.01522123043772167,0.021799392299644605,3.824913319056683e-05,Mostly unchanged: validation signal was neutral.
BOJ,JPY,tertiary_industry_index_mom,Tertiary Industry Index (MoM),Growth,"gdp_growth,inflation,unemployment",0.0182993238553587,0.0182993238553587,0.2819731613654513,0.013780202287892932,0.3431737002512582,"Linked to gdp_growth, inflation, unemployment; strongest target link is gdp_growth with Pearson 0.71. strong positive Pearson correlation (0.71); Spearman 0.51; same macro theme; PCA loading signal 0.34; model importance signal 0.04",0.024183375502040267,-0.1813003559366914,0.3835616438356164,0.8186996440633086,0.01498164992698138,0.01498164992698138,0.021456272237022483,-0.0027271032650177836,Reduced: contribution moved against forward FX returns.
BOJ,JPY,machinery_orders_yoy,Machinery Orders (YoY),Growth,"gdp_growth,inflation,unemployment",0.016157465985151366,0.016157465985151366,0.09225171274689986,0.0040927766833392335,0.0,"Linked to gdp_growth, inflation, unemployment; strongest target link is gdp_growth with Pearson 0.19. weak positive Pearson correlation (0.19); Spearman 0.09; same macro theme; model importance signal 0.01",0.021352814462919905,-0.10910466096858384,0.47297297297297297,0.8908953390314162,0.01439461113673,0.01439461113673,0.020615532788516105,-0.0007372816744037995,Reduced: contribution moved against forward FX returns.
BOJ,JPY,tankan_large_manufacturing_outlook,Tankan Large Manufacturing Outlook,Sentiment,"gdp_growth,inflation,unemployment",0.0168368425228906,0.0168368425228906,0.27816342894542484,0.0,0.24423008895579437,"Linked to gdp_growth, inflation, unemployment; strongest target link is inflation with Pearson 0.40. moderate positive Pearson correlation (0.40); Spearman 0.08; PCA loading signal 0.24",0.022250640964559348,-0.15272797907360677,0.44,0.8472720209263932,0.014265385590388951,0.014265385590388951,0.020430459814859313,-0.0018201811497000342,Reduced: contribution moved against forward FX returns.
BOJ,JPY,machine_tool_orders_yoy,Machine Tool Orders (YoY),Growth,"gdp_growth,inflation,unemployment",-0.012064279805150234,0.012064279805150234,0.2896526487211167,0.03347574133880404,0.3153816985389736,"Linked to gdp_growth, inflation, unemployment; strongest target link is unemployment with Pearson 0.36. weak positive Pearson correlation (0.36); Spearman 0.28; PCA loading signal 0.32; model importance signal 0.04",0.01594348572634245,0.11353633424387521,0.6,1.113536334243875,-0.013434013909519402,0.013434013909519402,0.019239794086996977,0.0032963083606545283,Increased: contribution aligned with forward FX returns.
BOJ,JPY,capacity_utilization,Capacity Utilization,Growth,"gdp_growth,inflation,unemployment",0.014614076572780165,0.014614076572780165,0.30957166249459916,0.0144501399299199,0.3302692824483402,"Linked to gdp_growth, inflation, unemployment; strongest target link is gdp_growth with Pearson 0.77. strong positive Pearson correlation (0.77); Spearman 0.50; same macro theme; PCA loading signal 0.33; model importance signal 0.02",0.01931315627662489,-0.0943444519267452,0.4657534246575342,0.9056555480732548,0.013235319528105733,0.013235319528105733,0.01895522991947491,-0.0003579263571499812,Mostly unchanged: validation signal was neutral.
BOJ,JPY,tankan_large_manufacturers_index,Tankan Large Manufacturers Index,Sentiment,"gdp_growth,inflation,unemployment",0.015563411846324898,0.015563411846324898,0.23368659217750232,0.0,0.2383171698219709,"Linked to gdp_growth, inflation, unemployment; strongest target link is unemployment with Pearson -0.21. weak negative Pearson correlation (-0.21); Spearman 0.04; PCA loading signal 0.24",0.020567745330238554,-0.16317871527149982,0.44,0.8368212847285001,0.01302379429600036,0.01302379429600036,0.018652289790238644,-0.0019154555399999093,Reduced: contribution moved against forward FX returns.
BOJ,JPY,tankan_large_all_industry_capex,Tankan Large All Industry Capex,Sentiment,"gdp_growth,inflation,unemployment",0.016806592723641565,0.016806592723641565,0.2724264801944929,0.0,0.0,"Linked to gdp_growth, inflation, unemployment; strongest target link is inflation with Pearson 0.50. moderate positive Pearson correlation (0.50); Spearman 0.54",0.0222106645009543,-0.2382761212924413,0.4,0.7617238787075586,0.012801982997310486,0.012801982997310486,0.018334618263195,-0.0038760462377592994,Reduced: contribution moved against forward FX returns.
BOJ,JPY,leading_index_mom,Leading Index (MoM),Growth,"inflation,unemployment",-0.009634872346059167,0.009634872346059167,0.23102252202901014,0.0,0.0,"Linked to inflation, unemployment; strongest target link is inflation with Pearson -0.33. weak negative Pearson correlation (-0.33); Spearman -0.34",0.01273291503558699,0.23664476253018385,0.5909090909090909,1.236644762530184,-0.011914914424400975,0.011914914424400975,0.017064185107566698,0.004331270071979707,Increased: contribution aligned with forward FX returns.
BOJ,JPY,imports_yoy,Imports (YoY),Growth,"gdp_growth,inflation,unemployment",-0.009570003675791732,0.009570003675791732,0.022068679546347964,0.0,0.2522980026779893,"Linked to gdp_growth, inflation, unemployment; strongest target link is gdp_growth with Pearson -0.04. weak negative Pearson correlation (-0.04); Spearman 0.06; same macro theme; PCA loading signal 0.25",0.012647188184486095,0.10169460119471474,0.5066666666666667,1.1016946011947146,-0.010543221383033326,0.010543221383033326,0.015099687240865864,0.0024524990563797693,Increased: contribution aligned with forward FX returns.
BOJ,JPY,reuters_tankan_index,Reuters Tankan Index,Sentiment,"gdp_growth,inflation,unemployment",0.0114742399258032,0.0114742399258032,0.18587585478312166,0.008121915573519467,0.2118315812685053,"Linked to gdp_growth, inflation, unemployment; strongest target link is unemployment with Pearson -0.27. weak negative Pearson correlation (-0.27); Spearman 0.04; PCA loading signal 0.21; model importance signal 0.02",0.015163721617230334,-0.14932188964979537,0.3684210526315789,0.8506781103502046,0.009760884737787138,0.009760884737787138,0.013979248028682025,-0.0011844735885483092,Reduced: contribution moved against forward FX returns.
BOJ,JPY,machinery_orders_mom,Machinery Orders (MoM),Growth,"gdp_growth,inflation,unemployment",0.010488598747056231,0.010488598747056231,0.2533532772772191,0.13112620540160339,0.0,"Linked to gdp_growth, inflation, unemployment; strongest target link is gdp_growth with Pearson 0.64. moderate positive Pearson correlation (0.64); Spearman 0.61; same macro theme; model importance signal 0.39",0.013861152684939895,-0.10234560010152548,0.4794520547945205,0.8976543998984745,0.009415136814064654,0.009415136814064654,0.013484078163351334,-0.00037707452158856035,Reduced: contribution moved against forward FX returns.
BOJ,JPY,household_spending_mom,Household Spending (MoM),Growth,"gdp_growth,inflation,unemployment",0.0118941388139867,0.0118941388139867,0.09919346783920559,0.006429672034412633,0.23782385471929426,"Linked to gdp_growth, inflation, unemployment; strongest target link is gdp_growth with Pearson 0.28. weak positive Pearson correlation (0.28); Spearman 0.44; same macro theme; PCA loading signal 0.24; model importance signal 0.02",0.015718636791479088,-0.2183531848883815,0.4189189189189189,0.7816468151116185,0.009297015722448187,0.009297015722448187,0.013314908658589863,-0.0024037281328892247,Reduced: contribution moved against forward FX returns.
BOJ,JPY,ppi_mom,PPI (MoM),Inflation,"gdp_growth,inflation,unemployment",-0.0087069264502904,0.0087069264502904,0.29099389129192393,0.008025522307392332,0.24238655601549883,"Linked to gdp_growth, inflation, unemployment; strongest target link is gdp_growth with Pearson 0.58. moderate positive Pearson correlation (0.58); Spearman 0.20; PCA loading signal 0.24",0.01150659300203373,0.046635376863623214,0.47761194029850745,1.0466353768636232,-0.009112977246623542,0.009112977246623542,0.013051334241978468,0.0015447412399447382,Mostly unchanged: validation signal was neutral.
BOJ,JPY,retail_sales_mom,Retail Sales (MoM),Growth,"gdp_growth,inflation,unemployment",0.008772714109717535,0.008772714109717535,0.21189781248130798,0.017592196052328833,0.2663012945619772,"Linked to gdp_growth, inflation, unemployment; strongest target link is gdp_growth with Pearson 0.48. moderate positive Pearson correlation (0.48); Spearman 0.02; same macro theme; PCA loading signal 0.27; model importance signal 0.03",0.011593534338440584,-0.05477562255693963,0.5135135135135135,0.9452243774430604,0.00829218323284371,0.00829218323284371,0.011875817533470855,0.00028228319503027094,Mostly unchanged: validation signal was neutral.
BOJ,JPY,balance_of_trade,Balance of Trade,Growth,"gdp_growth,inflation,unemployment",-0.008316933445071966,0.008316933445071966,0.2682532171544249,0.03508456311714537,0.2133737597787798,"Linked to gdp_growth, inflation, unemployment; strongest target link is gdp_growth with Pearson 0.18. weak positive Pearson correlation (0.18); Spearman 0.22; same macro theme; PCA loading signal 0.21; model importance signal 0.02",0.010991199790628013,-0.01641693266795684,0.5466666666666666,0.9835830673320431,-0.008180394908700341,0.008180394908700341,0.011715717629426182,0.000724517838798169,Mostly unchanged: validation signal was neutral.
BOJ,JPY,industrial_production_yoy,Industrial Production (YoY),Growth,"gdp_growth,inflation,unemployment",0.007293922798015399,0.007293922798015399,0.0412033140820987,0.0,0.0,"Linked to gdp_growth, inflation, unemployment; strongest target link is gdp_growth with Pearson 0.08. weak positive Pearson correlation (0.08); Spearman -0.12; same macro theme",0.009639245433412272,-0.06683329861969932,0.47297297297297297,0.9331667013803007,0.006806445877546603,0.006806445877546603,0.009747988801432687,0.00010874336802041418,Mostly unchanged: validation signal was neutral.
BOJ,JPY,unemployment_rate,Unemployment Rate,Labor,"gdp_growth,inflation",-0.0063187039590536995,0.0063187039590536995,0.4656425671563189,0.00964986391624905,0.2158379944502154,"Linked to gdp_growth, inflation; strongest target link is inflation with Pearson -0.65. moderate negative Pearson correlation (-0.65); Spearman -0.60; PCA loading signal 0.22; model importance signal 0.02",0.008350450089623204,0.07077853716223587,0.5135135135135135,1.0707785371622358,-0.006765932582036748,0.006765932582036748,0.009689966867806212,0.0013395167781830083,Mostly unchanged: validation signal was neutral.
BOJ,JPY,coincident_indicator_mom,Coincident Indicator (MoM),Growth,"inflation,unemployment",-0.006509908654065966,0.006509908654065966,0.15032936566715616,0.0,0.0,"Linked to inflation, unemployment; strongest target link is unemployment with Pearson 0.21. weak positive Pearson correlation (0.21); Spearman 0.05",0.008603135651875858,-0.02492834817540967,0.45454545454545453,0.9750716518245903,-0.0063476273845472974,0.0063476273845472974,0.009090882638816787,0.000487746986940929,Mostly unchanged: validation signal was neutral.
BOJ,JPY,industrial_production_mom,Industrial Production (MoM),Growth,"gdp_growth,inflation,unemployment",0.004561918277303231,0.004561918277303231,0.28689892026132974,0.010931492476344,0.2989540259049987,"Linked to gdp_growth, inflation, unemployment; strongest target link is gdp_growth with Pearson 0.72. strong positive Pearson correlation (0.72); Spearman 0.38; same macro theme; PCA loading signal 0.30; model importance signal 0.01",0.006028779182315978,-0.013074432792797387,0.52,0.9869255672072026,0.0045022737833803955,0.0045022737833803955,0.00644802224405487,0.00041924306173889234,Mostly unchanged: validation signal was neutral.
BOJ,JPY,gdp_qoq,GDP (QoQ),Growth,"inflation,unemployment",-0.0041309157407743,0.0041309157407743,0.17626085079017084,0.0,0.3495981542811818,"Linked to inflation, unemployment; strongest target link is unemployment with Pearson 0.28. weak positive Pearson correlation (0.28); Spearman 0.14; PCA loading signal 0.35",0.005459190039810109,0.0860735716749158,0.5416666666666666,1.0860735716749157,-0.004486478412870874,0.004486478412870874,0.006425400585466616,0.0009662105456565064,Mostly unchanged: validation signal was neutral.
BOJ,JPY,exports_yoy,Exports (YoY),Growth,"gdp_growth,inflation,unemployment",-0.0033683609219305674,0.0033683609219305674,0.06775438690865616,0.0,0.2528835815065719,"Linked to gdp_growth, inflation, unemployment; strongest target link is gdp_growth with Pearson 0.10. weak positive Pearson correlation (0.10); Spearman 0.02; same macro theme; PCA loading signal 0.25",0.004451439716860988,0.06341635595710966,0.49333333333333335,1.0634163559571097,-0.0035819700971477346,0.0035819700971477346,0.005129990750275204,0.0006785510334142162,Mostly unchanged: validation signal was neutral.
BOJ,JPY,manufacturing_pmi,S&P Global Manufacturing PMI,Growth,"gdp_growth,inflation,unemployment",-0.0029829952134650655,0.0029829952134650655,0.13486704557587645,0.0153354291664863,0.2500254898605776,"Linked to gdp_growth, inflation, unemployment; strongest target link is gdp_growth with Pearson 0.29. weak positive Pearson correlation (0.29); Spearman 0.07; same macro theme; PCA loading signal 0.25; model importance signal 0.05",0.003942161685219292,0.1711977779348347,0.5921052631578947,1.1711977779348346,-0.003493677365600532,0.003493677365600532,0.005003540533252357,0.0010613788480330648,Increased: contribution aligned with forward FX returns.
ECB,EUR,cpi_headline_yoy,Headline HICP (YoY),Inflation,"gdp_growth,inflation,unemployment",0.10992395433193791,0.10992395433193791,0.4136463432288657,0.1625066356542538,0.4592560903435156,"Linked to gdp_growth, inflation, unemployment; strongest target link is inflation with Pearson 0.81. strong positive Pearson correlation (0.81); Spearman 0.85; same macro theme; PCA loading signal 0.46; model importance signal 0.40",0.23964283204694473,-0.10173944645380746,0.4533333333333333,0.8982605535461925,0.09874035206619293,0.09874035206619293,0.22175557000428836,-0.017887262042656366,Reduced: contribution moved against forward FX returns.
ECB,EUR,core_cpi_yoy,Core HICP (YoY),Inflation,"gdp_growth,unemployment",0.06051486648109336,0.06051486648109336,0.3493524743449995,0.03901597698703605,0.3428500401250067,"Linked to gdp_growth, unemployment; strongest target link is unemployment with Pearson -0.68. moderate negative Pearson correlation (-0.68); Spearman -0.48; PCA loading signal 0.34; model importance signal 0.05",0.13192714975191228,0.016368130621674172,0.52,1.016368130621674,0.061505381720209064,0.061505381720209064,0.13813158142836035,0.0062044316764480745,Mostly unchanged: validation signal was neutral.
ECB,EUR,construction_output_yoy,Construction Output (YoY),Growth,"gdp_growth,inflation,unemployment",0.05679796354502602,0.05679796354502602,0.16357708697994244,0.041398228131553735,0.5252143092080225,"Linked to gdp_growth, inflation, unemployment; strongest target link is gdp_growth with Pearson 0.40. weak positive Pearson correlation (0.40); Spearman 0.28; same macro theme; PCA loading signal 0.53; model importance signal 0.07",0.12382401016367438,-0.08921386375368659,0.410958904109589,0.9107861362463134,0.05173079776383321,0.05173079776383321,0.1161793765653696,-0.007644633598304779,Mostly unchanged: validation signal was neutral.
ECB,EUR,consumer_inflation_expectation,Consumer Inflation Expectation,Inflation,"gdp_growth,inflation,unemployment",-0.04148610887757093,0.04148610887757093,0.1423450142136271,0.01969081737064327,0.5136478377762088,"Linked to gdp_growth, inflation, unemployment; strongest target link is unemployment with Pearson 0.34. weak positive Pearson correlation (0.34); Spearman 0.70; PCA loading signal 0.51; model importance signal 0.01",0.09044296743553769,0.21360518367885922,0.5866666666666667,1.2136051836788593,-0.05034775678448563,0.05034775678448563,0.1130732802805507,0.022630312845013018,Increased: contribution aligned with forward FX returns.
ECB,EUR,zew_economic_sentiment,ZEW Economic Sentiment Index,Sentiment,"gdp_growth,inflation,unemployment",-0.04123245824497167,0.04123245824497167,0.43755624936491283,0.028113978054511768,0.33561681325507947,"Linked to gdp_growth, inflation, unemployment; strongest target link is unemployment with Pearson 0.48. moderate positive Pearson correlation (0.48); Spearman 0.37; PCA loading signal 0.34; model importance signal 0.02",0.08988998918510983,-0.043006563996527344,0.49333333333333335,0.9569934360034726,-0.03945919189072515,0.03945919189072515,0.08861924640262961,-0.0012707427824802248,Mostly unchanged: validation signal was neutral.
ECB,EUR,economic_sentiment,Economic Sentiment,Sentiment,"gdp_growth,inflation,unemployment",0.03689332777798526,0.03689332777798526,0.10686208933263434,0.0566862908724148,0.4192522596323578,"Linked to gdp_growth, inflation, unemployment; strongest target link is gdp_growth with Pearson 0.27. weak positive Pearson correlation (0.27); Spearman 0.44; PCA loading signal 0.42; model importance signal 0.10",0.08043034483325374,-0.23756828097423807,0.40789473684210525,0.7624317190257619,0.028128643318350195,0.028128643318350195,0.06317258549297541,-0.01725775934027833,Reduced: contribution moved against forward FX returns.
ECB,EUR,consumer_confidence,Consumer Confidence,Sentiment,"gdp_growth,inflation,unemployment",-0.022944970130256665,0.022944970130256665,0.3604265864869358,0.03384463525945384,0.3070804442109299,"Linked to gdp_growth, inflation, unemployment; strongest target link is gdp_growth with Pearson 0.20. weak positive Pearson correlation (0.20); Spearman 0.40; PCA loading signal 0.31; model importance signal 0.04",0.05002183242647111,0.07691808431936407,0.5263157894736842,1.076918084319364,-0.024709853277441036,0.024709853277441036,0.05549451144946218,0.0054726790229910685,Mostly unchanged: validation signal was neutral.
ECB,EUR,cpi_headline_mom,Headline HICP (MoM),Inflation,"gdp_growth,inflation,unemployment",0.027083441477418268,0.027083441477418268,0.12249777576767236,0.019324960598966132,0.37748085942303683,"Linked to gdp_growth, inflation, unemployment; strongest target link is inflation with Pearson 0.20. weak positive Pearson correlation (0.20); Spearman 0.20; same macro theme; PCA loading signal 0.38; model importance signal 0.02",0.05904402417718027,-0.24077829889838676,0.36619718309859156,0.7592217011016132,0.020562336510171485,0.020562336510171485,0.046179829806321626,-0.012864194370858645,Reduced: contribution moved against forward FX returns.
ECB,EUR,composite_pmi,Composite PMI,Growth,inflation,-0.015315770178611667,0.015315770178611667,0.2728277562399206,0.0317046417267982,0.3867684281633559,Linked to inflation; strongest target link is inflation with Pearson -0.27. weak negative Pearson correlation (-0.27); Spearman -0.20; PCA loading signal 0.39; model importance signal 0.03,0.033389578849204904,0.27252570820079375,0.5789473684210527,1.2725257082007937,-0.01948971129317841,0.01948971129317841,0.043770879347690306,0.010381300498485402,Increased: contribution aligned with forward FX returns.
ECB,EUR,services_pmi,Services PMI,Growth,inflation,-0.0130597728891119,0.0130597728891119,0.1890884041036828,0.0,0.3756753064500868,Linked to inflation; strongest target link is inflation with Pearson -0.19. weak negative Pearson correlation (-0.19); Spearman -0.20; PCA loading signal 0.38,0.02847132801996889,0.296182554665338,0.5789473684210527,1.296182554665338,-0.016927849786758185,0.016927849786758185,0.03801733435073286,0.009546006330763968,Increased: contribution aligned with forward FX returns.
ECB,EUR,unemployment_rate,Unemployment Rate,Labor,"gdp_growth,inflation",-0.011892467213239031,0.011892467213239031,0.40043161027924074,0.02872355072774135,0.3711035434790552,"Linked to gdp_growth, inflation; strongest target link is inflation with Pearson -0.68. moderate negative Pearson correlation (-0.68); Spearman -0.48; PCA loading signal 0.37; model importance signal 0.03",0.025926510198132486,0.08586319199138642,0.5540540540540541,1.0858631919913864,-0.012913592408820642,0.012913592408820642,0.029001932700233334,0.0030754225021008483,Mostly unchanged: validation signal was neutral.
ECB,EUR,cpi_index,Consumer Price Index,Inflation,"inflation,unemployment",0.007594397617846464,0.007594397617846464,0.21371674172930444,0.03197762480733245,0.283220757098969,"Linked to inflation, unemployment; strongest target link is unemployment with Pearson -0.34. weak negative Pearson correlation (-0.34); Spearman -0.68; PCA loading signal 0.28; model importance signal 0.04",0.01655638176311968,0.17919957734372705,0.58,1.1791995773437272,0.008955310461144759,0.008955310461144759,0.020112243214863504,0.0035558614517438233,Increased: contribution aligned with forward FX returns.
ECB,EUR,manufacturing_pmi,Manufacturing PMI,Growth,"gdp_growth,inflation,unemployment",0.006899164172649672,0.006899164172649672,0.44299515489111396,0.03369517050009269,0.3022947039742371,"Linked to gdp_growth, inflation, unemployment; strongest target link is gdp_growth with Pearson 0.52. moderate positive Pearson correlation (0.52); Spearman 0.48; same macro theme; PCA loading signal 0.30; model importance signal 0.07",0.01504071838698596,-0.1155899947214669,0.45588235294117646,0.8844100052785331,0.006101689822350562,0.006101689822350562,0.013703452299194176,-0.0013372660877917844,Reduced: contribution moved against forward FX returns.
ECB,EUR,gdp_qoq,GDP (QoQ),Growth,"inflation,unemployment",-0.005087904979045732,0.005087904979045732,0.06913150750396564,0.0332603898170888,0.4122818182851361,"Linked to inflation, unemployment; strongest target link is unemployment with Pearson 0.12. weak positive Pearson correlation (0.12); Spearman -0.04; PCA loading signal 0.41; model importance signal 0.04",0.011092031448235609,-0.22870479849870318,0.4782608695652174,0.7712952015012968,-0.003924276696032529,0.003924276696032529,0.008813318945833407,-0.002278712502402202,Reduced: contribution moved against forward FX returns.
ECB,EUR,construction_output_mom,Construction Output (MoM),Growth,"inflation,unemployment",0.001972544395530299,0.001972544395530299,0.3155027745455966,0.00536249914858275,0.0,"Linked to inflation, unemployment; strongest target link is inflation with Pearson 0.38. weak positive Pearson correlation (0.38); Spearman 0.37; model importance signal 0.00",0.004300301314268376,-0.10274696819800751,0.38095238095238093,0.8972530318019925,0.0017698714392535896,0.0017698714392535896,0.003974857711494512,-0.0003254436027738646,Reduced: contribution moved against forward FX returns.
FED,USD,core_pce_price_index_yoy,Core PCE Price Index (YoY),Inflation,"gdp_growth,inflation,unemployment",0.033817757669601836,0.033817757669601836,0.5462040937343144,0.02453096974605633,0.1842462934205236,"Linked to gdp_growth, inflation, unemployment; strongest target link is inflation with Pearson 0.97. strong positive Pearson correlation (0.97); Spearman 0.97; same macro theme; PCA loading signal 0.18; model importance signal 0.02",0.037914689775703586,0.1786848963317767,0.6,1.1786848963317766,0.039860480192967784,0.039860480192967784,0.04100049644881389,0.003085806673110307,Increased: contribution aligned with forward FX returns.
FED,USD,pce_price_index_yoy,PCE Price Index (YoY),Inflation,"gdp_growth,inflation,unemployment",0.032066575079085,0.032066575079085,0.5174606156072952,0.0,0.1851021978209598,"Linked to gdp_growth, inflation, unemployment; strongest target link is inflation with Pearson 0.94. strong positive Pearson correlation (0.94); Spearman 0.93; same macro theme; PCA loading signal 0.19",0.03595135603522497,0.1733034923212599,0.5555555555555556,1.17330349232126,0.037623824527072317,0.037623824527072317,0.03869987206489227,0.002748516029667296,Increased: contribution aligned with forward FX returns.
FED,USD,challenger_job_cuts,Challenger Job Cuts,Labor,"gdp_growth,inflation,unemployment",-0.030776007381187433,0.030776007381187433,0.5390707363073101,0.015869684132465135,0.1754474771620116,"Linked to gdp_growth, inflation, unemployment; strongest target link is unemployment with Pearson 0.85. strong positive Pearson correlation (0.85); Spearman 0.26; same macro theme; PCA loading signal 0.18; model importance signal 0.05",0.03450443946617303,0.2224338754816088,0.6857142857142857,1.2224338754816089,-0.037621633974835554,0.037621633974835554,0.0386976188625031,0.004193179396330071,Increased: contribution aligned with forward FX returns.
FED,USD,avg_hourly_earnings_mom,Average Hourly Earnings (MoM),Labor,"gdp_growth,inflation,unemployment",-0.02781651608227803,0.02781651608227803,0.4418920825101191,0.01603246676028997,0.1916399285961332,"Linked to gdp_growth, inflation, unemployment; strongest target link is gdp_growth with Pearson -0.79. strong negative Pearson correlation (-0.79); Spearman -0.30; PCA loading signal 0.19; model importance signal 0.04",0.03118641360566762,0.21158665676151378,0.6486486486486487,1.2115866567615137,-0.03370211972288012,0.03370211972288012,0.034666005861595864,0.003479592255928244,Increased: contribution aligned with forward FX returns.
FED,USD,cpi_headline_yoy,Headline CPI (YoY),Inflation,"gdp_growth,inflation,unemployment",0.03129525270000247,0.03129525270000247,0.49234341890337424,0.013451958199775535,0.196814318781092,"Linked to gdp_growth, inflation, unemployment; strongest target link is inflation with Pearson 0.93. strong positive Pearson correlation (0.93); Spearman 0.94; same macro theme; PCA loading signal 0.20",0.03508658998521985,0.06254063195245332,0.4444444444444444,1.0625406319524533,0.03325247758097234,0.03325247758097234,0.034203503880855066,-0.0008830861043647859,Mostly unchanged: validation signal was neutral.
FED,USD,ism_manufacturing_employment,ISM Manufacturing Employment,Growth,"gdp_growth,inflation,unemployment",0.026272070477015665,0.026272070477015665,0.4269073047964583,0.0,0.172621957616524,"Linked to gdp_growth, inflation, unemployment; strongest target link is gdp_growth with Pearson 0.25. weak positive Pearson correlation (0.25); Spearman 0.31; same macro theme; PCA loading signal 0.17",0.029454862490686174,0.21304493052495255,0.6666666666666666,1.2130449305249527,0.03186920190653813,0.03186920190653813,0.03278066629578814,0.003325803805101963,Increased: contribution aligned with forward FX returns.
FED,USD,adp_employment_change,ADP Employment Change,Labor,"gdp_growth,inflation,unemployment",0.025220906694729532,0.025220906694729532,0.5164281468457946,0.0239117161205247,0.0,"Linked to gdp_growth, inflation, unemployment; strongest target link is unemployment with Pearson -0.74. strong negative Pearson correlation (-0.74); Spearman 0.04; same macro theme; model importance signal 0.05",0.02827635298990226,0.20044716774445015,0.6285714285714286,1.2004471677444501,0.030276366009635108,0.030276366009635108,0.03114227503159967,0.002865922041697413,Increased: contribution aligned with forward FX returns.
FED,USD,core_ppi_yoy,Core PPI (YoY),Inflation,"gdp_growth,inflation,unemployment",0.028048115910700264,0.028048115910700264,0.4313370388600848,0.0,0.173587180509985,"Linked to gdp_growth, inflation, unemployment; strongest target link is inflation with Pearson 0.79. strong positive Pearson correlation (0.79); Spearman 0.73; same macro theme; PCA loading signal 0.17",0.03144607114217626,0.07361861896779548,0.4444444444444444,1.0736186189677954,0.030112979468694668,0.030112979468694668,0.030974215608853575,-0.0004718555333226883,Mostly unchanged: validation signal was neutral.
FED,USD,government_payrolls,Government Payrolls,Labor,"gdp_growth,inflation,unemployment",0.027241404290732366,0.027241404290732366,0.5178169433534426,0.0045927743082387,0.0,"Linked to gdp_growth, inflation, unemployment; strongest target link is unemployment with Pearson -0.92. strong negative Pearson correlation (-0.92); Spearman -0.49; same macro theme; model importance signal 0.01",0.030541628538134795,0.09571190072943352,0.5945945945945946,1.0957119007294336,0.02984873087393731,0.02984873087393731,0.030702409461047443,0.00016078092291264834,Mostly unchanged: validation signal was neutral.
FED,USD,consumer_inflation_expectations,Consumer Inflation Expectations,Inflation,"gdp_growth,inflation,unemployment",0.030124337830483364,0.030124337830483364,0.43726664657084435,0.0233980433821301,0.2019174675314049,"Linked to gdp_growth, inflation, unemployment; strongest target link is inflation with Pearson 0.87. strong positive Pearson correlation (0.87); Spearman 0.89; same macro theme; PCA loading signal 0.20; model importance signal 0.07",0.033773821868974194,-0.009329899772940681,0.4594594594594595,0.9906701002270594,0.02984328077779875,0.02984328077779875,0.030696803491267525,-0.003077018377706669,Mostly unchanged: validation signal was neutral.
FED,USD,ppi_yoy,PPI (YoY),Inflation,"gdp_growth,inflation,unemployment",0.027019012488607698,0.027019012488607698,0.40731585970153744,0.016021166046589,0.1788593287047309,"Linked to gdp_growth, inflation, unemployment; strongest target link is inflation with Pearson 0.72. strong positive Pearson correlation (0.72); Spearman 0.66; same macro theme; PCA loading signal 0.18; model importance signal 0.05",0.03029229455601227,0.07771180711189189,0.4722222222222222,1.0777118071118919,0.029118708775476176,0.029118708775476176,0.029951508611117596,-0.0003407859448946726,Mostly unchanged: validation signal was neutral.
FED,USD,manufacturing_payrolls,Manufacturing Payrolls,Labor,"gdp_growth,inflation,unemployment",0.026163737578150402,0.026163737578150402,0.49496333344078525,0.0,0.0,"Linked to gdp_growth, inflation, unemployment; strongest target link is gdp_growth with Pearson 0.72. strong positive Pearson correlation (0.72); Spearman 0.52",0.0293334053469835,0.09456745706069783,0.5675675675675675,1.0945674570606978,0.028637975708119507,0.028637975708119507,0.029457026499372693,0.00012362115238919238,Mostly unchanged: validation signal was neutral.
FED,USD,private_nonfarm_payrolls,Private Nonfarm Payrolls,Labor,"gdp_growth,inflation,unemployment",0.025453238674873063,0.025453238674873063,0.4939643282541311,0.0,0.0,"Linked to gdp_growth, inflation, unemployment; strongest target link is gdp_growth with Pearson 0.72. strong positive Pearson correlation (0.72); Spearman 0.38",0.028536831376381293,0.09711913163982513,0.5945945945945946,1.0971191316398252,0.02792523511239795,0.02792523511239795,0.02872390140598853,0.0001870700296072378,Mostly unchanged: validation signal was neutral.
FED,USD,cpi_headline_mom,Headline CPI (MoM),Inflation,"gdp_growth,inflation,unemployment",0.025948123863970267,0.025948123863970267,0.42032977716892767,0.0060323091811817,0.17626656830446494,"Linked to gdp_growth, inflation, unemployment; strongest target link is inflation with Pearson 0.41. moderate positive Pearson correlation (0.41); Spearman 0.38; same macro theme; PCA loading signal 0.18; model importance signal 0.02",0.029091670600274514,0.06849051436960561,0.53125,1.0684905143696055,0.027725324214339826,0.027725324214339826,0.028518273023534737,-0.0005733975767397773,Mostly unchanged: validation signal was neutral.
FED,USD,core_cpi_mom,Core CPI (MoM),Inflation,"gdp_growth,inflation,unemployment",0.027099523595819533,0.027099523595819533,0.42770640950319755,0.031479919384247365,0.1772916426165493,"Linked to gdp_growth, inflation, unemployment; strongest target link is inflation with Pearson 0.52. moderate positive Pearson correlation (0.52); Spearman 0.58; same macro theme; PCA loading signal 0.18; model importance signal 0.02",0.030382559371416602,0.012170946478581163,0.4411764705882353,1.012170946478581,0.027429350447099297,0.027429350447099297,0.028213834358121262,-0.0021687250132953403,Mostly unchanged: validation signal was neutral.
FED,USD,nfp,Non-Farm Payrolls,Labor,"gdp_growth,inflation,unemployment",0.025077260845522198,0.025077260845522198,0.5035606146638286,0.0,0.0,"Linked to gdp_growth, inflation, unemployment; strongest target link is gdp_growth with Pearson 0.70. strong positive Pearson correlation (0.70); Spearman 0.34",0.028115304825104534,0.08132879549894757,0.5945945945945946,1.0813287954989477,0.02711676426450144,0.02711676426450144,0.02789230815955297,-0.00022299666555156486,Mostly unchanged: validation signal was neutral.
FED,USD,pce_price_index_mom,PCE Price Index (MoM),Inflation,"gdp_growth,inflation,unemployment",0.02454853933637683,0.02454853933637683,0.4065634012565463,0.0051876739798094335,0.1764733354493194,"Linked to gdp_growth, inflation, unemployment; strongest target link is inflation with Pearson 0.39. weak positive Pearson correlation (0.39); Spearman 0.32; same macro theme; PCA loading signal 0.18",0.027522530100273866,0.06284177149858355,0.6,1.0628417714985836,0.026091213035977414,0.026091213035977414,0.02683742599808332,-0.0006851041021905466,Mostly unchanged: validation signal was neutral.
FED,USD,core_pce_price_index_mom,Core PCE Price Index (MoM),Inflation,"gdp_growth,inflation,unemployment",0.022280953182085297,0.022280953182085297,0.4234563332765102,0.008804149174931468,0.0,"Linked to gdp_growth, inflation, unemployment; strongest target link is inflation with Pearson 0.34. weak positive Pearson correlation (0.34); Spearman 0.32; same macro theme; model importance signal 0.03",0.024980231866913307,0.1142330563385405,0.5476190476190477,1.1142330563385405,0.02482617456221083,0.02482617456221083,0.02553620721697013,0.000555975350056824,Increased: contribution aligned with forward FX returns.
FED,USD,sp_global_manufacturing_pmi,S&P Global Manufacturing PMI,Growth,"gdp_growth,inflation,unemployment",0.019908735462174965,0.019908735462174965,0.2371684938935151,0.0,0.2644540346036514,"Linked to gdp_growth, inflation, unemployment; strongest target link is gdp_growth with Pearson 0.22. weak positive Pearson correlation (0.22); Spearman 0.34; same macro theme; PCA loading signal 0.26",0.022320626229852567,0.23696606144731713,0.5517241379310345,1.2369660614473172,0.024626430093043102,0.024626430093043102,0.025330750023300236,0.0030101237934476686,Increased: contribution aligned with forward FX returns.
FED,USD,ppi_mom,PPI (MoM),Inflation,"gdp_growth,inflation,unemployment",0.02113507332179377,0.02113507332179377,0.32967057341114137,0.006174995870444867,0.0,"Linked to gdp_growth, inflation, unemployment; strongest target link is gdp_growth with Pearson 0.49. moderate positive Pearson correlation (0.49); Spearman 0.41",0.023695531685202786,0.15942601199221312,0.6,1.159426011992213,0.024504553774650367,0.024504553774650367,0.025205388022258978,0.0015098563370561924,Increased: contribution aligned with forward FX returns.
FED,USD,import_prices_yoy,Import Prices (YoY),Inflation,"gdp_growth,inflation,unemployment",0.0218393205698727,0.0218393205698727,0.29351685831019964,0.009910852844663467,0.1792315315874171,"Linked to gdp_growth, inflation, unemployment; strongest target link is inflation with Pearson 0.44. moderate positive Pearson correlation (0.44); Spearman 0.43; same macro theme; PCA loading signal 0.18; model importance signal 0.03",0.02448509662907566,0.09126190211089305,0.47368421052631576,1.0912619021108931,0.02383241850588884,0.02383241850588884,0.024514029574830103,2.8932945754442385e-05,Mostly unchanged: validation signal was neutral.
FED,USD,ny_empire_state_mfg,NY Empire State Manufacturing Index,Growth,"gdp_growth,inflation,unemployment",0.020027169553742532,0.020027169553742532,0.3513061557875168,0.004391243103664867,0.0,"Linked to gdp_growth, inflation, unemployment; strongest target link is gdp_growth with Pearson 0.25. weak positive Pearson correlation (0.25); Spearman 0.31; same macro theme; model importance signal 0.01",0.02245340829909922,0.15179153565714779,0.5384615384615384,1.1517915356571478,0.023067124375171184,0.023067124375171184,0.023726847906749674,0.0012734396076504555,Increased: contribution aligned with forward FX returns.
FED,USD,ism_services_employment,ISM Services Employment,Growth,"gdp_growth,inflation,unemployment",0.019906697146648066,0.019906697146648066,0.39824426041390887,0.0,0.0,"Linked to gdp_growth, inflation, unemployment; strongest target link is unemployment with Pearson -0.75. strong negative Pearson correlation (-0.75); Spearman -0.12",0.02231834097777813,0.14733365230998371,0.5384615384615384,1.1473336523099837,0.022839623542692457,0.022839623542692457,0.02349284051323634,0.0011744995354582115,Increased: contribution aligned with forward FX returns.
FED,USD,michigan_inflation_expectations,Michigan Inflation Expectations,Inflation,"gdp_growth,inflation,unemployment",0.024002624598264334,0.024002624598264334,0.3961281049485244,0.022970461554420566,0.0,"Linked to gdp_growth, inflation, unemployment; strongest target link is inflation with Pearson 0.59. moderate positive Pearson correlation (0.59); Spearman 0.67; same macro theme; model importance signal 0.07",0.026910479232154807,-0.10569565663527532,0.45652173913043476,0.8943043433647246,0.02146565143038077,0.02146565143038077,0.022079572573690972,-0.004830906658463835,Reduced: contribution moved against forward FX returns.
FED,USD,export_prices_yoy,Export Prices (YoY),Inflation,"gdp_growth,inflation,unemployment",0.019813301255063868,0.019813301255063868,0.2578231889117473,0.0,0.1689640082423053,"Linked to gdp_growth, inflation, unemployment; strongest target link is inflation with Pearson 0.43. moderate positive Pearson correlation (0.43); Spearman 0.40; same macro theme; PCA loading signal 0.17",0.022213630420374046,0.07788553443969043,0.5128205128205128,1.0778855344396905,0.021356470812329106,0.021356470812329106,0.021967269372097923,-0.0002463610482761232,Mostly unchanged: validation signal was neutral.
FED,USD,participation_rate,Labor Force Participation Rate,Labor,"gdp_growth,inflation,unemployment",0.018706038656598662,0.018706038656598662,0.4141679984434358,0.020175311976986365,0.2385193763975871,"Linked to gdp_growth, inflation, unemployment; strongest target link is unemployment with Pearson -0.83. strong negative Pearson correlation (-0.83); Spearman -0.68; same macro theme; PCA loading signal 0.24; model importance signal 0.06",0.02097222587985999,0.12914447127523554,0.5833333333333334,1.1291444712752354,0.02112182012855921,0.02112182012855921,0.02172590764037657,0.0007536817605165794,Increased: contribution aligned with forward FX returns.
FED,USD,import_prices_mom,Import Prices (MoM),Inflation,"gdp_growth,inflation,unemployment",0.020819871642542766,0.020819871642542766,0.2775532141566244,0.013727944841171999,0.0,"Linked to gdp_growth, inflation, unemployment; strongest target link is gdp_growth with Pearson 0.59. moderate positive Pearson correlation (0.59); Spearman 0.46; model importance signal 0.03",0.023342144154239283,0.010368038631314542,0.5555555555555556,1.0103680386313145,0.02103573287603166,0.02103573287603166,0.021637358278340367,-0.0017047858758989162,Mostly unchanged: validation signal was neutral.
FED,USD,core_ppi_mom,Core PPI (MoM),Inflation,"gdp_growth,inflation,unemployment",0.01742816331719223,0.01742816331719223,0.26850858575533904,0.010360040287201666,0.0,"Linked to gdp_growth, inflation, unemployment; strongest target link is inflation with Pearson 0.33. weak positive Pearson correlation (0.33); Spearman 0.35; same macro theme; model importance signal 0.03",0.019539539315038816,0.11526009016257743,0.53125,1.1152600901625775,0.019436934992499932,0.019436934992499932,0.019992834513730066,0.00045329519869125035,Increased: contribution aligned with forward FX returns.
FED,USD,export_prices_mom,Export Prices (MoM),Inflation,"gdp_growth,inflation,unemployment",0.018271160185365898,0.018271160185365898,0.26883681349911015,0.0028521907444208003,0.0,"Linked to gdp_growth, inflation, unemployment; strongest target link is gdp_growth with Pearson 0.41. moderate positive Pearson correlation (0.41); Spearman 0.31",0.0204846630293596,0.04185827750299079,0.5405405405405406,1.0418582775029908,0.01903595947870654,0.01903595947870654,0.019580391034630995,-0.0009042719947286067,Mostly unchanged: validation signal was neutral.
FED,USD,retail_sales_yoy,Retail Sales (YoY),Growth,"gdp_growth,inflation,unemployment",0.019505440957944334,0.019505440957944334,0.26852402403214914,0.0068557729070880995,0.0,"Linked to gdp_growth, inflation, unemployment; strongest target link is gdp_growth with Pearson 0.39. weak positive Pearson correlation (0.39); Spearman 0.18; same macro theme; model importance signal 0.02",0.021868473660615395,-0.08021484624569934,0.3902439024390244,0.9197851537543007,0.017940815010548262,0.017940815010548262,0.018453925255486087,-0.0034145484051293085,Mostly unchanged: validation signal was neutral.
FED,USD,umich_consumer_sentiment,UMich Consumer Sentiment,Sentiment,"gdp_growth,inflation,unemployment",-0.0198271141267779,0.0198271141267779,0.28144358418267884,0.0,0.2133722156058742,"Linked to gdp_growth, inflation, unemployment; strongest target link is unemployment with Pearson 0.37. weak positive Pearson correlation (0.37); Spearman 0.55; PCA loading signal 0.21",0.022229116685047942,-0.11513187673027989,0.4782608695652174,0.8848681232697201,-0.017544381267216518,0.017544381267216518,0.018046153442227028,-0.004182963242820914,Reduced: contribution moved against forward FX returns.
FED,USD,philly_fed_mfg,Philadelphia Fed Manufacturing Index,Growth,"gdp_growth,inflation,unemployment",0.0146137921232272,0.0146137921232272,0.21843878935058228,0.007106862735047467,0.1850312188519487,"Linked to gdp_growth, inflation, unemployment; strongest target link is gdp_growth with Pearson 0.24. weak positive Pearson correlation (0.24); Spearman 0.24; same macro theme; PCA loading signal 0.19; model importance signal 0.02",0.016384214477260566,0.17465736225897538,0.575,1.1746573622589753,0.017166198508071055,0.017166198508071055,0.01765715459428837,0.0012729401170278043,Increased: contribution aligned with forward FX returns.
FED,USD,unemployment_rate,Unemployment Rate,Labor,"gdp_growth,inflation",-0.014299382375197633,0.014299382375197633,0.2949721765089045,0.0,0.205409499146135,"Linked to gdp_growth, inflation; strongest target link is inflation with Pearson -0.59. moderate negative Pearson correlation (-0.59); Spearman -0.77; PCA loading signal 0.21",0.01603171481789629,0.1703070482878472,0.5277777777777778,1.1703070482878473,-0.01673466797985681,0.01673466797985681,0.01721328222235632,0.0011815674044600294,Increased: contribution aligned with forward FX returns.
FED,USD,ism_manufacturing_pmi,ISM Manufacturing PMI,Growth,"gdp_growth,inflation,unemployment",0.014648849314519633,0.014648849314519633,0.1202671804925326,0.0,0.0,"Linked to gdp_growth, inflation, unemployment; strongest target link is gdp_growth with Pearson 0.19. weak positive Pearson correlation (0.19); Spearman 0.20; same macro theme",0.01642351875477199,0.12800122967141117,0.5454545454545454,1.1280012296714113,0.016523920040049357,0.016523920040049357,0.01699650685698592,0.0005729881022139317,Increased: contribution aligned with forward FX returns.
FED,USD,ism_manufacturing_prices,ISM Manufacturing Prices Paid,Growth,"gdp_growth,inflation,unemployment",0.0156836534084417,0.0156836534084417,0.16641032089277163,0.0,0.0,"Linked to gdp_growth, inflation, unemployment; strongest target link is gdp_growth with Pearson 0.22. weak positive Pearson correlation (0.22); Spearman 0.26; same macro theme",0.017583686634115157,0.03163517973599791,0.48484848484848486,1.031635179735998,0.01617980860293485,0.01617980860293485,0.016642553776463356,-0.000941132857651801,Mostly unchanged: validation signal was neutral.
FED,USD,umich_inflation_exp_5y,UMich 5Y Inflation Expectations,Inflation,"gdp_growth,inflation,unemployment",0.01827438379691073,0.01827438379691073,0.18199993663051128,0.008015329157512933,0.1888945118496748,"Linked to gdp_growth, inflation, unemployment; strongest target link is unemployment with Pearson -0.36. weak negative Pearson correlation (-0.36); Spearman -0.35; PCA loading signal 0.19",0.020488277172936883,-0.1439430480207183,0.37777777777777777,0.8560569519792817,0.01564391329248297,0.01564391329248297,0.016091331772444584,-0.004396945400492298,Reduced: contribution moved against forward FX returns.
FED,USD,ism_manufacturing_new_orders,ISM Manufacturing New Orders,Growth,"gdp_growth,inflation,unemployment",0.013558967855126,0.013558967855126,0.17317547972060818,0.0,0.0,"Linked to gdp_growth, inflation, unemployment; strongest target link is gdp_growth with Pearson 0.21. weak positive Pearson correlation (0.21); Spearman 0.30; same macro theme",0.015201601032464079,0.08580697788418395,0.5454545454545454,1.085806977884184,0.014722421910003156,0.014722421910003156,0.015143485585643207,-5.811544682087118e-05,Mostly unchanged: validation signal was neutral.
FED,USD,nfib_business_optimism,NFIB Business Optimism Index,Sentiment,"gdp_growth,inflation,unemployment",-0.011690960072377798,0.011690960072377798,0.27314448982141254,0.0,0.2295353601122281,"Linked to gdp_growth, inflation, unemployment; strongest target link is inflation with Pearson -0.56. moderate negative Pearson correlation (-0.56); Spearman -0.54; PCA loading signal 0.23",0.01310728903598416,-0.08497102348993965,0.4444444444444444,0.9150289765100603,-0.010697567229447837,0.010697567229447837,0.011003519402641392,-0.0021037696333427672,Mostly unchanged: validation signal was neutral.
FED,USD,cpi_index,CPI Index,Inflation,"gdp_growth,inflation,unemployment",-0.0104178274162165,0.0104178274162165,0.37249870617165115,0.0077441848514574994,0.2700469627859365,"Linked to gdp_growth, inflation, unemployment; strongest target link is inflation with Pearson -0.30. weak negative Pearson correlation (-0.30); Spearman -0.49; same macro theme; PCA loading signal 0.27; model importance signal 0.02",0.011679919717968655,0.009739293873956625,0.42857142857142855,1.0097392938739567,-0.010519289698951195,0.010519289698951195,0.010820143105601187,-0.0008597766123674688,Mostly unchanged: validation signal was neutral.
FED,USD,avg_hourly_earnings_yoy,Average Hourly Earnings (YoY),Labor,"gdp_growth,inflation,unemployment",-0.010244987242924001,0.010244987242924001,0.20710273070084337,0.0083146834141965,0.194139370027787,"Linked to gdp_growth, inflation, unemployment; strongest target link is unemployment with Pearson 0.46. moderate positive Pearson correlation (0.46); Spearman -0.11; same macro theme; PCA loading signal 0.19; model importance signal 0.02",0.011486140413758476,0.016464981724538204,0.5277777777777778,1.0164649817245381,-0.01041367077064687,0.01041367077064687,0.010711503458665048,-0.0007746369550934284,Mostly unchanged: validation signal was neutral.
FED,USD,new_home_sales,New Home Sales,Housing,"gdp_growth,inflation,unemployment",0.0039460204762236314,0.0039460204762236314,0.2347824390159254,0.0,0.0,"Linked to gdp_growth, inflation, unemployment; strongest target link is gdp_growth with Pearson 0.43. moderate positive Pearson correlation (0.43); Spearman 0.46",0.004424070444477657,0.10172401767976584,0.46511627906976744,1.1017240176797658,0.004347425532911722,0.004347425532911722,0.004471762614517532,4.769217003987476e-05,Increased: contribution aligned with forward FX returns.
FED,USD,average_weekly_hours,Average Weekly Hours,Labor,"gdp_growth,inflation,unemployment",-0.0028897758712854993,0.0028897758712854993,0.20528979686241175,0.0311960568199913,0.24233102059822684,"Linked to gdp_growth, inflation, unemployment; strongest target link is gdp_growth with Pearson 0.41. moderate positive Pearson correlation (0.41); Spearman 0.22; PCA loading signal 0.24; model importance signal 0.06",0.0032398645927843163,0.09326144126878307,0.5675675675675675,1.093261441268783,-0.0031592805339853386,0.0031592805339853386,0.003249636474206974,9.771881422657516e-06,Mostly unchanged: validation signal was neutral.
FED,USD,sp_global_composite_pmi,S&P Global Composite PMI,Growth,"gdp_growth,inflation,unemployment",0.002175383290589799,0.002175383290589799,0.057106586967906166,0.0037953899780664665,0.2319053830410727,"Linked to gdp_growth, inflation, unemployment; strongest target link is gdp_growth with Pearson 0.04. weak positive Pearson correlation (0.04); Spearman 0.07; same macro theme; PCA loading signal 0.23; model importance signal 0.01",0.0024389252360188366,0.2887555062897398,0.5483870967741935,1.2887555062897398,0.0028035371940382968,0.0028035371940382968,0.0028837188165275487,0.00044479358050871203,Increased: contribution aligned with forward FX returns.
FED,USD,sp_global_services_pmi,S&P Global Services PMI,Growth,"gdp_growth,inflation,unemployment",0.0015886420190077666,0.0015886420190077666,0.06380673925847709,0.0,0.22032536411624828,"Linked to gdp_growth, inflation, unemployment; strongest target link is gdp_growth with Pearson 0.02. weak positive Pearson correlation (0.02); Spearman 0.11; same macro theme; PCA loading signal 0.22",0.00178110180763017,0.283852347710173,0.5161290322580645,1.283852347710173,0.0020395817857741506,0.0020395817857741506,0.0020979141585818514,0.00031681235095168143,Increased: contribution aligned with forward FX returns.
FED,USD,retail_sales_mom,Retail Sales (MoM),Growth,"inflation,unemployment",0.00045073978717183327,0.00045073978717183327,0.022899834730743703,0.0,0.0,"Linked to inflation, unemployment; strongest target link is unemployment with Pearson -0.00. weak negative Pearson correlation (-0.00); Spearman 0.12",0.0005053457230119163,0.22913848946208826,0.7105263157894737,1.2291384894620883,0.0005540216211448503,0.0005540216211448503,0.0005698667301635513,6.452100715163497e-05,Increased: contribution aligned with forward FX returns.
RBA,AUD,cpi_headline_qoq,Headline CPI (QoQ),Inflation,"gdp_growth,inflation,unemployment",0.040012333926846395,0.040012333926846395,0.5856037209021868,0.04649494062739493,0.2075938071214254,"Linked to gdp_growth, inflation, unemployment; strongest target link is gdp_growth with Pearson 0.82. strong positive Pearson correlation (0.82); Spearman 0.58; PCA loading signal 0.21; model importance signal 0.10",0.05455720055184547,-0.06043231564840876,0.6,0.9395676843515912,0.037594295933149675,0.037594295933149675,0.05817985827842056,0.003622657726575086,Mostly unchanged: validation signal was neutral.
RBA,AUD,rba_trimmed_mean_cpi_qoq,RBA Trimmed Mean CPI (QoQ),Inflation,"gdp_growth,inflation,unemployment",0.043711436451564,0.043711436451564,0.692920027277466,0.0,0.2827402185054314,"Linked to gdp_growth, inflation, unemployment; strongest target link is inflation with Pearson 0.91. strong positive Pearson correlation (0.91); Spearman 0.89; same macro theme; PCA loading signal 0.28",0.05960096227471387,-0.2041397034033431,0.4166666666666667,0.7958602965966569,0.034788196779007644,0.034788196779007644,0.05383721940061085,-0.005763742874103021,Reduced: contribution moved against forward FX returns.
RBA,AUD,rba_weighted_median_cpi_yoy,RBA Weighted Median CPI (YoY),Inflation,"gdp_growth,inflation,unemployment",0.04169868354215163,0.04169868354215163,0.65902313075964,0.008531246811072134,0.2612950537863377,"Linked to gdp_growth, inflation, unemployment; strongest target link is inflation with Pearson 0.87. strong positive Pearson correlation (0.87); Spearman 0.88; same macro theme; PCA loading signal 0.26",0.05685655440435858,-0.18597415309544357,0.391304347826087,0.8140258469045565,0.033943806185205073,0.033943806185205073,0.05253046464275019,-0.004326089761608386,Reduced: contribution moved against forward FX returns.
RBA,AUD,producer_price_index_yoy,Producer Price Index (YoY),Inflation,"gdp_growth,inflation,unemployment",0.04505539285958127,0.04505539285958127,0.7152894238466954,0.0541844523281902,0.2956188215830626,"Linked to gdp_growth, inflation, unemployment; strongest target link is inflation with Pearson 0.87. strong positive Pearson correlation (0.87); Spearman 0.88; same macro theme; PCA loading signal 0.30; model importance signal 0.03",0.06143345970960956,-0.2491765909832963,0.4166666666666667,0.7508234090167036,0.033828643661417655,0.033828643661417655,0.0523522424112486,-0.009081217298360963,Reduced: contribution moved against forward FX returns.
RBA,AUD,producer_price_index_qoq,Producer Price Index (QoQ),Inflation,"gdp_growth,inflation,unemployment",0.040867116950000996,0.040867116950000996,0.6453622961961266,0.0220080476472785,0.2564639821788557,"Linked to gdp_growth, inflation, unemployment; strongest target link is inflation with Pearson 0.65. moderate positive Pearson correlation (0.65); Spearman 0.65; same macro theme; PCA loading signal 0.26; model importance signal 0.03",0.05572270539112376,-0.1767061164901606,0.5,0.8232938835098393,0.0336456474216171,0.0336456474216171,0.052069042658924154,-0.0036536627321996085,Reduced: contribution moved against forward FX returns.
RBA,AUD,rba_weighted_median_cpi_qoq,RBA Weighted Median CPI (QoQ),Inflation,"gdp_growth,inflation,unemployment",0.04397516606334834,0.04397516606334834,0.692873555985989,0.026246058765858834,0.2903748810399528,"Linked to gdp_growth, inflation, unemployment; strongest target link is inflation with Pearson 0.92. strong positive Pearson correlation (0.92); Spearman 0.90; same macro theme; PCA loading signal 0.29; model importance signal 0.01",0.059960560126413404,-0.2554390780045036,0.34782608695652173,0.7445609219954964,0.032742190189031704,0.032742190189031704,0.05067087805847784,-0.00928968206793556,Reduced: contribution moved against forward FX returns.
RBA,AUD,rba_trimmed_mean_cpi_yoy,RBA Trimmed Mean CPI (YoY),Inflation,"inflation,unemployment",0.035904596074869,0.035904596074869,0.877483839351947,0.0117807476223452,0.2722453031235465,"Linked to inflation, unemployment; strongest target link is inflation with Pearson 0.93. strong positive Pearson correlation (0.93); Spearman 0.90; same macro theme; PCA loading signal 0.27; model importance signal 0.02",0.04895626064630368,-0.18205863378843146,0.375,0.8179413662115685,0.02936785436675287,0.02936785436675287,0.04544885234816598,-0.0035074082981376986,Reduced: contribution moved against forward FX returns.
RBA,AUD,commodity_prices_yoy,Commodity Prices (YoY),Inflation,"gdp_growth,inflation,unemployment",0.024315060853228265,0.024315060853228265,0.21618226104019356,0.008077340808681534,0.2512596353643246,"Linked to gdp_growth, inflation, unemployment; strongest target link is inflation with Pearson 0.51. moderate positive Pearson correlation (0.51); Spearman 0.34; same macro theme; PCA loading signal 0.25; model importance signal 0.02",0.03315381836573749,-0.001288021068456385,0.4807692307692308,0.9987119789315436,0.024283742542568508,0.024283742542568508,0.03758082614736497,0.004427007781627482,Mostly unchanged: validation signal was neutral.
RBA,AUD,manufacturing_pmi,Manufacturing PMI,Growth,"gdp_growth,inflation,unemployment",0.024372862696270235,0.024372862696270235,0.1675272109548801,0.011532459841791467,0.3076420442377799,"Linked to gdp_growth, inflation, unemployment; strongest target link is gdp_growth with Pearson 0.04. weak positive Pearson correlation (0.04); Spearman 0.20; same macro theme; PCA loading signal 0.31; model importance signal 0.02",0.03323263173235771,-0.016847241088575493,0.603448275862069,0.9831527589114245,0.023962247202407423,0.023962247202407423,0.037083289144384385,0.003850657412026677,Mostly unchanged: validation signal was neutral.
RBA,AUD,consumer_inflation_expectation,Consumer Inflation Expectation,Inflation,"gdp_growth,inflation,unemployment",0.025708192887454566,0.025708192887454566,0.5252616947094345,0.013644406586261001,0.2264625412710353,"Linked to gdp_growth, inflation, unemployment; strongest target link is inflation with Pearson 0.72. strong positive Pearson correlation (0.72); Spearman 0.68; same macro theme; PCA loading signal 0.23; model importance signal 0.01",0.035053367237978826,-0.07601531530645904,0.5,0.923984684693541,0.023753976499155442,0.023753976499155442,0.03676097535453993,0.0017076081165611073,Mostly unchanged: validation signal was neutral.
RBA,AUD,services_pmi,Services PMI,Growth,"gdp_growth,inflation,unemployment",0.025301492092555566,0.025301492092555566,0.24874407628830056,0.0095080796756483,0.2662468412842586,"Linked to gdp_growth, inflation, unemployment; strongest target link is gdp_growth with Pearson 0.11. weak positive Pearson correlation (0.11); Spearman 0.19; same macro theme; PCA loading signal 0.27; model importance signal 0.03",0.034498826808708534,-0.06229746492473859,0.559322033898305,0.9377025350752615,0.023725273276376035,0.023725273276376035,0.03671655506704714,0.0022177282583386027,Mostly unchanged: validation signal was neutral.
RBA,AUD,nab_business_confidence,NAB Business Confidence,Sentiment,"gdp_growth,inflation,unemployment",0.02219790560613133,0.02219790560613133,0.23712159119033763,0.0033822962747889662,0.1734472765812273,"Linked to gdp_growth, inflation, unemployment; strongest target link is inflation with Pearson 0.48. moderate positive Pearson correlation (0.48); Spearman 0.37; PCA loading signal 0.17; model importance signal 0.01",0.030267056907972083,0.04855160424172813,0.5352112676056338,1.0485516042417282,0.02327564953411546,0.02327564953411546,0.03602073020973768,0.005753673301765596,Mostly unchanged: validation signal was neutral.
RBA,AUD,composite_pmi,Composite PMI,Growth,"gdp_growth,inflation,unemployment",0.0245718271219057,0.0245718271219057,0.25066072827108327,0.0,0.269472194319627,"Linked to gdp_growth, inflation, unemployment; strongest target link is gdp_growth with Pearson 0.11. weak positive Pearson correlation (0.11); Spearman 0.19; same macro theme; PCA loading signal 0.27",0.03350392163241509,-0.0844405627218545,0.5178571428571429,0.9155594372781455,0.022496968212627855,0.022496968212627855,0.034815665244330135,0.0013117436119150436,Mostly unchanged: validation signal was neutral.
RBA,AUD,employment_change,Employment Change,Labor,"gdp_growth,inflation,unemployment",0.024831092249844863,0.024831092249844863,0.19449536374998155,0.017722120072629164,0.2340182163305727,"Linked to gdp_growth, inflation, unemployment; strongest target link is gdp_growth with Pearson 0.38. weak positive Pearson correlation (0.38); Spearman 0.09; PCA loading signal 0.23; model importance signal 0.04",0.03385743211763041,-0.11667833645476049,0.52,0.8833216635452396,0.021933841713778268,0.021933841713778268,0.03394418676381408,8.675464618367046e-05,Reduced: contribution moved against forward FX returns.
RBA,AUD,import_price_index_qoq,Import Price Index (QoQ),Inflation,"gdp_growth,inflation,unemployment",0.021639421721771863,0.021639421721771863,0.2511128183386631,0.006876138834433834,0.1934199016566502,"Linked to gdp_growth, inflation, unemployment; strongest target link is inflation with Pearson 0.28. weak positive Pearson correlation (0.28); Spearman 0.42; same macro theme; PCA loading signal 0.19; model importance signal 0.02",0.02950555878242711,-0.08441356036644479,0.5416666666666666,0.9155864396335552,0.01981276108996612,0.01981276108996612,0.030661662991858556,0.001156104209431446,Mostly unchanged: validation signal was neutral.
RBA,AUD,balance_of_trade,Balance of Trade,Trade,"gdp_growth,inflation,unemployment",0.02493560812989243,0.02493560812989243,0.23284465003274937,0.011552641759874234,0.2868467633675802,"Linked to gdp_growth, inflation, unemployment; strongest target link is inflation with Pearson 0.43. moderate positive Pearson correlation (0.43); Spearman 0.41; PCA loading signal 0.29; model importance signal 0.03",0.033999940521140005,-0.21085857864207022,0.3918918918918919,0.7891414213579298,0.019677721242047662,0.019677721242047662,0.030452679181447374,-0.003547261339692631,Reduced: contribution moved against forward FX returns.
RBA,AUD,building_permits,Building Permits,Housing,"gdp_growth,inflation,unemployment",-0.018767508801000497,0.018767508801000497,0.23195874953371776,0.0,0.0,"Linked to gdp_growth, inflation, unemployment; strongest target link is inflation with Pearson -0.46. moderate negative Pearson correlation (-0.46); Spearman -0.42",0.02558967800745356,0.043251516281277866,0.5285714285714286,1.0432515162812779,-0.019579232013465998,0.019579232013465998,0.030300260065233002,0.004710582057779442,Mostly unchanged: validation signal was neutral.
RBA,AUD,private_sector_credit_yoy,Private Sector Credit (YoY),Growth,"gdp_growth,inflation,unemployment",0.017751739842744967,0.017751739842744967,0.4908836562516668,0.07732004830584624,0.2598411121956425,"Linked to gdp_growth, inflation, unemployment; strongest target link is unemployment with Pearson -0.78. strong negative Pearson correlation (-0.78); Spearman -0.67; PCA loading signal 0.26; model importance signal 0.01",0.024204667303723938,-0.05303276212334273,0.5,0.9469672378766573,0.016810316046389207,0.016810316046389207,0.026015164825363542,0.0018104975216396042,Mostly unchanged: validation signal was neutral.
RBA,AUD,ai_group_services_index,Ai Group Services Index,Growth,"gdp_growth,unemployment",0.01709614435251313,0.01709614435251313,0.22677082993945605,0.0198448042277598,0.2538551812410303,"Linked to gdp_growth, unemployment; strongest target link is gdp_growth with Pearson 0.04. weak positive Pearson correlation (0.04); Spearman -0.02; same macro theme; PCA loading signal 0.25; model importance signal 0.04",0.02331075657342621,-0.06626895560715737,0.5151515151515151,0.9337310443928426,0.015963200721362883,0.015963200721362883,0.024704193351309377,0.0013934367778831655,Mostly unchanged: validation signal was neutral.
RBA,AUD,leading_index_mom,Leading Index (MoM),Growth,"gdp_growth,inflation,unemployment",0.014746479339178664,0.014746479339178664,0.2681220904202946,0.0311392357479645,0.2402822581941646,"Linked to gdp_growth, inflation, unemployment; strongest target link is gdp_growth with Pearson 0.44. moderate positive Pearson correlation (0.44); Spearman 0.23; same macro theme; PCA loading signal 0.24; model importance signal 0.09",0.020106965822391493,0.06450516747272383,0.5409836065573771,1.0645051674727237,0.015697703458585444,0.015697703458585444,0.024293317372965025,0.0041863515505735326,Mostly unchanged: validation signal was neutral.
RBA,AUD,imports_mom,Imports (MoM),Trade,"gdp_growth,inflation,unemployment",0.014943447116562765,0.014943447116562765,0.1715294907498743,0.0,0.0,"Linked to gdp_growth, inflation, unemployment; strongest target link is gdp_growth with Pearson 0.12. weak positive Pearson correlation (0.12); Spearman 0.05",0.020375533273434023,0.04829658710497833,0.527027027027027,1.0482965871049783,0.015665164611876475,0.015665164611876475,0.024242961183466562,0.0038674279100325386,Mostly unchanged: validation signal was neutral.
RBA,AUD,consumer_price_index,Consumer Price Index,Inflation,"inflation,unemployment",0.012516045768855733,0.012516045768855733,0.20635569470208148,0.0,0.0,"Linked to inflation, unemployment; strongest target link is inflation with Pearson 0.05. weak positive Pearson correlation (0.05); Spearman -0.49; same macro theme",0.017065748285915044,-0.20279145526602885,0.4444444444444444,0.7972085447339712,0.009977898633213257,0.009977898633213257,0.015441510845928954,-0.0016242374399860898,Reduced: contribution moved against forward FX returns.
RBA,AUD,full_time_employment_change,Full-Time Employment Change,Labor,"gdp_growth,inflation,unemployment",0.011030983280093434,0.011030983280093434,0.12644679390105593,0.003497324317176,0.0,"Linked to gdp_growth, inflation, unemployment; strongest target link is unemployment with Pearson -0.10. weak negative Pearson correlation (-0.10); Spearman -0.09; same macro theme; model importance signal 0.01",0.015040851358393744,-0.1502639206954759,0.52,0.8497360793045241,0.009373424483300353,0.009373424483300353,0.014506043921972252,-0.0005348074364214927,Reduced: contribution moved against forward FX returns.
RBA,AUD,westpac_consumer_confidence_index,Westpac Consumer Confidence Index,Sentiment,"gdp_growth,inflation,unemployment",-0.009382024455445264,0.009382024455445264,0.2591634019728052,0.014959099672231866,0.22060729150744188,"Linked to gdp_growth, inflation, unemployment; strongest target link is unemployment with Pearson 0.44. moderate positive Pearson correlation (0.44); Spearman 0.63; PCA loading signal 0.22; model importance signal 0.04",0.012792480207074701,-0.032310736508256443,0.49333333333333335,0.9676892634917436,-0.009078884335351353,0.009078884335351353,0.014050222004321508,0.0012577417972468065,Mostly unchanged: validation signal was neutral.
RBA,AUD,private_house_approvals_mom,Private House Approvals (MoM),Housing,"gdp_growth,inflation,unemployment",-0.008853668835055199,0.008853668835055199,0.13004659440937075,0.0,0.0,"Linked to gdp_growth, inflation, unemployment; strongest target link is inflation with Pearson -0.31. weak negative Pearson correlation (-0.31); Spearman -0.43",0.012072062258023875,-0.025665924454165715,0.5384615384615384,0.9743340755458343,-0.008626431239592471,0.008626431239592471,0.013350018520375614,0.0012779562623517395,Mostly unchanged: validation signal was neutral.
RBA,AUD,westpac_consumer_confidence_change,Westpac Consumer Confidence Change,Sentiment,"gdp_growth,inflation,unemployment",0.0095391644248565,0.0095391644248565,0.29974223969169617,0.008255772090352966,0.0,"Linked to gdp_growth, inflation, unemployment; strongest target link is gdp_growth with Pearson 0.43. moderate positive Pearson correlation (0.43); Spearman 0.09; model importance signal 0.02",0.01300674206047105,-0.11495973876415157,0.4533333333333333,0.8850402612358484,0.008442544574546709,0.008442544574546709,0.013065440771382043,5.869871091099266e-05,Reduced: contribution moved against forward FX returns.
RBA,AUD,td_mi_inflation_gauge_mom,TD-MI Inflation Gauge (MoM),Inflation,"gdp_growth,inflation,unemployment",0.008251616285728201,0.008251616285728201,0.21855972024943005,0.003998452273250867,0.0,"Linked to gdp_growth, inflation, unemployment; strongest target link is inflation with Pearson 0.30. weak positive Pearson correlation (0.30); Spearman 0.20; same macro theme; model importance signal 0.01",0.011251157840490147,-0.007044324046411171,0.4383561643835616,0.9929556759535888,0.008193489226704887,0.008193489226704887,0.012680009830829623,0.0014288519903394754,Mostly unchanged: validation signal was neutral.
RBA,AUD,current_account,Current Account,Trade,"gdp_growth,inflation,unemployment",-0.009533380768886867,0.009533380768886867,0.21025579557883453,0.0,0.23628285434058807,"Linked to gdp_growth, inflation, unemployment; strongest target link is unemployment with Pearson 0.40. weak positive Pearson correlation (0.40); Spearman 0.27; PCA loading signal 0.24",0.012998855990159952,-0.14061057024201035,0.5416666666666666,0.8593894297579896,-0.00819288666263947,0.00819288666263947,0.012679077319897857,-0.00031977867026209555,Reduced: contribution moved against forward FX returns.
RBA,AUD,monthly_cpi_indicator,Monthly CPI Indicator,Inflation,"gdp_growth,unemployment",0.008863656761550966,0.008863656761550966,0.48182930097541893,0.007752285520689,0.2526964058736206,"Linked to gdp_growth, unemployment; strongest target link is unemployment with Pearson -0.82. strong negative Pearson correlation (-0.82); Spearman -0.75; PCA loading signal 0.25; model importance signal 0.02",0.012085680891466324,-0.0774916133061421,0.42105263157894735,0.9225083866938579,0.008176797699306487,0.008176797699306487,0.012654178499921974,0.0005684976084556499,Mostly unchanged: validation signal was neutral.
RBA,AUD,part_time_employment_change,Part-Time Employment Change,Labor,"gdp_growth,inflation,unemployment",0.008605022015843698,0.008605022015843698,0.21568664474868268,0.0170513287733304,0.2046614993990505,"Linked to gdp_growth, inflation, unemployment; strongest target link is gdp_growth with Pearson 0.35. weak positive Pearson correlation (0.35); Spearman 0.14; PCA loading signal 0.20; model importance signal 0.04",0.011733029938462067,-0.07375327322787316,0.5333333333333333,0.9262467267721268,0.007970373475977314,0.007970373475977314,0.01233472226965023,0.0006016923311881629,Mostly unchanged: validation signal was neutral.
RBA,AUD,cpi_headline_yoy,Headline CPI (YoY),Inflation,gdp_growth,0.008630947648707133,0.008630947648707133,0.3740647970172684,0.0,0.271121537222668,Linked to gdp_growth; strongest target link is gdp_growth with Pearson 0.37. weak positive Pearson correlation (0.37); Spearman 0.16; PCA loading signal 0.27,0.01176837978718996,-0.12026514789581591,0.4642857142857143,0.8797348521041841,0.007592945453254325,0.007592945453254325,0.01175062544519114,-1.7754341998819922e-05,Reduced: contribution moved against forward FX returns.
RBA,AUD,ai_group_construction_index,Ai Group Construction Index,Growth,"gdp_growth,inflation,unemployment",0.006693574536065167,0.006693574536065167,0.18520841875053637,0.0,0.2948634732094977,"Linked to gdp_growth, inflation, unemployment; strongest target link is gdp_growth with Pearson 0.09. weak positive Pearson correlation (0.09); Spearman 0.21; same macro theme; PCA loading signal 0.29",0.009126752991727206,-0.04236755660813299,0.4492753623188406,0.957632443391867,0.0064099841379976685,0.0064099841379976685,0.009919908312122062,0.0007931553203948567,Mostly unchanged: validation signal was neutral.
RBA,AUD,exports_mom,Exports (MoM),Trade,"gdp_growth,inflation,unemployment",0.0084079017543967,0.0084079017543967,0.10279416949862653,0.0,0.0,"Linked to gdp_growth, inflation, unemployment; strongest target link is gdp_growth with Pearson 0.24. weak positive Pearson correlation (0.24); Spearman 0.13",0.01146425457393927,-0.28537749278301644,0.410958904109589,0.7146225072169836,0.006008475832161045,0.006008475832161045,0.009298545529514781,-0.0021657090444244884,Reduced: contribution moved against forward FX returns.
RBA,AUD,thomson_reuters_ipsos_pcsi,Thomson Reuters IPSOS PCSI,Sentiment,unemployment,-0.007385952460065666,0.007385952460065666,0.4659649555050937,0.0,0.0,Linked to unemployment; strongest target link is unemployment with Pearson 0.47. moderate positive Pearson correlation (0.47); Spearman 0.46,0.01007081692277475,-0.26118992626339416,0.38095238095238093,0.7388100737366059,-0.00545681608163618,0.00545681608163618,0.008444812661089268,-0.0016260042616854826,Reduced: contribution moved against forward FX returns.
RBA,AUD,ai_group_industry_index,Ai Group Industry Index,Growth,"gdp_growth,unemployment",-0.004548035995757867,0.004548035995757867,0.2974127323588339,0.00310816552777565,0.0,"Linked to gdp_growth, unemployment; strongest target link is gdp_growth with Pearson -0.24. weak negative Pearson correlation (-0.24); Spearman -0.26; same macro theme; model importance signal 0.01",0.0062012906418111215,0.17049056529798878,0.5833333333333334,1.170490565297989,-0.005323433223670228,0.005323433223670228,0.008238393160986672,0.0020371025191755505,Increased: contribution aligned with forward FX returns.
RBA,AUD,export_price_index_qoq,Export Price Index (QoQ),Inflation,"gdp_growth,inflation,unemployment",0.007156717840500199,0.007156717840500199,0.12183929126000588,0.012395146745600065,0.23613621281616828,"Linked to gdp_growth, inflation, unemployment; strongest target link is inflation with Pearson 0.02. weak positive Pearson correlation (0.02); Spearman 0.06; same macro theme; PCA loading signal 0.24; model importance signal 0.04",0.00975825332336252,-0.2701295060231139,0.375,0.7298704939768861,0.005223477185499073,0.005223477185499073,0.008083704052159866,-0.001674549271202655,Reduced: contribution moved against forward FX returns.
RBA,AUD,private_sector_credit_mom,Private Sector Credit (MoM),Growth,"gdp_growth,inflation,unemployment",0.0055313871540476015,0.0055313871540476015,0.35534561220505684,0.01459507440402403,0.1629897447250588,"Linked to gdp_growth, inflation, unemployment; strongest target link is gdp_growth with Pearson -0.14. weak negative Pearson correlation (-0.14); Spearman 0.04; same macro theme; PCA loading signal 0.16; model importance signal 0.02",0.007542099364786082,-0.30777730926285457,0.4444444444444444,0.6922226907371454,0.0038289516992837114,0.0038289516992837114,0.005925576252721173,-0.0016165231120649085,Reduced: contribution moved against forward FX returns.
RBA,AUD,housing_credit_mom,Housing Credit (MoM),Growth,"gdp_growth,unemployment",-0.0031767245198562333,0.0031767245198562333,0.47032994246240123,0.0202980713664351,0.261330281806111,"Linked to gdp_growth, unemployment; strongest target link is unemployment with Pearson 0.76. strong positive Pearson correlation (0.76); Spearman 0.78; PCA loading signal 0.26; model importance signal 0.02",0.0043314943098452085,-0.08496008144719895,0.5121951219512195,0.9150399185528011,-0.002906829745913934,0.002906829745913934,0.00449852666365924,0.00016703235381403114,Mostly unchanged: validation signal was neutral.
RBA,AUD,retail_sales_mom,Retail Sales (MoM),Growth,"inflation,unemployment",0.0014479250698009004,0.0014479250698009004,0.24468211486117317,0.0,0.0,"Linked to inflation, unemployment; strongest target link is inflation with Pearson 0.37. weak positive Pearson correlation (0.37); Spearman 0.16",0.0019742597010610975,-0.06456856112123802,0.515625,0.935431438878762,0.0013544346314324882,0.0013544346314324882,0.002096084338013694,0.00012182463695259655,Mostly unchanged: validation signal was neutral.
RBA,AUD,ai_group_manufacturing_index,Ai Group Manufacturing Index,Growth,"gdp_growth,inflation,unemployment",-0.0009502020345270677,0.0009502020345270677,0.19061862847456965,0.0,0.2863480543502006,"Linked to gdp_growth, inflation, unemployment; strongest target link is gdp_growth with Pearson 0.08. weak positive Pearson correlation (0.08); Spearman 0.18; same macro theme; PCA loading signal 0.29",0.0012956095752185647,0.09030407361788753,0.5362318840579711,1.0903040736178875,-0.0010360091490048664,0.0010360091490048664,0.0016032981591524208,0.0003076885839338561,Mostly unchanged: validation signal was neutral.
RBA,AUD,corelogic_dwelling_prices_mom,CoreLogic Dwelling Prices (MoM),Housing,"gdp_growth,unemployment",0.0004930818216867337,0.0004930818216867337,0.1458179057307634,0.0,0.2577319727534901,"Linked to gdp_growth, unemployment; strongest target link is gdp_growth with Pearson 0.15. weak positive Pearson correlation (0.15); Spearman 0.00; PCA loading signal 0.26",0.0006723217866624626,-0.08492249284287898,0.5483870967741935,0.915077507157121,0.0004512080842135883,0.0004512080842135883,0.0006982767396496597,2.5954952987197093e-05,Mostly unchanged: validation signal was neutral.
RBNZ,NZD,labour_cost_index_qoq,Labour Cost Index (QoQ),Labor,"gdp_growth,inflation,unemployment",0.057878433168642426,0.057878433168642426,0.6054194982913388,0.025852880007813633,0.3532126742276502,"Linked to gdp_growth, inflation, unemployment; strongest target link is unemployment with Pearson -0.64. moderate negative Pearson correlation (-0.64); Spearman -0.66; same macro theme; PCA loading signal 0.35; model importance signal 0.01",0.15484153889959706,-0.11673365524440989,0.375,0.8832663447555901,0.0511220721050475,0.0511220721050475,0.14674864980962615,-0.008092889089970912,Reduced: contribution moved against forward FX returns.
RBNZ,NZD,cpi_headline_qoq,Headline CPI (QoQ),Inflation,"gdp_growth,inflation,unemployment",0.04712365618827549,0.04712365618827549,0.6309591173873219,0.15974511949179285,0.3694991761884383,"Linked to gdp_growth, inflation, unemployment; strongest target link is inflation with Pearson 0.75. strong positive Pearson correlation (0.75); Spearman 0.72; same macro theme; PCA loading signal 0.37; model importance signal 0.05",0.1260694017322039,0.023982239632774034,0.52,1.023982239632774,0.04825378700335517,0.04825378700335517,0.13851508359037157,0.012445681858167662,Mostly unchanged: validation signal was neutral.
RBNZ,NZD,labour_cost_index_yoy,Labour Cost Index (YoY),Labor,"gdp_growth,inflation,unemployment",0.052052032561091435,0.052052032561091435,0.5207101119296946,0.019369000133746733,0.3190101702958986,"Linked to gdp_growth, inflation, unemployment; strongest target link is unemployment with Pearson -0.56. moderate negative Pearson correlation (-0.56); Spearman -0.57; same macro theme; PCA loading signal 0.32; model importance signal 0.03",0.13925423311179072,-0.15699294209758904,0.375,0.8430070579024109,0.04388023082716619,0.04388023082716619,0.12596055601951212,-0.013293677092278605,Reduced: contribution moved against forward FX returns.
RBNZ,NZD,balance_of_trade,Balance of Trade,Growth,"inflation,unemployment",-0.0438578341404135,0.0438578341404135,0.44358839920914517,0.046403246819892996,0.227155757833053,"Linked to inflation, unemployment; strongest target link is inflation with Pearson -0.50. moderate negative Pearson correlation (-0.50); Spearman -0.37; PCA loading signal 0.23; model importance signal 0.06",0.11733238374504187,-0.06458791086968993,0.49333333333333335,0.93541208913031,-0.04102514825801483,0.04102514825801483,0.11776488837800833,0.00043250463296645725,Mostly unchanged: validation signal was neutral.
RBNZ,NZD,participation_rate,Labor Force Participation Rate,Labor,"gdp_growth,inflation,unemployment",0.044673495360336025,0.044673495360336025,0.5043308617834614,0.0276916595019425,0.3646882570921226,"Linked to gdp_growth, inflation, unemployment; strongest target link is inflation with Pearson 0.69. moderate positive Pearson correlation (0.69); Spearman 0.72; PCA loading signal 0.36; model importance signal 0.01",0.11951451328102165,-0.08465806736857097,0.4166666666666667,0.915341932631429,0.04089152358053116,0.04089152358053116,0.1173813115745939,-0.002133201706427751,Mostly unchanged: validation signal was neutral.
RBNZ,NZD,exports,Exports,Growth,"gdp_growth,inflation,unemployment",0.036567510806054394,0.036567510806054394,0.1611131017697592,0.0192357574655773,0.3726955334793356,"Linked to gdp_growth, inflation, unemployment; strongest target link is gdp_growth with Pearson 0.14. weak positive Pearson correlation (0.14); Spearman 0.23; same macro theme; PCA loading signal 0.37; model importance signal 0.04",0.09782866150572951,-0.012779101250663496,0.48,0.9872208987493365,0.03610021088297909,0.03610021088297909,0.10362759150360991,0.005798929997880398,Mostly unchanged: validation signal was neutral.
RBNZ,NZD,employment_change_qoq,Employment Change (QoQ),Labor,"gdp_growth,inflation,unemployment",0.03305330220738292,0.03305330220738292,0.34748591478476104,0.05671656161808677,0.44639987151925214,"Linked to gdp_growth, inflation, unemployment; strongest target link is unemployment with Pearson -0.45. moderate negative Pearson correlation (-0.45); Spearman -0.38; same macro theme; PCA loading signal 0.45; model importance signal 0.02",0.08842713769724991,-0.07656553123268368,0.4090909090909091,0.9234344687673163,0.03052255856488021,0.03052255856488021,0.08761664137806273,-0.0008104963191871845,Mostly unchanged: validation signal was neutral.
RBNZ,NZD,business_confidence,Business Confidence,Growth,"gdp_growth,inflation,unemployment",-0.022539902282700593,0.022539902282700593,0.45917241349059085,0.03683546237737236,0.3009365416206782,"Linked to gdp_growth, inflation, unemployment; strongest target link is unemployment with Pearson 0.72. strong positive Pearson correlation (0.72); Spearman 0.68; PCA loading signal 0.30; model importance signal 0.04",0.06030075392557077,0.005058776822517885,0.5540540540540541,1.0050587768225179,-0.022653926617950137,0.022653926617950137,0.06502931135575582,0.004728557430185049,Mostly unchanged: validation signal was neutral.
RBNZ,NZD,unemployment_rate,Unemployment Rate,Labor,"gdp_growth,inflation",-0.013827528615898164,0.013827528615898164,0.594177756027507,0.075676164481863,0.3784887413353238,"Linked to gdp_growth, inflation; strongest target link is inflation with Pearson -0.80. strong negative Pearson correlation (-0.80); Spearman -0.76; PCA loading signal 0.38; model importance signal 0.13",0.03699263599319213,-0.13251448433164392,0.5,0.8674855156683561,-0.011995180791781369,0.011995180791781369,0.034432809800807714,-0.002559826192384415,Reduced: contribution moved against forward FX returns.
RBNZ,NZD,credit_card_spending_yoy,Credit Card Spending (YoY),Growth,"gdp_growth,inflation,unemployment",0.008546509064535465,0.008546509064535465,0.16470823711331092,0.02321849559557243,0.2952980474629851,"Linked to gdp_growth, inflation, unemployment; strongest target link is gdp_growth with Pearson -0.10. weak negative Pearson correlation (-0.10); Spearman -0.10; same macro theme; PCA loading signal 0.30; model importance signal 0.03",0.02286438217696948,0.020039413932883166,0.5396825396825397,1.0200394139328832,0.00871777609736083,0.00871777609736083,0.025024843848299737,0.0021604616713302577,Mostly unchanged: validation signal was neutral.
RBNZ,NZD,cpi_headline_yoy,Headline CPI (YoY),Inflation,"gdp_growth,unemployment",0.008910881008388702,0.008910881008388702,0.6522158992530557,0.02971504503645485,0.3671195894021882,"Linked to gdp_growth, unemployment; strongest target link is unemployment with Pearson -0.80. strong negative Pearson correlation (-0.80); Spearman -0.76; PCA loading signal 0.37; model importance signal 0.03",0.02383918245108333,-0.08855200053675386,0.44,0.9114479994632462,0.008121804668550916,0.008121804668550916,0.023314075898141995,-0.000525106552941336,Mostly unchanged: validation signal was neutral.
RBNZ,NZD,capacity_utilization,Capacity Utilization,Growth,"gdp_growth,inflation,unemployment",0.0039572103253784005,0.0039572103253784005,0.17926619998313154,0.028327763467121736,0.4462103334839835,"Linked to gdp_growth, inflation, unemployment; strongest target link is gdp_growth with Pearson -0.20. weak negative Pearson correlation (-0.20); Spearman -0.24; same macro theme; PCA loading signal 0.45; model importance signal 0.03",0.01058668148022603,0.08114826475805671,0.64,1.0811482647580568,0.004278331076565523,0.004278331076565523,0.012281178815178845,0.0016944973349528152,Mostly unchanged: validation signal was neutral.
RBNZ,NZD,imports,Imports,Growth,"gdp_growth,inflation,unemployment",-0.0008030885464887678,0.0008030885464887678,0.4077853152756549,0.03210124461567853,0.3937952279188586,"Linked to gdp_growth, inflation, unemployment; strongest target link is gdp_growth with Pearson -0.44. moderate negative Pearson correlation (-0.44); Spearman -0.51; same macro theme; PCA loading signal 0.39; model importance signal 0.04",0.002148494000323647,-0.00097631900685511,0.4864864864864865,0.9990236809931449,-0.0008023044758766432,0.0008023044758766432,0.002303058028031154,0.00015456402770750713,Mostly unchanged: validation signal was neutral.
SNB,CHF,producer_import_prices_yoy,Producer & Import Prices (YoY),Inflation,"gdp_growth,inflation,unemployment",0.11886381366237436,0.11886381366237436,0.45263259567280323,0.0627465875559394,0.3653700866721592,"Linked to gdp_growth, inflation, unemployment; strongest target link is inflation with Pearson 0.74. strong positive Pearson correlation (0.74); Spearman 0.74; same macro theme; PCA loading signal 0.37; model importance signal 0.11",0.18764327883600718,-0.060424344929961224,0.4666666666666667,0.9395756550700388,0.11168154558594842,0.11168154558594842,0.18183838283655046,-0.005804895999456716,Mostly unchanged: validation signal was neutral.
SNB,CHF,balance_of_trade,Balance of Trade,Growth,"gdp_growth,inflation,unemployment",-0.0855801148316991,0.0855801148316991,0.1944530078439847,0.13008844482077195,0.2539915897582966,"Linked to gdp_growth, inflation, unemployment; strongest target link is gdp_growth with Pearson -0.21. weak negative Pearson correlation (-0.21); Spearman -0.24; same macro theme; PCA loading signal 0.25; model importance signal 0.33",0.13510027026219554,0.08746966974945618,0.5333333333333333,1.0874696697494561,-0.09306577921314835,0.09306577921314835,0.15152844367217966,0.01642817340998412,Mostly unchanged: validation signal was neutral.
SNB,CHF,cpi_headline_yoy,Headline CPI (YoY),Inflation,"gdp_growth,unemployment",0.0905546237585496,0.0905546237585496,0.4914468860634773,0.16116667521378497,0.5163344998946099,"Linked to gdp_growth, unemployment; strongest target link is unemployment with Pearson -0.87. strong negative Pearson correlation (-0.87); Spearman -0.90; PCA loading signal 0.52; model importance signal 0.28",0.14295323355583997,-0.020574565119177858,0.4931506849315068,0.9794254348808221,0.08869150175518667,0.08869150175518667,0.14440630424564393,0.0014530706898039647,Mostly unchanged: validation signal was neutral.
SNB,CHF,unemployment_rate,Unemployment Rate,Labor,"gdp_growth,inflation",-0.07073166248743916,0.07073166248743916,0.46123777007173977,0.0428912259196567,0.4832177752201831,"Linked to gdp_growth, inflation; strongest target link is inflation with Pearson -0.87. strong negative Pearson correlation (-0.87); Spearman -0.90; PCA loading signal 0.48; model importance signal 0.04",0.11165989595760523,0.01938206705523126,0.47297297297297297,1.0193820670552312,-0.07210258831269868,0.07210258831269868,0.11739645962385657,0.005736563666251346,Mostly unchanged: validation signal was neutral.
SNB,CHF,economic_sentiment_index,Economic Sentiment Index,Sentiment,"gdp_growth,inflation,unemployment",-0.07099396136117116,0.07099396136117116,0.5205746210066412,0.04283978784216253,0.4509574005699118,"Linked to gdp_growth, inflation, unemployment; strongest target link is unemployment with Pearson 0.71. strong positive Pearson correlation (0.71); Spearman 0.68; PCA loading signal 0.45; model importance signal 0.04",0.11207397169003853,0.004443049635485856,0.44594594594594594,1.004443049635486,-0.07130939105531861,0.07130939105531861,0.11610498657165585,0.00403101488161732,Mostly unchanged: validation signal was neutral.
SNB,CHF,cpi_headline_mom,Headline CPI (MoM),Inflation,"gdp_growth,inflation,unemployment",0.08670724882072432,0.08670724882072432,0.28576900630325736,0.0238242965440426,0.3152657194908059,"Linked to gdp_growth, inflation, unemployment; strongest target link is inflation with Pearson 0.43. moderate positive Pearson correlation (0.43); Spearman 0.38; same macro theme; PCA loading signal 0.32; model importance signal 0.01",0.1368796100870892,-0.2115908728810082,0.40350877192982454,0.7884091271189918,0.0683607863576365,0.0683607863576365,0.11130410826147753,-0.025575501825611677,Reduced: contribution moved against forward FX returns.
SNB,CHF,producer_import_prices_mom,Producer & Import Prices (MoM),Inflation,"gdp_growth,inflation,unemployment",0.05674452272973746,0.05674452272973746,0.24151873217908837,0.03712028072722557,0.526690470992808,"Linked to gdp_growth, inflation, unemployment; strongest target link is gdp_growth with Pearson 0.50. moderate positive Pearson correlation (0.50); Spearman 0.47; PCA loading signal 0.53; model importance signal 0.05",0.0895792249375114,-0.09214118390263647,0.4626865671641791,0.9078588160973635,0.05151601522542938,0.05151601522542938,0.08387767960791728,-0.005701545329594118,Mostly unchanged: validation signal was neutral.
SNB,CHF,gdp_qoq,GDP (QoQ),Growth,"inflation,unemployment",0.027426327985521665,0.027426327985521665,0.0838782840852057,0.037900512172510004,0.3555178139913145,"Linked to inflation, unemployment; strongest target link is inflation with Pearson 0.11. weak positive Pearson correlation (0.11); Spearman 0.20; PCA loading signal 0.36; model importance signal 0.02",0.0432963233390187,0.2754212898338637,0.5454545454545454,1.2754212898338637,0.03498012261470063,0.03498012261470063,0.05695416278767641,0.013657839448657713,Increased: contribution aligned with forward FX returns.
SNB,CHF,consumer_confidence,Consumer Confidence,Sentiment,"gdp_growth,inflation,unemployment",-0.01684804915127157,0.01684804915127157,0.24432596753471478,0.022332187949197568,0.3980104573305943,"Linked to gdp_growth, inflation, unemployment; strongest target link is gdp_growth with Pearson 0.29. weak positive Pearson correlation (0.29); Spearman 0.37; PCA loading signal 0.40; model importance signal 0.01",0.026597019625456752,-0.1978686418345274,0.46511627906976744,0.8021313581654725,-0.0135143485481481,0.0135143485481481,0.022003879622112997,-0.004593140003343755,Reduced: contribution moved against forward FX returns.
SNB,CHF,retail_sales_mom,Retail Sales (MoM),Growth,"gdp_growth,inflation,unemployment",0.0067216904795037655,0.0067216904795037655,0.2529289500444565,0.034936300392650665,0.7011432682807085,"Linked to gdp_growth, inflation, unemployment; strongest target link is gdp_growth with Pearson 0.65. moderate positive Pearson correlation (0.65); Spearman 0.29; same macro theme; PCA loading signal 0.70; model importance signal 0.05",0.010611135567948807,0.0327234724774773,0.5,1.0327234724774772,0.006941647532911928,0.006941647532911928,0.011302296677427522,0.0006911611094787152,Mostly unchanged: validation signal was neutral.
SNB,CHF,retail_sales_yoy,Retail Sales (YoY),Growth,"gdp_growth,inflation,unemployment",-0.0022842662450624357,0.0022842662450624357,0.28205607528788307,0.027485874723019065,0.5032961671292822,"Linked to gdp_growth, inflation, unemployment; strongest target link is gdp_growth with Pearson 0.52. moderate positive Pearson correlation (0.52); Spearman 0.42; same macro theme; PCA loading signal 0.50; model importance signal 0.03",0.003606036141288719,-0.11720638572006484,0.4383561643835616,0.8827936142799352,-0.0020165356544563236,0.0020165356544563236,0.0032832960935017565,-0.0003227400477869625,Reduced: contribution moved against forward FX returns.
