relationship_id,country_code,currency_code,headline_target_type,headline_indicator_key,candidate_indicator_id,candidate_indicator_key,candidate_indicator_name,candidate_macro_theme,lag_months,observation_pairs,correlation,abs_correlation,rejection_reason,processed_at
1,AU,AUD,CPI,cpi_headline_yoy,117,cpi_headline_qoq,Headline CPI (QoQ),Inflation,6,23,0.507558,0.507558,low_sample,2026-04-25T22:25:54.019571+00:00
2,AU,AUD,CPI,cpi_headline_yoy,117,cpi_headline_qoq,Headline CPI (QoQ),Inflation,3,24,0.360640,0.360640,low_correlation,2026-04-25T22:25:54.019571+00:00
3,AU,AUD,CPI,cpi_headline_yoy,117,cpi_headline_qoq,Headline CPI (QoQ),Inflation,0,26,0.251806,0.251806,low_correlation,2026-04-25T22:25:54.019571+00:00
4,AU,AUD,CPI,cpi_headline_yoy,118,consumer_price_index,Consumer Price Index,Inflation,6,12,0.193288,0.193288,low_sample_and_low_correlation,2026-04-25T22:25:54.019571+00:00
5,AU,AUD,CPI,cpi_headline_yoy,118,consumer_price_index,Consumer Price Index,Inflation,0,19,0.081954,0.081954,low_sample_and_low_correlation,2026-04-25T22:25:54.019571+00:00
6,AU,AUD,CPI,cpi_headline_yoy,118,consumer_price_index,Consumer Price Index,Inflation,3,15,-0.003761,0.003761,low_sample_and_low_correlation,2026-04-25T22:25:54.019571+00:00
7,AU,AUD,CPI,cpi_headline_yoy,119,rba_trimmed_mean_cpi_qoq,RBA Trimmed Mean CPI (QoQ),Inflation,6,23,0.627831,0.627831,low_sample,2026-04-25T22:25:54.019571+00:00
8,AU,AUD,CPI,cpi_headline_yoy,119,rba_trimmed_mean_cpi_qoq,RBA Trimmed Mean CPI (QoQ),Inflation,3,24,0.479443,0.479443,not_best_lag,2026-04-25T22:25:54.019571+00:00
9,AU,AUD,CPI,cpi_headline_yoy,119,rba_trimmed_mean_cpi_qoq,RBA Trimmed Mean CPI (QoQ),Inflation,0,22,0.360654,0.360654,low_sample_and_low_correlation,2026-04-25T22:25:54.019571+00:00
10,AU,AUD,CPI,cpi_headline_yoy,120,rba_trimmed_mean_cpi_yoy,RBA Trimmed Mean CPI (YoY),Inflation,6,23,0.821546,0.821546,low_sample,2026-04-25T22:25:54.019571+00:00
11,AU,AUD,CPI,cpi_headline_yoy,120,rba_trimmed_mean_cpi_yoy,RBA Trimmed Mean CPI (YoY),Inflation,3,24,0.667721,0.667721,not_best_lag,2026-04-25T22:25:54.019571+00:00
12,AU,AUD,CPI,cpi_headline_yoy,120,rba_trimmed_mean_cpi_yoy,RBA Trimmed Mean CPI (YoY),Inflation,0,22,0.557092,0.557092,low_sample,2026-04-25T22:25:54.019571+00:00
13,AU,AUD,CPI,cpi_headline_yoy,121,export_price_index_qoq,Export Price Index (QoQ),Inflation,4,8,0.329237,0.329237,low_sample_and_low_correlation,2026-04-25T22:25:54.019571+00:00
14,AU,AUD,CPI,cpi_headline_yoy,121,export_price_index_qoq,Export Price Index (QoQ),Inflation,3,32,-0.266315,0.266315,low_correlation,2026-04-25T22:25:54.019571+00:00
15,AU,AUD,CPI,cpi_headline_yoy,121,export_price_index_qoq,Export Price Index (QoQ),Inflation,6,30,-0.131280,0.131280,low_correlation,2026-04-25T22:25:54.019571+00:00
16,AU,AUD,CPI,cpi_headline_yoy,122,import_price_index_qoq,Import Price Index (QoQ),Inflation,4,8,0.324772,0.324772,low_sample_and_low_correlation,2026-04-25T22:25:54.019571+00:00
17,AU,AUD,CPI,cpi_headline_yoy,122,import_price_index_qoq,Import Price Index (QoQ),Inflation,3,31,-0.259069,0.259069,low_correlation,2026-04-25T22:25:54.019571+00:00
18,AU,AUD,CPI,cpi_headline_yoy,122,import_price_index_qoq,Import Price Index (QoQ),Inflation,6,29,-0.016068,0.016068,low_correlation,2026-04-25T22:25:54.019571+00:00
19,AU,AUD,CPI,cpi_headline_yoy,123,producer_price_index_qoq,Producer Price Index (QoQ),Inflation,6,23,0.416096,0.416096,low_sample,2026-04-25T22:25:54.019571+00:00
20,AU,AUD,CPI,cpi_headline_yoy,123,producer_price_index_qoq,Producer Price Index (QoQ),Inflation,3,24,0.350577,0.350577,low_correlation,2026-04-25T22:25:54.019571+00:00
21,AU,AUD,CPI,cpi_headline_yoy,124,producer_price_index_yoy,Producer Price Index (YoY),Inflation,6,23,0.495893,0.495893,low_sample,2026-04-25T22:25:54.019571+00:00
22,AU,AUD,CPI,cpi_headline_yoy,124,producer_price_index_yoy,Producer Price Index (YoY),Inflation,3,24,0.433516,0.433516,not_best_lag,2026-04-25T22:25:54.019571+00:00
23,AU,AUD,CPI,cpi_headline_yoy,125,commodity_prices_yoy,Commodity Prices (YoY),Inflation,5,22,-0.495566,0.495566,low_sample,2026-04-25T22:25:54.019571+00:00
24,AU,AUD,CPI,cpi_headline_yoy,125,commodity_prices_yoy,Commodity Prices (YoY),Inflation,2,23,-0.355287,0.355287,low_sample_and_low_correlation,2026-04-25T22:25:54.019571+00:00
25,AU,AUD,CPI,cpi_headline_yoy,125,commodity_prices_yoy,Commodity Prices (YoY),Inflation,0,23,-0.325187,0.325187,low_sample_and_low_correlation,2026-04-25T22:25:54.019571+00:00
26,AU,AUD,CPI,cpi_headline_yoy,125,commodity_prices_yoy,Commodity Prices (YoY),Inflation,3,22,-0.304403,0.304403,low_sample_and_low_correlation,2026-04-25T22:25:54.019571+00:00
27,AU,AUD,CPI,cpi_headline_yoy,125,commodity_prices_yoy,Commodity Prices (YoY),Inflation,1,23,-0.215853,0.215853,low_sample_and_low_correlation,2026-04-25T22:25:54.019571+00:00
28,AU,AUD,CPI,cpi_headline_yoy,125,commodity_prices_yoy,Commodity Prices (YoY),Inflation,6,21,-0.114717,0.114717,low_sample_and_low_correlation,2026-04-25T22:25:54.019571+00:00
29,AU,AUD,CPI,cpi_headline_yoy,125,commodity_prices_yoy,Commodity Prices (YoY),Inflation,4,22,-0.004241,0.004241,low_sample_and_low_correlation,2026-04-25T22:25:54.019571+00:00
30,AU,AUD,CPI,cpi_headline_yoy,126,unemployment_rate,Unemployment Rate,Labor,4,30,-0.378091,0.378091,low_correlation,2026-04-25T22:25:54.019571+00:00
31,AU,AUD,CPI,cpi_headline_yoy,126,unemployment_rate,Unemployment Rate,Labor,3,30,-0.341084,0.341084,low_correlation,2026-04-25T22:25:54.019571+00:00
32,AU,AUD,CPI,cpi_headline_yoy,126,unemployment_rate,Unemployment Rate,Labor,1,31,-0.272192,0.272192,low_correlation,2026-04-25T22:25:54.019571+00:00
33,AU,AUD,CPI,cpi_headline_yoy,126,unemployment_rate,Unemployment Rate,Labor,0,31,-0.241452,0.241452,low_correlation,2026-04-25T22:25:54.019571+00:00
34,AU,AUD,CPI,cpi_headline_yoy,126,unemployment_rate,Unemployment Rate,Labor,5,30,-0.213443,0.213443,low_correlation,2026-04-25T22:25:54.019571+00:00
35,AU,AUD,CPI,cpi_headline_yoy,126,unemployment_rate,Unemployment Rate,Labor,2,31,-0.181014,0.181014,low_correlation,2026-04-25T22:25:54.019571+00:00
36,AU,AUD,CPI,cpi_headline_yoy,127,employment_change,Employment Change,Labor,0,31,0.358454,0.358454,low_correlation,2026-04-25T22:25:54.019571+00:00
37,AU,AUD,CPI,cpi_headline_yoy,127,employment_change,Employment Change,Labor,6,29,0.336688,0.336688,low_correlation,2026-04-25T22:25:54.019571+00:00
38,AU,AUD,CPI,cpi_headline_yoy,127,employment_change,Employment Change,Labor,3,30,0.309022,0.309022,low_correlation,2026-04-25T22:25:54.019571+00:00
39,AU,AUD,CPI,cpi_headline_yoy,127,employment_change,Employment Change,Labor,2,31,0.240843,0.240843,low_correlation,2026-04-25T22:25:54.019571+00:00
40,AU,AUD,CPI,cpi_headline_yoy,127,employment_change,Employment Change,Labor,5,30,0.181405,0.181405,low_correlation,2026-04-25T22:25:54.019571+00:00
41,AU,AUD,CPI,cpi_headline_yoy,127,employment_change,Employment Change,Labor,4,30,-0.025245,0.025245,low_correlation,2026-04-25T22:25:54.019571+00:00
42,AU,AUD,CPI,cpi_headline_yoy,127,employment_change,Employment Change,Labor,1,31,0.022649,0.022649,low_correlation,2026-04-25T22:25:54.019571+00:00
43,AU,AUD,CPI,cpi_headline_yoy,128,full_time_employment_change,Full-Time Employment Change,Labor,2,31,0.246490,0.246490,low_correlation,2026-04-25T22:25:54.019571+00:00
44,AU,AUD,CPI,cpi_headline_yoy,128,full_time_employment_change,Full-Time Employment Change,Labor,5,30,0.236378,0.236378,low_correlation,2026-04-25T22:25:54.019571+00:00
45,AU,AUD,CPI,cpi_headline_yoy,128,full_time_employment_change,Full-Time Employment Change,Labor,4,30,0.087826,0.087826,low_correlation,2026-04-25T22:25:54.019571+00:00
46,AU,AUD,CPI,cpi_headline_yoy,128,full_time_employment_change,Full-Time Employment Change,Labor,6,29,0.074709,0.074709,low_correlation,2026-04-25T22:25:54.019571+00:00
47,AU,AUD,CPI,cpi_headline_yoy,128,full_time_employment_change,Full-Time Employment Change,Labor,1,31,0.056340,0.056340,low_correlation,2026-04-25T22:25:54.019571+00:00
48,AU,AUD,CPI,cpi_headline_yoy,128,full_time_employment_change,Full-Time Employment Change,Labor,3,30,-0.023417,0.023417,low_correlation,2026-04-25T22:25:54.019571+00:00
49,AU,AUD,CPI,cpi_headline_yoy,128,full_time_employment_change,Full-Time Employment Change,Labor,0,31,-0.008441,0.008441,low_correlation,2026-04-25T22:25:54.019571+00:00
50,AU,AUD,CPI,cpi_headline_yoy,129,part_time_employment_change,Part-Time Employment Change,Labor,6,29,0.360704,0.360704,low_correlation,2026-04-25T22:25:54.019571+00:00
51,AU,AUD,CPI,cpi_headline_yoy,129,part_time_employment_change,Part-Time Employment Change,Labor,3,30,0.352258,0.352258,low_correlation,2026-04-25T22:25:54.019571+00:00
52,AU,AUD,CPI,cpi_headline_yoy,129,part_time_employment_change,Part-Time Employment Change,Labor,4,30,-0.185350,0.185350,low_correlation,2026-04-25T22:25:54.019571+00:00
53,AU,AUD,CPI,cpi_headline_yoy,129,part_time_employment_change,Part-Time Employment Change,Labor,2,31,0.152077,0.152077,low_correlation,2026-04-25T22:25:54.019571+00:00
54,AU,AUD,CPI,cpi_headline_yoy,129,part_time_employment_change,Part-Time Employment Change,Labor,1,31,-0.132861,0.132861,low_correlation,2026-04-25T22:25:54.019571+00:00
55,AU,AUD,CPI,cpi_headline_yoy,129,part_time_employment_change,Part-Time Employment Change,Labor,5,30,0.063965,0.063965,low_correlation,2026-04-25T22:25:54.019571+00:00
56,AU,AUD,CPI,cpi_headline_yoy,131,leading_index_mom,Leading Index (MoM),Growth,4,31,0.231410,0.231410,low_correlation,2026-04-25T22:25:54.019571+00:00
57,AU,AUD,CPI,cpi_headline_yoy,131,leading_index_mom,Leading Index (MoM),Growth,5,31,-0.157834,0.157834,low_correlation,2026-04-25T22:25:54.019571+00:00
58,AU,AUD,CPI,cpi_headline_yoy,131,leading_index_mom,Leading Index (MoM),Growth,3,29,0.099501,0.099501,low_correlation,2026-04-25T22:25:54.019571+00:00
59,AU,AUD,CPI,cpi_headline_yoy,131,leading_index_mom,Leading Index (MoM),Growth,0,35,0.089105,0.089105,low_correlation,2026-04-25T22:25:54.019571+00:00
60,AU,AUD,CPI,cpi_headline_yoy,131,leading_index_mom,Leading Index (MoM),Growth,6,31,0.078919,0.078919,low_correlation,2026-04-25T22:25:54.019571+00:00
61,AU,AUD,CPI,cpi_headline_yoy,131,leading_index_mom,Leading Index (MoM),Growth,2,33,-0.026189,0.026189,low_correlation,2026-04-25T22:25:54.019571+00:00
62,AU,AUD,CPI,cpi_headline_yoy,132,private_sector_credit_mom,Private Sector Credit (MoM),Growth,4,30,-0.373187,0.373187,low_correlation,2026-04-25T22:25:54.019571+00:00
63,AU,AUD,CPI,cpi_headline_yoy,132,private_sector_credit_mom,Private Sector Credit (MoM),Growth,0,22,-0.275811,0.275811,low_sample_and_low_correlation,2026-04-25T22:25:54.019571+00:00
64,AU,AUD,CPI,cpi_headline_yoy,132,private_sector_credit_mom,Private Sector Credit (MoM),Growth,6,27,-0.183907,0.183907,low_correlation,2026-04-25T22:25:54.019571+00:00
65,AU,AUD,CPI,cpi_headline_yoy,132,private_sector_credit_mom,Private Sector Credit (MoM),Growth,3,28,-0.158104,0.158104,low_correlation,2026-04-25T22:25:54.019571+00:00
66,AU,AUD,CPI,cpi_headline_yoy,132,private_sector_credit_mom,Private Sector Credit (MoM),Growth,2,30,-0.120061,0.120061,low_correlation,2026-04-25T22:25:54.019571+00:00
67,AU,AUD,CPI,cpi_headline_yoy,132,private_sector_credit_mom,Private Sector Credit (MoM),Growth,5,29,-0.085724,0.085724,low_correlation,2026-04-25T22:25:54.019571+00:00
68,AU,AUD,CPI,cpi_headline_yoy,133,private_sector_credit_yoy,Private Sector Credit (YoY),Growth,1,31,-0.215398,0.215398,low_correlation,2026-04-25T22:25:54.019571+00:00
69,AU,AUD,CPI,cpi_headline_yoy,133,private_sector_credit_yoy,Private Sector Credit (YoY),Growth,2,31,-0.182490,0.182490,low_correlation,2026-04-25T22:25:54.019571+00:00
70,AU,AUD,CPI,cpi_headline_yoy,133,private_sector_credit_yoy,Private Sector Credit (YoY),Growth,4,30,-0.109914,0.109914,low_correlation,2026-04-25T22:25:54.019571+00:00
71,AU,AUD,CPI,cpi_headline_yoy,133,private_sector_credit_yoy,Private Sector Credit (YoY),Growth,6,29,0.108949,0.108949,low_correlation,2026-04-25T22:25:54.019571+00:00
72,AU,AUD,CPI,cpi_headline_yoy,133,private_sector_credit_yoy,Private Sector Credit (YoY),Growth,3,30,0.097530,0.097530,low_correlation,2026-04-25T22:25:54.019571+00:00
73,AU,AUD,CPI,cpi_headline_yoy,133,private_sector_credit_yoy,Private Sector Credit (YoY),Growth,5,30,-0.079146,0.079146,low_correlation,2026-04-25T22:25:54.019571+00:00
74,AU,AUD,CPI,cpi_headline_yoy,133,private_sector_credit_yoy,Private Sector Credit (YoY),Growth,0,24,-0.012709,0.012709,low_correlation,2026-04-25T22:25:54.019571+00:00
75,AU,AUD,CPI,cpi_headline_yoy,134,manufacturing_pmi,Manufacturing PMI,Growth,5,44,-0.480789,0.480789,not_best_lag,2026-04-25T22:25:54.019571+00:00
76,AU,AUD,CPI,cpi_headline_yoy,134,manufacturing_pmi,Manufacturing PMI,Growth,1,42,-0.316282,0.316282,low_correlation,2026-04-25T22:25:54.019571+00:00
77,AU,AUD,CPI,cpi_headline_yoy,134,manufacturing_pmi,Manufacturing PMI,Growth,4,46,-0.195452,0.195452,low_correlation,2026-04-25T22:25:54.019571+00:00
78,AU,AUD,CPI,cpi_headline_yoy,134,manufacturing_pmi,Manufacturing PMI,Growth,0,40,0.135407,0.135407,low_correlation,2026-04-25T22:25:54.019571+00:00
79,AU,AUD,CPI,cpi_headline_yoy,134,manufacturing_pmi,Manufacturing PMI,Growth,6,42,0.049835,0.049835,low_correlation,2026-04-25T22:25:54.019571+00:00
80,AU,AUD,CPI,cpi_headline_yoy,134,manufacturing_pmi,Manufacturing PMI,Growth,3,44,0.039994,0.039994,low_correlation,2026-04-25T22:25:54.019571+00:00
81,AU,AUD,CPI,cpi_headline_yoy,135,services_pmi,Services PMI,Growth,1,44,0.135917,0.135917,low_correlation,2026-04-25T22:25:54.019571+00:00
82,AU,AUD,CPI,cpi_headline_yoy,135,services_pmi,Services PMI,Growth,4,46,0.101855,0.101855,low_correlation,2026-04-25T22:25:54.019571+00:00
83,AU,AUD,CPI,cpi_headline_yoy,135,services_pmi,Services PMI,Growth,5,45,-0.061871,0.061871,low_correlation,2026-04-25T22:25:54.019571+00:00
84,AU,AUD,CPI,cpi_headline_yoy,135,services_pmi,Services PMI,Growth,0,44,0.027967,0.027967,low_correlation,2026-04-25T22:25:54.019571+00:00
85,AU,AUD,CPI,cpi_headline_yoy,135,services_pmi,Services PMI,Growth,6,44,0.008664,0.008664,low_correlation,2026-04-25T22:25:54.019571+00:00
86,AU,AUD,CPI,cpi_headline_yoy,135,services_pmi,Services PMI,Growth,3,46,0.005484,0.005484,low_correlation,2026-04-25T22:25:54.019571+00:00
87,AU,AUD,CPI,cpi_headline_yoy,135,services_pmi,Services PMI,Growth,2,47,0.000504,0.000504,low_correlation,2026-04-25T22:25:54.019571+00:00
88,AU,AUD,CPI,cpi_headline_yoy,136,composite_pmi,Composite PMI,Growth,1,35,0.127599,0.127599,low_correlation,2026-04-25T22:25:54.019571+00:00
89,AU,AUD,CPI,cpi_headline_yoy,136,composite_pmi,Composite PMI,Growth,4,36,0.107672,0.107672,low_correlation,2026-04-25T22:25:54.019571+00:00
90,AU,AUD,CPI,cpi_headline_yoy,136,composite_pmi,Composite PMI,Growth,5,36,-0.098280,0.098280,low_correlation,2026-04-25T22:25:54.019571+00:00
91,AU,AUD,CPI,cpi_headline_yoy,136,composite_pmi,Composite PMI,Growth,0,36,0.076586,0.076586,low_correlation,2026-04-25T22:25:54.019571+00:00
92,AU,AUD,CPI,cpi_headline_yoy,136,composite_pmi,Composite PMI,Growth,2,35,-0.058871,0.058871,low_correlation,2026-04-25T22:25:54.019571+00:00
93,AU,AUD,CPI,cpi_headline_yoy,136,composite_pmi,Composite PMI,Growth,3,37,0.050586,0.050586,low_correlation,2026-04-25T22:25:54.019571+00:00
94,AU,AUD,CPI,cpi_headline_yoy,136,composite_pmi,Composite PMI,Growth,6,36,0.030293,0.030293,low_correlation,2026-04-25T22:25:54.019571+00:00
95,AU,AUD,CPI,cpi_headline_yoy,199,retail_sales_mom,Retail Sales (MoM),Growth,1,36,-0.391040,0.391040,low_correlation,2026-04-25T22:25:54.019571+00:00
96,AU,AUD,CPI,cpi_headline_yoy,199,retail_sales_mom,Retail Sales (MoM),Growth,4,36,-0.303851,0.303851,low_correlation,2026-04-25T22:25:54.019571+00:00
97,AU,AUD,CPI,cpi_headline_yoy,199,retail_sales_mom,Retail Sales (MoM),Growth,5,37,-0.198308,0.198308,low_correlation,2026-04-25T22:25:54.019571+00:00
98,AU,AUD,CPI,cpi_headline_yoy,199,retail_sales_mom,Retail Sales (MoM),Growth,2,35,-0.170865,0.170865,low_correlation,2026-04-25T22:25:54.019571+00:00
99,AU,AUD,CPI,cpi_headline_yoy,199,retail_sales_mom,Retail Sales (MoM),Growth,6,37,-0.106083,0.106083,low_correlation,2026-04-25T22:25:54.019571+00:00
100,AU,AUD,CPI,cpi_headline_yoy,199,retail_sales_mom,Retail Sales (MoM),Growth,0,33,0.026699,0.026699,low_correlation,2026-04-25T22:25:54.019571+00:00
101,AU,AUD,CPI,cpi_headline_yoy,199,retail_sales_mom,Retail Sales (MoM),Growth,3,33,-0.016814,0.016814,low_correlation,2026-04-25T22:25:54.019571+00:00
102,AU,AUD,CPI,cpi_headline_yoy,200,building_permits,Building Permits,Growth,3,45,-0.244781,0.244781,low_correlation,2026-04-25T22:25:54.019571+00:00
103,AU,AUD,CPI,cpi_headline_yoy,200,building_permits,Building Permits,Growth,6,47,-0.238139,0.238139,low_correlation,2026-04-25T22:25:54.019571+00:00
104,AU,AUD,CPI,cpi_headline_yoy,200,building_permits,Building Permits,Growth,5,46,0.218310,0.218310,low_correlation,2026-04-25T22:25:54.019571+00:00
105,AU,AUD,CPI,cpi_headline_yoy,200,building_permits,Building Permits,Growth,2,40,0.124012,0.124012,low_correlation,2026-04-25T22:25:54.019571+00:00
106,AU,AUD,CPI,cpi_headline_yoy,200,building_permits,Building Permits,Growth,0,33,-0.085656,0.085656,low_correlation,2026-04-25T22:25:54.019571+00:00
107,AU,AUD,CPI,cpi_headline_yoy,200,building_permits,Building Permits,Growth,4,50,0.060565,0.060565,low_correlation,2026-04-25T22:25:54.019571+00:00
108,AU,AUD,CPI,cpi_headline_yoy,200,building_permits,Building Permits,Growth,1,40,0.027509,0.027509,low_correlation,2026-04-25T22:25:54.019571+00:00
109,AU,AUD,CPI,cpi_headline_yoy,201,td_mi_inflation_gauge_mom,TD-MI Inflation Gauge (MoM),Inflation,2,29,0.440455,0.440455,not_best_lag,2026-04-25T22:25:54.019571+00:00
110,AU,AUD,CPI,cpi_headline_yoy,201,td_mi_inflation_gauge_mom,TD-MI Inflation Gauge (MoM),Inflation,1,30,-0.204441,0.204441,low_correlation,2026-04-25T22:25:54.019571+00:00
111,AU,AUD,CPI,cpi_headline_yoy,201,td_mi_inflation_gauge_mom,TD-MI Inflation Gauge (MoM),Inflation,4,29,-0.096349,0.096349,low_correlation,2026-04-25T22:25:54.019571+00:00
112,AU,AUD,CPI,cpi_headline_yoy,201,td_mi_inflation_gauge_mom,TD-MI Inflation Gauge (MoM),Inflation,3,30,-0.026278,0.026278,low_correlation,2026-04-25T22:25:54.019571+00:00
113,AU,AUD,CPI,cpi_headline_yoy,201,td_mi_inflation_gauge_mom,TD-MI Inflation Gauge (MoM),Inflation,0,31,0.016131,0.016131,low_correlation,2026-04-25T22:25:54.019571+00:00
114,AU,AUD,CPI,cpi_headline_yoy,201,td_mi_inflation_gauge_mom,TD-MI Inflation Gauge (MoM),Inflation,6,29,-0.005903,0.005903,low_correlation,2026-04-25T22:25:54.019571+00:00
115,AU,AUD,CPI,cpi_headline_yoy,202,consumer_inflation_expectation,Consumer Inflation Expectation,Inflation,4,33,0.329207,0.329207,low_correlation,2026-04-25T22:25:54.019571+00:00
116,AU,AUD,CPI,cpi_headline_yoy,202,consumer_inflation_expectation,Consumer Inflation Expectation,Inflation,6,29,0.227444,0.227444,low_correlation,2026-04-25T22:25:54.019571+00:00
117,AU,AUD,CPI,cpi_headline_yoy,202,consumer_inflation_expectation,Consumer Inflation Expectation,Inflation,5,28,0.226672,0.226672,low_correlation,2026-04-25T22:25:54.019571+00:00
118,AU,AUD,CPI,cpi_headline_yoy,202,consumer_inflation_expectation,Consumer Inflation Expectation,Inflation,3,31,0.194707,0.194707,low_correlation,2026-04-25T22:25:54.019571+00:00
119,AU,AUD,CPI,cpi_headline_yoy,202,consumer_inflation_expectation,Consumer Inflation Expectation,Inflation,2,30,0.192586,0.192586,low_correlation,2026-04-25T22:25:54.019571+00:00
120,AU,AUD,CPI,cpi_headline_yoy,202,consumer_inflation_expectation,Consumer Inflation Expectation,Inflation,1,36,0.189620,0.189620,low_correlation,2026-04-25T22:25:54.019571+00:00
121,AU,AUD,CPI,cpi_headline_yoy,202,consumer_inflation_expectation,Consumer Inflation Expectation,Inflation,0,37,0.049366,0.049366,low_correlation,2026-04-25T22:25:54.019571+00:00
122,AU,AUD,CPI,cpi_headline_yoy,203,ai_group_manufacturing_index,Ai Group Manufacturing Index,Growth,1,26,-0.327565,0.327565,low_correlation,2026-04-25T22:25:54.019571+00:00
123,AU,AUD,CPI,cpi_headline_yoy,203,ai_group_manufacturing_index,Ai Group Manufacturing Index,Growth,4,27,-0.277166,0.277166,low_correlation,2026-04-25T22:25:54.019571+00:00
124,AU,AUD,CPI,cpi_headline_yoy,203,ai_group_manufacturing_index,Ai Group Manufacturing Index,Growth,0,28,-0.234382,0.234382,low_correlation,2026-04-25T22:25:54.019571+00:00
125,AU,AUD,CPI,cpi_headline_yoy,203,ai_group_manufacturing_index,Ai Group Manufacturing Index,Growth,3,29,-0.211212,0.211212,low_correlation,2026-04-25T22:25:54.019571+00:00
126,AU,AUD,CPI,cpi_headline_yoy,203,ai_group_manufacturing_index,Ai Group Manufacturing Index,Growth,5,29,-0.198463,0.198463,low_correlation,2026-04-25T22:25:54.019571+00:00
127,AU,AUD,CPI,cpi_headline_yoy,203,ai_group_manufacturing_index,Ai Group Manufacturing Index,Growth,2,28,-0.144314,0.144314,low_correlation,2026-04-25T22:25:54.019571+00:00
128,AU,AUD,CPI,cpi_headline_yoy,203,ai_group_manufacturing_index,Ai Group Manufacturing Index,Growth,6,28,-0.089579,0.089579,low_correlation,2026-04-25T22:25:54.019571+00:00
129,AU,AUD,CPI,cpi_headline_yoy,204,ai_group_industry_index,Ai Group Industry Index,Growth,6,17,0.489793,0.489793,low_sample,2026-04-25T22:25:54.019571+00:00
130,AU,AUD,CPI,cpi_headline_yoy,204,ai_group_industry_index,Ai Group Industry Index,Growth,3,18,0.447910,0.447910,low_sample,2026-04-25T22:25:54.019571+00:00
131,AU,AUD,CPI,cpi_headline_yoy,204,ai_group_industry_index,Ai Group Industry Index,Growth,2,16,-0.278226,0.278226,low_sample_and_low_correlation,2026-04-25T22:25:54.019571+00:00
132,AU,AUD,CPI,cpi_headline_yoy,204,ai_group_industry_index,Ai Group Industry Index,Growth,0,17,0.218226,0.218226,low_sample_and_low_correlation,2026-04-25T22:25:54.019571+00:00
133,AU,AUD,CPI,cpi_headline_yoy,204,ai_group_industry_index,Ai Group Industry Index,Growth,1,15,-0.105049,0.105049,low_sample_and_low_correlation,2026-04-25T22:25:54.019571+00:00
134,AU,AUD,CPI,cpi_headline_yoy,204,ai_group_industry_index,Ai Group Industry Index,Growth,5,17,-0.103487,0.103487,low_sample_and_low_correlation,2026-04-25T22:25:54.019571+00:00
135,AU,AUD,CPI,cpi_headline_yoy,204,ai_group_industry_index,Ai Group Industry Index,Growth,4,16,-0.095717,0.095717,low_sample_and_low_correlation,2026-04-25T22:25:54.019571+00:00
136,AU,AUD,CPI,cpi_headline_yoy,205,ai_group_construction_index,Ai Group Construction Index,Growth,1,26,-0.275345,0.275345,low_correlation,2026-04-25T22:25:54.019571+00:00
137,AU,AUD,CPI,cpi_headline_yoy,205,ai_group_construction_index,Ai Group Construction Index,Growth,4,27,-0.225589,0.225589,low_correlation,2026-04-25T22:25:54.019571+00:00
138,AU,AUD,CPI,cpi_headline_yoy,205,ai_group_construction_index,Ai Group Construction Index,Growth,6,28,0.073152,0.073152,low_correlation,2026-04-25T22:25:54.019571+00:00
139,AU,AUD,CPI,cpi_headline_yoy,205,ai_group_construction_index,Ai Group Construction Index,Growth,5,29,0.044485,0.044485,low_correlation,2026-04-25T22:25:54.019571+00:00
140,AU,AUD,CPI,cpi_headline_yoy,205,ai_group_construction_index,Ai Group Construction Index,Growth,2,28,-0.034851,0.034851,low_correlation,2026-04-25T22:25:54.019571+00:00
141,AU,AUD,CPI,cpi_headline_yoy,205,ai_group_construction_index,Ai Group Construction Index,Growth,3,29,0.024415,0.024415,low_correlation,2026-04-25T22:25:54.019571+00:00
142,AU,AUD,CPI,cpi_headline_yoy,205,ai_group_construction_index,Ai Group Construction Index,Growth,0,28,0.015371,0.015371,low_correlation,2026-04-25T22:25:54.019571+00:00
143,AU,AUD,CPI,cpi_headline_yoy,345,rba_weighted_median_cpi_qoq,RBA Weighted Median CPI (QoQ),Inflation,3,26,0.421233,0.421233,not_best_lag,2026-04-25T22:25:54.019571+00:00
144,AU,AUD,CPI,cpi_headline_yoy,345,rba_weighted_median_cpi_qoq,RBA Weighted Median CPI (QoQ),Inflation,0,26,0.337367,0.337367,low_correlation,2026-04-25T22:25:54.019571+00:00
145,AU,AUD,CPI,cpi_headline_yoy,346,rba_weighted_median_cpi_yoy,RBA Weighted Median CPI (YoY),Inflation,3,26,0.422094,0.422094,not_best_lag,2026-04-25T22:25:54.019571+00:00
146,AU,AUD,CPI,cpi_headline_yoy,346,rba_weighted_median_cpi_yoy,RBA Weighted Median CPI (YoY),Inflation,0,26,0.419539,0.419539,not_best_lag,2026-04-25T22:25:54.019571+00:00
147,AU,AUD,CPI,cpi_headline_yoy,347,monthly_cpi_indicator,Monthly CPI Indicator,Inflation,1,14,0.327258,0.327258,low_sample_and_low_correlation,2026-04-25T22:25:54.019571+00:00
148,AU,AUD,CPI,cpi_headline_yoy,347,monthly_cpi_indicator,Monthly CPI Indicator,Inflation,4,19,0.242564,0.242564,low_sample_and_low_correlation,2026-04-25T22:25:54.019571+00:00
149,AU,AUD,CPI,cpi_headline_yoy,347,monthly_cpi_indicator,Monthly CPI Indicator,Inflation,0,12,-0.173439,0.173439,low_sample_and_low_correlation,2026-04-25T22:25:54.019571+00:00
150,AU,AUD,CPI,cpi_headline_yoy,347,monthly_cpi_indicator,Monthly CPI Indicator,Inflation,6,18,0.077295,0.077295,low_sample_and_low_correlation,2026-04-25T22:25:54.019571+00:00
151,AU,AUD,CPI,cpi_headline_yoy,347,monthly_cpi_indicator,Monthly CPI Indicator,Inflation,5,19,-0.061879,0.061879,low_sample_and_low_correlation,2026-04-25T22:25:54.019571+00:00
152,AU,AUD,CPI,cpi_headline_yoy,347,monthly_cpi_indicator,Monthly CPI Indicator,Inflation,3,17,-0.050286,0.050286,low_sample_and_low_correlation,2026-04-25T22:25:54.019571+00:00
153,AU,AUD,CPI,cpi_headline_yoy,347,monthly_cpi_indicator,Monthly CPI Indicator,Inflation,2,16,-0.028072,0.028072,low_sample_and_low_correlation,2026-04-25T22:25:54.019571+00:00
154,AU,AUD,CPI,cpi_headline_yoy,348,household_spending_mom,Household Spending (MoM),Growth,1,9,-0.381822,0.381822,low_sample_and_low_correlation,2026-04-25T22:25:54.019571+00:00
155,AU,AUD,CPI,cpi_headline_yoy,348,household_spending_mom,Household Spending (MoM),Growth,3,9,0.198875,0.198875,low_sample_and_low_correlation,2026-04-25T22:25:54.019571+00:00
156,AU,AUD,CPI,cpi_headline_yoy,348,household_spending_mom,Household Spending (MoM),Growth,4,8,-0.080640,0.080640,low_sample_and_low_correlation,2026-04-25T22:25:54.019571+00:00
157,AU,AUD,CPI,cpi_headline_yoy,348,household_spending_mom,Household Spending (MoM),Growth,2,9,-0.001572,0.001572,low_sample_and_low_correlation,2026-04-25T22:25:54.019571+00:00
158,AU,AUD,CPI,cpi_headline_yoy,349,household_spending_yoy,Household Spending (YoY),Growth,4,8,-0.204792,0.204792,low_sample_and_low_correlation,2026-04-25T22:25:54.019571+00:00
159,AU,AUD,CPI,cpi_headline_yoy,349,household_spending_yoy,Household Spending (YoY),Growth,2,9,0.148276,0.148276,low_sample_and_low_correlation,2026-04-25T22:25:54.019571+00:00
160,AU,AUD,CPI,cpi_headline_yoy,349,household_spending_yoy,Household Spending (YoY),Growth,1,9,-0.073851,0.073851,low_sample_and_low_correlation,2026-04-25T22:25:54.019571+00:00
161,AU,AUD,CPI,cpi_headline_yoy,349,household_spending_yoy,Household Spending (YoY),Growth,3,9,0.020255,0.020255,low_sample_and_low_correlation,2026-04-25T22:25:54.019571+00:00
162,AU,AUD,CPI,cpi_headline_yoy,350,nab_business_confidence,NAB Business Confidence,Growth,1,30,0.350566,0.350566,low_correlation,2026-04-25T22:25:54.019571+00:00
163,AU,AUD,CPI,cpi_headline_yoy,350,nab_business_confidence,NAB Business Confidence,Growth,4,29,0.274188,0.274188,low_correlation,2026-04-25T22:25:54.019571+00:00
164,AU,AUD,CPI,cpi_headline_yoy,350,nab_business_confidence,NAB Business Confidence,Growth,6,27,-0.204530,0.204530,low_correlation,2026-04-25T22:25:54.019571+00:00
165,AU,AUD,CPI,cpi_headline_yoy,350,nab_business_confidence,NAB Business Confidence,Growth,3,28,-0.078274,0.078274,low_correlation,2026-04-25T22:25:54.019571+00:00
166,AU,AUD,CPI,cpi_headline_yoy,350,nab_business_confidence,NAB Business Confidence,Growth,0,29,-0.045171,0.045171,low_correlation,2026-04-25T22:25:54.019571+00:00
167,AU,AUD,CPI,cpi_headline_yoy,350,nab_business_confidence,NAB Business Confidence,Growth,5,29,0.020429,0.020429,low_correlation,2026-04-25T22:25:54.019571+00:00
168,AU,AUD,CPI,cpi_headline_yoy,350,nab_business_confidence,NAB Business Confidence,Growth,2,30,-0.005902,0.005902,low_correlation,2026-04-25T22:25:54.019571+00:00
169,AU,AUD,CPI,cpi_headline_yoy,351,westpac_consumer_confidence_change,Westpac Consumer Confidence Change,Growth,0,31,0.363508,0.363508,low_correlation,2026-04-25T22:25:54.019571+00:00
170,AU,AUD,CPI,cpi_headline_yoy,351,westpac_consumer_confidence_change,Westpac Consumer Confidence Change,Growth,2,30,-0.311690,0.311690,low_correlation,2026-04-25T22:25:54.019571+00:00
171,AU,AUD,CPI,cpi_headline_yoy,351,westpac_consumer_confidence_change,Westpac Consumer Confidence Change,Growth,6,29,0.239388,0.239388,low_correlation,2026-04-25T22:25:54.019571+00:00
172,AU,AUD,CPI,cpi_headline_yoy,351,westpac_consumer_confidence_change,Westpac Consumer Confidence Change,Growth,3,30,0.234150,0.234150,low_correlation,2026-04-25T22:25:54.019571+00:00
173,AU,AUD,CPI,cpi_headline_yoy,351,westpac_consumer_confidence_change,Westpac Consumer Confidence Change,Growth,1,30,0.122848,0.122848,low_correlation,2026-04-25T22:25:54.019571+00:00
174,AU,AUD,CPI,cpi_headline_yoy,351,westpac_consumer_confidence_change,Westpac Consumer Confidence Change,Growth,4,29,0.057860,0.057860,low_correlation,2026-04-25T22:25:54.019571+00:00
175,AU,AUD,CPI,cpi_headline_yoy,352,westpac_consumer_confidence_index,Westpac Consumer Confidence Index,Growth,4,30,-0.522346,0.522346,not_best_lag,2026-04-25T22:25:54.019571+00:00
176,AU,AUD,CPI,cpi_headline_yoy,352,westpac_consumer_confidence_index,Westpac Consumer Confidence Index,Growth,2,30,-0.468037,0.468037,not_best_lag,2026-04-25T22:25:54.019571+00:00
177,AU,AUD,CPI,cpi_headline_yoy,352,westpac_consumer_confidence_index,Westpac Consumer Confidence Index,Growth,1,31,-0.394278,0.394278,low_correlation,2026-04-25T22:25:54.019571+00:00
178,AU,AUD,CPI,cpi_headline_yoy,352,westpac_consumer_confidence_index,Westpac Consumer Confidence Index,Growth,0,31,0.132319,0.132319,low_correlation,2026-04-25T22:25:54.019571+00:00
179,AU,AUD,CPI,cpi_headline_yoy,352,westpac_consumer_confidence_index,Westpac Consumer Confidence Index,Growth,6,29,-0.066068,0.066068,low_correlation,2026-04-25T22:25:54.019571+00:00
180,AU,AUD,CPI,cpi_headline_yoy,352,westpac_consumer_confidence_index,Westpac Consumer Confidence Index,Growth,3,30,-0.052664,0.052664,low_correlation,2026-04-25T22:25:54.019571+00:00
181,AU,AUD,CPI,cpi_headline_yoy,353,thomson_reuters_ipsos_pcsi,Thomson Reuters IPSOS PCSI,Growth,4,12,0.480095,0.480095,low_sample,2026-04-25T22:25:54.019571+00:00
182,AU,AUD,CPI,cpi_headline_yoy,353,thomson_reuters_ipsos_pcsi,Thomson Reuters IPSOS PCSI,Growth,6,11,0.466860,0.466860,low_sample,2026-04-25T22:25:54.019571+00:00
183,AU,AUD,CPI,cpi_headline_yoy,353,thomson_reuters_ipsos_pcsi,Thomson Reuters IPSOS PCSI,Growth,0,13,0.377864,0.377864,low_sample_and_low_correlation,2026-04-25T22:25:54.019571+00:00
184,AU,AUD,CPI,cpi_headline_yoy,353,thomson_reuters_ipsos_pcsi,Thomson Reuters IPSOS PCSI,Growth,3,12,0.335292,0.335292,low_sample_and_low_correlation,2026-04-25T22:25:54.019571+00:00
185,AU,AUD,CPI,cpi_headline_yoy,353,thomson_reuters_ipsos_pcsi,Thomson Reuters IPSOS PCSI,Growth,2,11,0.230547,0.230547,low_sample_and_low_correlation,2026-04-25T22:25:54.019571+00:00
186,AU,AUD,CPI,cpi_headline_yoy,353,thomson_reuters_ipsos_pcsi,Thomson Reuters IPSOS PCSI,Growth,5,10,-0.098694,0.098694,low_sample_and_low_correlation,2026-04-25T22:25:54.019571+00:00
187,AU,AUD,CPI,cpi_headline_yoy,353,thomson_reuters_ipsos_pcsi,Thomson Reuters IPSOS PCSI,Growth,1,13,-0.041144,0.041144,low_sample_and_low_correlation,2026-04-25T22:25:54.019571+00:00
188,AU,AUD,CPI,cpi_headline_yoy,354,housing_credit_mom,Housing Credit (MoM),Growth,1,19,-0.425420,0.425420,low_sample,2026-04-25T22:25:54.019571+00:00
189,AU,AUD,CPI,cpi_headline_yoy,354,housing_credit_mom,Housing Credit (MoM),Growth,6,18,-0.415098,0.415098,low_sample,2026-04-25T22:25:54.019571+00:00
190,AU,AUD,CPI,cpi_headline_yoy,354,housing_credit_mom,Housing Credit (MoM),Growth,0,13,-0.378057,0.378057,low_sample_and_low_correlation,2026-04-25T22:25:54.019571+00:00
191,AU,AUD,CPI,cpi_headline_yoy,354,housing_credit_mom,Housing Credit (MoM),Growth,3,19,-0.339472,0.339472,low_sample_and_low_correlation,2026-04-25T22:25:54.019571+00:00
192,AU,AUD,CPI,cpi_headline_yoy,354,housing_credit_mom,Housing Credit (MoM),Growth,4,18,-0.312678,0.312678,low_sample_and_low_correlation,2026-04-25T22:25:54.019571+00:00
193,AU,AUD,CPI,cpi_headline_yoy,354,housing_credit_mom,Housing Credit (MoM),Growth,5,18,-0.133453,0.133453,low_sample_and_low_correlation,2026-04-25T22:25:54.019571+00:00
194,AU,AUD,CPI,cpi_headline_yoy,354,housing_credit_mom,Housing Credit (MoM),Growth,2,19,-0.081989,0.081989,low_sample_and_low_correlation,2026-04-25T22:25:54.019571+00:00
195,AU,AUD,CPI,cpi_headline_yoy,355,manufacturing_pmi_flash,Manufacturing PMI Flash,Growth,1,8,0.488055,0.488055,low_sample,2026-04-25T22:25:54.019571+00:00
196,AU,AUD,CPI,cpi_headline_yoy,355,manufacturing_pmi_flash,Manufacturing PMI Flash,Growth,3,9,-0.311721,0.311721,low_sample_and_low_correlation,2026-04-25T22:25:54.019571+00:00
197,AU,AUD,CPI,cpi_headline_yoy,355,manufacturing_pmi_flash,Manufacturing PMI Flash,Growth,5,9,0.243086,0.243086,low_sample_and_low_correlation,2026-04-25T22:25:54.019571+00:00
198,AU,AUD,CPI,cpi_headline_yoy,355,manufacturing_pmi_flash,Manufacturing PMI Flash,Growth,2,10,0.197196,0.197196,low_sample_and_low_correlation,2026-04-25T22:25:54.019571+00:00
199,AU,AUD,CPI,cpi_headline_yoy,355,manufacturing_pmi_flash,Manufacturing PMI Flash,Growth,4,9,-0.050533,0.050533,low_sample_and_low_correlation,2026-04-25T22:25:54.019571+00:00
200,AU,AUD,CPI,cpi_headline_yoy,355,manufacturing_pmi_flash,Manufacturing PMI Flash,Growth,6,8,-0.032791,0.032791,low_sample_and_low_correlation,2026-04-25T22:25:54.019571+00:00
201,AU,AUD,CPI,cpi_headline_yoy,356,services_pmi_flash,Services PMI Flash,Growth,2,10,0.562136,0.562136,low_sample,2026-04-25T22:25:54.019571+00:00
202,AU,AUD,CPI,cpi_headline_yoy,356,services_pmi_flash,Services PMI Flash,Growth,1,8,-0.387478,0.387478,low_sample_and_low_correlation,2026-04-25T22:25:54.019571+00:00
203,AU,AUD,CPI,cpi_headline_yoy,356,services_pmi_flash,Services PMI Flash,Growth,4,9,-0.360223,0.360223,low_sample_and_low_correlation,2026-04-25T22:25:54.019571+00:00
204,AU,AUD,CPI,cpi_headline_yoy,356,services_pmi_flash,Services PMI Flash,Growth,6,8,0.333396,0.333396,low_sample_and_low_correlation,2026-04-25T22:25:54.019571+00:00
205,AU,AUD,CPI,cpi_headline_yoy,356,services_pmi_flash,Services PMI Flash,Growth,3,9,0.225828,0.225828,low_sample_and_low_correlation,2026-04-25T22:25:54.019571+00:00
206,AU,AUD,CPI,cpi_headline_yoy,356,services_pmi_flash,Services PMI Flash,Growth,5,9,-0.178527,0.178527,low_sample_and_low_correlation,2026-04-25T22:25:54.019571+00:00
207,AU,AUD,CPI,cpi_headline_yoy,357,composite_pmi_flash,Composite PMI Flash,Growth,2,10,0.546737,0.546737,low_sample,2026-04-25T22:25:54.019571+00:00
208,AU,AUD,CPI,cpi_headline_yoy,357,composite_pmi_flash,Composite PMI Flash,Growth,4,9,-0.365424,0.365424,low_sample_and_low_correlation,2026-04-25T22:25:54.019571+00:00
209,AU,AUD,CPI,cpi_headline_yoy,357,composite_pmi_flash,Composite PMI Flash,Growth,6,8,0.336573,0.336573,low_sample_and_low_correlation,2026-04-25T22:25:54.019571+00:00
210,AU,AUD,CPI,cpi_headline_yoy,357,composite_pmi_flash,Composite PMI Flash,Growth,1,8,-0.312187,0.312187,low_sample_and_low_correlation,2026-04-25T22:25:54.019571+00:00
211,AU,AUD,CPI,cpi_headline_yoy,357,composite_pmi_flash,Composite PMI Flash,Growth,5,9,-0.255260,0.255260,low_sample_and_low_correlation,2026-04-25T22:25:54.019571+00:00
212,AU,AUD,CPI,cpi_headline_yoy,357,composite_pmi_flash,Composite PMI Flash,Growth,3,9,0.219187,0.219187,low_sample_and_low_correlation,2026-04-25T22:25:54.019571+00:00
213,AU,AUD,CPI,cpi_headline_yoy,360,private_house_approvals_mom,Private House Approvals (MoM),Growth,4,40,-0.213410,0.213410,low_correlation,2026-04-25T22:25:54.019571+00:00
214,AU,AUD,CPI,cpi_headline_yoy,360,private_house_approvals_mom,Private House Approvals (MoM),Growth,2,34,0.185836,0.185836,low_correlation,2026-04-25T22:25:54.019571+00:00
215,AU,AUD,CPI,cpi_headline_yoy,360,private_house_approvals_mom,Private House Approvals (MoM),Growth,1,36,-0.173554,0.173554,low_correlation,2026-04-25T22:25:54.019571+00:00
216,AU,AUD,CPI,cpi_headline_yoy,360,private_house_approvals_mom,Private House Approvals (MoM),Growth,5,36,0.165762,0.165762,low_correlation,2026-04-25T22:25:54.019571+00:00
217,AU,AUD,CPI,cpi_headline_yoy,360,private_house_approvals_mom,Private House Approvals (MoM),Growth,3,37,-0.134916,0.134916,low_correlation,2026-04-25T22:25:54.019571+00:00
218,AU,AUD,CPI,cpi_headline_yoy,360,private_house_approvals_mom,Private House Approvals (MoM),Growth,6,37,-0.092831,0.092831,low_correlation,2026-04-25T22:25:54.019571+00:00
219,AU,AUD,CPI,cpi_headline_qoq,115,cpi_headline_yoy,Headline CPI (YoY),Inflation,6,20,0.455108,0.455108,low_sample,2026-04-25T22:25:54.019571+00:00
220,AU,AUD,CPI,cpi_headline_yoy,360,private_house_approvals_mom,Private House Approvals (MoM),Growth,0,23,-0.091546,0.091546,low_sample_and_low_correlation,2026-04-25T22:25:54.019571+00:00
221,AU,AUD,CPI,cpi_headline_yoy,361,corelogic_dwelling_prices_mom,CoreLogic Dwelling Prices (MoM),Growth,3,9,0.743025,0.743025,low_sample,2026-04-25T22:25:54.019571+00:00
222,AU,AUD,CPI,cpi_headline_yoy,361,corelogic_dwelling_prices_mom,CoreLogic Dwelling Prices (MoM),Growth,5,12,0.721942,0.721942,low_sample,2026-04-25T22:25:54.019571+00:00
223,AU,AUD,CPI,cpi_headline_yoy,361,corelogic_dwelling_prices_mom,CoreLogic Dwelling Prices (MoM),Growth,6,13,0.682188,0.682188,low_sample,2026-04-25T22:25:54.019571+00:00
224,AU,AUD,CPI,cpi_headline_yoy,361,corelogic_dwelling_prices_mom,CoreLogic Dwelling Prices (MoM),Growth,0,9,0.681684,0.681684,low_sample,2026-04-25T22:25:54.019571+00:00
225,AU,AUD,CPI,cpi_headline_yoy,361,corelogic_dwelling_prices_mom,CoreLogic Dwelling Prices (MoM),Growth,2,10,0.666824,0.666824,low_sample,2026-04-25T22:25:54.019571+00:00
226,AU,AUD,CPI,cpi_headline_yoy,361,corelogic_dwelling_prices_mom,CoreLogic Dwelling Prices (MoM),Growth,4,11,0.617308,0.617308,low_sample,2026-04-25T22:25:54.019571+00:00
227,AU,AUD,CPI,cpi_headline_yoy,361,corelogic_dwelling_prices_mom,CoreLogic Dwelling Prices (MoM),Growth,1,11,0.512363,0.512363,low_sample,2026-04-25T22:25:54.019571+00:00
228,AU,AUD,CPI,cpi_headline_yoy,362,ai_group_services_index,Ai Group Services Index,Growth,4,10,0.273886,0.273886,low_sample_and_low_correlation,2026-04-25T22:25:54.019571+00:00
229,AU,AUD,CPI,cpi_headline_yoy,362,ai_group_services_index,Ai Group Services Index,Growth,1,10,0.265678,0.265678,low_sample_and_low_correlation,2026-04-25T22:25:54.019571+00:00
230,AU,AUD,CPI,cpi_headline_yoy,362,ai_group_services_index,Ai Group Services Index,Growth,6,10,0.226503,0.226503,low_sample_and_low_correlation,2026-04-25T22:25:54.019571+00:00
231,AU,AUD,CPI,cpi_headline_yoy,362,ai_group_services_index,Ai Group Services Index,Growth,2,12,-0.148554,0.148554,low_sample_and_low_correlation,2026-04-25T22:25:54.019571+00:00
232,AU,AUD,CPI,cpi_headline_yoy,362,ai_group_services_index,Ai Group Services Index,Growth,0,10,0.138683,0.138683,low_sample_and_low_correlation,2026-04-25T22:25:54.019571+00:00
233,AU,AUD,CPI,cpi_headline_yoy,362,ai_group_services_index,Ai Group Services Index,Growth,5,12,-0.113272,0.113272,low_sample_and_low_correlation,2026-04-25T22:25:54.019571+00:00
234,AU,AUD,CPI,cpi_headline_yoy,362,ai_group_services_index,Ai Group Services Index,Growth,3,10,0.085500,0.085500,low_sample_and_low_correlation,2026-04-25T22:25:54.019571+00:00
235,AU,AUD,CPI,cpi_headline_yoy,363,balance_of_trade,Balance of Trade,Growth,0,23,-0.339928,0.339928,low_sample_and_low_correlation,2026-04-25T22:25:54.019571+00:00
236,AU,AUD,CPI,cpi_headline_yoy,363,balance_of_trade,Balance of Trade,Growth,2,31,0.304234,0.304234,low_correlation,2026-04-25T22:25:54.019571+00:00
237,AU,AUD,CPI,cpi_headline_yoy,363,balance_of_trade,Balance of Trade,Growth,5,30,0.247510,0.247510,low_correlation,2026-04-25T22:25:54.019571+00:00
238,AU,AUD,CPI,cpi_headline_yoy,363,balance_of_trade,Balance of Trade,Growth,1,31,-0.216602,0.216602,low_correlation,2026-04-25T22:25:54.019571+00:00
239,AU,AUD,CPI,cpi_headline_yoy,363,balance_of_trade,Balance of Trade,Growth,4,30,-0.090495,0.090495,low_correlation,2026-04-25T22:25:54.019571+00:00
240,AU,AUD,CPI,cpi_headline_yoy,363,balance_of_trade,Balance of Trade,Growth,6,30,0.087032,0.087032,low_correlation,2026-04-25T22:25:54.019571+00:00
241,AU,AUD,CPI,cpi_headline_yoy,363,balance_of_trade,Balance of Trade,Growth,3,31,-0.015630,0.015630,low_correlation,2026-04-25T22:25:54.019571+00:00
242,AU,AUD,CPI,cpi_headline_yoy,364,exports_mom,Exports (MoM),Growth,5,30,0.225155,0.225155,low_correlation,2026-04-25T22:25:54.019571+00:00
243,AU,AUD,CPI,cpi_headline_yoy,364,exports_mom,Exports (MoM),Growth,4,29,-0.204063,0.204063,low_correlation,2026-04-25T22:25:54.019571+00:00
244,AU,AUD,CPI,cpi_headline_yoy,364,exports_mom,Exports (MoM),Growth,6,30,0.203869,0.203869,low_correlation,2026-04-25T22:25:54.019571+00:00
245,AU,AUD,CPI,cpi_headline_yoy,364,exports_mom,Exports (MoM),Growth,2,31,0.186811,0.186811,low_correlation,2026-04-25T22:25:54.019571+00:00
246,AU,AUD,CPI,cpi_headline_yoy,364,exports_mom,Exports (MoM),Growth,1,30,-0.144567,0.144567,low_correlation,2026-04-25T22:25:54.019571+00:00
247,AU,AUD,CPI,cpi_headline_yoy,364,exports_mom,Exports (MoM),Growth,3,31,0.117543,0.117543,low_correlation,2026-04-25T22:25:54.019571+00:00
248,AU,AUD,CPI,cpi_headline_yoy,364,exports_mom,Exports (MoM),Growth,0,23,-0.099423,0.099423,low_sample_and_low_correlation,2026-04-25T22:25:54.019571+00:00
249,AU,AUD,CPI,cpi_headline_yoy,365,imports_mom,Imports (MoM),Growth,4,30,-0.247165,0.247165,low_correlation,2026-04-25T22:25:54.019571+00:00
250,AU,AUD,CPI,cpi_headline_yoy,365,imports_mom,Imports (MoM),Growth,5,30,0.116959,0.116959,low_correlation,2026-04-25T22:25:54.019571+00:00
251,AU,AUD,CPI,cpi_headline_yoy,365,imports_mom,Imports (MoM),Growth,0,23,0.112792,0.112792,low_sample_and_low_correlation,2026-04-25T22:25:54.019571+00:00
252,AU,AUD,CPI,cpi_headline_yoy,365,imports_mom,Imports (MoM),Growth,1,31,-0.082741,0.082741,low_correlation,2026-04-25T22:25:54.019571+00:00
253,AU,AUD,CPI,cpi_headline_yoy,365,imports_mom,Imports (MoM),Growth,2,31,-0.031093,0.031093,low_correlation,2026-04-25T22:25:54.019571+00:00
254,AU,AUD,CPI,cpi_headline_yoy,365,imports_mom,Imports (MoM),Growth,6,30,-0.018409,0.018409,low_correlation,2026-04-25T22:25:54.019571+00:00
255,AU,AUD,CPI,cpi_headline_yoy,365,imports_mom,Imports (MoM),Growth,3,31,0.017925,0.017925,low_correlation,2026-04-25T22:25:54.019571+00:00
256,AU,AUD,CPI,cpi_headline_yoy,366,current_account,Current Account,Growth,3,21,-0.334084,0.334084,low_sample_and_low_correlation,2026-04-25T22:25:54.019571+00:00
257,AU,AUD,CPI,cpi_headline_yoy,366,current_account,Current Account,Growth,6,23,-0.175098,0.175098,low_sample_and_low_correlation,2026-04-25T22:25:54.019571+00:00
258,AU,AUD,CPI,cpi_headline_mom,115,cpi_headline_yoy,Headline CPI (YoY),Inflation,0,8,0.104275,0.104275,low_sample_and_low_correlation,2026-04-25T22:25:54.019571+00:00
259,AU,AUD,CPI,cpi_headline_mom,134,manufacturing_pmi,Manufacturing PMI,Growth,4,8,-0.119249,0.119249,low_sample_and_low_correlation,2026-04-25T22:25:54.019571+00:00
260,AU,AUD,CPI,cpi_headline_mom,135,services_pmi,Services PMI,Growth,4,8,0.139252,0.139252,low_sample_and_low_correlation,2026-04-25T22:25:54.019571+00:00
261,AU,AUD,CPI,cpi_headline_mom,200,building_permits,Building Permits,Growth,4,8,0.303908,0.303908,low_sample_and_low_correlation,2026-04-25T22:25:54.019571+00:00
262,AU,AUD,CPI,cpi_headline_mom,200,building_permits,Building Permits,Growth,5,8,0.186438,0.186438,low_sample_and_low_correlation,2026-04-25T22:25:54.019571+00:00
263,AU,AUD,CPI,cpi_headline_mom,200,building_permits,Building Permits,Growth,6,8,-0.120677,0.120677,low_sample_and_low_correlation,2026-04-25T22:25:54.019571+00:00
264,AU,AUD,CPI,cpi_headline_mom,360,private_house_approvals_mom,Private House Approvals (MoM),Growth,6,8,0.941691,0.941691,low_sample,2026-04-25T22:25:54.019571+00:00
265,AU,AUD,CPI,cpi_headline_mom,360,private_house_approvals_mom,Private House Approvals (MoM),Growth,5,8,-0.908226,0.908226,low_sample,2026-04-25T22:25:54.019571+00:00
266,AU,AUD,CPI,cpi_headline_mom,360,private_house_approvals_mom,Private House Approvals (MoM),Growth,4,8,0.894211,0.894211,low_sample,2026-04-25T22:25:54.019571+00:00
267,AU,AUD,CPI,cpi_headline_qoq,115,cpi_headline_yoy,Headline CPI (YoY),Inflation,0,22,0.831128,0.831128,low_sample,2026-04-25T22:25:54.019571+00:00
268,AU,AUD,CPI,cpi_headline_qoq,115,cpi_headline_yoy,Headline CPI (YoY),Inflation,3,21,0.218699,0.218699,low_sample_and_low_correlation,2026-04-25T22:25:54.019571+00:00
269,AU,AUD,CPI,cpi_headline_qoq,118,consumer_price_index,Consumer Price Index,Inflation,0,11,0.587554,0.587554,low_sample,2026-04-25T22:25:54.019571+00:00
270,AU,AUD,CPI,cpi_headline_qoq,118,consumer_price_index,Consumer Price Index,Inflation,6,9,-0.120838,0.120838,low_sample_and_low_correlation,2026-04-25T22:25:54.019571+00:00
271,AU,AUD,CPI,cpi_headline_qoq,118,consumer_price_index,Consumer Price Index,Inflation,3,10,0.047011,0.047011,low_sample_and_low_correlation,2026-04-25T22:25:54.019571+00:00
272,AU,AUD,CPI,cpi_headline_qoq,119,rba_trimmed_mean_cpi_qoq,RBA Trimmed Mean CPI (QoQ),Inflation,0,22,0.840056,0.840056,low_sample,2026-04-25T22:25:54.019571+00:00
273,AU,AUD,CPI,cpi_headline_qoq,119,rba_trimmed_mean_cpi_qoq,RBA Trimmed Mean CPI (QoQ),Inflation,6,20,0.535087,0.535087,low_sample,2026-04-25T22:25:54.019571+00:00
274,AU,AUD,CPI,cpi_headline_qoq,119,rba_trimmed_mean_cpi_qoq,RBA Trimmed Mean CPI (QoQ),Inflation,3,21,0.289551,0.289551,low_sample_and_low_correlation,2026-04-25T22:25:54.019571+00:00
275,AU,AUD,CPI,cpi_headline_qoq,120,rba_trimmed_mean_cpi_yoy,RBA Trimmed Mean CPI (YoY),Inflation,6,20,0.722356,0.722356,low_sample,2026-04-25T22:25:54.019571+00:00
276,AU,AUD,CPI,cpi_headline_qoq,120,rba_trimmed_mean_cpi_yoy,RBA Trimmed Mean CPI (YoY),Inflation,0,22,0.626109,0.626109,low_sample,2026-04-25T22:25:54.019571+00:00
277,AU,AUD,CPI,cpi_headline_qoq,120,rba_trimmed_mean_cpi_yoy,RBA Trimmed Mean CPI (YoY),Inflation,3,21,0.548620,0.548620,low_sample,2026-04-25T22:25:54.019571+00:00
278,AU,AUD,CPI,cpi_headline_qoq,121,export_price_index_qoq,Export Price Index (QoQ),Inflation,3,26,-0.155317,0.155317,low_correlation,2026-04-25T22:25:54.019571+00:00
279,AU,AUD,CPI,cpi_headline_qoq,121,export_price_index_qoq,Export Price Index (QoQ),Inflation,6,24,0.107260,0.107260,low_correlation,2026-04-25T22:25:54.019571+00:00
280,AU,AUD,CPI,cpi_headline_qoq,122,import_price_index_qoq,Import Price Index (QoQ),Inflation,6,24,0.305767,0.305767,low_correlation,2026-04-25T22:25:54.019571+00:00
281,AU,AUD,CPI,cpi_headline_qoq,122,import_price_index_qoq,Import Price Index (QoQ),Inflation,3,25,-0.070046,0.070046,low_correlation,2026-04-25T22:25:54.019571+00:00
282,AU,AUD,CPI,cpi_headline_qoq,123,producer_price_index_qoq,Producer Price Index (QoQ),Inflation,6,20,0.214948,0.214948,low_sample_and_low_correlation,2026-04-25T22:25:54.019571+00:00
283,AU,AUD,CPI,cpi_headline_qoq,123,producer_price_index_qoq,Producer Price Index (QoQ),Inflation,3,21,-0.131325,0.131325,low_sample_and_low_correlation,2026-04-25T22:25:54.019571+00:00
284,AU,AUD,CPI,cpi_headline_qoq,124,producer_price_index_yoy,Producer Price Index (YoY),Inflation,6,20,0.232866,0.232866,low_sample_and_low_correlation,2026-04-25T22:25:54.019571+00:00
285,AU,AUD,CPI,cpi_headline_qoq,124,producer_price_index_yoy,Producer Price Index (YoY),Inflation,3,21,-0.093472,0.093472,low_sample_and_low_correlation,2026-04-25T22:25:54.019571+00:00
286,AU,AUD,CPI,cpi_headline_qoq,125,commodity_prices_yoy,Commodity Prices (YoY),Inflation,5,15,-0.476810,0.476810,low_sample,2026-04-25T22:25:54.019571+00:00
287,AU,AUD,CPI,cpi_headline_qoq,125,commodity_prices_yoy,Commodity Prices (YoY),Inflation,2,16,-0.472540,0.472540,low_sample,2026-04-25T22:25:54.019571+00:00
288,AU,AUD,CPI,cpi_headline_qoq,125,commodity_prices_yoy,Commodity Prices (YoY),Inflation,0,16,-0.298798,0.298798,low_sample_and_low_correlation,2026-04-25T22:25:54.019571+00:00
289,AU,AUD,CPI,cpi_headline_qoq,125,commodity_prices_yoy,Commodity Prices (YoY),Inflation,4,15,0.295741,0.295741,low_sample_and_low_correlation,2026-04-25T22:25:54.019571+00:00
290,AU,AUD,CPI,cpi_headline_qoq,125,commodity_prices_yoy,Commodity Prices (YoY),Inflation,3,15,-0.116577,0.116577,low_sample_and_low_correlation,2026-04-25T22:25:54.019571+00:00
291,AU,AUD,CPI,cpi_headline_qoq,125,commodity_prices_yoy,Commodity Prices (YoY),Inflation,1,16,0.085921,0.085921,low_sample_and_low_correlation,2026-04-25T22:25:54.019571+00:00
292,AU,AUD,CPI,cpi_headline_qoq,125,commodity_prices_yoy,Commodity Prices (YoY),Inflation,6,14,0.002316,0.002316,low_sample_and_low_correlation,2026-04-25T22:25:54.019571+00:00
293,AU,AUD,CPI,cpi_headline_qoq,126,unemployment_rate,Unemployment Rate,Labor,4,23,-0.420805,0.420805,low_sample,2026-04-25T22:25:54.019571+00:00
294,AU,AUD,CPI,cpi_headline_qoq,126,unemployment_rate,Unemployment Rate,Labor,1,24,-0.270520,0.270520,low_correlation,2026-04-25T22:25:54.019571+00:00
295,AU,AUD,CPI,cpi_headline_qoq,126,unemployment_rate,Unemployment Rate,Labor,6,22,-0.269587,0.269587,low_sample_and_low_correlation,2026-04-25T22:25:54.019571+00:00
296,AU,AUD,CPI,cpi_headline_qoq,126,unemployment_rate,Unemployment Rate,Labor,5,23,-0.132071,0.132071,low_sample_and_low_correlation,2026-04-25T22:25:54.019571+00:00
297,AU,AUD,CPI,cpi_headline_qoq,126,unemployment_rate,Unemployment Rate,Labor,2,24,-0.078438,0.078438,low_correlation,2026-04-25T22:25:54.019571+00:00
298,AU,AUD,CPI,cpi_headline_qoq,126,unemployment_rate,Unemployment Rate,Labor,3,23,-0.017243,0.017243,low_sample_and_low_correlation,2026-04-25T22:25:54.019571+00:00
299,AU,AUD,CPI,cpi_headline_qoq,127,employment_change,Employment Change,Labor,3,23,-0.227073,0.227073,low_sample_and_low_correlation,2026-04-25T22:25:54.019571+00:00
300,AU,AUD,CPI,cpi_headline_qoq,127,employment_change,Employment Change,Labor,2,24,0.142121,0.142121,low_correlation,2026-04-25T22:25:54.019571+00:00
301,AU,AUD,CPI,cpi_headline_qoq,127,employment_change,Employment Change,Labor,1,24,0.130209,0.130209,low_correlation,2026-04-25T22:25:54.019571+00:00
302,AU,AUD,CPI,cpi_headline_qoq,127,employment_change,Employment Change,Labor,4,23,-0.107746,0.107746,low_sample_and_low_correlation,2026-04-25T22:25:54.019571+00:00
303,AU,AUD,CPI,cpi_headline_qoq,127,employment_change,Employment Change,Labor,5,23,-0.081027,0.081027,low_sample_and_low_correlation,2026-04-25T22:25:54.019571+00:00
304,AU,AUD,CPI,cpi_headline_qoq,127,employment_change,Employment Change,Labor,6,22,0.036748,0.036748,low_sample_and_low_correlation,2026-04-25T22:25:54.019571+00:00
305,AU,AUD,CPI,cpi_headline_qoq,128,full_time_employment_change,Full-Time Employment Change,Labor,2,24,0.304842,0.304842,low_correlation,2026-04-25T22:25:54.019571+00:00
306,AU,AUD,CPI,cpi_headline_qoq,128,full_time_employment_change,Full-Time Employment Change,Labor,3,23,-0.297735,0.297735,low_sample_and_low_correlation,2026-04-25T22:25:54.019571+00:00
307,AU,AUD,CPI,cpi_headline_qoq,128,full_time_employment_change,Full-Time Employment Change,Labor,6,22,-0.111174,0.111174,low_sample_and_low_correlation,2026-04-25T22:25:54.019571+00:00
308,AU,AUD,CPI,cpi_headline_qoq,128,full_time_employment_change,Full-Time Employment Change,Labor,5,23,-0.050369,0.050369,low_sample_and_low_correlation,2026-04-25T22:25:54.019571+00:00
309,AU,AUD,CPI,cpi_headline_qoq,128,full_time_employment_change,Full-Time Employment Change,Labor,1,24,0.025031,0.025031,low_correlation,2026-04-25T22:25:54.019571+00:00
310,AU,AUD,CPI,cpi_headline_qoq,128,full_time_employment_change,Full-Time Employment Change,Labor,4,23,0.004381,0.004381,low_sample_and_low_correlation,2026-04-25T22:25:54.019571+00:00
311,CA,CAD,GDP,gdp_mom,214,exports,Exports,Growth,2,94,-0.221375,0.221375,low_correlation,2026-04-25T22:25:54.019571+00:00
312,AU,AUD,CPI,cpi_headline_qoq,129,part_time_employment_change,Part-Time Employment Change,Labor,3,23,-0.208216,0.208216,low_sample_and_low_correlation,2026-04-25T22:25:54.019571+00:00
313,AU,AUD,CPI,cpi_headline_qoq,129,part_time_employment_change,Part-Time Employment Change,Labor,6,22,0.071247,0.071247,low_sample_and_low_correlation,2026-04-25T22:25:54.019571+00:00
314,AU,AUD,CPI,cpi_headline_qoq,129,part_time_employment_change,Part-Time Employment Change,Labor,1,24,0.031025,0.031025,low_correlation,2026-04-25T22:25:54.019571+00:00
315,AU,AUD,CPI,cpi_headline_qoq,129,part_time_employment_change,Part-Time Employment Change,Labor,2,24,0.021312,0.021312,low_correlation,2026-04-25T22:25:54.019571+00:00
316,AU,AUD,CPI,cpi_headline_qoq,129,part_time_employment_change,Part-Time Employment Change,Labor,5,23,0.016018,0.016018,low_sample_and_low_correlation,2026-04-25T22:25:54.019571+00:00
317,AU,AUD,CPI,cpi_headline_qoq,129,part_time_employment_change,Part-Time Employment Change,Labor,4,23,0.007488,0.007488,low_sample_and_low_correlation,2026-04-25T22:25:54.019571+00:00
318,AU,AUD,CPI,cpi_headline_qoq,131,leading_index_mom,Leading Index (MoM),Growth,5,23,-0.441553,0.441553,low_sample,2026-04-25T22:25:54.019571+00:00
319,AU,AUD,CPI,cpi_headline_qoq,131,leading_index_mom,Leading Index (MoM),Growth,1,21,0.347372,0.347372,low_sample_and_low_correlation,2026-04-25T22:25:54.019571+00:00
320,AU,AUD,CPI,cpi_headline_qoq,131,leading_index_mom,Leading Index (MoM),Growth,0,23,0.306510,0.306510,low_sample_and_low_correlation,2026-04-25T22:25:54.019571+00:00
321,AU,AUD,CPI,cpi_headline_qoq,131,leading_index_mom,Leading Index (MoM),Growth,4,23,-0.191154,0.191154,low_sample_and_low_correlation,2026-04-25T22:25:54.019571+00:00
322,AU,AUD,CPI,cpi_headline_qoq,131,leading_index_mom,Leading Index (MoM),Growth,6,21,0.163720,0.163720,low_sample_and_low_correlation,2026-04-25T22:25:54.019571+00:00
323,AU,AUD,CPI,cpi_headline_qoq,131,leading_index_mom,Leading Index (MoM),Growth,2,25,-0.088368,0.088368,low_correlation,2026-04-25T22:25:54.019571+00:00
324,AU,AUD,CPI,cpi_headline_qoq,131,leading_index_mom,Leading Index (MoM),Growth,3,21,0.048270,0.048270,low_sample_and_low_correlation,2026-04-25T22:25:54.019571+00:00
325,AU,AUD,CPI,cpi_headline_qoq,132,private_sector_credit_mom,Private Sector Credit (MoM),Growth,0,21,-0.369613,0.369613,low_sample_and_low_correlation,2026-04-25T22:25:54.019571+00:00
326,AU,AUD,CPI,cpi_headline_qoq,132,private_sector_credit_mom,Private Sector Credit (MoM),Growth,2,23,-0.272512,0.272512,low_sample_and_low_correlation,2026-04-25T22:25:54.019571+00:00
327,AU,AUD,CPI,cpi_headline_qoq,132,private_sector_credit_mom,Private Sector Credit (MoM),Growth,5,22,0.177007,0.177007,low_sample_and_low_correlation,2026-04-25T22:25:54.019571+00:00
328,AU,AUD,CPI,cpi_headline_qoq,132,private_sector_credit_mom,Private Sector Credit (MoM),Growth,4,23,0.135601,0.135601,low_sample_and_low_correlation,2026-04-25T22:25:54.019571+00:00
329,AU,AUD,CPI,cpi_headline_qoq,132,private_sector_credit_mom,Private Sector Credit (MoM),Growth,6,20,-0.133046,0.133046,low_sample_and_low_correlation,2026-04-25T22:25:54.019571+00:00
330,AU,AUD,CPI,cpi_headline_qoq,132,private_sector_credit_mom,Private Sector Credit (MoM),Growth,3,21,-0.046876,0.046876,low_sample_and_low_correlation,2026-04-25T22:25:54.019571+00:00
331,AU,AUD,CPI,cpi_headline_qoq,133,private_sector_credit_yoy,Private Sector Credit (YoY),Growth,5,23,0.349363,0.349363,low_sample_and_low_correlation,2026-04-25T22:25:54.019571+00:00
332,AU,AUD,CPI,cpi_headline_qoq,133,private_sector_credit_yoy,Private Sector Credit (YoY),Growth,3,23,0.254606,0.254606,low_sample_and_low_correlation,2026-04-25T22:25:54.019571+00:00
333,AU,AUD,CPI,cpi_headline_qoq,133,private_sector_credit_yoy,Private Sector Credit (YoY),Growth,1,24,-0.245297,0.245297,low_correlation,2026-04-25T22:25:54.019571+00:00
334,AU,AUD,CPI,cpi_headline_qoq,133,private_sector_credit_yoy,Private Sector Credit (YoY),Growth,2,24,-0.226688,0.226688,low_correlation,2026-04-25T22:25:54.019571+00:00
335,AU,AUD,CPI,cpi_headline_qoq,133,private_sector_credit_yoy,Private Sector Credit (YoY),Growth,6,22,0.165595,0.165595,low_sample_and_low_correlation,2026-04-25T22:25:54.019571+00:00
336,AU,AUD,CPI,cpi_headline_qoq,133,private_sector_credit_yoy,Private Sector Credit (YoY),Growth,4,23,0.162682,0.162682,low_sample_and_low_correlation,2026-04-25T22:25:54.019571+00:00
337,AU,AUD,CPI,cpi_headline_qoq,133,private_sector_credit_yoy,Private Sector Credit (YoY),Growth,0,23,-0.066146,0.066146,low_sample_and_low_correlation,2026-04-25T22:25:54.019571+00:00
338,AU,AUD,CPI,cpi_headline_qoq,134,manufacturing_pmi,Manufacturing PMI,Growth,0,32,0.490177,0.490177,not_best_lag,2026-04-25T22:25:54.019571+00:00
339,AU,AUD,CPI,cpi_headline_qoq,134,manufacturing_pmi,Manufacturing PMI,Growth,3,32,-0.391576,0.391576,low_correlation,2026-04-25T22:25:54.019571+00:00
340,AU,AUD,CPI,cpi_headline_qoq,134,manufacturing_pmi,Manufacturing PMI,Growth,4,33,0.147510,0.147510,low_correlation,2026-04-25T22:25:54.019571+00:00
341,AU,AUD,CPI,cpi_headline_qoq,134,manufacturing_pmi,Manufacturing PMI,Growth,1,33,0.066378,0.066378,low_correlation,2026-04-25T22:25:54.019571+00:00
342,AU,AUD,CPI,cpi_headline_qoq,134,manufacturing_pmi,Manufacturing PMI,Growth,6,29,-0.030618,0.030618,low_correlation,2026-04-25T22:25:54.019571+00:00
343,AU,AUD,CPI,cpi_headline_qoq,134,manufacturing_pmi,Manufacturing PMI,Growth,5,31,-0.010728,0.010728,low_correlation,2026-04-25T22:25:54.019571+00:00
344,AU,AUD,CPI,cpi_headline_qoq,135,services_pmi,Services PMI,Growth,0,35,0.305244,0.305244,low_correlation,2026-04-25T22:25:54.019571+00:00
345,AU,AUD,CPI,cpi_headline_qoq,135,services_pmi,Services PMI,Growth,3,34,-0.274668,0.274668,low_correlation,2026-04-25T22:25:54.019571+00:00
346,AU,AUD,CPI,cpi_headline_qoq,135,services_pmi,Services PMI,Growth,4,33,-0.253565,0.253565,low_correlation,2026-04-25T22:25:54.019571+00:00
347,AU,AUD,CPI,cpi_headline_qoq,135,services_pmi,Services PMI,Growth,5,32,-0.141411,0.141411,low_correlation,2026-04-25T22:25:54.019571+00:00
348,AU,AUD,CPI,cpi_headline_qoq,135,services_pmi,Services PMI,Growth,2,35,-0.011568,0.011568,low_correlation,2026-04-25T22:25:54.019571+00:00
349,AU,AUD,CPI,cpi_headline_qoq,135,services_pmi,Services PMI,Growth,6,31,0.003742,0.003742,low_correlation,2026-04-25T22:25:54.019571+00:00
350,AU,AUD,CPI,cpi_headline_qoq,136,composite_pmi,Composite PMI,Growth,0,30,0.387336,0.387336,low_correlation,2026-04-25T22:25:54.019571+00:00
351,AU,AUD,CPI,cpi_headline_qoq,136,composite_pmi,Composite PMI,Growth,3,30,-0.222947,0.222947,low_correlation,2026-04-25T22:25:54.019571+00:00
352,AU,AUD,CPI,cpi_headline_qoq,136,composite_pmi,Composite PMI,Growth,5,29,-0.187229,0.187229,low_correlation,2026-04-25T22:25:54.019571+00:00
353,AU,AUD,CPI,cpi_headline_qoq,136,composite_pmi,Composite PMI,Growth,6,29,-0.182866,0.182866,low_correlation,2026-04-25T22:25:54.019571+00:00
354,AU,AUD,CPI,cpi_headline_qoq,136,composite_pmi,Composite PMI,Growth,4,29,-0.152743,0.152743,low_correlation,2026-04-25T22:25:54.019571+00:00
355,AU,AUD,CPI,cpi_headline_qoq,136,composite_pmi,Composite PMI,Growth,2,30,-0.063261,0.063261,low_correlation,2026-04-25T22:25:54.019571+00:00
356,AU,AUD,CPI,cpi_headline_qoq,199,retail_sales_mom,Retail Sales (MoM),Growth,5,35,-0.408255,0.408255,not_best_lag,2026-04-25T22:25:54.019571+00:00
357,AU,AUD,CPI,cpi_headline_qoq,199,retail_sales_mom,Retail Sales (MoM),Growth,4,35,0.262131,0.262131,low_correlation,2026-04-25T22:25:54.019571+00:00
358,AU,AUD,CPI,cpi_headline_qoq,199,retail_sales_mom,Retail Sales (MoM),Growth,0,33,0.232332,0.232332,low_correlation,2026-04-25T22:25:54.019571+00:00
359,AU,AUD,CPI,cpi_headline_qoq,199,retail_sales_mom,Retail Sales (MoM),Growth,6,34,-0.161810,0.161810,low_correlation,2026-04-25T22:25:54.019571+00:00
360,AU,AUD,CPI,cpi_headline_qoq,199,retail_sales_mom,Retail Sales (MoM),Growth,3,33,-0.103046,0.103046,low_correlation,2026-04-25T22:25:54.019571+00:00
361,AU,AUD,CPI,cpi_headline_qoq,199,retail_sales_mom,Retail Sales (MoM),Growth,2,35,-0.059296,0.059296,low_correlation,2026-04-25T22:25:54.019571+00:00
362,AU,AUD,CPI,cpi_headline_qoq,200,building_permits,Building Permits,Growth,5,32,0.309633,0.309633,low_correlation,2026-04-25T22:25:54.019571+00:00
363,AU,AUD,CPI,cpi_headline_qoq,200,building_permits,Building Permits,Growth,1,36,0.243917,0.243917,low_correlation,2026-04-25T22:25:54.019571+00:00
364,AU,AUD,CPI,cpi_headline_qoq,200,building_permits,Building Permits,Growth,0,33,-0.193986,0.193986,low_correlation,2026-04-25T22:25:54.019571+00:00
365,AU,AUD,CPI,cpi_headline_qoq,200,building_permits,Building Permits,Growth,4,36,0.091377,0.091377,low_correlation,2026-04-25T22:25:54.019571+00:00
366,AU,AUD,CPI,cpi_headline_qoq,200,building_permits,Building Permits,Growth,2,34,0.043856,0.043856,low_correlation,2026-04-25T22:25:54.019571+00:00
367,AU,AUD,CPI,cpi_headline_qoq,200,building_permits,Building Permits,Growth,3,35,-0.022692,0.022692,low_correlation,2026-04-25T22:25:54.019571+00:00
368,AU,AUD,CPI,cpi_headline_qoq,201,td_mi_inflation_gauge_mom,TD-MI Inflation Gauge (MoM),Inflation,0,24,0.250265,0.250265,low_correlation,2026-04-25T22:25:54.019571+00:00
369,AU,AUD,CPI,cpi_headline_qoq,201,td_mi_inflation_gauge_mom,TD-MI Inflation Gauge (MoM),Inflation,6,22,0.160199,0.160199,low_sample_and_low_correlation,2026-04-25T22:25:54.019571+00:00
370,AU,AUD,CPI,cpi_headline_qoq,201,td_mi_inflation_gauge_mom,TD-MI Inflation Gauge (MoM),Inflation,3,23,-0.130528,0.130528,low_sample_and_low_correlation,2026-04-25T22:25:54.019571+00:00
371,AU,AUD,CPI,cpi_headline_qoq,201,td_mi_inflation_gauge_mom,TD-MI Inflation Gauge (MoM),Inflation,5,21,0.113505,0.113505,low_sample_and_low_correlation,2026-04-25T22:25:54.019571+00:00
372,AU,AUD,CPI,cpi_headline_qoq,201,td_mi_inflation_gauge_mom,TD-MI Inflation Gauge (MoM),Inflation,2,22,0.109734,0.109734,low_sample_and_low_correlation,2026-04-25T22:25:54.019571+00:00
373,AU,AUD,CPI,cpi_headline_qoq,201,td_mi_inflation_gauge_mom,TD-MI Inflation Gauge (MoM),Inflation,4,22,-0.004819,0.004819,low_sample_and_low_correlation,2026-04-25T22:25:54.019571+00:00
374,AU,AUD,CPI,cpi_headline_qoq,201,td_mi_inflation_gauge_mom,TD-MI Inflation Gauge (MoM),Inflation,1,23,-0.000379,0.000379,low_sample_and_low_correlation,2026-04-25T22:25:54.019571+00:00
375,AU,AUD,CPI,cpi_headline_qoq,202,consumer_inflation_expectation,Consumer Inflation Expectation,Inflation,4,24,0.300632,0.300632,low_correlation,2026-04-25T22:25:54.019571+00:00
376,AU,AUD,CPI,cpi_headline_qoq,202,consumer_inflation_expectation,Consumer Inflation Expectation,Inflation,3,22,0.254843,0.254843,low_sample_and_low_correlation,2026-04-25T22:25:54.019571+00:00
377,AU,AUD,CPI,cpi_headline_qoq,202,consumer_inflation_expectation,Consumer Inflation Expectation,Inflation,6,22,0.250007,0.250007,low_sample_and_low_correlation,2026-04-25T22:25:54.019571+00:00
378,AU,AUD,CPI,cpi_headline_qoq,202,consumer_inflation_expectation,Consumer Inflation Expectation,Inflation,0,25,0.210915,0.210915,low_correlation,2026-04-25T22:25:54.019571+00:00
379,AU,AUD,CPI,cpi_headline_qoq,202,consumer_inflation_expectation,Consumer Inflation Expectation,Inflation,1,26,0.209021,0.209021,low_correlation,2026-04-25T22:25:54.019571+00:00
380,AU,AUD,CPI,cpi_headline_qoq,202,consumer_inflation_expectation,Consumer Inflation Expectation,Inflation,2,23,0.169824,0.169824,low_sample_and_low_correlation,2026-04-25T22:25:54.019571+00:00
381,AU,AUD,CPI,cpi_headline_qoq,202,consumer_inflation_expectation,Consumer Inflation Expectation,Inflation,5,22,0.106208,0.106208,low_sample_and_low_correlation,2026-04-25T22:25:54.019571+00:00
382,AU,AUD,CPI,cpi_headline_qoq,203,ai_group_manufacturing_index,Ai Group Manufacturing Index,Growth,3,22,-0.432953,0.432953,low_sample,2026-04-25T22:25:54.019571+00:00
383,AU,AUD,CPI,cpi_headline_qoq,203,ai_group_manufacturing_index,Ai Group Manufacturing Index,Growth,5,22,-0.285898,0.285898,low_sample_and_low_correlation,2026-04-25T22:25:54.019571+00:00
384,AU,AUD,CPI,cpi_headline_qoq,203,ai_group_manufacturing_index,Ai Group Manufacturing Index,Growth,0,22,0.211679,0.211679,low_sample_and_low_correlation,2026-04-25T22:25:54.019571+00:00
385,AU,AUD,CPI,cpi_headline_qoq,203,ai_group_manufacturing_index,Ai Group Manufacturing Index,Growth,1,21,-0.139513,0.139513,low_sample_and_low_correlation,2026-04-25T22:25:54.019571+00:00
386,AU,AUD,CPI,cpi_headline_qoq,203,ai_group_manufacturing_index,Ai Group Manufacturing Index,Growth,2,23,-0.096769,0.096769,low_sample_and_low_correlation,2026-04-25T22:25:54.019571+00:00
387,AU,AUD,CPI,cpi_headline_qoq,203,ai_group_manufacturing_index,Ai Group Manufacturing Index,Growth,4,20,-0.076609,0.076609,low_sample_and_low_correlation,2026-04-25T22:25:54.019571+00:00
388,AU,AUD,CPI,cpi_headline_qoq,203,ai_group_manufacturing_index,Ai Group Manufacturing Index,Growth,6,21,0.022674,0.022674,low_sample_and_low_correlation,2026-04-25T22:25:54.019571+00:00
389,AU,AUD,CPI,cpi_headline_qoq,204,ai_group_industry_index,Ai Group Industry Index,Growth,4,9,-0.441115,0.441115,low_sample,2026-04-25T22:25:54.019571+00:00
390,AU,AUD,CPI,cpi_headline_qoq,204,ai_group_industry_index,Ai Group Industry Index,Growth,2,11,0.327379,0.327379,low_sample_and_low_correlation,2026-04-25T22:25:54.019571+00:00
391,AU,AUD,CPI,cpi_headline_qoq,204,ai_group_industry_index,Ai Group Industry Index,Growth,1,10,0.263550,0.263550,low_sample_and_low_correlation,2026-04-25T22:25:54.019571+00:00
392,AU,AUD,CPI,cpi_headline_qoq,204,ai_group_industry_index,Ai Group Industry Index,Growth,3,11,0.255091,0.255091,low_sample_and_low_correlation,2026-04-25T22:25:54.019571+00:00
393,AU,AUD,CPI,cpi_headline_qoq,204,ai_group_industry_index,Ai Group Industry Index,Growth,0,11,0.197974,0.197974,low_sample_and_low_correlation,2026-04-25T22:25:54.019571+00:00
394,AU,AUD,CPI,cpi_headline_qoq,204,ai_group_industry_index,Ai Group Industry Index,Growth,5,10,0.086143,0.086143,low_sample_and_low_correlation,2026-04-25T22:25:54.019571+00:00
395,AU,AUD,CPI,cpi_headline_qoq,204,ai_group_industry_index,Ai Group Industry Index,Growth,6,10,-0.006753,0.006753,low_sample_and_low_correlation,2026-04-25T22:25:54.019571+00:00
396,AU,AUD,CPI,cpi_headline_qoq,205,ai_group_construction_index,Ai Group Construction Index,Growth,0,22,0.532601,0.532601,low_sample,2026-04-25T22:25:54.019571+00:00
397,AU,AUD,CPI,cpi_headline_qoq,205,ai_group_construction_index,Ai Group Construction Index,Growth,3,22,-0.319928,0.319928,low_sample_and_low_correlation,2026-04-25T22:25:54.019571+00:00
398,AU,AUD,CPI,cpi_headline_qoq,205,ai_group_construction_index,Ai Group Construction Index,Growth,5,22,0.194943,0.194943,low_sample_and_low_correlation,2026-04-25T22:25:54.019571+00:00
399,AU,AUD,CPI,cpi_headline_qoq,205,ai_group_construction_index,Ai Group Construction Index,Growth,4,20,-0.130440,0.130440,low_sample_and_low_correlation,2026-04-25T22:25:54.019571+00:00
400,AU,AUD,CPI,cpi_headline_qoq,205,ai_group_construction_index,Ai Group Construction Index,Growth,6,21,-0.086656,0.086656,low_sample_and_low_correlation,2026-04-25T22:25:54.019571+00:00
401,AU,AUD,CPI,cpi_headline_qoq,205,ai_group_construction_index,Ai Group Construction Index,Growth,1,21,0.044866,0.044866,low_sample_and_low_correlation,2026-04-25T22:25:54.019571+00:00
402,AU,AUD,CPI,cpi_headline_qoq,205,ai_group_construction_index,Ai Group Construction Index,Growth,2,23,0.007813,0.007813,low_sample_and_low_correlation,2026-04-25T22:25:54.019571+00:00
403,AU,AUD,CPI,cpi_headline_qoq,345,rba_weighted_median_cpi_qoq,RBA Weighted Median CPI (QoQ),Inflation,6,24,0.621172,0.621172,not_best_lag,2026-04-25T22:25:54.019571+00:00
404,AU,AUD,CPI,cpi_headline_qoq,345,rba_weighted_median_cpi_qoq,RBA Weighted Median CPI (QoQ),Inflation,3,25,0.151865,0.151865,low_correlation,2026-04-25T22:25:54.019571+00:00
405,AU,AUD,CPI,cpi_headline_qoq,346,rba_weighted_median_cpi_yoy,RBA Weighted Median CPI (YoY),Inflation,0,26,0.336999,0.336999,low_correlation,2026-04-25T22:25:54.019571+00:00
406,AU,AUD,CPI,cpi_headline_qoq,346,rba_weighted_median_cpi_yoy,RBA Weighted Median CPI (YoY),Inflation,3,25,0.268368,0.268368,low_correlation,2026-04-25T22:25:54.019571+00:00
407,AU,AUD,CPI,cpi_headline_qoq,347,monthly_cpi_indicator,Monthly CPI Indicator,Inflation,2,13,-0.406938,0.406938,low_sample,2026-04-25T22:25:54.019571+00:00
408,AU,AUD,CPI,cpi_headline_qoq,347,monthly_cpi_indicator,Monthly CPI Indicator,Inflation,0,11,0.387507,0.387507,low_sample_and_low_correlation,2026-04-25T22:25:54.019571+00:00
409,AU,AUD,CPI,cpi_headline_qoq,347,monthly_cpi_indicator,Monthly CPI Indicator,Inflation,6,11,0.374159,0.374159,low_sample_and_low_correlation,2026-04-25T22:25:54.019571+00:00
410,AU,AUD,CPI,cpi_headline_qoq,347,monthly_cpi_indicator,Monthly CPI Indicator,Inflation,4,12,-0.235360,0.235360,low_sample_and_low_correlation,2026-04-25T22:25:54.019571+00:00
411,AU,AUD,CPI,cpi_headline_qoq,347,monthly_cpi_indicator,Monthly CPI Indicator,Inflation,3,12,-0.226925,0.226925,low_sample_and_low_correlation,2026-04-25T22:25:54.019571+00:00
412,AU,AUD,CPI,cpi_headline_qoq,347,monthly_cpi_indicator,Monthly CPI Indicator,Inflation,5,12,-0.222156,0.222156,low_sample_and_low_correlation,2026-04-25T22:25:54.019571+00:00
413,AU,AUD,CPI,cpi_headline_qoq,347,monthly_cpi_indicator,Monthly CPI Indicator,Inflation,1,12,0.044775,0.044775,low_sample_and_low_correlation,2026-04-25T22:25:54.019571+00:00
414,AU,AUD,CPI,cpi_headline_qoq,350,nab_business_confidence,NAB Business Confidence,Growth,1,23,0.723233,0.723233,low_sample,2026-04-25T22:25:54.019571+00:00
415,AU,AUD,CPI,cpi_headline_qoq,350,nab_business_confidence,NAB Business Confidence,Growth,6,20,-0.394387,0.394387,low_sample_and_low_correlation,2026-04-25T22:25:54.019571+00:00
416,AU,AUD,CPI,cpi_headline_qoq,350,nab_business_confidence,NAB Business Confidence,Growth,2,23,0.338980,0.338980,low_sample_and_low_correlation,2026-04-25T22:25:54.019571+00:00
417,AU,AUD,CPI,cpi_headline_qoq,350,nab_business_confidence,NAB Business Confidence,Growth,4,22,-0.289498,0.289498,low_sample_and_low_correlation,2026-04-25T22:25:54.019571+00:00
418,AU,AUD,CPI,cpi_headline_qoq,350,nab_business_confidence,NAB Business Confidence,Growth,3,21,-0.286387,0.286387,low_sample_and_low_correlation,2026-04-25T22:25:54.019571+00:00
419,AU,AUD,CPI,cpi_headline_qoq,350,nab_business_confidence,NAB Business Confidence,Growth,0,22,0.186485,0.186485,low_sample_and_low_correlation,2026-04-25T22:25:54.019571+00:00
420,AU,AUD,CPI,cpi_headline_qoq,350,nab_business_confidence,NAB Business Confidence,Growth,5,22,-0.182727,0.182727,low_sample_and_low_correlation,2026-04-25T22:25:54.019571+00:00
421,AU,AUD,CPI,cpi_headline_qoq,351,westpac_consumer_confidence_change,Westpac Consumer Confidence Change,Growth,5,22,-0.357208,0.357208,low_sample_and_low_correlation,2026-04-25T22:25:54.019571+00:00
422,AU,AUD,CPI,cpi_headline_qoq,351,westpac_consumer_confidence_change,Westpac Consumer Confidence Change,Growth,0,24,0.352308,0.352308,low_correlation,2026-04-25T22:25:54.019571+00:00
423,AU,AUD,CPI,cpi_headline_qoq,351,westpac_consumer_confidence_change,Westpac Consumer Confidence Change,Growth,1,23,0.221816,0.221816,low_sample_and_low_correlation,2026-04-25T22:25:54.019571+00:00
424,AU,AUD,CPI,cpi_headline_qoq,351,westpac_consumer_confidence_change,Westpac Consumer Confidence Change,Growth,3,23,-0.181995,0.181995,low_sample_and_low_correlation,2026-04-25T22:25:54.019571+00:00
425,AU,AUD,CPI,cpi_headline_qoq,351,westpac_consumer_confidence_change,Westpac Consumer Confidence Change,Growth,4,22,-0.152585,0.152585,low_sample_and_low_correlation,2026-04-25T22:25:54.019571+00:00
426,AU,AUD,CPI,cpi_headline_qoq,351,westpac_consumer_confidence_change,Westpac Consumer Confidence Change,Growth,2,23,-0.039663,0.039663,low_sample_and_low_correlation,2026-04-25T22:25:54.019571+00:00
427,AU,AUD,CPI,cpi_headline_qoq,351,westpac_consumer_confidence_change,Westpac Consumer Confidence Change,Growth,6,22,0.020915,0.020915,low_sample_and_low_correlation,2026-04-25T22:25:54.019571+00:00
428,AU,AUD,CPI,cpi_headline_qoq,352,westpac_consumer_confidence_index,Westpac Consumer Confidence Index,Growth,4,23,-0.573583,0.573583,low_sample,2026-04-25T22:25:54.019571+00:00
429,AU,AUD,CPI,cpi_headline_qoq,352,westpac_consumer_confidence_index,Westpac Consumer Confidence Index,Growth,5,22,-0.520002,0.520002,low_sample,2026-04-25T22:25:54.019571+00:00
430,AU,AUD,CPI,cpi_headline_qoq,352,westpac_consumer_confidence_index,Westpac Consumer Confidence Index,Growth,3,23,-0.507896,0.507896,low_sample,2026-04-25T22:25:54.019571+00:00
431,AU,AUD,CPI,cpi_headline_qoq,352,westpac_consumer_confidence_index,Westpac Consumer Confidence Index,Growth,2,23,-0.493969,0.493969,low_sample,2026-04-25T22:25:54.019571+00:00
432,AU,AUD,CPI,cpi_headline_qoq,352,westpac_consumer_confidence_index,Westpac Consumer Confidence Index,Growth,0,24,0.269660,0.269660,low_correlation,2026-04-25T22:25:54.019571+00:00
433,AU,AUD,CPI,cpi_headline_qoq,352,westpac_consumer_confidence_index,Westpac Consumer Confidence Index,Growth,6,22,-0.198815,0.198815,low_sample_and_low_correlation,2026-04-25T22:25:54.019571+00:00
434,AU,AUD,CPI,cpi_headline_qoq,352,westpac_consumer_confidence_index,Westpac Consumer Confidence Index,Growth,1,24,-0.120068,0.120068,low_correlation,2026-04-25T22:25:54.019571+00:00
435,AU,AUD,CPI,cpi_headline_qoq,354,housing_credit_mom,Housing Credit (MoM),Growth,5,11,-0.655105,0.655105,low_sample,2026-04-25T22:25:54.019571+00:00
436,AU,AUD,CPI,cpi_headline_qoq,354,housing_credit_mom,Housing Credit (MoM),Growth,0,12,-0.592067,0.592067,low_sample,2026-04-25T22:25:54.019571+00:00
437,AU,AUD,CPI,cpi_headline_qoq,354,housing_credit_mom,Housing Credit (MoM),Growth,1,12,-0.501949,0.501949,low_sample,2026-04-25T22:25:54.019571+00:00
438,AU,AUD,CPI,cpi_headline_qoq,354,housing_credit_mom,Housing Credit (MoM),Growth,3,12,-0.363978,0.363978,low_sample_and_low_correlation,2026-04-25T22:25:54.019571+00:00
439,AU,AUD,CPI,cpi_headline_qoq,354,housing_credit_mom,Housing Credit (MoM),Growth,6,11,-0.355784,0.355784,low_sample_and_low_correlation,2026-04-25T22:25:54.019571+00:00
440,AU,AUD,CPI,cpi_headline_qoq,354,housing_credit_mom,Housing Credit (MoM),Growth,4,11,0.127251,0.127251,low_sample_and_low_correlation,2026-04-25T22:25:54.019571+00:00
441,AU,AUD,CPI,cpi_headline_qoq,354,housing_credit_mom,Housing Credit (MoM),Growth,2,12,-0.043705,0.043705,low_sample_and_low_correlation,2026-04-25T22:25:54.019571+00:00
442,AU,AUD,CPI,cpi_headline_qoq,360,private_house_approvals_mom,Private House Approvals (MoM),Growth,1,27,-0.284685,0.284685,low_correlation,2026-04-25T22:25:54.019571+00:00
443,AU,AUD,CPI,cpi_headline_qoq,360,private_house_approvals_mom,Private House Approvals (MoM),Growth,5,22,0.274811,0.274811,low_sample_and_low_correlation,2026-04-25T22:25:54.019571+00:00
444,AU,AUD,CPI,cpi_headline_qoq,360,private_house_approvals_mom,Private House Approvals (MoM),Growth,4,26,-0.264198,0.264198,low_correlation,2026-04-25T22:25:54.019571+00:00
445,AU,AUD,CPI,cpi_headline_qoq,360,private_house_approvals_mom,Private House Approvals (MoM),Growth,3,25,-0.108813,0.108813,low_correlation,2026-04-25T22:25:54.019571+00:00
446,AU,AUD,CPI,cpi_headline_qoq,360,private_house_approvals_mom,Private House Approvals (MoM),Growth,0,23,-0.093933,0.093933,low_sample_and_low_correlation,2026-04-25T22:25:54.019571+00:00
447,AU,AUD,CPI,cpi_headline_qoq,360,private_house_approvals_mom,Private House Approvals (MoM),Growth,2,24,-0.047654,0.047654,low_correlation,2026-04-25T22:25:54.019571+00:00
448,AU,AUD,CPI,cpi_headline_qoq,360,private_house_approvals_mom,Private House Approvals (MoM),Growth,6,23,0.003361,0.003361,low_sample_and_low_correlation,2026-04-25T22:25:54.019571+00:00
449,AU,AUD,CPI,cpi_headline_qoq,361,corelogic_dwelling_prices_mom,CoreLogic Dwelling Prices (MoM),Growth,0,9,0.707396,0.707396,low_sample,2026-04-25T22:25:54.019571+00:00
450,AU,AUD,CPI,cpi_headline_qoq,361,corelogic_dwelling_prices_mom,CoreLogic Dwelling Prices (MoM),Growth,3,9,0.206684,0.206684,low_sample_and_low_correlation,2026-04-25T22:25:54.019571+00:00
451,AU,AUD,CPI,cpi_headline_qoq,361,corelogic_dwelling_prices_mom,CoreLogic Dwelling Prices (MoM),Growth,5,10,0.167071,0.167071,low_sample_and_low_correlation,2026-04-25T22:25:54.019571+00:00
452,AU,AUD,CPI,cpi_headline_qoq,361,corelogic_dwelling_prices_mom,CoreLogic Dwelling Prices (MoM),Growth,4,10,0.124839,0.124839,low_sample_and_low_correlation,2026-04-25T22:25:54.019571+00:00
453,AU,AUD,CPI,cpi_headline_qoq,361,corelogic_dwelling_prices_mom,CoreLogic Dwelling Prices (MoM),Growth,1,11,0.093457,0.093457,low_sample_and_low_correlation,2026-04-25T22:25:54.019571+00:00
454,AU,AUD,CPI,cpi_headline_qoq,361,corelogic_dwelling_prices_mom,CoreLogic Dwelling Prices (MoM),Growth,6,10,0.085639,0.085639,low_sample_and_low_correlation,2026-04-25T22:25:54.019571+00:00
455,AU,AUD,CPI,cpi_headline_qoq,361,corelogic_dwelling_prices_mom,CoreLogic Dwelling Prices (MoM),Growth,2,10,-0.011101,0.011101,low_sample_and_low_correlation,2026-04-25T22:25:54.019571+00:00
456,AU,AUD,CPI,cpi_headline_qoq,362,ai_group_services_index,Ai Group Services Index,Growth,1,10,0.715713,0.715713,low_sample,2026-04-25T22:25:54.019571+00:00
457,AU,AUD,CPI,cpi_headline_qoq,362,ai_group_services_index,Ai Group Services Index,Growth,0,10,0.593575,0.593575,low_sample,2026-04-25T22:25:54.019571+00:00
458,AU,AUD,CPI,cpi_headline_qoq,362,ai_group_services_index,Ai Group Services Index,Growth,4,10,-0.408430,0.408430,low_sample,2026-04-25T22:25:54.019571+00:00
459,AU,AUD,CPI,cpi_headline_qoq,362,ai_group_services_index,Ai Group Services Index,Growth,5,12,-0.341600,0.341600,low_sample_and_low_correlation,2026-04-25T22:25:54.019571+00:00
460,AU,AUD,CPI,cpi_headline_qoq,362,ai_group_services_index,Ai Group Services Index,Growth,3,10,-0.323504,0.323504,low_sample_and_low_correlation,2026-04-25T22:25:54.019571+00:00
461,AU,AUD,CPI,cpi_headline_qoq,362,ai_group_services_index,Ai Group Services Index,Growth,2,12,-0.077261,0.077261,low_sample_and_low_correlation,2026-04-25T22:25:54.019571+00:00
462,AU,AUD,CPI,cpi_headline_qoq,362,ai_group_services_index,Ai Group Services Index,Growth,6,10,-0.063204,0.063204,low_sample_and_low_correlation,2026-04-25T22:25:54.019571+00:00
463,AU,AUD,CPI,cpi_headline_qoq,363,balance_of_trade,Balance of Trade,Growth,4,23,0.324267,0.324267,low_sample_and_low_correlation,2026-04-25T22:25:54.019571+00:00
464,AU,AUD,CPI,cpi_headline_qoq,363,balance_of_trade,Balance of Trade,Growth,6,23,0.280892,0.280892,low_sample_and_low_correlation,2026-04-25T22:25:54.019571+00:00
465,AU,AUD,CPI,cpi_headline_qoq,363,balance_of_trade,Balance of Trade,Growth,2,24,0.273662,0.273662,low_correlation,2026-04-25T22:25:54.019571+00:00
466,AU,AUD,CPI,cpi_headline_qoq,363,balance_of_trade,Balance of Trade,Growth,3,24,0.228660,0.228660,low_correlation,2026-04-25T22:25:54.019571+00:00
467,AU,AUD,CPI,cpi_headline_qoq,363,balance_of_trade,Balance of Trade,Growth,0,23,-0.213497,0.213497,low_sample_and_low_correlation,2026-04-25T22:25:54.019571+00:00
468,AU,AUD,CPI,cpi_headline_qoq,363,balance_of_trade,Balance of Trade,Growth,5,23,0.085256,0.085256,low_sample_and_low_correlation,2026-04-25T22:25:54.019571+00:00
469,AU,AUD,CPI,cpi_headline_qoq,364,exports_mom,Exports (MoM),Growth,1,23,-0.351165,0.351165,low_sample_and_low_correlation,2026-04-25T22:25:54.019571+00:00
470,AU,AUD,CPI,cpi_headline_qoq,364,exports_mom,Exports (MoM),Growth,2,24,0.230412,0.230412,low_correlation,2026-04-25T22:25:54.019571+00:00
471,AU,AUD,CPI,cpi_headline_qoq,364,exports_mom,Exports (MoM),Growth,4,22,-0.193441,0.193441,low_sample_and_low_correlation,2026-04-25T22:25:54.019571+00:00
472,AU,AUD,CPI,cpi_headline_qoq,364,exports_mom,Exports (MoM),Growth,0,23,0.168734,0.168734,low_sample_and_low_correlation,2026-04-25T22:25:54.019571+00:00
473,AU,AUD,CPI,cpi_headline_qoq,364,exports_mom,Exports (MoM),Growth,6,23,-0.048595,0.048595,low_sample_and_low_correlation,2026-04-25T22:25:54.019571+00:00
474,AU,AUD,CPI,cpi_headline_qoq,364,exports_mom,Exports (MoM),Growth,5,23,0.038943,0.038943,low_sample_and_low_correlation,2026-04-25T22:25:54.019571+00:00
475,AU,AUD,CPI,cpi_headline_qoq,365,imports_mom,Imports (MoM),Growth,0,23,0.421743,0.421743,low_sample,2026-04-25T22:25:54.019571+00:00
476,AU,AUD,CPI,cpi_headline_qoq,365,imports_mom,Imports (MoM),Growth,2,24,0.291413,0.291413,low_correlation,2026-04-25T22:25:54.019571+00:00
477,AU,AUD,CPI,cpi_headline_qoq,365,imports_mom,Imports (MoM),Growth,4,23,-0.230312,0.230312,low_sample_and_low_correlation,2026-04-25T22:25:54.019571+00:00
478,AU,AUD,CPI,cpi_headline_qoq,365,imports_mom,Imports (MoM),Growth,3,24,-0.136858,0.136858,low_correlation,2026-04-25T22:25:54.019571+00:00
479,AU,AUD,CPI,cpi_headline_qoq,365,imports_mom,Imports (MoM),Growth,6,23,-0.129342,0.129342,low_sample_and_low_correlation,2026-04-25T22:25:54.019571+00:00
480,AU,AUD,CPI,cpi_headline_qoq,365,imports_mom,Imports (MoM),Growth,5,23,0.115564,0.115564,low_sample_and_low_correlation,2026-04-25T22:25:54.019571+00:00
481,AU,AUD,CPI,cpi_headline_qoq,365,imports_mom,Imports (MoM),Growth,1,24,0.061800,0.061800,low_correlation,2026-04-25T22:25:54.019571+00:00
482,AU,AUD,CPI,cpi_headline_qoq,366,current_account,Current Account,Growth,6,20,0.175007,0.175007,low_sample_and_low_correlation,2026-04-25T22:25:54.019571+00:00
483,AU,AUD,CPI,cpi_headline_qoq,366,current_account,Current Account,Growth,3,21,0.012203,0.012203,low_sample_and_low_correlation,2026-04-25T22:25:54.019571+00:00
484,AU,AUD,UNEMPLOYMENT,unemployment_rate,127,employment_change,Employment Change,Labor,6,68,-0.355822,0.355822,low_correlation,2026-04-25T22:25:54.019571+00:00
485,AU,AUD,UNEMPLOYMENT,unemployment_rate,127,employment_change,Employment Change,Labor,3,71,-0.331000,0.331000,low_correlation,2026-04-25T22:25:54.019571+00:00
486,AU,AUD,UNEMPLOYMENT,unemployment_rate,127,employment_change,Employment Change,Labor,2,72,-0.311601,0.311601,low_correlation,2026-04-25T22:25:54.019571+00:00
487,AU,AUD,UNEMPLOYMENT,unemployment_rate,127,employment_change,Employment Change,Labor,5,69,-0.298197,0.298197,low_correlation,2026-04-25T22:25:54.019571+00:00
488,AU,AUD,UNEMPLOYMENT,unemployment_rate,127,employment_change,Employment Change,Labor,1,73,-0.278540,0.278540,low_correlation,2026-04-25T22:25:54.019571+00:00
489,AU,AUD,UNEMPLOYMENT,unemployment_rate,127,employment_change,Employment Change,Labor,4,70,-0.272087,0.272087,low_correlation,2026-04-25T22:25:54.019571+00:00
490,AU,AUD,UNEMPLOYMENT,unemployment_rate,127,employment_change,Employment Change,Labor,0,74,-0.173969,0.173969,low_correlation,2026-04-25T22:25:54.019571+00:00
491,AU,AUD,UNEMPLOYMENT,unemployment_rate,128,full_time_employment_change,Full-Time Employment Change,Labor,6,68,-0.200581,0.200581,low_correlation,2026-04-25T22:25:54.019571+00:00
492,AU,AUD,UNEMPLOYMENT,unemployment_rate,128,full_time_employment_change,Full-Time Employment Change,Labor,3,71,-0.165298,0.165298,low_correlation,2026-04-25T22:25:54.019571+00:00
493,AU,AUD,UNEMPLOYMENT,unemployment_rate,128,full_time_employment_change,Full-Time Employment Change,Labor,5,69,-0.126377,0.126377,low_correlation,2026-04-25T22:25:54.019571+00:00
494,AU,AUD,UNEMPLOYMENT,unemployment_rate,128,full_time_employment_change,Full-Time Employment Change,Labor,4,70,-0.125459,0.125459,low_correlation,2026-04-25T22:25:54.019571+00:00
495,AU,AUD,UNEMPLOYMENT,unemployment_rate,128,full_time_employment_change,Full-Time Employment Change,Labor,2,72,-0.124515,0.124515,low_correlation,2026-04-25T22:25:54.019571+00:00
496,AU,AUD,UNEMPLOYMENT,unemployment_rate,128,full_time_employment_change,Full-Time Employment Change,Labor,1,73,-0.105217,0.105217,low_correlation,2026-04-25T22:25:54.019571+00:00
497,AU,AUD,UNEMPLOYMENT,unemployment_rate,128,full_time_employment_change,Full-Time Employment Change,Labor,0,74,-0.024434,0.024434,low_correlation,2026-04-25T22:25:54.019571+00:00
498,AU,AUD,UNEMPLOYMENT,unemployment_rate,129,part_time_employment_change,Part-Time Employment Change,Labor,2,72,-0.263629,0.263629,low_correlation,2026-04-25T22:25:54.019571+00:00
499,AU,AUD,UNEMPLOYMENT,unemployment_rate,129,part_time_employment_change,Part-Time Employment Change,Labor,6,68,-0.262868,0.262868,low_correlation,2026-04-25T22:25:54.019571+00:00
500,AU,AUD,UNEMPLOYMENT,unemployment_rate,129,part_time_employment_change,Part-Time Employment Change,Labor,3,71,-0.252683,0.252683,low_correlation,2026-04-25T22:25:54.019571+00:00
501,AU,AUD,UNEMPLOYMENT,unemployment_rate,129,part_time_employment_change,Part-Time Employment Change,Labor,1,73,-0.246224,0.246224,low_correlation,2026-04-25T22:25:54.019571+00:00
502,AU,AUD,UNEMPLOYMENT,unemployment_rate,129,part_time_employment_change,Part-Time Employment Change,Labor,5,69,-0.229378,0.229378,low_correlation,2026-04-25T22:25:54.019571+00:00
503,AU,AUD,UNEMPLOYMENT,unemployment_rate,129,part_time_employment_change,Part-Time Employment Change,Labor,4,70,-0.207779,0.207779,low_correlation,2026-04-25T22:25:54.019571+00:00
504,AU,AUD,UNEMPLOYMENT,unemployment_rate,129,part_time_employment_change,Part-Time Employment Change,Labor,0,74,-0.138372,0.138372,low_correlation,2026-04-25T22:25:54.019571+00:00
505,AU,AUD,UNEMPLOYMENT,unemployment_rate,131,leading_index_mom,Leading Index (MoM),Growth,3,69,-0.216272,0.216272,low_correlation,2026-04-25T22:25:54.019571+00:00
506,AU,AUD,UNEMPLOYMENT,unemployment_rate,131,leading_index_mom,Leading Index (MoM),Growth,6,65,-0.192988,0.192988,low_correlation,2026-04-25T22:25:54.019571+00:00
507,AU,AUD,UNEMPLOYMENT,unemployment_rate,131,leading_index_mom,Leading Index (MoM),Growth,4,67,-0.179754,0.179754,low_correlation,2026-04-25T22:25:54.019571+00:00
508,AU,AUD,UNEMPLOYMENT,unemployment_rate,131,leading_index_mom,Leading Index (MoM),Growth,5,67,-0.160419,0.160419,low_correlation,2026-04-25T22:25:54.019571+00:00
509,AU,AUD,UNEMPLOYMENT,unemployment_rate,131,leading_index_mom,Leading Index (MoM),Growth,2,71,-0.147855,0.147855,low_correlation,2026-04-25T22:25:54.019571+00:00
510,AU,AUD,UNEMPLOYMENT,unemployment_rate,131,leading_index_mom,Leading Index (MoM),Growth,1,73,-0.133961,0.133961,low_correlation,2026-04-25T22:25:54.019571+00:00
511,AU,AUD,UNEMPLOYMENT,unemployment_rate,131,leading_index_mom,Leading Index (MoM),Growth,0,35,0.094746,0.094746,low_correlation,2026-04-25T22:25:54.019571+00:00
512,AU,AUD,UNEMPLOYMENT,unemployment_rate,132,private_sector_credit_mom,Private Sector Credit (MoM),Growth,4,67,0.325041,0.325041,low_correlation,2026-04-25T22:25:54.019571+00:00
513,AU,AUD,UNEMPLOYMENT,unemployment_rate,132,private_sector_credit_mom,Private Sector Credit (MoM),Growth,3,68,0.288249,0.288249,low_correlation,2026-04-25T22:25:54.019571+00:00
514,AU,AUD,UNEMPLOYMENT,unemployment_rate,132,private_sector_credit_mom,Private Sector Credit (MoM),Growth,5,66,0.266484,0.266484,low_correlation,2026-04-25T22:25:54.019571+00:00
515,AU,AUD,UNEMPLOYMENT,unemployment_rate,132,private_sector_credit_mom,Private Sector Credit (MoM),Growth,6,65,0.254076,0.254076,low_correlation,2026-04-25T22:25:54.019571+00:00
516,AU,AUD,UNEMPLOYMENT,unemployment_rate,132,private_sector_credit_mom,Private Sector Credit (MoM),Growth,2,69,0.238076,0.238076,low_correlation,2026-04-25T22:25:54.019571+00:00
517,AU,AUD,UNEMPLOYMENT,unemployment_rate,132,private_sector_credit_mom,Private Sector Credit (MoM),Growth,1,70,0.159165,0.159165,low_correlation,2026-04-25T22:25:54.019571+00:00
518,AU,AUD,UNEMPLOYMENT,unemployment_rate,133,private_sector_credit_yoy,Private Sector Credit (YoY),Growth,1,73,-0.147730,0.147730,low_correlation,2026-04-25T22:25:54.019571+00:00
519,AU,AUD,UNEMPLOYMENT,unemployment_rate,133,private_sector_credit_yoy,Private Sector Credit (YoY),Growth,2,72,-0.060762,0.060762,low_correlation,2026-04-25T22:25:54.019571+00:00
520,AU,AUD,UNEMPLOYMENT,unemployment_rate,133,private_sector_credit_yoy,Private Sector Credit (YoY),Growth,4,70,0.052586,0.052586,low_correlation,2026-04-25T22:25:54.019571+00:00
521,AU,AUD,UNEMPLOYMENT,unemployment_rate,133,private_sector_credit_yoy,Private Sector Credit (YoY),Growth,5,69,0.035267,0.035267,low_correlation,2026-04-25T22:25:54.019571+00:00
522,AU,AUD,UNEMPLOYMENT,unemployment_rate,133,private_sector_credit_yoy,Private Sector Credit (YoY),Growth,6,68,0.019082,0.019082,low_correlation,2026-04-25T22:25:54.019571+00:00
523,AU,AUD,UNEMPLOYMENT,unemployment_rate,133,private_sector_credit_yoy,Private Sector Credit (YoY),Growth,3,71,0.001381,0.001381,low_correlation,2026-04-25T22:25:54.019571+00:00
524,AU,AUD,UNEMPLOYMENT,unemployment_rate,134,manufacturing_pmi,Manufacturing PMI,Growth,4,97,0.082880,0.082880,low_correlation,2026-04-25T22:25:54.019571+00:00
525,AU,AUD,UNEMPLOYMENT,unemployment_rate,134,manufacturing_pmi,Manufacturing PMI,Growth,0,101,0.079838,0.079838,low_correlation,2026-04-25T22:25:54.019571+00:00
526,AU,AUD,UNEMPLOYMENT,unemployment_rate,134,manufacturing_pmi,Manufacturing PMI,Growth,5,96,0.078679,0.078679,low_correlation,2026-04-25T22:25:54.019571+00:00
527,AU,AUD,UNEMPLOYMENT,unemployment_rate,134,manufacturing_pmi,Manufacturing PMI,Growth,6,94,0.072603,0.072603,low_correlation,2026-04-25T22:25:54.019571+00:00
528,AU,AUD,UNEMPLOYMENT,unemployment_rate,134,manufacturing_pmi,Manufacturing PMI,Growth,3,98,0.035457,0.035457,low_correlation,2026-04-25T22:25:54.019571+00:00
529,AU,AUD,UNEMPLOYMENT,unemployment_rate,134,manufacturing_pmi,Manufacturing PMI,Growth,1,100,-0.007219,0.007219,low_correlation,2026-04-25T22:25:54.019571+00:00
530,AU,AUD,UNEMPLOYMENT,unemployment_rate,134,manufacturing_pmi,Manufacturing PMI,Growth,2,99,-0.005706,0.005706,low_correlation,2026-04-25T22:25:54.019571+00:00
531,AU,AUD,UNEMPLOYMENT,unemployment_rate,135,services_pmi,Services PMI,Growth,2,103,-0.164826,0.164826,low_correlation,2026-04-25T22:25:54.019571+00:00
532,AU,AUD,UNEMPLOYMENT,unemployment_rate,135,services_pmi,Services PMI,Growth,3,102,-0.164334,0.164334,low_correlation,2026-04-25T22:25:54.019571+00:00
533,AU,AUD,UNEMPLOYMENT,unemployment_rate,135,services_pmi,Services PMI,Growth,4,100,-0.156943,0.156943,low_correlation,2026-04-25T22:25:54.019571+00:00
534,AU,AUD,UNEMPLOYMENT,unemployment_rate,135,services_pmi,Services PMI,Growth,6,97,-0.151971,0.151971,low_correlation,2026-04-25T22:25:54.019571+00:00
535,AU,AUD,UNEMPLOYMENT,unemployment_rate,135,services_pmi,Services PMI,Growth,5,99,-0.147055,0.147055,low_correlation,2026-04-25T22:25:54.019571+00:00
536,AU,AUD,UNEMPLOYMENT,unemployment_rate,135,services_pmi,Services PMI,Growth,1,104,-0.105050,0.105050,low_correlation,2026-04-25T22:25:54.019571+00:00
537,AU,AUD,UNEMPLOYMENT,unemployment_rate,135,services_pmi,Services PMI,Growth,0,105,-0.009759,0.009759,low_correlation,2026-04-25T22:25:54.019571+00:00
538,AU,AUD,UNEMPLOYMENT,unemployment_rate,136,composite_pmi,Composite PMI,Growth,2,90,-0.176338,0.176338,low_correlation,2026-04-25T22:25:54.019571+00:00
539,AU,AUD,UNEMPLOYMENT,unemployment_rate,136,composite_pmi,Composite PMI,Growth,3,89,-0.170111,0.170111,low_correlation,2026-04-25T22:25:54.019571+00:00
540,AU,AUD,UNEMPLOYMENT,unemployment_rate,136,composite_pmi,Composite PMI,Growth,4,89,-0.158968,0.158968,low_correlation,2026-04-25T22:25:54.019571+00:00
541,AU,AUD,UNEMPLOYMENT,unemployment_rate,136,composite_pmi,Composite PMI,Growth,6,87,-0.148597,0.148597,low_correlation,2026-04-25T22:25:54.019571+00:00
542,AU,AUD,UNEMPLOYMENT,unemployment_rate,136,composite_pmi,Composite PMI,Growth,5,88,-0.147427,0.147427,low_correlation,2026-04-25T22:25:54.019571+00:00
543,AU,AUD,UNEMPLOYMENT,unemployment_rate,136,composite_pmi,Composite PMI,Growth,1,91,-0.117700,0.117700,low_correlation,2026-04-25T22:25:54.019571+00:00
544,AU,AUD,UNEMPLOYMENT,unemployment_rate,136,composite_pmi,Composite PMI,Growth,0,92,-0.015076,0.015076,low_correlation,2026-04-25T22:25:54.019571+00:00
545,AU,AUD,UNEMPLOYMENT,unemployment_rate,199,retail_sales_mom,Retail Sales (MoM),Growth,2,104,0.205532,0.205532,low_correlation,2026-04-25T22:25:54.019571+00:00
546,AU,AUD,UNEMPLOYMENT,unemployment_rate,199,retail_sales_mom,Retail Sales (MoM),Growth,6,104,0.187980,0.187980,low_correlation,2026-04-25T22:25:54.019571+00:00
547,AU,AUD,UNEMPLOYMENT,unemployment_rate,199,retail_sales_mom,Retail Sales (MoM),Growth,3,104,0.183511,0.183511,low_correlation,2026-04-25T22:25:54.019571+00:00
548,AU,AUD,UNEMPLOYMENT,unemployment_rate,199,retail_sales_mom,Retail Sales (MoM),Growth,4,104,0.172592,0.172592,low_correlation,2026-04-25T22:25:54.019571+00:00
549,AU,AUD,UNEMPLOYMENT,unemployment_rate,199,retail_sales_mom,Retail Sales (MoM),Growth,5,104,0.155820,0.155820,low_correlation,2026-04-25T22:25:54.019571+00:00
550,AU,AUD,UNEMPLOYMENT,unemployment_rate,199,retail_sales_mom,Retail Sales (MoM),Growth,1,104,0.137839,0.137839,low_correlation,2026-04-25T22:25:54.019571+00:00
551,AU,AUD,UNEMPLOYMENT,unemployment_rate,200,building_permits,Building Permits,Growth,6,101,-0.095242,0.095242,low_correlation,2026-04-25T22:25:54.019571+00:00
552,AU,AUD,UNEMPLOYMENT,unemployment_rate,200,building_permits,Building Permits,Growth,4,103,-0.062219,0.062219,low_correlation,2026-04-25T22:25:54.019571+00:00
553,AU,AUD,UNEMPLOYMENT,unemployment_rate,200,building_permits,Building Permits,Growth,1,103,-0.033673,0.033673,low_correlation,2026-04-25T22:25:54.019571+00:00
554,AU,AUD,UNEMPLOYMENT,unemployment_rate,200,building_permits,Building Permits,Growth,5,103,-0.030710,0.030710,low_correlation,2026-04-25T22:25:54.019571+00:00
555,AU,AUD,UNEMPLOYMENT,unemployment_rate,200,building_permits,Building Permits,Growth,3,103,-0.027757,0.027757,low_correlation,2026-04-25T22:25:54.019571+00:00
556,AU,AUD,UNEMPLOYMENT,unemployment_rate,200,building_permits,Building Permits,Growth,2,103,0.009487,0.009487,low_correlation,2026-04-25T22:25:54.019571+00:00
557,AU,AUD,UNEMPLOYMENT,unemployment_rate,203,ai_group_manufacturing_index,Ai Group Manufacturing Index,Growth,0,66,0.228134,0.228134,low_correlation,2026-04-25T22:25:54.019571+00:00
558,AU,AUD,UNEMPLOYMENT,unemployment_rate,203,ai_group_manufacturing_index,Ai Group Manufacturing Index,Growth,6,63,0.202933,0.202933,low_correlation,2026-04-25T22:25:54.019571+00:00
559,AU,AUD,UNEMPLOYMENT,unemployment_rate,203,ai_group_manufacturing_index,Ai Group Manufacturing Index,Growth,4,65,0.196074,0.196074,low_correlation,2026-04-25T22:25:54.019571+00:00
560,AU,AUD,UNEMPLOYMENT,unemployment_rate,203,ai_group_manufacturing_index,Ai Group Manufacturing Index,Growth,1,67,0.188876,0.188876,low_correlation,2026-04-25T22:25:54.019571+00:00
561,AU,AUD,UNEMPLOYMENT,unemployment_rate,203,ai_group_manufacturing_index,Ai Group Manufacturing Index,Growth,3,65,0.186627,0.186627,low_correlation,2026-04-25T22:25:54.019571+00:00
562,AU,AUD,UNEMPLOYMENT,unemployment_rate,203,ai_group_manufacturing_index,Ai Group Manufacturing Index,Growth,5,64,0.172885,0.172885,low_correlation,2026-04-25T22:25:54.019571+00:00
563,AU,AUD,UNEMPLOYMENT,unemployment_rate,203,ai_group_manufacturing_index,Ai Group Manufacturing Index,Growth,2,66,0.166646,0.166646,low_correlation,2026-04-25T22:25:54.019571+00:00
564,AU,AUD,UNEMPLOYMENT,unemployment_rate,204,ai_group_industry_index,Ai Group Industry Index,Growth,4,31,0.146391,0.146391,low_correlation,2026-04-25T22:25:54.019571+00:00
565,AU,AUD,UNEMPLOYMENT,unemployment_rate,204,ai_group_industry_index,Ai Group Industry Index,Growth,1,33,0.141762,0.141762,low_correlation,2026-04-25T22:25:54.019571+00:00
566,AU,AUD,UNEMPLOYMENT,unemployment_rate,204,ai_group_industry_index,Ai Group Industry Index,Growth,5,30,-0.120827,0.120827,low_correlation,2026-04-25T22:25:54.019571+00:00
567,AU,AUD,UNEMPLOYMENT,unemployment_rate,204,ai_group_industry_index,Ai Group Industry Index,Growth,3,31,0.113551,0.113551,low_correlation,2026-04-25T22:25:54.019571+00:00
568,AU,AUD,UNEMPLOYMENT,unemployment_rate,204,ai_group_industry_index,Ai Group Industry Index,Growth,6,29,-0.107399,0.107399,low_correlation,2026-04-25T22:25:54.019571+00:00
569,AU,AUD,UNEMPLOYMENT,unemployment_rate,204,ai_group_industry_index,Ai Group Industry Index,Growth,0,34,0.035249,0.035249,low_correlation,2026-04-25T22:25:54.019571+00:00
570,AU,AUD,UNEMPLOYMENT,unemployment_rate,204,ai_group_industry_index,Ai Group Industry Index,Growth,2,32,-0.026073,0.026073,low_correlation,2026-04-25T22:25:54.019571+00:00
571,AU,AUD,UNEMPLOYMENT,unemployment_rate,205,ai_group_construction_index,Ai Group Construction Index,Growth,0,66,0.160334,0.160334,low_correlation,2026-04-25T22:25:54.019571+00:00
572,AU,AUD,UNEMPLOYMENT,unemployment_rate,205,ai_group_construction_index,Ai Group Construction Index,Growth,1,67,0.095110,0.095110,low_correlation,2026-04-25T22:25:54.019571+00:00
573,AU,AUD,UNEMPLOYMENT,unemployment_rate,205,ai_group_construction_index,Ai Group Construction Index,Growth,2,66,0.070592,0.070592,low_correlation,2026-04-25T22:25:54.019571+00:00
574,AU,AUD,UNEMPLOYMENT,unemployment_rate,205,ai_group_construction_index,Ai Group Construction Index,Growth,3,65,0.064985,0.064985,low_correlation,2026-04-25T22:25:54.019571+00:00
575,AU,AUD,UNEMPLOYMENT,unemployment_rate,365,imports_mom,Imports (MoM),Growth,2,73,0.003246,0.003246,low_correlation,2026-04-25T22:25:54.019571+00:00
576,AU,AUD,UNEMPLOYMENT,unemployment_rate,205,ai_group_construction_index,Ai Group Construction Index,Growth,4,65,0.063337,0.063337,low_correlation,2026-04-25T22:25:54.019571+00:00
577,AU,AUD,UNEMPLOYMENT,unemployment_rate,205,ai_group_construction_index,Ai Group Construction Index,Growth,6,63,0.063158,0.063158,low_correlation,2026-04-25T22:25:54.019571+00:00
578,AU,AUD,UNEMPLOYMENT,unemployment_rate,205,ai_group_construction_index,Ai Group Construction Index,Growth,5,64,0.057218,0.057218,low_correlation,2026-04-25T22:25:54.019571+00:00
579,AU,AUD,UNEMPLOYMENT,unemployment_rate,348,household_spending_mom,Household Spending (MoM),Growth,1,8,-0.201521,0.201521,low_sample_and_low_correlation,2026-04-25T22:25:54.019571+00:00
580,AU,AUD,UNEMPLOYMENT,unemployment_rate,349,household_spending_yoy,Household Spending (YoY),Growth,1,8,-0.270088,0.270088,low_sample_and_low_correlation,2026-04-25T22:25:54.019571+00:00
581,AU,AUD,UNEMPLOYMENT,unemployment_rate,350,nab_business_confidence,NAB Business Confidence,Growth,4,66,-0.325883,0.325883,low_correlation,2026-04-25T22:25:54.019571+00:00
582,AU,AUD,UNEMPLOYMENT,unemployment_rate,350,nab_business_confidence,NAB Business Confidence,Growth,6,64,-0.311850,0.311850,low_correlation,2026-04-25T22:25:54.019571+00:00
583,AU,AUD,UNEMPLOYMENT,unemployment_rate,350,nab_business_confidence,NAB Business Confidence,Growth,3,67,-0.292637,0.292637,low_correlation,2026-04-25T22:25:54.019571+00:00
584,AU,AUD,UNEMPLOYMENT,unemployment_rate,350,nab_business_confidence,NAB Business Confidence,Growth,5,65,-0.277087,0.277087,low_correlation,2026-04-25T22:25:54.019571+00:00
585,AU,AUD,UNEMPLOYMENT,unemployment_rate,350,nab_business_confidence,NAB Business Confidence,Growth,2,68,-0.232318,0.232318,low_correlation,2026-04-25T22:25:54.019571+00:00
586,AU,AUD,UNEMPLOYMENT,unemployment_rate,350,nab_business_confidence,NAB Business Confidence,Growth,1,69,-0.106860,0.106860,low_correlation,2026-04-25T22:25:54.019571+00:00
587,AU,AUD,UNEMPLOYMENT,unemployment_rate,350,nab_business_confidence,NAB Business Confidence,Growth,0,64,0.015884,0.015884,low_correlation,2026-04-25T22:25:54.019571+00:00
588,AU,AUD,UNEMPLOYMENT,unemployment_rate,351,westpac_consumer_confidence_change,Westpac Consumer Confidence Change,Growth,5,67,-0.129273,0.129273,low_correlation,2026-04-25T22:25:54.019571+00:00
589,AU,AUD,UNEMPLOYMENT,unemployment_rate,351,westpac_consumer_confidence_change,Westpac Consumer Confidence Change,Growth,2,70,-0.124313,0.124313,low_correlation,2026-04-25T22:25:54.019571+00:00
590,AU,AUD,UNEMPLOYMENT,unemployment_rate,351,westpac_consumer_confidence_change,Westpac Consumer Confidence Change,Growth,3,69,-0.117990,0.117990,low_correlation,2026-04-25T22:25:54.019571+00:00
591,AU,AUD,UNEMPLOYMENT,unemployment_rate,351,westpac_consumer_confidence_change,Westpac Consumer Confidence Change,Growth,6,66,-0.099572,0.099572,low_correlation,2026-04-25T22:25:54.019571+00:00
592,AU,AUD,UNEMPLOYMENT,unemployment_rate,351,westpac_consumer_confidence_change,Westpac Consumer Confidence Change,Growth,4,68,-0.082315,0.082315,low_correlation,2026-04-25T22:25:54.019571+00:00
593,AU,AUD,UNEMPLOYMENT,unemployment_rate,351,westpac_consumer_confidence_change,Westpac Consumer Confidence Change,Growth,1,71,-0.072698,0.072698,low_correlation,2026-04-25T22:25:54.019571+00:00
594,AU,AUD,UNEMPLOYMENT,unemployment_rate,351,westpac_consumer_confidence_change,Westpac Consumer Confidence Change,Growth,0,72,-0.041448,0.041448,low_correlation,2026-04-25T22:25:54.019571+00:00
595,AU,AUD,UNEMPLOYMENT,unemployment_rate,352,westpac_consumer_confidence_index,Westpac Consumer Confidence Index,Growth,2,71,-0.068558,0.068558,low_correlation,2026-04-25T22:25:54.019571+00:00
596,AU,AUD,UNEMPLOYMENT,unemployment_rate,352,westpac_consumer_confidence_index,Westpac Consumer Confidence Index,Growth,3,70,-0.067179,0.067179,low_correlation,2026-04-25T22:25:54.019571+00:00
597,AU,AUD,UNEMPLOYMENT,unemployment_rate,352,westpac_consumer_confidence_index,Westpac Consumer Confidence Index,Growth,0,73,0.060140,0.060140,low_correlation,2026-04-25T22:25:54.019571+00:00
598,AU,AUD,UNEMPLOYMENT,unemployment_rate,352,westpac_consumer_confidence_index,Westpac Consumer Confidence Index,Growth,5,68,-0.046448,0.046448,low_correlation,2026-04-25T22:25:54.019571+00:00
599,AU,AUD,UNEMPLOYMENT,unemployment_rate,352,westpac_consumer_confidence_index,Westpac Consumer Confidence Index,Growth,4,69,-0.038703,0.038703,low_correlation,2026-04-25T22:25:54.019571+00:00
600,AU,AUD,UNEMPLOYMENT,unemployment_rate,352,westpac_consumer_confidence_index,Westpac Consumer Confidence Index,Growth,6,67,-0.015160,0.015160,low_correlation,2026-04-25T22:25:54.019571+00:00
601,AU,AUD,UNEMPLOYMENT,unemployment_rate,352,westpac_consumer_confidence_index,Westpac Consumer Confidence Index,Growth,1,72,-0.014778,0.014778,low_correlation,2026-04-25T22:25:54.019571+00:00
602,AU,AUD,UNEMPLOYMENT,unemployment_rate,353,thomson_reuters_ipsos_pcsi,Thomson Reuters IPSOS PCSI,Growth,6,12,0.449489,0.449489,low_sample,2026-04-25T22:25:54.019571+00:00
603,AU,AUD,UNEMPLOYMENT,unemployment_rate,353,thomson_reuters_ipsos_pcsi,Thomson Reuters IPSOS PCSI,Growth,1,17,0.382341,0.382341,low_sample_and_low_correlation,2026-04-25T22:25:54.019571+00:00
604,AU,AUD,UNEMPLOYMENT,unemployment_rate,353,thomson_reuters_ipsos_pcsi,Thomson Reuters IPSOS PCSI,Growth,0,18,0.347778,0.347778,low_sample_and_low_correlation,2026-04-25T22:25:54.019571+00:00
605,AU,AUD,UNEMPLOYMENT,unemployment_rate,353,thomson_reuters_ipsos_pcsi,Thomson Reuters IPSOS PCSI,Growth,4,14,-0.197450,0.197450,low_sample_and_low_correlation,2026-04-25T22:25:54.019571+00:00
606,AU,AUD,UNEMPLOYMENT,unemployment_rate,353,thomson_reuters_ipsos_pcsi,Thomson Reuters IPSOS PCSI,Growth,3,15,0.184034,0.184034,low_sample_and_low_correlation,2026-04-25T22:25:54.019571+00:00
607,AU,AUD,UNEMPLOYMENT,unemployment_rate,353,thomson_reuters_ipsos_pcsi,Thomson Reuters IPSOS PCSI,Growth,2,16,0.142420,0.142420,low_sample_and_low_correlation,2026-04-25T22:25:54.019571+00:00
608,AU,AUD,UNEMPLOYMENT,unemployment_rate,353,thomson_reuters_ipsos_pcsi,Thomson Reuters IPSOS PCSI,Growth,5,13,0.110037,0.110037,low_sample_and_low_correlation,2026-04-25T22:25:54.019571+00:00
609,AU,AUD,UNEMPLOYMENT,unemployment_rate,354,housing_credit_mom,Housing Credit (MoM),Growth,2,37,0.405186,0.405186,not_best_lag,2026-04-25T22:25:54.019571+00:00
610,AU,AUD,UNEMPLOYMENT,unemployment_rate,354,housing_credit_mom,Housing Credit (MoM),Growth,1,38,0.366158,0.366158,low_correlation,2026-04-25T22:25:54.019571+00:00
611,AU,AUD,UNEMPLOYMENT,unemployment_rate,354,housing_credit_mom,Housing Credit (MoM),Growth,4,35,0.360484,0.360484,low_correlation,2026-04-25T22:25:54.019571+00:00
612,AU,AUD,UNEMPLOYMENT,unemployment_rate,354,housing_credit_mom,Housing Credit (MoM),Growth,6,33,0.314291,0.314291,low_correlation,2026-04-25T22:25:54.019571+00:00
613,AU,AUD,UNEMPLOYMENT,unemployment_rate,354,housing_credit_mom,Housing Credit (MoM),Growth,5,34,0.229015,0.229015,low_correlation,2026-04-25T22:25:54.019571+00:00
614,AU,AUD,UNEMPLOYMENT,unemployment_rate,355,manufacturing_pmi_flash,Manufacturing PMI Flash,Growth,2,8,0.432688,0.432688,low_sample,2026-04-25T22:25:54.019571+00:00
615,AU,AUD,UNEMPLOYMENT,unemployment_rate,355,manufacturing_pmi_flash,Manufacturing PMI Flash,Growth,0,8,-0.269284,0.269284,low_sample_and_low_correlation,2026-04-25T22:25:54.019571+00:00
616,AU,AUD,UNEMPLOYMENT,unemployment_rate,355,manufacturing_pmi_flash,Manufacturing PMI Flash,Growth,1,8,0.213950,0.213950,low_sample_and_low_correlation,2026-04-25T22:25:54.019571+00:00
617,AU,AUD,UNEMPLOYMENT,unemployment_rate,355,manufacturing_pmi_flash,Manufacturing PMI Flash,Growth,3,8,0.150793,0.150793,low_sample_and_low_correlation,2026-04-25T22:25:54.019571+00:00
618,AU,AUD,UNEMPLOYMENT,unemployment_rate,356,services_pmi_flash,Services PMI Flash,Growth,2,8,0.595789,0.595789,low_sample,2026-04-25T22:25:54.019571+00:00
619,AU,AUD,UNEMPLOYMENT,unemployment_rate,356,services_pmi_flash,Services PMI Flash,Growth,3,8,0.230635,0.230635,low_sample_and_low_correlation,2026-04-25T22:25:54.019571+00:00
620,AU,AUD,UNEMPLOYMENT,unemployment_rate,356,services_pmi_flash,Services PMI Flash,Growth,0,8,0.202418,0.202418,low_sample_and_low_correlation,2026-04-25T22:25:54.019571+00:00
621,AU,AUD,UNEMPLOYMENT,unemployment_rate,356,services_pmi_flash,Services PMI Flash,Growth,1,8,0.118530,0.118530,low_sample_and_low_correlation,2026-04-25T22:25:54.019571+00:00
622,AU,AUD,UNEMPLOYMENT,unemployment_rate,357,composite_pmi_flash,Composite PMI Flash,Growth,2,8,0.509027,0.509027,low_sample,2026-04-25T22:25:54.019571+00:00
623,AU,AUD,UNEMPLOYMENT,unemployment_rate,357,composite_pmi_flash,Composite PMI Flash,Growth,0,8,0.299076,0.299076,low_sample_and_low_correlation,2026-04-25T22:25:54.019571+00:00
624,AU,AUD,UNEMPLOYMENT,unemployment_rate,357,composite_pmi_flash,Composite PMI Flash,Growth,3,8,0.225751,0.225751,low_sample_and_low_correlation,2026-04-25T22:25:54.019571+00:00
625,AU,AUD,UNEMPLOYMENT,unemployment_rate,357,composite_pmi_flash,Composite PMI Flash,Growth,1,8,0.028848,0.028848,low_sample_and_low_correlation,2026-04-25T22:25:54.019571+00:00
626,AU,AUD,UNEMPLOYMENT,unemployment_rate,360,private_house_approvals_mom,Private House Approvals (MoM),Growth,5,73,0.176181,0.176181,low_correlation,2026-04-25T22:25:54.019571+00:00
627,AU,AUD,UNEMPLOYMENT,unemployment_rate,360,private_house_approvals_mom,Private House Approvals (MoM),Growth,3,75,-0.073991,0.073991,low_correlation,2026-04-25T22:25:54.019571+00:00
628,AU,AUD,UNEMPLOYMENT,unemployment_rate,360,private_house_approvals_mom,Private House Approvals (MoM),Growth,6,71,0.072981,0.072981,low_correlation,2026-04-25T22:25:54.019571+00:00
629,AU,AUD,UNEMPLOYMENT,unemployment_rate,360,private_house_approvals_mom,Private House Approvals (MoM),Growth,4,74,-0.057442,0.057442,low_correlation,2026-04-25T22:25:54.019571+00:00
630,AU,AUD,UNEMPLOYMENT,unemployment_rate,360,private_house_approvals_mom,Private House Approvals (MoM),Growth,2,76,0.010324,0.010324,low_correlation,2026-04-25T22:25:54.019571+00:00
631,AU,AUD,UNEMPLOYMENT,unemployment_rate,360,private_house_approvals_mom,Private House Approvals (MoM),Growth,1,77,0.007804,0.007804,low_correlation,2026-04-25T22:25:54.019571+00:00
632,AU,AUD,UNEMPLOYMENT,unemployment_rate,361,corelogic_dwelling_prices_mom,CoreLogic Dwelling Prices (MoM),Growth,0,30,-0.401306,0.401306,not_best_lag,2026-04-25T22:25:54.019571+00:00
633,AU,AUD,UNEMPLOYMENT,unemployment_rate,361,corelogic_dwelling_prices_mom,CoreLogic Dwelling Prices (MoM),Growth,1,30,-0.398659,0.398659,low_correlation,2026-04-25T22:25:54.019571+00:00
634,AU,AUD,UNEMPLOYMENT,unemployment_rate,361,corelogic_dwelling_prices_mom,CoreLogic Dwelling Prices (MoM),Growth,4,30,-0.367996,0.367996,low_correlation,2026-04-25T22:25:54.019571+00:00
635,AU,AUD,UNEMPLOYMENT,unemployment_rate,361,corelogic_dwelling_prices_mom,CoreLogic Dwelling Prices (MoM),Growth,5,30,-0.336767,0.336767,low_correlation,2026-04-25T22:25:54.019571+00:00
636,AU,AUD,UNEMPLOYMENT,unemployment_rate,361,corelogic_dwelling_prices_mom,CoreLogic Dwelling Prices (MoM),Growth,3,30,-0.278561,0.278561,low_correlation,2026-04-25T22:25:54.019571+00:00
637,AU,AUD,UNEMPLOYMENT,unemployment_rate,361,corelogic_dwelling_prices_mom,CoreLogic Dwelling Prices (MoM),Growth,2,30,-0.262274,0.262274,low_correlation,2026-04-25T22:25:54.019571+00:00
638,AU,AUD,UNEMPLOYMENT,unemployment_rate,362,ai_group_services_index,Ai Group Services Index,Growth,6,32,-0.227827,0.227827,low_correlation,2026-04-25T22:25:54.019571+00:00
639,AU,AUD,UNEMPLOYMENT,unemployment_rate,362,ai_group_services_index,Ai Group Services Index,Growth,4,32,-0.205836,0.205836,low_correlation,2026-04-25T22:25:54.019571+00:00
640,AU,AUD,UNEMPLOYMENT,unemployment_rate,362,ai_group_services_index,Ai Group Services Index,Growth,3,32,-0.203560,0.203560,low_correlation,2026-04-25T22:25:54.019571+00:00
641,AU,AUD,UNEMPLOYMENT,unemployment_rate,362,ai_group_services_index,Ai Group Services Index,Growth,5,32,-0.180787,0.180787,low_correlation,2026-04-25T22:25:54.019571+00:00
642,AU,AUD,UNEMPLOYMENT,unemployment_rate,362,ai_group_services_index,Ai Group Services Index,Growth,0,31,0.156656,0.156656,low_correlation,2026-04-25T22:25:54.019571+00:00
643,AU,AUD,UNEMPLOYMENT,unemployment_rate,362,ai_group_services_index,Ai Group Services Index,Growth,2,32,-0.135097,0.135097,low_correlation,2026-04-25T22:25:54.019571+00:00
644,AU,AUD,UNEMPLOYMENT,unemployment_rate,362,ai_group_services_index,Ai Group Services Index,Growth,1,32,0.006004,0.006004,low_correlation,2026-04-25T22:25:54.019571+00:00
645,AU,AUD,UNEMPLOYMENT,unemployment_rate,363,balance_of_trade,Balance of Trade,Growth,2,73,0.163022,0.163022,low_correlation,2026-04-25T22:25:54.019571+00:00
646,AU,AUD,UNEMPLOYMENT,unemployment_rate,363,balance_of_trade,Balance of Trade,Growth,3,72,0.142711,0.142711,low_correlation,2026-04-25T22:25:54.019571+00:00
647,AU,AUD,UNEMPLOYMENT,unemployment_rate,363,balance_of_trade,Balance of Trade,Growth,4,71,0.120117,0.120117,low_correlation,2026-04-25T22:25:54.019571+00:00
648,AU,AUD,UNEMPLOYMENT,unemployment_rate,363,balance_of_trade,Balance of Trade,Growth,1,74,0.108037,0.108037,low_correlation,2026-04-25T22:25:54.019571+00:00
649,AU,AUD,UNEMPLOYMENT,unemployment_rate,363,balance_of_trade,Balance of Trade,Growth,6,69,0.098201,0.098201,low_correlation,2026-04-25T22:25:54.019571+00:00
650,AU,AUD,UNEMPLOYMENT,unemployment_rate,363,balance_of_trade,Balance of Trade,Growth,5,70,0.078394,0.078394,low_correlation,2026-04-25T22:25:54.019571+00:00
651,AU,AUD,UNEMPLOYMENT,unemployment_rate,364,exports_mom,Exports (MoM),Growth,6,68,-0.101606,0.101606,low_correlation,2026-04-25T22:25:54.019571+00:00
652,AU,AUD,UNEMPLOYMENT,unemployment_rate,364,exports_mom,Exports (MoM),Growth,5,69,-0.076922,0.076922,low_correlation,2026-04-25T22:25:54.019571+00:00
653,AU,AUD,UNEMPLOYMENT,unemployment_rate,364,exports_mom,Exports (MoM),Growth,4,70,-0.034867,0.034867,low_correlation,2026-04-25T22:25:54.019571+00:00
654,AU,AUD,UNEMPLOYMENT,unemployment_rate,364,exports_mom,Exports (MoM),Growth,1,73,-0.029672,0.029672,low_correlation,2026-04-25T22:25:54.019571+00:00
655,AU,AUD,UNEMPLOYMENT,unemployment_rate,364,exports_mom,Exports (MoM),Growth,2,72,0.015829,0.015829,low_correlation,2026-04-25T22:25:54.019571+00:00
656,AU,AUD,UNEMPLOYMENT,unemployment_rate,364,exports_mom,Exports (MoM),Growth,3,71,0.003470,0.003470,low_correlation,2026-04-25T22:25:54.019571+00:00
657,AU,AUD,UNEMPLOYMENT,unemployment_rate,365,imports_mom,Imports (MoM),Growth,1,74,0.060126,0.060126,low_correlation,2026-04-25T22:25:54.019571+00:00
658,AU,AUD,UNEMPLOYMENT,unemployment_rate,365,imports_mom,Imports (MoM),Growth,6,69,-0.031316,0.031316,low_correlation,2026-04-25T22:25:54.019571+00:00
659,AU,AUD,UNEMPLOYMENT,unemployment_rate,365,imports_mom,Imports (MoM),Growth,5,70,-0.021933,0.021933,low_correlation,2026-04-25T22:25:54.019571+00:00
660,AU,AUD,UNEMPLOYMENT,unemployment_rate,365,imports_mom,Imports (MoM),Growth,4,71,0.016127,0.016127,low_correlation,2026-04-25T22:25:54.019571+00:00
661,AU,AUD,UNEMPLOYMENT,unemployment_rate,365,imports_mom,Imports (MoM),Growth,3,72,-0.001665,0.001665,low_correlation,2026-04-25T22:25:54.019571+00:00
662,AU,AUD,UNEMPLOYMENT,unemployment_rate,366,current_account,Current Account,Growth,6,22,0.537613,0.537613,low_sample,2026-04-25T22:25:54.019571+00:00
663,AU,AUD,UNEMPLOYMENT,unemployment_rate,366,current_account,Current Account,Growth,4,23,0.441986,0.441986,low_sample,2026-04-25T22:25:54.019571+00:00
664,AU,AUD,UNEMPLOYMENT,unemployment_rate,366,current_account,Current Account,Growth,5,23,0.433688,0.433688,low_sample,2026-04-25T22:25:54.019571+00:00
665,CA,CAD,CPI,cpi_headline_yoy,153,core_cpi_yoy,Core CPI (YoY),Inflation,5,72,0.381366,0.381366,low_correlation,2026-04-25T22:25:54.019571+00:00
666,CA,CAD,CPI,cpi_headline_yoy,153,core_cpi_yoy,Core CPI (YoY),Inflation,4,73,0.339116,0.339116,low_correlation,2026-04-25T22:25:54.019571+00:00
667,CA,CAD,CPI,cpi_headline_yoy,153,core_cpi_yoy,Core CPI (YoY),Inflation,3,74,0.264711,0.264711,low_correlation,2026-04-25T22:25:54.019571+00:00
668,CA,CAD,CPI,cpi_headline_yoy,153,core_cpi_yoy,Core CPI (YoY),Inflation,2,75,0.204038,0.204038,low_correlation,2026-04-25T22:25:54.019571+00:00
669,CA,CAD,CPI,cpi_headline_yoy,153,core_cpi_yoy,Core CPI (YoY),Inflation,1,76,0.201176,0.201176,low_correlation,2026-04-25T22:25:54.019571+00:00
670,CA,CAD,CPI,cpi_headline_yoy,153,core_cpi_yoy,Core CPI (YoY),Inflation,0,77,0.154675,0.154675,low_correlation,2026-04-25T22:25:54.019571+00:00
671,CA,CAD,CPI,cpi_headline_yoy,154,unemployment_rate,Unemployment Rate,Labor,6,71,-0.387904,0.387904,low_correlation,2026-04-25T22:25:54.019571+00:00
672,CA,CAD,CPI,cpi_headline_yoy,154,unemployment_rate,Unemployment Rate,Labor,5,72,-0.375041,0.375041,low_correlation,2026-04-25T22:25:54.019571+00:00
673,CA,CAD,CPI,cpi_headline_yoy,154,unemployment_rate,Unemployment Rate,Labor,4,73,-0.331993,0.331993,low_correlation,2026-04-25T22:25:54.019571+00:00
674,CA,CAD,CPI,cpi_headline_yoy,154,unemployment_rate,Unemployment Rate,Labor,2,75,-0.308185,0.308185,low_correlation,2026-04-25T22:25:54.019571+00:00
675,CA,CAD,CPI,cpi_headline_yoy,154,unemployment_rate,Unemployment Rate,Labor,1,76,-0.289222,0.289222,low_correlation,2026-04-25T22:25:54.019571+00:00
676,CA,CAD,CPI,cpi_headline_yoy,154,unemployment_rate,Unemployment Rate,Labor,3,74,-0.270850,0.270850,low_correlation,2026-04-25T22:25:54.019571+00:00
677,CA,CAD,CPI,cpi_headline_yoy,154,unemployment_rate,Unemployment Rate,Labor,0,77,-0.224814,0.224814,low_correlation,2026-04-25T22:25:54.019571+00:00
678,CA,CAD,CPI,cpi_headline_yoy,155,employment_change,Employment Change,Labor,2,75,0.212436,0.212436,low_correlation,2026-04-25T22:25:54.019571+00:00
679,CA,CAD,CPI,cpi_headline_yoy,155,employment_change,Employment Change,Labor,1,76,0.198288,0.198288,low_correlation,2026-04-25T22:25:54.019571+00:00
680,CA,CAD,CPI,cpi_headline_yoy,155,employment_change,Employment Change,Labor,5,72,0.196634,0.196634,low_correlation,2026-04-25T22:25:54.019571+00:00
681,CA,CAD,CPI,cpi_headline_yoy,155,employment_change,Employment Change,Labor,4,73,0.193219,0.193219,low_correlation,2026-04-25T22:25:54.019571+00:00
682,CA,CAD,CPI,cpi_headline_yoy,155,employment_change,Employment Change,Labor,6,71,0.179388,0.179388,low_correlation,2026-04-25T22:25:54.019571+00:00
683,CA,CAD,CPI,cpi_headline_yoy,155,employment_change,Employment Change,Labor,3,74,0.154128,0.154128,low_correlation,2026-04-25T22:25:54.019571+00:00
684,CA,CAD,CPI,cpi_headline_yoy,155,employment_change,Employment Change,Labor,0,77,0.132085,0.132085,low_correlation,2026-04-25T22:25:54.019571+00:00
685,CA,CAD,CPI,cpi_headline_yoy,156,full_time_employment_change,Full-Time Employment Change,Labor,2,75,0.208171,0.208171,low_correlation,2026-04-25T22:25:54.019571+00:00
686,CA,CAD,CPI,cpi_headline_yoy,156,full_time_employment_change,Full-Time Employment Change,Labor,5,72,0.195787,0.195787,low_correlation,2026-04-25T22:25:54.019571+00:00
687,CA,CAD,CPI,cpi_headline_yoy,156,full_time_employment_change,Full-Time Employment Change,Labor,1,76,0.195544,0.195544,low_correlation,2026-04-25T22:25:54.019571+00:00
688,CA,CAD,CPI,cpi_headline_yoy,156,full_time_employment_change,Full-Time Employment Change,Labor,4,73,0.192673,0.192673,low_correlation,2026-04-25T22:25:54.019571+00:00
689,CA,CAD,CPI,cpi_headline_yoy,156,full_time_employment_change,Full-Time Employment Change,Labor,6,71,0.177678,0.177678,low_correlation,2026-04-25T22:25:54.019571+00:00
690,CA,CAD,CPI,cpi_headline_yoy,156,full_time_employment_change,Full-Time Employment Change,Labor,3,74,0.150095,0.150095,low_correlation,2026-04-25T22:25:54.019571+00:00
691,CA,CAD,CPI,cpi_headline_yoy,156,full_time_employment_change,Full-Time Employment Change,Labor,0,77,0.130227,0.130227,low_correlation,2026-04-25T22:25:54.019571+00:00
692,CA,CAD,CPI,cpi_headline_yoy,157,part_time_employment_change,Part-Time Employment Change,Labor,2,75,0.212784,0.212784,low_correlation,2026-04-25T22:25:54.019571+00:00
693,CA,CAD,CPI,cpi_headline_yoy,157,part_time_employment_change,Part-Time Employment Change,Labor,1,76,0.198496,0.198496,low_correlation,2026-04-25T22:25:54.019571+00:00
694,CA,CAD,CPI,cpi_headline_yoy,157,part_time_employment_change,Part-Time Employment Change,Labor,5,72,0.196185,0.196185,low_correlation,2026-04-25T22:25:54.019571+00:00
695,CA,CAD,CPI,cpi_headline_yoy,157,part_time_employment_change,Part-Time Employment Change,Labor,4,73,0.192583,0.192583,low_correlation,2026-04-25T22:25:54.019571+00:00
696,CA,CAD,CPI,cpi_headline_yoy,157,part_time_employment_change,Part-Time Employment Change,Labor,6,71,0.178668,0.178668,low_correlation,2026-04-25T22:25:54.019571+00:00
697,CA,CAD,CPI,cpi_headline_yoy,157,part_time_employment_change,Part-Time Employment Change,Labor,3,74,0.153980,0.153980,low_correlation,2026-04-25T22:25:54.019571+00:00
698,CA,CAD,CPI,cpi_headline_yoy,157,part_time_employment_change,Part-Time Employment Change,Labor,0,77,0.133248,0.133248,low_correlation,2026-04-25T22:25:54.019571+00:00
699,CA,CAD,CPI,cpi_headline_yoy,159,cpi_headline_mom,Headline CPI (MoM),Inflation,2,72,0.136012,0.136012,low_correlation,2026-04-25T22:25:54.019571+00:00
700,CA,CAD,CPI,cpi_headline_yoy,159,cpi_headline_mom,Headline CPI (MoM),Inflation,4,70,0.132608,0.132608,low_correlation,2026-04-25T22:25:54.019571+00:00
701,CA,CAD,CPI,cpi_headline_yoy,159,cpi_headline_mom,Headline CPI (MoM),Inflation,5,69,0.130429,0.130429,low_correlation,2026-04-25T22:25:54.019571+00:00
702,CA,CAD,CPI,cpi_headline_yoy,159,cpi_headline_mom,Headline CPI (MoM),Inflation,6,68,0.119297,0.119297,low_correlation,2026-04-25T22:25:54.019571+00:00
703,CA,CAD,CPI,cpi_headline_yoy,159,cpi_headline_mom,Headline CPI (MoM),Inflation,3,73,0.103663,0.103663,low_correlation,2026-04-25T22:25:54.019571+00:00
704,CA,CAD,CPI,cpi_headline_yoy,159,cpi_headline_mom,Headline CPI (MoM),Inflation,1,72,0.103166,0.103166,low_correlation,2026-04-25T22:25:54.019571+00:00
705,CA,CAD,CPI,cpi_headline_yoy,159,cpi_headline_mom,Headline CPI (MoM),Inflation,0,77,0.024472,0.024472,low_correlation,2026-04-25T22:25:54.019571+00:00
706,CA,CAD,CPI,cpi_headline_yoy,160,core_cpi_mom,Core CPI (MoM),Inflation,4,41,-0.293233,0.293233,low_correlation,2026-04-25T22:25:54.019571+00:00
707,CA,CAD,CPI,cpi_headline_yoy,160,core_cpi_mom,Core CPI (MoM),Inflation,3,43,-0.274537,0.274537,low_correlation,2026-04-25T22:25:54.019571+00:00
708,CA,CAD,CPI,cpi_headline_yoy,160,core_cpi_mom,Core CPI (MoM),Inflation,2,44,-0.273484,0.273484,low_correlation,2026-04-25T22:25:54.019571+00:00
709,CA,CAD,CPI,cpi_headline_yoy,160,core_cpi_mom,Core CPI (MoM),Inflation,6,39,-0.272767,0.272767,low_correlation,2026-04-25T22:25:54.019571+00:00
710,CA,CAD,CPI,cpi_headline_yoy,160,core_cpi_mom,Core CPI (MoM),Inflation,5,41,-0.270510,0.270510,low_correlation,2026-04-25T22:25:54.019571+00:00
711,CA,CAD,CPI,cpi_headline_yoy,160,core_cpi_mom,Core CPI (MoM),Inflation,1,45,-0.247132,0.247132,low_correlation,2026-04-25T22:25:54.019571+00:00
712,CA,CAD,CPI,cpi_headline_yoy,160,core_cpi_mom,Core CPI (MoM),Inflation,0,46,-0.246020,0.246020,low_correlation,2026-04-25T22:25:54.019571+00:00
713,CA,CAD,CPI,cpi_headline_yoy,162,new_housing_price_index_mom,New Housing Price Index (MoM),Inflation,1,64,-0.211584,0.211584,low_correlation,2026-04-25T22:25:54.019571+00:00
714,CA,CAD,CPI,cpi_headline_yoy,162,new_housing_price_index_mom,New Housing Price Index (MoM),Inflation,0,13,-0.185628,0.185628,low_sample_and_low_correlation,2026-04-25T22:25:54.019571+00:00
715,CA,CAD,CPI,cpi_headline_yoy,162,new_housing_price_index_mom,New Housing Price Index (MoM),Inflation,2,64,-0.131459,0.131459,low_correlation,2026-04-25T22:25:54.019571+00:00
716,CA,CAD,CPI,cpi_headline_yoy,162,new_housing_price_index_mom,New Housing Price Index (MoM),Inflation,3,62,-0.126376,0.126376,low_correlation,2026-04-25T22:25:54.019571+00:00
717,CA,CAD,CPI,cpi_headline_yoy,162,new_housing_price_index_mom,New Housing Price Index (MoM),Inflation,5,62,-0.111973,0.111973,low_correlation,2026-04-25T22:25:54.019571+00:00
718,CA,CAD,CPI,cpi_headline_yoy,162,new_housing_price_index_mom,New Housing Price Index (MoM),Inflation,4,61,-0.093675,0.093675,low_correlation,2026-04-25T22:25:54.019571+00:00
719,CA,CAD,CPI,cpi_headline_yoy,162,new_housing_price_index_mom,New Housing Price Index (MoM),Inflation,6,61,-0.088328,0.088328,low_correlation,2026-04-25T22:25:54.019571+00:00
720,CA,CAD,CPI,cpi_headline_yoy,163,new_housing_price_index_yoy,New Housing Price Index (YoY),Inflation,0,12,-0.903717,0.903717,low_sample,2026-04-25T22:25:54.019571+00:00
721,CA,CAD,CPI,cpi_headline_yoy,163,new_housing_price_index_yoy,New Housing Price Index (YoY),Inflation,1,61,-0.447796,0.447796,not_best_lag,2026-04-25T22:25:54.019571+00:00
722,CA,CAD,CPI,cpi_headline_yoy,163,new_housing_price_index_yoy,New Housing Price Index (YoY),Inflation,2,61,-0.436710,0.436710,not_best_lag,2026-04-25T22:25:54.019571+00:00
723,CA,CAD,CPI,cpi_headline_yoy,163,new_housing_price_index_yoy,New Housing Price Index (YoY),Inflation,3,61,-0.395430,0.395430,low_correlation,2026-04-25T22:25:54.019571+00:00
724,CA,CAD,CPI,cpi_headline_yoy,163,new_housing_price_index_yoy,New Housing Price Index (YoY),Inflation,4,61,-0.356710,0.356710,low_correlation,2026-04-25T22:25:54.019571+00:00
725,CA,CAD,CPI,cpi_headline_yoy,163,new_housing_price_index_yoy,New Housing Price Index (YoY),Inflation,5,61,-0.346349,0.346349,low_correlation,2026-04-25T22:25:54.019571+00:00
726,CA,CAD,CPI,cpi_headline_yoy,163,new_housing_price_index_yoy,New Housing Price Index (YoY),Inflation,6,61,-0.289210,0.289210,low_correlation,2026-04-25T22:25:54.019571+00:00
727,CA,CAD,CPI,cpi_headline_yoy,164,manufacturing_sales_mom,Manufacturing Sales (MoM),Growth,1,120,0.092657,0.092657,low_correlation,2026-04-25T22:25:54.019571+00:00
728,CA,CAD,CPI,cpi_headline_yoy,164,manufacturing_sales_mom,Manufacturing Sales (MoM),Growth,4,120,0.088597,0.088597,low_correlation,2026-04-25T22:25:54.019571+00:00
729,CA,CAD,CPI,cpi_headline_yoy,164,manufacturing_sales_mom,Manufacturing Sales (MoM),Growth,2,122,0.051068,0.051068,low_correlation,2026-04-25T22:25:54.019571+00:00
730,CA,CAD,CPI,cpi_headline_yoy,164,manufacturing_sales_mom,Manufacturing Sales (MoM),Growth,5,122,0.050706,0.050706,low_correlation,2026-04-25T22:25:54.019571+00:00
731,CA,CAD,CPI,cpi_headline_yoy,164,manufacturing_sales_mom,Manufacturing Sales (MoM),Growth,3,120,0.033433,0.033433,low_correlation,2026-04-25T22:25:54.019571+00:00
732,CA,CAD,CPI,cpi_headline_yoy,164,manufacturing_sales_mom,Manufacturing Sales (MoM),Growth,6,120,0.022530,0.022530,low_correlation,2026-04-25T22:25:54.019571+00:00
733,CA,CAD,CPI,cpi_headline_yoy,165,ppi_yoy,PPI (YoY),Inflation,1,86,-0.189574,0.189574,low_correlation,2026-04-25T22:25:54.019571+00:00
734,CA,CAD,CPI,cpi_headline_yoy,165,ppi_yoy,PPI (YoY),Inflation,2,85,-0.151639,0.151639,low_correlation,2026-04-25T22:25:54.019571+00:00
735,CA,CAD,CPI,cpi_headline_yoy,165,ppi_yoy,PPI (YoY),Inflation,3,84,-0.112897,0.112897,low_correlation,2026-04-25T22:25:54.019571+00:00
736,CA,CAD,CPI,cpi_headline_yoy,165,ppi_yoy,PPI (YoY),Inflation,4,83,-0.071459,0.071459,low_correlation,2026-04-25T22:25:54.019571+00:00
737,CA,CAD,CPI,cpi_headline_yoy,165,ppi_yoy,PPI (YoY),Inflation,5,82,-0.041394,0.041394,low_correlation,2026-04-25T22:25:54.019571+00:00
738,CA,CAD,CPI,cpi_headline_yoy,165,ppi_yoy,PPI (YoY),Inflation,6,81,-0.004050,0.004050,low_correlation,2026-04-25T22:25:54.019571+00:00
739,CA,CAD,CPI,cpi_headline_yoy,166,ppi_mom,PPI (MoM),Inflation,0,26,-0.295765,0.295765,low_correlation,2026-04-25T22:25:54.019571+00:00
740,CA,CAD,CPI,cpi_headline_yoy,166,ppi_mom,PPI (MoM),Inflation,4,79,0.155293,0.155293,low_correlation,2026-04-25T22:25:54.019571+00:00
741,CA,CAD,CPI,cpi_headline_yoy,166,ppi_mom,PPI (MoM),Inflation,3,80,0.154955,0.154955,low_correlation,2026-04-25T22:25:54.019571+00:00
742,CA,CAD,CPI,cpi_headline_yoy,166,ppi_mom,PPI (MoM),Inflation,5,78,0.127200,0.127200,low_correlation,2026-04-25T22:25:54.019571+00:00
743,CA,CAD,CPI,cpi_headline_yoy,166,ppi_mom,PPI (MoM),Inflation,6,77,0.111519,0.111519,low_correlation,2026-04-25T22:25:54.019571+00:00
744,CA,CAD,CPI,cpi_headline_yoy,166,ppi_mom,PPI (MoM),Inflation,2,81,0.098276,0.098276,low_correlation,2026-04-25T22:25:54.019571+00:00
745,CA,CAD,CPI,cpi_headline_yoy,166,ppi_mom,PPI (MoM),Inflation,1,81,0.059865,0.059865,low_correlation,2026-04-25T22:25:54.019571+00:00
746,CA,CAD,CPI,cpi_headline_yoy,167,raw_materials_prices_yoy,Raw Materials Prices (YoY),Inflation,0,17,-0.280872,0.280872,low_sample_and_low_correlation,2026-04-25T22:25:54.019571+00:00
747,CA,CAD,CPI,cpi_headline_yoy,167,raw_materials_prices_yoy,Raw Materials Prices (YoY),Inflation,1,76,-0.130754,0.130754,low_correlation,2026-04-25T22:25:54.019571+00:00
748,CA,CAD,CPI,cpi_headline_yoy,167,raw_materials_prices_yoy,Raw Materials Prices (YoY),Inflation,2,75,-0.058553,0.058553,low_correlation,2026-04-25T22:25:54.019571+00:00
749,CA,CAD,CPI,cpi_headline_yoy,167,raw_materials_prices_yoy,Raw Materials Prices (YoY),Inflation,6,71,0.053513,0.053513,low_correlation,2026-04-25T22:25:54.019571+00:00
750,CA,CAD,CPI,cpi_headline_yoy,167,raw_materials_prices_yoy,Raw Materials Prices (YoY),Inflation,3,74,-0.013154,0.013154,low_correlation,2026-04-25T22:25:54.019571+00:00
751,CA,CAD,CPI,cpi_headline_yoy,167,raw_materials_prices_yoy,Raw Materials Prices (YoY),Inflation,4,73,0.012942,0.012942,low_correlation,2026-04-25T22:25:54.019571+00:00
752,CA,CAD,CPI,cpi_headline_yoy,167,raw_materials_prices_yoy,Raw Materials Prices (YoY),Inflation,5,72,0.001778,0.001778,low_correlation,2026-04-25T22:25:54.019571+00:00
753,CA,CAD,CPI,cpi_headline_yoy,168,raw_materials_prices_mom,Raw Materials Prices (MoM),Inflation,4,72,0.082560,0.082560,low_correlation,2026-04-25T22:25:54.019571+00:00
754,CA,CAD,GDP,gdp_mom,213,imports,Imports,Growth,1,92,0.178430,0.178430,low_correlation,2026-04-25T22:25:54.019571+00:00
755,CA,CAD,CPI,cpi_headline_yoy,168,raw_materials_prices_mom,Raw Materials Prices (MoM),Inflation,3,73,0.060404,0.060404,low_correlation,2026-04-25T22:25:54.019571+00:00
756,CA,CAD,CPI,cpi_headline_yoy,168,raw_materials_prices_mom,Raw Materials Prices (MoM),Inflation,1,75,-0.043298,0.043298,low_correlation,2026-04-25T22:25:54.019571+00:00
757,CA,CAD,CPI,cpi_headline_yoy,168,raw_materials_prices_mom,Raw Materials Prices (MoM),Inflation,0,16,0.042239,0.042239,low_sample_and_low_correlation,2026-04-25T22:25:54.019571+00:00
758,CA,CAD,CPI,cpi_headline_yoy,168,raw_materials_prices_mom,Raw Materials Prices (MoM),Inflation,5,71,0.028066,0.028066,low_correlation,2026-04-25T22:25:54.019571+00:00
759,CA,CAD,CPI,cpi_headline_yoy,168,raw_materials_prices_mom,Raw Materials Prices (MoM),Inflation,2,74,-0.012644,0.012644,low_correlation,2026-04-25T22:25:54.019571+00:00
760,CA,CAD,CPI,cpi_headline_yoy,168,raw_materials_prices_mom,Raw Materials Prices (MoM),Inflation,6,70,-0.000690,0.000690,low_correlation,2026-04-25T22:25:54.019571+00:00
761,CA,CAD,CPI,cpi_headline_yoy,169,retail_sales_yoy,Retail Sales (YoY),Growth,5,73,0.159130,0.159130,low_correlation,2026-04-25T22:25:54.019571+00:00
762,CA,CAD,CPI,cpi_headline_yoy,169,retail_sales_yoy,Retail Sales (YoY),Growth,1,10,-0.138936,0.138936,low_sample_and_low_correlation,2026-04-25T22:25:54.019571+00:00
763,CA,CAD,CPI,cpi_headline_yoy,169,retail_sales_yoy,Retail Sales (YoY),Growth,6,72,0.128462,0.128462,low_correlation,2026-04-25T22:25:54.019571+00:00
764,CA,CAD,CPI,cpi_headline_yoy,169,retail_sales_yoy,Retail Sales (YoY),Growth,4,74,0.120925,0.120925,low_correlation,2026-04-25T22:25:54.019571+00:00
765,CA,CAD,CPI,cpi_headline_yoy,169,retail_sales_yoy,Retail Sales (YoY),Growth,2,74,0.118810,0.118810,low_correlation,2026-04-25T22:25:54.019571+00:00
766,CA,CAD,CPI,cpi_headline_yoy,169,retail_sales_yoy,Retail Sales (YoY),Growth,3,73,0.073515,0.073515,low_correlation,2026-04-25T22:25:54.019571+00:00
767,CA,CAD,CPI,cpi_headline_yoy,170,retail_sales_ex_autos_mom,Retail Sales Ex Autos (MoM),Growth,4,71,0.157888,0.157888,low_correlation,2026-04-25T22:25:54.019571+00:00
768,CA,CAD,CPI,cpi_headline_yoy,170,retail_sales_ex_autos_mom,Retail Sales Ex Autos (MoM),Growth,3,72,0.154056,0.154056,low_correlation,2026-04-25T22:25:54.019571+00:00
769,CA,CAD,CPI,cpi_headline_yoy,170,retail_sales_ex_autos_mom,Retail Sales Ex Autos (MoM),Growth,5,70,0.144450,0.144450,low_correlation,2026-04-25T22:25:54.019571+00:00
770,CA,CAD,CPI,cpi_headline_yoy,170,retail_sales_ex_autos_mom,Retail Sales Ex Autos (MoM),Growth,6,69,0.131828,0.131828,low_correlation,2026-04-25T22:25:54.019571+00:00
771,CA,CAD,CPI,cpi_headline_yoy,170,retail_sales_ex_autos_mom,Retail Sales Ex Autos (MoM),Growth,2,73,0.119463,0.119463,low_correlation,2026-04-25T22:25:54.019571+00:00
772,CA,CAD,CPI,cpi_headline_yoy,170,retail_sales_ex_autos_mom,Retail Sales Ex Autos (MoM),Growth,1,9,-0.116929,0.116929,low_sample_and_low_correlation,2026-04-25T22:25:54.019571+00:00
773,CA,CAD,CPI,cpi_headline_yoy,171,budget_balance,Budget Balance,Growth,6,71,0.152257,0.152257,low_correlation,2026-04-25T22:25:54.019571+00:00
774,CA,CAD,CPI,cpi_headline_yoy,171,budget_balance,Budget Balance,Growth,5,72,0.128005,0.128005,low_correlation,2026-04-25T22:25:54.019571+00:00
775,CA,CAD,CPI,cpi_headline_yoy,171,budget_balance,Budget Balance,Growth,4,73,0.106659,0.106659,low_correlation,2026-04-25T22:25:54.019571+00:00
776,CA,CAD,CPI,cpi_headline_yoy,171,budget_balance,Budget Balance,Growth,3,74,0.095227,0.095227,low_correlation,2026-04-25T22:25:54.019571+00:00
777,CA,CAD,CPI,cpi_headline_yoy,171,budget_balance,Budget Balance,Growth,2,70,0.059036,0.059036,low_correlation,2026-04-25T22:25:54.019571+00:00
778,CA,CAD,CPI,cpi_headline_yoy,210,retail_sales_mom,Retail Sales (MoM),Growth,2,84,0.211849,0.211849,low_correlation,2026-04-25T22:25:54.019571+00:00
779,CA,CAD,CPI,cpi_headline_yoy,210,retail_sales_mom,Retail Sales (MoM),Growth,5,83,0.158777,0.158777,low_correlation,2026-04-25T22:25:54.019571+00:00
780,CA,CAD,CPI,cpi_headline_yoy,210,retail_sales_mom,Retail Sales (MoM),Growth,4,83,0.149290,0.149290,low_correlation,2026-04-25T22:25:54.019571+00:00
781,CA,CAD,CPI,cpi_headline_yoy,210,retail_sales_mom,Retail Sales (MoM),Growth,3,84,0.147207,0.147207,low_correlation,2026-04-25T22:25:54.019571+00:00
782,CA,CAD,CPI,cpi_headline_yoy,210,retail_sales_mom,Retail Sales (MoM),Growth,6,83,0.144144,0.144144,low_correlation,2026-04-25T22:25:54.019571+00:00
783,CA,CAD,CPI,cpi_headline_yoy,210,retail_sales_mom,Retail Sales (MoM),Growth,1,22,0.000552,0.000552,low_sample_and_low_correlation,2026-04-25T22:25:54.019571+00:00
784,CA,CAD,CPI,cpi_headline_yoy,211,gdp_mom,GDP (MoM),Growth,1,36,-0.213756,0.213756,low_correlation,2026-04-25T22:25:54.019571+00:00
785,CA,CAD,CPI,cpi_headline_yoy,211,gdp_mom,GDP (MoM),Growth,2,97,0.191471,0.191471,low_correlation,2026-04-25T22:25:54.019571+00:00
786,CA,CAD,CPI,cpi_headline_yoy,211,gdp_mom,GDP (MoM),Growth,4,95,0.177485,0.177485,low_correlation,2026-04-25T22:25:54.019571+00:00
787,CA,CAD,CPI,cpi_headline_yoy,211,gdp_mom,GDP (MoM),Growth,5,96,0.175804,0.175804,low_correlation,2026-04-25T22:25:54.019571+00:00
788,CA,CAD,CPI,cpi_headline_yoy,211,gdp_mom,GDP (MoM),Growth,6,93,0.159835,0.159835,low_correlation,2026-04-25T22:25:54.019571+00:00
789,CA,CAD,CPI,cpi_headline_yoy,211,gdp_mom,GDP (MoM),Growth,3,96,0.138271,0.138271,low_correlation,2026-04-25T22:25:54.019571+00:00
790,CA,CAD,CPI,cpi_headline_yoy,212,wholesale_sales_mom,Wholesale Sales (MoM),Growth,6,125,0.160643,0.160643,low_correlation,2026-04-25T22:25:54.019571+00:00
791,CA,CAD,CPI,cpi_headline_yoy,212,wholesale_sales_mom,Wholesale Sales (MoM),Growth,4,126,0.141889,0.141889,low_correlation,2026-04-25T22:25:54.019571+00:00
792,CA,CAD,CPI,cpi_headline_yoy,212,wholesale_sales_mom,Wholesale Sales (MoM),Growth,3,125,0.125204,0.125204,low_correlation,2026-04-25T22:25:54.019571+00:00
793,CA,CAD,CPI,cpi_headline_yoy,212,wholesale_sales_mom,Wholesale Sales (MoM),Growth,5,127,0.120910,0.120910,low_correlation,2026-04-25T22:25:54.019571+00:00
794,CA,CAD,CPI,cpi_headline_yoy,212,wholesale_sales_mom,Wholesale Sales (MoM),Growth,2,128,0.119933,0.119933,low_correlation,2026-04-25T22:25:54.019571+00:00
795,CA,CAD,CPI,cpi_headline_yoy,212,wholesale_sales_mom,Wholesale Sales (MoM),Growth,1,120,0.100781,0.100781,low_correlation,2026-04-25T22:25:54.019571+00:00
796,CA,CAD,CPI,cpi_headline_yoy,213,imports,Imports,Growth,5,73,0.392503,0.392503,low_correlation,2026-04-25T22:25:54.019571+00:00
797,CA,CAD,CPI,cpi_headline_yoy,213,imports,Imports,Growth,4,76,0.391974,0.391974,low_correlation,2026-04-25T22:25:54.019571+00:00
798,CA,CAD,CPI,cpi_headline_yoy,213,imports,Imports,Growth,3,77,0.384571,0.384571,low_correlation,2026-04-25T22:25:54.019571+00:00
799,CA,CAD,CPI,cpi_headline_yoy,213,imports,Imports,Growth,2,77,0.366602,0.366602,low_correlation,2026-04-25T22:25:54.019571+00:00
800,CA,CAD,CPI,cpi_headline_yoy,213,imports,Imports,Growth,1,74,0.200853,0.200853,low_correlation,2026-04-25T22:25:54.019571+00:00
801,CA,CAD,CPI,cpi_headline_yoy,214,exports,Exports,Growth,6,72,0.367310,0.367310,low_correlation,2026-04-25T22:25:54.019571+00:00
802,CA,CAD,CPI,cpi_headline_yoy,214,exports,Exports,Growth,4,76,0.339194,0.339194,low_correlation,2026-04-25T22:25:54.019571+00:00
803,CA,CAD,CPI,cpi_headline_yoy,214,exports,Exports,Growth,5,73,0.307601,0.307601,low_correlation,2026-04-25T22:25:54.019571+00:00
804,CA,CAD,CPI,cpi_headline_yoy,214,exports,Exports,Growth,3,77,0.306641,0.306641,low_correlation,2026-04-25T22:25:54.019571+00:00
805,CA,CAD,CPI,cpi_headline_yoy,214,exports,Exports,Growth,1,74,0.275858,0.275858,low_correlation,2026-04-25T22:25:54.019571+00:00
806,CA,CAD,CPI,cpi_headline_yoy,214,exports,Exports,Growth,2,77,0.260093,0.260093,low_correlation,2026-04-25T22:25:54.019571+00:00
807,CA,CAD,CPI,cpi_headline_yoy,367,cpi_common_yoy,CPI Common (YoY),Inflation,0,9,-0.545232,0.545232,low_sample,2026-04-25T22:25:54.019571+00:00
808,CA,CAD,CPI,cpi_headline_yoy,367,cpi_common_yoy,CPI Common (YoY),Inflation,5,23,0.277560,0.277560,low_sample_and_low_correlation,2026-04-25T22:25:54.019571+00:00
809,CA,CAD,CPI,cpi_headline_yoy,367,cpi_common_yoy,CPI Common (YoY),Inflation,6,22,0.247239,0.247239,low_sample_and_low_correlation,2026-04-25T22:25:54.019571+00:00
810,CA,CAD,CPI,cpi_headline_yoy,367,cpi_common_yoy,CPI Common (YoY),Inflation,2,26,-0.225438,0.225438,low_correlation,2026-04-25T22:25:54.019571+00:00
811,CA,CAD,CPI,cpi_headline_yoy,367,cpi_common_yoy,CPI Common (YoY),Inflation,4,24,0.197452,0.197452,low_correlation,2026-04-25T22:25:54.019571+00:00
812,CA,CAD,CPI,cpi_headline_yoy,367,cpi_common_yoy,CPI Common (YoY),Inflation,1,27,-0.103753,0.103753,low_correlation,2026-04-25T22:25:54.019571+00:00
813,CA,CAD,CPI,cpi_headline_yoy,367,cpi_common_yoy,CPI Common (YoY),Inflation,3,25,-0.068593,0.068593,low_correlation,2026-04-25T22:25:54.019571+00:00
814,CA,CAD,CPI,cpi_headline_yoy,368,cpi_median_yoy,CPI Median (YoY),Inflation,0,9,-0.474903,0.474903,low_sample,2026-04-25T22:25:54.019571+00:00
815,CA,CAD,CPI,cpi_headline_yoy,368,cpi_median_yoy,CPI Median (YoY),Inflation,5,23,0.356426,0.356426,low_sample_and_low_correlation,2026-04-25T22:25:54.019571+00:00
816,CA,CAD,CPI,cpi_headline_yoy,368,cpi_median_yoy,CPI Median (YoY),Inflation,1,27,-0.292017,0.292017,low_correlation,2026-04-25T22:25:54.019571+00:00
817,CA,CAD,CPI,cpi_headline_yoy,368,cpi_median_yoy,CPI Median (YoY),Inflation,2,26,-0.275189,0.275189,low_correlation,2026-04-25T22:25:54.019571+00:00
818,CA,CAD,CPI,cpi_headline_yoy,368,cpi_median_yoy,CPI Median (YoY),Inflation,6,22,0.260238,0.260238,low_sample_and_low_correlation,2026-04-25T22:25:54.019571+00:00
819,CA,CAD,CPI,cpi_headline_yoy,368,cpi_median_yoy,CPI Median (YoY),Inflation,3,25,-0.191873,0.191873,low_correlation,2026-04-25T22:25:54.019571+00:00
820,CA,CAD,CPI,cpi_headline_yoy,368,cpi_median_yoy,CPI Median (YoY),Inflation,4,24,0.100184,0.100184,low_correlation,2026-04-25T22:25:54.019571+00:00
821,CA,CAD,CPI,cpi_headline_yoy,369,cpi_trimmed_mean_yoy,CPI Trimmed-Mean (YoY),Inflation,0,9,-0.476069,0.476069,low_sample,2026-04-25T22:25:54.019571+00:00
822,CA,CAD,CPI,cpi_headline_yoy,369,cpi_trimmed_mean_yoy,CPI Trimmed-Mean (YoY),Inflation,5,23,0.310339,0.310339,low_sample_and_low_correlation,2026-04-25T22:25:54.019571+00:00
823,CA,CAD,CPI,cpi_headline_yoy,369,cpi_trimmed_mean_yoy,CPI Trimmed-Mean (YoY),Inflation,2,26,-0.298261,0.298261,low_correlation,2026-04-25T22:25:54.019571+00:00
824,CA,CAD,CPI,cpi_headline_yoy,369,cpi_trimmed_mean_yoy,CPI Trimmed-Mean (YoY),Inflation,1,27,-0.262768,0.262768,low_correlation,2026-04-25T22:25:54.019571+00:00
825,CA,CAD,CPI,cpi_headline_yoy,369,cpi_trimmed_mean_yoy,CPI Trimmed-Mean (YoY),Inflation,3,25,-0.246324,0.246324,low_correlation,2026-04-25T22:25:54.019571+00:00
826,CA,CAD,CPI,cpi_headline_yoy,369,cpi_trimmed_mean_yoy,CPI Trimmed-Mean (YoY),Inflation,6,22,0.168103,0.168103,low_sample_and_low_correlation,2026-04-25T22:25:54.019571+00:00
827,CA,CAD,CPI,cpi_headline_yoy,369,cpi_trimmed_mean_yoy,CPI Trimmed-Mean (YoY),Inflation,4,24,-0.017106,0.017106,low_correlation,2026-04-25T22:25:54.019571+00:00
828,CA,CAD,CPI,cpi_headline_yoy,371,ivey_pmi_sa,Ivey PMI s.a.,Growth,2,71,0.067620,0.067620,low_correlation,2026-04-25T22:25:54.019571+00:00
829,CA,CAD,CPI,cpi_headline_yoy,371,ivey_pmi_sa,Ivey PMI s.a.,Growth,1,71,0.057522,0.057522,low_correlation,2026-04-25T22:25:54.019571+00:00
830,CA,CAD,CPI,cpi_headline_yoy,371,ivey_pmi_sa,Ivey PMI s.a.,Growth,4,73,0.044638,0.044638,low_correlation,2026-04-25T22:25:54.019571+00:00
831,CA,CAD,CPI,cpi_headline_yoy,371,ivey_pmi_sa,Ivey PMI s.a.,Growth,3,72,0.029957,0.029957,low_correlation,2026-04-25T22:25:54.019571+00:00
832,CA,CAD,CPI,cpi_headline_yoy,371,ivey_pmi_sa,Ivey PMI s.a.,Growth,6,71,0.020268,0.020268,low_correlation,2026-04-25T22:25:54.019571+00:00
833,CA,CAD,CPI,cpi_headline_yoy,371,ivey_pmi_sa,Ivey PMI s.a.,Growth,0,70,-0.008172,0.008172,low_correlation,2026-04-25T22:25:54.019571+00:00
834,CA,CAD,CPI,cpi_headline_yoy,371,ivey_pmi_sa,Ivey PMI s.a.,Growth,5,72,0.004253,0.004253,low_correlation,2026-04-25T22:25:54.019571+00:00
835,CA,CAD,CPI,cpi_headline_yoy,374,manufacturing_pmi,Manufacturing PMI,Growth,0,50,-0.240753,0.240753,low_correlation,2026-04-25T22:25:54.019571+00:00
836,CA,CAD,CPI,cpi_headline_yoy,374,manufacturing_pmi,Manufacturing PMI,Growth,4,46,-0.230789,0.230789,low_correlation,2026-04-25T22:25:54.019571+00:00
837,CA,CAD,CPI,cpi_headline_yoy,374,manufacturing_pmi,Manufacturing PMI,Growth,5,45,-0.223443,0.223443,low_correlation,2026-04-25T22:25:54.019571+00:00
838,CA,CAD,CPI,cpi_headline_yoy,374,manufacturing_pmi,Manufacturing PMI,Growth,6,44,-0.220139,0.220139,low_correlation,2026-04-25T22:25:54.019571+00:00
839,CA,CAD,CPI,cpi_headline_yoy,374,manufacturing_pmi,Manufacturing PMI,Growth,1,49,-0.210909,0.210909,low_correlation,2026-04-25T22:25:54.019571+00:00
840,CA,CAD,CPI,cpi_headline_yoy,374,manufacturing_pmi,Manufacturing PMI,Growth,3,47,-0.193329,0.193329,low_correlation,2026-04-25T22:25:54.019571+00:00
841,CA,CAD,CPI,cpi_headline_yoy,374,manufacturing_pmi,Manufacturing PMI,Growth,2,48,-0.173405,0.173405,low_correlation,2026-04-25T22:25:54.019571+00:00
842,CA,CAD,CPI,cpi_headline_yoy,375,services_pmi,Services PMI,Growth,3,28,0.365392,0.365392,low_correlation,2026-04-25T22:25:54.019571+00:00
843,CA,CAD,CPI,cpi_headline_yoy,375,services_pmi,Services PMI,Growth,6,25,-0.333914,0.333914,low_correlation,2026-04-25T22:25:54.019571+00:00
844,CA,CAD,CPI,cpi_headline_yoy,375,services_pmi,Services PMI,Growth,1,30,0.324842,0.324842,low_correlation,2026-04-25T22:25:54.019571+00:00
845,CA,CAD,CPI,cpi_headline_yoy,375,services_pmi,Services PMI,Growth,4,27,0.209899,0.209899,low_correlation,2026-04-25T22:25:54.019571+00:00
846,CA,CAD,CPI,cpi_headline_yoy,375,services_pmi,Services PMI,Growth,0,31,0.094050,0.094050,low_correlation,2026-04-25T22:25:54.019571+00:00
847,CA,CAD,CPI,cpi_headline_yoy,375,services_pmi,Services PMI,Growth,5,26,-0.003499,0.003499,low_correlation,2026-04-25T22:25:54.019571+00:00
848,CA,CAD,CPI,cpi_headline_yoy,376,composite_pmi,Composite PMI,Growth,6,25,-0.308532,0.308532,low_correlation,2026-04-25T22:25:54.019571+00:00
849,CA,CAD,CPI,cpi_headline_yoy,376,composite_pmi,Composite PMI,Growth,3,28,0.289609,0.289609,low_correlation,2026-04-25T22:25:54.019571+00:00
850,CA,CAD,CPI,cpi_headline_yoy,376,composite_pmi,Composite PMI,Growth,1,30,0.222977,0.222977,low_correlation,2026-04-25T22:25:54.019571+00:00
851,CA,CAD,CPI,cpi_headline_yoy,376,composite_pmi,Composite PMI,Growth,4,27,0.195860,0.195860,low_correlation,2026-04-25T22:25:54.019571+00:00
852,CA,CAD,CPI,cpi_headline_yoy,376,composite_pmi,Composite PMI,Growth,5,26,0.161573,0.161573,low_correlation,2026-04-25T22:25:54.019571+00:00
853,CA,CAD,CPI,cpi_headline_yoy,376,composite_pmi,Composite PMI,Growth,0,31,0.032746,0.032746,low_correlation,2026-04-25T22:25:54.019571+00:00
854,CA,CAD,CPI,cpi_headline_yoy,377,cfib_business_barometer,CFIB Business Barometer,Growth,0,55,-0.201044,0.201044,low_correlation,2026-04-25T22:25:54.019571+00:00
855,CA,CAD,CPI,cpi_headline_yoy,377,cfib_business_barometer,CFIB Business Barometer,Growth,2,53,-0.191190,0.191190,low_correlation,2026-04-25T22:25:54.019571+00:00
856,CA,CAD,CPI,cpi_headline_yoy,377,cfib_business_barometer,CFIB Business Barometer,Growth,3,52,-0.185425,0.185425,low_correlation,2026-04-25T22:25:54.019571+00:00
857,CA,CAD,CPI,cpi_headline_yoy,377,cfib_business_barometer,CFIB Business Barometer,Growth,1,54,-0.181065,0.181065,low_correlation,2026-04-25T22:25:54.019571+00:00
858,CA,CAD,CPI,cpi_headline_yoy,377,cfib_business_barometer,CFIB Business Barometer,Growth,6,49,-0.154549,0.154549,low_correlation,2026-04-25T22:25:54.019571+00:00
859,CA,CAD,CPI,cpi_headline_yoy,377,cfib_business_barometer,CFIB Business Barometer,Growth,4,51,-0.153935,0.153935,low_correlation,2026-04-25T22:25:54.019571+00:00
860,CA,CAD,CPI,cpi_headline_yoy,377,cfib_business_barometer,CFIB Business Barometer,Growth,5,50,-0.134907,0.134907,low_correlation,2026-04-25T22:25:54.019571+00:00
861,CA,CAD,CPI,cpi_headline_yoy,378,new_motor_vehicle_sales,New Motor Vehicle Sales,Growth,1,72,0.074602,0.074602,low_correlation,2026-04-25T22:25:54.019571+00:00
862,CA,CAD,CPI,cpi_headline_yoy,378,new_motor_vehicle_sales,New Motor Vehicle Sales,Growth,2,76,0.055225,0.055225,low_correlation,2026-04-25T22:25:54.019571+00:00
863,CA,CAD,CPI,cpi_headline_yoy,378,new_motor_vehicle_sales,New Motor Vehicle Sales,Growth,3,75,0.048804,0.048804,low_correlation,2026-04-25T22:25:54.019571+00:00
864,CA,CAD,CPI,cpi_headline_yoy,378,new_motor_vehicle_sales,New Motor Vehicle Sales,Growth,4,74,0.034183,0.034183,low_correlation,2026-04-25T22:25:54.019571+00:00
865,CA,CAD,CPI,cpi_headline_yoy,378,new_motor_vehicle_sales,New Motor Vehicle Sales,Growth,6,72,0.007856,0.007856,low_correlation,2026-04-25T22:25:54.019571+00:00
866,CA,CAD,CPI,cpi_headline_yoy,378,new_motor_vehicle_sales,New Motor Vehicle Sales,Growth,5,73,0.007089,0.007089,low_correlation,2026-04-25T22:25:54.019571+00:00
867,CA,CAD,CPI,cpi_headline_yoy,379,vehicle_sales_mom,Vehicle Sales (MoM),Growth,6,16,0.647479,0.647479,low_sample,2026-04-25T22:25:54.019571+00:00
868,CA,CAD,CPI,cpi_headline_yoy,379,vehicle_sales_mom,Vehicle Sales (MoM),Growth,2,20,-0.297220,0.297220,low_sample_and_low_correlation,2026-04-25T22:25:54.019571+00:00
869,CA,CAD,CPI,cpi_headline_yoy,379,vehicle_sales_mom,Vehicle Sales (MoM),Growth,5,17,0.266041,0.266041,low_sample_and_low_correlation,2026-04-25T22:25:54.019571+00:00
870,CA,CAD,CPI,cpi_headline_yoy,379,vehicle_sales_mom,Vehicle Sales (MoM),Growth,4,18,-0.211852,0.211852,low_sample_and_low_correlation,2026-04-25T22:25:54.019571+00:00
871,CA,CAD,CPI,cpi_headline_yoy,379,vehicle_sales_mom,Vehicle Sales (MoM),Growth,1,21,-0.183922,0.183922,low_sample_and_low_correlation,2026-04-25T22:25:54.019571+00:00
872,CA,CAD,CPI,cpi_headline_yoy,379,vehicle_sales_mom,Vehicle Sales (MoM),Growth,3,19,-0.162361,0.162361,low_sample_and_low_correlation,2026-04-25T22:25:54.019571+00:00
873,CA,CAD,CPI,cpi_headline_yoy,380,balance_of_trade,Balance of Trade,Growth,1,72,0.159564,0.159564,low_correlation,2026-04-25T22:25:54.019571+00:00
874,CA,CAD,CPI,cpi_headline_yoy,380,balance_of_trade,Balance of Trade,Growth,4,74,0.133935,0.133935,low_correlation,2026-04-25T22:25:54.019571+00:00
875,CA,CAD,CPI,cpi_headline_yoy,380,balance_of_trade,Balance of Trade,Growth,6,72,0.116285,0.116285,low_correlation,2026-04-25T22:25:54.019571+00:00
876,CA,CAD,CPI,cpi_headline_yoy,380,balance_of_trade,Balance of Trade,Growth,5,73,0.080589,0.080589,low_correlation,2026-04-25T22:25:54.019571+00:00
877,CA,CAD,CPI,cpi_headline_yoy,380,balance_of_trade,Balance of Trade,Growth,3,75,0.075967,0.075967,low_correlation,2026-04-25T22:25:54.019571+00:00
878,CA,CAD,CPI,cpi_headline_yoy,380,balance_of_trade,Balance of Trade,Growth,2,76,0.068667,0.068667,low_correlation,2026-04-25T22:25:54.019571+00:00
879,CA,CAD,CPI,cpi_headline_mom,152,cpi_headline_yoy,Headline CPI (YoY),Inflation,4,69,0.278519,0.278519,low_correlation,2026-04-25T22:25:54.019571+00:00
880,CA,CAD,CPI,cpi_headline_mom,152,cpi_headline_yoy,Headline CPI (YoY),Inflation,1,74,0.240223,0.240223,low_correlation,2026-04-25T22:25:54.019571+00:00
881,CA,CAD,CPI,cpi_headline_mom,152,cpi_headline_yoy,Headline CPI (YoY),Inflation,5,68,0.217867,0.217867,low_correlation,2026-04-25T22:25:54.019571+00:00
882,CA,CAD,CPI,cpi_headline_mom,152,cpi_headline_yoy,Headline CPI (YoY),Inflation,6,67,0.187644,0.187644,low_correlation,2026-04-25T22:25:54.019571+00:00
883,CA,CAD,CPI,cpi_headline_mom,152,cpi_headline_yoy,Headline CPI (YoY),Inflation,2,72,0.100398,0.100398,low_correlation,2026-04-25T22:25:54.019571+00:00
884,CA,CAD,CPI,cpi_headline_mom,152,cpi_headline_yoy,Headline CPI (YoY),Inflation,3,72,0.063359,0.063359,low_correlation,2026-04-25T22:25:54.019571+00:00
885,CA,CAD,CPI,cpi_headline_mom,153,core_cpi_yoy,Core CPI (YoY),Inflation,0,72,0.308959,0.308959,low_correlation,2026-04-25T22:25:54.019571+00:00
886,CA,CAD,CPI,cpi_headline_mom,153,core_cpi_yoy,Core CPI (YoY),Inflation,4,69,0.257962,0.257962,low_correlation,2026-04-25T22:25:54.019571+00:00
887,CA,CAD,CPI,cpi_headline_mom,153,core_cpi_yoy,Core CPI (YoY),Inflation,5,68,0.225006,0.225006,low_correlation,2026-04-25T22:25:54.019571+00:00
888,CA,CAD,CPI,cpi_headline_mom,153,core_cpi_yoy,Core CPI (YoY),Inflation,3,70,0.168966,0.168966,low_correlation,2026-04-25T22:25:54.019571+00:00
889,CA,CAD,CPI,cpi_headline_mom,153,core_cpi_yoy,Core CPI (YoY),Inflation,6,67,0.094090,0.094090,low_correlation,2026-04-25T22:25:54.019571+00:00
890,CA,CAD,CPI,cpi_headline_mom,153,core_cpi_yoy,Core CPI (YoY),Inflation,1,72,0.071083,0.071083,low_correlation,2026-04-25T22:25:54.019571+00:00
891,CA,CAD,CPI,cpi_headline_mom,153,core_cpi_yoy,Core CPI (YoY),Inflation,2,71,0.028951,0.028951,low_correlation,2026-04-25T22:25:54.019571+00:00
892,CA,CAD,CPI,cpi_headline_mom,154,unemployment_rate,Unemployment Rate,Labor,0,73,-0.311443,0.311443,low_correlation,2026-04-25T22:25:54.019571+00:00
893,CA,CAD,CPI,cpi_headline_mom,154,unemployment_rate,Unemployment Rate,Labor,1,72,-0.289978,0.289978,low_correlation,2026-04-25T22:25:54.019571+00:00
894,CA,CAD,CPI,cpi_headline_mom,154,unemployment_rate,Unemployment Rate,Labor,4,69,-0.278744,0.278744,low_correlation,2026-04-25T22:25:54.019571+00:00
895,CA,CAD,CPI,cpi_headline_mom,154,unemployment_rate,Unemployment Rate,Labor,5,68,-0.230153,0.230153,low_correlation,2026-04-25T22:25:54.019571+00:00
896,CA,CAD,CPI,cpi_headline_mom,154,unemployment_rate,Unemployment Rate,Labor,6,67,-0.194819,0.194819,low_correlation,2026-04-25T22:25:54.019571+00:00
897,CA,CAD,CPI,cpi_headline_mom,154,unemployment_rate,Unemployment Rate,Labor,2,71,-0.061353,0.061353,low_correlation,2026-04-25T22:25:54.019571+00:00
898,CA,CAD,CPI,cpi_headline_mom,154,unemployment_rate,Unemployment Rate,Labor,3,70,-0.010203,0.010203,low_correlation,2026-04-25T22:25:54.019571+00:00
899,CA,CAD,CPI,cpi_headline_mom,155,employment_change,Employment Change,Labor,1,72,0.270581,0.270581,low_correlation,2026-04-25T22:25:54.019571+00:00
900,CA,CAD,CPI,cpi_headline_mom,155,employment_change,Employment Change,Labor,0,73,0.239197,0.239197,low_correlation,2026-04-25T22:25:54.019571+00:00
901,CA,CAD,CPI,cpi_headline_mom,155,employment_change,Employment Change,Labor,3,70,-0.144696,0.144696,low_correlation,2026-04-25T22:25:54.019571+00:00
902,CA,CAD,CPI,cpi_headline_mom,155,employment_change,Employment Change,Labor,6,67,0.126773,0.126773,low_correlation,2026-04-25T22:25:54.019571+00:00
903,CA,CAD,CPI,cpi_headline_mom,155,employment_change,Employment Change,Labor,5,68,0.122275,0.122275,low_correlation,2026-04-25T22:25:54.019571+00:00
904,CA,CAD,CPI,cpi_headline_mom,155,employment_change,Employment Change,Labor,4,69,0.115255,0.115255,low_correlation,2026-04-25T22:25:54.019571+00:00
905,CA,CAD,CPI,cpi_headline_mom,155,employment_change,Employment Change,Labor,2,71,-0.003794,0.003794,low_correlation,2026-04-25T22:25:54.019571+00:00
906,CA,CAD,CPI,cpi_headline_mom,156,full_time_employment_change,Full-Time Employment Change,Labor,1,72,0.266413,0.266413,low_correlation,2026-04-25T22:25:54.019571+00:00
907,CA,CAD,CPI,cpi_headline_mom,156,full_time_employment_change,Full-Time Employment Change,Labor,0,73,0.241494,0.241494,low_correlation,2026-04-25T22:25:54.019571+00:00
908,CA,CAD,CPI,cpi_headline_mom,156,full_time_employment_change,Full-Time Employment Change,Labor,3,70,-0.147006,0.147006,low_correlation,2026-04-25T22:25:54.019571+00:00
909,CA,CAD,CPI,cpi_headline_mom,156,full_time_employment_change,Full-Time Employment Change,Labor,6,67,0.124870,0.124870,low_correlation,2026-04-25T22:25:54.019571+00:00
910,CA,CAD,CPI,cpi_headline_mom,156,full_time_employment_change,Full-Time Employment Change,Labor,5,68,0.124397,0.124397,low_correlation,2026-04-25T22:25:54.019571+00:00
911,CA,CAD,CPI,cpi_headline_mom,156,full_time_employment_change,Full-Time Employment Change,Labor,4,69,0.121959,0.121959,low_correlation,2026-04-25T22:25:54.019571+00:00
912,CA,CAD,CPI,cpi_headline_mom,156,full_time_employment_change,Full-Time Employment Change,Labor,2,71,-0.007388,0.007388,low_correlation,2026-04-25T22:25:54.019571+00:00
913,CA,CAD,CPI,cpi_headline_mom,157,part_time_employment_change,Part-Time Employment Change,Labor,1,72,0.273357,0.273357,low_correlation,2026-04-25T22:25:54.019571+00:00
914,CA,CAD,CPI,cpi_headline_mom,157,part_time_employment_change,Part-Time Employment Change,Labor,0,73,0.246981,0.246981,low_correlation,2026-04-25T22:25:54.019571+00:00
915,CA,CAD,CPI,cpi_headline_mom,157,part_time_employment_change,Part-Time Employment Change,Labor,3,70,-0.141132,0.141132,low_correlation,2026-04-25T22:25:54.019571+00:00
916,CA,CAD,CPI,cpi_headline_mom,157,part_time_employment_change,Part-Time Employment Change,Labor,4,69,0.118230,0.118230,low_correlation,2026-04-25T22:25:54.019571+00:00
917,CA,CAD,CPI,cpi_headline_mom,157,part_time_employment_change,Part-Time Employment Change,Labor,6,67,0.116478,0.116478,low_correlation,2026-04-25T22:25:54.019571+00:00
918,CA,CAD,CPI,cpi_headline_mom,157,part_time_employment_change,Part-Time Employment Change,Labor,5,68,0.114814,0.114814,low_correlation,2026-04-25T22:25:54.019571+00:00
919,CA,CAD,CPI,cpi_headline_mom,157,part_time_employment_change,Part-Time Employment Change,Labor,2,71,-0.007044,0.007044,low_correlation,2026-04-25T22:25:54.019571+00:00
920,CA,CAD,CPI,cpi_headline_mom,160,core_cpi_mom,Core CPI (MoM),Inflation,1,41,0.223049,0.223049,low_correlation,2026-04-25T22:25:54.019571+00:00
921,CA,CAD,CPI,cpi_headline_mom,160,core_cpi_mom,Core CPI (MoM),Inflation,6,36,0.171428,0.171428,low_correlation,2026-04-25T22:25:54.019571+00:00
922,CA,CAD,CPI,cpi_headline_mom,160,core_cpi_mom,Core CPI (MoM),Inflation,4,37,-0.157317,0.157317,low_correlation,2026-04-25T22:25:54.019571+00:00
923,CA,CAD,CPI,cpi_headline_mom,160,core_cpi_mom,Core CPI (MoM),Inflation,3,39,-0.081250,0.081250,low_correlation,2026-04-25T22:25:54.019571+00:00
924,CA,CAD,CPI,cpi_headline_mom,160,core_cpi_mom,Core CPI (MoM),Inflation,5,38,0.045783,0.045783,low_correlation,2026-04-25T22:25:54.019571+00:00
925,CA,CAD,CPI,cpi_headline_mom,160,core_cpi_mom,Core CPI (MoM),Inflation,2,41,-0.024671,0.024671,low_correlation,2026-04-25T22:25:54.019571+00:00
926,CA,CAD,CPI,cpi_headline_mom,162,new_housing_price_index_mom,New Housing Price Index (MoM),Inflation,2,62,0.192789,0.192789,low_correlation,2026-04-25T22:25:54.019571+00:00
927,CA,CAD,CPI,cpi_headline_mom,162,new_housing_price_index_mom,New Housing Price Index (MoM),Inflation,5,58,-0.176603,0.176603,low_correlation,2026-04-25T22:25:54.019571+00:00
928,CA,CAD,CPI,cpi_headline_mom,162,new_housing_price_index_mom,New Housing Price Index (MoM),Inflation,3,61,0.150568,0.150568,low_correlation,2026-04-25T22:25:54.019571+00:00
929,CA,CAD,CPI,cpi_headline_mom,162,new_housing_price_index_mom,New Housing Price Index (MoM),Inflation,1,61,0.129394,0.129394,low_correlation,2026-04-25T22:25:54.019571+00:00
930,CA,CAD,CPI,cpi_headline_mom,162,new_housing_price_index_mom,New Housing Price Index (MoM),Inflation,4,57,-0.117981,0.117981,low_correlation,2026-04-25T22:25:54.019571+00:00
931,CA,CAD,CPI,cpi_headline_mom,162,new_housing_price_index_mom,New Housing Price Index (MoM),Inflation,0,12,-0.099556,0.099556,low_sample_and_low_correlation,2026-04-25T22:25:54.019571+00:00
932,CA,CAD,CPI,cpi_headline_mom,162,new_housing_price_index_mom,New Housing Price Index (MoM),Inflation,6,57,-0.059549,0.059549,low_correlation,2026-04-25T22:25:54.019571+00:00
933,CA,CAD,CPI,cpi_headline_mom,163,new_housing_price_index_yoy,New Housing Price Index (YoY),Inflation,0,11,-0.545400,0.545400,low_sample,2026-04-25T22:25:54.019571+00:00
934,CA,CAD,CPI,cpi_headline_mom,163,new_housing_price_index_yoy,New Housing Price Index (YoY),Inflation,1,59,-0.276972,0.276972,low_correlation,2026-04-25T22:25:54.019571+00:00
935,CA,CAD,CPI,cpi_headline_mom,163,new_housing_price_index_yoy,New Housing Price Index (YoY),Inflation,4,59,0.115539,0.115539,low_correlation,2026-04-25T22:25:54.019571+00:00
936,CA,CAD,CPI,cpi_headline_mom,163,new_housing_price_index_yoy,New Housing Price Index (YoY),Inflation,2,59,-0.068427,0.068427,low_correlation,2026-04-25T22:25:54.019571+00:00
937,CA,CAD,CPI,cpi_headline_mom,163,new_housing_price_index_yoy,New Housing Price Index (YoY),Inflation,5,59,-0.009747,0.009747,low_correlation,2026-04-25T22:25:54.019571+00:00
938,CA,CAD,CPI,cpi_headline_mom,163,new_housing_price_index_yoy,New Housing Price Index (YoY),Inflation,6,60,-0.009468,0.009468,low_correlation,2026-04-25T22:25:54.019571+00:00
939,CA,CAD,CPI,cpi_headline_mom,163,new_housing_price_index_yoy,New Housing Price Index (YoY),Inflation,3,60,-0.008011,0.008011,low_correlation,2026-04-25T22:25:54.019571+00:00
940,CA,CAD,CPI,cpi_headline_mom,164,manufacturing_sales_mom,Manufacturing Sales (MoM),Growth,2,118,-0.229355,0.229355,low_correlation,2026-04-25T22:25:54.019571+00:00
941,CA,CAD,CPI,cpi_headline_mom,164,manufacturing_sales_mom,Manufacturing Sales (MoM),Growth,4,112,0.224259,0.224259,low_correlation,2026-04-25T22:25:54.019571+00:00
942,CA,CAD,CPI,cpi_headline_mom,164,manufacturing_sales_mom,Manufacturing Sales (MoM),Growth,1,114,0.134980,0.134980,low_correlation,2026-04-25T22:25:54.019571+00:00
943,CA,CAD,CPI,cpi_headline_mom,164,manufacturing_sales_mom,Manufacturing Sales (MoM),Growth,6,113,0.051933,0.051933,low_correlation,2026-04-25T22:25:54.019571+00:00
944,CA,CAD,CPI,cpi_headline_mom,164,manufacturing_sales_mom,Manufacturing Sales (MoM),Growth,5,114,0.027381,0.027381,low_correlation,2026-04-25T22:25:54.019571+00:00
945,CA,CAD,CPI,cpi_headline_mom,164,manufacturing_sales_mom,Manufacturing Sales (MoM),Growth,3,114,0.022003,0.022003,low_correlation,2026-04-25T22:25:54.019571+00:00
946,CA,CAD,CPI,cpi_headline_mom,165,ppi_yoy,PPI (YoY),Inflation,4,79,0.196844,0.196844,low_correlation,2026-04-25T22:25:54.019571+00:00
947,CA,CAD,CPI,cpi_headline_mom,165,ppi_yoy,PPI (YoY),Inflation,5,78,0.116392,0.116392,low_correlation,2026-04-25T22:25:54.019571+00:00
948,CA,CAD,CPI,cpi_headline_mom,165,ppi_yoy,PPI (YoY),Inflation,1,82,0.076955,0.076955,low_correlation,2026-04-25T22:25:54.019571+00:00
949,CA,CAD,CPI,cpi_headline_mom,165,ppi_yoy,PPI (YoY),Inflation,6,77,0.055853,0.055853,low_correlation,2026-04-25T22:25:54.019571+00:00
950,CA,CAD,CPI,cpi_headline_mom,165,ppi_yoy,PPI (YoY),Inflation,2,81,-0.036793,0.036793,low_correlation,2026-04-25T22:25:54.019571+00:00
951,CA,CAD,CPI,cpi_headline_mom,165,ppi_yoy,PPI (YoY),Inflation,0,26,-0.033337,0.033337,low_correlation,2026-04-25T22:25:54.019571+00:00
952,CA,CAD,CPI,cpi_headline_mom,165,ppi_yoy,PPI (YoY),Inflation,3,80,0.013764,0.013764,low_correlation,2026-04-25T22:25:54.019571+00:00
953,CA,CAD,CPI,cpi_headline_mom,166,ppi_mom,PPI (MoM),Inflation,1,77,0.269208,0.269208,low_correlation,2026-04-25T22:25:54.019571+00:00
954,CA,CAD,CPI,cpi_headline_mom,166,ppi_mom,PPI (MoM),Inflation,4,76,0.199414,0.199414,low_correlation,2026-04-25T22:25:54.019571+00:00
955,CA,CAD,CPI,cpi_headline_mom,166,ppi_mom,PPI (MoM),Inflation,5,75,0.190823,0.190823,low_correlation,2026-04-25T22:25:54.019571+00:00
956,CA,CAD,CPI,cpi_headline_mom,166,ppi_mom,PPI (MoM),Inflation,2,77,0.119705,0.119705,low_correlation,2026-04-25T22:25:54.019571+00:00
957,CA,CAD,CPI,cpi_headline_mom,166,ppi_mom,PPI (MoM),Inflation,0,25,-0.106651,0.106651,low_correlation,2026-04-25T22:25:54.019571+00:00
958,CA,CAD,CPI,cpi_headline_mom,166,ppi_mom,PPI (MoM),Inflation,3,76,-0.077422,0.077422,low_correlation,2026-04-25T22:25:54.019571+00:00
959,CA,CAD,CPI,cpi_headline_mom,166,ppi_mom,PPI (MoM),Inflation,6,74,0.025258,0.025258,low_correlation,2026-04-25T22:25:54.019571+00:00
960,CA,CAD,CPI,cpi_headline_mom,167,raw_materials_prices_yoy,Raw Materials Prices (YoY),Inflation,0,16,0.184193,0.184193,low_sample_and_low_correlation,2026-04-25T22:25:54.019571+00:00
961,CA,CAD,CPI,cpi_headline_mom,167,raw_materials_prices_yoy,Raw Materials Prices (YoY),Inflation,6,67,0.146468,0.146468,low_correlation,2026-04-25T22:25:54.019571+00:00
962,CA,CAD,CPI,cpi_headline_mom,167,raw_materials_prices_yoy,Raw Materials Prices (YoY),Inflation,1,72,0.113214,0.113214,low_correlation,2026-04-25T22:25:54.019571+00:00
963,CA,CAD,CPI,cpi_headline_mom,167,raw_materials_prices_yoy,Raw Materials Prices (YoY),Inflation,2,71,0.090373,0.090373,low_correlation,2026-04-25T22:25:54.019571+00:00
964,CA,CAD,CPI,cpi_headline_mom,167,raw_materials_prices_yoy,Raw Materials Prices (YoY),Inflation,4,69,0.030587,0.030587,low_correlation,2026-04-25T22:25:54.019571+00:00
965,CA,CAD,CPI,cpi_headline_mom,167,raw_materials_prices_yoy,Raw Materials Prices (YoY),Inflation,3,70,0.017007,0.017007,low_correlation,2026-04-25T22:25:54.019571+00:00
966,CA,CAD,CPI,cpi_headline_mom,167,raw_materials_prices_yoy,Raw Materials Prices (YoY),Inflation,5,68,0.009081,0.009081,low_correlation,2026-04-25T22:25:54.019571+00:00
967,CA,CAD,CPI,cpi_headline_mom,168,raw_materials_prices_mom,Raw Materials Prices (MoM),Inflation,1,71,0.327945,0.327945,low_correlation,2026-04-25T22:25:54.019571+00:00
968,CA,CAD,CPI,cpi_headline_mom,168,raw_materials_prices_mom,Raw Materials Prices (MoM),Inflation,0,15,0.203625,0.203625,low_sample_and_low_correlation,2026-04-25T22:25:54.019571+00:00
969,CA,CAD,CPI,cpi_headline_mom,168,raw_materials_prices_mom,Raw Materials Prices (MoM),Inflation,4,68,0.202605,0.202605,low_correlation,2026-04-25T22:25:54.019571+00:00
970,CA,CAD,CPI,cpi_headline_mom,168,raw_materials_prices_mom,Raw Materials Prices (MoM),Inflation,2,70,0.153447,0.153447,low_correlation,2026-04-25T22:25:54.019571+00:00
971,CA,CAD,CPI,cpi_headline_mom,168,raw_materials_prices_mom,Raw Materials Prices (MoM),Inflation,6,66,-0.107748,0.107748,low_correlation,2026-04-25T22:25:54.019571+00:00
972,CA,CAD,CPI,cpi_headline_mom,168,raw_materials_prices_mom,Raw Materials Prices (MoM),Inflation,5,67,-0.042381,0.042381,low_correlation,2026-04-25T22:25:54.019571+00:00
973,CA,CAD,CPI,cpi_headline_mom,168,raw_materials_prices_mom,Raw Materials Prices (MoM),Inflation,3,69,0.017198,0.017198,low_correlation,2026-04-25T22:25:54.019571+00:00
974,CA,CAD,CPI,cpi_headline_mom,169,retail_sales_yoy,Retail Sales (YoY),Growth,5,69,0.158773,0.158773,low_correlation,2026-04-25T22:25:54.019571+00:00
975,CA,CAD,CPI,cpi_headline_mom,169,retail_sales_yoy,Retail Sales (YoY),Growth,4,70,0.131979,0.131979,low_correlation,2026-04-25T22:25:54.019571+00:00
976,CA,CAD,CPI,cpi_headline_mom,169,retail_sales_yoy,Retail Sales (YoY),Growth,1,10,-0.074240,0.074240,low_sample_and_low_correlation,2026-04-25T22:25:54.019571+00:00
977,CA,CAD,CPI,cpi_headline_mom,169,retail_sales_yoy,Retail Sales (YoY),Growth,3,69,-0.058866,0.058866,low_correlation,2026-04-25T22:25:54.019571+00:00
978,CA,CAD,CPI,cpi_headline_mom,169,retail_sales_yoy,Retail Sales (YoY),Growth,2,71,-0.029030,0.029030,low_correlation,2026-04-25T22:25:54.019571+00:00
979,CA,CAD,CPI,cpi_headline_mom,169,retail_sales_yoy,Retail Sales (YoY),Growth,6,68,-0.023393,0.023393,low_correlation,2026-04-25T22:25:54.019571+00:00
980,CA,CAD,CPI,cpi_headline_mom,170,retail_sales_ex_autos_mom,Retail Sales Ex Autos (MoM),Growth,5,66,0.140196,0.140196,low_correlation,2026-04-25T22:25:54.019571+00:00
981,CA,CAD,CPI,cpi_headline_mom,170,retail_sales_ex_autos_mom,Retail Sales Ex Autos (MoM),Growth,2,69,-0.126730,0.126730,low_correlation,2026-04-25T22:25:54.019571+00:00
982,CA,CAD,CPI,cpi_headline_mom,170,retail_sales_ex_autos_mom,Retail Sales Ex Autos (MoM),Growth,4,67,0.126395,0.126395,low_correlation,2026-04-25T22:25:54.019571+00:00
983,CA,CAD,CPI,cpi_headline_mom,170,retail_sales_ex_autos_mom,Retail Sales Ex Autos (MoM),Growth,3,68,0.091345,0.091345,low_correlation,2026-04-25T22:25:54.019571+00:00
984,CA,CAD,CPI,cpi_headline_mom,170,retail_sales_ex_autos_mom,Retail Sales Ex Autos (MoM),Growth,6,65,-0.056199,0.056199,low_correlation,2026-04-25T22:25:54.019571+00:00
985,CA,CAD,CPI,cpi_headline_mom,170,retail_sales_ex_autos_mom,Retail Sales Ex Autos (MoM),Growth,1,9,0.040264,0.040264,low_sample_and_low_correlation,2026-04-25T22:25:54.019571+00:00
986,CA,CAD,CPI,cpi_headline_mom,171,budget_balance,Budget Balance,Growth,5,68,0.316204,0.316204,low_correlation,2026-04-25T22:25:54.019571+00:00
987,CA,CAD,CPI,cpi_headline_mom,171,budget_balance,Budget Balance,Growth,3,70,0.206089,0.206089,low_correlation,2026-04-25T22:25:54.019571+00:00
988,CA,CAD,CPI,cpi_headline_mom,171,budget_balance,Budget Balance,Growth,6,67,0.109152,0.109152,low_correlation,2026-04-25T22:25:54.019571+00:00
989,CA,CAD,CPI,cpi_headline_mom,171,budget_balance,Budget Balance,Growth,2,66,-0.012339,0.012339,low_correlation,2026-04-25T22:25:54.019571+00:00
990,CA,CAD,CPI,cpi_headline_mom,171,budget_balance,Budget Balance,Growth,4,69,-0.000013,0.000013,low_correlation,2026-04-25T22:25:54.019571+00:00
991,CA,CAD,CPI,cpi_headline_mom,210,retail_sales_mom,Retail Sales (MoM),Growth,1,21,0.213193,0.213193,low_sample_and_low_correlation,2026-04-25T22:25:54.019571+00:00
992,CA,CAD,CPI,cpi_headline_mom,210,retail_sales_mom,Retail Sales (MoM),Growth,3,80,-0.160367,0.160367,low_correlation,2026-04-25T22:25:54.019571+00:00
993,CA,CAD,CPI,cpi_headline_mom,210,retail_sales_mom,Retail Sales (MoM),Growth,5,77,0.128446,0.128446,low_correlation,2026-04-25T22:25:54.019571+00:00
994,CA,CAD,CPI,cpi_headline_mom,210,retail_sales_mom,Retail Sales (MoM),Growth,4,78,0.093888,0.093888,low_correlation,2026-04-25T22:25:54.019571+00:00
995,CA,CAD,CPI,cpi_headline_mom,210,retail_sales_mom,Retail Sales (MoM),Growth,6,77,0.029027,0.029027,low_correlation,2026-04-25T22:25:54.019571+00:00
996,CA,CAD,CPI,cpi_headline_mom,210,retail_sales_mom,Retail Sales (MoM),Growth,2,80,-0.022440,0.022440,low_correlation,2026-04-25T22:25:54.019571+00:00
997,CA,CAD,CPI,cpi_headline_mom,211,gdp_mom,GDP (MoM),Growth,4,89,0.155891,0.155891,low_correlation,2026-04-25T22:25:54.019571+00:00
998,CA,CAD,CPI,cpi_headline_mom,211,gdp_mom,GDP (MoM),Growth,6,88,0.117313,0.117313,low_correlation,2026-04-25T22:25:54.019571+00:00
999,CA,CAD,CPI,cpi_headline_mom,211,gdp_mom,GDP (MoM),Growth,3,92,-0.113403,0.113403,low_correlation,2026-04-25T22:25:54.019571+00:00
1000,CA,CAD,CPI,cpi_headline_mom,211,gdp_mom,GDP (MoM),Growth,5,91,0.087073,0.087073,low_correlation,2026-04-25T22:25:54.019571+00:00
1001,CA,CAD,CPI,cpi_headline_mom,211,gdp_mom,GDP (MoM),Growth,1,34,0.035702,0.035702,low_correlation,2026-04-25T22:25:54.019571+00:00
1002,CA,CAD,CPI,cpi_headline_mom,211,gdp_mom,GDP (MoM),Growth,2,91,0.020270,0.020270,low_correlation,2026-04-25T22:25:54.019571+00:00
1003,CA,CAD,CPI,cpi_headline_mom,212,wholesale_sales_mom,Wholesale Sales (MoM),Growth,4,120,0.183839,0.183839,low_correlation,2026-04-25T22:25:54.019571+00:00
1004,CA,CAD,CPI,cpi_headline_mom,212,wholesale_sales_mom,Wholesale Sales (MoM),Growth,2,123,-0.154694,0.154694,low_correlation,2026-04-25T22:25:54.019571+00:00
1005,CA,CAD,CPI,cpi_headline_mom,212,wholesale_sales_mom,Wholesale Sales (MoM),Growth,5,121,0.152715,0.152715,low_correlation,2026-04-25T22:25:54.019571+00:00
1006,CA,CAD,CPI,cpi_headline_mom,212,wholesale_sales_mom,Wholesale Sales (MoM),Growth,6,117,0.084215,0.084215,low_correlation,2026-04-25T22:25:54.019571+00:00
1007,CA,CAD,CPI,cpi_headline_mom,212,wholesale_sales_mom,Wholesale Sales (MoM),Growth,3,119,-0.035613,0.035613,low_correlation,2026-04-25T22:25:54.019571+00:00
1008,CA,CAD,CPI,cpi_headline_mom,212,wholesale_sales_mom,Wholesale Sales (MoM),Growth,1,114,-0.019829,0.019829,low_correlation,2026-04-25T22:25:54.019571+00:00
1009,CA,CAD,CPI,cpi_headline_mom,213,imports,Imports,Growth,1,71,0.297824,0.297824,low_correlation,2026-04-25T22:25:54.019571+00:00
1010,CA,CAD,CPI,cpi_headline_mom,213,imports,Imports,Growth,3,72,0.217992,0.217992,low_correlation,2026-04-25T22:25:54.019571+00:00
1011,CA,CAD,CPI,cpi_headline_mom,213,imports,Imports,Growth,5,69,0.183530,0.183530,low_correlation,2026-04-25T22:25:54.019571+00:00
1012,CA,CAD,CPI,cpi_headline_mom,213,imports,Imports,Growth,2,72,0.118035,0.118035,low_correlation,2026-04-25T22:25:54.019571+00:00
1013,CA,CAD,CPI,cpi_headline_mom,213,imports,Imports,Growth,4,72,0.104897,0.104897,low_correlation,2026-04-25T22:25:54.019571+00:00
1014,CA,CAD,CPI,cpi_headline_mom,213,imports,Imports,Growth,6,68,0.037999,0.037999,low_correlation,2026-04-25T22:25:54.019571+00:00
1015,CA,CAD,CPI,cpi_headline_mom,214,exports,Exports,Growth,4,72,0.230122,0.230122,low_correlation,2026-04-25T22:25:54.019571+00:00
1016,CA,CAD,CPI,cpi_headline_mom,214,exports,Exports,Growth,6,68,0.210054,0.210054,low_correlation,2026-04-25T22:25:54.019571+00:00
1017,CA,CAD,CPI,cpi_headline_mom,214,exports,Exports,Growth,5,69,0.195317,0.195317,low_correlation,2026-04-25T22:25:54.019571+00:00
1018,CA,CAD,CPI,cpi_headline_mom,214,exports,Exports,Growth,1,71,0.158876,0.158876,low_correlation,2026-04-25T22:25:54.019571+00:00
1019,CA,CAD,CPI,cpi_headline_mom,214,exports,Exports,Growth,3,72,0.136326,0.136326,low_correlation,2026-04-25T22:25:54.019571+00:00
1020,CA,CAD,CPI,cpi_headline_mom,214,exports,Exports,Growth,2,72,-0.002524,0.002524,low_correlation,2026-04-25T22:25:54.019571+00:00
1021,CA,CAD,CPI,cpi_headline_mom,367,cpi_common_yoy,CPI Common (YoY),Inflation,4,21,0.436893,0.436893,low_sample,2026-04-25T22:25:54.019571+00:00
1022,CA,CAD,CPI,cpi_headline_mom,367,cpi_common_yoy,CPI Common (YoY),Inflation,1,24,-0.364439,0.364439,low_correlation,2026-04-25T22:25:54.019571+00:00
1023,CA,CAD,CPI,cpi_headline_mom,367,cpi_common_yoy,CPI Common (YoY),Inflation,5,20,0.317039,0.317039,low_sample_and_low_correlation,2026-04-25T22:25:54.019571+00:00
1024,CA,CAD,CPI,cpi_headline_mom,367,cpi_common_yoy,CPI Common (YoY),Inflation,0,9,-0.305983,0.305983,low_sample_and_low_correlation,2026-04-25T22:25:54.019571+00:00
1025,CA,CAD,CPI,cpi_headline_mom,367,cpi_common_yoy,CPI Common (YoY),Inflation,2,23,-0.182891,0.182891,low_sample_and_low_correlation,2026-04-25T22:25:54.019571+00:00
1026,CA,CAD,CPI,cpi_headline_mom,367,cpi_common_yoy,CPI Common (YoY),Inflation,3,22,0.155478,0.155478,low_sample_and_low_correlation,2026-04-25T22:25:54.019571+00:00
1027,CA,CAD,CPI,cpi_headline_mom,367,cpi_common_yoy,CPI Common (YoY),Inflation,6,19,0.076387,0.076387,low_sample_and_low_correlation,2026-04-25T22:25:54.019571+00:00
1028,CA,CAD,CPI,cpi_headline_mom,368,cpi_median_yoy,CPI Median (YoY),Inflation,3,22,-0.323134,0.323134,low_sample_and_low_correlation,2026-04-25T22:25:54.019571+00:00
1029,CA,CAD,CPI,cpi_headline_mom,368,cpi_median_yoy,CPI Median (YoY),Inflation,0,9,-0.301376,0.301376,low_sample_and_low_correlation,2026-04-25T22:25:54.019571+00:00
1030,CA,CAD,CPI,cpi_headline_mom,368,cpi_median_yoy,CPI Median (YoY),Inflation,2,23,-0.242208,0.242208,low_sample_and_low_correlation,2026-04-25T22:25:54.019571+00:00
1031,CA,CAD,CPI,cpi_headline_mom,368,cpi_median_yoy,CPI Median (YoY),Inflation,4,21,-0.197289,0.197289,low_sample_and_low_correlation,2026-04-25T22:25:54.019571+00:00
1032,CA,CAD,CPI,cpi_headline_mom,368,cpi_median_yoy,CPI Median (YoY),Inflation,5,20,-0.073077,0.073077,low_sample_and_low_correlation,2026-04-25T22:25:54.019571+00:00
1033,CA,CAD,CPI,cpi_headline_mom,368,cpi_median_yoy,CPI Median (YoY),Inflation,1,24,0.057960,0.057960,low_correlation,2026-04-25T22:25:54.019571+00:00
1034,CA,CAD,CPI,cpi_headline_mom,368,cpi_median_yoy,CPI Median (YoY),Inflation,6,19,-0.010038,0.010038,low_sample_and_low_correlation,2026-04-25T22:25:54.019571+00:00
1035,CA,CAD,CPI,cpi_headline_mom,369,cpi_trimmed_mean_yoy,CPI Trimmed-Mean (YoY),Inflation,3,22,-0.418876,0.418876,low_sample,2026-04-25T22:25:54.019571+00:00
1036,CA,CAD,CPI,cpi_headline_mom,369,cpi_trimmed_mean_yoy,CPI Trimmed-Mean (YoY),Inflation,2,23,-0.343059,0.343059,low_sample_and_low_correlation,2026-04-25T22:25:54.019571+00:00
1037,CA,CAD,CPI,cpi_headline_mom,369,cpi_trimmed_mean_yoy,CPI Trimmed-Mean (YoY),Inflation,0,9,-0.245440,0.245440,low_sample_and_low_correlation,2026-04-25T22:25:54.019571+00:00
1038,CA,CAD,CPI,cpi_headline_mom,369,cpi_trimmed_mean_yoy,CPI Trimmed-Mean (YoY),Inflation,6,19,-0.208261,0.208261,low_sample_and_low_correlation,2026-04-25T22:25:54.019571+00:00
1039,CA,CAD,CPI,cpi_headline_mom,369,cpi_trimmed_mean_yoy,CPI Trimmed-Mean (YoY),Inflation,1,24,0.117867,0.117867,low_correlation,2026-04-25T22:25:54.019571+00:00
1040,CA,CAD,CPI,cpi_headline_mom,369,cpi_trimmed_mean_yoy,CPI Trimmed-Mean (YoY),Inflation,5,20,-0.087756,0.087756,low_sample_and_low_correlation,2026-04-25T22:25:54.019571+00:00
1041,CA,CAD,CPI,cpi_headline_mom,369,cpi_trimmed_mean_yoy,CPI Trimmed-Mean (YoY),Inflation,4,21,-0.068641,0.068641,low_sample_and_low_correlation,2026-04-25T22:25:54.019571+00:00
1042,CA,CAD,CPI,cpi_headline_mom,371,ivey_pmi_sa,Ivey PMI s.a.,Growth,0,68,0.393411,0.393411,low_correlation,2026-04-25T22:25:54.019571+00:00
1043,CA,CAD,CPI,cpi_headline_mom,371,ivey_pmi_sa,Ivey PMI s.a.,Growth,1,69,0.253911,0.253911,low_correlation,2026-04-25T22:25:54.019571+00:00
1044,CA,CAD,CPI,cpi_headline_mom,371,ivey_pmi_sa,Ivey PMI s.a.,Growth,3,68,-0.231599,0.231599,low_correlation,2026-04-25T22:25:54.019571+00:00
1045,CA,CAD,CPI,cpi_headline_mom,371,ivey_pmi_sa,Ivey PMI s.a.,Growth,5,68,-0.054575,0.054575,low_correlation,2026-04-25T22:25:54.019571+00:00
1046,CA,CAD,CPI,cpi_headline_mom,371,ivey_pmi_sa,Ivey PMI s.a.,Growth,2,68,-0.039291,0.039291,low_correlation,2026-04-25T22:25:54.019571+00:00
1047,CA,CAD,CPI,cpi_headline_mom,371,ivey_pmi_sa,Ivey PMI s.a.,Growth,4,69,0.010337,0.010337,low_correlation,2026-04-25T22:25:54.019571+00:00
1048,CA,CAD,CPI,cpi_headline_mom,371,ivey_pmi_sa,Ivey PMI s.a.,Growth,6,67,-0.006010,0.006010,low_correlation,2026-04-25T22:25:54.019571+00:00
1049,CA,CAD,CPI,cpi_headline_mom,374,manufacturing_pmi,Manufacturing PMI,Growth,5,41,0.288415,0.288415,low_correlation,2026-04-25T22:25:54.019571+00:00
1050,CA,CAD,CPI,cpi_headline_mom,374,manufacturing_pmi,Manufacturing PMI,Growth,2,44,0.281256,0.281256,low_correlation,2026-04-25T22:25:54.019571+00:00
1051,CA,CAD,CPI,cpi_headline_mom,374,manufacturing_pmi,Manufacturing PMI,Growth,6,40,0.247157,0.247157,low_correlation,2026-04-25T22:25:54.019571+00:00
1052,CA,CAD,CPI,cpi_headline_mom,374,manufacturing_pmi,Manufacturing PMI,Growth,1,45,0.231637,0.231637,low_correlation,2026-04-25T22:25:54.019571+00:00
1053,CA,CAD,CPI,cpi_headline_mom,374,manufacturing_pmi,Manufacturing PMI,Growth,0,46,-0.092236,0.092236,low_correlation,2026-04-25T22:25:54.019571+00:00
1054,CA,CAD,CPI,cpi_headline_mom,374,manufacturing_pmi,Manufacturing PMI,Growth,4,42,-0.031114,0.031114,low_correlation,2026-04-25T22:25:54.019571+00:00
1055,CA,CAD,CPI,cpi_headline_mom,374,manufacturing_pmi,Manufacturing PMI,Growth,3,43,-0.006708,0.006708,low_correlation,2026-04-25T22:25:54.019571+00:00
1056,CA,CAD,CPI,cpi_headline_mom,375,services_pmi,Services PMI,Growth,2,26,-0.301580,0.301580,low_correlation,2026-04-25T22:25:54.019571+00:00
1057,CA,CAD,CPI,cpi_headline_mom,375,services_pmi,Services PMI,Growth,4,24,-0.261484,0.261484,low_correlation,2026-04-25T22:25:54.019571+00:00
1058,CA,CAD,CPI,cpi_headline_mom,375,services_pmi,Services PMI,Growth,0,27,0.224291,0.224291,low_correlation,2026-04-25T22:25:54.019571+00:00
1059,CA,CAD,CPI,cpi_headline_mom,375,services_pmi,Services PMI,Growth,6,22,0.149849,0.149849,low_sample_and_low_correlation,2026-04-25T22:25:54.019571+00:00
1060,CA,CAD,CPI,cpi_headline_mom,375,services_pmi,Services PMI,Growth,5,23,-0.112354,0.112354,low_sample_and_low_correlation,2026-04-25T22:25:54.019571+00:00
1061,CA,CAD,CPI,cpi_headline_mom,375,services_pmi,Services PMI,Growth,3,25,0.045742,0.045742,low_correlation,2026-04-25T22:25:54.019571+00:00
1062,CA,CAD,CPI,cpi_headline_mom,375,services_pmi,Services PMI,Growth,1,26,0.030029,0.030029,low_correlation,2026-04-25T22:25:54.019571+00:00
1063,CA,CAD,CPI,cpi_headline_mom,376,composite_pmi,Composite PMI,Growth,2,26,-0.213151,0.213151,low_correlation,2026-04-25T22:25:54.019571+00:00
1064,CA,CAD,CPI,cpi_headline_mom,376,composite_pmi,Composite PMI,Growth,4,24,-0.179022,0.179022,low_correlation,2026-04-25T22:25:54.019571+00:00
1065,CA,CAD,CPI,cpi_headline_mom,376,composite_pmi,Composite PMI,Growth,0,27,0.122878,0.122878,low_correlation,2026-04-25T22:25:54.019571+00:00
1066,CA,CAD,CPI,cpi_headline_mom,376,composite_pmi,Composite PMI,Growth,1,26,-0.089628,0.089628,low_correlation,2026-04-25T22:25:54.019571+00:00
1067,CA,CAD,CPI,cpi_headline_mom,376,composite_pmi,Composite PMI,Growth,6,22,0.082883,0.082883,low_sample_and_low_correlation,2026-04-25T22:25:54.019571+00:00
1068,CA,CAD,CPI,cpi_headline_mom,376,composite_pmi,Composite PMI,Growth,3,25,-0.056297,0.056297,low_correlation,2026-04-25T22:25:54.019571+00:00
1069,CA,CAD,CPI,cpi_headline_mom,376,composite_pmi,Composite PMI,Growth,5,23,0.005865,0.005865,low_sample_and_low_correlation,2026-04-25T22:25:54.019571+00:00
1070,CA,CAD,CPI,cpi_headline_mom,377,cfib_business_barometer,CFIB Business Barometer,Growth,3,48,0.186657,0.186657,low_correlation,2026-04-25T22:25:54.019571+00:00
1071,CA,CAD,CPI,cpi_headline_mom,377,cfib_business_barometer,CFIB Business Barometer,Growth,4,47,-0.103038,0.103038,low_correlation,2026-04-25T22:25:54.019571+00:00
1072,CA,CAD,CPI,cpi_headline_mom,377,cfib_business_barometer,CFIB Business Barometer,Growth,6,45,-0.097936,0.097936,low_correlation,2026-04-25T22:25:54.019571+00:00
1073,CA,CAD,CPI,cpi_headline_mom,377,cfib_business_barometer,CFIB Business Barometer,Growth,1,50,0.062722,0.062722,low_correlation,2026-04-25T22:25:54.019571+00:00
1074,CA,CAD,CPI,cpi_headline_mom,377,cfib_business_barometer,CFIB Business Barometer,Growth,5,46,-0.028203,0.028203,low_correlation,2026-04-25T22:25:54.019571+00:00
1075,CA,CAD,CPI,cpi_headline_mom,377,cfib_business_barometer,CFIB Business Barometer,Growth,2,49,0.025800,0.025800,low_correlation,2026-04-25T22:25:54.019571+00:00
1076,CA,CAD,CPI,cpi_headline_mom,377,cfib_business_barometer,CFIB Business Barometer,Growth,0,51,-0.004297,0.004297,low_correlation,2026-04-25T22:25:54.019571+00:00
1077,CA,CAD,CPI,cpi_headline_mom,378,new_motor_vehicle_sales,New Motor Vehicle Sales,Growth,5,69,-0.354498,0.354498,low_correlation,2026-04-25T22:25:54.019571+00:00
1078,CA,CAD,CPI,cpi_headline_mom,378,new_motor_vehicle_sales,New Motor Vehicle Sales,Growth,3,71,-0.317616,0.317616,low_correlation,2026-04-25T22:25:54.019571+00:00
1079,CA,CAD,CPI,cpi_headline_mom,378,new_motor_vehicle_sales,New Motor Vehicle Sales,Growth,6,68,-0.272331,0.272331,low_correlation,2026-04-25T22:25:54.019571+00:00
1080,CA,CAD,CPI,cpi_headline_mom,378,new_motor_vehicle_sales,New Motor Vehicle Sales,Growth,2,72,-0.237038,0.237038,low_correlation,2026-04-25T22:25:54.019571+00:00
1081,CA,CAD,CPI,cpi_headline_mom,378,new_motor_vehicle_sales,New Motor Vehicle Sales,Growth,4,70,-0.212767,0.212767,low_correlation,2026-04-25T22:25:54.019571+00:00
1082,CA,CAD,CPI,cpi_headline_mom,378,new_motor_vehicle_sales,New Motor Vehicle Sales,Growth,1,67,0.055799,0.055799,low_correlation,2026-04-25T22:25:54.019571+00:00
1083,CA,CAD,CPI,cpi_headline_mom,379,vehicle_sales_mom,Vehicle Sales (MoM),Growth,4,16,-0.382286,0.382286,low_sample_and_low_correlation,2026-04-25T22:25:54.019571+00:00
1084,CA,CAD,CPI,cpi_headline_mom,379,vehicle_sales_mom,Vehicle Sales (MoM),Growth,3,17,-0.249479,0.249479,low_sample_and_low_correlation,2026-04-25T22:25:54.019571+00:00
1085,CA,CAD,CPI,cpi_headline_mom,379,vehicle_sales_mom,Vehicle Sales (MoM),Growth,5,15,-0.217028,0.217028,low_sample_and_low_correlation,2026-04-25T22:25:54.019571+00:00
1086,CA,CAD,CPI,cpi_headline_mom,379,vehicle_sales_mom,Vehicle Sales (MoM),Growth,2,17,-0.108925,0.108925,low_sample_and_low_correlation,2026-04-25T22:25:54.019571+00:00
1087,CA,CAD,CPI,cpi_headline_mom,379,vehicle_sales_mom,Vehicle Sales (MoM),Growth,1,18,0.102245,0.102245,low_sample_and_low_correlation,2026-04-25T22:25:54.019571+00:00
1088,CA,CAD,CPI,cpi_headline_mom,379,vehicle_sales_mom,Vehicle Sales (MoM),Growth,6,14,0.053638,0.053638,low_sample_and_low_correlation,2026-04-25T22:25:54.019571+00:00
1089,CA,CAD,CPI,cpi_headline_mom,380,balance_of_trade,Balance of Trade,Growth,4,70,0.281323,0.281323,low_correlation,2026-04-25T22:25:54.019571+00:00
1090,CA,CAD,CPI,cpi_headline_mom,380,balance_of_trade,Balance of Trade,Growth,6,68,0.239487,0.239487,low_correlation,2026-04-25T22:25:54.019571+00:00
1091,CA,CAD,CPI,cpi_headline_mom,380,balance_of_trade,Balance of Trade,Growth,5,69,0.104244,0.104244,low_correlation,2026-04-25T22:25:54.019571+00:00
1092,CA,CAD,CPI,cpi_headline_mom,380,balance_of_trade,Balance of Trade,Growth,1,69,0.094050,0.094050,low_correlation,2026-04-25T22:25:54.019571+00:00
1093,CA,CAD,CPI,cpi_headline_mom,380,balance_of_trade,Balance of Trade,Growth,2,72,-0.090819,0.090819,low_correlation,2026-04-25T22:25:54.019571+00:00
1094,CA,CAD,CPI,cpi_headline_mom,380,balance_of_trade,Balance of Trade,Growth,3,71,-0.057326,0.057326,low_correlation,2026-04-25T22:25:54.019571+00:00
1095,CA,CAD,GDP,gdp_mom,164,manufacturing_sales_mom,Manufacturing Sales (MoM),Growth,3,156,-0.432611,0.432611,not_best_lag,2026-04-25T22:25:54.019571+00:00
1096,CA,CAD,GDP,gdp_mom,164,manufacturing_sales_mom,Manufacturing Sales (MoM),Growth,2,154,-0.430035,0.430035,not_best_lag,2026-04-25T22:25:54.019571+00:00
1097,CA,CAD,GDP,gdp_mom,164,manufacturing_sales_mom,Manufacturing Sales (MoM),Growth,1,156,0.326455,0.326455,low_correlation,2026-04-25T22:25:54.019571+00:00
1098,CA,CAD,GDP,gdp_mom,164,manufacturing_sales_mom,Manufacturing Sales (MoM),Growth,5,150,0.144460,0.144460,low_correlation,2026-04-25T22:25:54.019571+00:00
1099,CA,CAD,GDP,gdp_mom,164,manufacturing_sales_mom,Manufacturing Sales (MoM),Growth,6,149,0.106299,0.106299,low_correlation,2026-04-25T22:25:54.019571+00:00
1100,CA,CAD,GDP,gdp_mom,164,manufacturing_sales_mom,Manufacturing Sales (MoM),Growth,4,154,-0.014422,0.014422,low_correlation,2026-04-25T22:25:54.019571+00:00
1101,CA,CAD,GDP,gdp_mom,169,retail_sales_yoy,Retail Sales (YoY),Growth,3,92,-0.419679,0.419679,not_best_lag,2026-04-25T22:25:54.019571+00:00
1102,CA,CAD,GDP,gdp_mom,169,retail_sales_yoy,Retail Sales (YoY),Growth,1,92,0.388504,0.388504,low_correlation,2026-04-25T22:25:54.019571+00:00
1103,CA,CAD,GDP,gdp_mom,169,retail_sales_yoy,Retail Sales (YoY),Growth,2,92,-0.374568,0.374568,low_correlation,2026-04-25T22:25:54.019571+00:00
1104,CA,CAD,GDP,gdp_mom,169,retail_sales_yoy,Retail Sales (YoY),Growth,4,91,-0.186592,0.186592,low_correlation,2026-04-25T22:25:54.019571+00:00
1105,CA,CAD,GDP,gdp_mom,169,retail_sales_yoy,Retail Sales (YoY),Growth,6,89,-0.062699,0.062699,low_correlation,2026-04-25T22:25:54.019571+00:00
1106,CA,CAD,GDP,gdp_mom,169,retail_sales_yoy,Retail Sales (YoY),Growth,5,90,-0.011658,0.011658,low_correlation,2026-04-25T22:25:54.019571+00:00
1107,CA,CAD,GDP,gdp_mom,170,retail_sales_ex_autos_mom,Retail Sales Ex Autos (MoM),Growth,2,91,-0.530315,0.530315,not_best_lag,2026-04-25T22:25:54.019571+00:00
1108,CA,CAD,GDP,gdp_mom,170,retail_sales_ex_autos_mom,Retail Sales Ex Autos (MoM),Growth,1,89,-0.232571,0.232571,low_correlation,2026-04-25T22:25:54.019571+00:00
1109,CA,CAD,GDP,gdp_mom,170,retail_sales_ex_autos_mom,Retail Sales Ex Autos (MoM),Growth,4,88,-0.203747,0.203747,low_correlation,2026-04-25T22:25:54.019571+00:00
1110,CA,CAD,GDP,gdp_mom,170,retail_sales_ex_autos_mom,Retail Sales Ex Autos (MoM),Growth,3,89,-0.177787,0.177787,low_correlation,2026-04-25T22:25:54.019571+00:00
1111,CA,CAD,GDP,gdp_mom,170,retail_sales_ex_autos_mom,Retail Sales Ex Autos (MoM),Growth,5,87,-0.111739,0.111739,low_correlation,2026-04-25T22:25:54.019571+00:00
1112,CA,CAD,GDP,gdp_mom,170,retail_sales_ex_autos_mom,Retail Sales Ex Autos (MoM),Growth,6,85,-0.074411,0.074411,low_correlation,2026-04-25T22:25:54.019571+00:00
1113,CA,CAD,GDP,gdp_mom,171,budget_balance,Budget Balance,Growth,2,90,-0.200460,0.200460,low_correlation,2026-04-25T22:25:54.019571+00:00
1114,CA,CAD,GDP,gdp_mom,171,budget_balance,Budget Balance,Growth,1,70,0.166331,0.166331,low_correlation,2026-04-25T22:25:54.019571+00:00
1115,CA,CAD,GDP,gdp_mom,171,budget_balance,Budget Balance,Growth,0,30,-0.156524,0.156524,low_correlation,2026-04-25T22:25:54.019571+00:00
1116,CA,CAD,GDP,gdp_mom,171,budget_balance,Budget Balance,Growth,3,91,-0.091317,0.091317,low_correlation,2026-04-25T22:25:54.019571+00:00
1117,CA,CAD,GDP,gdp_mom,171,budget_balance,Budget Balance,Growth,4,91,-0.052126,0.052126,low_correlation,2026-04-25T22:25:54.019571+00:00
1118,CA,CAD,GDP,gdp_mom,171,budget_balance,Budget Balance,Growth,6,87,-0.015641,0.015641,low_correlation,2026-04-25T22:25:54.019571+00:00
1119,CA,CAD,GDP,gdp_mom,171,budget_balance,Budget Balance,Growth,5,88,-0.003335,0.003335,low_correlation,2026-04-25T22:25:54.019571+00:00
1120,CA,CAD,GDP,gdp_mom,210,retail_sales_mom,Retail Sales (MoM),Growth,1,109,0.649643,0.649643,not_best_lag,2026-04-25T22:25:54.019571+00:00
1121,CA,CAD,GDP,gdp_mom,210,retail_sales_mom,Retail Sales (MoM),Growth,0,76,0.540406,0.540406,not_best_lag,2026-04-25T22:25:54.019571+00:00
1122,CA,CAD,GDP,gdp_mom,210,retail_sales_mom,Retail Sales (MoM),Growth,4,104,-0.345410,0.345410,low_correlation,2026-04-25T22:25:54.019571+00:00
1123,CA,CAD,GDP,gdp_mom,210,retail_sales_mom,Retail Sales (MoM),Growth,2,108,-0.308098,0.308098,low_correlation,2026-04-25T22:25:54.019571+00:00
1124,CA,CAD,GDP,gdp_mom,210,retail_sales_mom,Retail Sales (MoM),Growth,6,99,-0.236559,0.236559,low_correlation,2026-04-25T22:25:54.019571+00:00
1125,CA,CAD,GDP,gdp_mom,210,retail_sales_mom,Retail Sales (MoM),Growth,5,103,-0.200502,0.200502,low_correlation,2026-04-25T22:25:54.019571+00:00
1126,CA,CAD,GDP,gdp_mom,212,wholesale_sales_mom,Wholesale Sales (MoM),Growth,2,163,-0.219147,0.219147,low_correlation,2026-04-25T22:25:54.019571+00:00
1127,CA,CAD,GDP,gdp_mom,212,wholesale_sales_mom,Wholesale Sales (MoM),Growth,3,162,-0.174571,0.174571,low_correlation,2026-04-25T22:25:54.019571+00:00
1128,CA,CAD,GDP,gdp_mom,212,wholesale_sales_mom,Wholesale Sales (MoM),Growth,1,165,-0.070560,0.070560,low_correlation,2026-04-25T22:25:54.019571+00:00
1129,CA,CAD,GDP,gdp_mom,212,wholesale_sales_mom,Wholesale Sales (MoM),Growth,5,160,0.049036,0.049036,low_correlation,2026-04-25T22:25:54.019571+00:00
1130,CA,CAD,GDP,gdp_mom,212,wholesale_sales_mom,Wholesale Sales (MoM),Growth,4,163,-0.047423,0.047423,low_correlation,2026-04-25T22:25:54.019571+00:00
1131,CA,CAD,GDP,gdp_mom,212,wholesale_sales_mom,Wholesale Sales (MoM),Growth,6,162,0.044696,0.044696,low_correlation,2026-04-25T22:25:54.019571+00:00
1132,CA,CAD,GDP,gdp_mom,213,imports,Imports,Growth,4,91,-0.370426,0.370426,low_correlation,2026-04-25T22:25:54.019571+00:00
1133,CA,CAD,GDP,gdp_mom,213,imports,Imports,Growth,6,89,-0.269078,0.269078,low_correlation,2026-04-25T22:25:54.019571+00:00
1134,CA,CAD,GDP,gdp_mom,213,imports,Imports,Growth,5,90,-0.264145,0.264145,low_correlation,2026-04-25T22:25:54.019571+00:00
1135,CA,CAD,GDP,gdp_mom,213,imports,Imports,Growth,3,93,-0.260313,0.260313,low_correlation,2026-04-25T22:25:54.019571+00:00
1136,CA,CAD,GDP,gdp_mom,213,imports,Imports,Growth,2,94,-0.190953,0.190953,low_correlation,2026-04-25T22:25:54.019571+00:00
1137,CA,CAD,GDP,gdp_mom,214,exports,Exports,Growth,4,91,-0.215112,0.215112,low_correlation,2026-04-25T22:25:54.019571+00:00
1138,CA,CAD,GDP,gdp_mom,214,exports,Exports,Growth,5,90,-0.181630,0.181630,low_correlation,2026-04-25T22:25:54.019571+00:00
1139,CA,CAD,GDP,gdp_mom,214,exports,Exports,Growth,6,89,-0.135330,0.135330,low_correlation,2026-04-25T22:25:54.019571+00:00
1140,CA,CAD,GDP,gdp_mom,214,exports,Exports,Growth,3,93,-0.133621,0.133621,low_correlation,2026-04-25T22:25:54.019571+00:00
1141,CA,CAD,GDP,gdp_mom,214,exports,Exports,Growth,1,92,-0.012242,0.012242,low_correlation,2026-04-25T22:25:54.019571+00:00
1142,CA,CAD,GDP,gdp_mom,371,ivey_pmi_sa,Ivey PMI s.a.,Growth,0,90,0.415065,0.415065,not_best_lag,2026-04-25T22:25:54.019571+00:00
1143,CA,CAD,GDP,gdp_mom,371,ivey_pmi_sa,Ivey PMI s.a.,Growth,1,91,0.394456,0.394456,low_correlation,2026-04-25T22:25:54.019571+00:00
1144,CA,CAD,GDP,gdp_mom,371,ivey_pmi_sa,Ivey PMI s.a.,Growth,4,90,-0.241702,0.241702,low_correlation,2026-04-25T22:25:54.019571+00:00
1145,CA,CAD,GDP,gdp_mom,371,ivey_pmi_sa,Ivey PMI s.a.,Growth,2,91,-0.229288,0.229288,low_correlation,2026-04-25T22:25:54.019571+00:00
1146,CA,CAD,GDP,gdp_mom,371,ivey_pmi_sa,Ivey PMI s.a.,Growth,5,89,-0.117631,0.117631,low_correlation,2026-04-25T22:25:54.019571+00:00
1147,CA,CAD,GDP,gdp_mom,371,ivey_pmi_sa,Ivey PMI s.a.,Growth,6,88,-0.005917,0.005917,low_correlation,2026-04-25T22:25:54.019571+00:00
1148,CA,CAD,GDP,gdp_mom,374,manufacturing_pmi,Manufacturing PMI,Growth,5,59,-0.277292,0.277292,low_correlation,2026-04-25T22:25:54.019571+00:00
1149,CA,CAD,GDP,gdp_mom,374,manufacturing_pmi,Manufacturing PMI,Growth,2,64,-0.184096,0.184096,low_correlation,2026-04-25T22:25:54.019571+00:00
1150,CA,CAD,GDP,gdp_mom,374,manufacturing_pmi,Manufacturing PMI,Growth,3,62,0.148967,0.148967,low_correlation,2026-04-25T22:25:54.019571+00:00
1151,CA,CAD,GDP,gdp_mom,374,manufacturing_pmi,Manufacturing PMI,Growth,6,58,-0.129954,0.129954,low_correlation,2026-04-25T22:25:54.019571+00:00
1152,CA,CAD,GDP,gdp_mom,374,manufacturing_pmi,Manufacturing PMI,Growth,4,61,0.115137,0.115137,low_correlation,2026-04-25T22:25:54.019571+00:00
1153,CA,CAD,GDP,gdp_mom,374,manufacturing_pmi,Manufacturing PMI,Growth,0,67,0.098216,0.098216,low_correlation,2026-04-25T22:25:54.019571+00:00
1154,CA,CAD,GDP,gdp_mom,374,manufacturing_pmi,Manufacturing PMI,Growth,1,66,0.003150,0.003150,low_correlation,2026-04-25T22:25:54.019571+00:00
1155,CA,CAD,GDP,gdp_mom,375,services_pmi,Services PMI,Growth,2,38,0.356597,0.356597,low_correlation,2026-04-25T22:25:54.019571+00:00
1156,CA,CAD,GDP,gdp_mom,375,services_pmi,Services PMI,Growth,5,34,0.326207,0.326207,low_correlation,2026-04-25T22:25:54.019571+00:00
1157,CA,CAD,GDP,gdp_mom,375,services_pmi,Services PMI,Growth,3,36,-0.033207,0.033207,low_correlation,2026-04-25T22:25:54.019571+00:00
1158,CA,CAD,GDP,gdp_mom,375,services_pmi,Services PMI,Growth,4,36,0.031230,0.031230,low_correlation,2026-04-25T22:25:54.019571+00:00
1159,CA,CAD,GDP,gdp_mom,375,services_pmi,Services PMI,Growth,0,41,0.008495,0.008495,low_correlation,2026-04-25T22:25:54.019571+00:00
1160,CA,CAD,GDP,gdp_mom,375,services_pmi,Services PMI,Growth,6,32,0.002898,0.002898,low_correlation,2026-04-25T22:25:54.019571+00:00
1161,CA,CAD,GDP,gdp_mom,375,services_pmi,Services PMI,Growth,1,40,-0.002105,0.002105,low_correlation,2026-04-25T22:25:54.019571+00:00
1162,CA,CAD,GDP,gdp_mom,376,composite_pmi,Composite PMI,Growth,2,39,0.318889,0.318889,low_correlation,2026-04-25T22:25:54.019571+00:00
1163,CA,CAD,GDP,gdp_mom,376,composite_pmi,Composite PMI,Growth,5,34,0.290718,0.290718,low_correlation,2026-04-25T22:25:54.019571+00:00
1164,CA,CAD,GDP,gdp_mom,376,composite_pmi,Composite PMI,Growth,6,31,-0.102722,0.102722,low_correlation,2026-04-25T22:25:54.019571+00:00
1165,CA,CAD,GDP,gdp_mom,376,composite_pmi,Composite PMI,Growth,4,38,0.062665,0.062665,low_correlation,2026-04-25T22:25:54.019571+00:00
1166,CA,CAD,GDP,gdp_mom,376,composite_pmi,Composite PMI,Growth,3,36,-0.046480,0.046480,low_correlation,2026-04-25T22:25:54.019571+00:00
1167,CA,CAD,GDP,gdp_mom,376,composite_pmi,Composite PMI,Growth,1,40,-0.026748,0.026748,low_correlation,2026-04-25T22:25:54.019571+00:00
1168,CA,CAD,GDP,gdp_mom,376,composite_pmi,Composite PMI,Growth,0,41,-0.000773,0.000773,low_correlation,2026-04-25T22:25:54.019571+00:00
1169,CA,CAD,GDP,gdp_mom,377,cfib_business_barometer,CFIB Business Barometer,Growth,3,70,-0.197085,0.197085,low_correlation,2026-04-25T22:25:54.019571+00:00
1170,CA,CAD,GDP,gdp_mom,377,cfib_business_barometer,CFIB Business Barometer,Growth,4,69,-0.113465,0.113465,low_correlation,2026-04-25T22:25:54.019571+00:00
1171,CA,CAD,GDP,gdp_mom,377,cfib_business_barometer,CFIB Business Barometer,Growth,6,66,-0.104922,0.104922,low_correlation,2026-04-25T22:25:54.019571+00:00
1172,CA,CAD,GDP,gdp_mom,377,cfib_business_barometer,CFIB Business Barometer,Growth,2,71,0.103023,0.103023,low_correlation,2026-04-25T22:25:54.019571+00:00
1173,CA,CAD,GDP,gdp_mom,377,cfib_business_barometer,CFIB Business Barometer,Growth,1,72,-0.073118,0.073118,low_correlation,2026-04-25T22:25:54.019571+00:00
1174,CA,CAD,GDP,gdp_mom,377,cfib_business_barometer,CFIB Business Barometer,Growth,0,72,0.046126,0.046126,low_correlation,2026-04-25T22:25:54.019571+00:00
1175,CA,CAD,GDP,gdp_mom,377,cfib_business_barometer,CFIB Business Barometer,Growth,5,67,-0.028523,0.028523,low_correlation,2026-04-25T22:25:54.019571+00:00
1176,CA,CAD,GDP,gdp_mom,378,new_motor_vehicle_sales,New Motor Vehicle Sales,Growth,0,59,0.298605,0.298605,low_correlation,2026-04-25T22:25:54.019571+00:00
1177,CA,CAD,GDP,gdp_mom,378,new_motor_vehicle_sales,New Motor Vehicle Sales,Growth,2,93,-0.114687,0.114687,low_correlation,2026-04-25T22:25:54.019571+00:00
1178,CA,CAD,GDP,gdp_mom,378,new_motor_vehicle_sales,New Motor Vehicle Sales,Growth,6,89,0.070464,0.070464,low_correlation,2026-04-25T22:25:54.019571+00:00
1179,CA,CAD,GDP,gdp_mom,378,new_motor_vehicle_sales,New Motor Vehicle Sales,Growth,3,92,-0.062903,0.062903,low_correlation,2026-04-25T22:25:54.019571+00:00
1180,CA,CAD,GDP,gdp_mom,378,new_motor_vehicle_sales,New Motor Vehicle Sales,Growth,5,90,0.036349,0.036349,low_correlation,2026-04-25T22:25:54.019571+00:00
1181,CA,CAD,GDP,gdp_mom,378,new_motor_vehicle_sales,New Motor Vehicle Sales,Growth,4,91,-0.009482,0.009482,low_correlation,2026-04-25T22:25:54.019571+00:00
1182,CA,CAD,GDP,gdp_mom,378,new_motor_vehicle_sales,New Motor Vehicle Sales,Growth,1,93,-0.008143,0.008143,low_correlation,2026-04-25T22:25:54.019571+00:00
1183,CA,CAD,GDP,gdp_mom,379,vehicle_sales_mom,Vehicle Sales (MoM),Growth,3,24,-0.398231,0.398231,low_correlation,2026-04-25T22:25:54.019571+00:00
1184,CA,CAD,GDP,gdp_mom,379,vehicle_sales_mom,Vehicle Sales (MoM),Growth,0,16,-0.385679,0.385679,low_sample_and_low_correlation,2026-04-25T22:25:54.019571+00:00
1185,CA,CAD,GDP,gdp_mom,379,vehicle_sales_mom,Vehicle Sales (MoM),Growth,4,22,0.198823,0.198823,low_sample_and_low_correlation,2026-04-25T22:25:54.019571+00:00
1186,CA,CAD,GDP,gdp_mom,379,vehicle_sales_mom,Vehicle Sales (MoM),Growth,2,26,-0.197240,0.197240,low_correlation,2026-04-25T22:25:54.019571+00:00
1187,CA,CAD,GDP,gdp_mom,379,vehicle_sales_mom,Vehicle Sales (MoM),Growth,1,28,-0.174762,0.174762,low_correlation,2026-04-25T22:25:54.019571+00:00
1188,CA,CAD,GDP,gdp_mom,379,vehicle_sales_mom,Vehicle Sales (MoM),Growth,5,20,-0.130036,0.130036,low_sample_and_low_correlation,2026-04-25T22:25:54.019571+00:00
1189,CA,CAD,GDP,gdp_mom,379,vehicle_sales_mom,Vehicle Sales (MoM),Growth,6,19,0.007468,0.007468,low_sample_and_low_correlation,2026-04-25T22:25:54.019571+00:00
1190,CA,CAD,GDP,gdp_mom,380,balance_of_trade,Balance of Trade,Growth,0,58,0.310867,0.310867,low_correlation,2026-04-25T22:25:54.019571+00:00
1191,CA,CAD,GDP,gdp_mom,380,balance_of_trade,Balance of Trade,Growth,5,90,-0.117105,0.117105,low_correlation,2026-04-25T22:25:54.019571+00:00
1192,CA,CAD,GDP,gdp_mom,380,balance_of_trade,Balance of Trade,Growth,4,91,-0.114533,0.114533,low_correlation,2026-04-25T22:25:54.019571+00:00
1193,CA,CAD,GDP,gdp_mom,380,balance_of_trade,Balance of Trade,Growth,2,93,-0.075713,0.075713,low_correlation,2026-04-25T22:25:54.019571+00:00
1194,CA,CAD,GDP,gdp_mom,380,balance_of_trade,Balance of Trade,Growth,1,91,-0.028290,0.028290,low_correlation,2026-04-25T22:25:54.019571+00:00
1195,CA,CAD,GDP,gdp_mom,380,balance_of_trade,Balance of Trade,Growth,6,89,0.017840,0.017840,low_correlation,2026-04-25T22:25:54.019571+00:00
1196,CA,CAD,GDP,gdp_mom,380,balance_of_trade,Balance of Trade,Growth,3,92,-0.017839,0.017839,low_correlation,2026-04-25T22:25:54.019571+00:00
1197,CA,CAD,UNEMPLOYMENT,unemployment_rate,155,employment_change,Employment Change,Labor,3,71,-0.413909,0.413909,not_best_lag,2026-04-25T22:25:54.019571+00:00
1198,CA,CAD,UNEMPLOYMENT,unemployment_rate,155,employment_change,Employment Change,Labor,1,73,-0.408688,0.408688,not_best_lag,2026-04-25T22:25:54.019571+00:00
1199,CA,CAD,UNEMPLOYMENT,unemployment_rate,155,employment_change,Employment Change,Labor,4,70,-0.367346,0.367346,low_correlation,2026-04-25T22:25:54.019571+00:00
1200,CA,CAD,UNEMPLOYMENT,unemployment_rate,155,employment_change,Employment Change,Labor,5,69,-0.355028,0.355028,low_correlation,2026-04-25T22:25:54.019571+00:00
1201,CA,CAD,UNEMPLOYMENT,unemployment_rate,155,employment_change,Employment Change,Labor,6,68,-0.270349,0.270349,low_correlation,2026-04-25T22:25:54.019571+00:00
1202,CA,CAD,UNEMPLOYMENT,unemployment_rate,155,employment_change,Employment Change,Labor,0,74,-0.065848,0.065848,low_correlation,2026-04-25T22:25:54.019571+00:00
1203,CA,CAD,UNEMPLOYMENT,unemployment_rate,156,full_time_employment_change,Full-Time Employment Change,Labor,1,73,-0.408295,0.408295,not_best_lag,2026-04-25T22:25:54.019571+00:00
1204,CA,CAD,UNEMPLOYMENT,unemployment_rate,156,full_time_employment_change,Full-Time Employment Change,Labor,3,71,-0.403124,0.403124,not_best_lag,2026-04-25T22:25:54.019571+00:00
1205,CA,CAD,UNEMPLOYMENT,unemployment_rate,156,full_time_employment_change,Full-Time Employment Change,Labor,4,70,-0.356941,0.356941,low_correlation,2026-04-25T22:25:54.019571+00:00
1206,CA,CAD,UNEMPLOYMENT,unemployment_rate,156,full_time_employment_change,Full-Time Employment Change,Labor,5,69,-0.345890,0.345890,low_correlation,2026-04-25T22:25:54.019571+00:00
1207,CA,CAD,UNEMPLOYMENT,unemployment_rate,156,full_time_employment_change,Full-Time Employment Change,Labor,6,68,-0.262892,0.262892,low_correlation,2026-04-25T22:25:54.019571+00:00
1208,CA,CAD,UNEMPLOYMENT,unemployment_rate,156,full_time_employment_change,Full-Time Employment Change,Labor,0,74,-0.068674,0.068674,low_correlation,2026-04-25T22:25:54.019571+00:00
1209,CA,CAD,UNEMPLOYMENT,unemployment_rate,157,part_time_employment_change,Part-Time Employment Change,Labor,3,71,-0.410328,0.410328,not_best_lag,2026-04-25T22:25:54.019571+00:00
1210,CA,CAD,UNEMPLOYMENT,unemployment_rate,157,part_time_employment_change,Part-Time Employment Change,Labor,1,73,-0.406510,0.406510,not_best_lag,2026-04-25T22:25:54.019571+00:00
1211,CA,CAD,UNEMPLOYMENT,unemployment_rate,157,part_time_employment_change,Part-Time Employment Change,Labor,4,70,-0.366035,0.366035,low_correlation,2026-04-25T22:25:54.019571+00:00
1212,CA,CAD,UNEMPLOYMENT,unemployment_rate,157,part_time_employment_change,Part-Time Employment Change,Labor,5,69,-0.353759,0.353759,low_correlation,2026-04-25T22:25:54.019571+00:00
1213,CA,CAD,UNEMPLOYMENT,unemployment_rate,157,part_time_employment_change,Part-Time Employment Change,Labor,6,68,-0.266844,0.266844,low_correlation,2026-04-25T22:25:54.019571+00:00
1214,CA,CAD,UNEMPLOYMENT,unemployment_rate,157,part_time_employment_change,Part-Time Employment Change,Labor,0,74,-0.063522,0.063522,low_correlation,2026-04-25T22:25:54.019571+00:00
1215,CA,CAD,UNEMPLOYMENT,unemployment_rate,164,manufacturing_sales_mom,Manufacturing Sales (MoM),Growth,2,118,-0.239177,0.239177,low_correlation,2026-04-25T22:25:54.019571+00:00
1216,CA,CAD,UNEMPLOYMENT,unemployment_rate,164,manufacturing_sales_mom,Manufacturing Sales (MoM),Growth,3,117,-0.083379,0.083379,low_correlation,2026-04-25T22:25:54.019571+00:00
1217,CA,CAD,UNEMPLOYMENT,unemployment_rate,164,manufacturing_sales_mom,Manufacturing Sales (MoM),Growth,5,116,-0.051682,0.051682,low_correlation,2026-04-25T22:25:54.019571+00:00
1218,CA,CAD,UNEMPLOYMENT,unemployment_rate,164,manufacturing_sales_mom,Manufacturing Sales (MoM),Growth,4,116,-0.049251,0.049251,low_correlation,2026-04-25T22:25:54.019571+00:00
1219,CA,CAD,UNEMPLOYMENT,unemployment_rate,164,manufacturing_sales_mom,Manufacturing Sales (MoM),Growth,1,49,-0.029544,0.029544,low_correlation,2026-04-25T22:25:54.019571+00:00
1220,CA,CAD,UNEMPLOYMENT,unemployment_rate,164,manufacturing_sales_mom,Manufacturing Sales (MoM),Growth,6,114,-0.022443,0.022443,low_correlation,2026-04-25T22:25:54.019571+00:00
1221,CA,CAD,UNEMPLOYMENT,unemployment_rate,169,retail_sales_yoy,Retail Sales (YoY),Growth,2,72,-0.283378,0.283378,low_correlation,2026-04-25T22:25:54.019571+00:00
1222,CA,CAD,UNEMPLOYMENT,unemployment_rate,169,retail_sales_yoy,Retail Sales (YoY),Growth,3,71,-0.157001,0.157001,low_correlation,2026-04-25T22:25:54.019571+00:00
1223,CA,CAD,UNEMPLOYMENT,unemployment_rate,169,retail_sales_yoy,Retail Sales (YoY),Growth,4,71,-0.102420,0.102420,low_correlation,2026-04-25T22:25:54.019571+00:00
1224,CA,CAD,UNEMPLOYMENT,unemployment_rate,169,retail_sales_yoy,Retail Sales (YoY),Growth,5,70,-0.095993,0.095993,low_correlation,2026-04-25T22:25:54.019571+00:00
1225,CA,CAD,UNEMPLOYMENT,unemployment_rate,169,retail_sales_yoy,Retail Sales (YoY),Growth,6,69,-0.052524,0.052524,low_correlation,2026-04-25T22:25:54.019571+00:00
1226,CA,CAD,UNEMPLOYMENT,unemployment_rate,170,retail_sales_ex_autos_mom,Retail Sales Ex Autos (MoM),Growth,2,70,-0.387329,0.387329,low_correlation,2026-04-25T22:25:54.019571+00:00
1227,CA,CAD,UNEMPLOYMENT,unemployment_rate,170,retail_sales_ex_autos_mom,Retail Sales Ex Autos (MoM),Growth,3,69,-0.314148,0.314148,low_correlation,2026-04-25T22:25:54.019571+00:00
1228,CA,CAD,UNEMPLOYMENT,unemployment_rate,170,retail_sales_ex_autos_mom,Retail Sales Ex Autos (MoM),Growth,4,68,-0.281228,0.281228,low_correlation,2026-04-25T22:25:54.019571+00:00
1229,CA,CAD,UNEMPLOYMENT,unemployment_rate,170,retail_sales_ex_autos_mom,Retail Sales Ex Autos (MoM),Growth,6,66,-0.236965,0.236965,low_correlation,2026-04-25T22:25:54.019571+00:00
1230,CA,CAD,UNEMPLOYMENT,unemployment_rate,170,retail_sales_ex_autos_mom,Retail Sales Ex Autos (MoM),Growth,5,67,-0.218330,0.218330,low_correlation,2026-04-25T22:25:54.019571+00:00
1231,CA,CAD,UNEMPLOYMENT,unemployment_rate,171,budget_balance,Budget Balance,Growth,3,71,-0.150906,0.150906,low_correlation,2026-04-25T22:25:54.019571+00:00
1232,CA,CAD,UNEMPLOYMENT,unemployment_rate,375,services_pmi,Services PMI,Growth,3,25,-0.340179,0.340179,low_correlation,2026-04-25T22:25:54.019571+00:00
1233,CA,CAD,UNEMPLOYMENT,unemployment_rate,171,budget_balance,Budget Balance,Growth,2,67,-0.147743,0.147743,low_correlation,2026-04-25T22:25:54.019571+00:00
1234,CA,CAD,UNEMPLOYMENT,unemployment_rate,171,budget_balance,Budget Balance,Growth,5,69,-0.146256,0.146256,low_correlation,2026-04-25T22:25:54.019571+00:00
1235,CA,CAD,UNEMPLOYMENT,unemployment_rate,171,budget_balance,Budget Balance,Growth,4,70,-0.140371,0.140371,low_correlation,2026-04-25T22:25:54.019571+00:00
1236,CA,CAD,UNEMPLOYMENT,unemployment_rate,171,budget_balance,Budget Balance,Growth,6,68,-0.132235,0.132235,low_correlation,2026-04-25T22:25:54.019571+00:00
1237,CA,CAD,UNEMPLOYMENT,unemployment_rate,210,retail_sales_mom,Retail Sales (MoM),Growth,3,80,-0.403515,0.403515,not_best_lag,2026-04-25T22:25:54.019571+00:00
1238,CA,CAD,UNEMPLOYMENT,unemployment_rate,210,retail_sales_mom,Retail Sales (MoM),Growth,4,79,-0.374771,0.374771,low_correlation,2026-04-25T22:25:54.019571+00:00
1239,CA,CAD,UNEMPLOYMENT,unemployment_rate,210,retail_sales_mom,Retail Sales (MoM),Growth,5,78,-0.361834,0.361834,low_correlation,2026-04-25T22:25:54.019571+00:00
1240,CA,CAD,UNEMPLOYMENT,unemployment_rate,210,retail_sales_mom,Retail Sales (MoM),Growth,6,77,-0.276948,0.276948,low_correlation,2026-04-25T22:25:54.019571+00:00
1241,CA,CAD,UNEMPLOYMENT,unemployment_rate,210,retail_sales_mom,Retail Sales (MoM),Growth,1,11,-0.167500,0.167500,low_sample_and_low_correlation,2026-04-25T22:25:54.019571+00:00
1242,CA,CAD,UNEMPLOYMENT,unemployment_rate,211,gdp_mom,GDP (MoM),Growth,3,92,-0.415056,0.415056,not_best_lag,2026-04-25T22:25:54.019571+00:00
1243,CA,CAD,UNEMPLOYMENT,unemployment_rate,211,gdp_mom,GDP (MoM),Growth,4,91,-0.348578,0.348578,low_correlation,2026-04-25T22:25:54.019571+00:00
1244,CA,CAD,UNEMPLOYMENT,unemployment_rate,211,gdp_mom,GDP (MoM),Growth,5,90,-0.329058,0.329058,low_correlation,2026-04-25T22:25:54.019571+00:00
1245,CA,CAD,UNEMPLOYMENT,unemployment_rate,211,gdp_mom,GDP (MoM),Growth,6,88,-0.259337,0.259337,low_correlation,2026-04-25T22:25:54.019571+00:00
1246,CA,CAD,UNEMPLOYMENT,unemployment_rate,211,gdp_mom,GDP (MoM),Growth,1,34,0.048792,0.048792,low_correlation,2026-04-25T22:25:54.019571+00:00
1247,CA,CAD,UNEMPLOYMENT,unemployment_rate,212,wholesale_sales_mom,Wholesale Sales (MoM),Growth,1,55,-0.282278,0.282278,low_correlation,2026-04-25T22:25:54.019571+00:00
1248,CA,CAD,UNEMPLOYMENT,unemployment_rate,212,wholesale_sales_mom,Wholesale Sales (MoM),Growth,2,124,-0.250221,0.250221,low_correlation,2026-04-25T22:25:54.019571+00:00
1249,CA,CAD,UNEMPLOYMENT,unemployment_rate,212,wholesale_sales_mom,Wholesale Sales (MoM),Growth,6,120,-0.210176,0.210176,low_correlation,2026-04-25T22:25:54.019571+00:00
1250,CA,CAD,UNEMPLOYMENT,unemployment_rate,212,wholesale_sales_mom,Wholesale Sales (MoM),Growth,5,122,-0.183112,0.183112,low_correlation,2026-04-25T22:25:54.019571+00:00
1251,CA,CAD,UNEMPLOYMENT,unemployment_rate,212,wholesale_sales_mom,Wholesale Sales (MoM),Growth,4,122,-0.177309,0.177309,low_correlation,2026-04-25T22:25:54.019571+00:00
1252,CA,CAD,UNEMPLOYMENT,unemployment_rate,212,wholesale_sales_mom,Wholesale Sales (MoM),Growth,3,123,-0.169889,0.169889,low_correlation,2026-04-25T22:25:54.019571+00:00
1253,CA,CAD,UNEMPLOYMENT,unemployment_rate,213,imports,Imports,Growth,3,73,-0.493366,0.493366,not_best_lag,2026-04-25T22:25:54.019571+00:00
1254,CA,CAD,UNEMPLOYMENT,unemployment_rate,213,imports,Imports,Growth,4,72,-0.454894,0.454894,not_best_lag,2026-04-25T22:25:54.019571+00:00
1255,CA,CAD,UNEMPLOYMENT,unemployment_rate,213,imports,Imports,Growth,1,63,-0.428167,0.428167,not_best_lag,2026-04-25T22:25:54.019571+00:00
1256,CA,CAD,UNEMPLOYMENT,unemployment_rate,213,imports,Imports,Growth,5,70,-0.413310,0.413310,not_best_lag,2026-04-25T22:25:54.019571+00:00
1257,CA,CAD,UNEMPLOYMENT,unemployment_rate,213,imports,Imports,Growth,6,69,-0.397406,0.397406,low_correlation,2026-04-25T22:25:54.019571+00:00
1258,CA,CAD,UNEMPLOYMENT,unemployment_rate,214,exports,Exports,Growth,1,63,-0.372061,0.372061,low_correlation,2026-04-25T22:25:54.019571+00:00
1259,CA,CAD,UNEMPLOYMENT,unemployment_rate,214,exports,Exports,Growth,2,73,-0.356199,0.356199,low_correlation,2026-04-25T22:25:54.019571+00:00
1260,CA,CAD,UNEMPLOYMENT,unemployment_rate,214,exports,Exports,Growth,3,73,-0.319137,0.319137,low_correlation,2026-04-25T22:25:54.019571+00:00
1261,CA,CAD,UNEMPLOYMENT,unemployment_rate,214,exports,Exports,Growth,4,72,-0.301617,0.301617,low_correlation,2026-04-25T22:25:54.019571+00:00
1262,CA,CAD,UNEMPLOYMENT,unemployment_rate,214,exports,Exports,Growth,6,69,-0.274702,0.274702,low_correlation,2026-04-25T22:25:54.019571+00:00
1263,CA,CAD,UNEMPLOYMENT,unemployment_rate,214,exports,Exports,Growth,5,70,-0.266539,0.266539,low_correlation,2026-04-25T22:25:54.019571+00:00
1264,CA,CAD,UNEMPLOYMENT,unemployment_rate,371,ivey_pmi_sa,Ivey PMI s.a.,Growth,2,70,-0.238791,0.238791,low_correlation,2026-04-25T22:25:54.019571+00:00
1265,CA,CAD,UNEMPLOYMENT,unemployment_rate,371,ivey_pmi_sa,Ivey PMI s.a.,Growth,1,70,-0.234079,0.234079,low_correlation,2026-04-25T22:25:54.019571+00:00
1266,CA,CAD,UNEMPLOYMENT,unemployment_rate,371,ivey_pmi_sa,Ivey PMI s.a.,Growth,3,70,-0.197155,0.197155,low_correlation,2026-04-25T22:25:54.019571+00:00
1267,CA,CAD,UNEMPLOYMENT,unemployment_rate,371,ivey_pmi_sa,Ivey PMI s.a.,Growth,4,70,-0.150350,0.150350,low_correlation,2026-04-25T22:25:54.019571+00:00
1268,CA,CAD,UNEMPLOYMENT,unemployment_rate,371,ivey_pmi_sa,Ivey PMI s.a.,Growth,0,39,-0.125982,0.125982,low_correlation,2026-04-25T22:25:54.019571+00:00
1269,CA,CAD,UNEMPLOYMENT,unemployment_rate,371,ivey_pmi_sa,Ivey PMI s.a.,Growth,5,69,-0.120579,0.120579,low_correlation,2026-04-25T22:25:54.019571+00:00
1270,CA,CAD,UNEMPLOYMENT,unemployment_rate,371,ivey_pmi_sa,Ivey PMI s.a.,Growth,6,68,-0.075372,0.075372,low_correlation,2026-04-25T22:25:54.019571+00:00
1271,CA,CAD,UNEMPLOYMENT,unemployment_rate,374,manufacturing_pmi,Manufacturing PMI,Growth,0,46,0.198088,0.198088,low_correlation,2026-04-25T22:25:54.019571+00:00
1272,CA,CAD,UNEMPLOYMENT,unemployment_rate,374,manufacturing_pmi,Manufacturing PMI,Growth,1,46,0.163273,0.163273,low_correlation,2026-04-25T22:25:54.019571+00:00
1273,CA,CAD,UNEMPLOYMENT,unemployment_rate,374,manufacturing_pmi,Manufacturing PMI,Growth,2,45,0.123622,0.123622,low_correlation,2026-04-25T22:25:54.019571+00:00
1274,CA,CAD,UNEMPLOYMENT,unemployment_rate,374,manufacturing_pmi,Manufacturing PMI,Growth,6,41,0.122244,0.122244,low_correlation,2026-04-25T22:25:54.019571+00:00
1275,CA,CAD,UNEMPLOYMENT,unemployment_rate,374,manufacturing_pmi,Manufacturing PMI,Growth,5,42,0.116107,0.116107,low_correlation,2026-04-25T22:25:54.019571+00:00
1276,CA,CAD,UNEMPLOYMENT,unemployment_rate,374,manufacturing_pmi,Manufacturing PMI,Growth,4,43,0.102772,0.102772,low_correlation,2026-04-25T22:25:54.019571+00:00
1277,CA,CAD,UNEMPLOYMENT,unemployment_rate,374,manufacturing_pmi,Manufacturing PMI,Growth,3,44,0.067557,0.067557,low_correlation,2026-04-25T22:25:54.019571+00:00
1278,CA,CAD,UNEMPLOYMENT,unemployment_rate,375,services_pmi,Services PMI,Growth,5,23,-0.411645,0.411645,low_sample,2026-04-25T22:25:54.019571+00:00
1279,CA,CAD,UNEMPLOYMENT,unemployment_rate,375,services_pmi,Services PMI,Growth,6,22,-0.380743,0.380743,low_sample_and_low_correlation,2026-04-25T22:25:54.019571+00:00
1280,CA,CAD,UNEMPLOYMENT,unemployment_rate,375,services_pmi,Services PMI,Growth,4,24,-0.322068,0.322068,low_correlation,2026-04-25T22:25:54.019571+00:00
1281,CA,CAD,UNEMPLOYMENT,unemployment_rate,375,services_pmi,Services PMI,Growth,2,26,-0.214121,0.214121,low_correlation,2026-04-25T22:25:54.019571+00:00
1282,CA,CAD,UNEMPLOYMENT,unemployment_rate,375,services_pmi,Services PMI,Growth,1,27,-0.184169,0.184169,low_correlation,2026-04-25T22:25:54.019571+00:00
1283,CA,CAD,UNEMPLOYMENT,unemployment_rate,375,services_pmi,Services PMI,Growth,0,28,-0.140875,0.140875,low_correlation,2026-04-25T22:25:54.019571+00:00
1284,CA,CAD,UNEMPLOYMENT,unemployment_rate,376,composite_pmi,Composite PMI,Growth,5,23,-0.387737,0.387737,low_sample_and_low_correlation,2026-04-25T22:25:54.019571+00:00
1285,CA,CAD,UNEMPLOYMENT,unemployment_rate,376,composite_pmi,Composite PMI,Growth,4,24,-0.384539,0.384539,low_correlation,2026-04-25T22:25:54.019571+00:00
1286,CA,CAD,UNEMPLOYMENT,unemployment_rate,376,composite_pmi,Composite PMI,Growth,3,25,-0.291369,0.291369,low_correlation,2026-04-25T22:25:54.019571+00:00
1287,CA,CAD,UNEMPLOYMENT,unemployment_rate,376,composite_pmi,Composite PMI,Growth,6,22,-0.264366,0.264366,low_sample_and_low_correlation,2026-04-25T22:25:54.019571+00:00
1288,CA,CAD,UNEMPLOYMENT,unemployment_rate,376,composite_pmi,Composite PMI,Growth,2,26,-0.157496,0.157496,low_correlation,2026-04-25T22:25:54.019571+00:00
1289,CA,CAD,UNEMPLOYMENT,unemployment_rate,376,composite_pmi,Composite PMI,Growth,1,27,-0.103479,0.103479,low_correlation,2026-04-25T22:25:54.019571+00:00
1290,CA,CAD,UNEMPLOYMENT,unemployment_rate,376,composite_pmi,Composite PMI,Growth,0,28,-0.092595,0.092595,low_correlation,2026-04-25T22:25:54.019571+00:00
1291,CA,CAD,UNEMPLOYMENT,unemployment_rate,377,cfib_business_barometer,CFIB Business Barometer,Growth,4,48,0.101792,0.101792,low_correlation,2026-04-25T22:25:54.019571+00:00
1292,CA,CAD,UNEMPLOYMENT,unemployment_rate,377,cfib_business_barometer,CFIB Business Barometer,Growth,5,47,0.091979,0.091979,low_correlation,2026-04-25T22:25:54.019571+00:00
1293,CA,CAD,UNEMPLOYMENT,unemployment_rate,377,cfib_business_barometer,CFIB Business Barometer,Growth,3,49,0.090908,0.090908,low_correlation,2026-04-25T22:25:54.019571+00:00
1294,CA,CAD,UNEMPLOYMENT,unemployment_rate,377,cfib_business_barometer,CFIB Business Barometer,Growth,6,46,0.089054,0.089054,low_correlation,2026-04-25T22:25:54.019571+00:00
1295,CA,CAD,UNEMPLOYMENT,unemployment_rate,377,cfib_business_barometer,CFIB Business Barometer,Growth,1,51,0.083194,0.083194,low_correlation,2026-04-25T22:25:54.019571+00:00
1296,CA,CAD,UNEMPLOYMENT,unemployment_rate,377,cfib_business_barometer,CFIB Business Barometer,Growth,2,50,0.061024,0.061024,low_correlation,2026-04-25T22:25:54.019571+00:00
1297,CA,CAD,UNEMPLOYMENT,unemployment_rate,377,cfib_business_barometer,CFIB Business Barometer,Growth,0,52,0.035729,0.035729,low_correlation,2026-04-25T22:25:54.019571+00:00
1298,CA,CAD,UNEMPLOYMENT,unemployment_rate,378,new_motor_vehicle_sales,New Motor Vehicle Sales,Growth,2,71,-0.011861,0.011861,low_correlation,2026-04-25T22:25:54.019571+00:00
1299,CA,CAD,UNEMPLOYMENT,unemployment_rate,378,new_motor_vehicle_sales,New Motor Vehicle Sales,Growth,4,71,-0.007953,0.007953,low_correlation,2026-04-25T22:25:54.019571+00:00
1300,CA,CAD,UNEMPLOYMENT,unemployment_rate,378,new_motor_vehicle_sales,New Motor Vehicle Sales,Growth,6,69,-0.007808,0.007808,low_correlation,2026-04-25T22:25:54.019571+00:00
1301,CA,CAD,UNEMPLOYMENT,unemployment_rate,378,new_motor_vehicle_sales,New Motor Vehicle Sales,Growth,5,70,-0.005654,0.005654,low_correlation,2026-04-25T22:25:54.019571+00:00
1302,CA,CAD,UNEMPLOYMENT,unemployment_rate,378,new_motor_vehicle_sales,New Motor Vehicle Sales,Growth,3,72,-0.004612,0.004612,low_correlation,2026-04-25T22:25:54.019571+00:00
1303,CA,CAD,UNEMPLOYMENT,unemployment_rate,379,vehicle_sales_mom,Vehicle Sales (MoM),Growth,2,17,0.565203,0.565203,low_sample,2026-04-25T22:25:54.019571+00:00
1304,CA,CAD,UNEMPLOYMENT,unemployment_rate,379,vehicle_sales_mom,Vehicle Sales (MoM),Growth,3,16,0.524098,0.524098,low_sample,2026-04-25T22:25:54.019571+00:00
1305,CA,CAD,UNEMPLOYMENT,unemployment_rate,379,vehicle_sales_mom,Vehicle Sales (MoM),Growth,4,15,0.251338,0.251338,low_sample_and_low_correlation,2026-04-25T22:25:54.019571+00:00
1306,CA,CAD,UNEMPLOYMENT,unemployment_rate,379,vehicle_sales_mom,Vehicle Sales (MoM),Growth,6,13,-0.181666,0.181666,low_sample_and_low_correlation,2026-04-25T22:25:54.019571+00:00
1307,CA,CAD,UNEMPLOYMENT,unemployment_rate,379,vehicle_sales_mom,Vehicle Sales (MoM),Growth,5,14,0.113022,0.113022,low_sample_and_low_correlation,2026-04-25T22:25:54.019571+00:00
1308,CA,CAD,UNEMPLOYMENT,unemployment_rate,380,balance_of_trade,Balance of Trade,Growth,1,62,-0.151069,0.151069,low_correlation,2026-04-25T22:25:54.019571+00:00
1309,CA,CAD,UNEMPLOYMENT,unemployment_rate,380,balance_of_trade,Balance of Trade,Growth,2,72,-0.137651,0.137651,low_correlation,2026-04-25T22:25:54.019571+00:00
1310,CA,CAD,UNEMPLOYMENT,unemployment_rate,380,balance_of_trade,Balance of Trade,Growth,3,72,-0.110488,0.110488,low_correlation,2026-04-25T22:25:54.019571+00:00
1311,CA,CAD,UNEMPLOYMENT,unemployment_rate,380,balance_of_trade,Balance of Trade,Growth,4,71,-0.107986,0.107986,low_correlation,2026-04-25T22:25:54.019571+00:00
1312,CA,CAD,UNEMPLOYMENT,unemployment_rate,380,balance_of_trade,Balance of Trade,Growth,6,69,-0.101422,0.101422,low_correlation,2026-04-25T22:25:54.019571+00:00
1313,CA,CAD,UNEMPLOYMENT,unemployment_rate,380,balance_of_trade,Balance of Trade,Growth,5,70,-0.086459,0.086459,low_correlation,2026-04-25T22:25:54.019571+00:00
1314,CH,CHF,CPI,cpi_headline_yoy,173,unemployment_rate,Unemployment Rate,Labor,5,67,-0.468581,0.468581,not_best_lag,2026-04-25T22:25:54.019571+00:00
1315,CH,CHF,CPI,cpi_headline_yoy,173,unemployment_rate,Unemployment Rate,Labor,4,68,-0.437204,0.437204,not_best_lag,2026-04-25T22:25:54.019571+00:00
1316,CH,CHF,CPI,cpi_headline_yoy,173,unemployment_rate,Unemployment Rate,Labor,3,69,-0.421895,0.421895,not_best_lag,2026-04-25T22:25:54.019571+00:00
1317,CH,CHF,CPI,cpi_headline_yoy,173,unemployment_rate,Unemployment Rate,Labor,2,70,-0.410976,0.410976,not_best_lag,2026-04-25T22:25:54.019571+00:00
1318,CH,CHF,CPI,cpi_headline_yoy,173,unemployment_rate,Unemployment Rate,Labor,1,71,-0.384360,0.384360,low_correlation,2026-04-25T22:25:54.019571+00:00
1319,CH,CHF,CPI,cpi_headline_yoy,173,unemployment_rate,Unemployment Rate,Labor,0,9,-0.207975,0.207975,low_sample_and_low_correlation,2026-04-25T22:25:54.019571+00:00
1320,CH,CHF,CPI,cpi_headline_yoy,174,gdp_qoq,GDP (QoQ),Growth,4,17,0.070001,0.070001,low_sample_and_low_correlation,2026-04-25T22:25:54.019571+00:00
1321,CH,CHF,CPI,cpi_headline_yoy,174,gdp_qoq,GDP (QoQ),Growth,5,21,0.069389,0.069389,low_sample_and_low_correlation,2026-04-25T22:25:54.019571+00:00
1322,CH,CHF,CPI,cpi_headline_yoy,174,gdp_qoq,GDP (QoQ),Growth,6,19,0.043268,0.043268,low_sample_and_low_correlation,2026-04-25T22:25:54.019571+00:00
1323,CH,CHF,CPI,cpi_headline_yoy,176,balance_of_trade,Balance of Trade,Growth,6,66,-0.275612,0.275612,low_correlation,2026-04-25T22:25:54.019571+00:00
1324,CH,CHF,CPI,cpi_headline_yoy,176,balance_of_trade,Balance of Trade,Growth,5,67,-0.267030,0.267030,low_correlation,2026-04-25T22:25:54.019571+00:00
1325,CH,CHF,CPI,cpi_headline_yoy,176,balance_of_trade,Balance of Trade,Growth,2,70,-0.232104,0.232104,low_correlation,2026-04-25T22:25:54.019571+00:00
1326,CH,CHF,CPI,cpi_headline_yoy,176,balance_of_trade,Balance of Trade,Growth,4,68,-0.228446,0.228446,low_correlation,2026-04-25T22:25:54.019571+00:00
1327,CH,CHF,CPI,cpi_headline_yoy,176,balance_of_trade,Balance of Trade,Growth,3,69,-0.227548,0.227548,low_correlation,2026-04-25T22:25:54.019571+00:00
1328,CH,CHF,CPI,cpi_headline_yoy,176,balance_of_trade,Balance of Trade,Growth,1,71,-0.199343,0.199343,low_correlation,2026-04-25T22:25:54.019571+00:00
1329,CH,CHF,CPI,cpi_headline_yoy,215,retail_sales_yoy,Retail Sales (YoY),Growth,5,66,0.202456,0.202456,low_correlation,2026-04-25T22:25:54.019571+00:00
1330,CH,CHF,CPI,cpi_headline_yoy,215,retail_sales_yoy,Retail Sales (YoY),Growth,1,65,0.199853,0.199853,low_correlation,2026-04-25T22:25:54.019571+00:00
1331,CH,CHF,CPI,cpi_headline_yoy,215,retail_sales_yoy,Retail Sales (YoY),Growth,6,66,0.193475,0.193475,low_correlation,2026-04-25T22:25:54.019571+00:00
1332,CH,CHF,CPI,cpi_headline_yoy,215,retail_sales_yoy,Retail Sales (YoY),Growth,2,69,0.191163,0.191163,low_correlation,2026-04-25T22:25:54.019571+00:00
1333,CH,CHF,CPI,cpi_headline_yoy,215,retail_sales_yoy,Retail Sales (YoY),Growth,3,68,0.181061,0.181061,low_correlation,2026-04-25T22:25:54.019571+00:00
1334,CH,CHF,CPI,cpi_headline_yoy,215,retail_sales_yoy,Retail Sales (YoY),Growth,4,67,0.174584,0.174584,low_correlation,2026-04-25T22:25:54.019571+00:00
1335,CH,CHF,CPI,cpi_headline_yoy,216,economic_sentiment_index,Economic Sentiment Index,Growth,3,67,0.225968,0.225968,low_correlation,2026-04-25T22:25:54.019571+00:00
1336,CH,CHF,CPI,cpi_headline_yoy,216,economic_sentiment_index,Economic Sentiment Index,Growth,2,68,0.217953,0.217953,low_correlation,2026-04-25T22:25:54.019571+00:00
1337,CH,CHF,CPI,cpi_headline_yoy,216,economic_sentiment_index,Economic Sentiment Index,Growth,5,65,0.198029,0.198029,low_correlation,2026-04-25T22:25:54.019571+00:00
1338,CH,CHF,CPI,cpi_headline_yoy,216,economic_sentiment_index,Economic Sentiment Index,Growth,1,69,0.193559,0.193559,low_correlation,2026-04-25T22:25:54.019571+00:00
1339,CH,CHF,CPI,cpi_headline_yoy,216,economic_sentiment_index,Economic Sentiment Index,Growth,6,64,0.191445,0.191445,low_correlation,2026-04-25T22:25:54.019571+00:00
1340,CH,CHF,CPI,cpi_headline_yoy,216,economic_sentiment_index,Economic Sentiment Index,Growth,4,66,0.189604,0.189604,low_correlation,2026-04-25T22:25:54.019571+00:00
1341,CH,CHF,CPI,cpi_headline_yoy,216,economic_sentiment_index,Economic Sentiment Index,Growth,0,70,0.134527,0.134527,low_correlation,2026-04-25T22:25:54.019571+00:00
1342,CH,CHF,CPI,cpi_headline_yoy,381,cpi_headline_mom,Headline CPI (MoM),Inflation,0,54,-0.144899,0.144899,low_correlation,2026-04-25T22:25:54.019571+00:00
1343,CH,CHF,CPI,cpi_headline_yoy,381,cpi_headline_mom,Headline CPI (MoM),Inflation,1,53,-0.118193,0.118193,low_correlation,2026-04-25T22:25:54.019571+00:00
1344,CH,CHF,CPI,cpi_headline_yoy,381,cpi_headline_mom,Headline CPI (MoM),Inflation,5,49,-0.064542,0.064542,low_correlation,2026-04-25T22:25:54.019571+00:00
1345,CH,CHF,CPI,cpi_headline_yoy,381,cpi_headline_mom,Headline CPI (MoM),Inflation,6,48,-0.061017,0.061017,low_correlation,2026-04-25T22:25:54.019571+00:00
1346,CH,CHF,CPI,cpi_headline_yoy,381,cpi_headline_mom,Headline CPI (MoM),Inflation,3,50,-0.053030,0.053030,low_correlation,2026-04-25T22:25:54.019571+00:00
1347,CH,CHF,CPI,cpi_headline_yoy,381,cpi_headline_mom,Headline CPI (MoM),Inflation,4,51,-0.041234,0.041234,low_correlation,2026-04-25T22:25:54.019571+00:00
1348,CH,CHF,CPI,cpi_headline_yoy,381,cpi_headline_mom,Headline CPI (MoM),Inflation,2,51,0.016007,0.016007,low_correlation,2026-04-25T22:25:54.019571+00:00
1349,CH,CHF,CPI,cpi_headline_yoy,382,producer_import_prices_mom,Producer & Import Prices (MoM),Inflation,6,58,-0.155461,0.155461,low_correlation,2026-04-25T22:25:54.019571+00:00
1350,CH,CHF,CPI,cpi_headline_yoy,382,producer_import_prices_mom,Producer & Import Prices (MoM),Inflation,5,59,-0.146925,0.146925,low_correlation,2026-04-25T22:25:54.019571+00:00
1351,CH,CHF,CPI,cpi_headline_yoy,382,producer_import_prices_mom,Producer & Import Prices (MoM),Inflation,1,63,-0.129454,0.129454,low_correlation,2026-04-25T22:25:54.019571+00:00
1352,CH,CHF,CPI,cpi_headline_yoy,382,producer_import_prices_mom,Producer & Import Prices (MoM),Inflation,2,62,-0.116074,0.116074,low_correlation,2026-04-25T22:25:54.019571+00:00
1353,CH,CHF,CPI,cpi_headline_yoy,382,producer_import_prices_mom,Producer & Import Prices (MoM),Inflation,3,61,-0.112982,0.112982,low_correlation,2026-04-25T22:25:54.019571+00:00
1354,CH,CHF,CPI,cpi_headline_yoy,382,producer_import_prices_mom,Producer & Import Prices (MoM),Inflation,4,61,-0.076409,0.076409,low_correlation,2026-04-25T22:25:54.019571+00:00
1355,CH,CHF,CPI,cpi_headline_yoy,383,producer_import_prices_yoy,Producer & Import Prices (YoY),Inflation,1,73,-0.100600,0.100600,low_correlation,2026-04-25T22:25:54.019571+00:00
1356,CH,CHF,CPI,cpi_headline_yoy,383,producer_import_prices_yoy,Producer & Import Prices (YoY),Inflation,3,70,-0.060271,0.060271,low_correlation,2026-04-25T22:25:54.019571+00:00
1357,CH,CHF,CPI,cpi_headline_yoy,383,producer_import_prices_yoy,Producer & Import Prices (YoY),Inflation,2,72,-0.056800,0.056800,low_correlation,2026-04-25T22:25:54.019571+00:00
1358,CH,CHF,CPI,cpi_headline_yoy,383,producer_import_prices_yoy,Producer & Import Prices (YoY),Inflation,6,66,0.055569,0.055569,low_correlation,2026-04-25T22:25:54.019571+00:00
1359,CH,CHF,CPI,cpi_headline_yoy,383,producer_import_prices_yoy,Producer & Import Prices (YoY),Inflation,4,68,-0.009141,0.009141,low_correlation,2026-04-25T22:25:54.019571+00:00
1360,CH,CHF,CPI,cpi_headline_yoy,383,producer_import_prices_yoy,Producer & Import Prices (YoY),Inflation,5,67,0.008862,0.008862,low_correlation,2026-04-25T22:25:54.019571+00:00
1361,CH,CHF,CPI,cpi_headline_yoy,384,retail_sales_mom,Retail Sales (MoM),Growth,5,68,0.127090,0.127090,low_correlation,2026-04-25T22:25:54.019571+00:00
1362,CH,CHF,CPI,cpi_headline_yoy,384,retail_sales_mom,Retail Sales (MoM),Growth,2,71,0.101870,0.101870,low_correlation,2026-04-25T22:25:54.019571+00:00
1363,CH,CHF,CPI,cpi_headline_yoy,384,retail_sales_mom,Retail Sales (MoM),Growth,3,70,0.097454,0.097454,low_correlation,2026-04-25T22:25:54.019571+00:00
1364,CH,CHF,CPI,cpi_headline_yoy,384,retail_sales_mom,Retail Sales (MoM),Growth,6,67,0.092859,0.092859,low_correlation,2026-04-25T22:25:54.019571+00:00
1365,CH,CHF,CPI,cpi_headline_yoy,384,retail_sales_mom,Retail Sales (MoM),Growth,1,67,0.091627,0.091627,low_correlation,2026-04-25T22:25:54.019571+00:00
1366,CH,CHF,CPI,cpi_headline_yoy,384,retail_sales_mom,Retail Sales (MoM),Growth,4,69,0.088125,0.088125,low_correlation,2026-04-25T22:25:54.019571+00:00
1367,CH,CHF,CPI,cpi_headline_yoy,385,consumer_confidence,Consumer Confidence,Growth,0,12,-0.635701,0.635701,low_sample,2026-04-25T22:25:54.019571+00:00
1368,CH,CHF,CPI,cpi_headline_yoy,385,consumer_confidence,Consumer Confidence,Growth,3,37,-0.385698,0.385698,low_correlation,2026-04-25T22:25:54.019571+00:00
1369,CH,CHF,CPI,cpi_headline_yoy,385,consumer_confidence,Consumer Confidence,Growth,2,38,-0.381302,0.381302,low_correlation,2026-04-25T22:25:54.019571+00:00
1370,CH,CHF,CPI,cpi_headline_yoy,385,consumer_confidence,Consumer Confidence,Growth,1,39,-0.372252,0.372252,low_correlation,2026-04-25T22:25:54.019571+00:00
1371,CH,CHF,CPI,cpi_headline_yoy,385,consumer_confidence,Consumer Confidence,Growth,6,34,-0.344583,0.344583,low_correlation,2026-04-25T22:25:54.019571+00:00
1372,CH,CHF,CPI,cpi_headline_yoy,385,consumer_confidence,Consumer Confidence,Growth,5,35,-0.332348,0.332348,low_correlation,2026-04-25T22:25:54.019571+00:00
1373,CH,CHF,CPI,cpi_headline_yoy,385,consumer_confidence,Consumer Confidence,Growth,4,36,-0.329546,0.329546,low_correlation,2026-04-25T22:25:54.019571+00:00
1374,CH,CHF,CPI,cpi_headline_mom,172,cpi_headline_yoy,Headline CPI (YoY),Inflation,6,51,0.329240,0.329240,low_correlation,2026-04-25T22:25:54.019571+00:00
1375,CH,CHF,CPI,cpi_headline_mom,172,cpi_headline_yoy,Headline CPI (YoY),Inflation,4,51,0.265721,0.265721,low_correlation,2026-04-25T22:25:54.019571+00:00
1376,CH,CHF,CPI,cpi_headline_mom,172,cpi_headline_yoy,Headline CPI (YoY),Inflation,1,53,0.223417,0.223417,low_correlation,2026-04-25T22:25:54.019571+00:00
1377,CH,CHF,CPI,cpi_headline_mom,172,cpi_headline_yoy,Headline CPI (YoY),Inflation,5,51,0.202531,0.202531,low_correlation,2026-04-25T22:25:54.019571+00:00
1378,CH,CHF,CPI,cpi_headline_mom,172,cpi_headline_yoy,Headline CPI (YoY),Inflation,3,52,0.118617,0.118617,low_correlation,2026-04-25T22:25:54.019571+00:00
1379,CH,CHF,CPI,cpi_headline_mom,172,cpi_headline_yoy,Headline CPI (YoY),Inflation,2,51,0.118592,0.118592,low_correlation,2026-04-25T22:25:54.019571+00:00
1380,CH,CHF,CPI,cpi_headline_mom,173,unemployment_rate,Unemployment Rate,Labor,2,54,0.197728,0.197728,low_correlation,2026-04-25T22:25:54.019571+00:00
1381,CH,CHF,CPI,cpi_headline_mom,173,unemployment_rate,Unemployment Rate,Labor,1,55,-0.138404,0.138404,low_correlation,2026-04-25T22:25:54.019571+00:00
1382,CH,CHF,CPI,cpi_headline_mom,173,unemployment_rate,Unemployment Rate,Labor,5,53,0.138125,0.138125,low_correlation,2026-04-25T22:25:54.019571+00:00
1383,CH,CHF,CPI,cpi_headline_mom,173,unemployment_rate,Unemployment Rate,Labor,3,53,0.081261,0.081261,low_correlation,2026-04-25T22:25:54.019571+00:00
1384,CH,CHF,CPI,cpi_headline_mom,173,unemployment_rate,Unemployment Rate,Labor,4,53,0.069346,0.069346,low_correlation,2026-04-25T22:25:54.019571+00:00
1385,CH,CHF,CPI,cpi_headline_mom,173,unemployment_rate,Unemployment Rate,Labor,6,52,-0.061418,0.061418,low_correlation,2026-04-25T22:25:54.019571+00:00
1386,CH,CHF,CPI,cpi_headline_mom,174,gdp_qoq,GDP (QoQ),Growth,5,14,-0.226108,0.226108,low_sample_and_low_correlation,2026-04-25T22:25:54.019571+00:00
1387,CH,CHF,CPI,cpi_headline_mom,174,gdp_qoq,GDP (QoQ),Growth,6,16,-0.141895,0.141895,low_sample_and_low_correlation,2026-04-25T22:25:54.019571+00:00
1388,CH,CHF,CPI,cpi_headline_mom,174,gdp_qoq,GDP (QoQ),Growth,4,15,0.067922,0.067922,low_sample_and_low_correlation,2026-04-25T22:25:54.019571+00:00
1389,CH,CHF,CPI,cpi_headline_mom,176,balance_of_trade,Balance of Trade,Growth,2,54,-0.342231,0.342231,low_correlation,2026-04-25T22:25:54.019571+00:00
1390,CH,CHF,CPI,cpi_headline_mom,176,balance_of_trade,Balance of Trade,Growth,3,53,-0.309616,0.309616,low_correlation,2026-04-25T22:25:54.019571+00:00
1391,CH,CHF,CPI,cpi_headline_mom,176,balance_of_trade,Balance of Trade,Growth,6,52,-0.253351,0.253351,low_correlation,2026-04-25T22:25:54.019571+00:00
1392,CH,CHF,CPI,cpi_headline_mom,176,balance_of_trade,Balance of Trade,Growth,5,53,-0.200133,0.200133,low_correlation,2026-04-25T22:25:54.019571+00:00
1393,CH,CHF,CPI,cpi_headline_mom,176,balance_of_trade,Balance of Trade,Growth,4,53,-0.165285,0.165285,low_correlation,2026-04-25T22:25:54.019571+00:00
1394,CH,CHF,CPI,cpi_headline_mom,176,balance_of_trade,Balance of Trade,Growth,1,55,-0.093080,0.093080,low_correlation,2026-04-25T22:25:54.019571+00:00
1395,CH,CHF,CPI,cpi_headline_mom,215,retail_sales_yoy,Retail Sales (YoY),Growth,1,50,0.207164,0.207164,low_correlation,2026-04-25T22:25:54.019571+00:00
1396,CH,CHF,CPI,cpi_headline_mom,215,retail_sales_yoy,Retail Sales (YoY),Growth,4,52,0.156072,0.156072,low_correlation,2026-04-25T22:25:54.019571+00:00
1397,CH,CHF,CPI,cpi_headline_mom,215,retail_sales_yoy,Retail Sales (YoY),Growth,6,51,0.099459,0.099459,low_correlation,2026-04-25T22:25:54.019571+00:00
1398,CH,CHF,CPI,cpi_headline_mom,215,retail_sales_yoy,Retail Sales (YoY),Growth,2,54,-0.092510,0.092510,low_correlation,2026-04-25T22:25:54.019571+00:00
1399,CH,CHF,CPI,cpi_headline_mom,215,retail_sales_yoy,Retail Sales (YoY),Growth,5,52,-0.041375,0.041375,low_correlation,2026-04-25T22:25:54.019571+00:00
1400,CH,CHF,CPI,cpi_headline_mom,215,retail_sales_yoy,Retail Sales (YoY),Growth,3,52,0.023266,0.023266,low_correlation,2026-04-25T22:25:54.019571+00:00
1401,CH,CHF,CPI,cpi_headline_mom,216,economic_sentiment_index,Economic Sentiment Index,Growth,6,51,-0.337637,0.337637,low_correlation,2026-04-25T22:25:54.019571+00:00
1402,CH,CHF,CPI,cpi_headline_mom,216,economic_sentiment_index,Economic Sentiment Index,Growth,1,53,0.278124,0.278124,low_correlation,2026-04-25T22:25:54.019571+00:00
1403,CH,CHF,CPI,cpi_headline_mom,216,economic_sentiment_index,Economic Sentiment Index,Growth,4,52,0.162954,0.162954,low_correlation,2026-04-25T22:25:54.019571+00:00
1404,CH,CHF,CPI,cpi_headline_mom,216,economic_sentiment_index,Economic Sentiment Index,Growth,3,52,0.133734,0.133734,low_correlation,2026-04-25T22:25:54.019571+00:00
1405,CH,CHF,CPI,cpi_headline_mom,216,economic_sentiment_index,Economic Sentiment Index,Growth,2,52,0.085386,0.085386,low_correlation,2026-04-25T22:25:54.019571+00:00
1406,CH,CHF,CPI,cpi_headline_mom,216,economic_sentiment_index,Economic Sentiment Index,Growth,5,51,-0.084989,0.084989,low_correlation,2026-04-25T22:25:54.019571+00:00
1407,CH,CHF,CPI,cpi_headline_mom,216,economic_sentiment_index,Economic Sentiment Index,Growth,0,54,0.023965,0.023965,low_correlation,2026-04-25T22:25:54.019571+00:00
1408,CH,CHF,CPI,cpi_headline_mom,382,producer_import_prices_mom,Producer & Import Prices (MoM),Inflation,6,47,-0.317334,0.317334,low_correlation,2026-04-25T22:25:54.019571+00:00
1409,CH,CHF,CPI,cpi_headline_mom,382,producer_import_prices_mom,Producer & Import Prices (MoM),Inflation,5,45,-0.302201,0.302201,low_correlation,2026-04-25T22:25:54.019571+00:00
1410,CH,CHF,CPI,cpi_headline_mom,382,producer_import_prices_mom,Producer & Import Prices (MoM),Inflation,1,49,0.256346,0.256346,low_correlation,2026-04-25T22:25:54.019571+00:00
1411,CH,CHF,CPI,cpi_headline_mom,382,producer_import_prices_mom,Producer & Import Prices (MoM),Inflation,3,47,-0.107809,0.107809,low_correlation,2026-04-25T22:25:54.019571+00:00
1412,CH,CHF,CPI,cpi_headline_mom,382,producer_import_prices_mom,Producer & Import Prices (MoM),Inflation,2,47,0.083253,0.083253,low_correlation,2026-04-25T22:25:54.019571+00:00
1413,CH,CHF,CPI,cpi_headline_mom,382,producer_import_prices_mom,Producer & Import Prices (MoM),Inflation,4,47,0.046461,0.046461,low_correlation,2026-04-25T22:25:54.019571+00:00
1414,CH,CHF,CPI,cpi_headline_mom,383,producer_import_prices_yoy,Producer & Import Prices (YoY),Inflation,6,52,0.137452,0.137452,low_correlation,2026-04-25T22:25:54.019571+00:00
1415,CH,CHF,CPI,cpi_headline_mom,383,producer_import_prices_yoy,Producer & Import Prices (YoY),Inflation,2,56,0.121894,0.121894,low_correlation,2026-04-25T22:25:54.019571+00:00
1416,CH,CHF,CPI,cpi_headline_mom,383,producer_import_prices_yoy,Producer & Import Prices (YoY),Inflation,4,53,0.050651,0.050651,low_correlation,2026-04-25T22:25:54.019571+00:00
1417,CH,CHF,CPI,cpi_headline_mom,383,producer_import_prices_yoy,Producer & Import Prices (YoY),Inflation,3,54,0.048678,0.048678,low_correlation,2026-04-25T22:25:54.019571+00:00
1418,CH,CHF,CPI,cpi_headline_mom,383,producer_import_prices_yoy,Producer & Import Prices (YoY),Inflation,5,53,0.041883,0.041883,low_correlation,2026-04-25T22:25:54.019571+00:00
1419,CH,CHF,CPI,cpi_headline_mom,383,producer_import_prices_yoy,Producer & Import Prices (YoY),Inflation,1,57,0.009721,0.009721,low_correlation,2026-04-25T22:25:54.019571+00:00
1420,CH,CHF,CPI,cpi_headline_mom,384,retail_sales_mom,Retail Sales (MoM),Growth,1,52,0.190622,0.190622,low_correlation,2026-04-25T22:25:54.019571+00:00
1421,CH,CHF,CPI,cpi_headline_mom,384,retail_sales_mom,Retail Sales (MoM),Growth,2,55,-0.134673,0.134673,low_correlation,2026-04-25T22:25:54.019571+00:00
1422,CH,CHF,CPI,cpi_headline_mom,384,retail_sales_mom,Retail Sales (MoM),Growth,6,53,-0.039112,0.039112,low_correlation,2026-04-25T22:25:54.019571+00:00
1423,CH,CHF,CPI,cpi_headline_mom,384,retail_sales_mom,Retail Sales (MoM),Growth,4,53,-0.030080,0.030080,low_correlation,2026-04-25T22:25:54.019571+00:00
1424,CH,CHF,CPI,cpi_headline_mom,384,retail_sales_mom,Retail Sales (MoM),Growth,5,53,-0.027823,0.027823,low_correlation,2026-04-25T22:25:54.019571+00:00
1425,CH,CHF,CPI,cpi_headline_mom,384,retail_sales_mom,Retail Sales (MoM),Growth,3,54,0.002761,0.002761,low_correlation,2026-04-25T22:25:54.019571+00:00
1426,CH,CHF,CPI,cpi_headline_mom,385,consumer_confidence,Consumer Confidence,Growth,4,29,-0.328854,0.328854,low_correlation,2026-04-25T22:25:54.019571+00:00
1427,CH,CHF,CPI,cpi_headline_mom,385,consumer_confidence,Consumer Confidence,Growth,0,10,-0.321420,0.321420,low_sample_and_low_correlation,2026-04-25T22:25:54.019571+00:00
1428,CH,CHF,CPI,cpi_headline_mom,385,consumer_confidence,Consumer Confidence,Growth,5,27,0.255721,0.255721,low_correlation,2026-04-25T22:25:54.019571+00:00
1429,CH,CHF,CPI,cpi_headline_mom,385,consumer_confidence,Consumer Confidence,Growth,3,30,-0.224933,0.224933,low_correlation,2026-04-25T22:25:54.019571+00:00
1430,CH,CHF,CPI,cpi_headline_mom,385,consumer_confidence,Consumer Confidence,Growth,1,30,-0.103877,0.103877,low_correlation,2026-04-25T22:25:54.019571+00:00
1431,CH,CHF,CPI,cpi_headline_mom,385,consumer_confidence,Consumer Confidence,Growth,2,29,0.085412,0.085412,low_correlation,2026-04-25T22:25:54.019571+00:00
1432,CH,CHF,CPI,cpi_headline_mom,385,consumer_confidence,Consumer Confidence,Growth,6,28,-0.042418,0.042418,low_correlation,2026-04-25T22:25:54.019571+00:00
1433,CH,CHF,GDP,gdp_qoq,176,balance_of_trade,Balance of Trade,Growth,4,20,0.357606,0.357606,low_sample_and_low_correlation,2026-04-25T22:25:54.019571+00:00
1434,CH,CHF,GDP,gdp_qoq,176,balance_of_trade,Balance of Trade,Growth,0,21,-0.224707,0.224707,low_sample_and_low_correlation,2026-04-25T22:25:54.019571+00:00
1435,CH,CHF,GDP,gdp_qoq,176,balance_of_trade,Balance of Trade,Growth,3,20,0.206395,0.206395,low_sample_and_low_correlation,2026-04-25T22:25:54.019571+00:00
1436,CH,CHF,GDP,gdp_qoq,176,balance_of_trade,Balance of Trade,Growth,1,21,-0.200185,0.200185,low_sample_and_low_correlation,2026-04-25T22:25:54.019571+00:00
1437,CH,CHF,GDP,gdp_qoq,176,balance_of_trade,Balance of Trade,Growth,5,20,-0.124315,0.124315,low_sample_and_low_correlation,2026-04-25T22:25:54.019571+00:00
1438,CH,CHF,GDP,gdp_qoq,176,balance_of_trade,Balance of Trade,Growth,2,21,0.101317,0.101317,low_sample_and_low_correlation,2026-04-25T22:25:54.019571+00:00
1439,CH,CHF,GDP,gdp_qoq,176,balance_of_trade,Balance of Trade,Growth,6,19,0.096826,0.096826,low_sample_and_low_correlation,2026-04-25T22:25:54.019571+00:00
1440,CH,CHF,GDP,gdp_qoq,215,retail_sales_yoy,Retail Sales (YoY),Growth,4,20,-0.871825,0.871825,low_sample,2026-04-25T22:25:54.019571+00:00
1441,CH,CHF,GDP,gdp_qoq,215,retail_sales_yoy,Retail Sales (YoY),Growth,1,21,0.757168,0.757168,low_sample,2026-04-25T22:25:54.019571+00:00
1442,CH,CHF,GDP,gdp_qoq,215,retail_sales_yoy,Retail Sales (YoY),Growth,0,21,0.647008,0.647008,low_sample,2026-04-25T22:25:54.019571+00:00
1443,CH,CHF,GDP,gdp_qoq,215,retail_sales_yoy,Retail Sales (YoY),Growth,3,20,-0.584023,0.584023,low_sample,2026-04-25T22:25:54.019571+00:00
1444,CH,CHF,GDP,gdp_qoq,215,retail_sales_yoy,Retail Sales (YoY),Growth,2,20,-0.179522,0.179522,low_sample_and_low_correlation,2026-04-25T22:25:54.019571+00:00
1445,CH,CHF,GDP,gdp_qoq,215,retail_sales_yoy,Retail Sales (YoY),Growth,6,19,-0.119460,0.119460,low_sample_and_low_correlation,2026-04-25T22:25:54.019571+00:00
1446,CH,CHF,GDP,gdp_qoq,215,retail_sales_yoy,Retail Sales (YoY),Growth,5,19,0.088015,0.088015,low_sample_and_low_correlation,2026-04-25T22:25:54.019571+00:00
1447,CH,CHF,GDP,gdp_qoq,216,economic_sentiment_index,Economic Sentiment Index,Growth,4,19,-0.933176,0.933176,low_sample,2026-04-25T22:25:54.019571+00:00
1448,CH,CHF,GDP,gdp_qoq,216,economic_sentiment_index,Economic Sentiment Index,Growth,1,20,0.785561,0.785561,low_sample,2026-04-25T22:25:54.019571+00:00
1449,CH,CHF,GDP,gdp_qoq,216,economic_sentiment_index,Economic Sentiment Index,Growth,6,19,-0.488638,0.488638,low_sample,2026-04-25T22:25:54.019571+00:00
1450,CH,CHF,GDP,gdp_qoq,216,economic_sentiment_index,Economic Sentiment Index,Growth,2,20,0.253366,0.253366,low_sample_and_low_correlation,2026-04-25T22:25:54.019571+00:00
1451,CH,CHF,GDP,gdp_qoq,216,economic_sentiment_index,Economic Sentiment Index,Growth,3,20,0.244535,0.244535,low_sample_and_low_correlation,2026-04-25T22:25:54.019571+00:00
1452,CH,CHF,GDP,gdp_qoq,216,economic_sentiment_index,Economic Sentiment Index,Growth,5,19,-0.027497,0.027497,low_sample_and_low_correlation,2026-04-25T22:25:54.019571+00:00
1453,CH,CHF,GDP,gdp_qoq,216,economic_sentiment_index,Economic Sentiment Index,Growth,0,21,0.001143,0.001143,low_sample_and_low_correlation,2026-04-25T22:25:54.019571+00:00
1454,CH,CHF,GDP,gdp_qoq,384,retail_sales_mom,Retail Sales (MoM),Growth,4,20,-0.773093,0.773093,low_sample,2026-04-25T22:25:54.019571+00:00
1455,CH,CHF,GDP,gdp_qoq,384,retail_sales_mom,Retail Sales (MoM),Growth,1,21,0.672187,0.672187,low_sample,2026-04-25T22:25:54.019571+00:00
1456,CH,CHF,GDP,gdp_qoq,384,retail_sales_mom,Retail Sales (MoM),Growth,0,22,0.485582,0.485582,low_sample,2026-04-25T22:25:54.019571+00:00
1457,CH,CHF,GDP,gdp_qoq,384,retail_sales_mom,Retail Sales (MoM),Growth,5,20,0.342465,0.342465,low_sample_and_low_correlation,2026-04-25T22:25:54.019571+00:00
1458,CH,CHF,GDP,gdp_qoq,384,retail_sales_mom,Retail Sales (MoM),Growth,3,21,-0.215784,0.215784,low_sample_and_low_correlation,2026-04-25T22:25:54.019571+00:00
1459,CH,CHF,GDP,gdp_qoq,384,retail_sales_mom,Retail Sales (MoM),Growth,6,20,-0.156165,0.156165,low_sample_and_low_correlation,2026-04-25T22:25:54.019571+00:00
1460,CH,CHF,GDP,gdp_qoq,384,retail_sales_mom,Retail Sales (MoM),Growth,2,21,0.138272,0.138272,low_sample_and_low_correlation,2026-04-25T22:25:54.019571+00:00
1461,CH,CHF,GDP,gdp_qoq,385,consumer_confidence,Consumer Confidence,Growth,0,21,0.226990,0.226990,low_sample_and_low_correlation,2026-04-25T22:25:54.019571+00:00
1462,CH,CHF,GDP,gdp_qoq,385,consumer_confidence,Consumer Confidence,Growth,3,20,-0.078585,0.078585,low_sample_and_low_correlation,2026-04-25T22:25:54.019571+00:00
1463,CH,CHF,GDP,gdp_qoq,385,consumer_confidence,Consumer Confidence,Growth,6,19,0.032570,0.032570,low_sample_and_low_correlation,2026-04-25T22:25:54.019571+00:00
1464,CH,CHF,UNEMPLOYMENT,unemployment_rate,174,gdp_qoq,GDP (QoQ),Growth,4,21,-0.151026,0.151026,low_sample_and_low_correlation,2026-04-25T22:25:54.019571+00:00
1465,CH,CHF,UNEMPLOYMENT,unemployment_rate,174,gdp_qoq,GDP (QoQ),Growth,6,20,-0.145582,0.145582,low_sample_and_low_correlation,2026-04-25T22:25:54.019571+00:00
1466,CH,CHF,UNEMPLOYMENT,unemployment_rate,174,gdp_qoq,GDP (QoQ),Growth,5,21,-0.140548,0.140548,low_sample_and_low_correlation,2026-04-25T22:25:54.019571+00:00
1467,CH,CHF,UNEMPLOYMENT,unemployment_rate,176,balance_of_trade,Balance of Trade,Growth,6,68,0.183587,0.183587,low_correlation,2026-04-25T22:25:54.019571+00:00
1468,CH,CHF,UNEMPLOYMENT,unemployment_rate,176,balance_of_trade,Balance of Trade,Growth,5,69,0.156861,0.156861,low_correlation,2026-04-25T22:25:54.019571+00:00
1469,CH,CHF,UNEMPLOYMENT,unemployment_rate,176,balance_of_trade,Balance of Trade,Growth,4,70,0.145561,0.145561,low_correlation,2026-04-25T22:25:54.019571+00:00
1470,CH,CHF,UNEMPLOYMENT,unemployment_rate,176,balance_of_trade,Balance of Trade,Growth,1,73,0.118734,0.118734,low_correlation,2026-04-25T22:25:54.019571+00:00
1471,CH,CHF,UNEMPLOYMENT,unemployment_rate,176,balance_of_trade,Balance of Trade,Growth,3,71,0.101564,0.101564,low_correlation,2026-04-25T22:25:54.019571+00:00
1472,CH,CHF,UNEMPLOYMENT,unemployment_rate,176,balance_of_trade,Balance of Trade,Growth,2,72,0.086811,0.086811,low_correlation,2026-04-25T22:25:54.019571+00:00
1473,CH,CHF,UNEMPLOYMENT,unemployment_rate,215,retail_sales_yoy,Retail Sales (YoY),Growth,1,70,-0.172559,0.172559,low_correlation,2026-04-25T22:25:54.019571+00:00
1474,CH,CHF,UNEMPLOYMENT,unemployment_rate,215,retail_sales_yoy,Retail Sales (YoY),Growth,2,71,-0.170817,0.170817,low_correlation,2026-04-25T22:25:54.019571+00:00
1475,CH,CHF,UNEMPLOYMENT,unemployment_rate,215,retail_sales_yoy,Retail Sales (YoY),Growth,5,68,-0.157459,0.157459,low_correlation,2026-04-25T22:25:54.019571+00:00
1476,CH,CHF,UNEMPLOYMENT,unemployment_rate,215,retail_sales_yoy,Retail Sales (YoY),Growth,6,67,-0.142880,0.142880,low_correlation,2026-04-25T22:25:54.019571+00:00
1477,CH,CHF,UNEMPLOYMENT,unemployment_rate,215,retail_sales_yoy,Retail Sales (YoY),Growth,4,69,-0.137847,0.137847,low_correlation,2026-04-25T22:25:54.019571+00:00
1478,CH,CHF,UNEMPLOYMENT,unemployment_rate,215,retail_sales_yoy,Retail Sales (YoY),Growth,3,70,-0.132495,0.132495,low_correlation,2026-04-25T22:25:54.019571+00:00
1479,CH,CHF,UNEMPLOYMENT,unemployment_rate,216,economic_sentiment_index,Economic Sentiment Index,Growth,5,67,-0.193869,0.193869,low_correlation,2026-04-25T22:25:54.019571+00:00
1480,CH,CHF,UNEMPLOYMENT,unemployment_rate,216,economic_sentiment_index,Economic Sentiment Index,Growth,2,70,-0.185908,0.185908,low_correlation,2026-04-25T22:25:54.019571+00:00
1481,CH,CHF,UNEMPLOYMENT,unemployment_rate,216,economic_sentiment_index,Economic Sentiment Index,Growth,6,66,-0.168502,0.168502,low_correlation,2026-04-25T22:25:54.019571+00:00
1482,CH,CHF,UNEMPLOYMENT,unemployment_rate,216,economic_sentiment_index,Economic Sentiment Index,Growth,4,68,-0.160191,0.160191,low_correlation,2026-04-25T22:25:54.019571+00:00
1483,CH,CHF,UNEMPLOYMENT,unemployment_rate,216,economic_sentiment_index,Economic Sentiment Index,Growth,1,71,-0.153593,0.153593,low_correlation,2026-04-25T22:25:54.019571+00:00
1484,CH,CHF,UNEMPLOYMENT,unemployment_rate,216,economic_sentiment_index,Economic Sentiment Index,Growth,3,69,-0.149995,0.149995,low_correlation,2026-04-25T22:25:54.019571+00:00
1485,CH,CHF,UNEMPLOYMENT,unemployment_rate,216,economic_sentiment_index,Economic Sentiment Index,Growth,0,72,-0.058370,0.058370,low_correlation,2026-04-25T22:25:54.019571+00:00
1486,CH,CHF,UNEMPLOYMENT,unemployment_rate,384,retail_sales_mom,Retail Sales (MoM),Growth,4,71,-0.087912,0.087912,low_correlation,2026-04-25T22:25:54.019571+00:00
1487,CH,CHF,UNEMPLOYMENT,unemployment_rate,384,retail_sales_mom,Retail Sales (MoM),Growth,1,72,-0.083659,0.083659,low_correlation,2026-04-25T22:25:54.019571+00:00
1488,CH,CHF,UNEMPLOYMENT,unemployment_rate,384,retail_sales_mom,Retail Sales (MoM),Growth,5,70,-0.080611,0.080611,low_correlation,2026-04-25T22:25:54.019571+00:00
1489,CH,CHF,UNEMPLOYMENT,unemployment_rate,384,retail_sales_mom,Retail Sales (MoM),Growth,3,72,-0.072765,0.072765,low_correlation,2026-04-25T22:25:54.019571+00:00
1490,CH,CHF,UNEMPLOYMENT,unemployment_rate,384,retail_sales_mom,Retail Sales (MoM),Growth,2,73,-0.072707,0.072707,low_correlation,2026-04-25T22:25:54.019571+00:00
1491,CH,CHF,UNEMPLOYMENT,unemployment_rate,384,retail_sales_mom,Retail Sales (MoM),Growth,6,69,-0.058417,0.058417,low_correlation,2026-04-25T22:25:54.019571+00:00
1492,CH,CHF,UNEMPLOYMENT,unemployment_rate,385,consumer_confidence,Consumer Confidence,Growth,0,16,0.510323,0.510323,low_sample,2026-04-25T22:25:54.019571+00:00
1493,CH,CHF,UNEMPLOYMENT,unemployment_rate,385,consumer_confidence,Consumer Confidence,Growth,1,41,0.355741,0.355741,low_correlation,2026-04-25T22:25:54.019571+00:00
1494,CH,CHF,UNEMPLOYMENT,unemployment_rate,385,consumer_confidence,Consumer Confidence,Growth,2,40,0.352733,0.352733,low_correlation,2026-04-25T22:25:54.019571+00:00
1495,CH,CHF,UNEMPLOYMENT,unemployment_rate,385,consumer_confidence,Consumer Confidence,Growth,6,36,0.314494,0.314494,low_correlation,2026-04-25T22:25:54.019571+00:00
1496,CH,CHF,UNEMPLOYMENT,unemployment_rate,385,consumer_confidence,Consumer Confidence,Growth,3,39,0.311084,0.311084,low_correlation,2026-04-25T22:25:54.019571+00:00
1497,CH,CHF,UNEMPLOYMENT,unemployment_rate,385,consumer_confidence,Consumer Confidence,Growth,5,37,0.299502,0.299502,low_correlation,2026-04-25T22:25:54.019571+00:00
1498,CH,CHF,UNEMPLOYMENT,unemployment_rate,385,consumer_confidence,Consumer Confidence,Growth,4,38,0.270693,0.270693,low_correlation,2026-04-25T22:25:54.019571+00:00
1499,EU,EUR,CPI,cpi_headline_yoy,89,core_cpi_yoy,Core HICP (YoY),Inflation,6,248,0.493378,0.493378,not_best_lag,2026-04-25T22:25:54.019571+00:00
1500,EU,EUR,CPI,cpi_headline_yoy,89,core_cpi_yoy,Core HICP (YoY),Inflation,1,258,0.446778,0.446778,not_best_lag,2026-04-25T22:25:54.019571+00:00
1501,EU,EUR,CPI,cpi_headline_yoy,89,core_cpi_yoy,Core HICP (YoY),Inflation,2,256,0.430587,0.430587,not_best_lag,2026-04-25T22:25:54.019571+00:00
1502,EU,EUR,CPI,cpi_headline_yoy,89,core_cpi_yoy,Core HICP (YoY),Inflation,4,249,0.430235,0.430235,not_best_lag,2026-04-25T22:25:54.019571+00:00
1503,EU,EUR,CPI,cpi_headline_yoy,89,core_cpi_yoy,Core HICP (YoY),Inflation,3,253,0.430091,0.430091,not_best_lag,2026-04-25T22:25:54.019571+00:00
1504,EU,EUR,CPI,cpi_headline_yoy,89,core_cpi_yoy,Core HICP (YoY),Inflation,0,203,0.374018,0.374018,low_correlation,2026-04-25T22:25:54.019571+00:00
1505,EU,EUR,CPI,cpi_headline_yoy,90,unemployment_rate,Unemployment Rate,Labor,4,132,-0.381759,0.381759,low_correlation,2026-04-25T22:25:54.019571+00:00
1506,EU,EUR,CPI,cpi_headline_yoy,90,unemployment_rate,Unemployment Rate,Labor,6,129,-0.376021,0.376021,low_correlation,2026-04-25T22:25:54.019571+00:00
1507,EU,EUR,CPI,cpi_headline_yoy,90,unemployment_rate,Unemployment Rate,Labor,3,134,-0.347612,0.347612,low_correlation,2026-04-25T22:25:54.019571+00:00
1508,EU,EUR,CPI,cpi_headline_yoy,90,unemployment_rate,Unemployment Rate,Labor,2,136,-0.320478,0.320478,low_correlation,2026-04-25T22:25:54.019571+00:00
1509,EU,EUR,CPI,cpi_headline_yoy,90,unemployment_rate,Unemployment Rate,Labor,1,105,-0.252608,0.252608,low_correlation,2026-04-25T22:25:54.019571+00:00
1510,EU,EUR,CPI,cpi_headline_yoy,91,gdp_qoq,GDP (QoQ),Growth,3,55,-0.193102,0.193102,low_correlation,2026-04-25T22:25:54.019571+00:00
1511,EU,EUR,CPI,cpi_headline_yoy,91,gdp_qoq,GDP (QoQ),Growth,5,97,-0.167251,0.167251,low_correlation,2026-04-25T22:25:54.019571+00:00
1512,EU,EUR,CPI,cpi_headline_yoy,91,gdp_qoq,GDP (QoQ),Growth,4,89,-0.145697,0.145697,low_correlation,2026-04-25T22:25:54.019571+00:00
1513,EU,EUR,CPI,cpi_headline_yoy,91,gdp_qoq,GDP (QoQ),Growth,6,109,-0.142288,0.142288,low_correlation,2026-04-25T22:25:54.019571+00:00
1514,EU,EUR,CPI,cpi_headline_yoy,93,construction_output_mom,Construction Output (MoM),Growth,3,30,-0.326104,0.326104,low_correlation,2026-04-25T22:25:54.019571+00:00
1515,EU,EUR,CPI,cpi_headline_yoy,93,construction_output_mom,Construction Output (MoM),Growth,2,32,-0.264575,0.264575,low_correlation,2026-04-25T22:25:54.019571+00:00
1516,EU,EUR,CPI,cpi_headline_yoy,93,construction_output_mom,Construction Output (MoM),Growth,6,24,0.100263,0.100263,low_correlation,2026-04-25T22:25:54.019571+00:00
1517,EU,EUR,CPI,cpi_headline_yoy,93,construction_output_mom,Construction Output (MoM),Growth,4,28,-0.060973,0.060973,low_correlation,2026-04-25T22:25:54.019571+00:00
1518,EU,EUR,CPI,cpi_headline_yoy,94,construction_output_yoy,Construction Output (YoY),Growth,1,30,-0.166368,0.166368,low_correlation,2026-04-25T22:25:54.019571+00:00
1519,EU,EUR,CPI,cpi_headline_yoy,94,construction_output_yoy,Construction Output (YoY),Growth,2,134,-0.092374,0.092374,low_correlation,2026-04-25T22:25:54.019571+00:00
1520,EU,EUR,CPI,cpi_headline_yoy,94,construction_output_yoy,Construction Output (YoY),Growth,4,130,-0.087107,0.087107,low_correlation,2026-04-25T22:25:54.019571+00:00
1521,EU,EUR,CPI,cpi_headline_yoy,94,construction_output_yoy,Construction Output (YoY),Growth,3,132,-0.084685,0.084685,low_correlation,2026-04-25T22:25:54.019571+00:00
1522,EU,EUR,CPI,cpi_headline_yoy,94,construction_output_yoy,Construction Output (YoY),Growth,5,128,-0.014327,0.014327,low_correlation,2026-04-25T22:25:54.019571+00:00
1523,EU,EUR,CPI,cpi_headline_yoy,94,construction_output_yoy,Construction Output (YoY),Growth,6,127,0.010426,0.010426,low_correlation,2026-04-25T22:25:54.019571+00:00
1524,EU,EUR,CPI,cpi_headline_yoy,95,zew_economic_sentiment,ZEW Economic Sentiment Index,Growth,6,125,-0.188577,0.188577,low_correlation,2026-04-25T22:25:54.019571+00:00
1525,EU,EUR,CPI,cpi_headline_yoy,95,zew_economic_sentiment,ZEW Economic Sentiment Index,Growth,5,127,-0.170251,0.170251,low_correlation,2026-04-25T22:25:54.019571+00:00
1526,EU,EUR,CPI,cpi_headline_yoy,95,zew_economic_sentiment,ZEW Economic Sentiment Index,Growth,3,130,-0.159256,0.159256,low_correlation,2026-04-25T22:25:54.019571+00:00
1527,EU,EUR,CPI,cpi_headline_yoy,95,zew_economic_sentiment,ZEW Economic Sentiment Index,Growth,4,129,-0.150659,0.150659,low_correlation,2026-04-25T22:25:54.019571+00:00
1528,EU,EUR,CPI,cpi_headline_yoy,95,zew_economic_sentiment,ZEW Economic Sentiment Index,Growth,2,132,-0.100227,0.100227,low_correlation,2026-04-25T22:25:54.019571+00:00
1529,EU,EUR,CPI,cpi_headline_yoy,95,zew_economic_sentiment,ZEW Economic Sentiment Index,Growth,1,134,-0.083870,0.083870,low_correlation,2026-04-25T22:25:54.019571+00:00
1530,EU,EUR,CPI,cpi_headline_yoy,95,zew_economic_sentiment,ZEW Economic Sentiment Index,Growth,0,136,-0.065440,0.065440,low_correlation,2026-04-25T22:25:54.019571+00:00
1531,EU,EUR,CPI,cpi_headline_yoy,96,consumer_confidence,Consumer Confidence,Growth,4,223,-0.231478,0.231478,low_correlation,2026-04-25T22:25:54.019571+00:00
1532,EU,EUR,CPI,cpi_headline_yoy,96,consumer_confidence,Consumer Confidence,Growth,6,215,-0.219137,0.219137,low_correlation,2026-04-25T22:25:54.019571+00:00
1533,EU,EUR,CPI,cpi_headline_yoy,96,consumer_confidence,Consumer Confidence,Growth,3,219,-0.211756,0.211756,low_correlation,2026-04-25T22:25:54.019571+00:00
1534,EU,EUR,CPI,cpi_headline_yoy,96,consumer_confidence,Consumer Confidence,Growth,5,218,-0.209884,0.209884,low_correlation,2026-04-25T22:25:54.019571+00:00
1535,EU,EUR,CPI,cpi_headline_yoy,96,consumer_confidence,Consumer Confidence,Growth,2,221,-0.199323,0.199323,low_correlation,2026-04-25T22:25:54.019571+00:00
1536,EU,EUR,CPI,cpi_headline_yoy,96,consumer_confidence,Consumer Confidence,Growth,1,224,-0.149882,0.149882,low_correlation,2026-04-25T22:25:54.019571+00:00
1537,EU,EUR,CPI,cpi_headline_yoy,96,consumer_confidence,Consumer Confidence,Growth,0,225,-0.103377,0.103377,low_correlation,2026-04-25T22:25:54.019571+00:00
1538,EU,EUR,CPI,cpi_headline_yoy,97,manufacturing_pmi,Manufacturing PMI,Growth,3,210,-0.400775,0.400775,not_best_lag,2026-04-25T22:25:54.019571+00:00
1539,EU,EUR,CPI,cpi_headline_yoy,97,manufacturing_pmi,Manufacturing PMI,Growth,2,215,-0.389827,0.389827,low_correlation,2026-04-25T22:25:54.019571+00:00
1540,EU,EUR,CPI,cpi_headline_yoy,97,manufacturing_pmi,Manufacturing PMI,Growth,5,205,-0.386442,0.386442,low_correlation,2026-04-25T22:25:54.019571+00:00
1541,EU,EUR,CPI,cpi_headline_yoy,97,manufacturing_pmi,Manufacturing PMI,Growth,6,205,-0.366744,0.366744,low_correlation,2026-04-25T22:25:54.019571+00:00
1542,EU,EUR,CPI,cpi_headline_yoy,97,manufacturing_pmi,Manufacturing PMI,Growth,1,217,-0.365910,0.365910,low_correlation,2026-04-25T22:25:54.019571+00:00
1543,EU,EUR,CPI,cpi_headline_yoy,97,manufacturing_pmi,Manufacturing PMI,Growth,0,194,-0.331131,0.331131,low_correlation,2026-04-25T22:25:54.019571+00:00
1544,EU,EUR,CPI,cpi_headline_yoy,98,services_pmi,Services PMI,Growth,5,40,-0.417962,0.417962,not_best_lag,2026-04-25T22:25:54.019571+00:00
1545,EU,EUR,CPI,cpi_headline_yoy,98,services_pmi,Services PMI,Growth,6,42,-0.391015,0.391015,low_correlation,2026-04-25T22:25:54.019571+00:00
1546,EU,EUR,CPI,cpi_headline_yoy,98,services_pmi,Services PMI,Growth,3,41,-0.385297,0.385297,low_correlation,2026-04-25T22:25:54.019571+00:00
1547,EU,EUR,CPI,cpi_headline_yoy,98,services_pmi,Services PMI,Growth,2,44,-0.248254,0.248254,low_correlation,2026-04-25T22:25:54.019571+00:00
1548,EU,EUR,CPI,cpi_headline_yoy,98,services_pmi,Services PMI,Growth,1,45,-0.126440,0.126440,low_correlation,2026-04-25T22:25:54.019571+00:00
1549,EU,EUR,CPI,cpi_headline_yoy,98,services_pmi,Services PMI,Growth,0,36,-0.022222,0.022222,low_correlation,2026-04-25T22:25:54.019571+00:00
1550,EU,EUR,CPI,cpi_headline_yoy,99,composite_pmi,Composite PMI,Growth,5,40,-0.407890,0.407890,not_best_lag,2026-04-25T22:25:54.019571+00:00
1551,EU,EUR,CPI,cpi_headline_yoy,99,composite_pmi,Composite PMI,Growth,6,42,-0.375181,0.375181,low_correlation,2026-04-25T22:25:54.019571+00:00
1552,EU,EUR,CPI,cpi_headline_yoy,99,composite_pmi,Composite PMI,Growth,3,41,-0.354542,0.354542,low_correlation,2026-04-25T22:25:54.019571+00:00
1553,EU,EUR,CPI,cpi_headline_yoy,99,composite_pmi,Composite PMI,Growth,2,44,-0.231903,0.231903,low_correlation,2026-04-25T22:25:54.019571+00:00
1554,EU,EUR,CPI,cpi_headline_yoy,99,composite_pmi,Composite PMI,Growth,1,45,-0.137435,0.137435,low_correlation,2026-04-25T22:25:54.019571+00:00
1555,EU,EUR,CPI,cpi_headline_yoy,99,composite_pmi,Composite PMI,Growth,0,36,-0.080319,0.080319,low_correlation,2026-04-25T22:25:54.019571+00:00
1556,EU,EUR,CPI,cpi_headline_yoy,187,cpi_headline_mom,Headline HICP (MoM),Inflation,5,236,0.106973,0.106973,low_correlation,2026-04-25T22:25:54.019571+00:00
1557,EU,EUR,CPI,cpi_headline_yoy,187,cpi_headline_mom,Headline HICP (MoM),Inflation,6,238,0.105822,0.105822,low_correlation,2026-04-25T22:25:54.019571+00:00
1558,EU,EUR,CPI,cpi_headline_yoy,187,cpi_headline_mom,Headline HICP (MoM),Inflation,4,239,0.066422,0.066422,low_correlation,2026-04-25T22:25:54.019571+00:00
1559,EU,EUR,CPI,cpi_headline_yoy,187,cpi_headline_mom,Headline HICP (MoM),Inflation,3,241,0.060625,0.060625,low_correlation,2026-04-25T22:25:54.019571+00:00
1560,EU,EUR,CPI,cpi_headline_yoy,187,cpi_headline_mom,Headline HICP (MoM),Inflation,1,248,0.054165,0.054165,low_correlation,2026-04-25T22:25:54.019571+00:00
1561,EU,EUR,CPI,cpi_headline_yoy,187,cpi_headline_mom,Headline HICP (MoM),Inflation,0,192,0.047555,0.047555,low_correlation,2026-04-25T22:25:54.019571+00:00
1562,EU,EUR,CPI,cpi_headline_yoy,187,cpi_headline_mom,Headline HICP (MoM),Inflation,2,244,0.041483,0.041483,low_correlation,2026-04-25T22:25:54.019571+00:00
1563,EU,EUR,CPI,cpi_headline_yoy,188,cpi_index,Consumer Price Index,Inflation,6,157,0.266373,0.266373,low_correlation,2026-04-25T22:25:54.019571+00:00
1564,EU,EUR,CPI,cpi_headline_yoy,188,cpi_index,Consumer Price Index,Inflation,5,160,0.224030,0.224030,low_correlation,2026-04-25T22:25:54.019571+00:00
1565,EU,EUR,CPI,cpi_headline_yoy,188,cpi_index,Consumer Price Index,Inflation,4,163,0.200839,0.200839,low_correlation,2026-04-25T22:25:54.019571+00:00
1566,EU,EUR,CPI,cpi_headline_yoy,188,cpi_index,Consumer Price Index,Inflation,3,166,0.173802,0.173802,low_correlation,2026-04-25T22:25:54.019571+00:00
1567,EU,EUR,CPI,cpi_headline_yoy,188,cpi_index,Consumer Price Index,Inflation,0,136,0.145826,0.145826,low_correlation,2026-04-25T22:25:54.019571+00:00
1568,EU,EUR,CPI,cpi_headline_yoy,188,cpi_index,Consumer Price Index,Inflation,1,172,0.124914,0.124914,low_correlation,2026-04-25T22:25:54.019571+00:00
1569,EU,EUR,CPI,cpi_headline_yoy,188,cpi_index,Consumer Price Index,Inflation,2,170,0.123373,0.123373,low_correlation,2026-04-25T22:25:54.019571+00:00
1570,EU,EUR,CPI,cpi_headline_yoy,189,economic_sentiment,Economic Sentiment,Growth,3,166,-0.059590,0.059590,low_correlation,2026-04-25T22:25:54.019571+00:00
1571,EU,EUR,CPI,cpi_headline_yoy,189,economic_sentiment,Economic Sentiment,Growth,2,169,-0.056532,0.056532,low_correlation,2026-04-25T22:25:54.019571+00:00
1572,EU,EUR,CPI,cpi_headline_yoy,189,economic_sentiment,Economic Sentiment,Growth,0,171,-0.048220,0.048220,low_correlation,2026-04-25T22:25:54.019571+00:00
1573,EU,EUR,CPI,cpi_headline_yoy,189,economic_sentiment,Economic Sentiment,Growth,1,172,-0.044046,0.044046,low_correlation,2026-04-25T22:25:54.019571+00:00
1574,EU,EUR,CPI,cpi_headline_yoy,189,economic_sentiment,Economic Sentiment,Growth,4,162,-0.031650,0.031650,low_correlation,2026-04-25T22:25:54.019571+00:00
1575,EU,EUR,CPI,cpi_headline_yoy,189,economic_sentiment,Economic Sentiment,Growth,5,159,-0.023779,0.023779,low_correlation,2026-04-25T22:25:54.019571+00:00
1576,EU,EUR,CPI,cpi_headline_yoy,189,economic_sentiment,Economic Sentiment,Growth,6,155,-0.000240,0.000240,low_correlation,2026-04-25T22:25:54.019571+00:00
1577,EU,EUR,CPI,cpi_headline_yoy,190,consumer_inflation_expectation,Consumer Inflation Expectation,Inflation,0,132,-0.240916,0.240916,low_correlation,2026-04-25T22:25:54.019571+00:00
1578,EU,EUR,CPI,cpi_headline_yoy,190,consumer_inflation_expectation,Consumer Inflation Expectation,Inflation,6,173,0.121118,0.121118,low_correlation,2026-04-25T22:25:54.019571+00:00
1579,EU,EUR,CPI,cpi_headline_yoy,190,consumer_inflation_expectation,Consumer Inflation Expectation,Inflation,1,183,-0.105963,0.105963,low_correlation,2026-04-25T22:25:54.019571+00:00
1580,EU,EUR,CPI,cpi_headline_yoy,190,consumer_inflation_expectation,Consumer Inflation Expectation,Inflation,5,177,0.070566,0.070566,low_correlation,2026-04-25T22:25:54.019571+00:00
1581,EU,EUR,CPI,cpi_headline_yoy,190,consumer_inflation_expectation,Consumer Inflation Expectation,Inflation,2,186,-0.053725,0.053725,low_correlation,2026-04-25T22:25:54.019571+00:00
1582,EU,EUR,CPI,cpi_headline_yoy,190,consumer_inflation_expectation,Consumer Inflation Expectation,Inflation,4,180,0.043942,0.043942,low_correlation,2026-04-25T22:25:54.019571+00:00
1583,EU,EUR,CPI,cpi_headline_yoy,190,consumer_inflation_expectation,Consumer Inflation Expectation,Inflation,3,184,-0.003848,0.003848,low_correlation,2026-04-25T22:25:54.019571+00:00
1584,EU,EUR,CPI,cpi_headline_mom,88,cpi_headline_yoy,Headline HICP (YoY),Inflation,1,248,0.327213,0.327213,low_correlation,2026-04-25T22:25:54.019571+00:00
1585,EU,EUR,CPI,cpi_headline_mom,88,cpi_headline_yoy,Headline HICP (YoY),Inflation,0,192,0.285369,0.285369,low_correlation,2026-04-25T22:25:54.019571+00:00
1586,EU,EUR,CPI,cpi_headline_mom,88,cpi_headline_yoy,Headline HICP (YoY),Inflation,4,239,0.261637,0.261637,low_correlation,2026-04-25T22:25:54.019571+00:00
1587,EU,EUR,CPI,cpi_headline_mom,88,cpi_headline_yoy,Headline HICP (YoY),Inflation,6,234,0.260371,0.260371,low_correlation,2026-04-25T22:25:54.019571+00:00
1588,EU,EUR,CPI,cpi_headline_mom,88,cpi_headline_yoy,Headline HICP (YoY),Inflation,2,246,0.247221,0.247221,low_correlation,2026-04-25T22:25:54.019571+00:00
1589,EU,EUR,CPI,cpi_headline_mom,88,cpi_headline_yoy,Headline HICP (YoY),Inflation,3,243,0.245960,0.245960,low_correlation,2026-04-25T22:25:54.019571+00:00
1590,EU,EUR,CPI,cpi_headline_mom,88,cpi_headline_yoy,Headline HICP (YoY),Inflation,5,238,0.243882,0.243882,low_correlation,2026-04-25T22:25:54.019571+00:00
1591,EU,EUR,CPI,cpi_headline_mom,89,core_cpi_yoy,Core HICP (YoY),Inflation,2,246,0.286183,0.286183,low_correlation,2026-04-25T22:25:54.019571+00:00
1592,EU,EUR,CPI,cpi_headline_mom,89,core_cpi_yoy,Core HICP (YoY),Inflation,1,248,0.224258,0.224258,low_correlation,2026-04-25T22:25:54.019571+00:00
1593,EU,EUR,CPI,cpi_headline_mom,89,core_cpi_yoy,Core HICP (YoY),Inflation,6,234,0.212447,0.212447,low_correlation,2026-04-25T22:25:54.019571+00:00
1594,EU,EUR,CPI,cpi_headline_mom,89,core_cpi_yoy,Core HICP (YoY),Inflation,0,193,0.203106,0.203106,low_correlation,2026-04-25T22:25:54.019571+00:00
1595,EU,EUR,CPI,cpi_headline_mom,89,core_cpi_yoy,Core HICP (YoY),Inflation,4,239,0.190762,0.190762,low_correlation,2026-04-25T22:25:54.019571+00:00
1596,EU,EUR,CPI,cpi_headline_mom,89,core_cpi_yoy,Core HICP (YoY),Inflation,3,243,0.188805,0.188805,low_correlation,2026-04-25T22:25:54.019571+00:00
1597,EU,EUR,CPI,cpi_headline_mom,89,core_cpi_yoy,Core HICP (YoY),Inflation,5,238,0.179108,0.179108,low_correlation,2026-04-25T22:25:54.019571+00:00
1598,EU,EUR,CPI,cpi_headline_mom,90,unemployment_rate,Unemployment Rate,Labor,2,131,-0.307225,0.307225,low_correlation,2026-04-25T22:25:54.019571+00:00
1599,EU,EUR,CPI,cpi_headline_mom,90,unemployment_rate,Unemployment Rate,Labor,3,129,-0.283545,0.283545,low_correlation,2026-04-25T22:25:54.019571+00:00
1600,EU,EUR,CPI,cpi_headline_mom,90,unemployment_rate,Unemployment Rate,Labor,1,100,-0.274371,0.274371,low_correlation,2026-04-25T22:25:54.019571+00:00
1601,EU,EUR,CPI,cpi_headline_mom,90,unemployment_rate,Unemployment Rate,Labor,5,125,-0.227370,0.227370,low_correlation,2026-04-25T22:25:54.019571+00:00
1602,EU,EUR,CPI,cpi_headline_mom,90,unemployment_rate,Unemployment Rate,Labor,4,127,-0.211665,0.211665,low_correlation,2026-04-25T22:25:54.019571+00:00
1603,EU,EUR,CPI,cpi_headline_mom,90,unemployment_rate,Unemployment Rate,Labor,6,123,-0.043935,0.043935,low_correlation,2026-04-25T22:25:54.019571+00:00
1604,EU,EUR,CPI,cpi_headline_mom,91,gdp_qoq,GDP (QoQ),Growth,4,79,-0.146955,0.146955,low_correlation,2026-04-25T22:25:54.019571+00:00
1605,EU,EUR,CPI,cpi_headline_mom,91,gdp_qoq,GDP (QoQ),Growth,3,50,-0.059838,0.059838,low_correlation,2026-04-25T22:25:54.019571+00:00
1606,EU,EUR,CPI,cpi_headline_mom,91,gdp_qoq,GDP (QoQ),Growth,6,97,0.055025,0.055025,low_correlation,2026-04-25T22:25:54.019571+00:00
1607,EU,EUR,CPI,cpi_headline_mom,93,construction_output_mom,Construction Output (MoM),Growth,6,20,0.292934,0.292934,low_sample_and_low_correlation,2026-04-25T22:25:54.019571+00:00
1608,EU,EUR,CPI,cpi_headline_mom,93,construction_output_mom,Construction Output (MoM),Growth,4,24,0.189913,0.189913,low_correlation,2026-04-25T22:25:54.019571+00:00
1609,EU,EUR,CPI,cpi_headline_mom,93,construction_output_mom,Construction Output (MoM),Growth,3,24,-0.160451,0.160451,low_correlation,2026-04-25T22:25:54.019571+00:00
1610,EU,EUR,CPI,cpi_headline_mom,93,construction_output_mom,Construction Output (MoM),Growth,5,24,0.141951,0.141951,low_correlation,2026-04-25T22:25:54.019571+00:00
1611,EU,EUR,CPI,cpi_headline_mom,93,construction_output_mom,Construction Output (MoM),Growth,2,26,0.002677,0.002677,low_correlation,2026-04-25T22:25:54.019571+00:00
1612,EU,EUR,CPI,cpi_headline_mom,94,construction_output_yoy,Construction Output (YoY),Growth,3,127,-0.130543,0.130543,low_correlation,2026-04-25T22:25:54.019571+00:00
1613,EU,EUR,CPI,cpi_headline_mom,94,construction_output_yoy,Construction Output (YoY),Growth,5,123,0.073924,0.073924,low_correlation,2026-04-25T22:25:54.019571+00:00
1614,EU,EUR,CPI,cpi_headline_mom,94,construction_output_yoy,Construction Output (YoY),Growth,4,127,-0.037297,0.037297,low_correlation,2026-04-25T22:25:54.019571+00:00
1615,EU,EUR,CPI,cpi_headline_mom,94,construction_output_yoy,Construction Output (YoY),Growth,6,123,0.026522,0.026522,low_correlation,2026-04-25T22:25:54.019571+00:00
1616,EU,EUR,CPI,cpi_headline_mom,94,construction_output_yoy,Construction Output (YoY),Growth,2,129,0.006119,0.006119,low_correlation,2026-04-25T22:25:54.019571+00:00
1617,EU,EUR,CPI,cpi_headline_mom,94,construction_output_yoy,Construction Output (YoY),Growth,1,29,0.000351,0.000351,low_correlation,2026-04-25T22:25:54.019571+00:00
1618,EU,EUR,CPI,cpi_headline_mom,95,zew_economic_sentiment,ZEW Economic Sentiment Index,Growth,0,131,-0.313876,0.313876,low_correlation,2026-04-25T22:25:54.019571+00:00
1619,EU,EUR,CPI,cpi_headline_mom,95,zew_economic_sentiment,ZEW Economic Sentiment Index,Growth,6,119,-0.269590,0.269590,low_correlation,2026-04-25T22:25:54.019571+00:00
1620,EU,EUR,CPI,cpi_headline_mom,95,zew_economic_sentiment,ZEW Economic Sentiment Index,Growth,4,123,0.084491,0.084491,low_correlation,2026-04-25T22:25:54.019571+00:00
1621,EU,EUR,CPI,cpi_headline_mom,95,zew_economic_sentiment,ZEW Economic Sentiment Index,Growth,2,127,0.063029,0.063029,low_correlation,2026-04-25T22:25:54.019571+00:00
1622,EU,EUR,CPI,cpi_headline_mom,95,zew_economic_sentiment,ZEW Economic Sentiment Index,Growth,1,129,-0.045470,0.045470,low_correlation,2026-04-25T22:25:54.019571+00:00
1623,EU,EUR,CPI,cpi_headline_mom,95,zew_economic_sentiment,ZEW Economic Sentiment Index,Growth,5,121,-0.044563,0.044563,low_correlation,2026-04-25T22:25:54.019571+00:00
1624,EU,EUR,CPI,cpi_headline_mom,95,zew_economic_sentiment,ZEW Economic Sentiment Index,Growth,3,125,-0.016740,0.016740,low_correlation,2026-04-25T22:25:54.019571+00:00
1625,EU,EUR,CPI,cpi_headline_mom,96,consumer_confidence,Consumer Confidence,Growth,0,217,-0.325898,0.325898,low_correlation,2026-04-25T22:25:54.019571+00:00
1626,EU,EUR,CPI,cpi_headline_mom,96,consumer_confidence,Consumer Confidence,Growth,2,211,-0.165828,0.165828,low_correlation,2026-04-25T22:25:54.019571+00:00
1627,EU,EUR,CPI,cpi_headline_mom,96,consumer_confidence,Consumer Confidence,Growth,1,218,-0.146610,0.146610,low_correlation,2026-04-25T22:25:54.019571+00:00
1628,EU,EUR,CPI,cpi_headline_mom,96,consumer_confidence,Consumer Confidence,Growth,3,211,-0.144839,0.144839,low_correlation,2026-04-25T22:25:54.019571+00:00
1629,EU,EUR,CPI,cpi_headline_mom,96,consumer_confidence,Consumer Confidence,Growth,6,203,-0.130745,0.130745,low_correlation,2026-04-25T22:25:54.019571+00:00
1630,EU,EUR,CPI,cpi_headline_mom,96,consumer_confidence,Consumer Confidence,Growth,5,211,-0.076909,0.076909,low_correlation,2026-04-25T22:25:54.019571+00:00
1631,EU,EUR,CPI,cpi_headline_mom,96,consumer_confidence,Consumer Confidence,Growth,4,211,-0.069982,0.069982,low_correlation,2026-04-25T22:25:54.019571+00:00
1632,EU,EUR,CPI,cpi_headline_mom,97,manufacturing_pmi,Manufacturing PMI,Growth,6,198,-0.330578,0.330578,low_correlation,2026-04-25T22:25:54.019571+00:00
1633,EU,EUR,CPI,cpi_headline_mom,97,manufacturing_pmi,Manufacturing PMI,Growth,0,189,-0.264499,0.264499,low_correlation,2026-04-25T22:25:54.019571+00:00
1634,EU,EUR,CPI,cpi_headline_mom,97,manufacturing_pmi,Manufacturing PMI,Growth,5,198,-0.212326,0.212326,low_correlation,2026-04-25T22:25:54.019571+00:00
1635,EU,EUR,CPI,cpi_headline_mom,97,manufacturing_pmi,Manufacturing PMI,Growth,3,200,-0.200198,0.200198,low_correlation,2026-04-25T22:25:54.019571+00:00
1636,EU,EUR,CPI,cpi_headline_mom,97,manufacturing_pmi,Manufacturing PMI,Growth,4,199,-0.065490,0.065490,low_correlation,2026-04-25T22:25:54.019571+00:00
1637,EU,EUR,CPI,cpi_headline_mom,97,manufacturing_pmi,Manufacturing PMI,Growth,1,209,-0.041884,0.041884,low_correlation,2026-04-25T22:25:54.019571+00:00
1638,EU,EUR,CPI,cpi_headline_mom,97,manufacturing_pmi,Manufacturing PMI,Growth,2,205,-0.040067,0.040067,low_correlation,2026-04-25T22:25:54.019571+00:00
1639,EU,EUR,CPI,cpi_headline_mom,98,services_pmi,Services PMI,Growth,0,36,-0.249508,0.249508,low_correlation,2026-04-25T22:25:54.019571+00:00
1640,EU,EUR,CPI,cpi_headline_mom,98,services_pmi,Services PMI,Growth,2,40,0.119816,0.119816,low_correlation,2026-04-25T22:25:54.019571+00:00
1641,EU,EUR,CPI,cpi_headline_mom,98,services_pmi,Services PMI,Growth,4,38,-0.119254,0.119254,low_correlation,2026-04-25T22:25:54.019571+00:00
1642,EU,EUR,CPI,cpi_headline_mom,98,services_pmi,Services PMI,Growth,3,39,-0.062693,0.062693,low_correlation,2026-04-25T22:25:54.019571+00:00
1643,EU,EUR,CPI,cpi_headline_mom,98,services_pmi,Services PMI,Growth,1,45,-0.017861,0.017861,low_correlation,2026-04-25T22:25:54.019571+00:00
1644,EU,EUR,CPI,cpi_headline_mom,98,services_pmi,Services PMI,Growth,6,39,0.017363,0.017363,low_correlation,2026-04-25T22:25:54.019571+00:00
1645,EU,EUR,CPI,cpi_headline_mom,98,services_pmi,Services PMI,Growth,5,40,0.010785,0.010785,low_correlation,2026-04-25T22:25:54.019571+00:00
1646,EU,EUR,CPI,cpi_headline_mom,99,composite_pmi,Composite PMI,Growth,0,36,-0.262972,0.262972,low_correlation,2026-04-25T22:25:54.019571+00:00
1647,EU,EUR,CPI,cpi_headline_mom,99,composite_pmi,Composite PMI,Growth,4,38,-0.251501,0.251501,low_correlation,2026-04-25T22:25:54.019571+00:00
1648,EU,EUR,CPI,cpi_headline_mom,99,composite_pmi,Composite PMI,Growth,3,39,-0.135499,0.135499,low_correlation,2026-04-25T22:25:54.019571+00:00
1649,EU,EUR,CPI,cpi_headline_mom,99,composite_pmi,Composite PMI,Growth,1,45,0.114230,0.114230,low_correlation,2026-04-25T22:25:54.019571+00:00
1650,EU,EUR,CPI,cpi_headline_mom,99,composite_pmi,Composite PMI,Growth,6,39,0.109779,0.109779,low_correlation,2026-04-25T22:25:54.019571+00:00
1651,EU,EUR,CPI,cpi_headline_mom,99,composite_pmi,Composite PMI,Growth,2,40,0.090260,0.090260,low_correlation,2026-04-25T22:25:54.019571+00:00
1652,EU,EUR,CPI,cpi_headline_mom,99,composite_pmi,Composite PMI,Growth,5,40,0.044417,0.044417,low_correlation,2026-04-25T22:25:54.019571+00:00
1653,EU,EUR,CPI,cpi_headline_mom,188,cpi_index,Consumer Price Index,Inflation,6,142,0.250692,0.250692,low_correlation,2026-04-25T22:25:54.019571+00:00
1654,EU,EUR,CPI,cpi_headline_mom,188,cpi_index,Consumer Price Index,Inflation,2,156,-0.073940,0.073940,low_correlation,2026-04-25T22:25:54.019571+00:00
1655,EU,EUR,CPI,cpi_headline_mom,188,cpi_index,Consumer Price Index,Inflation,3,152,0.068619,0.068619,low_correlation,2026-04-25T22:25:54.019571+00:00
1656,EU,EUR,CPI,cpi_headline_mom,188,cpi_index,Consumer Price Index,Inflation,4,149,-0.052197,0.052197,low_correlation,2026-04-25T22:25:54.019571+00:00
1657,EU,EUR,CPI,cpi_headline_mom,188,cpi_index,Consumer Price Index,Inflation,5,148,0.050558,0.050558,low_correlation,2026-04-25T22:25:54.019571+00:00
1658,EU,EUR,CPI,cpi_headline_mom,188,cpi_index,Consumer Price Index,Inflation,1,158,-0.014871,0.014871,low_correlation,2026-04-25T22:25:54.019571+00:00
1659,EU,EUR,CPI,cpi_headline_mom,189,economic_sentiment,Economic Sentiment,Growth,1,161,-0.130178,0.130178,low_correlation,2026-04-25T22:25:54.019571+00:00
1660,EU,EUR,CPI,cpi_headline_mom,189,economic_sentiment,Economic Sentiment,Growth,0,160,-0.114240,0.114240,low_correlation,2026-04-25T22:25:54.019571+00:00
1661,EU,EUR,CPI,cpi_headline_mom,189,economic_sentiment,Economic Sentiment,Growth,2,158,-0.079103,0.079103,low_correlation,2026-04-25T22:25:54.019571+00:00
1662,EU,EUR,CPI,cpi_headline_mom,189,economic_sentiment,Economic Sentiment,Growth,4,153,0.074010,0.074010,low_correlation,2026-04-25T22:25:54.019571+00:00
1663,EU,EUR,CPI,cpi_headline_mom,189,economic_sentiment,Economic Sentiment,Growth,5,149,0.045937,0.045937,low_correlation,2026-04-25T22:25:54.019571+00:00
1664,EU,EUR,CPI,cpi_headline_mom,189,economic_sentiment,Economic Sentiment,Growth,6,145,0.038073,0.038073,low_correlation,2026-04-25T22:25:54.019571+00:00
1665,EU,EUR,CPI,cpi_headline_mom,189,economic_sentiment,Economic Sentiment,Growth,3,155,0.013747,0.013747,low_correlation,2026-04-25T22:25:54.019571+00:00
1666,EU,EUR,CPI,cpi_headline_mom,190,consumer_inflation_expectation,Consumer Inflation Expectation,Inflation,6,161,0.200344,0.200344,low_correlation,2026-04-25T22:25:54.019571+00:00
1667,EU,EUR,CPI,cpi_headline_mom,190,consumer_inflation_expectation,Consumer Inflation Expectation,Inflation,4,169,-0.079726,0.079726,low_correlation,2026-04-25T22:25:54.019571+00:00
1668,EU,EUR,CPI,cpi_headline_mom,190,consumer_inflation_expectation,Consumer Inflation Expectation,Inflation,5,163,0.079632,0.079632,low_correlation,2026-04-25T22:25:54.019571+00:00
1669,EU,EUR,CPI,cpi_headline_mom,190,consumer_inflation_expectation,Consumer Inflation Expectation,Inflation,1,172,0.076645,0.076645,low_correlation,2026-04-25T22:25:54.019571+00:00
1670,EU,EUR,CPI,cpi_headline_mom,190,consumer_inflation_expectation,Consumer Inflation Expectation,Inflation,2,175,0.065414,0.065414,low_correlation,2026-04-25T22:25:54.019571+00:00
1671,EU,EUR,CPI,cpi_headline_mom,190,consumer_inflation_expectation,Consumer Inflation Expectation,Inflation,3,171,0.024557,0.024557,low_correlation,2026-04-25T22:25:54.019571+00:00
1672,EU,EUR,GDP,gdp_qoq,93,construction_output_mom,Construction Output (MoM),Growth,1,10,0.850999,0.850999,low_sample,2026-04-25T22:25:54.019571+00:00
1673,EU,EUR,GDP,gdp_qoq,93,construction_output_mom,Construction Output (MoM),Growth,5,9,-0.558165,0.558165,low_sample,2026-04-25T22:25:54.019571+00:00
1674,EU,EUR,GDP,gdp_qoq,93,construction_output_mom,Construction Output (MoM),Growth,0,14,-0.328644,0.328644,low_sample_and_low_correlation,2026-04-25T22:25:54.019571+00:00
1675,EU,EUR,GDP,gdp_qoq,93,construction_output_mom,Construction Output (MoM),Growth,3,13,-0.287800,0.287800,low_sample_and_low_correlation,2026-04-25T22:25:54.019571+00:00
1676,EU,EUR,GDP,gdp_qoq,93,construction_output_mom,Construction Output (MoM),Growth,2,13,0.232090,0.232090,low_sample_and_low_correlation,2026-04-25T22:25:54.019571+00:00
1677,EU,EUR,GDP,gdp_qoq,93,construction_output_mom,Construction Output (MoM),Growth,6,9,0.188741,0.188741,low_sample_and_low_correlation,2026-04-25T22:25:54.019571+00:00
1678,EU,EUR,GDP,gdp_qoq,94,construction_output_yoy,Construction Output (YoY),Growth,0,55,0.386770,0.386770,low_correlation,2026-04-25T22:25:54.019571+00:00
1679,EU,EUR,GDP,gdp_qoq,94,construction_output_yoy,Construction Output (YoY),Growth,6,49,0.313210,0.313210,low_correlation,2026-04-25T22:25:54.019571+00:00
1680,EU,EUR,GDP,gdp_qoq,94,construction_output_yoy,Construction Output (YoY),Growth,1,55,0.302606,0.302606,low_correlation,2026-04-25T22:25:54.019571+00:00
1681,EU,EUR,GDP,gdp_qoq,94,construction_output_yoy,Construction Output (YoY),Growth,4,52,-0.160386,0.160386,low_correlation,2026-04-25T22:25:54.019571+00:00
1682,EU,EUR,GDP,gdp_qoq,94,construction_output_yoy,Construction Output (YoY),Growth,5,52,-0.135479,0.135479,low_correlation,2026-04-25T22:25:54.019571+00:00
1683,EU,EUR,GDP,gdp_qoq,94,construction_output_yoy,Construction Output (YoY),Growth,2,55,-0.066964,0.066964,low_correlation,2026-04-25T22:25:54.019571+00:00
1684,EU,EUR,GDP,gdp_qoq,95,zew_economic_sentiment,ZEW Economic Sentiment Index,Growth,1,55,0.481293,0.481293,not_best_lag,2026-04-25T22:25:54.019571+00:00
1685,EU,EUR,GDP,gdp_qoq,95,zew_economic_sentiment,ZEW Economic Sentiment Index,Growth,5,49,-0.315794,0.315794,low_correlation,2026-04-25T22:25:54.019571+00:00
1686,EU,EUR,GDP,gdp_qoq,95,zew_economic_sentiment,ZEW Economic Sentiment Index,Growth,6,49,-0.229413,0.229413,low_correlation,2026-04-25T22:25:54.019571+00:00
1687,EU,EUR,GDP,gdp_qoq,95,zew_economic_sentiment,ZEW Economic Sentiment Index,Growth,2,52,0.195591,0.195591,low_correlation,2026-04-25T22:25:54.019571+00:00
1688,EU,EUR,GDP,gdp_qoq,95,zew_economic_sentiment,ZEW Economic Sentiment Index,Growth,3,52,0.051539,0.051539,low_correlation,2026-04-25T22:25:54.019571+00:00
1689,EU,EUR,GDP,gdp_qoq,95,zew_economic_sentiment,ZEW Economic Sentiment Index,Growth,0,55,0.003133,0.003133,low_correlation,2026-04-25T22:25:54.019571+00:00
1690,EU,EUR,GDP,gdp_qoq,96,consumer_confidence,Consumer Confidence,Growth,0,98,0.383372,0.383372,low_correlation,2026-04-25T22:25:54.019571+00:00
1691,EU,EUR,GDP,gdp_qoq,96,consumer_confidence,Consumer Confidence,Growth,5,78,-0.378812,0.378812,low_correlation,2026-04-25T22:25:54.019571+00:00
1692,EU,EUR,GDP,gdp_qoq,96,consumer_confidence,Consumer Confidence,Growth,1,88,0.306271,0.306271,low_correlation,2026-04-25T22:25:54.019571+00:00
1693,EU,EUR,GDP,gdp_qoq,96,consumer_confidence,Consumer Confidence,Growth,4,85,-0.305141,0.305141,low_correlation,2026-04-25T22:25:54.019571+00:00
1694,EU,EUR,GDP,gdp_qoq,96,consumer_confidence,Consumer Confidence,Growth,2,89,-0.034592,0.034592,low_correlation,2026-04-25T22:25:54.019571+00:00
1695,EU,EUR,GDP,gdp_qoq,96,consumer_confidence,Consumer Confidence,Growth,6,90,-0.009784,0.009784,low_correlation,2026-04-25T22:25:54.019571+00:00
1696,EU,EUR,GDP,gdp_qoq,97,manufacturing_pmi,Manufacturing PMI,Growth,3,85,-0.426559,0.426559,not_best_lag,2026-04-25T22:25:54.019571+00:00
1697,EU,EUR,GDP,gdp_qoq,97,manufacturing_pmi,Manufacturing PMI,Growth,1,94,0.362911,0.362911,low_correlation,2026-04-25T22:25:54.019571+00:00
1698,EU,EUR,GDP,gdp_qoq,97,manufacturing_pmi,Manufacturing PMI,Growth,5,84,0.220872,0.220872,low_correlation,2026-04-25T22:25:54.019571+00:00
1699,EU,EUR,GDP,gdp_qoq,97,manufacturing_pmi,Manufacturing PMI,Growth,4,90,-0.171237,0.171237,low_correlation,2026-04-25T22:25:54.019571+00:00
1700,EU,EUR,GDP,gdp_qoq,97,manufacturing_pmi,Manufacturing PMI,Growth,6,79,0.138574,0.138574,low_correlation,2026-04-25T22:25:54.019571+00:00
1701,EU,EUR,GDP,gdp_qoq,97,manufacturing_pmi,Manufacturing PMI,Growth,2,88,-0.120586,0.120586,low_correlation,2026-04-25T22:25:54.019571+00:00
1702,EU,EUR,GDP,gdp_qoq,98,services_pmi,Services PMI,Growth,3,16,0.620686,0.620686,low_sample,2026-04-25T22:25:54.019571+00:00
1703,EU,EUR,GDP,gdp_qoq,98,services_pmi,Services PMI,Growth,5,20,-0.558318,0.558318,low_sample,2026-04-25T22:25:54.019571+00:00
1704,EU,EUR,GDP,gdp_qoq,98,services_pmi,Services PMI,Growth,6,19,-0.539015,0.539015,low_sample,2026-04-25T22:25:54.019571+00:00
1705,EU,EUR,GDP,gdp_qoq,98,services_pmi,Services PMI,Growth,1,16,-0.500050,0.500050,low_sample,2026-04-25T22:25:54.019571+00:00
1706,EU,EUR,GDP,gdp_qoq,98,services_pmi,Services PMI,Growth,2,18,0.380457,0.380457,low_sample_and_low_correlation,2026-04-25T22:25:54.019571+00:00
1707,EU,EUR,GDP,gdp_qoq,98,services_pmi,Services PMI,Growth,0,14,-0.253768,0.253768,low_sample_and_low_correlation,2026-04-25T22:25:54.019571+00:00
1708,EU,EUR,GDP,gdp_qoq,98,services_pmi,Services PMI,Growth,4,18,0.031468,0.031468,low_sample_and_low_correlation,2026-04-25T22:25:54.019571+00:00
1709,EU,EUR,GDP,gdp_qoq,99,composite_pmi,Composite PMI,Growth,3,16,0.656511,0.656511,low_sample,2026-04-25T22:25:54.019571+00:00
1710,EU,EUR,GDP,gdp_qoq,99,composite_pmi,Composite PMI,Growth,6,19,-0.576912,0.576912,low_sample,2026-04-25T22:25:54.019571+00:00
1711,EU,EUR,GDP,gdp_qoq,99,composite_pmi,Composite PMI,Growth,1,16,-0.453446,0.453446,low_sample,2026-04-25T22:25:54.019571+00:00
1712,EU,EUR,GDP,gdp_qoq,99,composite_pmi,Composite PMI,Growth,5,20,-0.450244,0.450244,low_sample,2026-04-25T22:25:54.019571+00:00
1713,EU,EUR,GDP,gdp_qoq,99,composite_pmi,Composite PMI,Growth,2,18,0.195401,0.195401,low_sample_and_low_correlation,2026-04-25T22:25:54.019571+00:00
1714,EU,EUR,GDP,gdp_qoq,99,composite_pmi,Composite PMI,Growth,0,14,-0.194982,0.194982,low_sample_and_low_correlation,2026-04-25T22:25:54.019571+00:00
1715,EU,EUR,GDP,gdp_qoq,99,composite_pmi,Composite PMI,Growth,4,18,-0.114461,0.114461,low_sample_and_low_correlation,2026-04-25T22:25:54.019571+00:00
1716,EU,EUR,GDP,gdp_qoq,189,economic_sentiment,Economic Sentiment,Growth,4,61,-0.589728,0.589728,not_best_lag,2026-04-25T22:25:54.019571+00:00
1717,EU,EUR,GDP,gdp_qoq,189,economic_sentiment,Economic Sentiment,Growth,0,70,0.535441,0.535441,not_best_lag,2026-04-25T22:25:54.019571+00:00
1718,EU,EUR,GDP,gdp_qoq,189,economic_sentiment,Economic Sentiment,Growth,1,67,0.454173,0.454173,not_best_lag,2026-04-25T22:25:54.019571+00:00
1719,EU,EUR,GDP,gdp_qoq,189,economic_sentiment,Economic Sentiment,Growth,6,58,0.357867,0.357867,low_correlation,2026-04-25T22:25:54.019571+00:00
1720,EU,EUR,GDP,gdp_qoq,189,economic_sentiment,Economic Sentiment,Growth,5,64,0.086215,0.086215,low_correlation,2026-04-25T22:25:54.019571+00:00
1721,EU,EUR,GDP,gdp_qoq,189,economic_sentiment,Economic Sentiment,Growth,2,70,-0.045243,0.045243,low_correlation,2026-04-25T22:25:54.019571+00:00
1722,EU,EUR,UNEMPLOYMENT,unemployment_rate,91,gdp_qoq,GDP (QoQ),Growth,2,18,0.213018,0.213018,low_sample_and_low_correlation,2026-04-25T22:25:54.019571+00:00
1723,EU,EUR,UNEMPLOYMENT,unemployment_rate,91,gdp_qoq,GDP (QoQ),Growth,3,36,0.115743,0.115743,low_correlation,2026-04-25T22:25:54.019571+00:00
1724,EU,EUR,UNEMPLOYMENT,unemployment_rate,91,gdp_qoq,GDP (QoQ),Growth,4,57,0.059727,0.059727,low_correlation,2026-04-25T22:25:54.019571+00:00
1725,EU,EUR,UNEMPLOYMENT,unemployment_rate,91,gdp_qoq,GDP (QoQ),Growth,5,56,0.039891,0.039891,low_correlation,2026-04-25T22:25:54.019571+00:00
1726,EU,EUR,UNEMPLOYMENT,unemployment_rate,91,gdp_qoq,GDP (QoQ),Growth,6,56,-0.003282,0.003282,low_correlation,2026-04-25T22:25:54.019571+00:00
1727,EU,EUR,UNEMPLOYMENT,unemployment_rate,93,construction_output_mom,Construction Output (MoM),Growth,3,16,-0.517213,0.517213,low_sample,2026-04-25T22:25:54.019571+00:00
1728,EU,EUR,UNEMPLOYMENT,unemployment_rate,93,construction_output_mom,Construction Output (MoM),Growth,4,15,-0.335602,0.335602,low_sample_and_low_correlation,2026-04-25T22:25:54.019571+00:00
1729,EU,EUR,UNEMPLOYMENT,unemployment_rate,93,construction_output_mom,Construction Output (MoM),Growth,5,14,-0.335105,0.335105,low_sample_and_low_correlation,2026-04-25T22:25:54.019571+00:00
1730,EU,EUR,UNEMPLOYMENT,unemployment_rate,93,construction_output_mom,Construction Output (MoM),Growth,2,17,-0.258563,0.258563,low_sample_and_low_correlation,2026-04-25T22:25:54.019571+00:00
1731,EU,EUR,UNEMPLOYMENT,unemployment_rate,93,construction_output_mom,Construction Output (MoM),Growth,1,18,-0.105863,0.105863,low_sample_and_low_correlation,2026-04-25T22:25:54.019571+00:00
1732,EU,EUR,UNEMPLOYMENT,unemployment_rate,93,construction_output_mom,Construction Output (MoM),Growth,6,13,-0.062281,0.062281,low_sample_and_low_correlation,2026-04-25T22:25:54.019571+00:00
1733,EU,EUR,UNEMPLOYMENT,unemployment_rate,94,construction_output_yoy,Construction Output (YoY),Growth,1,72,0.131845,0.131845,low_correlation,2026-04-25T22:25:54.019571+00:00
1734,EU,EUR,UNEMPLOYMENT,unemployment_rate,94,construction_output_yoy,Construction Output (YoY),Growth,2,71,0.102837,0.102837,low_correlation,2026-04-25T22:25:54.019571+00:00
1735,EU,EUR,UNEMPLOYMENT,unemployment_rate,94,construction_output_yoy,Construction Output (YoY),Growth,3,70,0.063679,0.063679,low_correlation,2026-04-25T22:25:54.019571+00:00
1736,EU,EUR,UNEMPLOYMENT,unemployment_rate,94,construction_output_yoy,Construction Output (YoY),Growth,4,69,0.047249,0.047249,low_correlation,2026-04-25T22:25:54.019571+00:00
1737,EU,EUR,UNEMPLOYMENT,unemployment_rate,94,construction_output_yoy,Construction Output (YoY),Growth,5,68,0.039077,0.039077,low_correlation,2026-04-25T22:25:54.019571+00:00
1738,EU,EUR,UNEMPLOYMENT,unemployment_rate,94,construction_output_yoy,Construction Output (YoY),Growth,6,67,0.019730,0.019730,low_correlation,2026-04-25T22:25:54.019571+00:00
1739,EU,EUR,UNEMPLOYMENT,unemployment_rate,95,zew_economic_sentiment,ZEW Economic Sentiment Index,Growth,0,72,-0.125893,0.125893,low_correlation,2026-04-25T22:25:54.019571+00:00
1740,EU,EUR,UNEMPLOYMENT,unemployment_rate,95,zew_economic_sentiment,ZEW Economic Sentiment Index,Growth,6,66,-0.098476,0.098476,low_correlation,2026-04-25T22:25:54.019571+00:00
1741,EU,EUR,UNEMPLOYMENT,unemployment_rate,95,zew_economic_sentiment,ZEW Economic Sentiment Index,Growth,1,71,-0.091457,0.091457,low_correlation,2026-04-25T22:25:54.019571+00:00
1742,EU,EUR,UNEMPLOYMENT,unemployment_rate,95,zew_economic_sentiment,ZEW Economic Sentiment Index,Growth,5,67,-0.078138,0.078138,low_correlation,2026-04-25T22:25:54.019571+00:00
1743,EU,EUR,UNEMPLOYMENT,unemployment_rate,95,zew_economic_sentiment,ZEW Economic Sentiment Index,Growth,4,68,-0.075130,0.075130,low_correlation,2026-04-25T22:25:54.019571+00:00
1744,EU,EUR,UNEMPLOYMENT,unemployment_rate,95,zew_economic_sentiment,ZEW Economic Sentiment Index,Growth,3,69,-0.063373,0.063373,low_correlation,2026-04-25T22:25:54.019571+00:00
1745,EU,EUR,UNEMPLOYMENT,unemployment_rate,95,zew_economic_sentiment,ZEW Economic Sentiment Index,Growth,2,70,-0.038506,0.038506,low_correlation,2026-04-25T22:25:54.019571+00:00
1746,EU,EUR,UNEMPLOYMENT,unemployment_rate,96,consumer_confidence,Consumer Confidence,Growth,6,113,-0.096740,0.096740,low_correlation,2026-04-25T22:25:54.019571+00:00
1747,EU,EUR,UNEMPLOYMENT,unemployment_rate,96,consumer_confidence,Consumer Confidence,Growth,5,115,-0.069776,0.069776,low_correlation,2026-04-25T22:25:54.019571+00:00
1748,EU,EUR,UNEMPLOYMENT,unemployment_rate,96,consumer_confidence,Consumer Confidence,Growth,4,116,-0.062276,0.062276,low_correlation,2026-04-25T22:25:54.019571+00:00
1749,EU,EUR,UNEMPLOYMENT,unemployment_rate,96,consumer_confidence,Consumer Confidence,Growth,0,120,-0.022458,0.022458,low_correlation,2026-04-25T22:25:54.019571+00:00
1750,EU,EUR,UNEMPLOYMENT,unemployment_rate,96,consumer_confidence,Consumer Confidence,Growth,3,117,-0.021809,0.021809,low_correlation,2026-04-25T22:25:54.019571+00:00
1751,EU,EUR,UNEMPLOYMENT,unemployment_rate,96,consumer_confidence,Consumer Confidence,Growth,1,119,-0.007395,0.007395,low_correlation,2026-04-25T22:25:54.019571+00:00
1752,EU,EUR,UNEMPLOYMENT,unemployment_rate,96,consumer_confidence,Consumer Confidence,Growth,2,118,0.002023,0.002023,low_correlation,2026-04-25T22:25:54.019571+00:00
1753,EU,EUR,UNEMPLOYMENT,unemployment_rate,97,manufacturing_pmi,Manufacturing PMI,Growth,1,114,0.181427,0.181427,low_correlation,2026-04-25T22:25:54.019571+00:00
1754,EU,EUR,UNEMPLOYMENT,unemployment_rate,97,manufacturing_pmi,Manufacturing PMI,Growth,2,113,0.169296,0.169296,low_correlation,2026-04-25T22:25:54.019571+00:00
1755,EU,EUR,UNEMPLOYMENT,unemployment_rate,97,manufacturing_pmi,Manufacturing PMI,Growth,0,115,0.146993,0.146993,low_correlation,2026-04-25T22:25:54.019571+00:00
1756,EU,EUR,UNEMPLOYMENT,unemployment_rate,97,manufacturing_pmi,Manufacturing PMI,Growth,3,112,0.136682,0.136682,low_correlation,2026-04-25T22:25:54.019571+00:00
1757,EU,EUR,UNEMPLOYMENT,unemployment_rate,97,manufacturing_pmi,Manufacturing PMI,Growth,4,111,0.122261,0.122261,low_correlation,2026-04-25T22:25:54.019571+00:00
1758,EU,EUR,UNEMPLOYMENT,unemployment_rate,97,manufacturing_pmi,Manufacturing PMI,Growth,5,109,0.106971,0.106971,low_correlation,2026-04-25T22:25:54.019571+00:00
1759,EU,EUR,UNEMPLOYMENT,unemployment_rate,97,manufacturing_pmi,Manufacturing PMI,Growth,6,107,0.074598,0.074598,low_correlation,2026-04-25T22:25:54.019571+00:00
1760,EU,EUR,UNEMPLOYMENT,unemployment_rate,98,services_pmi,Services PMI,Growth,6,22,-0.697951,0.697951,low_sample,2026-04-25T22:25:54.019571+00:00
1761,EU,EUR,UNEMPLOYMENT,unemployment_rate,98,services_pmi,Services PMI,Growth,5,22,-0.470622,0.470622,low_sample,2026-04-25T22:25:54.019571+00:00
1762,EU,EUR,UNEMPLOYMENT,unemployment_rate,98,services_pmi,Services PMI,Growth,3,22,-0.446301,0.446301,low_sample,2026-04-25T22:25:54.019571+00:00
1763,EU,EUR,UNEMPLOYMENT,unemployment_rate,98,services_pmi,Services PMI,Growth,4,22,-0.390409,0.390409,low_sample_and_low_correlation,2026-04-25T22:25:54.019571+00:00
1764,EU,EUR,UNEMPLOYMENT,unemployment_rate,98,services_pmi,Services PMI,Growth,0,25,0.165377,0.165377,low_correlation,2026-04-25T22:25:54.019571+00:00
1765,EU,EUR,UNEMPLOYMENT,unemployment_rate,98,services_pmi,Services PMI,Growth,1,24,0.146149,0.146149,low_correlation,2026-04-25T22:25:54.019571+00:00
1766,EU,EUR,UNEMPLOYMENT,unemployment_rate,98,services_pmi,Services PMI,Growth,2,23,-0.120172,0.120172,low_sample_and_low_correlation,2026-04-25T22:25:54.019571+00:00
1767,EU,EUR,UNEMPLOYMENT,unemployment_rate,99,composite_pmi,Composite PMI,Growth,6,22,-0.669663,0.669663,low_sample,2026-04-25T22:25:54.019571+00:00
1768,EU,EUR,UNEMPLOYMENT,unemployment_rate,99,composite_pmi,Composite PMI,Growth,3,22,-0.445236,0.445236,low_sample,2026-04-25T22:25:54.019571+00:00
1769,EU,EUR,UNEMPLOYMENT,unemployment_rate,99,composite_pmi,Composite PMI,Growth,5,22,-0.387694,0.387694,low_sample_and_low_correlation,2026-04-25T22:25:54.019571+00:00
1770,EU,EUR,UNEMPLOYMENT,unemployment_rate,99,composite_pmi,Composite PMI,Growth,4,22,-0.323794,0.323794,low_sample_and_low_correlation,2026-04-25T22:25:54.019571+00:00
1771,EU,EUR,UNEMPLOYMENT,unemployment_rate,99,composite_pmi,Composite PMI,Growth,2,23,-0.150530,0.150530,low_sample_and_low_correlation,2026-04-25T22:25:54.019571+00:00
1772,EU,EUR,UNEMPLOYMENT,unemployment_rate,99,composite_pmi,Composite PMI,Growth,0,25,0.083773,0.083773,low_correlation,2026-04-25T22:25:54.019571+00:00
1773,EU,EUR,UNEMPLOYMENT,unemployment_rate,99,composite_pmi,Composite PMI,Growth,1,24,0.065430,0.065430,low_correlation,2026-04-25T22:25:54.019571+00:00
1774,EU,EUR,UNEMPLOYMENT,unemployment_rate,189,economic_sentiment,Economic Sentiment,Growth,0,92,0.095349,0.095349,low_correlation,2026-04-25T22:25:54.019571+00:00
1775,EU,EUR,UNEMPLOYMENT,unemployment_rate,189,economic_sentiment,Economic Sentiment,Growth,1,91,0.091809,0.091809,low_correlation,2026-04-25T22:25:54.019571+00:00
1776,EU,EUR,UNEMPLOYMENT,unemployment_rate,189,economic_sentiment,Economic Sentiment,Growth,2,90,0.086929,0.086929,low_correlation,2026-04-25T22:25:54.019571+00:00
1777,EU,EUR,UNEMPLOYMENT,unemployment_rate,189,economic_sentiment,Economic Sentiment,Growth,3,88,0.062341,0.062341,low_correlation,2026-04-25T22:25:54.019571+00:00
1778,EU,EUR,UNEMPLOYMENT,unemployment_rate,189,economic_sentiment,Economic Sentiment,Growth,4,86,0.030937,0.030937,low_correlation,2026-04-25T22:25:54.019571+00:00
1779,EU,EUR,UNEMPLOYMENT,unemployment_rate,189,economic_sentiment,Economic Sentiment,Growth,5,84,0.030533,0.030533,low_correlation,2026-04-25T22:25:54.019571+00:00
1780,EU,EUR,UNEMPLOYMENT,unemployment_rate,189,economic_sentiment,Economic Sentiment,Growth,6,82,0.015272,0.015272,low_correlation,2026-04-25T22:25:54.019571+00:00
1781,JP,JPY,CPI,cpi_headline_yoy,102,core_cpi_yoy,Core CPI (YoY),Inflation,6,66,0.297819,0.297819,low_correlation,2026-04-25T22:25:54.019571+00:00
1782,JP,JPY,CPI,cpi_headline_yoy,102,core_cpi_yoy,Core CPI (YoY),Inflation,5,67,0.238308,0.238308,low_correlation,2026-04-25T22:25:54.019571+00:00
1783,JP,JPY,CPI,cpi_headline_yoy,102,core_cpi_yoy,Core CPI (YoY),Inflation,4,68,0.227223,0.227223,low_correlation,2026-04-25T22:25:54.019571+00:00
1784,JP,JPY,CPI,cpi_headline_yoy,102,core_cpi_yoy,Core CPI (YoY),Inflation,2,72,0.195140,0.195140,low_correlation,2026-04-25T22:25:54.019571+00:00
1785,JP,JPY,CPI,cpi_headline_yoy,102,core_cpi_yoy,Core CPI (YoY),Inflation,3,69,0.189076,0.189076,low_correlation,2026-04-25T22:25:54.019571+00:00
1786,JP,JPY,CPI,cpi_headline_yoy,102,core_cpi_yoy,Core CPI (YoY),Inflation,1,72,0.158257,0.158257,low_correlation,2026-04-25T22:25:54.019571+00:00
1787,JP,JPY,CPI,cpi_headline_yoy,102,core_cpi_yoy,Core CPI (YoY),Inflation,0,74,0.150755,0.150755,low_correlation,2026-04-25T22:25:54.019571+00:00
1788,JP,JPY,CPI,cpi_headline_yoy,103,unemployment_rate,Unemployment Rate,Labor,6,69,-0.222890,0.222890,low_correlation,2026-04-25T22:25:54.019571+00:00
1789,JP,JPY,CPI,cpi_headline_yoy,103,unemployment_rate,Unemployment Rate,Labor,5,70,-0.215579,0.215579,low_correlation,2026-04-25T22:25:54.019571+00:00
1790,JP,JPY,CPI,cpi_headline_yoy,103,unemployment_rate,Unemployment Rate,Labor,4,71,-0.185307,0.185307,low_correlation,2026-04-25T22:25:54.019571+00:00
1791,JP,JPY,CPI,cpi_headline_yoy,103,unemployment_rate,Unemployment Rate,Labor,3,72,-0.166345,0.166345,low_correlation,2026-04-25T22:25:54.019571+00:00
1792,JP,JPY,CPI,cpi_headline_yoy,103,unemployment_rate,Unemployment Rate,Labor,2,73,-0.141041,0.141041,low_correlation,2026-04-25T22:25:54.019571+00:00
1793,JP,JPY,CPI,cpi_headline_yoy,103,unemployment_rate,Unemployment Rate,Labor,1,74,-0.056827,0.056827,low_correlation,2026-04-25T22:25:54.019571+00:00
1794,JP,JPY,CPI,cpi_headline_yoy,104,gdp_qoq,GDP (QoQ),Growth,5,43,-0.252448,0.252448,low_correlation,2026-04-25T22:25:54.019571+00:00
1795,JP,JPY,CPI,cpi_headline_yoy,104,gdp_qoq,GDP (QoQ),Growth,6,46,0.095300,0.095300,low_correlation,2026-04-25T22:25:54.019571+00:00
1796,JP,JPY,CPI,cpi_headline_yoy,104,gdp_qoq,GDP (QoQ),Growth,3,23,0.077875,0.077875,low_sample_and_low_correlation,2026-04-25T22:25:54.019571+00:00
1797,JP,JPY,CPI,cpi_headline_yoy,104,gdp_qoq,GDP (QoQ),Growth,4,44,-0.029775,0.029775,low_correlation,2026-04-25T22:25:54.019571+00:00
1798,JP,JPY,CPI,cpi_headline_yoy,105,tertiary_industry_index_mom,Tertiary Industry Index (MoM),Growth,3,72,0.165521,0.165521,low_correlation,2026-04-25T22:25:54.019571+00:00
1799,JP,JPY,CPI,cpi_headline_yoy,105,tertiary_industry_index_mom,Tertiary Industry Index (MoM),Growth,1,69,0.159379,0.159379,low_correlation,2026-04-25T22:25:54.019571+00:00
1800,JP,JPY,CPI,cpi_headline_yoy,105,tertiary_industry_index_mom,Tertiary Industry Index (MoM),Growth,2,73,0.112700,0.112700,low_correlation,2026-04-25T22:25:54.019571+00:00
1801,JP,JPY,CPI,cpi_headline_yoy,105,tertiary_industry_index_mom,Tertiary Industry Index (MoM),Growth,4,71,0.080891,0.080891,low_correlation,2026-04-25T22:25:54.019571+00:00
1802,JP,JPY,CPI,cpi_headline_yoy,105,tertiary_industry_index_mom,Tertiary Industry Index (MoM),Growth,5,70,0.064828,0.064828,low_correlation,2026-04-25T22:25:54.019571+00:00
1803,JP,JPY,CPI,cpi_headline_yoy,105,tertiary_industry_index_mom,Tertiary Industry Index (MoM),Growth,6,69,0.051779,0.051779,low_correlation,2026-04-25T22:25:54.019571+00:00
1804,JP,JPY,CPI,cpi_headline_yoy,107,balance_of_trade,Balance of Trade,Growth,4,71,-0.090449,0.090449,low_correlation,2026-04-25T22:25:54.019571+00:00
1805,JP,JPY,CPI,cpi_headline_yoy,107,balance_of_trade,Balance of Trade,Growth,5,70,-0.085478,0.085478,low_correlation,2026-04-25T22:25:54.019571+00:00
1806,JP,JPY,CPI,cpi_headline_yoy,107,balance_of_trade,Balance of Trade,Growth,3,72,-0.079286,0.079286,low_correlation,2026-04-25T22:25:54.019571+00:00
1807,JP,JPY,CPI,cpi_headline_yoy,107,balance_of_trade,Balance of Trade,Growth,0,70,0.070185,0.070185,low_correlation,2026-04-25T22:25:54.019571+00:00
1808,JP,JPY,CPI,cpi_headline_yoy,107,balance_of_trade,Balance of Trade,Growth,6,69,-0.067441,0.067441,low_correlation,2026-04-25T22:25:54.019571+00:00
1809,JP,JPY,CPI,cpi_headline_yoy,107,balance_of_trade,Balance of Trade,Growth,1,74,0.051330,0.051330,low_correlation,2026-04-25T22:25:54.019571+00:00
1810,JP,JPY,CPI,cpi_headline_yoy,107,balance_of_trade,Balance of Trade,Growth,2,73,-0.005013,0.005013,low_correlation,2026-04-25T22:25:54.019571+00:00
1811,JP,JPY,CPI,cpi_headline_yoy,108,exports_yoy,Exports (YoY),Growth,4,71,-0.198282,0.198282,low_correlation,2026-04-25T22:25:54.019571+00:00
1812,JP,JPY,CPI,cpi_headline_yoy,108,exports_yoy,Exports (YoY),Growth,3,72,-0.175603,0.175603,low_correlation,2026-04-25T22:25:54.019571+00:00
1813,JP,JPY,CPI,cpi_headline_yoy,108,exports_yoy,Exports (YoY),Growth,5,70,-0.170701,0.170701,low_correlation,2026-04-25T22:25:54.019571+00:00
1814,JP,JPY,CPI,cpi_headline_yoy,108,exports_yoy,Exports (YoY),Growth,6,69,-0.140570,0.140570,low_correlation,2026-04-25T22:25:54.019571+00:00
1815,JP,JPY,CPI,cpi_headline_yoy,108,exports_yoy,Exports (YoY),Growth,0,70,-0.129082,0.129082,low_correlation,2026-04-25T22:25:54.019571+00:00
1816,JP,JPY,CPI,cpi_headline_yoy,108,exports_yoy,Exports (YoY),Growth,1,74,-0.125029,0.125029,low_correlation,2026-04-25T22:25:54.019571+00:00
1817,JP,JPY,CPI,cpi_headline_yoy,108,exports_yoy,Exports (YoY),Growth,2,73,-0.117378,0.117378,low_correlation,2026-04-25T22:25:54.019571+00:00
1818,JP,JPY,CPI,cpi_headline_yoy,109,imports_yoy,Imports (YoY),Growth,2,73,-0.151546,0.151546,low_correlation,2026-04-25T22:25:54.019571+00:00
1819,JP,JPY,CPI,cpi_headline_yoy,109,imports_yoy,Imports (YoY),Growth,1,74,-0.146699,0.146699,low_correlation,2026-04-25T22:25:54.019571+00:00
1820,JP,JPY,CPI,cpi_headline_yoy,109,imports_yoy,Imports (YoY),Growth,0,70,-0.143832,0.143832,low_correlation,2026-04-25T22:25:54.019571+00:00
1821,JP,JPY,CPI,cpi_headline_yoy,109,imports_yoy,Imports (YoY),Growth,4,71,-0.109006,0.109006,low_correlation,2026-04-25T22:25:54.019571+00:00
1822,JP,JPY,CPI,cpi_headline_yoy,109,imports_yoy,Imports (YoY),Growth,3,72,-0.088423,0.088423,low_correlation,2026-04-25T22:25:54.019571+00:00
1823,JP,JPY,CPI,cpi_headline_yoy,109,imports_yoy,Imports (YoY),Growth,5,70,-0.064757,0.064757,low_correlation,2026-04-25T22:25:54.019571+00:00
1824,JP,JPY,CPI,cpi_headline_yoy,109,imports_yoy,Imports (YoY),Growth,6,69,-0.026068,0.026068,low_correlation,2026-04-25T22:25:54.019571+00:00
1825,JP,JPY,CPI,cpi_headline_yoy,110,manufacturing_pmi,S&P Global Manufacturing PMI,Growth,2,137,-0.254106,0.254106,low_correlation,2026-04-25T22:25:54.019571+00:00
1826,JP,JPY,CPI,cpi_headline_yoy,110,manufacturing_pmi,S&P Global Manufacturing PMI,Growth,6,133,-0.253252,0.253252,low_correlation,2026-04-25T22:25:54.019571+00:00
1827,JP,JPY,CPI,cpi_headline_yoy,110,manufacturing_pmi,S&P Global Manufacturing PMI,Growth,5,135,-0.251658,0.251658,low_correlation,2026-04-25T22:25:54.019571+00:00
1828,JP,JPY,CPI,cpi_headline_yoy,110,manufacturing_pmi,S&P Global Manufacturing PMI,Growth,4,135,-0.238675,0.238675,low_correlation,2026-04-25T22:25:54.019571+00:00
1829,JP,JPY,CPI,cpi_headline_yoy,110,manufacturing_pmi,S&P Global Manufacturing PMI,Growth,0,136,-0.237202,0.237202,low_correlation,2026-04-25T22:25:54.019571+00:00
1830,JP,JPY,CPI,cpi_headline_yoy,110,manufacturing_pmi,S&P Global Manufacturing PMI,Growth,1,137,-0.236765,0.236765,low_correlation,2026-04-25T22:25:54.019571+00:00
1831,JP,JPY,CPI,cpi_headline_yoy,110,manufacturing_pmi,S&P Global Manufacturing PMI,Growth,3,138,-0.218283,0.218283,low_correlation,2026-04-25T22:25:54.019571+00:00
1832,JP,JPY,CPI,cpi_headline_yoy,111,services_pmi,S&P Global Services PMI,Growth,6,139,-0.117549,0.117549,low_correlation,2026-04-25T22:25:54.019571+00:00
1833,JP,JPY,CPI,cpi_headline_yoy,111,services_pmi,S&P Global Services PMI,Growth,5,141,-0.093364,0.093364,low_correlation,2026-04-25T22:25:54.019571+00:00
1834,JP,JPY,CPI,cpi_headline_yoy,111,services_pmi,S&P Global Services PMI,Growth,4,143,-0.088694,0.088694,low_correlation,2026-04-25T22:25:54.019571+00:00
1835,JP,JPY,CPI,cpi_headline_yoy,111,services_pmi,S&P Global Services PMI,Growth,3,145,-0.073393,0.073393,low_correlation,2026-04-25T22:25:54.019571+00:00
1836,JP,JPY,CPI,cpi_headline_yoy,111,services_pmi,S&P Global Services PMI,Growth,2,145,-0.068084,0.068084,low_correlation,2026-04-25T22:25:54.019571+00:00
1837,JP,JPY,CPI,cpi_headline_yoy,111,services_pmi,S&P Global Services PMI,Growth,1,146,-0.043721,0.043721,low_correlation,2026-04-25T22:25:54.019571+00:00
1838,JP,JPY,CPI,cpi_headline_yoy,111,services_pmi,S&P Global Services PMI,Growth,0,144,0.018952,0.018952,low_correlation,2026-04-25T22:25:54.019571+00:00
1839,JP,JPY,CPI,cpi_headline_yoy,112,composite_pmi,S&P Global Composite PMI,Growth,6,132,-0.108238,0.108238,low_correlation,2026-04-25T22:25:54.019571+00:00
1840,JP,JPY,CPI,cpi_headline_yoy,112,composite_pmi,S&P Global Composite PMI,Growth,4,133,-0.084869,0.084869,low_correlation,2026-04-25T22:25:54.019571+00:00
1841,JP,JPY,CPI,cpi_headline_yoy,112,composite_pmi,S&P Global Composite PMI,Growth,5,130,-0.083636,0.083636,low_correlation,2026-04-25T22:25:54.019571+00:00
1842,JP,JPY,CPI,cpi_headline_yoy,112,composite_pmi,S&P Global Composite PMI,Growth,3,131,-0.053788,0.053788,low_correlation,2026-04-25T22:25:54.019571+00:00
1843,JP,JPY,CPI,cpi_headline_yoy,112,composite_pmi,S&P Global Composite PMI,Growth,2,134,-0.045605,0.045605,low_correlation,2026-04-25T22:25:54.019571+00:00
1844,JP,JPY,CPI,cpi_headline_yoy,264,retail_sales_yoy,Retail Sales (YoY),Growth,3,72,-0.020210,0.020210,low_correlation,2026-04-25T22:25:54.019571+00:00
1845,JP,JPY,CPI,cpi_headline_yoy,112,composite_pmi,S&P Global Composite PMI,Growth,1,134,-0.023962,0.023962,low_correlation,2026-04-25T22:25:54.019571+00:00
1846,JP,JPY,CPI,cpi_headline_yoy,112,composite_pmi,S&P Global Composite PMI,Growth,0,134,-0.000426,0.000426,low_correlation,2026-04-25T22:25:54.019571+00:00
1847,JP,JPY,CPI,cpi_headline_yoy,113,cpi_headline_mom,Headline CPI (MoM),Inflation,4,65,-0.090040,0.090040,low_correlation,2026-04-25T22:25:54.019571+00:00
1848,JP,JPY,CPI,cpi_headline_yoy,113,cpi_headline_mom,Headline CPI (MoM),Inflation,5,63,-0.073115,0.073115,low_correlation,2026-04-25T22:25:54.019571+00:00
1849,JP,JPY,CPI,cpi_headline_yoy,113,cpi_headline_mom,Headline CPI (MoM),Inflation,6,63,-0.061399,0.061399,low_correlation,2026-04-25T22:25:54.019571+00:00
1850,JP,JPY,CPI,cpi_headline_yoy,113,cpi_headline_mom,Headline CPI (MoM),Inflation,3,67,-0.056895,0.056895,low_correlation,2026-04-25T22:25:54.019571+00:00
1851,JP,JPY,CPI,cpi_headline_yoy,113,cpi_headline_mom,Headline CPI (MoM),Inflation,0,69,-0.052444,0.052444,low_correlation,2026-04-25T22:25:54.019571+00:00
1852,JP,JPY,CPI,cpi_headline_yoy,113,cpi_headline_mom,Headline CPI (MoM),Inflation,2,69,-0.027611,0.027611,low_correlation,2026-04-25T22:25:54.019571+00:00
1853,JP,JPY,CPI,cpi_headline_yoy,113,cpi_headline_mom,Headline CPI (MoM),Inflation,1,72,-0.016880,0.016880,low_correlation,2026-04-25T22:25:54.019571+00:00
1854,JP,JPY,CPI,cpi_headline_yoy,191,cpi_index,Consumer Price Index,Inflation,6,87,0.141284,0.141284,low_correlation,2026-04-25T22:25:54.019571+00:00
1855,JP,JPY,CPI,cpi_headline_yoy,191,cpi_index,Consumer Price Index,Inflation,2,87,0.114236,0.114236,low_correlation,2026-04-25T22:25:54.019571+00:00
1856,JP,JPY,CPI,cpi_headline_yoy,191,cpi_index,Consumer Price Index,Inflation,1,86,0.094812,0.094812,low_correlation,2026-04-25T22:25:54.019571+00:00
1857,JP,JPY,CPI,cpi_headline_yoy,191,cpi_index,Consumer Price Index,Inflation,0,85,0.082475,0.082475,low_correlation,2026-04-25T22:25:54.019571+00:00
1858,JP,JPY,CPI,cpi_headline_yoy,191,cpi_index,Consumer Price Index,Inflation,5,89,0.081631,0.081631,low_correlation,2026-04-25T22:25:54.019571+00:00
1859,JP,JPY,CPI,cpi_headline_yoy,191,cpi_index,Consumer Price Index,Inflation,3,88,0.077970,0.077970,low_correlation,2026-04-25T22:25:54.019571+00:00
1860,JP,JPY,CPI,cpi_headline_yoy,191,cpi_index,Consumer Price Index,Inflation,4,89,0.073163,0.073163,low_correlation,2026-04-25T22:25:54.019571+00:00
1861,JP,JPY,CPI,cpi_headline_yoy,192,industrial_production_mom,Industrial Production (MoM),Growth,0,35,0.177208,0.177208,low_correlation,2026-04-25T22:25:54.019571+00:00
1862,JP,JPY,CPI,cpi_headline_yoy,192,industrial_production_mom,Industrial Production (MoM),Growth,2,179,0.120275,0.120275,low_correlation,2026-04-25T22:25:54.019571+00:00
1863,JP,JPY,CPI,cpi_headline_yoy,192,industrial_production_mom,Industrial Production (MoM),Growth,3,179,0.098832,0.098832,low_correlation,2026-04-25T22:25:54.019571+00:00
1864,JP,JPY,CPI,cpi_headline_yoy,192,industrial_production_mom,Industrial Production (MoM),Growth,1,176,0.069613,0.069613,low_correlation,2026-04-25T22:25:54.019571+00:00
1865,JP,JPY,CPI,cpi_headline_yoy,192,industrial_production_mom,Industrial Production (MoM),Growth,4,180,0.044180,0.044180,low_correlation,2026-04-25T22:25:54.019571+00:00
1866,JP,JPY,CPI,cpi_headline_yoy,192,industrial_production_mom,Industrial Production (MoM),Growth,5,178,0.030936,0.030936,low_correlation,2026-04-25T22:25:54.019571+00:00
1867,JP,JPY,CPI,cpi_headline_yoy,192,industrial_production_mom,Industrial Production (MoM),Growth,6,174,0.016017,0.016017,low_correlation,2026-04-25T22:25:54.019571+00:00
1868,JP,JPY,CPI,cpi_headline_yoy,193,industrial_production_yoy,Industrial Production (YoY),Growth,1,142,0.048839,0.048839,low_correlation,2026-04-25T22:25:54.019571+00:00
1869,JP,JPY,CPI,cpi_headline_yoy,193,industrial_production_yoy,Industrial Production (YoY),Growth,2,143,0.045962,0.045962,low_correlation,2026-04-25T22:25:54.019571+00:00
1870,JP,JPY,CPI,cpi_headline_yoy,193,industrial_production_yoy,Industrial Production (YoY),Growth,3,143,0.040381,0.040381,low_correlation,2026-04-25T22:25:54.019571+00:00
1871,JP,JPY,CPI,cpi_headline_yoy,193,industrial_production_yoy,Industrial Production (YoY),Growth,5,142,0.031488,0.031488,low_correlation,2026-04-25T22:25:54.019571+00:00
1872,JP,JPY,CPI,cpi_headline_yoy,193,industrial_production_yoy,Industrial Production (YoY),Growth,4,142,0.026655,0.026655,low_correlation,2026-04-25T22:25:54.019571+00:00
1873,JP,JPY,CPI,cpi_headline_yoy,193,industrial_production_yoy,Industrial Production (YoY),Growth,6,140,0.017879,0.017879,low_correlation,2026-04-25T22:25:54.019571+00:00
1874,JP,JPY,CPI,cpi_headline_yoy,194,leading_economic_index,Leading Economic Index,Growth,6,136,-0.185227,0.185227,low_correlation,2026-04-25T22:25:54.019571+00:00
1875,JP,JPY,CPI,cpi_headline_yoy,194,leading_economic_index,Leading Economic Index,Growth,4,140,-0.133787,0.133787,low_correlation,2026-04-25T22:25:54.019571+00:00
1876,JP,JPY,CPI,cpi_headline_yoy,194,leading_economic_index,Leading Economic Index,Growth,5,139,-0.127443,0.127443,low_correlation,2026-04-25T22:25:54.019571+00:00
1877,JP,JPY,CPI,cpi_headline_yoy,194,leading_economic_index,Leading Economic Index,Growth,3,143,-0.118525,0.118525,low_correlation,2026-04-25T22:25:54.019571+00:00
1878,JP,JPY,CPI,cpi_headline_yoy,194,leading_economic_index,Leading Economic Index,Growth,2,143,-0.102440,0.102440,low_correlation,2026-04-25T22:25:54.019571+00:00
1879,JP,JPY,CPI,cpi_headline_yoy,194,leading_economic_index,Leading Economic Index,Growth,1,70,-0.089021,0.089021,low_correlation,2026-04-25T22:25:54.019571+00:00
1880,JP,JPY,CPI,cpi_headline_yoy,195,coincident_index,Coincident Index,Growth,3,147,-0.052417,0.052417,low_correlation,2026-04-25T22:25:54.019571+00:00
1881,JP,JPY,CPI,cpi_headline_yoy,195,coincident_index,Coincident Index,Growth,2,147,-0.040782,0.040782,low_correlation,2026-04-25T22:25:54.019571+00:00
1882,JP,JPY,CPI,cpi_headline_yoy,195,coincident_index,Coincident Index,Growth,6,143,-0.039627,0.039627,low_correlation,2026-04-25T22:25:54.019571+00:00
1883,JP,JPY,CPI,cpi_headline_yoy,195,coincident_index,Coincident Index,Growth,1,77,-0.037701,0.037701,low_correlation,2026-04-25T22:25:54.019571+00:00
1884,JP,JPY,CPI,cpi_headline_yoy,195,coincident_index,Coincident Index,Growth,4,147,-0.034274,0.034274,low_correlation,2026-04-25T22:25:54.019571+00:00
1885,JP,JPY,CPI,cpi_headline_yoy,195,coincident_index,Coincident Index,Growth,5,145,-0.002390,0.002390,low_correlation,2026-04-25T22:25:54.019571+00:00
1886,JP,JPY,CPI,cpi_headline_yoy,196,machine_tool_orders_yoy,Machine Tool Orders (YoY),Growth,4,71,-0.424992,0.424992,not_best_lag,2026-04-25T22:25:54.019571+00:00
1887,JP,JPY,CPI,cpi_headline_yoy,196,machine_tool_orders_yoy,Machine Tool Orders (YoY),Growth,6,69,-0.360800,0.360800,low_correlation,2026-04-25T22:25:54.019571+00:00
1888,JP,JPY,CPI,cpi_headline_yoy,196,machine_tool_orders_yoy,Machine Tool Orders (YoY),Growth,3,72,-0.320683,0.320683,low_correlation,2026-04-25T22:25:54.019571+00:00
1889,JP,JPY,CPI,cpi_headline_yoy,196,machine_tool_orders_yoy,Machine Tool Orders (YoY),Growth,2,73,-0.262234,0.262234,low_correlation,2026-04-25T22:25:54.019571+00:00
1890,JP,JPY,CPI,cpi_headline_yoy,196,machine_tool_orders_yoy,Machine Tool Orders (YoY),Growth,1,74,-0.217071,0.217071,low_correlation,2026-04-25T22:25:54.019571+00:00
1891,JP,JPY,CPI,cpi_headline_yoy,196,machine_tool_orders_yoy,Machine Tool Orders (YoY),Growth,0,73,-0.204259,0.204259,low_correlation,2026-04-25T22:25:54.019571+00:00
1892,JP,JPY,CPI,cpi_headline_yoy,197,foreign_bond_investment,Foreign Bond Investment,Growth,0,325,0.032743,0.032743,low_correlation,2026-04-25T22:25:54.019571+00:00
1893,JP,JPY,CPI,cpi_headline_yoy,197,foreign_bond_investment,Foreign Bond Investment,Growth,3,315,0.024983,0.024983,low_correlation,2026-04-25T22:25:54.019571+00:00
1894,JP,JPY,CPI,cpi_headline_yoy,197,foreign_bond_investment,Foreign Bond Investment,Growth,4,311,-0.023903,0.023903,low_correlation,2026-04-25T22:25:54.019571+00:00
1895,JP,JPY,CPI,cpi_headline_yoy,197,foreign_bond_investment,Foreign Bond Investment,Growth,1,322,0.014189,0.014189,low_correlation,2026-04-25T22:25:54.019571+00:00
1896,JP,JPY,CPI,cpi_headline_yoy,197,foreign_bond_investment,Foreign Bond Investment,Growth,6,302,-0.011366,0.011366,low_correlation,2026-04-25T22:25:54.019571+00:00
1897,JP,JPY,CPI,cpi_headline_yoy,197,foreign_bond_investment,Foreign Bond Investment,Growth,2,320,-0.003495,0.003495,low_correlation,2026-04-25T22:25:54.019571+00:00
1898,JP,JPY,CPI,cpi_headline_yoy,197,foreign_bond_investment,Foreign Bond Investment,Growth,5,307,0.001906,0.001906,low_correlation,2026-04-25T22:25:54.019571+00:00
1899,JP,JPY,CPI,cpi_headline_yoy,198,stock_investment_by_foreigners,Stock Investment by Foreigners,Growth,6,302,-0.081517,0.081517,low_correlation,2026-04-25T22:25:54.019571+00:00
1900,JP,JPY,CPI,cpi_headline_yoy,198,stock_investment_by_foreigners,Stock Investment by Foreigners,Growth,4,311,-0.072534,0.072534,low_correlation,2026-04-25T22:25:54.019571+00:00
1901,JP,JPY,CPI,cpi_headline_yoy,198,stock_investment_by_foreigners,Stock Investment by Foreigners,Growth,1,322,-0.072459,0.072459,low_correlation,2026-04-25T22:25:54.019571+00:00
1902,JP,JPY,CPI,cpi_headline_yoy,198,stock_investment_by_foreigners,Stock Investment by Foreigners,Growth,3,315,-0.071159,0.071159,low_correlation,2026-04-25T22:25:54.019571+00:00
1903,JP,JPY,CPI,cpi_headline_yoy,198,stock_investment_by_foreigners,Stock Investment by Foreigners,Growth,0,325,-0.066090,0.066090,low_correlation,2026-04-25T22:25:54.019571+00:00
1904,JP,JPY,CPI,cpi_headline_yoy,198,stock_investment_by_foreigners,Stock Investment by Foreigners,Growth,5,307,-0.064352,0.064352,low_correlation,2026-04-25T22:25:54.019571+00:00
1905,JP,JPY,CPI,cpi_headline_yoy,198,stock_investment_by_foreigners,Stock Investment by Foreigners,Growth,2,320,-0.063217,0.063217,low_correlation,2026-04-25T22:25:54.019571+00:00
1906,JP,JPY,CPI,cpi_headline_yoy,247,cpi_ex_food_energy_yoy,CPI Ex Food and Energy (YoY),Inflation,3,71,0.451275,0.451275,not_best_lag,2026-04-25T22:25:54.019571+00:00
1907,JP,JPY,CPI,cpi_headline_yoy,247,cpi_ex_food_energy_yoy,CPI Ex Food and Energy (YoY),Inflation,1,73,0.432474,0.432474,not_best_lag,2026-04-25T22:25:54.019571+00:00
1908,JP,JPY,CPI,cpi_headline_yoy,247,cpi_ex_food_energy_yoy,CPI Ex Food and Energy (YoY),Inflation,0,73,0.420638,0.420638,not_best_lag,2026-04-25T22:25:54.019571+00:00
1909,JP,JPY,CPI,cpi_headline_yoy,247,cpi_ex_food_energy_yoy,CPI Ex Food and Energy (YoY),Inflation,4,70,0.416035,0.416035,not_best_lag,2026-04-25T22:25:54.019571+00:00
1910,JP,JPY,CPI,cpi_headline_yoy,247,cpi_ex_food_energy_yoy,CPI Ex Food and Energy (YoY),Inflation,6,68,0.359357,0.359357,low_correlation,2026-04-25T22:25:54.019571+00:00
1911,JP,JPY,CPI,cpi_headline_yoy,247,cpi_ex_food_energy_yoy,CPI Ex Food and Energy (YoY),Inflation,5,69,0.353944,0.353944,low_correlation,2026-04-25T22:25:54.019571+00:00
1912,JP,JPY,CPI,cpi_headline_yoy,248,ppi_mom,PPI (MoM),Inflation,5,63,-0.153384,0.153384,low_correlation,2026-04-25T22:25:54.019571+00:00
1913,JP,JPY,CPI,cpi_headline_yoy,248,ppi_mom,PPI (MoM),Inflation,4,64,-0.081168,0.081168,low_correlation,2026-04-25T22:25:54.019571+00:00
1914,JP,JPY,CPI,cpi_headline_yoy,248,ppi_mom,PPI (MoM),Inflation,6,62,-0.064126,0.064126,low_correlation,2026-04-25T22:25:54.019571+00:00
1915,JP,JPY,CPI,cpi_headline_yoy,248,ppi_mom,PPI (MoM),Inflation,0,66,-0.051607,0.051607,low_correlation,2026-04-25T22:25:54.019571+00:00
1916,JP,JPY,CPI,cpi_headline_yoy,248,ppi_mom,PPI (MoM),Inflation,1,67,-0.016799,0.016799,low_correlation,2026-04-25T22:25:54.019571+00:00
1917,JP,JPY,CPI,cpi_headline_yoy,248,ppi_mom,PPI (MoM),Inflation,3,65,-0.013014,0.013014,low_correlation,2026-04-25T22:25:54.019571+00:00
1918,JP,JPY,CPI,cpi_headline_yoy,248,ppi_mom,PPI (MoM),Inflation,2,66,-0.001791,0.001791,low_correlation,2026-04-25T22:25:54.019571+00:00
1919,JP,JPY,CPI,cpi_headline_yoy,249,ppi_yoy,PPI (YoY),Inflation,0,73,-0.179543,0.179543,low_correlation,2026-04-25T22:25:54.019571+00:00
1920,JP,JPY,CPI,cpi_headline_yoy,249,ppi_yoy,PPI (YoY),Inflation,4,71,-0.123642,0.123642,low_correlation,2026-04-25T22:25:54.019571+00:00
1921,JP,JPY,CPI,cpi_headline_yoy,249,ppi_yoy,PPI (YoY),Inflation,1,74,-0.104226,0.104226,low_correlation,2026-04-25T22:25:54.019571+00:00
1922,JP,JPY,CPI,cpi_headline_yoy,249,ppi_yoy,PPI (YoY),Inflation,5,70,-0.102801,0.102801,low_correlation,2026-04-25T22:25:54.019571+00:00
1923,JP,JPY,CPI,cpi_headline_yoy,249,ppi_yoy,PPI (YoY),Inflation,3,72,-0.095961,0.095961,low_correlation,2026-04-25T22:25:54.019571+00:00
1924,JP,JPY,CPI,cpi_headline_yoy,249,ppi_yoy,PPI (YoY),Inflation,2,73,-0.093992,0.093992,low_correlation,2026-04-25T22:25:54.019571+00:00
1925,JP,JPY,CPI,cpi_headline_yoy,249,ppi_yoy,PPI (YoY),Inflation,6,69,0.010744,0.010744,low_correlation,2026-04-25T22:25:54.019571+00:00
1926,JP,JPY,CPI,cpi_headline_yoy,251,current_account,Current Account,Growth,1,73,0.136471,0.136471,low_correlation,2026-04-25T22:25:54.019571+00:00
1927,JP,JPY,CPI,cpi_headline_yoy,251,current_account,Current Account,Growth,2,74,0.074470,0.074470,low_correlation,2026-04-25T22:25:54.019571+00:00
1928,JP,JPY,CPI,cpi_headline_yoy,251,current_account,Current Account,Growth,5,71,-0.036386,0.036386,low_correlation,2026-04-25T22:25:54.019571+00:00
1929,JP,JPY,CPI,cpi_headline_yoy,251,current_account,Current Account,Growth,6,70,-0.031088,0.031088,low_correlation,2026-04-25T22:25:54.019571+00:00
1930,JP,JPY,CPI,cpi_headline_yoy,251,current_account,Current Account,Growth,3,73,0.013569,0.013569,low_correlation,2026-04-25T22:25:54.019571+00:00
1931,JP,JPY,CPI,cpi_headline_yoy,251,current_account,Current Account,Growth,4,72,0.006313,0.006313,low_correlation,2026-04-25T22:25:54.019571+00:00
1932,JP,JPY,CPI,cpi_headline_yoy,256,leading_index_mom,Leading Index (MoM),Growth,5,32,-0.212678,0.212678,low_correlation,2026-04-25T22:25:54.019571+00:00
1933,JP,JPY,CPI,cpi_headline_yoy,256,leading_index_mom,Leading Index (MoM),Growth,1,16,-0.187330,0.187330,low_sample_and_low_correlation,2026-04-25T22:25:54.019571+00:00
1934,JP,JPY,CPI,cpi_headline_yoy,256,leading_index_mom,Leading Index (MoM),Growth,6,31,-0.169281,0.169281,low_correlation,2026-04-25T22:25:54.019571+00:00
1935,JP,JPY,CPI,cpi_headline_yoy,256,leading_index_mom,Leading Index (MoM),Growth,3,33,-0.117613,0.117613,low_correlation,2026-04-25T22:25:54.019571+00:00
1936,JP,JPY,CPI,cpi_headline_yoy,256,leading_index_mom,Leading Index (MoM),Growth,2,34,-0.042513,0.042513,low_correlation,2026-04-25T22:25:54.019571+00:00
1937,JP,JPY,CPI,cpi_headline_yoy,256,leading_index_mom,Leading Index (MoM),Growth,4,32,0.023921,0.023921,low_correlation,2026-04-25T22:25:54.019571+00:00
1938,JP,JPY,CPI,cpi_headline_yoy,257,coincident_indicator_mom,Coincident Indicator (MoM),Growth,4,32,-0.172541,0.172541,low_correlation,2026-04-25T22:25:54.019571+00:00
1939,JP,JPY,CPI,cpi_headline_yoy,257,coincident_indicator_mom,Coincident Indicator (MoM),Growth,2,34,-0.137499,0.137499,low_correlation,2026-04-25T22:25:54.019571+00:00
1940,JP,JPY,CPI,cpi_headline_yoy,257,coincident_indicator_mom,Coincident Indicator (MoM),Growth,6,32,0.115100,0.115100,low_correlation,2026-04-25T22:25:54.019571+00:00
1941,JP,JPY,CPI,cpi_headline_yoy,257,coincident_indicator_mom,Coincident Indicator (MoM),Growth,3,33,-0.057118,0.057118,low_correlation,2026-04-25T22:25:54.019571+00:00
1942,JP,JPY,CPI,cpi_headline_yoy,257,coincident_indicator_mom,Coincident Indicator (MoM),Growth,5,32,0.011728,0.011728,low_correlation,2026-04-25T22:25:54.019571+00:00
1943,JP,JPY,CPI,cpi_headline_yoy,257,coincident_indicator_mom,Coincident Indicator (MoM),Growth,1,16,-0.008400,0.008400,low_sample_and_low_correlation,2026-04-25T22:25:54.019571+00:00
1944,JP,JPY,CPI,cpi_headline_yoy,258,capacity_utilization,Capacity Utilization,Growth,5,70,-0.126202,0.126202,low_correlation,2026-04-25T22:25:54.019571+00:00
1945,JP,JPY,CPI,cpi_headline_yoy,258,capacity_utilization,Capacity Utilization,Growth,4,71,-0.094774,0.094774,low_correlation,2026-04-25T22:25:54.019571+00:00
1946,JP,JPY,CPI,cpi_headline_yoy,258,capacity_utilization,Capacity Utilization,Growth,6,69,-0.059324,0.059324,low_correlation,2026-04-25T22:25:54.019571+00:00
1947,JP,JPY,CPI,cpi_headline_yoy,258,capacity_utilization,Capacity Utilization,Growth,3,72,-0.059154,0.059154,low_correlation,2026-04-25T22:25:54.019571+00:00
1948,JP,JPY,CPI,cpi_headline_yoy,258,capacity_utilization,Capacity Utilization,Growth,1,72,-0.046195,0.046195,low_correlation,2026-04-25T22:25:54.019571+00:00
1949,JP,JPY,CPI,cpi_headline_yoy,258,capacity_utilization,Capacity Utilization,Growth,2,73,-0.031604,0.031604,low_correlation,2026-04-25T22:25:54.019571+00:00
1950,JP,JPY,CPI,cpi_headline_yoy,259,machinery_orders_mom,Machinery Orders (MoM),Growth,5,70,-0.065058,0.065058,low_correlation,2026-04-25T22:25:54.019571+00:00
1951,JP,JPY,CPI,cpi_headline_yoy,259,machinery_orders_mom,Machinery Orders (MoM),Growth,3,72,-0.047858,0.047858,low_correlation,2026-04-25T22:25:54.019571+00:00
1952,JP,JPY,CPI,cpi_headline_yoy,259,machinery_orders_mom,Machinery Orders (MoM),Growth,4,71,-0.037546,0.037546,low_correlation,2026-04-25T22:25:54.019571+00:00
1953,JP,JPY,CPI,cpi_headline_yoy,259,machinery_orders_mom,Machinery Orders (MoM),Growth,1,71,0.023748,0.023748,low_correlation,2026-04-25T22:25:54.019571+00:00
1954,JP,JPY,CPI,cpi_headline_yoy,259,machinery_orders_mom,Machinery Orders (MoM),Growth,6,69,-0.002496,0.002496,low_correlation,2026-04-25T22:25:54.019571+00:00
1955,JP,JPY,CPI,cpi_headline_yoy,259,machinery_orders_mom,Machinery Orders (MoM),Growth,2,73,0.000050,0.000050,low_correlation,2026-04-25T22:25:54.019571+00:00
1956,JP,JPY,CPI,cpi_headline_yoy,260,machinery_orders_yoy,Machinery Orders (YoY),Growth,3,73,-0.120781,0.120781,low_correlation,2026-04-25T22:25:54.019571+00:00
1957,JP,JPY,CPI,cpi_headline_yoy,260,machinery_orders_yoy,Machinery Orders (YoY),Growth,4,72,-0.112401,0.112401,low_correlation,2026-04-25T22:25:54.019571+00:00
1958,JP,JPY,CPI,cpi_headline_yoy,260,machinery_orders_yoy,Machinery Orders (YoY),Growth,5,71,-0.111427,0.111427,low_correlation,2026-04-25T22:25:54.019571+00:00
1959,JP,JPY,CPI,cpi_headline_yoy,260,machinery_orders_yoy,Machinery Orders (YoY),Growth,2,74,-0.110511,0.110511,low_correlation,2026-04-25T22:25:54.019571+00:00
1960,JP,JPY,CPI,cpi_headline_yoy,260,machinery_orders_yoy,Machinery Orders (YoY),Growth,1,72,-0.081087,0.081087,low_correlation,2026-04-25T22:25:54.019571+00:00
1961,JP,JPY,CPI,cpi_headline_yoy,260,machinery_orders_yoy,Machinery Orders (YoY),Growth,6,70,-0.008277,0.008277,low_correlation,2026-04-25T22:25:54.019571+00:00
1962,JP,JPY,CPI,cpi_headline_yoy,261,household_spending_mom,Household Spending (MoM),Growth,3,73,0.088099,0.088099,low_correlation,2026-04-25T22:25:54.019571+00:00
1963,JP,JPY,CPI,cpi_headline_yoy,261,household_spending_mom,Household Spending (MoM),Growth,5,71,-0.072763,0.072763,low_correlation,2026-04-25T22:25:54.019571+00:00
1964,JP,JPY,CPI,cpi_headline_yoy,261,household_spending_mom,Household Spending (MoM),Growth,6,70,-0.030759,0.030759,low_correlation,2026-04-25T22:25:54.019571+00:00
1965,JP,JPY,CPI,cpi_headline_yoy,261,household_spending_mom,Household Spending (MoM),Growth,1,73,0.012328,0.012328,low_correlation,2026-04-25T22:25:54.019571+00:00
1966,JP,JPY,CPI,cpi_headline_yoy,261,household_spending_mom,Household Spending (MoM),Growth,2,74,0.010397,0.010397,low_correlation,2026-04-25T22:25:54.019571+00:00
1967,JP,JPY,CPI,cpi_headline_yoy,261,household_spending_mom,Household Spending (MoM),Growth,4,72,-0.005549,0.005549,low_correlation,2026-04-25T22:25:54.019571+00:00
1968,JP,JPY,CPI,cpi_headline_yoy,262,household_spending_yoy,Household Spending (YoY),Growth,1,73,-0.080610,0.080610,low_correlation,2026-04-25T22:25:54.019571+00:00
1969,JP,JPY,CPI,cpi_headline_yoy,262,household_spending_yoy,Household Spending (YoY),Growth,2,74,-0.061393,0.061393,low_correlation,2026-04-25T22:25:54.019571+00:00
1970,JP,JPY,CPI,cpi_headline_yoy,262,household_spending_yoy,Household Spending (YoY),Growth,4,72,-0.041551,0.041551,low_correlation,2026-04-25T22:25:54.019571+00:00
1971,JP,JPY,CPI,cpi_headline_yoy,262,household_spending_yoy,Household Spending (YoY),Growth,5,71,-0.040398,0.040398,low_correlation,2026-04-25T22:25:54.019571+00:00
1972,JP,JPY,CPI,cpi_headline_yoy,262,household_spending_yoy,Household Spending (YoY),Growth,6,70,-0.016721,0.016721,low_correlation,2026-04-25T22:25:54.019571+00:00
1973,JP,JPY,CPI,cpi_headline_yoy,262,household_spending_yoy,Household Spending (YoY),Growth,3,73,-0.007949,0.007949,low_correlation,2026-04-25T22:25:54.019571+00:00
1974,JP,JPY,CPI,cpi_headline_yoy,263,retail_sales_mom,Retail Sales (MoM),Growth,1,72,0.120272,0.120272,low_correlation,2026-04-25T22:25:54.019571+00:00
1975,JP,JPY,CPI,cpi_headline_yoy,263,retail_sales_mom,Retail Sales (MoM),Growth,6,69,-0.113340,0.113340,low_correlation,2026-04-25T22:25:54.019571+00:00
1976,JP,JPY,CPI,cpi_headline_yoy,263,retail_sales_mom,Retail Sales (MoM),Growth,3,72,0.110869,0.110869,low_correlation,2026-04-25T22:25:54.019571+00:00
1977,JP,JPY,CPI,cpi_headline_yoy,263,retail_sales_mom,Retail Sales (MoM),Growth,2,73,0.080208,0.080208,low_correlation,2026-04-25T22:25:54.019571+00:00
1978,JP,JPY,CPI,cpi_headline_yoy,263,retail_sales_mom,Retail Sales (MoM),Growth,4,71,0.068320,0.068320,low_correlation,2026-04-25T22:25:54.019571+00:00
1979,JP,JPY,CPI,cpi_headline_yoy,263,retail_sales_mom,Retail Sales (MoM),Growth,5,70,0.050110,0.050110,low_correlation,2026-04-25T22:25:54.019571+00:00
1980,JP,JPY,CPI,cpi_headline_yoy,264,retail_sales_yoy,Retail Sales (YoY),Growth,4,71,-0.062509,0.062509,low_correlation,2026-04-25T22:25:54.019571+00:00
1981,JP,JPY,CPI,cpi_headline_yoy,264,retail_sales_yoy,Retail Sales (YoY),Growth,5,70,-0.042678,0.042678,low_correlation,2026-04-25T22:25:54.019571+00:00
1982,JP,JPY,CPI,cpi_headline_yoy,264,retail_sales_yoy,Retail Sales (YoY),Growth,6,69,0.037828,0.037828,low_correlation,2026-04-25T22:25:54.019571+00:00
1983,JP,JPY,CPI,cpi_headline_yoy,264,retail_sales_yoy,Retail Sales (YoY),Growth,1,72,0.032009,0.032009,low_correlation,2026-04-25T22:25:54.019571+00:00
1984,JP,JPY,CPI,cpi_headline_yoy,264,retail_sales_yoy,Retail Sales (YoY),Growth,2,73,-0.017725,0.017725,low_correlation,2026-04-25T22:25:54.019571+00:00
1985,JP,JPY,CPI,cpi_headline_yoy,265,consumer_confidence,Consumer Confidence,Growth,6,68,-0.239438,0.239438,low_correlation,2026-04-25T22:25:54.019571+00:00
1986,JP,JPY,CPI,cpi_headline_yoy,265,consumer_confidence,Consumer Confidence,Growth,3,71,-0.043583,0.043583,low_correlation,2026-04-25T22:25:54.019571+00:00
1987,JP,JPY,CPI,cpi_headline_yoy,265,consumer_confidence,Consumer Confidence,Growth,2,72,-0.043204,0.043204,low_correlation,2026-04-25T22:25:54.019571+00:00
1988,JP,JPY,CPI,cpi_headline_yoy,265,consumer_confidence,Consumer Confidence,Growth,5,69,-0.040130,0.040130,low_correlation,2026-04-25T22:25:54.019571+00:00
1989,JP,JPY,CPI,cpi_headline_yoy,265,consumer_confidence,Consumer Confidence,Growth,4,70,-0.039765,0.039765,low_correlation,2026-04-25T22:25:54.019571+00:00
1990,JP,JPY,CPI,cpi_headline_yoy,265,consumer_confidence,Consumer Confidence,Growth,1,73,-0.023908,0.023908,low_correlation,2026-04-25T22:25:54.019571+00:00
1991,JP,JPY,CPI,cpi_headline_yoy,265,consumer_confidence,Consumer Confidence,Growth,0,73,0.004598,0.004598,low_correlation,2026-04-25T22:25:54.019571+00:00
1992,JP,JPY,CPI,cpi_headline_yoy,266,eco_watchers_current,Eco Watchers Survey Current,Growth,0,73,0.089282,0.089282,low_correlation,2026-04-25T22:25:54.019571+00:00
1993,JP,JPY,CPI,cpi_headline_yoy,266,eco_watchers_current,Eco Watchers Survey Current,Growth,2,75,0.076566,0.076566,low_correlation,2026-04-25T22:25:54.019571+00:00
1994,JP,JPY,CPI,cpi_headline_yoy,266,eco_watchers_current,Eco Watchers Survey Current,Growth,1,75,0.065732,0.065732,low_correlation,2026-04-25T22:25:54.019571+00:00
1995,JP,JPY,CPI,cpi_headline_yoy,266,eco_watchers_current,Eco Watchers Survey Current,Growth,6,72,0.065481,0.065481,low_correlation,2026-04-25T22:25:54.019571+00:00
1996,JP,JPY,CPI,cpi_headline_yoy,266,eco_watchers_current,Eco Watchers Survey Current,Growth,4,73,0.060107,0.060107,low_correlation,2026-04-25T22:25:54.019571+00:00
1997,JP,JPY,CPI,cpi_headline_yoy,266,eco_watchers_current,Eco Watchers Survey Current,Growth,3,74,0.059553,0.059553,low_correlation,2026-04-25T22:25:54.019571+00:00
1998,JP,JPY,CPI,cpi_headline_yoy,266,eco_watchers_current,Eco Watchers Survey Current,Growth,5,72,0.048906,0.048906,low_correlation,2026-04-25T22:25:54.019571+00:00
1999,JP,JPY,CPI,cpi_headline_yoy,267,eco_watchers_outlook,Eco Watchers Survey Outlook,Growth,6,70,-0.064960,0.064960,low_correlation,2026-04-25T22:25:54.019571+00:00
2000,JP,JPY,CPI,cpi_headline_yoy,267,eco_watchers_outlook,Eco Watchers Survey Outlook,Growth,5,71,-0.061154,0.061154,low_correlation,2026-04-25T22:25:54.019571+00:00
2001,JP,JPY,CPI,cpi_headline_yoy,267,eco_watchers_outlook,Eco Watchers Survey Outlook,Growth,4,72,-0.054888,0.054888,low_correlation,2026-04-25T22:25:54.019571+00:00
2002,JP,JPY,CPI,cpi_headline_yoy,267,eco_watchers_outlook,Eco Watchers Survey Outlook,Growth,3,73,-0.054625,0.054625,low_correlation,2026-04-25T22:25:54.019571+00:00
2003,JP,JPY,CPI,cpi_headline_yoy,267,eco_watchers_outlook,Eco Watchers Survey Outlook,Growth,2,74,-0.049783,0.049783,low_correlation,2026-04-25T22:25:54.019571+00:00
2004,JP,JPY,CPI,cpi_headline_yoy,267,eco_watchers_outlook,Eco Watchers Survey Outlook,Growth,1,75,-0.023789,0.023789,low_correlation,2026-04-25T22:25:54.019571+00:00
2005,JP,JPY,CPI,cpi_headline_yoy,267,eco_watchers_outlook,Eco Watchers Survey Outlook,Growth,0,74,0.013294,0.013294,low_correlation,2026-04-25T22:25:54.019571+00:00
2006,JP,JPY,CPI,cpi_headline_yoy,268,reuters_tankan_index,Reuters Tankan Index,Growth,6,68,-0.264311,0.264311,low_correlation,2026-04-25T22:25:54.019571+00:00
2007,JP,JPY,CPI,cpi_headline_yoy,268,reuters_tankan_index,Reuters Tankan Index,Growth,4,70,-0.039567,0.039567,low_correlation,2026-04-25T22:25:54.019571+00:00
2008,JP,JPY,CPI,cpi_headline_yoy,268,reuters_tankan_index,Reuters Tankan Index,Growth,3,71,-0.035135,0.035135,low_correlation,2026-04-25T22:25:54.019571+00:00
2009,JP,JPY,CPI,cpi_headline_yoy,268,reuters_tankan_index,Reuters Tankan Index,Growth,5,69,-0.027630,0.027630,low_correlation,2026-04-25T22:25:54.019571+00:00
2010,JP,JPY,CPI,cpi_headline_yoy,268,reuters_tankan_index,Reuters Tankan Index,Growth,2,72,-0.017353,0.017353,low_correlation,2026-04-25T22:25:54.019571+00:00
2011,JP,JPY,CPI,cpi_headline_yoy,268,reuters_tankan_index,Reuters Tankan Index,Growth,1,73,0.010792,0.010792,low_correlation,2026-04-25T22:25:54.019571+00:00
2012,JP,JPY,CPI,cpi_headline_yoy,268,reuters_tankan_index,Reuters Tankan Index,Growth,0,74,0.009066,0.009066,low_correlation,2026-04-25T22:25:54.019571+00:00
2013,JP,JPY,CPI,cpi_headline_yoy,269,tankan_large_manufacturers_index,Tankan Large Manufacturers Index,Growth,6,22,-0.497809,0.497809,low_sample,2026-04-25T22:25:54.019571+00:00
2014,JP,JPY,CPI,cpi_headline_yoy,269,tankan_large_manufacturers_index,Tankan Large Manufacturers Index,Growth,3,23,-0.477072,0.477072,low_sample,2026-04-25T22:25:54.019571+00:00
2015,JP,JPY,CPI,cpi_headline_yoy,269,tankan_large_manufacturers_index,Tankan Large Manufacturers Index,Growth,2,22,-0.476145,0.476145,low_sample,2026-04-25T22:25:54.019571+00:00
2016,JP,JPY,CPI,cpi_headline_yoy,269,tankan_large_manufacturers_index,Tankan Large Manufacturers Index,Growth,4,22,-0.421469,0.421469,low_sample,2026-04-25T22:25:54.019571+00:00
2017,JP,JPY,CPI,cpi_headline_yoy,269,tankan_large_manufacturers_index,Tankan Large Manufacturers Index,Growth,5,23,-0.397010,0.397010,low_sample_and_low_correlation,2026-04-25T22:25:54.019571+00:00
2018,JP,JPY,CPI,cpi_headline_yoy,270,tankan_large_all_industry_capex,Tankan Large All Industry Capex,Growth,3,23,-0.065094,0.065094,low_sample_and_low_correlation,2026-04-25T22:25:54.019571+00:00
2019,JP,JPY,CPI,cpi_headline_yoy,270,tankan_large_all_industry_capex,Tankan Large All Industry Capex,Growth,6,22,0.054838,0.054838,low_sample_and_low_correlation,2026-04-25T22:25:54.019571+00:00
2020,JP,JPY,CPI,cpi_headline_yoy,270,tankan_large_all_industry_capex,Tankan Large All Industry Capex,Growth,4,22,-0.050032,0.050032,low_sample_and_low_correlation,2026-04-25T22:25:54.019571+00:00
2021,JP,JPY,CPI,cpi_headline_yoy,270,tankan_large_all_industry_capex,Tankan Large All Industry Capex,Growth,2,22,-0.022495,0.022495,low_sample_and_low_correlation,2026-04-25T22:25:54.019571+00:00
2022,JP,JPY,CPI,cpi_headline_yoy,270,tankan_large_all_industry_capex,Tankan Large All Industry Capex,Growth,5,23,0.011717,0.011717,low_sample_and_low_correlation,2026-04-25T22:25:54.019571+00:00
2023,JP,JPY,CPI,cpi_headline_yoy,271,tankan_large_manufacturing_outlook,Tankan Large Manufacturing Outlook,Growth,3,23,-0.565587,0.565587,low_sample,2026-04-25T22:25:54.019571+00:00
2024,JP,JPY,CPI,cpi_headline_yoy,271,tankan_large_manufacturing_outlook,Tankan Large Manufacturing Outlook,Growth,2,22,-0.553093,0.553093,low_sample,2026-04-25T22:25:54.019571+00:00
2025,JP,JPY,CPI,cpi_headline_yoy,271,tankan_large_manufacturing_outlook,Tankan Large Manufacturing Outlook,Growth,4,22,-0.511341,0.511341,low_sample,2026-04-25T22:25:54.019571+00:00
2026,JP,JPY,CPI,cpi_headline_yoy,271,tankan_large_manufacturing_outlook,Tankan Large Manufacturing Outlook,Growth,6,22,-0.456424,0.456424,low_sample,2026-04-25T22:25:54.019571+00:00
2027,JP,JPY,CPI,cpi_headline_yoy,271,tankan_large_manufacturing_outlook,Tankan Large Manufacturing Outlook,Growth,5,23,-0.429452,0.429452,low_sample,2026-04-25T22:25:54.019571+00:00
2028,JP,JPY,CPI,cpi_headline_yoy,272,tankan_large_non_manufacturing_index,Tankan Large Non-Manufacturing Index,Growth,6,22,0.569794,0.569794,low_sample,2026-04-25T22:25:54.019571+00:00
2029,JP,JPY,CPI,cpi_headline_yoy,272,tankan_large_non_manufacturing_index,Tankan Large Non-Manufacturing Index,Growth,4,22,0.516045,0.516045,low_sample,2026-04-25T22:25:54.019571+00:00
2030,JP,JPY,CPI,cpi_headline_yoy,272,tankan_large_non_manufacturing_index,Tankan Large Non-Manufacturing Index,Growth,5,23,0.511697,0.511697,low_sample,2026-04-25T22:25:54.019571+00:00
2031,JP,JPY,CPI,cpi_headline_yoy,272,tankan_large_non_manufacturing_index,Tankan Large Non-Manufacturing Index,Growth,3,23,0.428107,0.428107,low_sample,2026-04-25T22:25:54.019571+00:00
2032,JP,JPY,CPI,cpi_headline_yoy,272,tankan_large_non_manufacturing_index,Tankan Large Non-Manufacturing Index,Growth,2,22,0.240869,0.240869,low_sample_and_low_correlation,2026-04-25T22:25:54.019571+00:00
2033,JP,JPY,CPI,cpi_headline_yoy,273,tankan_non_manufacturing_outlook,Tankan Non-Manufacturing Outlook,Growth,6,22,0.307085,0.307085,low_sample_and_low_correlation,2026-04-25T22:25:54.019571+00:00
2034,JP,JPY,CPI,cpi_headline_yoy,273,tankan_non_manufacturing_outlook,Tankan Non-Manufacturing Outlook,Growth,4,22,0.276455,0.276455,low_sample_and_low_correlation,2026-04-25T22:25:54.019571+00:00
2035,JP,JPY,CPI,cpi_headline_yoy,273,tankan_non_manufacturing_outlook,Tankan Non-Manufacturing Outlook,Growth,5,23,0.272510,0.272510,low_sample_and_low_correlation,2026-04-25T22:25:54.019571+00:00
2036,JP,JPY,CPI,cpi_headline_yoy,273,tankan_non_manufacturing_outlook,Tankan Non-Manufacturing Outlook,Growth,3,23,0.171228,0.171228,low_sample_and_low_correlation,2026-04-25T22:25:54.019571+00:00
2037,JP,JPY,CPI,cpi_headline_yoy,273,tankan_non_manufacturing_outlook,Tankan Non-Manufacturing Outlook,Growth,2,22,0.036501,0.036501,low_sample_and_low_correlation,2026-04-25T22:25:54.019571+00:00
2038,JP,JPY,CPI,cpi_headline_yoy,274,tankan_small_manufacturers_index,Tankan Small Manufacturers Index,Growth,2,21,-0.210464,0.210464,low_sample_and_low_correlation,2026-04-25T22:25:54.019571+00:00
2039,JP,JPY,CPI,cpi_headline_yoy,274,tankan_small_manufacturers_index,Tankan Small Manufacturers Index,Growth,3,22,-0.198239,0.198239,low_sample_and_low_correlation,2026-04-25T22:25:54.019571+00:00
2040,JP,JPY,CPI,cpi_headline_yoy,274,tankan_small_manufacturers_index,Tankan Small Manufacturers Index,Growth,4,21,-0.160577,0.160577,low_sample_and_low_correlation,2026-04-25T22:25:54.019571+00:00
2041,JP,JPY,CPI,cpi_headline_yoy,274,tankan_small_manufacturers_index,Tankan Small Manufacturers Index,Growth,6,21,-0.133755,0.133755,low_sample_and_low_correlation,2026-04-25T22:25:54.019571+00:00
2042,JP,JPY,CPI,cpi_headline_yoy,274,tankan_small_manufacturers_index,Tankan Small Manufacturers Index,Growth,5,22,-0.091831,0.091831,low_sample_and_low_correlation,2026-04-25T22:25:54.019571+00:00
2043,JP,JPY,CPI,cpi_headline_mom,101,cpi_headline_yoy,Headline CPI (YoY),Inflation,6,67,0.372334,0.372334,low_correlation,2026-04-25T22:25:54.019571+00:00
2044,JP,JPY,CPI,cpi_headline_mom,101,cpi_headline_yoy,Headline CPI (YoY),Inflation,5,68,0.253606,0.253606,low_correlation,2026-04-25T22:25:54.019571+00:00
2045,JP,JPY,CPI,cpi_headline_mom,101,cpi_headline_yoy,Headline CPI (YoY),Inflation,1,72,0.188164,0.188164,low_correlation,2026-04-25T22:25:54.019571+00:00
2046,JP,JPY,CPI,cpi_headline_mom,101,cpi_headline_yoy,Headline CPI (YoY),Inflation,2,72,0.146386,0.146386,low_correlation,2026-04-25T22:25:54.019571+00:00
2047,JP,JPY,CPI,cpi_headline_mom,101,cpi_headline_yoy,Headline CPI (YoY),Inflation,4,69,0.123761,0.123761,low_correlation,2026-04-25T22:25:54.019571+00:00
2048,JP,JPY,CPI,cpi_headline_mom,101,cpi_headline_yoy,Headline CPI (YoY),Inflation,3,69,0.012045,0.012045,low_correlation,2026-04-25T22:25:54.019571+00:00
2049,JP,JPY,CPI,cpi_headline_mom,102,core_cpi_yoy,Core CPI (YoY),Inflation,0,72,0.352821,0.352821,low_correlation,2026-04-25T22:25:54.019571+00:00
2050,JP,JPY,CPI,cpi_headline_mom,102,core_cpi_yoy,Core CPI (YoY),Inflation,6,65,0.244310,0.244310,low_correlation,2026-04-25T22:25:54.019571+00:00
2051,JP,JPY,CPI,cpi_headline_mom,102,core_cpi_yoy,Core CPI (YoY),Inflation,4,67,0.209171,0.209171,low_correlation,2026-04-25T22:25:54.019571+00:00
2052,JP,JPY,CPI,cpi_headline_mom,102,core_cpi_yoy,Core CPI (YoY),Inflation,5,66,0.159080,0.159080,low_correlation,2026-04-25T22:25:54.019571+00:00
2053,JP,JPY,CPI,cpi_headline_mom,102,core_cpi_yoy,Core CPI (YoY),Inflation,1,71,0.081607,0.081607,low_correlation,2026-04-25T22:25:54.019571+00:00
2054,JP,JPY,CPI,cpi_headline_mom,102,core_cpi_yoy,Core CPI (YoY),Inflation,3,68,0.067547,0.067547,low_correlation,2026-04-25T22:25:54.019571+00:00
2055,JP,JPY,CPI,cpi_headline_mom,102,core_cpi_yoy,Core CPI (YoY),Inflation,2,70,0.009001,0.009001,low_correlation,2026-04-25T22:25:54.019571+00:00
2056,JP,JPY,CPI,cpi_headline_mom,103,unemployment_rate,Unemployment Rate,Labor,4,70,-0.310325,0.310325,low_correlation,2026-04-25T22:25:54.019571+00:00
2057,JP,JPY,CPI,cpi_headline_mom,103,unemployment_rate,Unemployment Rate,Labor,2,71,-0.210681,0.210681,low_correlation,2026-04-25T22:25:54.019571+00:00
2058,JP,JPY,CPI,cpi_headline_mom,103,unemployment_rate,Unemployment Rate,Labor,3,70,-0.188633,0.188633,low_correlation,2026-04-25T22:25:54.019571+00:00
2059,JP,JPY,CPI,cpi_headline_mom,103,unemployment_rate,Unemployment Rate,Labor,5,69,-0.124589,0.124589,low_correlation,2026-04-25T22:25:54.019571+00:00
2060,JP,JPY,CPI,cpi_headline_mom,103,unemployment_rate,Unemployment Rate,Labor,6,68,-0.092289,0.092289,low_correlation,2026-04-25T22:25:54.019571+00:00
2061,JP,JPY,CPI,cpi_headline_mom,103,unemployment_rate,Unemployment Rate,Labor,1,71,0.076646,0.076646,low_correlation,2026-04-25T22:25:54.019571+00:00
2062,JP,JPY,CPI,cpi_headline_mom,104,gdp_qoq,GDP (QoQ),Growth,6,44,0.381828,0.381828,low_correlation,2026-04-25T22:25:54.019571+00:00
2063,JP,JPY,CPI,cpi_headline_mom,104,gdp_qoq,GDP (QoQ),Growth,5,45,0.107050,0.107050,low_correlation,2026-04-25T22:25:54.019571+00:00
2064,JP,JPY,CPI,cpi_headline_mom,104,gdp_qoq,GDP (QoQ),Growth,4,40,0.085048,0.085048,low_correlation,2026-04-25T22:25:54.019571+00:00
2065,JP,JPY,CPI,cpi_headline_mom,104,gdp_qoq,GDP (QoQ),Growth,3,23,-0.041806,0.041806,low_sample_and_low_correlation,2026-04-25T22:25:54.019571+00:00
2066,JP,JPY,CPI,cpi_headline_mom,105,tertiary_industry_index_mom,Tertiary Industry Index (MoM),Growth,5,69,0.148227,0.148227,low_correlation,2026-04-25T22:25:54.019571+00:00
2067,JP,JPY,CPI,cpi_headline_mom,105,tertiary_industry_index_mom,Tertiary Industry Index (MoM),Growth,6,68,0.139721,0.139721,low_correlation,2026-04-25T22:25:54.019571+00:00
2068,JP,JPY,CPI,cpi_headline_mom,105,tertiary_industry_index_mom,Tertiary Industry Index (MoM),Growth,3,70,0.087227,0.087227,low_correlation,2026-04-25T22:25:54.019571+00:00
2069,JP,JPY,CPI,cpi_headline_mom,105,tertiary_industry_index_mom,Tertiary Industry Index (MoM),Growth,1,68,-0.077394,0.077394,low_correlation,2026-04-25T22:25:54.019571+00:00
2070,JP,JPY,CPI,cpi_headline_mom,105,tertiary_industry_index_mom,Tertiary Industry Index (MoM),Growth,4,69,-0.073618,0.073618,low_correlation,2026-04-25T22:25:54.019571+00:00
2071,JP,JPY,CPI,cpi_headline_mom,105,tertiary_industry_index_mom,Tertiary Industry Index (MoM),Growth,2,70,0.003334,0.003334,low_correlation,2026-04-25T22:25:54.019571+00:00
2072,JP,JPY,CPI,cpi_headline_mom,107,balance_of_trade,Balance of Trade,Growth,2,71,-0.283664,0.283664,low_correlation,2026-04-25T22:25:54.019571+00:00
2073,JP,JPY,CPI,cpi_headline_mom,107,balance_of_trade,Balance of Trade,Growth,1,71,0.163652,0.163652,low_correlation,2026-04-25T22:25:54.019571+00:00
2074,JP,JPY,CPI,cpi_headline_mom,107,balance_of_trade,Balance of Trade,Growth,3,70,-0.091426,0.091426,low_correlation,2026-04-25T22:25:54.019571+00:00
2075,JP,JPY,CPI,cpi_headline_mom,107,balance_of_trade,Balance of Trade,Growth,0,69,-0.078129,0.078129,low_correlation,2026-04-25T22:25:54.019571+00:00
2076,JP,JPY,CPI,cpi_headline_mom,107,balance_of_trade,Balance of Trade,Growth,6,68,-0.064577,0.064577,low_correlation,2026-04-25T22:25:54.019571+00:00
2077,JP,JPY,CPI,cpi_headline_mom,107,balance_of_trade,Balance of Trade,Growth,5,69,0.038928,0.038928,low_correlation,2026-04-25T22:25:54.019571+00:00
2078,JP,JPY,CPI,cpi_headline_mom,107,balance_of_trade,Balance of Trade,Growth,4,70,-0.015619,0.015619,low_correlation,2026-04-25T22:25:54.019571+00:00
2079,JP,JPY,CPI,cpi_headline_mom,108,exports_yoy,Exports (YoY),Growth,3,70,-0.156172,0.156172,low_correlation,2026-04-25T22:25:54.019571+00:00
2080,JP,JPY,CPI,cpi_headline_mom,108,exports_yoy,Exports (YoY),Growth,4,70,-0.136120,0.136120,low_correlation,2026-04-25T22:25:54.019571+00:00
2081,JP,JPY,CPI,cpi_headline_mom,108,exports_yoy,Exports (YoY),Growth,0,69,-0.086456,0.086456,low_correlation,2026-04-25T22:25:54.019571+00:00
2082,JP,JPY,CPI,cpi_headline_mom,108,exports_yoy,Exports (YoY),Growth,1,71,-0.060053,0.060053,low_correlation,2026-04-25T22:25:54.019571+00:00
2083,JP,JPY,CPI,cpi_headline_mom,108,exports_yoy,Exports (YoY),Growth,2,71,-0.050419,0.050419,low_correlation,2026-04-25T22:25:54.019571+00:00
2084,JP,JPY,CPI,cpi_headline_mom,108,exports_yoy,Exports (YoY),Growth,6,68,0.040098,0.040098,low_correlation,2026-04-25T22:25:54.019571+00:00
2085,JP,JPY,CPI,cpi_headline_mom,108,exports_yoy,Exports (YoY),Growth,5,69,-0.029196,0.029196,low_correlation,2026-04-25T22:25:54.019571+00:00
2086,JP,JPY,CPI,cpi_headline_mom,109,imports_yoy,Imports (YoY),Growth,6,68,0.139731,0.139731,low_correlation,2026-04-25T22:25:54.019571+00:00
2087,JP,JPY,CPI,cpi_headline_mom,109,imports_yoy,Imports (YoY),Growth,3,70,0.138381,0.138381,low_correlation,2026-04-25T22:25:54.019571+00:00
2088,JP,JPY,CPI,cpi_headline_mom,109,imports_yoy,Imports (YoY),Growth,2,71,-0.063067,0.063067,low_correlation,2026-04-25T22:25:54.019571+00:00
2089,JP,JPY,CPI,cpi_headline_mom,109,imports_yoy,Imports (YoY),Growth,5,69,-0.043609,0.043609,low_correlation,2026-04-25T22:25:54.019571+00:00
2090,JP,JPY,CPI,cpi_headline_mom,109,imports_yoy,Imports (YoY),Growth,1,71,-0.038747,0.038747,low_correlation,2026-04-25T22:25:54.019571+00:00
2091,JP,JPY,CPI,cpi_headline_mom,109,imports_yoy,Imports (YoY),Growth,4,70,-0.033491,0.033491,low_correlation,2026-04-25T22:25:54.019571+00:00
2092,JP,JPY,CPI,cpi_headline_mom,109,imports_yoy,Imports (YoY),Growth,0,69,0.024060,0.024060,low_correlation,2026-04-25T22:25:54.019571+00:00
2093,JP,JPY,CPI,cpi_headline_mom,110,manufacturing_pmi,S&P Global Manufacturing PMI,Growth,1,129,-0.229571,0.229571,low_correlation,2026-04-25T22:25:54.019571+00:00
2094,JP,JPY,CPI,cpi_headline_mom,110,manufacturing_pmi,S&P Global Manufacturing PMI,Growth,2,133,-0.132631,0.132631,low_correlation,2026-04-25T22:25:54.019571+00:00
2095,JP,JPY,CPI,cpi_headline_mom,110,manufacturing_pmi,S&P Global Manufacturing PMI,Growth,5,133,-0.115722,0.115722,low_correlation,2026-04-25T22:25:54.019571+00:00
2096,JP,JPY,CPI,cpi_headline_mom,110,manufacturing_pmi,S&P Global Manufacturing PMI,Growth,3,135,0.109691,0.109691,low_correlation,2026-04-25T22:25:54.019571+00:00
2097,JP,JPY,CPI,cpi_headline_mom,110,manufacturing_pmi,S&P Global Manufacturing PMI,Growth,0,129,-0.060681,0.060681,low_correlation,2026-04-25T22:25:54.019571+00:00
2098,JP,JPY,CPI,cpi_headline_mom,110,manufacturing_pmi,S&P Global Manufacturing PMI,Growth,4,133,-0.033610,0.033610,low_correlation,2026-04-25T22:25:54.019571+00:00
2099,JP,JPY,CPI,cpi_headline_mom,110,manufacturing_pmi,S&P Global Manufacturing PMI,Growth,6,131,-0.010077,0.010077,low_correlation,2026-04-25T22:25:54.019571+00:00
2100,JP,JPY,CPI,cpi_headline_mom,111,services_pmi,S&P Global Services PMI,Growth,1,139,-0.224057,0.224057,low_correlation,2026-04-25T22:25:54.019571+00:00
2101,JP,JPY,CPI,cpi_headline_mom,111,services_pmi,S&P Global Services PMI,Growth,0,138,-0.151290,0.151290,low_correlation,2026-04-25T22:25:54.019571+00:00
2102,JP,JPY,CPI,cpi_headline_mom,111,services_pmi,S&P Global Services PMI,Growth,2,140,-0.110434,0.110434,low_correlation,2026-04-25T22:25:54.019571+00:00
2103,JP,JPY,CPI,cpi_headline_mom,111,services_pmi,S&P Global Services PMI,Growth,4,140,0.098600,0.098600,low_correlation,2026-04-25T22:25:54.019571+00:00
2104,JP,JPY,CPI,cpi_headline_mom,111,services_pmi,S&P Global Services PMI,Growth,6,137,-0.086006,0.086006,low_correlation,2026-04-25T22:25:54.019571+00:00
2105,JP,JPY,CPI,cpi_headline_mom,111,services_pmi,S&P Global Services PMI,Growth,5,139,-0.029636,0.029636,low_correlation,2026-04-25T22:25:54.019571+00:00
2106,JP,JPY,CPI,cpi_headline_mom,111,services_pmi,S&P Global Services PMI,Growth,3,141,0.026522,0.026522,low_correlation,2026-04-25T22:25:54.019571+00:00
2107,JP,JPY,CPI,cpi_headline_mom,112,composite_pmi,S&P Global Composite PMI,Growth,0,126,-0.242164,0.242164,low_correlation,2026-04-25T22:25:54.019571+00:00
2108,JP,JPY,CPI,cpi_headline_mom,112,composite_pmi,S&P Global Composite PMI,Growth,1,126,-0.161585,0.161585,low_correlation,2026-04-25T22:25:54.019571+00:00
2109,JP,JPY,CPI,cpi_headline_mom,112,composite_pmi,S&P Global Composite PMI,Growth,2,125,-0.068295,0.068295,low_correlation,2026-04-25T22:25:54.019571+00:00
2110,JP,JPY,CPI,cpi_headline_mom,112,composite_pmi,S&P Global Composite PMI,Growth,3,125,0.063563,0.063563,low_correlation,2026-04-25T22:25:54.019571+00:00
2111,JP,JPY,CPI,cpi_headline_mom,112,composite_pmi,S&P Global Composite PMI,Growth,4,126,0.045306,0.045306,low_correlation,2026-04-25T22:25:54.019571+00:00
2112,JP,JPY,CPI,cpi_headline_mom,112,composite_pmi,S&P Global Composite PMI,Growth,6,128,-0.024195,0.024195,low_correlation,2026-04-25T22:25:54.019571+00:00
2113,JP,JPY,CPI,cpi_headline_mom,112,composite_pmi,S&P Global Composite PMI,Growth,5,126,-0.002716,0.002716,low_correlation,2026-04-25T22:25:54.019571+00:00
2114,JP,JPY,CPI,cpi_headline_mom,191,cpi_index,Consumer Price Index,Inflation,0,78,0.370821,0.370821,low_correlation,2026-04-25T22:25:54.019571+00:00
2115,JP,JPY,CPI,cpi_headline_mom,191,cpi_index,Consumer Price Index,Inflation,1,82,-0.183763,0.183763,low_correlation,2026-04-25T22:25:54.019571+00:00
2116,JP,JPY,CPI,cpi_headline_mom,191,cpi_index,Consumer Price Index,Inflation,6,88,0.133258,0.133258,low_correlation,2026-04-25T22:25:54.019571+00:00
2117,JP,JPY,CPI,cpi_headline_mom,191,cpi_index,Consumer Price Index,Inflation,3,88,0.120739,0.120739,low_correlation,2026-04-25T22:25:54.019571+00:00
2118,JP,JPY,CPI,cpi_headline_mom,191,cpi_index,Consumer Price Index,Inflation,5,90,0.114315,0.114315,low_correlation,2026-04-25T22:25:54.019571+00:00
2119,JP,JPY,CPI,cpi_headline_mom,191,cpi_index,Consumer Price Index,Inflation,2,85,-0.060542,0.060542,low_correlation,2026-04-25T22:25:54.019571+00:00
2120,JP,JPY,CPI,cpi_headline_mom,191,cpi_index,Consumer Price Index,Inflation,4,90,-0.016613,0.016613,low_correlation,2026-04-25T22:25:54.019571+00:00
2121,JP,JPY,CPI,cpi_headline_mom,192,industrial_production_mom,Industrial Production (MoM),Growth,0,34,-0.274897,0.274897,low_correlation,2026-04-25T22:25:54.019571+00:00
2122,JP,JPY,CPI,cpi_headline_mom,192,industrial_production_mom,Industrial Production (MoM),Growth,1,171,0.198113,0.198113,low_correlation,2026-04-25T22:25:54.019571+00:00
2123,JP,JPY,CPI,cpi_headline_mom,192,industrial_production_mom,Industrial Production (MoM),Growth,4,180,-0.106963,0.106963,low_correlation,2026-04-25T22:25:54.019571+00:00
2124,JP,JPY,CPI,cpi_headline_mom,192,industrial_production_mom,Industrial Production (MoM),Growth,3,177,0.066166,0.066166,low_correlation,2026-04-25T22:25:54.019571+00:00
2125,JP,JPY,CPI,cpi_headline_mom,192,industrial_production_mom,Industrial Production (MoM),Growth,5,180,0.051025,0.051025,low_correlation,2026-04-25T22:25:54.019571+00:00
2126,JP,JPY,CPI,cpi_headline_mom,192,industrial_production_mom,Industrial Production (MoM),Growth,6,177,0.027928,0.027928,low_correlation,2026-04-25T22:25:54.019571+00:00
2127,JP,JPY,CPI,cpi_headline_mom,192,industrial_production_mom,Industrial Production (MoM),Growth,2,174,-0.017878,0.017878,low_correlation,2026-04-25T22:25:54.019571+00:00
2128,JP,JPY,CPI,cpi_headline_mom,193,industrial_production_yoy,Industrial Production (YoY),Growth,6,138,-0.171729,0.171729,low_correlation,2026-04-25T22:25:54.019571+00:00
2129,JP,JPY,CPI,cpi_headline_mom,193,industrial_production_yoy,Industrial Production (YoY),Growth,5,139,0.089067,0.089067,low_correlation,2026-04-25T22:25:54.019571+00:00
2130,JP,JPY,CPI,cpi_headline_mom,193,industrial_production_yoy,Industrial Production (YoY),Growth,3,137,0.058573,0.058573,low_correlation,2026-04-25T22:25:54.019571+00:00
2131,JP,JPY,CPI,cpi_headline_mom,193,industrial_production_yoy,Industrial Production (YoY),Growth,2,136,0.053124,0.053124,low_correlation,2026-04-25T22:25:54.019571+00:00
2132,JP,JPY,CPI,cpi_headline_mom,193,industrial_production_yoy,Industrial Production (YoY),Growth,1,135,0.013084,0.013084,low_correlation,2026-04-25T22:25:54.019571+00:00
2133,JP,JPY,CPI,cpi_headline_mom,193,industrial_production_yoy,Industrial Production (YoY),Growth,4,138,0.011048,0.011048,low_correlation,2026-04-25T22:25:54.019571+00:00
2134,JP,JPY,CPI,cpi_headline_mom,194,leading_economic_index,Leading Economic Index,Growth,6,134,-0.209946,0.209946,low_correlation,2026-04-25T22:25:54.019571+00:00
2135,JP,JPY,CPI,cpi_headline_mom,194,leading_economic_index,Leading Economic Index,Growth,5,134,0.089408,0.089408,low_correlation,2026-04-25T22:25:54.019571+00:00
2136,JP,JPY,CPI,cpi_headline_mom,194,leading_economic_index,Leading Economic Index,Growth,4,136,-0.073302,0.073302,low_correlation,2026-04-25T22:25:54.019571+00:00
2137,JP,JPY,CPI,cpi_headline_mom,194,leading_economic_index,Leading Economic Index,Growth,3,136,-0.035174,0.035174,low_correlation,2026-04-25T22:25:54.019571+00:00
2138,JP,JPY,CPI,cpi_headline_mom,194,leading_economic_index,Leading Economic Index,Growth,2,137,-0.023114,0.023114,low_correlation,2026-04-25T22:25:54.019571+00:00
2139,JP,JPY,CPI,cpi_headline_mom,194,leading_economic_index,Leading Economic Index,Growth,1,66,-0.013769,0.013769,low_correlation,2026-04-25T22:25:54.019571+00:00
2140,JP,JPY,CPI,cpi_headline_mom,195,coincident_index,Coincident Index,Growth,5,141,0.186458,0.186458,low_correlation,2026-04-25T22:25:54.019571+00:00
2141,JP,JPY,CPI,cpi_headline_mom,195,coincident_index,Coincident Index,Growth,1,73,0.144109,0.144109,low_correlation,2026-04-25T22:25:54.019571+00:00
2142,JP,JPY,CPI,cpi_headline_mom,195,coincident_index,Coincident Index,Growth,6,141,-0.094227,0.094227,low_correlation,2026-04-25T22:25:54.019571+00:00
2143,JP,JPY,CPI,cpi_headline_mom,195,coincident_index,Coincident Index,Growth,4,143,0.046762,0.046762,low_correlation,2026-04-25T22:25:54.019571+00:00
2144,JP,JPY,CPI,cpi_headline_mom,195,coincident_index,Coincident Index,Growth,3,141,-0.042401,0.042401,low_correlation,2026-04-25T22:25:54.019571+00:00
2145,JP,JPY,CPI,cpi_headline_mom,195,coincident_index,Coincident Index,Growth,2,141,0.004620,0.004620,low_correlation,2026-04-25T22:25:54.019571+00:00
2146,JP,JPY,CPI,cpi_headline_mom,196,machine_tool_orders_yoy,Machine Tool Orders (YoY),Growth,4,70,-0.294903,0.294903,low_correlation,2026-04-25T22:25:54.019571+00:00
2147,JP,JPY,CPI,cpi_headline_mom,196,machine_tool_orders_yoy,Machine Tool Orders (YoY),Growth,3,70,-0.220850,0.220850,low_correlation,2026-04-25T22:25:54.019571+00:00
2148,JP,JPY,CPI,cpi_headline_mom,196,machine_tool_orders_yoy,Machine Tool Orders (YoY),Growth,2,71,-0.219219,0.219219,low_correlation,2026-04-25T22:25:54.019571+00:00
2149,JP,JPY,CPI,cpi_headline_mom,196,machine_tool_orders_yoy,Machine Tool Orders (YoY),Growth,0,72,-0.204293,0.204293,low_correlation,2026-04-25T22:25:54.019571+00:00
2150,JP,JPY,CPI,cpi_headline_mom,196,machine_tool_orders_yoy,Machine Tool Orders (YoY),Growth,1,71,-0.115469,0.115469,low_correlation,2026-04-25T22:25:54.019571+00:00
2151,JP,JPY,CPI,cpi_headline_mom,196,machine_tool_orders_yoy,Machine Tool Orders (YoY),Growth,5,69,-0.043417,0.043417,low_correlation,2026-04-25T22:25:54.019571+00:00
2152,JP,JPY,CPI,cpi_headline_mom,196,machine_tool_orders_yoy,Machine Tool Orders (YoY),Growth,6,68,0.029510,0.029510,low_correlation,2026-04-25T22:25:54.019571+00:00
2153,JP,JPY,CPI,cpi_headline_mom,197,foreign_bond_investment,Foreign Bond Investment,Growth,1,308,-0.142941,0.142941,low_correlation,2026-04-25T22:25:54.019571+00:00
2154,JP,JPY,CPI,cpi_headline_mom,197,foreign_bond_investment,Foreign Bond Investment,Growth,6,298,-0.082776,0.082776,low_correlation,2026-04-25T22:25:54.019571+00:00
2155,JP,JPY,CPI,cpi_headline_mom,197,foreign_bond_investment,Foreign Bond Investment,Growth,4,306,-0.059676,0.059676,low_correlation,2026-04-25T22:25:54.019571+00:00
2156,JP,JPY,CPI,cpi_headline_mom,197,foreign_bond_investment,Foreign Bond Investment,Growth,5,301,0.052712,0.052712,low_correlation,2026-04-25T22:25:54.019571+00:00
2157,JP,JPY,CPI,cpi_headline_mom,197,foreign_bond_investment,Foreign Bond Investment,Growth,2,307,0.040718,0.040718,low_correlation,2026-04-25T22:25:54.019571+00:00
2158,JP,JPY,CPI,cpi_headline_mom,197,foreign_bond_investment,Foreign Bond Investment,Growth,3,307,0.028174,0.028174,low_correlation,2026-04-25T22:25:54.019571+00:00
2159,JP,JPY,CPI,cpi_headline_mom,197,foreign_bond_investment,Foreign Bond Investment,Growth,0,312,0.025277,0.025277,low_correlation,2026-04-25T22:25:54.019571+00:00
2160,JP,JPY,CPI,cpi_headline_mom,198,stock_investment_by_foreigners,Stock Investment by Foreigners,Growth,4,306,-0.125969,0.125969,low_correlation,2026-04-25T22:25:54.019571+00:00
2161,JP,JPY,CPI,cpi_headline_mom,198,stock_investment_by_foreigners,Stock Investment by Foreigners,Growth,1,308,-0.086425,0.086425,low_correlation,2026-04-25T22:25:54.019571+00:00
2162,JP,JPY,CPI,cpi_headline_mom,198,stock_investment_by_foreigners,Stock Investment by Foreigners,Growth,6,298,0.064993,0.064993,low_correlation,2026-04-25T22:25:54.019571+00:00
2163,JP,JPY,CPI,cpi_headline_mom,198,stock_investment_by_foreigners,Stock Investment by Foreigners,Growth,2,307,-0.060379,0.060379,low_correlation,2026-04-25T22:25:54.019571+00:00
2164,JP,JPY,CPI,cpi_headline_mom,198,stock_investment_by_foreigners,Stock Investment by Foreigners,Growth,5,301,0.041953,0.041953,low_correlation,2026-04-25T22:25:54.019571+00:00
2165,JP,JPY,CPI,cpi_headline_mom,198,stock_investment_by_foreigners,Stock Investment by Foreigners,Growth,3,307,-0.006507,0.006507,low_correlation,2026-04-25T22:25:54.019571+00:00
2166,JP,JPY,CPI,cpi_headline_mom,198,stock_investment_by_foreigners,Stock Investment by Foreigners,Growth,0,312,-0.001844,0.001844,low_correlation,2026-04-25T22:25:54.019571+00:00
2167,JP,JPY,CPI,cpi_headline_mom,247,cpi_ex_food_energy_yoy,CPI Ex Food and Energy (YoY),Inflation,0,70,0.329798,0.329798,low_correlation,2026-04-25T22:25:54.019571+00:00
2168,JP,JPY,CPI,cpi_headline_mom,247,cpi_ex_food_energy_yoy,CPI Ex Food and Energy (YoY),Inflation,1,70,0.205068,0.205068,low_correlation,2026-04-25T22:25:54.019571+00:00
2169,JP,JPY,CPI,cpi_headline_mom,247,cpi_ex_food_energy_yoy,CPI Ex Food and Energy (YoY),Inflation,3,69,0.156670,0.156670,low_correlation,2026-04-25T22:25:54.019571+00:00
2170,JP,JPY,CPI,cpi_headline_mom,247,cpi_ex_food_energy_yoy,CPI Ex Food and Energy (YoY),Inflation,2,70,0.150928,0.150928,low_correlation,2026-04-25T22:25:54.019571+00:00
2171,JP,JPY,CPI,cpi_headline_mom,247,cpi_ex_food_energy_yoy,CPI Ex Food and Energy (YoY),Inflation,4,69,0.138977,0.138977,low_correlation,2026-04-25T22:25:54.019571+00:00
2172,JP,JPY,CPI,cpi_headline_mom,247,cpi_ex_food_energy_yoy,CPI Ex Food and Energy (YoY),Inflation,6,67,0.033907,0.033907,low_correlation,2026-04-25T22:25:54.019571+00:00
2173,JP,JPY,CPI,cpi_headline_mom,247,cpi_ex_food_energy_yoy,CPI Ex Food and Energy (YoY),Inflation,5,68,0.025843,0.025843,low_correlation,2026-04-25T22:25:54.019571+00:00
2174,JP,JPY,CPI,cpi_headline_mom,248,ppi_mom,PPI (MoM),Inflation,0,66,0.257490,0.257490,low_correlation,2026-04-25T22:25:54.019571+00:00
2175,JP,JPY,CPI,cpi_headline_mom,248,ppi_mom,PPI (MoM),Inflation,6,61,0.235199,0.235199,low_correlation,2026-04-25T22:25:54.019571+00:00
2176,JP,JPY,CPI,cpi_headline_mom,248,ppi_mom,PPI (MoM),Inflation,4,64,-0.174569,0.174569,low_correlation,2026-04-25T22:25:54.019571+00:00
2177,JP,JPY,CPI,cpi_headline_mom,248,ppi_mom,PPI (MoM),Inflation,3,63,-0.139493,0.139493,low_correlation,2026-04-25T22:25:54.019571+00:00
2178,JP,JPY,CPI,cpi_headline_mom,248,ppi_mom,PPI (MoM),Inflation,5,62,-0.123883,0.123883,low_correlation,2026-04-25T22:25:54.019571+00:00
2179,JP,JPY,CPI,cpi_headline_mom,248,ppi_mom,PPI (MoM),Inflation,1,66,0.045922,0.045922,low_correlation,2026-04-25T22:25:54.019571+00:00
2180,JP,JPY,CPI,cpi_headline_mom,248,ppi_mom,PPI (MoM),Inflation,2,65,-0.013927,0.013927,low_correlation,2026-04-25T22:25:54.019571+00:00
2181,JP,JPY,CPI,cpi_headline_mom,249,ppi_yoy,PPI (YoY),Inflation,0,72,0.234185,0.234185,low_correlation,2026-04-25T22:25:54.019571+00:00
2182,JP,JPY,CPI,cpi_headline_mom,249,ppi_yoy,PPI (YoY),Inflation,6,68,0.197014,0.197014,low_correlation,2026-04-25T22:25:54.019571+00:00
2183,JP,JPY,CPI,cpi_headline_mom,249,ppi_yoy,PPI (YoY),Inflation,1,72,0.133142,0.133142,low_correlation,2026-04-25T22:25:54.019571+00:00
2184,JP,JPY,CPI,cpi_headline_mom,249,ppi_yoy,PPI (YoY),Inflation,5,69,0.094827,0.094827,low_correlation,2026-04-25T22:25:54.019571+00:00
2185,JP,JPY,CPI,cpi_headline_mom,249,ppi_yoy,PPI (YoY),Inflation,4,70,0.054517,0.054517,low_correlation,2026-04-25T22:25:54.019571+00:00
2186,JP,JPY,CPI,cpi_headline_mom,249,ppi_yoy,PPI (YoY),Inflation,2,72,0.047486,0.047486,low_correlation,2026-04-25T22:25:54.019571+00:00
2187,JP,JPY,CPI,cpi_headline_mom,249,ppi_yoy,PPI (YoY),Inflation,3,70,-0.035603,0.035603,low_correlation,2026-04-25T22:25:54.019571+00:00
2188,JP,JPY,CPI,cpi_headline_mom,251,current_account,Current Account,Growth,2,71,-0.189625,0.189625,low_correlation,2026-04-25T22:25:54.019571+00:00
2189,JP,JPY,CPI,cpi_headline_mom,251,current_account,Current Account,Growth,5,70,-0.118245,0.118245,low_correlation,2026-04-25T22:25:54.019571+00:00
2190,JP,JPY,CPI,cpi_headline_mom,251,current_account,Current Account,Growth,6,69,-0.117921,0.117921,low_correlation,2026-04-25T22:25:54.019571+00:00
2191,JP,JPY,CPI,cpi_headline_mom,251,current_account,Current Account,Growth,1,72,0.034917,0.034917,low_correlation,2026-04-25T22:25:54.019571+00:00
2192,JP,JPY,CPI,cpi_headline_mom,251,current_account,Current Account,Growth,3,71,-0.029307,0.029307,low_correlation,2026-04-25T22:25:54.019571+00:00
2193,JP,JPY,CPI,cpi_headline_mom,251,current_account,Current Account,Growth,4,70,-0.010560,0.010560,low_correlation,2026-04-25T22:25:54.019571+00:00
2194,JP,JPY,CPI,cpi_headline_mom,256,leading_index_mom,Leading Index (MoM),Growth,4,35,-0.235944,0.235944,low_correlation,2026-04-25T22:25:54.019571+00:00
2195,JP,JPY,CPI,cpi_headline_mom,256,leading_index_mom,Leading Index (MoM),Growth,6,35,-0.230183,0.230183,low_correlation,2026-04-25T22:25:54.019571+00:00
2196,JP,JPY,CPI,cpi_headline_mom,256,leading_index_mom,Leading Index (MoM),Growth,5,35,0.097703,0.097703,low_correlation,2026-04-25T22:25:54.019571+00:00
2197,JP,JPY,CPI,cpi_headline_mom,256,leading_index_mom,Leading Index (MoM),Growth,3,35,0.041268,0.041268,low_correlation,2026-04-25T22:25:54.019571+00:00
2198,JP,JPY,CPI,cpi_headline_mom,256,leading_index_mom,Leading Index (MoM),Growth,1,16,0.034588,0.034588,low_sample_and_low_correlation,2026-04-25T22:25:54.019571+00:00
2199,JP,JPY,CPI,cpi_headline_mom,256,leading_index_mom,Leading Index (MoM),Growth,2,36,0.010261,0.010261,low_correlation,2026-04-25T22:25:54.019571+00:00
2200,JP,JPY,CPI,cpi_headline_mom,257,coincident_indicator_mom,Coincident Indicator (MoM),Growth,1,16,0.355420,0.355420,low_sample_and_low_correlation,2026-04-25T22:25:54.019571+00:00
2201,JP,JPY,CPI,cpi_headline_mom,257,coincident_indicator_mom,Coincident Indicator (MoM),Growth,6,36,0.352733,0.352733,low_correlation,2026-04-25T22:25:54.019571+00:00
2202,JP,JPY,CPI,cpi_headline_mom,257,coincident_indicator_mom,Coincident Indicator (MoM),Growth,4,35,-0.323687,0.323687,low_correlation,2026-04-25T22:25:54.019571+00:00
2203,JP,JPY,CPI,cpi_headline_mom,257,coincident_indicator_mom,Coincident Indicator (MoM),Growth,2,36,0.201199,0.201199,low_correlation,2026-04-25T22:25:54.019571+00:00
2204,JP,JPY,CPI,cpi_headline_mom,257,coincident_indicator_mom,Coincident Indicator (MoM),Growth,3,35,-0.153605,0.153605,low_correlation,2026-04-25T22:25:54.019571+00:00
2205,JP,JPY,CPI,cpi_headline_mom,257,coincident_indicator_mom,Coincident Indicator (MoM),Growth,5,36,0.093921,0.093921,low_correlation,2026-04-25T22:25:54.019571+00:00
2206,JP,JPY,CPI,cpi_headline_mom,258,capacity_utilization,Capacity Utilization,Growth,4,69,-0.156713,0.156713,low_correlation,2026-04-25T22:25:54.019571+00:00
2207,JP,JPY,CPI,cpi_headline_mom,258,capacity_utilization,Capacity Utilization,Growth,3,70,-0.121478,0.121478,low_correlation,2026-04-25T22:25:54.019571+00:00
2208,JP,JPY,CPI,cpi_headline_mom,258,capacity_utilization,Capacity Utilization,Growth,6,68,0.115030,0.115030,low_correlation,2026-04-25T22:25:54.019571+00:00
2209,JP,JPY,CPI,cpi_headline_mom,258,capacity_utilization,Capacity Utilization,Growth,1,71,0.034296,0.034296,low_correlation,2026-04-25T22:25:54.019571+00:00
2210,JP,JPY,CPI,cpi_headline_mom,258,capacity_utilization,Capacity Utilization,Growth,2,71,-0.022763,0.022763,low_correlation,2026-04-25T22:25:54.019571+00:00
2211,JP,JPY,CPI,cpi_headline_mom,258,capacity_utilization,Capacity Utilization,Growth,5,69,-0.006159,0.006159,low_correlation,2026-04-25T22:25:54.019571+00:00
2212,JP,JPY,CPI,cpi_headline_mom,259,machinery_orders_mom,Machinery Orders (MoM),Growth,4,69,-0.207485,0.207485,low_correlation,2026-04-25T22:25:54.019571+00:00
2213,JP,JPY,CPI,cpi_headline_mom,259,machinery_orders_mom,Machinery Orders (MoM),Growth,3,70,0.168744,0.168744,low_correlation,2026-04-25T22:25:54.019571+00:00
2214,JP,JPY,CPI,cpi_headline_mom,259,machinery_orders_mom,Machinery Orders (MoM),Growth,2,70,-0.083264,0.083264,low_correlation,2026-04-25T22:25:54.019571+00:00
2215,JP,JPY,CPI,cpi_headline_mom,259,machinery_orders_mom,Machinery Orders (MoM),Growth,6,68,0.080254,0.080254,low_correlation,2026-04-25T22:25:54.019571+00:00
2216,JP,JPY,CPI,cpi_headline_mom,259,machinery_orders_mom,Machinery Orders (MoM),Growth,1,70,-0.073905,0.073905,low_correlation,2026-04-25T22:25:54.019571+00:00
2217,JP,JPY,CPI,cpi_headline_mom,259,machinery_orders_mom,Machinery Orders (MoM),Growth,5,69,-0.062078,0.062078,low_correlation,2026-04-25T22:25:54.019571+00:00
2218,JP,JPY,CPI,cpi_headline_mom,260,machinery_orders_yoy,Machinery Orders (YoY),Growth,6,69,0.150726,0.150726,low_correlation,2026-04-25T22:25:54.019571+00:00
2219,JP,JPY,CPI,cpi_headline_mom,260,machinery_orders_yoy,Machinery Orders (YoY),Growth,5,70,0.136879,0.136879,low_correlation,2026-04-25T22:25:54.019571+00:00
2220,JP,JPY,CPI,cpi_headline_mom,260,machinery_orders_yoy,Machinery Orders (YoY),Growth,4,70,-0.131182,0.131182,low_correlation,2026-04-25T22:25:54.019571+00:00
2221,JP,JPY,CPI,cpi_headline_mom,260,machinery_orders_yoy,Machinery Orders (YoY),Growth,2,71,-0.098093,0.098093,low_correlation,2026-04-25T22:25:54.019571+00:00
2222,JP,JPY,CPI,cpi_headline_mom,260,machinery_orders_yoy,Machinery Orders (YoY),Growth,3,71,0.065208,0.065208,low_correlation,2026-04-25T22:25:54.019571+00:00
2223,JP,JPY,CPI,cpi_headline_mom,260,machinery_orders_yoy,Machinery Orders (YoY),Growth,1,71,0.040261,0.040261,low_correlation,2026-04-25T22:25:54.019571+00:00
2224,JP,JPY,CPI,cpi_headline_mom,261,household_spending_mom,Household Spending (MoM),Growth,5,70,-0.093432,0.093432,low_correlation,2026-04-25T22:25:54.019571+00:00
2225,JP,JPY,CPI,cpi_headline_mom,261,household_spending_mom,Household Spending (MoM),Growth,1,72,-0.059979,0.059979,low_correlation,2026-04-25T22:25:54.019571+00:00
2226,JP,JPY,CPI,cpi_headline_mom,261,household_spending_mom,Household Spending (MoM),Growth,2,71,0.043424,0.043424,low_correlation,2026-04-25T22:25:54.019571+00:00
2227,JP,JPY,CPI,cpi_headline_mom,261,household_spending_mom,Household Spending (MoM),Growth,6,69,-0.042052,0.042052,low_correlation,2026-04-25T22:25:54.019571+00:00
2228,JP,JPY,CPI,cpi_headline_mom,261,household_spending_mom,Household Spending (MoM),Growth,4,70,-0.027399,0.027399,low_correlation,2026-04-25T22:25:54.019571+00:00
2229,JP,JPY,CPI,cpi_headline_mom,261,household_spending_mom,Household Spending (MoM),Growth,3,71,0.024615,0.024615,low_correlation,2026-04-25T22:25:54.019571+00:00
2230,JP,JPY,CPI,cpi_headline_mom,262,household_spending_yoy,Household Spending (YoY),Growth,1,72,0.094020,0.094020,low_correlation,2026-04-25T22:25:54.019571+00:00
2231,JP,JPY,CPI,cpi_headline_mom,262,household_spending_yoy,Household Spending (YoY),Growth,3,71,0.084895,0.084895,low_correlation,2026-04-25T22:25:54.019571+00:00
2232,JP,JPY,CPI,cpi_headline_mom,262,household_spending_yoy,Household Spending (YoY),Growth,5,70,-0.080952,0.080952,low_correlation,2026-04-25T22:25:54.019571+00:00
2233,JP,JPY,CPI,cpi_headline_mom,262,household_spending_yoy,Household Spending (YoY),Growth,2,71,0.078440,0.078440,low_correlation,2026-04-25T22:25:54.019571+00:00
2234,JP,JPY,CPI,cpi_headline_mom,262,household_spending_yoy,Household Spending (YoY),Growth,4,70,-0.053590,0.053590,low_correlation,2026-04-25T22:25:54.019571+00:00
2235,JP,JPY,CPI,cpi_headline_mom,262,household_spending_yoy,Household Spending (YoY),Growth,6,69,0.013760,0.013760,low_correlation,2026-04-25T22:25:54.019571+00:00
2236,JP,JPY,CPI,cpi_headline_mom,263,retail_sales_mom,Retail Sales (MoM),Growth,2,71,-0.186425,0.186425,low_correlation,2026-04-25T22:25:54.019571+00:00
2237,JP,JPY,CPI,cpi_headline_mom,263,retail_sales_mom,Retail Sales (MoM),Growth,5,69,0.120436,0.120436,low_correlation,2026-04-25T22:25:54.019571+00:00
2238,JP,JPY,CPI,cpi_headline_mom,263,retail_sales_mom,Retail Sales (MoM),Growth,6,68,0.096695,0.096695,low_correlation,2026-04-25T22:25:54.019571+00:00
2239,JP,JPY,CPI,cpi_headline_mom,263,retail_sales_mom,Retail Sales (MoM),Growth,1,71,0.073446,0.073446,low_correlation,2026-04-25T22:25:54.019571+00:00
2240,JP,JPY,CPI,cpi_headline_mom,263,retail_sales_mom,Retail Sales (MoM),Growth,4,70,-0.031936,0.031936,low_correlation,2026-04-25T22:25:54.019571+00:00
2241,JP,JPY,CPI,cpi_headline_mom,263,retail_sales_mom,Retail Sales (MoM),Growth,3,70,-0.029140,0.029140,low_correlation,2026-04-25T22:25:54.019571+00:00
2242,JP,JPY,CPI,cpi_headline_mom,264,retail_sales_yoy,Retail Sales (YoY),Growth,5,69,0.168268,0.168268,low_correlation,2026-04-25T22:25:54.019571+00:00
2243,JP,JPY,CPI,cpi_headline_mom,264,retail_sales_yoy,Retail Sales (YoY),Growth,6,68,0.107540,0.107540,low_correlation,2026-04-25T22:25:54.019571+00:00
2244,JP,JPY,CPI,cpi_headline_mom,264,retail_sales_yoy,Retail Sales (YoY),Growth,1,71,-0.094360,0.094360,low_correlation,2026-04-25T22:25:54.019571+00:00
2245,JP,JPY,CPI,cpi_headline_mom,264,retail_sales_yoy,Retail Sales (YoY),Growth,4,70,-0.040352,0.040352,low_correlation,2026-04-25T22:25:54.019571+00:00
2246,JP,JPY,CPI,cpi_headline_mom,264,retail_sales_yoy,Retail Sales (YoY),Growth,2,71,0.038957,0.038957,low_correlation,2026-04-25T22:25:54.019571+00:00
2247,JP,JPY,CPI,cpi_headline_mom,264,retail_sales_yoy,Retail Sales (YoY),Growth,3,70,0.000960,0.000960,low_correlation,2026-04-25T22:25:54.019571+00:00
2248,JP,JPY,CPI,cpi_headline_mom,265,consumer_confidence,Consumer Confidence,Growth,0,71,-0.337255,0.337255,low_correlation,2026-04-25T22:25:54.019571+00:00
2249,JP,JPY,CPI,cpi_headline_mom,265,consumer_confidence,Consumer Confidence,Growth,2,70,-0.160054,0.160054,low_correlation,2026-04-25T22:25:54.019571+00:00
2250,JP,JPY,CPI,cpi_headline_mom,265,consumer_confidence,Consumer Confidence,Growth,5,68,0.074806,0.074806,low_correlation,2026-04-25T22:25:54.019571+00:00
2251,JP,JPY,CPI,cpi_headline_mom,265,consumer_confidence,Consumer Confidence,Growth,6,67,0.041345,0.041345,low_correlation,2026-04-25T22:25:54.019571+00:00
2252,JP,JPY,CPI,cpi_headline_mom,265,consumer_confidence,Consumer Confidence,Growth,4,69,0.038503,0.038503,low_correlation,2026-04-25T22:25:54.019571+00:00
2253,JP,JPY,CPI,cpi_headline_mom,265,consumer_confidence,Consumer Confidence,Growth,1,71,-0.032040,0.032040,low_correlation,2026-04-25T22:25:54.019571+00:00
2254,JP,JPY,CPI,cpi_headline_mom,265,consumer_confidence,Consumer Confidence,Growth,3,70,0.007507,0.007507,low_correlation,2026-04-25T22:25:54.019571+00:00
2255,JP,JPY,CPI,cpi_headline_mom,266,eco_watchers_current,Eco Watchers Survey Current,Growth,1,72,-0.176256,0.176256,low_correlation,2026-04-25T22:25:54.019571+00:00
2256,JP,JPY,CPI,cpi_headline_mom,266,eco_watchers_current,Eco Watchers Survey Current,Growth,0,72,-0.103012,0.103012,low_correlation,2026-04-25T22:25:54.019571+00:00
2257,JP,JPY,CPI,cpi_headline_mom,266,eco_watchers_current,Eco Watchers Survey Current,Growth,2,72,0.048365,0.048365,low_correlation,2026-04-25T22:25:54.019571+00:00
2258,JP,JPY,CPI,cpi_headline_mom,266,eco_watchers_current,Eco Watchers Survey Current,Growth,5,72,0.045921,0.045921,low_correlation,2026-04-25T22:25:54.019571+00:00
2259,JP,JPY,CPI,cpi_headline_mom,266,eco_watchers_current,Eco Watchers Survey Current,Growth,3,72,-0.033540,0.033540,low_correlation,2026-04-25T22:25:54.019571+00:00
2260,JP,JPY,CPI,cpi_headline_mom,266,eco_watchers_current,Eco Watchers Survey Current,Growth,4,72,0.014244,0.014244,low_correlation,2026-04-25T22:25:54.019571+00:00
2261,JP,JPY,CPI,cpi_headline_mom,266,eco_watchers_current,Eco Watchers Survey Current,Growth,6,71,0.005124,0.005124,low_correlation,2026-04-25T22:25:54.019571+00:00
2262,JP,JPY,CPI,cpi_headline_mom,267,eco_watchers_outlook,Eco Watchers Survey Outlook,Growth,1,72,-0.170522,0.170522,low_correlation,2026-04-25T22:25:54.019571+00:00
2263,JP,JPY,CPI,cpi_headline_mom,267,eco_watchers_outlook,Eco Watchers Survey Outlook,Growth,2,72,-0.082057,0.082057,low_correlation,2026-04-25T22:25:54.019571+00:00
2264,JP,JPY,CPI,cpi_headline_mom,267,eco_watchers_outlook,Eco Watchers Survey Outlook,Growth,0,73,-0.071877,0.071877,low_correlation,2026-04-25T22:25:54.019571+00:00
2265,JP,JPY,CPI,cpi_headline_mom,267,eco_watchers_outlook,Eco Watchers Survey Outlook,Growth,6,69,-0.066620,0.066620,low_correlation,2026-04-25T22:25:54.019571+00:00
2266,JP,JPY,CPI,cpi_headline_mom,267,eco_watchers_outlook,Eco Watchers Survey Outlook,Growth,3,71,-0.047815,0.047815,low_correlation,2026-04-25T22:25:54.019571+00:00
2267,JP,JPY,CPI,cpi_headline_mom,267,eco_watchers_outlook,Eco Watchers Survey Outlook,Growth,5,69,0.038770,0.038770,low_correlation,2026-04-25T22:25:54.019571+00:00
2268,JP,JPY,CPI,cpi_headline_mom,267,eco_watchers_outlook,Eco Watchers Survey Outlook,Growth,4,71,0.007586,0.007586,low_correlation,2026-04-25T22:25:54.019571+00:00
2269,JP,JPY,CPI,cpi_headline_mom,268,reuters_tankan_index,Reuters Tankan Index,Growth,2,70,-0.150988,0.150988,low_correlation,2026-04-25T22:25:54.019571+00:00
2270,JP,JPY,CPI,cpi_headline_mom,268,reuters_tankan_index,Reuters Tankan Index,Growth,1,71,0.115238,0.115238,low_correlation,2026-04-25T22:25:54.019571+00:00
2271,JP,JPY,CPI,cpi_headline_mom,268,reuters_tankan_index,Reuters Tankan Index,Growth,0,71,-0.099366,0.099366,low_correlation,2026-04-25T22:25:54.019571+00:00
2272,JP,JPY,CPI,cpi_headline_mom,268,reuters_tankan_index,Reuters Tankan Index,Growth,3,70,-0.082582,0.082582,low_correlation,2026-04-25T22:25:54.019571+00:00
2273,JP,JPY,CPI,cpi_headline_mom,268,reuters_tankan_index,Reuters Tankan Index,Growth,6,67,0.041166,0.041166,low_correlation,2026-04-25T22:25:54.019571+00:00
2274,JP,JPY,CPI,cpi_headline_mom,268,reuters_tankan_index,Reuters Tankan Index,Growth,4,69,-0.009328,0.009328,low_correlation,2026-04-25T22:25:54.019571+00:00
2275,JP,JPY,CPI,cpi_headline_mom,268,reuters_tankan_index,Reuters Tankan Index,Growth,5,68,0.005886,0.005886,low_correlation,2026-04-25T22:25:54.019571+00:00
2276,JP,JPY,CPI,cpi_headline_mom,269,tankan_large_manufacturers_index,Tankan Large Manufacturers Index,Growth,6,21,-0.576012,0.576012,low_sample,2026-04-25T22:25:54.019571+00:00
2277,JP,JPY,CPI,cpi_headline_mom,269,tankan_large_manufacturers_index,Tankan Large Manufacturers Index,Growth,3,22,-0.503307,0.503307,low_sample,2026-04-25T22:25:54.019571+00:00
2278,JP,JPY,CPI,cpi_headline_mom,269,tankan_large_manufacturers_index,Tankan Large Manufacturers Index,Growth,5,23,0.054533,0.054533,low_sample_and_low_correlation,2026-04-25T22:25:54.019571+00:00
2279,JP,JPY,CPI,cpi_headline_mom,269,tankan_large_manufacturers_index,Tankan Large Manufacturers Index,Growth,2,24,-0.046210,0.046210,low_correlation,2026-04-25T22:25:54.019571+00:00
2280,JP,JPY,CPI,cpi_headline_mom,269,tankan_large_manufacturers_index,Tankan Large Manufacturers Index,Growth,4,21,0.041957,0.041957,low_sample_and_low_correlation,2026-04-25T22:25:54.019571+00:00
2281,JP,JPY,CPI,cpi_headline_mom,270,tankan_large_all_industry_capex,Tankan Large All Industry Capex,Growth,5,23,0.220028,0.220028,low_sample_and_low_correlation,2026-04-25T22:25:54.019571+00:00
2282,JP,JPY,CPI,cpi_headline_mom,270,tankan_large_all_industry_capex,Tankan Large All Industry Capex,Growth,3,22,-0.178742,0.178742,low_sample_and_low_correlation,2026-04-25T22:25:54.019571+00:00
2283,JP,JPY,CPI,cpi_headline_mom,270,tankan_large_all_industry_capex,Tankan Large All Industry Capex,Growth,2,24,0.172833,0.172833,low_correlation,2026-04-25T22:25:54.019571+00:00
2284,JP,JPY,CPI,cpi_headline_mom,270,tankan_large_all_industry_capex,Tankan Large All Industry Capex,Growth,4,21,-0.070439,0.070439,low_sample_and_low_correlation,2026-04-25T22:25:54.019571+00:00
2285,JP,JPY,CPI,cpi_headline_mom,270,tankan_large_all_industry_capex,Tankan Large All Industry Capex,Growth,6,21,0.029129,0.029129,low_sample_and_low_correlation,2026-04-25T22:25:54.019571+00:00
2286,JP,JPY,CPI,cpi_headline_mom,271,tankan_large_manufacturing_outlook,Tankan Large Manufacturing Outlook,Growth,3,22,-0.540364,0.540364,low_sample,2026-04-25T22:25:54.019571+00:00
2287,JP,JPY,CPI,cpi_headline_mom,271,tankan_large_manufacturing_outlook,Tankan Large Manufacturing Outlook,Growth,2,24,-0.274195,0.274195,low_correlation,2026-04-25T22:25:54.019571+00:00
2288,JP,JPY,CPI,cpi_headline_mom,271,tankan_large_manufacturing_outlook,Tankan Large Manufacturing Outlook,Growth,5,23,0.248760,0.248760,low_sample_and_low_correlation,2026-04-25T22:25:54.019571+00:00
2289,JP,JPY,CPI,cpi_headline_mom,271,tankan_large_manufacturing_outlook,Tankan Large Manufacturing Outlook,Growth,6,21,-0.234567,0.234567,low_sample_and_low_correlation,2026-04-25T22:25:54.019571+00:00
2290,JP,JPY,CPI,cpi_headline_mom,271,tankan_large_manufacturing_outlook,Tankan Large Manufacturing Outlook,Growth,4,21,0.100709,0.100709,low_sample_and_low_correlation,2026-04-25T22:25:54.019571+00:00
2291,JP,JPY,CPI,cpi_headline_mom,272,tankan_large_non_manufacturing_index,Tankan Large Non-Manufacturing Index,Growth,6,21,0.448110,0.448110,low_sample,2026-04-25T22:25:54.019571+00:00
2292,JP,JPY,CPI,cpi_headline_mom,272,tankan_large_non_manufacturing_index,Tankan Large Non-Manufacturing Index,Growth,3,22,0.437568,0.437568,low_sample,2026-04-25T22:25:54.019571+00:00
2293,JP,JPY,CPI,cpi_headline_mom,272,tankan_large_non_manufacturing_index,Tankan Large Non-Manufacturing Index,Growth,4,21,0.312023,0.312023,low_sample_and_low_correlation,2026-04-25T22:25:54.019571+00:00
2294,JP,JPY,CPI,cpi_headline_mom,272,tankan_large_non_manufacturing_index,Tankan Large Non-Manufacturing Index,Growth,5,23,0.268542,0.268542,low_sample_and_low_correlation,2026-04-25T22:25:54.019571+00:00
2295,JP,JPY,CPI,cpi_headline_mom,273,tankan_non_manufacturing_outlook,Tankan Non-Manufacturing Outlook,Growth,3,22,0.397245,0.397245,low_sample_and_low_correlation,2026-04-25T22:25:54.019571+00:00
2296,JP,JPY,CPI,cpi_headline_mom,273,tankan_non_manufacturing_outlook,Tankan Non-Manufacturing Outlook,Growth,4,21,0.368452,0.368452,low_sample_and_low_correlation,2026-04-25T22:25:54.019571+00:00
2297,JP,JPY,CPI,cpi_headline_mom,273,tankan_non_manufacturing_outlook,Tankan Non-Manufacturing Outlook,Growth,2,24,0.357670,0.357670,low_correlation,2026-04-25T22:25:54.019571+00:00
2298,JP,JPY,CPI,cpi_headline_mom,273,tankan_non_manufacturing_outlook,Tankan Non-Manufacturing Outlook,Growth,6,21,0.277154,0.277154,low_sample_and_low_correlation,2026-04-25T22:25:54.019571+00:00
2299,JP,JPY,CPI,cpi_headline_mom,273,tankan_non_manufacturing_outlook,Tankan Non-Manufacturing Outlook,Growth,5,23,0.255200,0.255200,low_sample_and_low_correlation,2026-04-25T22:25:54.019571+00:00
2300,JP,JPY,CPI,cpi_headline_mom,274,tankan_small_manufacturers_index,Tankan Small Manufacturers Index,Growth,3,21,-0.580754,0.580754,low_sample,2026-04-25T22:25:54.019571+00:00
2301,JP,JPY,CPI,cpi_headline_mom,274,tankan_small_manufacturers_index,Tankan Small Manufacturers Index,Growth,5,22,0.374157,0.374157,low_sample_and_low_correlation,2026-04-25T22:25:54.019571+00:00
2302,JP,JPY,CPI,cpi_headline_mom,274,tankan_small_manufacturers_index,Tankan Small Manufacturers Index,Growth,6,20,-0.332493,0.332493,low_sample_and_low_correlation,2026-04-25T22:25:54.019571+00:00
2303,JP,JPY,CPI,cpi_headline_mom,274,tankan_small_manufacturers_index,Tankan Small Manufacturers Index,Growth,4,20,-0.230395,0.230395,low_sample_and_low_correlation,2026-04-25T22:25:54.019571+00:00
2304,JP,JPY,CPI,cpi_headline_mom,274,tankan_small_manufacturers_index,Tankan Small Manufacturers Index,Growth,2,23,-0.218669,0.218669,low_sample_and_low_correlation,2026-04-25T22:25:54.019571+00:00
2305,JP,JPY,GDP,gdp_qoq,105,tertiary_industry_index_mom,Tertiary Industry Index (MoM),Growth,0,45,0.514451,0.514451,not_best_lag,2026-04-25T22:25:54.019571+00:00
2306,JP,JPY,GDP,gdp_qoq,105,tertiary_industry_index_mom,Tertiary Industry Index (MoM),Growth,5,39,-0.319557,0.319557,low_correlation,2026-04-25T22:25:54.019571+00:00
2307,JP,JPY,GDP,gdp_qoq,105,tertiary_industry_index_mom,Tertiary Industry Index (MoM),Growth,3,43,-0.255401,0.255401,low_correlation,2026-04-25T22:25:54.019571+00:00
2308,JP,JPY,GDP,gdp_qoq,105,tertiary_industry_index_mom,Tertiary Industry Index (MoM),Growth,2,41,0.250992,0.250992,low_correlation,2026-04-25T22:25:54.019571+00:00
2309,JP,JPY,GDP,gdp_qoq,105,tertiary_industry_index_mom,Tertiary Industry Index (MoM),Growth,4,41,-0.200378,0.200378,low_correlation,2026-04-25T22:25:54.019571+00:00
2310,JP,JPY,GDP,gdp_qoq,105,tertiary_industry_index_mom,Tertiary Industry Index (MoM),Growth,6,41,-0.180992,0.180992,low_correlation,2026-04-25T22:25:54.019571+00:00
2311,JP,JPY,GDP,gdp_qoq,107,balance_of_trade,Balance of Trade,Growth,6,39,0.266205,0.266205,low_correlation,2026-04-25T22:25:54.019571+00:00
2312,JP,JPY,GDP,gdp_qoq,107,balance_of_trade,Balance of Trade,Growth,2,43,-0.257853,0.257853,low_correlation,2026-04-25T22:25:54.019571+00:00
2313,JP,JPY,GDP,gdp_qoq,107,balance_of_trade,Balance of Trade,Growth,4,41,-0.238820,0.238820,low_correlation,2026-04-25T22:25:54.019571+00:00
2314,JP,JPY,GDP,gdp_qoq,107,balance_of_trade,Balance of Trade,Growth,0,43,0.224874,0.224874,low_correlation,2026-04-25T22:25:54.019571+00:00
2315,JP,JPY,GDP,gdp_qoq,107,balance_of_trade,Balance of Trade,Growth,3,41,-0.161442,0.161442,low_correlation,2026-04-25T22:25:54.019571+00:00
2316,JP,JPY,GDP,gdp_qoq,107,balance_of_trade,Balance of Trade,Growth,5,41,0.149873,0.149873,low_correlation,2026-04-25T22:25:54.019571+00:00
2317,JP,JPY,GDP,gdp_qoq,107,balance_of_trade,Balance of Trade,Growth,1,43,0.106919,0.106919,low_correlation,2026-04-25T22:25:54.019571+00:00
2318,JP,JPY,GDP,gdp_qoq,108,exports_yoy,Exports (YoY),Growth,4,41,-0.418324,0.418324,not_best_lag,2026-04-25T22:25:54.019571+00:00
2319,JP,JPY,GDP,gdp_qoq,108,exports_yoy,Exports (YoY),Growth,0,43,0.326049,0.326049,low_correlation,2026-04-25T22:25:54.019571+00:00
2320,JP,JPY,GDP,gdp_qoq,108,exports_yoy,Exports (YoY),Growth,2,43,-0.316323,0.316323,low_correlation,2026-04-25T22:25:54.019571+00:00
2321,JP,JPY,GDP,gdp_qoq,108,exports_yoy,Exports (YoY),Growth,1,43,0.161581,0.161581,low_correlation,2026-04-25T22:25:54.019571+00:00
2322,JP,JPY,GDP,gdp_qoq,108,exports_yoy,Exports (YoY),Growth,6,39,-0.105928,0.105928,low_correlation,2026-04-25T22:25:54.019571+00:00
2323,JP,JPY,GDP,gdp_qoq,108,exports_yoy,Exports (YoY),Growth,5,41,0.058318,0.058318,low_correlation,2026-04-25T22:25:54.019571+00:00
2324,JP,JPY,GDP,gdp_qoq,109,imports_yoy,Imports (YoY),Growth,2,43,0.334600,0.334600,low_correlation,2026-04-25T22:25:54.019571+00:00
2325,JP,JPY,GDP,gdp_qoq,109,imports_yoy,Imports (YoY),Growth,1,43,-0.184341,0.184341,low_correlation,2026-04-25T22:25:54.019571+00:00
2326,JP,JPY,GDP,gdp_qoq,109,imports_yoy,Imports (YoY),Growth,6,39,0.096442,0.096442,low_correlation,2026-04-25T22:25:54.019571+00:00
2327,JP,JPY,GDP,gdp_qoq,109,imports_yoy,Imports (YoY),Growth,0,43,-0.080400,0.080400,low_correlation,2026-04-25T22:25:54.019571+00:00
2328,JP,JPY,GDP,gdp_qoq,109,imports_yoy,Imports (YoY),Growth,4,41,0.064674,0.064674,low_correlation,2026-04-25T22:25:54.019571+00:00
2329,JP,JPY,GDP,gdp_qoq,109,imports_yoy,Imports (YoY),Growth,3,41,-0.058194,0.058194,low_correlation,2026-04-25T22:25:54.019571+00:00
2330,JP,JPY,GDP,gdp_qoq,110,manufacturing_pmi,S&P Global Manufacturing PMI,Growth,0,88,0.390332,0.390332,low_correlation,2026-04-25T22:25:54.019571+00:00
2331,JP,JPY,GDP,gdp_qoq,110,manufacturing_pmi,S&P Global Manufacturing PMI,Growth,4,81,-0.345658,0.345658,low_correlation,2026-04-25T22:25:54.019571+00:00
2332,JP,JPY,GDP,gdp_qoq,110,manufacturing_pmi,S&P Global Manufacturing PMI,Growth,1,84,0.245933,0.245933,low_correlation,2026-04-25T22:25:54.019571+00:00
2333,JP,JPY,GDP,gdp_qoq,110,manufacturing_pmi,S&P Global Manufacturing PMI,Growth,6,79,-0.179376,0.179376,low_correlation,2026-04-25T22:25:54.019571+00:00
2334,JP,JPY,GDP,gdp_qoq,110,manufacturing_pmi,S&P Global Manufacturing PMI,Growth,3,84,-0.095443,0.095443,low_correlation,2026-04-25T22:25:54.019571+00:00
2335,JP,JPY,GDP,gdp_qoq,110,manufacturing_pmi,S&P Global Manufacturing PMI,Growth,2,77,-0.070435,0.070435,low_correlation,2026-04-25T22:25:54.019571+00:00
2336,JP,JPY,GDP,gdp_qoq,110,manufacturing_pmi,S&P Global Manufacturing PMI,Growth,5,73,-0.058027,0.058027,low_correlation,2026-04-25T22:25:54.019571+00:00
2337,JP,JPY,GDP,gdp_qoq,111,services_pmi,S&P Global Services PMI,Growth,5,80,-0.338907,0.338907,low_correlation,2026-04-25T22:25:54.019571+00:00
2338,JP,JPY,GDP,gdp_qoq,111,services_pmi,S&P Global Services PMI,Growth,4,82,-0.291918,0.291918,low_correlation,2026-04-25T22:25:54.019571+00:00
2339,JP,JPY,GDP,gdp_qoq,111,services_pmi,S&P Global Services PMI,Growth,0,90,0.235061,0.235061,low_correlation,2026-04-25T22:25:54.019571+00:00
2340,JP,JPY,GDP,gdp_qoq,111,services_pmi,S&P Global Services PMI,Growth,2,85,0.169097,0.169097,low_correlation,2026-04-25T22:25:54.019571+00:00
2341,JP,JPY,GDP,gdp_qoq,111,services_pmi,S&P Global Services PMI,Growth,3,85,-0.082489,0.082489,low_correlation,2026-04-25T22:25:54.019571+00:00
2342,JP,JPY,GDP,gdp_qoq,111,services_pmi,S&P Global Services PMI,Growth,6,82,-0.034261,0.034261,low_correlation,2026-04-25T22:25:54.019571+00:00
2343,JP,JPY,GDP,gdp_qoq,112,composite_pmi,S&P Global Composite PMI,Growth,5,80,-0.361801,0.361801,low_correlation,2026-04-25T22:25:54.019571+00:00
2344,JP,JPY,GDP,gdp_qoq,112,composite_pmi,S&P Global Composite PMI,Growth,4,82,-0.349133,0.349133,low_correlation,2026-04-25T22:25:54.019571+00:00
2345,JP,JPY,GDP,gdp_qoq,112,composite_pmi,S&P Global Composite PMI,Growth,0,84,0.331294,0.331294,low_correlation,2026-04-25T22:25:54.019571+00:00
2346,JP,JPY,GDP,gdp_qoq,112,composite_pmi,S&P Global Composite PMI,Growth,2,83,0.103842,0.103842,low_correlation,2026-04-25T22:25:54.019571+00:00
2347,JP,JPY,GDP,gdp_qoq,112,composite_pmi,S&P Global Composite PMI,Growth,3,83,-0.098348,0.098348,low_correlation,2026-04-25T22:25:54.019571+00:00
2348,JP,JPY,GDP,gdp_qoq,112,composite_pmi,S&P Global Composite PMI,Growth,6,80,-0.077221,0.077221,low_correlation,2026-04-25T22:25:54.019571+00:00
2349,JP,JPY,GDP,gdp_qoq,192,industrial_production_mom,Industrial Production (MoM),Growth,0,109,0.387878,0.387878,low_correlation,2026-04-25T22:25:54.019571+00:00
2350,JP,JPY,GDP,gdp_qoq,192,industrial_production_mom,Industrial Production (MoM),Growth,5,92,-0.245274,0.245274,low_correlation,2026-04-25T22:25:54.019571+00:00
2351,JP,JPY,GDP,gdp_qoq,192,industrial_production_mom,Industrial Production (MoM),Growth,3,101,-0.218587,0.218587,low_correlation,2026-04-25T22:25:54.019571+00:00
2352,JP,JPY,GDP,gdp_qoq,192,industrial_production_mom,Industrial Production (MoM),Growth,4,98,-0.215433,0.215433,low_correlation,2026-04-25T22:25:54.019571+00:00
2353,JP,JPY,GDP,gdp_qoq,192,industrial_production_mom,Industrial Production (MoM),Growth,2,101,0.181157,0.181157,low_correlation,2026-04-25T22:25:54.019571+00:00
2354,JP,JPY,GDP,gdp_qoq,192,industrial_production_mom,Industrial Production (MoM),Growth,6,92,-0.081081,0.081081,low_correlation,2026-04-25T22:25:54.019571+00:00
2355,JP,JPY,GDP,gdp_qoq,193,industrial_production_yoy,Industrial Production (YoY),Growth,3,86,-0.362090,0.362090,low_correlation,2026-04-25T22:25:54.019571+00:00
2356,JP,JPY,GDP,gdp_qoq,193,industrial_production_yoy,Industrial Production (YoY),Growth,4,82,-0.199107,0.199107,low_correlation,2026-04-25T22:25:54.019571+00:00
2357,JP,JPY,GDP,gdp_qoq,193,industrial_production_yoy,Industrial Production (YoY),Growth,5,82,-0.146588,0.146588,low_correlation,2026-04-25T22:25:54.019571+00:00
2358,JP,JPY,GDP,gdp_qoq,193,industrial_production_yoy,Industrial Production (YoY),Growth,1,86,0.089032,0.089032,low_correlation,2026-04-25T22:25:54.019571+00:00
2359,JP,JPY,GDP,gdp_qoq,193,industrial_production_yoy,Industrial Production (YoY),Growth,2,86,-0.043539,0.043539,low_correlation,2026-04-25T22:25:54.019571+00:00
2360,JP,JPY,GDP,gdp_qoq,193,industrial_production_yoy,Industrial Production (YoY),Growth,6,82,-0.006603,0.006603,low_correlation,2026-04-25T22:25:54.019571+00:00
2361,JP,JPY,GDP,gdp_qoq,194,leading_economic_index,Leading Economic Index,Growth,1,87,0.383006,0.383006,low_correlation,2026-04-25T22:25:54.019571+00:00
2362,JP,JPY,GDP,gdp_qoq,194,leading_economic_index,Leading Economic Index,Growth,6,82,-0.158208,0.158208,low_correlation,2026-04-25T22:25:54.019571+00:00
2363,JP,JPY,GDP,gdp_qoq,194,leading_economic_index,Leading Economic Index,Growth,0,90,0.117738,0.117738,low_correlation,2026-04-25T22:25:54.019571+00:00
2364,JP,JPY,GDP,gdp_qoq,194,leading_economic_index,Leading Economic Index,Growth,2,81,-0.102243,0.102243,low_correlation,2026-04-25T22:25:54.019571+00:00
2365,JP,JPY,GDP,gdp_qoq,194,leading_economic_index,Leading Economic Index,Growth,5,77,-0.057859,0.057859,low_correlation,2026-04-25T22:25:54.019571+00:00
2366,JP,JPY,GDP,gdp_qoq,194,leading_economic_index,Leading Economic Index,Growth,3,86,0.055151,0.055151,low_correlation,2026-04-25T22:25:54.019571+00:00
2367,JP,JPY,GDP,gdp_qoq,195,coincident_index,Coincident Index,Growth,1,90,0.387362,0.387362,low_correlation,2026-04-25T22:25:54.019571+00:00
2368,JP,JPY,GDP,gdp_qoq,195,coincident_index,Coincident Index,Growth,3,88,-0.237616,0.237616,low_correlation,2026-04-25T22:25:54.019571+00:00
2369,JP,JPY,GDP,gdp_qoq,195,coincident_index,Coincident Index,Growth,0,92,0.218404,0.218404,low_correlation,2026-04-25T22:25:54.019571+00:00
2370,JP,JPY,GDP,gdp_qoq,195,coincident_index,Coincident Index,Growth,2,86,-0.170069,0.170069,low_correlation,2026-04-25T22:25:54.019571+00:00
2371,JP,JPY,GDP,gdp_qoq,195,coincident_index,Coincident Index,Growth,4,86,-0.137274,0.137274,low_correlation,2026-04-25T22:25:54.019571+00:00
2372,JP,JPY,GDP,gdp_qoq,195,coincident_index,Coincident Index,Growth,5,82,-0.057870,0.057870,low_correlation,2026-04-25T22:25:54.019571+00:00
2373,JP,JPY,GDP,gdp_qoq,195,coincident_index,Coincident Index,Growth,6,84,-0.009017,0.009017,low_correlation,2026-04-25T22:25:54.019571+00:00
2374,JP,JPY,GDP,gdp_qoq,196,machine_tool_orders_yoy,Machine Tool Orders (YoY),Growth,3,41,-0.421114,0.421114,not_best_lag,2026-04-25T22:25:54.019571+00:00
2375,JP,JPY,GDP,gdp_qoq,196,machine_tool_orders_yoy,Machine Tool Orders (YoY),Growth,2,43,-0.352873,0.352873,low_correlation,2026-04-25T22:25:54.019571+00:00
2376,JP,JPY,GDP,gdp_qoq,196,machine_tool_orders_yoy,Machine Tool Orders (YoY),Growth,1,43,0.336415,0.336415,low_correlation,2026-04-25T22:25:54.019571+00:00
2377,JP,JPY,GDP,gdp_qoq,196,machine_tool_orders_yoy,Machine Tool Orders (YoY),Growth,6,39,-0.314267,0.314267,low_correlation,2026-04-25T22:25:54.019571+00:00
2378,JP,JPY,GDP,gdp_qoq,196,machine_tool_orders_yoy,Machine Tool Orders (YoY),Growth,4,41,-0.309574,0.309574,low_correlation,2026-04-25T22:25:54.019571+00:00
2379,JP,JPY,GDP,gdp_qoq,196,machine_tool_orders_yoy,Machine Tool Orders (YoY),Growth,5,41,0.116126,0.116126,low_correlation,2026-04-25T22:25:54.019571+00:00
2380,JP,JPY,GDP,gdp_qoq,197,foreign_bond_investment,Foreign Bond Investment,Growth,1,184,0.084998,0.084998,low_correlation,2026-04-25T22:25:54.019571+00:00
2381,JP,JPY,GDP,gdp_qoq,197,foreign_bond_investment,Foreign Bond Investment,Growth,4,176,0.045598,0.045598,low_correlation,2026-04-25T22:25:54.019571+00:00
2382,JP,JPY,GDP,gdp_qoq,197,foreign_bond_investment,Foreign Bond Investment,Growth,5,176,0.031343,0.031343,low_correlation,2026-04-25T22:25:54.019571+00:00
2383,JP,JPY,GDP,gdp_qoq,197,foreign_bond_investment,Foreign Bond Investment,Growth,2,186,-0.023670,0.023670,low_correlation,2026-04-25T22:25:54.019571+00:00
2384,JP,JPY,GDP,gdp_qoq,197,foreign_bond_investment,Foreign Bond Investment,Growth,0,195,-0.018188,0.018188,low_correlation,2026-04-25T22:25:54.019571+00:00
2385,JP,JPY,GDP,gdp_qoq,197,foreign_bond_investment,Foreign Bond Investment,Growth,3,187,-0.002571,0.002571,low_correlation,2026-04-25T22:25:54.019571+00:00
2386,JP,JPY,GDP,gdp_qoq,197,foreign_bond_investment,Foreign Bond Investment,Growth,6,179,-0.000948,0.000948,low_correlation,2026-04-25T22:25:54.019571+00:00
2387,JP,JPY,GDP,gdp_qoq,198,stock_investment_by_foreigners,Stock Investment by Foreigners,Growth,5,176,0.146636,0.146636,low_correlation,2026-04-25T22:25:54.019571+00:00
2388,JP,JPY,GDP,gdp_qoq,198,stock_investment_by_foreigners,Stock Investment by Foreigners,Growth,6,179,0.104643,0.104643,low_correlation,2026-04-25T22:25:54.019571+00:00
2389,JP,JPY,GDP,gdp_qoq,198,stock_investment_by_foreigners,Stock Investment by Foreigners,Growth,2,186,0.097529,0.097529,low_correlation,2026-04-25T22:25:54.019571+00:00
2390,JP,JPY,GDP,gdp_qoq,198,stock_investment_by_foreigners,Stock Investment by Foreigners,Growth,3,187,-0.057616,0.057616,low_correlation,2026-04-25T22:25:54.019571+00:00
2391,JP,JPY,GDP,gdp_qoq,198,stock_investment_by_foreigners,Stock Investment by Foreigners,Growth,1,184,0.043377,0.043377,low_correlation,2026-04-25T22:25:54.019571+00:00
2392,JP,JPY,GDP,gdp_qoq,198,stock_investment_by_foreigners,Stock Investment by Foreigners,Growth,0,195,-0.017793,0.017793,low_correlation,2026-04-25T22:25:54.019571+00:00
2393,JP,JPY,GDP,gdp_qoq,198,stock_investment_by_foreigners,Stock Investment by Foreigners,Growth,4,176,-0.016850,0.016850,low_correlation,2026-04-25T22:25:54.019571+00:00
2394,JP,JPY,GDP,gdp_qoq,251,current_account,Current Account,Growth,5,41,0.327159,0.327159,low_correlation,2026-04-25T22:25:54.019571+00:00
2395,JP,JPY,GDP,gdp_qoq,251,current_account,Current Account,Growth,0,45,0.236951,0.236951,low_correlation,2026-04-25T22:25:54.019571+00:00
2396,JP,JPY,GDP,gdp_qoq,251,current_account,Current Account,Growth,4,41,-0.191374,0.191374,low_correlation,2026-04-25T22:25:54.019571+00:00
2397,JP,JPY,GDP,gdp_qoq,251,current_account,Current Account,Growth,3,43,-0.161019,0.161019,low_correlation,2026-04-25T22:25:54.019571+00:00
2398,JP,JPY,GDP,gdp_qoq,251,current_account,Current Account,Growth,6,41,0.058062,0.058062,low_correlation,2026-04-25T22:25:54.019571+00:00
2399,JP,JPY,GDP,gdp_qoq,251,current_account,Current Account,Growth,1,43,0.050078,0.050078,low_correlation,2026-04-25T22:25:54.019571+00:00
2400,JP,JPY,GDP,gdp_qoq,256,leading_index_mom,Leading Index (MoM),Growth,4,11,0.667768,0.667768,low_sample,2026-04-25T22:25:54.019571+00:00
2401,JP,JPY,GDP,gdp_qoq,256,leading_index_mom,Leading Index (MoM),Growth,3,14,0.613523,0.613523,low_sample,2026-04-25T22:25:54.019571+00:00
2402,JP,JPY,GDP,gdp_qoq,256,leading_index_mom,Leading Index (MoM),Growth,2,18,-0.550275,0.550275,low_sample,2026-04-25T22:25:54.019571+00:00
2403,JP,JPY,GDP,gdp_qoq,256,leading_index_mom,Leading Index (MoM),Growth,5,14,0.361860,0.361860,low_sample_and_low_correlation,2026-04-25T22:25:54.019571+00:00
2404,JP,JPY,GDP,gdp_qoq,256,leading_index_mom,Leading Index (MoM),Growth,1,13,-0.281109,0.281109,low_sample_and_low_correlation,2026-04-25T22:25:54.019571+00:00
2405,JP,JPY,GDP,gdp_qoq,256,leading_index_mom,Leading Index (MoM),Growth,0,17,-0.242663,0.242663,low_sample_and_low_correlation,2026-04-25T22:25:54.019571+00:00
2406,JP,JPY,GDP,gdp_qoq,256,leading_index_mom,Leading Index (MoM),Growth,6,12,-0.105961,0.105961,low_sample_and_low_correlation,2026-04-25T22:25:54.019571+00:00
2407,JP,JPY,GDP,gdp_qoq,257,coincident_indicator_mom,Coincident Indicator (MoM),Growth,6,12,0.749485,0.749485,low_sample,2026-04-25T22:25:54.019571+00:00
2408,JP,JPY,GDP,gdp_qoq,257,coincident_indicator_mom,Coincident Indicator (MoM),Growth,4,11,0.679799,0.679799,low_sample,2026-04-25T22:25:54.019571+00:00
2409,JP,JPY,GDP,gdp_qoq,257,coincident_indicator_mom,Coincident Indicator (MoM),Growth,0,19,0.651686,0.651686,low_sample,2026-04-25T22:25:54.019571+00:00
2410,JP,JPY,GDP,gdp_qoq,257,coincident_indicator_mom,Coincident Indicator (MoM),Growth,5,13,-0.598080,0.598080,low_sample,2026-04-25T22:25:54.019571+00:00
2411,JP,JPY,GDP,gdp_qoq,257,coincident_indicator_mom,Coincident Indicator (MoM),Growth,1,13,-0.402775,0.402775,low_sample,2026-04-25T22:25:54.019571+00:00
2412,JP,JPY,GDP,gdp_qoq,257,coincident_indicator_mom,Coincident Indicator (MoM),Growth,3,15,-0.137595,0.137595,low_sample_and_low_correlation,2026-04-25T22:25:54.019571+00:00
2413,JP,JPY,GDP,gdp_qoq,257,coincident_indicator_mom,Coincident Indicator (MoM),Growth,2,16,-0.137149,0.137149,low_sample_and_low_correlation,2026-04-25T22:25:54.019571+00:00
2414,JP,JPY,GDP,gdp_qoq,258,capacity_utilization,Capacity Utilization,Growth,1,43,0.527975,0.527975,not_best_lag,2026-04-25T22:25:54.019571+00:00
2415,JP,JPY,GDP,gdp_qoq,258,capacity_utilization,Capacity Utilization,Growth,6,40,0.507118,0.507118,not_best_lag,2026-04-25T22:25:54.019571+00:00
2416,JP,JPY,GDP,gdp_qoq,258,capacity_utilization,Capacity Utilization,Growth,5,41,-0.341290,0.341290,low_correlation,2026-04-25T22:25:54.019571+00:00
2417,JP,JPY,GDP,gdp_qoq,258,capacity_utilization,Capacity Utilization,Growth,4,41,-0.318862,0.318862,low_correlation,2026-04-25T22:25:54.019571+00:00
2418,JP,JPY,GDP,gdp_qoq,258,capacity_utilization,Capacity Utilization,Growth,2,43,0.305896,0.305896,low_correlation,2026-04-25T22:25:54.019571+00:00
2419,JP,JPY,GDP,gdp_qoq,258,capacity_utilization,Capacity Utilization,Growth,0,43,0.231494,0.231494,low_correlation,2026-04-25T22:25:54.019571+00:00
2420,JP,JPY,GDP,gdp_qoq,259,machinery_orders_mom,Machinery Orders (MoM),Growth,4,39,-0.265972,0.265972,low_correlation,2026-04-25T22:25:54.019571+00:00
2421,JP,JPY,GDP,gdp_qoq,259,machinery_orders_mom,Machinery Orders (MoM),Growth,3,43,-0.102095,0.102095,low_correlation,2026-04-25T22:25:54.019571+00:00
2422,JP,JPY,GDP,gdp_qoq,259,machinery_orders_mom,Machinery Orders (MoM),Growth,5,41,0.097520,0.097520,low_correlation,2026-04-25T22:25:54.019571+00:00
2423,JP,JPY,GDP,gdp_qoq,259,machinery_orders_mom,Machinery Orders (MoM),Growth,1,41,-0.079882,0.079882,low_correlation,2026-04-25T22:25:54.019571+00:00
2424,JP,JPY,GDP,gdp_qoq,259,machinery_orders_mom,Machinery Orders (MoM),Growth,6,41,-0.078975,0.078975,low_correlation,2026-04-25T22:25:54.019571+00:00
2425,JP,JPY,GDP,gdp_qoq,259,machinery_orders_mom,Machinery Orders (MoM),Growth,2,43,0.045098,0.045098,low_correlation,2026-04-25T22:25:54.019571+00:00
2426,JP,JPY,GDP,gdp_qoq,260,machinery_orders_yoy,Machinery Orders (YoY),Growth,3,43,-0.332379,0.332379,low_correlation,2026-04-25T22:25:54.019571+00:00
2427,JP,JPY,GDP,gdp_qoq,260,machinery_orders_yoy,Machinery Orders (YoY),Growth,4,41,-0.278124,0.278124,low_correlation,2026-04-25T22:25:54.019571+00:00
2428,JP,JPY,GDP,gdp_qoq,260,machinery_orders_yoy,Machinery Orders (YoY),Growth,6,41,-0.244378,0.244378,low_correlation,2026-04-25T22:25:54.019571+00:00
2429,JP,JPY,GDP,gdp_qoq,260,machinery_orders_yoy,Machinery Orders (YoY),Growth,5,41,-0.231186,0.231186,low_correlation,2026-04-25T22:25:54.019571+00:00
2430,JP,JPY,GDP,gdp_qoq,260,machinery_orders_yoy,Machinery Orders (YoY),Growth,1,43,-0.139712,0.139712,low_correlation,2026-04-25T22:25:54.019571+00:00
2431,JP,JPY,GDP,gdp_qoq,260,machinery_orders_yoy,Machinery Orders (YoY),Growth,2,43,-0.026263,0.026263,low_correlation,2026-04-25T22:25:54.019571+00:00
2432,JP,JPY,GDP,gdp_qoq,261,household_spending_mom,Household Spending (MoM),Growth,0,45,0.339876,0.339876,low_correlation,2026-04-25T22:25:54.019571+00:00
2433,JP,JPY,GDP,gdp_qoq,261,household_spending_mom,Household Spending (MoM),Growth,3,43,-0.150961,0.150961,low_correlation,2026-04-25T22:25:54.019571+00:00
2434,JP,JPY,GDP,gdp_qoq,261,household_spending_mom,Household Spending (MoM),Growth,4,41,-0.117417,0.117417,low_correlation,2026-04-25T22:25:54.019571+00:00
2435,JP,JPY,GDP,gdp_qoq,261,household_spending_mom,Household Spending (MoM),Growth,6,41,0.104501,0.104501,low_correlation,2026-04-25T22:25:54.019571+00:00
2436,JP,JPY,GDP,gdp_qoq,261,household_spending_mom,Household Spending (MoM),Growth,5,41,-0.040174,0.040174,low_correlation,2026-04-25T22:25:54.019571+00:00
2437,JP,JPY,GDP,gdp_qoq,261,household_spending_mom,Household Spending (MoM),Growth,2,43,0.033239,0.033239,low_correlation,2026-04-25T22:25:54.019571+00:00
2438,JP,JPY,GDP,gdp_qoq,262,household_spending_yoy,Household Spending (YoY),Growth,1,43,0.241610,0.241610,low_correlation,2026-04-25T22:25:54.019571+00:00
2439,JP,JPY,GDP,gdp_qoq,262,household_spending_yoy,Household Spending (YoY),Growth,4,41,-0.227660,0.227660,low_correlation,2026-04-25T22:25:54.019571+00:00
2440,JP,JPY,GDP,gdp_qoq,262,household_spending_yoy,Household Spending (YoY),Growth,0,45,0.181914,0.181914,low_correlation,2026-04-25T22:25:54.019571+00:00
2441,JP,JPY,GDP,gdp_qoq,262,household_spending_yoy,Household Spending (YoY),Growth,3,43,-0.122202,0.122202,low_correlation,2026-04-25T22:25:54.019571+00:00
2442,JP,JPY,GDP,gdp_qoq,262,household_spending_yoy,Household Spending (YoY),Growth,5,41,0.042870,0.042870,low_correlation,2026-04-25T22:25:54.019571+00:00
2443,JP,JPY,GDP,gdp_qoq,262,household_spending_yoy,Household Spending (YoY),Growth,6,41,-0.040459,0.040459,low_correlation,2026-04-25T22:25:54.019571+00:00
2444,JP,JPY,GDP,gdp_qoq,263,retail_sales_mom,Retail Sales (MoM),Growth,4,41,-0.663872,0.663872,not_best_lag,2026-04-25T22:25:54.019571+00:00
2445,JP,JPY,GDP,gdp_qoq,263,retail_sales_mom,Retail Sales (MoM),Growth,6,39,-0.637839,0.637839,not_best_lag,2026-04-25T22:25:54.019571+00:00
2446,JP,JPY,GDP,gdp_qoq,263,retail_sales_mom,Retail Sales (MoM),Growth,0,43,0.428615,0.428615,not_best_lag,2026-04-25T22:25:54.019571+00:00
2447,JP,JPY,GDP,gdp_qoq,263,retail_sales_mom,Retail Sales (MoM),Growth,3,41,-0.328295,0.328295,low_correlation,2026-04-25T22:25:54.019571+00:00
2448,JP,JPY,GDP,gdp_qoq,263,retail_sales_mom,Retail Sales (MoM),Growth,5,41,0.086742,0.086742,low_correlation,2026-04-25T22:25:54.019571+00:00
2449,JP,JPY,GDP,gdp_qoq,263,retail_sales_mom,Retail Sales (MoM),Growth,2,43,-0.065946,0.065946,low_correlation,2026-04-25T22:25:54.019571+00:00
2450,JP,JPY,GDP,gdp_qoq,264,retail_sales_yoy,Retail Sales (YoY),Growth,3,41,-0.453942,0.453942,not_best_lag,2026-04-25T22:25:54.019571+00:00
2451,JP,JPY,GDP,gdp_qoq,264,retail_sales_yoy,Retail Sales (YoY),Growth,2,43,-0.416531,0.416531,not_best_lag,2026-04-25T22:25:54.019571+00:00
2452,JP,JPY,GDP,gdp_qoq,264,retail_sales_yoy,Retail Sales (YoY),Growth,6,39,-0.407746,0.407746,not_best_lag,2026-04-25T22:25:54.019571+00:00
2453,JP,JPY,GDP,gdp_qoq,264,retail_sales_yoy,Retail Sales (YoY),Growth,1,43,0.264092,0.264092,low_correlation,2026-04-25T22:25:54.019571+00:00
2454,JP,JPY,GDP,gdp_qoq,264,retail_sales_yoy,Retail Sales (YoY),Growth,4,41,-0.207134,0.207134,low_correlation,2026-04-25T22:25:54.019571+00:00
2455,JP,JPY,GDP,gdp_qoq,264,retail_sales_yoy,Retail Sales (YoY),Growth,5,41,0.171508,0.171508,low_correlation,2026-04-25T22:25:54.019571+00:00
2456,JP,JPY,GDP,gdp_qoq,265,consumer_confidence,Consumer Confidence,Growth,4,41,-0.743476,0.743476,not_best_lag,2026-04-25T22:25:54.019571+00:00
2457,JP,JPY,GDP,gdp_qoq,265,consumer_confidence,Consumer Confidence,Growth,0,43,0.409476,0.409476,not_best_lag,2026-04-25T22:25:54.019571+00:00
2458,JP,JPY,GDP,gdp_qoq,265,consumer_confidence,Consumer Confidence,Growth,3,41,-0.286607,0.286607,low_correlation,2026-04-25T22:25:54.019571+00:00
2459,JP,JPY,GDP,gdp_qoq,265,consumer_confidence,Consumer Confidence,Growth,5,39,-0.248176,0.248176,low_correlation,2026-04-25T22:25:54.019571+00:00
2460,JP,JPY,GDP,gdp_qoq,265,consumer_confidence,Consumer Confidence,Growth,6,39,-0.222129,0.222129,low_correlation,2026-04-25T22:25:54.019571+00:00
2461,JP,JPY,GDP,gdp_qoq,265,consumer_confidence,Consumer Confidence,Growth,2,41,-0.184365,0.184365,low_correlation,2026-04-25T22:25:54.019571+00:00
2462,JP,JPY,GDP,gdp_qoq,266,eco_watchers_current,Eco Watchers Survey Current,Growth,2,43,0.625741,0.625741,not_best_lag,2026-04-25T22:25:54.019571+00:00
2463,JP,JPY,GDP,gdp_qoq,266,eco_watchers_current,Eco Watchers Survey Current,Growth,1,45,0.385142,0.385142,low_correlation,2026-04-25T22:25:54.019571+00:00
2464,JP,JPY,GDP,gdp_qoq,266,eco_watchers_current,Eco Watchers Survey Current,Growth,0,45,0.331696,0.331696,low_correlation,2026-04-25T22:25:54.019571+00:00
2465,JP,JPY,GDP,gdp_qoq,266,eco_watchers_current,Eco Watchers Survey Current,Growth,6,39,-0.253483,0.253483,low_correlation,2026-04-25T22:25:54.019571+00:00
2466,JP,JPY,GDP,gdp_qoq,266,eco_watchers_current,Eco Watchers Survey Current,Growth,4,43,-0.103313,0.103313,low_correlation,2026-04-25T22:25:54.019571+00:00
2467,JP,JPY,GDP,gdp_qoq,266,eco_watchers_current,Eco Watchers Survey Current,Growth,3,42,-0.090547,0.090547,low_correlation,2026-04-25T22:25:54.019571+00:00
2468,JP,JPY,GDP,gdp_qoq,267,eco_watchers_outlook,Eco Watchers Survey Outlook,Growth,5,41,-0.565839,0.565839,not_best_lag,2026-04-25T22:25:54.019571+00:00
2469,JP,JPY,GDP,gdp_qoq,267,eco_watchers_outlook,Eco Watchers Survey Outlook,Growth,1,43,0.472408,0.472408,not_best_lag,2026-04-25T22:25:54.019571+00:00
2470,JP,JPY,GDP,gdp_qoq,267,eco_watchers_outlook,Eco Watchers Survey Outlook,Growth,0,45,0.259813,0.259813,low_correlation,2026-04-25T22:25:54.019571+00:00
2471,JP,JPY,GDP,gdp_qoq,267,eco_watchers_outlook,Eco Watchers Survey Outlook,Growth,4,41,-0.172771,0.172771,low_correlation,2026-04-25T22:25:54.019571+00:00
2472,JP,JPY,GDP,gdp_qoq,267,eco_watchers_outlook,Eco Watchers Survey Outlook,Growth,6,41,-0.154290,0.154290,low_correlation,2026-04-25T22:25:54.019571+00:00
2473,JP,JPY,GDP,gdp_qoq,267,eco_watchers_outlook,Eco Watchers Survey Outlook,Growth,3,43,-0.095376,0.095376,low_correlation,2026-04-25T22:25:54.019571+00:00
2474,JP,JPY,GDP,gdp_qoq,268,reuters_tankan_index,Reuters Tankan Index,Growth,1,43,0.692021,0.692021,not_best_lag,2026-04-25T22:25:54.019571+00:00
2475,JP,JPY,GDP,gdp_qoq,268,reuters_tankan_index,Reuters Tankan Index,Growth,3,41,-0.517191,0.517191,not_best_lag,2026-04-25T22:25:54.019571+00:00
2476,JP,JPY,GDP,gdp_qoq,268,reuters_tankan_index,Reuters Tankan Index,Growth,2,41,-0.426157,0.426157,not_best_lag,2026-04-25T22:25:54.019571+00:00
2477,JP,JPY,GDP,gdp_qoq,268,reuters_tankan_index,Reuters Tankan Index,Growth,5,39,-0.272746,0.272746,low_correlation,2026-04-25T22:25:54.019571+00:00
2478,JP,JPY,GDP,gdp_qoq,268,reuters_tankan_index,Reuters Tankan Index,Growth,6,39,-0.201886,0.201886,low_correlation,2026-04-25T22:25:54.019571+00:00
2479,JP,JPY,GDP,gdp_qoq,268,reuters_tankan_index,Reuters Tankan Index,Growth,0,43,0.192088,0.192088,low_correlation,2026-04-25T22:25:54.019571+00:00
2480,JP,JPY,GDP,gdp_qoq,269,tankan_large_manufacturers_index,Tankan Large Manufacturers Index,Growth,3,39,-0.306465,0.306465,low_correlation,2026-04-25T22:25:54.019571+00:00
2481,JP,JPY,GDP,gdp_qoq,269,tankan_large_manufacturers_index,Tankan Large Manufacturers Index,Growth,0,41,-0.230876,0.230876,low_correlation,2026-04-25T22:25:54.019571+00:00
2482,JP,JPY,GDP,gdp_qoq,269,tankan_large_manufacturers_index,Tankan Large Manufacturers Index,Growth,6,37,0.125042,0.125042,low_correlation,2026-04-25T22:25:54.019571+00:00
2483,JP,JPY,GDP,gdp_qoq,270,tankan_large_all_industry_capex,Tankan Large All Industry Capex,Growth,0,41,-0.344352,0.344352,low_correlation,2026-04-25T22:25:54.019571+00:00
2484,JP,JPY,GDP,gdp_qoq,270,tankan_large_all_industry_capex,Tankan Large All Industry Capex,Growth,3,39,-0.212923,0.212923,low_correlation,2026-04-25T22:25:54.019571+00:00
2485,JP,JPY,GDP,gdp_qoq,271,tankan_large_manufacturing_outlook,Tankan Large Manufacturing Outlook,Growth,3,39,-0.236783,0.236783,low_correlation,2026-04-25T22:25:54.019571+00:00
2486,JP,JPY,GDP,gdp_qoq,271,tankan_large_manufacturing_outlook,Tankan Large Manufacturing Outlook,Growth,0,41,-0.038209,0.038209,low_correlation,2026-04-25T22:25:54.019571+00:00
2487,JP,JPY,GDP,gdp_qoq,271,tankan_large_manufacturing_outlook,Tankan Large Manufacturing Outlook,Growth,6,37,-0.031105,0.031105,low_correlation,2026-04-25T22:25:54.019571+00:00
2488,JP,JPY,GDP,gdp_qoq,272,tankan_large_non_manufacturing_index,Tankan Large Non-Manufacturing Index,Growth,6,37,0.282068,0.282068,low_correlation,2026-04-25T22:25:54.019571+00:00
2489,JP,JPY,GDP,gdp_qoq,272,tankan_large_non_manufacturing_index,Tankan Large Non-Manufacturing Index,Growth,3,39,-0.150672,0.150672,low_correlation,2026-04-25T22:25:54.019571+00:00
2490,JP,JPY,GDP,gdp_qoq,273,tankan_non_manufacturing_outlook,Tankan Non-Manufacturing Outlook,Growth,0,41,-0.167938,0.167938,low_correlation,2026-04-25T22:25:54.019571+00:00
2491,JP,JPY,GDP,gdp_qoq,273,tankan_non_manufacturing_outlook,Tankan Non-Manufacturing Outlook,Growth,3,39,-0.146681,0.146681,low_correlation,2026-04-25T22:25:54.019571+00:00
2492,JP,JPY,GDP,gdp_qoq,273,tankan_non_manufacturing_outlook,Tankan Non-Manufacturing Outlook,Growth,6,37,0.056630,0.056630,low_correlation,2026-04-25T22:25:54.019571+00:00
2493,JP,JPY,GDP,gdp_qoq,274,tankan_small_manufacturers_index,Tankan Small Manufacturers Index,Growth,3,37,-0.348846,0.348846,low_correlation,2026-04-25T22:25:54.019571+00:00
2494,JP,JPY,GDP,gdp_qoq,274,tankan_small_manufacturers_index,Tankan Small Manufacturers Index,Growth,0,39,-0.293658,0.293658,low_correlation,2026-04-25T22:25:54.019571+00:00
2495,JP,JPY,UNEMPLOYMENT,unemployment_rate,104,gdp_qoq,GDP (QoQ),Growth,5,43,-0.167460,0.167460,low_correlation,2026-04-25T22:25:54.019571+00:00
2496,JP,JPY,UNEMPLOYMENT,unemployment_rate,104,gdp_qoq,GDP (QoQ),Growth,6,44,-0.126299,0.126299,low_correlation,2026-04-25T22:25:54.019571+00:00
2497,JP,JPY,UNEMPLOYMENT,unemployment_rate,104,gdp_qoq,GDP (QoQ),Growth,4,44,-0.071096,0.071096,low_correlation,2026-04-25T22:25:54.019571+00:00
2498,JP,JPY,UNEMPLOYMENT,unemployment_rate,104,gdp_qoq,GDP (QoQ),Growth,3,23,0.006189,0.006189,low_sample_and_low_correlation,2026-04-25T22:25:54.019571+00:00
2499,JP,JPY,UNEMPLOYMENT,unemployment_rate,105,tertiary_industry_index_mom,Tertiary Industry Index (MoM),Growth,5,68,-0.204058,0.204058,low_correlation,2026-04-25T22:25:54.019571+00:00
2500,JP,JPY,UNEMPLOYMENT,unemployment_rate,105,tertiary_industry_index_mom,Tertiary Industry Index (MoM),Growth,6,67,-0.175164,0.175164,low_correlation,2026-04-25T22:25:54.019571+00:00
2501,JP,JPY,UNEMPLOYMENT,unemployment_rate,105,tertiary_industry_index_mom,Tertiary Industry Index (MoM),Growth,4,69,-0.088969,0.088969,low_correlation,2026-04-25T22:25:54.019571+00:00
2502,JP,JPY,UNEMPLOYMENT,unemployment_rate,105,tertiary_industry_index_mom,Tertiary Industry Index (MoM),Growth,3,70,0.050444,0.050444,low_correlation,2026-04-25T22:25:54.019571+00:00
2503,JP,JPY,UNEMPLOYMENT,unemployment_rate,105,tertiary_industry_index_mom,Tertiary Industry Index (MoM),Growth,1,72,-0.040836,0.040836,low_correlation,2026-04-25T22:25:54.019571+00:00
2504,JP,JPY,UNEMPLOYMENT,unemployment_rate,105,tertiary_industry_index_mom,Tertiary Industry Index (MoM),Growth,2,71,-0.003892,0.003892,low_correlation,2026-04-25T22:25:54.019571+00:00
2505,JP,JPY,UNEMPLOYMENT,unemployment_rate,107,balance_of_trade,Balance of Trade,Growth,3,70,0.076284,0.076284,low_correlation,2026-04-25T22:25:54.019571+00:00
2506,JP,JPY,UNEMPLOYMENT,unemployment_rate,107,balance_of_trade,Balance of Trade,Growth,5,68,0.075546,0.075546,low_correlation,2026-04-25T22:25:54.019571+00:00
2507,JP,JPY,UNEMPLOYMENT,unemployment_rate,107,balance_of_trade,Balance of Trade,Growth,6,67,0.073823,0.073823,low_correlation,2026-04-25T22:25:54.019571+00:00
2508,JP,JPY,UNEMPLOYMENT,unemployment_rate,107,balance_of_trade,Balance of Trade,Growth,2,71,0.067666,0.067666,low_correlation,2026-04-25T22:25:54.019571+00:00
2509,JP,JPY,UNEMPLOYMENT,unemployment_rate,107,balance_of_trade,Balance of Trade,Growth,1,72,0.060709,0.060709,low_correlation,2026-04-25T22:25:54.019571+00:00
2510,JP,JPY,UNEMPLOYMENT,unemployment_rate,107,balance_of_trade,Balance of Trade,Growth,4,69,0.029562,0.029562,low_correlation,2026-04-25T22:25:54.019571+00:00
2511,JP,JPY,UNEMPLOYMENT,unemployment_rate,107,balance_of_trade,Balance of Trade,Growth,0,73,-0.029045,0.029045,low_correlation,2026-04-25T22:25:54.019571+00:00
2512,JP,JPY,UNEMPLOYMENT,unemployment_rate,108,exports_yoy,Exports (YoY),Growth,0,73,0.170628,0.170628,low_correlation,2026-04-25T22:25:54.019571+00:00
2513,JP,JPY,UNEMPLOYMENT,unemployment_rate,108,exports_yoy,Exports (YoY),Growth,1,72,0.127037,0.127037,low_correlation,2026-04-25T22:25:54.019571+00:00
2514,JP,JPY,UNEMPLOYMENT,unemployment_rate,108,exports_yoy,Exports (YoY),Growth,2,71,0.088788,0.088788,low_correlation,2026-04-25T22:25:54.019571+00:00
2515,JP,JPY,UNEMPLOYMENT,unemployment_rate,108,exports_yoy,Exports (YoY),Growth,4,69,-0.033748,0.033748,low_correlation,2026-04-25T22:25:54.019571+00:00
2516,JP,JPY,UNEMPLOYMENT,unemployment_rate,108,exports_yoy,Exports (YoY),Growth,6,67,0.014850,0.014850,low_correlation,2026-04-25T22:25:54.019571+00:00
2517,JP,JPY,UNEMPLOYMENT,unemployment_rate,108,exports_yoy,Exports (YoY),Growth,5,68,-0.009767,0.009767,low_correlation,2026-04-25T22:25:54.019571+00:00
2518,JP,JPY,UNEMPLOYMENT,unemployment_rate,108,exports_yoy,Exports (YoY),Growth,3,70,0.007272,0.007272,low_correlation,2026-04-25T22:25:54.019571+00:00
2519,JP,JPY,UNEMPLOYMENT,unemployment_rate,109,imports_yoy,Imports (YoY),Growth,0,73,0.245325,0.245325,low_correlation,2026-04-25T22:25:54.019571+00:00
2520,JP,JPY,UNEMPLOYMENT,unemployment_rate,109,imports_yoy,Imports (YoY),Growth,6,67,-0.147875,0.147875,low_correlation,2026-04-25T22:25:54.019571+00:00
2521,JP,JPY,UNEMPLOYMENT,unemployment_rate,109,imports_yoy,Imports (YoY),Growth,2,71,0.094580,0.094580,low_correlation,2026-04-25T22:25:54.019571+00:00
2522,JP,JPY,UNEMPLOYMENT,unemployment_rate,109,imports_yoy,Imports (YoY),Growth,1,72,0.073033,0.073033,low_correlation,2026-04-25T22:25:54.019571+00:00
2523,JP,JPY,UNEMPLOYMENT,unemployment_rate,109,imports_yoy,Imports (YoY),Growth,5,68,-0.064170,0.064170,low_correlation,2026-04-25T22:25:54.019571+00:00
2524,JP,JPY,UNEMPLOYMENT,unemployment_rate,109,imports_yoy,Imports (YoY),Growth,4,69,-0.042695,0.042695,low_correlation,2026-04-25T22:25:54.019571+00:00
2525,JP,JPY,UNEMPLOYMENT,unemployment_rate,109,imports_yoy,Imports (YoY),Growth,3,70,-0.041498,0.041498,low_correlation,2026-04-25T22:25:54.019571+00:00
2526,JP,JPY,UNEMPLOYMENT,unemployment_rate,110,manufacturing_pmi,S&P Global Manufacturing PMI,Growth,2,136,0.231532,0.231532,low_correlation,2026-04-25T22:25:54.019571+00:00
2527,JP,JPY,UNEMPLOYMENT,unemployment_rate,110,manufacturing_pmi,S&P Global Manufacturing PMI,Growth,0,137,0.205710,0.205710,low_correlation,2026-04-25T22:25:54.019571+00:00
2528,JP,JPY,UNEMPLOYMENT,unemployment_rate,110,manufacturing_pmi,S&P Global Manufacturing PMI,Growth,1,137,0.175397,0.175397,low_correlation,2026-04-25T22:25:54.019571+00:00
2529,JP,JPY,UNEMPLOYMENT,unemployment_rate,110,manufacturing_pmi,S&P Global Manufacturing PMI,Growth,3,134,0.170320,0.170320,low_correlation,2026-04-25T22:25:54.019571+00:00
2530,JP,JPY,UNEMPLOYMENT,unemployment_rate,110,manufacturing_pmi,S&P Global Manufacturing PMI,Growth,4,133,0.148730,0.148730,low_correlation,2026-04-25T22:25:54.019571+00:00
2531,JP,JPY,UNEMPLOYMENT,unemployment_rate,110,manufacturing_pmi,S&P Global Manufacturing PMI,Growth,6,129,0.036411,0.036411,low_correlation,2026-04-25T22:25:54.019571+00:00
2532,JP,JPY,UNEMPLOYMENT,unemployment_rate,110,manufacturing_pmi,S&P Global Manufacturing PMI,Growth,5,131,0.009184,0.009184,low_correlation,2026-04-25T22:25:54.019571+00:00
2533,JP,JPY,UNEMPLOYMENT,unemployment_rate,111,services_pmi,S&P Global Services PMI,Growth,2,143,0.247904,0.247904,low_correlation,2026-04-25T22:25:54.019571+00:00
2534,JP,JPY,UNEMPLOYMENT,unemployment_rate,111,services_pmi,S&P Global Services PMI,Growth,3,141,0.176957,0.176957,low_correlation,2026-04-25T22:25:54.019571+00:00
2535,JP,JPY,UNEMPLOYMENT,unemployment_rate,111,services_pmi,S&P Global Services PMI,Growth,0,145,0.157587,0.157587,low_correlation,2026-04-25T22:25:54.019571+00:00
2536,JP,JPY,UNEMPLOYMENT,unemployment_rate,111,services_pmi,S&P Global Services PMI,Growth,1,144,0.155629,0.155629,low_correlation,2026-04-25T22:25:54.019571+00:00
2537,JP,JPY,UNEMPLOYMENT,unemployment_rate,111,services_pmi,S&P Global Services PMI,Growth,4,139,0.129212,0.129212,low_correlation,2026-04-25T22:25:54.019571+00:00
2538,JP,JPY,UNEMPLOYMENT,unemployment_rate,111,services_pmi,S&P Global Services PMI,Growth,5,137,0.024714,0.024714,low_correlation,2026-04-25T22:25:54.019571+00:00
2539,JP,JPY,UNEMPLOYMENT,unemployment_rate,111,services_pmi,S&P Global Services PMI,Growth,6,135,0.002861,0.002861,low_correlation,2026-04-25T22:25:54.019571+00:00
2540,JP,JPY,UNEMPLOYMENT,unemployment_rate,112,composite_pmi,S&P Global Composite PMI,Growth,2,133,0.250836,0.250836,low_correlation,2026-04-25T22:25:54.019571+00:00
2541,JP,JPY,UNEMPLOYMENT,unemployment_rate,112,composite_pmi,S&P Global Composite PMI,Growth,0,135,0.182612,0.182612,low_correlation,2026-04-25T22:25:54.019571+00:00
2542,JP,JPY,UNEMPLOYMENT,unemployment_rate,112,composite_pmi,S&P Global Composite PMI,Growth,3,133,0.150505,0.150505,low_correlation,2026-04-25T22:25:54.019571+00:00
2543,JP,JPY,UNEMPLOYMENT,unemployment_rate,112,composite_pmi,S&P Global Composite PMI,Growth,1,134,0.136857,0.136857,low_correlation,2026-04-25T22:25:54.019571+00:00
2544,JP,JPY,UNEMPLOYMENT,unemployment_rate,112,composite_pmi,S&P Global Composite PMI,Growth,4,132,0.106856,0.106856,low_correlation,2026-04-25T22:25:54.019571+00:00
2545,JP,JPY,UNEMPLOYMENT,unemployment_rate,112,composite_pmi,S&P Global Composite PMI,Growth,5,132,-0.058084,0.058084,low_correlation,2026-04-25T22:25:54.019571+00:00
2546,JP,JPY,UNEMPLOYMENT,unemployment_rate,112,composite_pmi,S&P Global Composite PMI,Growth,6,131,-0.009325,0.009325,low_correlation,2026-04-25T22:25:54.019571+00:00
2547,JP,JPY,UNEMPLOYMENT,unemployment_rate,192,industrial_production_mom,Industrial Production (MoM),Growth,6,164,-0.203567,0.203567,low_correlation,2026-04-25T22:25:54.019571+00:00
2548,JP,JPY,UNEMPLOYMENT,unemployment_rate,192,industrial_production_mom,Industrial Production (MoM),Growth,5,168,-0.152589,0.152589,low_correlation,2026-04-25T22:25:54.019571+00:00
2549,JP,JPY,UNEMPLOYMENT,unemployment_rate,192,industrial_production_mom,Industrial Production (MoM),Growth,2,176,-0.144140,0.144140,low_correlation,2026-04-25T22:25:54.019571+00:00
2550,JP,JPY,UNEMPLOYMENT,unemployment_rate,192,industrial_production_mom,Industrial Production (MoM),Growth,0,53,0.049573,0.049573,low_correlation,2026-04-25T22:25:54.019571+00:00
2551,JP,JPY,UNEMPLOYMENT,unemployment_rate,192,industrial_production_mom,Industrial Production (MoM),Growth,4,172,-0.008351,0.008351,low_correlation,2026-04-25T22:25:54.019571+00:00
2552,JP,JPY,UNEMPLOYMENT,unemployment_rate,192,industrial_production_mom,Industrial Production (MoM),Growth,3,175,0.001955,0.001955,low_correlation,2026-04-25T22:25:54.019571+00:00
2553,JP,JPY,UNEMPLOYMENT,unemployment_rate,192,industrial_production_mom,Industrial Production (MoM),Growth,1,177,0.000592,0.000592,low_correlation,2026-04-25T22:25:54.019571+00:00
2554,JP,JPY,UNEMPLOYMENT,unemployment_rate,193,industrial_production_yoy,Industrial Production (YoY),Growth,5,138,-0.132523,0.132523,low_correlation,2026-04-25T22:25:54.019571+00:00
2555,JP,JPY,UNEMPLOYMENT,unemployment_rate,193,industrial_production_yoy,Industrial Production (YoY),Growth,2,142,0.100346,0.100346,low_correlation,2026-04-25T22:25:54.019571+00:00
2556,JP,JPY,UNEMPLOYMENT,unemployment_rate,193,industrial_production_yoy,Industrial Production (YoY),Growth,6,136,-0.071376,0.071376,low_correlation,2026-04-25T22:25:54.019571+00:00
2557,JP,JPY,UNEMPLOYMENT,unemployment_rate,193,industrial_production_yoy,Industrial Production (YoY),Growth,4,140,-0.071278,0.071278,low_correlation,2026-04-25T22:25:54.019571+00:00
2558,JP,JPY,UNEMPLOYMENT,unemployment_rate,193,industrial_production_yoy,Industrial Production (YoY),Growth,0,18,-0.022289,0.022289,low_sample_and_low_correlation,2026-04-25T22:25:54.019571+00:00
2559,JP,JPY,UNEMPLOYMENT,unemployment_rate,193,industrial_production_yoy,Industrial Production (YoY),Growth,3,141,0.020337,0.020337,low_correlation,2026-04-25T22:25:54.019571+00:00
2560,JP,JPY,UNEMPLOYMENT,unemployment_rate,193,industrial_production_yoy,Industrial Production (YoY),Growth,1,143,-0.019493,0.019493,low_correlation,2026-04-25T22:25:54.019571+00:00
2561,JP,JPY,UNEMPLOYMENT,unemployment_rate,194,leading_economic_index,Leading Economic Index,Growth,3,139,0.187062,0.187062,low_correlation,2026-04-25T22:25:54.019571+00:00
2562,JP,JPY,UNEMPLOYMENT,unemployment_rate,194,leading_economic_index,Leading Economic Index,Growth,2,141,0.150857,0.150857,low_correlation,2026-04-25T22:25:54.019571+00:00
2563,JP,JPY,UNEMPLOYMENT,unemployment_rate,194,leading_economic_index,Leading Economic Index,Growth,1,142,0.111342,0.111342,low_correlation,2026-04-25T22:25:54.019571+00:00
2564,JP,JPY,UNEMPLOYMENT,unemployment_rate,194,leading_economic_index,Leading Economic Index,Growth,5,135,0.043624,0.043624,low_correlation,2026-04-25T22:25:54.019571+00:00
2565,JP,JPY,UNEMPLOYMENT,unemployment_rate,194,leading_economic_index,Leading Economic Index,Growth,4,137,0.040388,0.040388,low_correlation,2026-04-25T22:25:54.019571+00:00
2566,JP,JPY,UNEMPLOYMENT,unemployment_rate,194,leading_economic_index,Leading Economic Index,Growth,6,134,0.029656,0.029656,low_correlation,2026-04-25T22:25:54.019571+00:00
2567,JP,JPY,UNEMPLOYMENT,unemployment_rate,195,coincident_index,Coincident Index,Growth,5,141,-0.154645,0.154645,low_correlation,2026-04-25T22:25:54.019571+00:00
2568,JP,JPY,UNEMPLOYMENT,unemployment_rate,195,coincident_index,Coincident Index,Growth,6,139,-0.119924,0.119924,low_correlation,2026-04-25T22:25:54.019571+00:00
2569,JP,JPY,UNEMPLOYMENT,unemployment_rate,195,coincident_index,Coincident Index,Growth,3,145,0.052489,0.052489,low_correlation,2026-04-25T22:25:54.019571+00:00
2570,JP,JPY,UNEMPLOYMENT,unemployment_rate,195,coincident_index,Coincident Index,Growth,4,143,-0.034679,0.034679,low_correlation,2026-04-25T22:25:54.019571+00:00
2571,JP,JPY,UNEMPLOYMENT,unemployment_rate,195,coincident_index,Coincident Index,Growth,2,146,0.011346,0.011346,low_correlation,2026-04-25T22:25:54.019571+00:00
2572,JP,JPY,UNEMPLOYMENT,unemployment_rate,195,coincident_index,Coincident Index,Growth,1,147,0.009100,0.009100,low_correlation,2026-04-25T22:25:54.019571+00:00
2573,JP,JPY,UNEMPLOYMENT,unemployment_rate,196,machine_tool_orders_yoy,Machine Tool Orders (YoY),Growth,2,71,0.192634,0.192634,low_correlation,2026-04-25T22:25:54.019571+00:00
2574,JP,JPY,UNEMPLOYMENT,unemployment_rate,196,machine_tool_orders_yoy,Machine Tool Orders (YoY),Growth,0,73,0.186866,0.186866,low_correlation,2026-04-25T22:25:54.019571+00:00
2575,JP,JPY,UNEMPLOYMENT,unemployment_rate,196,machine_tool_orders_yoy,Machine Tool Orders (YoY),Growth,3,70,0.180512,0.180512,low_correlation,2026-04-25T22:25:54.019571+00:00
2576,JP,JPY,UNEMPLOYMENT,unemployment_rate,196,machine_tool_orders_yoy,Machine Tool Orders (YoY),Growth,1,72,0.165214,0.165214,low_correlation,2026-04-25T22:25:54.019571+00:00
2577,JP,JPY,UNEMPLOYMENT,unemployment_rate,196,machine_tool_orders_yoy,Machine Tool Orders (YoY),Growth,6,67,0.134485,0.134485,low_correlation,2026-04-25T22:25:54.019571+00:00
2578,JP,JPY,UNEMPLOYMENT,unemployment_rate,196,machine_tool_orders_yoy,Machine Tool Orders (YoY),Growth,5,68,0.123351,0.123351,low_correlation,2026-04-25T22:25:54.019571+00:00
2579,JP,JPY,UNEMPLOYMENT,unemployment_rate,196,machine_tool_orders_yoy,Machine Tool Orders (YoY),Growth,4,69,0.074109,0.074109,low_correlation,2026-04-25T22:25:54.019571+00:00
2580,JP,JPY,UNEMPLOYMENT,unemployment_rate,197,foreign_bond_investment,Foreign Bond Investment,Growth,2,311,0.048096,0.048096,low_correlation,2026-04-25T22:25:54.019571+00:00
2581,JP,JPY,UNEMPLOYMENT,unemployment_rate,197,foreign_bond_investment,Foreign Bond Investment,Growth,5,298,0.023731,0.023731,low_correlation,2026-04-25T22:25:54.019571+00:00
2582,JP,JPY,UNEMPLOYMENT,unemployment_rate,197,foreign_bond_investment,Foreign Bond Investment,Growth,6,294,-0.008525,0.008525,low_correlation,2026-04-25T22:25:54.019571+00:00
2583,JP,JPY,UNEMPLOYMENT,unemployment_rate,197,foreign_bond_investment,Foreign Bond Investment,Growth,3,307,-0.005963,0.005963,low_correlation,2026-04-25T22:25:54.019571+00:00
2584,JP,JPY,UNEMPLOYMENT,unemployment_rate,197,foreign_bond_investment,Foreign Bond Investment,Growth,4,302,-0.005477,0.005477,low_correlation,2026-04-25T22:25:54.019571+00:00
2585,JP,JPY,UNEMPLOYMENT,unemployment_rate,197,foreign_bond_investment,Foreign Bond Investment,Growth,0,319,-0.002995,0.002995,low_correlation,2026-04-25T22:25:54.019571+00:00
2586,JP,JPY,UNEMPLOYMENT,unemployment_rate,197,foreign_bond_investment,Foreign Bond Investment,Growth,1,315,0.000697,0.000697,low_correlation,2026-04-25T22:25:54.019571+00:00
2587,JP,JPY,UNEMPLOYMENT,unemployment_rate,198,stock_investment_by_foreigners,Stock Investment by Foreigners,Growth,4,302,0.115986,0.115986,low_correlation,2026-04-25T22:25:54.019571+00:00
2588,JP,JPY,UNEMPLOYMENT,unemployment_rate,198,stock_investment_by_foreigners,Stock Investment by Foreigners,Growth,5,298,0.087392,0.087392,low_correlation,2026-04-25T22:25:54.019571+00:00
2589,JP,JPY,UNEMPLOYMENT,unemployment_rate,198,stock_investment_by_foreigners,Stock Investment by Foreigners,Growth,1,315,0.068666,0.068666,low_correlation,2026-04-25T22:25:54.019571+00:00
2590,JP,JPY,UNEMPLOYMENT,unemployment_rate,198,stock_investment_by_foreigners,Stock Investment by Foreigners,Growth,3,307,0.066619,0.066619,low_correlation,2026-04-25T22:25:54.019571+00:00
2591,JP,JPY,UNEMPLOYMENT,unemployment_rate,198,stock_investment_by_foreigners,Stock Investment by Foreigners,Growth,6,294,0.055864,0.055864,low_correlation,2026-04-25T22:25:54.019571+00:00
2592,JP,JPY,UNEMPLOYMENT,unemployment_rate,198,stock_investment_by_foreigners,Stock Investment by Foreigners,Growth,2,311,0.029763,0.029763,low_correlation,2026-04-25T22:25:54.019571+00:00
2593,JP,JPY,UNEMPLOYMENT,unemployment_rate,198,stock_investment_by_foreigners,Stock Investment by Foreigners,Growth,0,319,0.017951,0.017951,low_correlation,2026-04-25T22:25:54.019571+00:00
2594,JP,JPY,UNEMPLOYMENT,unemployment_rate,251,current_account,Current Account,Growth,2,72,-0.102555,0.102555,low_correlation,2026-04-25T22:25:54.019571+00:00
2595,JP,JPY,UNEMPLOYMENT,unemployment_rate,251,current_account,Current Account,Growth,6,68,0.075593,0.075593,low_correlation,2026-04-25T22:25:54.019571+00:00
2596,JP,JPY,UNEMPLOYMENT,unemployment_rate,251,current_account,Current Account,Growth,1,73,-0.058647,0.058647,low_correlation,2026-04-25T22:25:54.019571+00:00
2597,JP,JPY,UNEMPLOYMENT,unemployment_rate,251,current_account,Current Account,Growth,3,71,0.044298,0.044298,low_correlation,2026-04-25T22:25:54.019571+00:00
2598,JP,JPY,UNEMPLOYMENT,unemployment_rate,251,current_account,Current Account,Growth,4,70,-0.034036,0.034036,low_correlation,2026-04-25T22:25:54.019571+00:00
2599,JP,JPY,UNEMPLOYMENT,unemployment_rate,251,current_account,Current Account,Growth,5,69,-0.027788,0.027788,low_correlation,2026-04-25T22:25:54.019571+00:00
2600,JP,JPY,UNEMPLOYMENT,unemployment_rate,256,leading_index_mom,Leading Index (MoM),Growth,1,32,0.077444,0.077444,low_correlation,2026-04-25T22:25:54.019571+00:00
2601,JP,JPY,UNEMPLOYMENT,unemployment_rate,256,leading_index_mom,Leading Index (MoM),Growth,4,29,0.064588,0.064588,low_correlation,2026-04-25T22:25:54.019571+00:00
2602,JP,JPY,UNEMPLOYMENT,unemployment_rate,256,leading_index_mom,Leading Index (MoM),Growth,6,27,-0.053723,0.053723,low_correlation,2026-04-25T22:25:54.019571+00:00
2603,JP,JPY,UNEMPLOYMENT,unemployment_rate,256,leading_index_mom,Leading Index (MoM),Growth,2,31,-0.043505,0.043505,low_correlation,2026-04-25T22:25:54.019571+00:00
2604,JP,JPY,UNEMPLOYMENT,unemployment_rate,256,leading_index_mom,Leading Index (MoM),Growth,5,28,0.013470,0.013470,low_correlation,2026-04-25T22:25:54.019571+00:00
2605,JP,JPY,UNEMPLOYMENT,unemployment_rate,257,coincident_indicator_mom,Coincident Indicator (MoM),Growth,4,29,0.326228,0.326228,low_correlation,2026-04-25T22:25:54.019571+00:00
2606,JP,JPY,UNEMPLOYMENT,unemployment_rate,257,coincident_indicator_mom,Coincident Indicator (MoM),Growth,6,27,-0.274383,0.274383,low_correlation,2026-04-25T22:25:54.019571+00:00
2607,JP,JPY,UNEMPLOYMENT,unemployment_rate,257,coincident_indicator_mom,Coincident Indicator (MoM),Growth,5,28,-0.179935,0.179935,low_correlation,2026-04-25T22:25:54.019571+00:00
2608,JP,JPY,UNEMPLOYMENT,unemployment_rate,257,coincident_indicator_mom,Coincident Indicator (MoM),Growth,2,31,-0.104814,0.104814,low_correlation,2026-04-25T22:25:54.019571+00:00
2609,JP,JPY,UNEMPLOYMENT,unemployment_rate,257,coincident_indicator_mom,Coincident Indicator (MoM),Growth,1,31,-0.073601,0.073601,low_correlation,2026-04-25T22:25:54.019571+00:00
2610,JP,JPY,UNEMPLOYMENT,unemployment_rate,257,coincident_indicator_mom,Coincident Indicator (MoM),Growth,3,30,0.036454,0.036454,low_correlation,2026-04-25T22:25:54.019571+00:00
2611,JP,JPY,UNEMPLOYMENT,unemployment_rate,258,capacity_utilization,Capacity Utilization,Growth,2,71,-0.123382,0.123382,low_correlation,2026-04-25T22:25:54.019571+00:00
2612,JP,JPY,UNEMPLOYMENT,unemployment_rate,258,capacity_utilization,Capacity Utilization,Growth,1,72,-0.100022,0.100022,low_correlation,2026-04-25T22:25:54.019571+00:00
2613,JP,JPY,UNEMPLOYMENT,unemployment_rate,258,capacity_utilization,Capacity Utilization,Growth,4,69,0.078332,0.078332,low_correlation,2026-04-25T22:25:54.019571+00:00
2614,JP,JPY,UNEMPLOYMENT,unemployment_rate,258,capacity_utilization,Capacity Utilization,Growth,3,70,-0.070390,0.070390,low_correlation,2026-04-25T22:25:54.019571+00:00
2615,JP,JPY,UNEMPLOYMENT,unemployment_rate,258,capacity_utilization,Capacity Utilization,Growth,6,67,-0.062231,0.062231,low_correlation,2026-04-25T22:25:54.019571+00:00
2616,JP,JPY,UNEMPLOYMENT,unemployment_rate,258,capacity_utilization,Capacity Utilization,Growth,5,68,0.022745,0.022745,low_correlation,2026-04-25T22:25:54.019571+00:00
2617,JP,JPY,UNEMPLOYMENT,unemployment_rate,259,machinery_orders_mom,Machinery Orders (MoM),Growth,2,71,0.116505,0.116505,low_correlation,2026-04-25T22:25:54.019571+00:00
2618,JP,JPY,UNEMPLOYMENT,unemployment_rate,259,machinery_orders_mom,Machinery Orders (MoM),Growth,4,69,-0.094347,0.094347,low_correlation,2026-04-25T22:25:54.019571+00:00
2619,JP,JPY,UNEMPLOYMENT,unemployment_rate,259,machinery_orders_mom,Machinery Orders (MoM),Growth,1,72,0.077140,0.077140,low_correlation,2026-04-25T22:25:54.019571+00:00
2620,JP,JPY,UNEMPLOYMENT,unemployment_rate,259,machinery_orders_mom,Machinery Orders (MoM),Growth,3,70,0.042823,0.042823,low_correlation,2026-04-25T22:25:54.019571+00:00
2621,JP,JPY,UNEMPLOYMENT,unemployment_rate,259,machinery_orders_mom,Machinery Orders (MoM),Growth,5,68,-0.041114,0.041114,low_correlation,2026-04-25T22:25:54.019571+00:00
2622,JP,JPY,UNEMPLOYMENT,unemployment_rate,259,machinery_orders_mom,Machinery Orders (MoM),Growth,6,67,0.007302,0.007302,low_correlation,2026-04-25T22:25:54.019571+00:00
2623,JP,JPY,UNEMPLOYMENT,unemployment_rate,260,machinery_orders_yoy,Machinery Orders (YoY),Growth,4,70,-0.121354,0.121354,low_correlation,2026-04-25T22:25:54.019571+00:00
2624,JP,JPY,UNEMPLOYMENT,unemployment_rate,260,machinery_orders_yoy,Machinery Orders (YoY),Growth,3,71,-0.086558,0.086558,low_correlation,2026-04-25T22:25:54.019571+00:00
2625,JP,JPY,UNEMPLOYMENT,unemployment_rate,260,machinery_orders_yoy,Machinery Orders (YoY),Growth,6,68,-0.080587,0.080587,low_correlation,2026-04-25T22:25:54.019571+00:00
2626,JP,JPY,UNEMPLOYMENT,unemployment_rate,260,machinery_orders_yoy,Machinery Orders (YoY),Growth,5,69,-0.076064,0.076064,low_correlation,2026-04-25T22:25:54.019571+00:00
2627,JP,JPY,UNEMPLOYMENT,unemployment_rate,260,machinery_orders_yoy,Machinery Orders (YoY),Growth,1,73,0.051754,0.051754,low_correlation,2026-04-25T22:25:54.019571+00:00
2628,JP,JPY,UNEMPLOYMENT,unemployment_rate,260,machinery_orders_yoy,Machinery Orders (YoY),Growth,2,72,0.041579,0.041579,low_correlation,2026-04-25T22:25:54.019571+00:00
2629,JP,JPY,UNEMPLOYMENT,unemployment_rate,261,household_spending_mom,Household Spending (MoM),Growth,2,72,0.126369,0.126369,low_correlation,2026-04-25T22:25:54.019571+00:00
2630,JP,JPY,UNEMPLOYMENT,unemployment_rate,261,household_spending_mom,Household Spending (MoM),Growth,5,69,-0.053077,0.053077,low_correlation,2026-04-25T22:25:54.019571+00:00
2631,JP,JPY,UNEMPLOYMENT,unemployment_rate,261,household_spending_mom,Household Spending (MoM),Growth,4,70,-0.033081,0.033081,low_correlation,2026-04-25T22:25:54.019571+00:00
2632,JP,JPY,UNEMPLOYMENT,unemployment_rate,261,household_spending_mom,Household Spending (MoM),Growth,6,68,-0.025498,0.025498,low_correlation,2026-04-25T22:25:54.019571+00:00
2633,JP,JPY,UNEMPLOYMENT,unemployment_rate,261,household_spending_mom,Household Spending (MoM),Growth,3,71,0.020961,0.020961,low_correlation,2026-04-25T22:25:54.019571+00:00
2634,JP,JPY,UNEMPLOYMENT,unemployment_rate,261,household_spending_mom,Household Spending (MoM),Growth,1,73,0.018033,0.018033,low_correlation,2026-04-25T22:25:54.019571+00:00
2635,JP,JPY,UNEMPLOYMENT,unemployment_rate,262,household_spending_yoy,Household Spending (YoY),Growth,4,70,-0.106596,0.106596,low_correlation,2026-04-25T22:25:54.019571+00:00
2636,JP,JPY,UNEMPLOYMENT,unemployment_rate,262,household_spending_yoy,Household Spending (YoY),Growth,6,68,-0.087694,0.087694,low_correlation,2026-04-25T22:25:54.019571+00:00
2637,JP,JPY,UNEMPLOYMENT,unemployment_rate,262,household_spending_yoy,Household Spending (YoY),Growth,3,71,-0.073761,0.073761,low_correlation,2026-04-25T22:25:54.019571+00:00
2638,JP,JPY,UNEMPLOYMENT,unemployment_rate,262,household_spending_yoy,Household Spending (YoY),Growth,1,73,0.032330,0.032330,low_correlation,2026-04-25T22:25:54.019571+00:00
2639,JP,JPY,UNEMPLOYMENT,unemployment_rate,262,household_spending_yoy,Household Spending (YoY),Growth,5,69,-0.029870,0.029870,low_correlation,2026-04-25T22:25:54.019571+00:00
2640,JP,JPY,UNEMPLOYMENT,unemployment_rate,262,household_spending_yoy,Household Spending (YoY),Growth,2,72,-0.026255,0.026255,low_correlation,2026-04-25T22:25:54.019571+00:00
2641,JP,JPY,UNEMPLOYMENT,unemployment_rate,263,retail_sales_mom,Retail Sales (MoM),Growth,6,67,-0.233621,0.233621,low_correlation,2026-04-25T22:25:54.019571+00:00
2642,JP,JPY,UNEMPLOYMENT,unemployment_rate,263,retail_sales_mom,Retail Sales (MoM),Growth,5,68,-0.219224,0.219224,low_correlation,2026-04-25T22:25:54.019571+00:00
2643,JP,JPY,UNEMPLOYMENT,unemployment_rate,263,retail_sales_mom,Retail Sales (MoM),Growth,4,69,-0.099494,0.099494,low_correlation,2026-04-25T22:25:54.019571+00:00
2644,JP,JPY,UNEMPLOYMENT,unemployment_rate,263,retail_sales_mom,Retail Sales (MoM),Growth,2,71,-0.063908,0.063908,low_correlation,2026-04-25T22:25:54.019571+00:00
2645,JP,JPY,UNEMPLOYMENT,unemployment_rate,263,retail_sales_mom,Retail Sales (MoM),Growth,0,30,-0.060686,0.060686,low_correlation,2026-04-25T22:25:54.019571+00:00
2646,JP,JPY,UNEMPLOYMENT,unemployment_rate,263,retail_sales_mom,Retail Sales (MoM),Growth,1,72,-0.034005,0.034005,low_correlation,2026-04-25T22:25:54.019571+00:00
2647,JP,JPY,UNEMPLOYMENT,unemployment_rate,263,retail_sales_mom,Retail Sales (MoM),Growth,3,70,0.002823,0.002823,low_correlation,2026-04-25T22:25:54.019571+00:00
2648,JP,JPY,UNEMPLOYMENT,unemployment_rate,264,retail_sales_yoy,Retail Sales (YoY),Growth,2,71,0.175696,0.175696,low_correlation,2026-04-25T22:25:54.019571+00:00
2649,JP,JPY,UNEMPLOYMENT,unemployment_rate,264,retail_sales_yoy,Retail Sales (YoY),Growth,1,72,0.155951,0.155951,low_correlation,2026-04-25T22:25:54.019571+00:00
2650,JP,JPY,UNEMPLOYMENT,unemployment_rate,264,retail_sales_yoy,Retail Sales (YoY),Growth,0,30,0.120881,0.120881,low_correlation,2026-04-25T22:25:54.019571+00:00
2651,JP,JPY,UNEMPLOYMENT,unemployment_rate,264,retail_sales_yoy,Retail Sales (YoY),Growth,4,69,-0.091315,0.091315,low_correlation,2026-04-25T22:25:54.019571+00:00
2652,JP,JPY,UNEMPLOYMENT,unemployment_rate,264,retail_sales_yoy,Retail Sales (YoY),Growth,5,68,-0.060767,0.060767,low_correlation,2026-04-25T22:25:54.019571+00:00
2653,JP,JPY,UNEMPLOYMENT,unemployment_rate,264,retail_sales_yoy,Retail Sales (YoY),Growth,3,70,0.047631,0.047631,low_correlation,2026-04-25T22:25:54.019571+00:00
2654,JP,JPY,UNEMPLOYMENT,unemployment_rate,264,retail_sales_yoy,Retail Sales (YoY),Growth,6,67,-0.008446,0.008446,low_correlation,2026-04-25T22:25:54.019571+00:00
2655,JP,JPY,UNEMPLOYMENT,unemployment_rate,265,consumer_confidence,Consumer Confidence,Growth,0,72,0.224357,0.224357,low_correlation,2026-04-25T22:25:54.019571+00:00
2656,JP,JPY,UNEMPLOYMENT,unemployment_rate,265,consumer_confidence,Consumer Confidence,Growth,1,71,0.186078,0.186078,low_correlation,2026-04-25T22:25:54.019571+00:00
2657,JP,JPY,UNEMPLOYMENT,unemployment_rate,265,consumer_confidence,Consumer Confidence,Growth,6,66,-0.182134,0.182134,low_correlation,2026-04-25T22:25:54.019571+00:00
2658,JP,JPY,UNEMPLOYMENT,unemployment_rate,265,consumer_confidence,Consumer Confidence,Growth,5,67,-0.162295,0.162295,low_correlation,2026-04-25T22:25:54.019571+00:00
2659,JP,JPY,UNEMPLOYMENT,unemployment_rate,265,consumer_confidence,Consumer Confidence,Growth,3,69,0.085248,0.085248,low_correlation,2026-04-25T22:25:54.019571+00:00
2660,JP,JPY,UNEMPLOYMENT,unemployment_rate,265,consumer_confidence,Consumer Confidence,Growth,2,70,0.062839,0.062839,low_correlation,2026-04-25T22:25:54.019571+00:00
2661,JP,JPY,UNEMPLOYMENT,unemployment_rate,265,consumer_confidence,Consumer Confidence,Growth,4,68,-0.043663,0.043663,low_correlation,2026-04-25T22:25:54.019571+00:00
2662,JP,JPY,UNEMPLOYMENT,unemployment_rate,266,eco_watchers_current,Eco Watchers Survey Current,Growth,1,73,0.196427,0.196427,low_correlation,2026-04-25T22:25:54.019571+00:00
2663,JP,JPY,UNEMPLOYMENT,unemployment_rate,266,eco_watchers_current,Eco Watchers Survey Current,Growth,0,73,0.181026,0.181026,low_correlation,2026-04-25T22:25:54.019571+00:00
2664,JP,JPY,UNEMPLOYMENT,unemployment_rate,266,eco_watchers_current,Eco Watchers Survey Current,Growth,6,69,-0.180808,0.180808,low_correlation,2026-04-25T22:25:54.019571+00:00
2665,JP,JPY,UNEMPLOYMENT,unemployment_rate,266,eco_watchers_current,Eco Watchers Survey Current,Growth,2,73,0.161959,0.161959,low_correlation,2026-04-25T22:25:54.019571+00:00
2666,JP,JPY,UNEMPLOYMENT,unemployment_rate,266,eco_watchers_current,Eco Watchers Survey Current,Growth,3,72,0.072018,0.072018,low_correlation,2026-04-25T22:25:54.019571+00:00
2667,JP,JPY,UNEMPLOYMENT,unemployment_rate,266,eco_watchers_current,Eco Watchers Survey Current,Growth,5,70,-0.064031,0.064031,low_correlation,2026-04-25T22:25:54.019571+00:00
2668,JP,JPY,UNEMPLOYMENT,unemployment_rate,266,eco_watchers_current,Eco Watchers Survey Current,Growth,4,71,0.038161,0.038161,low_correlation,2026-04-25T22:25:54.019571+00:00
2669,JP,JPY,UNEMPLOYMENT,unemployment_rate,267,eco_watchers_outlook,Eco Watchers Survey Outlook,Growth,2,72,0.248600,0.248600,low_correlation,2026-04-25T22:25:54.019571+00:00
2670,JP,JPY,UNEMPLOYMENT,unemployment_rate,267,eco_watchers_outlook,Eco Watchers Survey Outlook,Growth,1,73,0.225774,0.225774,low_correlation,2026-04-25T22:25:54.019571+00:00
2671,JP,JPY,UNEMPLOYMENT,unemployment_rate,267,eco_watchers_outlook,Eco Watchers Survey Outlook,Growth,0,74,0.211110,0.211110,low_correlation,2026-04-25T22:25:54.019571+00:00
2672,JP,JPY,UNEMPLOYMENT,unemployment_rate,267,eco_watchers_outlook,Eco Watchers Survey Outlook,Growth,4,70,0.188369,0.188369,low_correlation,2026-04-25T22:25:54.019571+00:00
2673,JP,JPY,UNEMPLOYMENT,unemployment_rate,267,eco_watchers_outlook,Eco Watchers Survey Outlook,Growth,3,71,0.184254,0.184254,low_correlation,2026-04-25T22:25:54.019571+00:00
2674,JP,JPY,UNEMPLOYMENT,unemployment_rate,267,eco_watchers_outlook,Eco Watchers Survey Outlook,Growth,6,68,-0.086833,0.086833,low_correlation,2026-04-25T22:25:54.019571+00:00
2675,JP,JPY,UNEMPLOYMENT,unemployment_rate,267,eco_watchers_outlook,Eco Watchers Survey Outlook,Growth,5,69,0.040124,0.040124,low_correlation,2026-04-25T22:25:54.019571+00:00
2676,JP,JPY,UNEMPLOYMENT,unemployment_rate,268,reuters_tankan_index,Reuters Tankan Index,Growth,0,72,0.220318,0.220318,low_correlation,2026-04-25T22:25:54.019571+00:00
2677,JP,JPY,UNEMPLOYMENT,unemployment_rate,268,reuters_tankan_index,Reuters Tankan Index,Growth,5,67,-0.206647,0.206647,low_correlation,2026-04-25T22:25:54.019571+00:00
2678,JP,JPY,UNEMPLOYMENT,unemployment_rate,268,reuters_tankan_index,Reuters Tankan Index,Growth,6,66,-0.189958,0.189958,low_correlation,2026-04-25T22:25:54.019571+00:00
2679,JP,JPY,UNEMPLOYMENT,unemployment_rate,268,reuters_tankan_index,Reuters Tankan Index,Growth,1,71,0.121806,0.121806,low_correlation,2026-04-25T22:25:54.019571+00:00
2680,JP,JPY,UNEMPLOYMENT,unemployment_rate,268,reuters_tankan_index,Reuters Tankan Index,Growth,4,68,-0.119313,0.119313,low_correlation,2026-04-25T22:25:54.019571+00:00
2681,JP,JPY,UNEMPLOYMENT,unemployment_rate,268,reuters_tankan_index,Reuters Tankan Index,Growth,2,70,-0.055484,0.055484,low_correlation,2026-04-25T22:25:54.019571+00:00
2682,JP,JPY,UNEMPLOYMENT,unemployment_rate,268,reuters_tankan_index,Reuters Tankan Index,Growth,3,69,-0.039828,0.039828,low_correlation,2026-04-25T22:25:54.019571+00:00
2683,JP,JPY,UNEMPLOYMENT,unemployment_rate,269,tankan_large_manufacturers_index,Tankan Large Manufacturers Index,Growth,1,8,-0.235288,0.235288,low_sample_and_low_correlation,2026-04-25T22:25:54.019571+00:00
2684,JP,JPY,UNEMPLOYMENT,unemployment_rate,269,tankan_large_manufacturers_index,Tankan Large Manufacturers Index,Growth,4,22,0.234734,0.234734,low_sample_and_low_correlation,2026-04-25T22:25:54.019571+00:00
2685,JP,JPY,UNEMPLOYMENT,unemployment_rate,269,tankan_large_manufacturers_index,Tankan Large Manufacturers Index,Growth,6,21,0.226012,0.226012,low_sample_and_low_correlation,2026-04-25T22:25:54.019571+00:00
2686,JP,JPY,UNEMPLOYMENT,unemployment_rate,269,tankan_large_manufacturers_index,Tankan Large Manufacturers Index,Growth,3,22,0.133017,0.133017,low_sample_and_low_correlation,2026-04-25T22:25:54.019571+00:00
2687,JP,JPY,UNEMPLOYMENT,unemployment_rate,269,tankan_large_manufacturers_index,Tankan Large Manufacturers Index,Growth,5,21,0.084941,0.084941,low_sample_and_low_correlation,2026-04-25T22:25:54.019571+00:00
2688,JP,JPY,UNEMPLOYMENT,unemployment_rate,269,tankan_large_manufacturers_index,Tankan Large Manufacturers Index,Growth,2,22,-0.071346,0.071346,low_sample_and_low_correlation,2026-04-25T22:25:54.019571+00:00
2689,JP,JPY,UNEMPLOYMENT,unemployment_rate,270,tankan_large_all_industry_capex,Tankan Large All Industry Capex,Growth,1,8,-0.623756,0.623756,low_sample,2026-04-25T22:25:54.019571+00:00
2690,JP,JPY,UNEMPLOYMENT,unemployment_rate,270,tankan_large_all_industry_capex,Tankan Large All Industry Capex,Growth,5,21,0.283094,0.283094,low_sample_and_low_correlation,2026-04-25T22:25:54.019571+00:00
2691,JP,JPY,UNEMPLOYMENT,unemployment_rate,270,tankan_large_all_industry_capex,Tankan Large All Industry Capex,Growth,3,22,-0.053702,0.053702,low_sample_and_low_correlation,2026-04-25T22:25:54.019571+00:00
2692,JP,JPY,UNEMPLOYMENT,unemployment_rate,270,tankan_large_all_industry_capex,Tankan Large All Industry Capex,Growth,4,22,-0.042869,0.042869,low_sample_and_low_correlation,2026-04-25T22:25:54.019571+00:00
2693,JP,JPY,UNEMPLOYMENT,unemployment_rate,270,tankan_large_all_industry_capex,Tankan Large All Industry Capex,Growth,6,21,-0.034288,0.034288,low_sample_and_low_correlation,2026-04-25T22:25:54.019571+00:00
2694,JP,JPY,UNEMPLOYMENT,unemployment_rate,270,tankan_large_all_industry_capex,Tankan Large All Industry Capex,Growth,2,22,-0.016053,0.016053,low_sample_and_low_correlation,2026-04-25T22:25:54.019571+00:00
2695,JP,JPY,UNEMPLOYMENT,unemployment_rate,271,tankan_large_manufacturing_outlook,Tankan Large Manufacturing Outlook,Growth,3,22,0.389049,0.389049,low_sample_and_low_correlation,2026-04-25T22:25:54.019571+00:00
2696,JP,JPY,UNEMPLOYMENT,unemployment_rate,271,tankan_large_manufacturing_outlook,Tankan Large Manufacturing Outlook,Growth,4,22,0.302901,0.302901,low_sample_and_low_correlation,2026-04-25T22:25:54.019571+00:00
2697,JP,JPY,UNEMPLOYMENT,unemployment_rate,271,tankan_large_manufacturing_outlook,Tankan Large Manufacturing Outlook,Growth,1,8,0.272160,0.272160,low_sample_and_low_correlation,2026-04-25T22:25:54.019571+00:00
2698,JP,JPY,UNEMPLOYMENT,unemployment_rate,271,tankan_large_manufacturing_outlook,Tankan Large Manufacturing Outlook,Growth,6,21,0.108750,0.108750,low_sample_and_low_correlation,2026-04-25T22:25:54.019571+00:00
2699,JP,JPY,UNEMPLOYMENT,unemployment_rate,271,tankan_large_manufacturing_outlook,Tankan Large Manufacturing Outlook,Growth,5,21,0.046470,0.046470,low_sample_and_low_correlation,2026-04-25T22:25:54.019571+00:00
2700,JP,JPY,UNEMPLOYMENT,unemployment_rate,271,tankan_large_manufacturing_outlook,Tankan Large Manufacturing Outlook,Growth,2,22,0.045565,0.045565,low_sample_and_low_correlation,2026-04-25T22:25:54.019571+00:00
2701,JP,JPY,UNEMPLOYMENT,unemployment_rate,272,tankan_large_non_manufacturing_index,Tankan Large Non-Manufacturing Index,Growth,6,21,-0.486920,0.486920,low_sample,2026-04-25T22:25:54.019571+00:00
2702,JP,JPY,UNEMPLOYMENT,unemployment_rate,272,tankan_large_non_manufacturing_index,Tankan Large Non-Manufacturing Index,Growth,1,8,-0.441713,0.441713,low_sample,2026-04-25T22:25:54.019571+00:00
2703,JP,JPY,UNEMPLOYMENT,unemployment_rate,272,tankan_large_non_manufacturing_index,Tankan Large Non-Manufacturing Index,Growth,3,22,-0.425320,0.425320,low_sample,2026-04-25T22:25:54.019571+00:00
2704,JP,JPY,UNEMPLOYMENT,unemployment_rate,272,tankan_large_non_manufacturing_index,Tankan Large Non-Manufacturing Index,Growth,4,22,-0.393038,0.393038,low_sample_and_low_correlation,2026-04-25T22:25:54.019571+00:00
2705,JP,JPY,UNEMPLOYMENT,unemployment_rate,272,tankan_large_non_manufacturing_index,Tankan Large Non-Manufacturing Index,Growth,5,21,-0.386930,0.386930,low_sample_and_low_correlation,2026-04-25T22:25:54.019571+00:00
2706,JP,JPY,UNEMPLOYMENT,unemployment_rate,272,tankan_large_non_manufacturing_index,Tankan Large Non-Manufacturing Index,Growth,2,22,-0.327386,0.327386,low_sample_and_low_correlation,2026-04-25T22:25:54.019571+00:00
2707,JP,JPY,UNEMPLOYMENT,unemployment_rate,273,tankan_non_manufacturing_outlook,Tankan Non-Manufacturing Outlook,Growth,1,8,-0.361541,0.361541,low_sample_and_low_correlation,2026-04-25T22:25:54.019571+00:00
2708,JP,JPY,UNEMPLOYMENT,unemployment_rate,273,tankan_non_manufacturing_outlook,Tankan Non-Manufacturing Outlook,Growth,5,21,-0.291195,0.291195,low_sample_and_low_correlation,2026-04-25T22:25:54.019571+00:00
2709,JP,JPY,UNEMPLOYMENT,unemployment_rate,273,tankan_non_manufacturing_outlook,Tankan Non-Manufacturing Outlook,Growth,6,21,-0.239604,0.239604,low_sample_and_low_correlation,2026-04-25T22:25:54.019571+00:00
2710,JP,JPY,UNEMPLOYMENT,unemployment_rate,273,tankan_non_manufacturing_outlook,Tankan Non-Manufacturing Outlook,Growth,4,22,-0.180713,0.180713,low_sample_and_low_correlation,2026-04-25T22:25:54.019571+00:00
2711,JP,JPY,UNEMPLOYMENT,unemployment_rate,273,tankan_non_manufacturing_outlook,Tankan Non-Manufacturing Outlook,Growth,2,22,-0.118449,0.118449,low_sample_and_low_correlation,2026-04-25T22:25:54.019571+00:00
2712,JP,JPY,UNEMPLOYMENT,unemployment_rate,273,tankan_non_manufacturing_outlook,Tankan Non-Manufacturing Outlook,Growth,3,22,0.035552,0.035552,low_sample_and_low_correlation,2026-04-25T22:25:54.019571+00:00
2713,JP,JPY,UNEMPLOYMENT,unemployment_rate,274,tankan_small_manufacturers_index,Tankan Small Manufacturers Index,Growth,1,8,-0.550669,0.550669,low_sample,2026-04-25T22:25:54.019571+00:00
2714,JP,JPY,UNEMPLOYMENT,unemployment_rate,274,tankan_small_manufacturers_index,Tankan Small Manufacturers Index,Growth,2,21,-0.303217,0.303217,low_sample_and_low_correlation,2026-04-25T22:25:54.019571+00:00
2715,JP,JPY,UNEMPLOYMENT,unemployment_rate,274,tankan_small_manufacturers_index,Tankan Small Manufacturers Index,Growth,5,20,0.180091,0.180091,low_sample_and_low_correlation,2026-04-25T22:25:54.019571+00:00
2716,JP,JPY,UNEMPLOYMENT,unemployment_rate,274,tankan_small_manufacturers_index,Tankan Small Manufacturers Index,Growth,3,21,-0.120774,0.120774,low_sample_and_low_correlation,2026-04-25T22:25:54.019571+00:00
2717,JP,JPY,UNEMPLOYMENT,unemployment_rate,274,tankan_small_manufacturers_index,Tankan Small Manufacturers Index,Growth,6,20,-0.025270,0.025270,low_sample_and_low_correlation,2026-04-25T22:25:54.019571+00:00
2718,JP,JPY,UNEMPLOYMENT,unemployment_rate,274,tankan_small_manufacturers_index,Tankan Small Manufacturers Index,Growth,4,21,-0.007439,0.007439,low_sample_and_low_correlation,2026-04-25T22:25:54.019571+00:00
2719,NZ,NZD,CPI,cpi_headline_yoy,138,unemployment_rate,Unemployment Rate,Labor,6,22,-0.587698,0.587698,low_sample,2026-04-25T22:25:54.019571+00:00
2720,NZ,NZD,CPI,cpi_headline_yoy,138,unemployment_rate,Unemployment Rate,Labor,3,23,-0.455494,0.455494,low_sample,2026-04-25T22:25:54.019571+00:00
2721,NZ,NZD,CPI,cpi_headline_yoy,140,cpi_headline_qoq,Headline CPI (QoQ),Inflation,6,22,0.333039,0.333039,low_sample_and_low_correlation,2026-04-25T22:25:54.019571+00:00
2722,NZ,NZD,CPI,cpi_headline_yoy,140,cpi_headline_qoq,Headline CPI (QoQ),Inflation,3,23,0.191478,0.191478,low_sample_and_low_correlation,2026-04-25T22:25:54.019571+00:00
2723,NZ,NZD,CPI,cpi_headline_yoy,140,cpi_headline_qoq,Headline CPI (QoQ),Inflation,0,24,0.020501,0.020501,low_correlation,2026-04-25T22:25:54.019571+00:00
2724,NZ,NZD,CPI,cpi_headline_yoy,141,consumer_price_index,Consumer Price Index,Inflation,6,9,0.503289,0.503289,low_sample,2026-04-25T22:25:54.019571+00:00
2725,NZ,NZD,CPI,cpi_headline_yoy,141,consumer_price_index,Consumer Price Index,Inflation,3,9,0.128059,0.128059,low_sample_and_low_correlation,2026-04-25T22:25:54.019571+00:00
2726,NZ,NZD,CPI,cpi_headline_yoy,141,consumer_price_index,Consumer Price Index,Inflation,0,10,0.006915,0.006915,low_sample_and_low_correlation,2026-04-25T22:25:54.019571+00:00
2727,NZ,NZD,CPI,cpi_headline_yoy,142,balance_of_trade,Balance of Trade,Growth,5,23,-0.137982,0.137982,low_sample_and_low_correlation,2026-04-25T22:25:54.019571+00:00
2728,NZ,NZD,CPI,cpi_headline_yoy,142,balance_of_trade,Balance of Trade,Growth,0,24,0.128506,0.128506,low_correlation,2026-04-25T22:25:54.019571+00:00
2729,NZ,NZD,CPI,cpi_headline_yoy,142,balance_of_trade,Balance of Trade,Growth,2,24,-0.119604,0.119604,low_correlation,2026-04-25T22:25:54.019571+00:00
2730,NZ,NZD,CPI,cpi_headline_yoy,142,balance_of_trade,Balance of Trade,Growth,1,24,0.099271,0.099271,low_correlation,2026-04-25T22:25:54.019571+00:00
2731,NZ,NZD,CPI,cpi_headline_yoy,142,balance_of_trade,Balance of Trade,Growth,3,23,0.087747,0.087747,low_sample_and_low_correlation,2026-04-25T22:25:54.019571+00:00
2732,NZ,NZD,CPI,cpi_headline_yoy,142,balance_of_trade,Balance of Trade,Growth,4,23,0.027281,0.027281,low_sample_and_low_correlation,2026-04-25T22:25:54.019571+00:00
2733,NZ,NZD,CPI,cpi_headline_yoy,142,balance_of_trade,Balance of Trade,Growth,6,22,0.026388,0.026388,low_sample_and_low_correlation,2026-04-25T22:25:54.019571+00:00
2734,NZ,NZD,CPI,cpi_headline_yoy,145,exports,Exports,Growth,6,22,0.147431,0.147431,low_sample_and_low_correlation,2026-04-25T22:25:54.019571+00:00
2735,NZ,NZD,CPI,cpi_headline_yoy,145,exports,Exports,Growth,4,23,0.137779,0.137779,low_sample_and_low_correlation,2026-04-25T22:25:54.019571+00:00
2736,NZ,NZD,CPI,cpi_headline_yoy,145,exports,Exports,Growth,5,23,-0.136487,0.136487,low_sample_and_low_correlation,2026-04-25T22:25:54.019571+00:00
2737,NZ,NZD,CPI,cpi_headline_yoy,145,exports,Exports,Growth,2,24,-0.132853,0.132853,low_correlation,2026-04-25T22:25:54.019571+00:00
2738,NZ,NZD,CPI,cpi_headline_yoy,145,exports,Exports,Growth,3,23,0.097295,0.097295,low_sample_and_low_correlation,2026-04-25T22:25:54.019571+00:00
2739,NZ,NZD,CPI,cpi_headline_yoy,145,exports,Exports,Growth,1,24,0.070458,0.070458,low_correlation,2026-04-25T22:25:54.019571+00:00
2740,NZ,NZD,CPI,cpi_headline_yoy,145,exports,Exports,Growth,0,24,0.053818,0.053818,low_correlation,2026-04-25T22:25:54.019571+00:00
2741,NZ,NZD,CPI,cpi_headline_yoy,146,imports,Imports,Growth,5,23,0.253070,0.253070,low_sample_and_low_correlation,2026-04-25T22:25:54.019571+00:00
2742,NZ,NZD,CPI,cpi_headline_yoy,146,imports,Imports,Growth,4,23,0.249343,0.249343,low_sample_and_low_correlation,2026-04-25T22:25:54.019571+00:00
2743,NZ,NZD,CPI,cpi_headline_yoy,146,imports,Imports,Growth,2,24,0.241868,0.241868,low_correlation,2026-04-25T22:25:54.019571+00:00
2744,NZ,NZD,CPI,cpi_headline_yoy,146,imports,Imports,Growth,0,23,-0.180751,0.180751,low_sample_and_low_correlation,2026-04-25T22:25:54.019571+00:00
2745,NZ,NZD,CPI,cpi_headline_yoy,146,imports,Imports,Growth,6,22,-0.119481,0.119481,low_sample_and_low_correlation,2026-04-25T22:25:54.019571+00:00
2746,NZ,NZD,CPI,cpi_headline_yoy,146,imports,Imports,Growth,1,24,0.074827,0.074827,low_correlation,2026-04-25T22:25:54.019571+00:00
2747,NZ,NZD,CPI,cpi_headline_yoy,146,imports,Imports,Growth,3,23,-0.028029,0.028029,low_sample_and_low_correlation,2026-04-25T22:25:54.019571+00:00
2748,NZ,NZD,CPI,cpi_headline_yoy,147,business_confidence,Business Confidence,Growth,5,24,-0.346884,0.346884,low_correlation,2026-04-25T22:25:54.019571+00:00
2749,NZ,NZD,CPI,cpi_headline_yoy,147,business_confidence,Business Confidence,Growth,6,24,-0.331052,0.331052,low_correlation,2026-04-25T22:25:54.019571+00:00
2750,NZ,NZD,CPI,cpi_headline_yoy,147,business_confidence,Business Confidence,Growth,3,25,-0.306470,0.306470,low_correlation,2026-04-25T22:25:54.019571+00:00
2751,NZ,NZD,CPI,cpi_headline_yoy,147,business_confidence,Business Confidence,Growth,2,25,-0.279652,0.279652,low_correlation,2026-04-25T22:25:54.019571+00:00
2752,NZ,NZD,CPI,cpi_headline_yoy,147,business_confidence,Business Confidence,Growth,4,25,0.232432,0.232432,low_correlation,2026-04-25T22:25:54.019571+00:00
2753,NZ,NZD,CPI,cpi_headline_yoy,147,business_confidence,Business Confidence,Growth,0,26,-0.201248,0.201248,low_correlation,2026-04-25T22:25:54.019571+00:00
2754,NZ,NZD,CPI,cpi_headline_yoy,147,business_confidence,Business Confidence,Growth,1,26,0.197986,0.197986,low_correlation,2026-04-25T22:25:54.019571+00:00
2755,NZ,NZD,CPI,cpi_headline_yoy,148,capacity_utilization,Capacity Utilization,Growth,3,24,-0.421593,0.421593,not_best_lag,2026-04-25T22:25:54.019571+00:00
2756,NZ,NZD,CPI,cpi_headline_yoy,148,capacity_utilization,Capacity Utilization,Growth,6,23,-0.294353,0.294353,low_sample_and_low_correlation,2026-04-25T22:25:54.019571+00:00
2757,NZ,NZD,CPI,cpi_headline_yoy,149,global_dairy_trade_price_index,Global Dairy Trade Price Index,Growth,1,15,-0.494720,0.494720,low_sample,2026-04-25T22:25:54.019571+00:00
2758,NZ,NZD,CPI,cpi_headline_yoy,149,global_dairy_trade_price_index,Global Dairy Trade Price Index,Growth,0,16,0.412571,0.412571,low_sample,2026-04-25T22:25:54.019571+00:00
2759,NZ,NZD,CPI,cpi_headline_yoy,149,global_dairy_trade_price_index,Global Dairy Trade Price Index,Growth,3,14,0.248785,0.248785,low_sample_and_low_correlation,2026-04-25T22:25:54.019571+00:00
2760,NZ,NZD,CPI,cpi_headline_yoy,149,global_dairy_trade_price_index,Global Dairy Trade Price Index,Growth,2,17,-0.198870,0.198870,low_sample_and_low_correlation,2026-04-25T22:25:54.019571+00:00
2761,NZ,NZD,CPI,cpi_headline_yoy,149,global_dairy_trade_price_index,Global Dairy Trade Price Index,Growth,4,13,0.167708,0.167708,low_sample_and_low_correlation,2026-04-25T22:25:54.019571+00:00
2762,NZ,NZD,CPI,cpi_headline_yoy,149,global_dairy_trade_price_index,Global Dairy Trade Price Index,Growth,6,12,0.118539,0.118539,low_sample_and_low_correlation,2026-04-25T22:25:54.019571+00:00
2763,NZ,NZD,CPI,cpi_headline_yoy,149,global_dairy_trade_price_index,Global Dairy Trade Price Index,Growth,5,15,-0.118504,0.118504,low_sample_and_low_correlation,2026-04-25T22:25:54.019571+00:00
2764,NZ,NZD,CPI,cpi_headline_yoy,151,credit_card_spending_yoy,Credit Card Spending (YoY),Growth,4,19,0.244024,0.244024,low_sample_and_low_correlation,2026-04-25T22:25:54.019571+00:00
2765,NZ,NZD,CPI,cpi_headline_yoy,151,credit_card_spending_yoy,Credit Card Spending (YoY),Growth,6,18,0.243645,0.243645,low_sample_and_low_correlation,2026-04-25T22:25:54.019571+00:00
2766,NZ,NZD,CPI,cpi_headline_yoy,151,credit_card_spending_yoy,Credit Card Spending (YoY),Growth,2,19,0.237293,0.237293,low_sample_and_low_correlation,2026-04-25T22:25:54.019571+00:00
2767,NZ,NZD,CPI,cpi_headline_yoy,151,credit_card_spending_yoy,Credit Card Spending (YoY),Growth,5,18,0.215149,0.215149,low_sample_and_low_correlation,2026-04-25T22:25:54.019571+00:00
2768,NZ,NZD,CPI,cpi_headline_yoy,151,credit_card_spending_yoy,Credit Card Spending (YoY),Growth,1,20,0.142624,0.142624,low_sample_and_low_correlation,2026-04-25T22:25:54.019571+00:00
2769,NZ,NZD,CPI,cpi_headline_yoy,151,credit_card_spending_yoy,Credit Card Spending (YoY),Growth,0,20,-0.108839,0.108839,low_sample_and_low_correlation,2026-04-25T22:25:54.019571+00:00
2770,NZ,NZD,CPI,cpi_headline_yoy,151,credit_card_spending_yoy,Credit Card Spending (YoY),Growth,3,19,0.094564,0.094564,low_sample_and_low_correlation,2026-04-25T22:25:54.019571+00:00
2771,NZ,NZD,CPI,cpi_headline_yoy,206,participation_rate,Labor Force Participation Rate,Labor,6,22,0.767375,0.767375,low_sample,2026-04-25T22:25:54.019571+00:00
2772,NZ,NZD,CPI,cpi_headline_yoy,206,participation_rate,Labor Force Participation Rate,Labor,3,23,0.703723,0.703723,low_sample,2026-04-25T22:25:54.019571+00:00
2773,NZ,NZD,CPI,cpi_headline_yoy,207,employment_change_qoq,Employment Change (QoQ),Labor,6,19,0.363169,0.363169,low_sample_and_low_correlation,2026-04-25T22:25:54.019571+00:00
2774,NZ,NZD,CPI,cpi_headline_yoy,207,employment_change_qoq,Employment Change (QoQ),Labor,3,20,0.074227,0.074227,low_sample_and_low_correlation,2026-04-25T22:25:54.019571+00:00
2775,NZ,NZD,CPI,cpi_headline_yoy,208,labour_cost_index_qoq,Labour Cost Index (QoQ),Inflation,6,22,0.681405,0.681405,low_sample,2026-04-25T22:25:54.019571+00:00
2776,NZ,NZD,CPI,cpi_headline_yoy,208,labour_cost_index_qoq,Labour Cost Index (QoQ),Inflation,3,23,0.611215,0.611215,low_sample,2026-04-25T22:25:54.019571+00:00
2777,NZ,NZD,CPI,cpi_headline_yoy,209,labour_cost_index_yoy,Labour Cost Index (YoY),Inflation,3,23,0.913338,0.913338,low_sample,2026-04-25T22:25:54.019571+00:00
2778,NZ,NZD,CPI,cpi_headline_yoy,209,labour_cost_index_yoy,Labour Cost Index (YoY),Inflation,6,22,0.897771,0.897771,low_sample,2026-04-25T22:25:54.019571+00:00
2779,NZ,NZD,CPI,cpi_headline_qoq,137,cpi_headline_yoy,Headline CPI (YoY),Inflation,6,22,0.682962,0.682962,low_sample,2026-04-25T22:25:54.019571+00:00
2780,NZ,NZD,CPI,cpi_headline_qoq,137,cpi_headline_yoy,Headline CPI (YoY),Inflation,3,23,0.561483,0.561483,low_sample,2026-04-25T22:25:54.019571+00:00
2781,NZ,NZD,CPI,cpi_headline_qoq,137,cpi_headline_yoy,Headline CPI (YoY),Inflation,0,24,0.524802,0.524802,not_best_lag,2026-04-25T22:25:54.019571+00:00
2782,NZ,NZD,CPI,cpi_headline_qoq,138,unemployment_rate,Unemployment Rate,Labor,3,23,-0.530247,0.530247,low_sample,2026-04-25T22:25:54.019571+00:00
2783,NZ,NZD,CPI,cpi_headline_qoq,138,unemployment_rate,Unemployment Rate,Labor,6,22,-0.490849,0.490849,low_sample,2026-04-25T22:25:54.019571+00:00
2784,NZ,NZD,CPI,cpi_headline_qoq,141,consumer_price_index,Consumer Price Index,Inflation,3,9,0.333703,0.333703,low_sample_and_low_correlation,2026-04-25T22:25:54.019571+00:00
2785,NZ,NZD,CPI,cpi_headline_qoq,141,consumer_price_index,Consumer Price Index,Inflation,0,10,0.236977,0.236977,low_sample_and_low_correlation,2026-04-25T22:25:54.019571+00:00
2786,NZ,NZD,CPI,cpi_headline_qoq,141,consumer_price_index,Consumer Price Index,Inflation,6,9,0.029185,0.029185,low_sample_and_low_correlation,2026-04-25T22:25:54.019571+00:00
2787,NZ,NZD,CPI,cpi_headline_qoq,142,balance_of_trade,Balance of Trade,Growth,3,23,0.313538,0.313538,low_sample_and_low_correlation,2026-04-25T22:25:54.019571+00:00
2788,NZ,NZD,CPI,cpi_headline_qoq,142,balance_of_trade,Balance of Trade,Growth,0,24,-0.243655,0.243655,low_correlation,2026-04-25T22:25:54.019571+00:00
2789,NZ,NZD,CPI,cpi_headline_qoq,142,balance_of_trade,Balance of Trade,Growth,4,23,-0.089935,0.089935,low_sample_and_low_correlation,2026-04-25T22:25:54.019571+00:00
2790,NZ,NZD,CPI,cpi_headline_qoq,142,balance_of_trade,Balance of Trade,Growth,2,24,0.075552,0.075552,low_correlation,2026-04-25T22:25:54.019571+00:00
2791,NZ,NZD,CPI,cpi_headline_qoq,142,balance_of_trade,Balance of Trade,Growth,5,23,-0.070601,0.070601,low_sample_and_low_correlation,2026-04-25T22:25:54.019571+00:00
2792,NZ,NZD,CPI,cpi_headline_qoq,142,balance_of_trade,Balance of Trade,Growth,6,22,-0.063196,0.063196,low_sample_and_low_correlation,2026-04-25T22:25:54.019571+00:00
2793,NZ,NZD,CPI,cpi_headline_qoq,142,balance_of_trade,Balance of Trade,Growth,1,24,-0.018504,0.018504,low_correlation,2026-04-25T22:25:54.019571+00:00
2794,NZ,NZD,CPI,cpi_headline_qoq,145,exports,Exports,Growth,3,23,0.398571,0.398571,low_sample_and_low_correlation,2026-04-25T22:25:54.019571+00:00
2795,NZ,NZD,CPI,cpi_headline_qoq,145,exports,Exports,Growth,4,23,0.245574,0.245574,low_sample_and_low_correlation,2026-04-25T22:25:54.019571+00:00
2796,NZ,NZD,CPI,cpi_headline_qoq,145,exports,Exports,Growth,5,23,-0.223788,0.223788,low_sample_and_low_correlation,2026-04-25T22:25:54.019571+00:00
2797,NZ,NZD,CPI,cpi_headline_qoq,145,exports,Exports,Growth,6,22,-0.173429,0.173429,low_sample_and_low_correlation,2026-04-25T22:25:54.019571+00:00
2798,NZ,NZD,CPI,cpi_headline_qoq,145,exports,Exports,Growth,2,24,0.119702,0.119702,low_correlation,2026-04-25T22:25:54.019571+00:00
2799,NZ,NZD,CPI,cpi_headline_qoq,145,exports,Exports,Growth,1,24,0.072693,0.072693,low_correlation,2026-04-25T22:25:54.019571+00:00
2800,NZ,NZD,CPI,cpi_headline_qoq,145,exports,Exports,Growth,0,24,0.005327,0.005327,low_correlation,2026-04-25T22:25:54.019571+00:00
2801,NZ,NZD,CPI,cpi_headline_qoq,146,imports,Imports,Growth,4,23,0.557323,0.557323,low_sample,2026-04-25T22:25:54.019571+00:00
2802,NZ,NZD,CPI,cpi_headline_qoq,146,imports,Imports,Growth,2,24,0.423638,0.423638,not_best_lag,2026-04-25T22:25:54.019571+00:00
2803,NZ,NZD,CPI,cpi_headline_qoq,146,imports,Imports,Growth,6,22,-0.214035,0.214035,low_sample_and_low_correlation,2026-04-25T22:25:54.019571+00:00
2804,NZ,NZD,CPI,cpi_headline_qoq,146,imports,Imports,Growth,1,24,0.176935,0.176935,low_correlation,2026-04-25T22:25:54.019571+00:00
2805,NZ,NZD,CPI,cpi_headline_qoq,146,imports,Imports,Growth,3,23,-0.091434,0.091434,low_sample_and_low_correlation,2026-04-25T22:25:54.019571+00:00
2806,NZ,NZD,CPI,cpi_headline_qoq,146,imports,Imports,Growth,5,23,-0.067015,0.067015,low_sample_and_low_correlation,2026-04-25T22:25:54.019571+00:00
2807,NZ,NZD,CPI,cpi_headline_qoq,146,imports,Imports,Growth,0,23,0.032834,0.032834,low_sample_and_low_correlation,2026-04-25T22:25:54.019571+00:00
2808,NZ,NZD,CPI,cpi_headline_qoq,147,business_confidence,Business Confidence,Growth,6,24,-0.381443,0.381443,low_correlation,2026-04-25T22:25:54.019571+00:00
2809,NZ,NZD,CPI,cpi_headline_qoq,147,business_confidence,Business Confidence,Growth,3,25,-0.352873,0.352873,low_correlation,2026-04-25T22:25:54.019571+00:00
2810,NZ,NZD,CPI,cpi_headline_qoq,147,business_confidence,Business Confidence,Growth,5,24,-0.236525,0.236525,low_correlation,2026-04-25T22:25:54.019571+00:00
2811,NZ,NZD,CPI,cpi_headline_qoq,147,business_confidence,Business Confidence,Growth,0,26,-0.221742,0.221742,low_correlation,2026-04-25T22:25:54.019571+00:00
2812,NZ,NZD,CPI,cpi_headline_qoq,147,business_confidence,Business Confidence,Growth,2,25,-0.210615,0.210615,low_correlation,2026-04-25T22:25:54.019571+00:00
2813,NZ,NZD,CPI,cpi_headline_qoq,147,business_confidence,Business Confidence,Growth,4,25,0.090870,0.090870,low_correlation,2026-04-25T22:25:54.019571+00:00
2814,NZ,NZD,CPI,cpi_headline_qoq,148,capacity_utilization,Capacity Utilization,Growth,0,24,-0.396609,0.396609,low_correlation,2026-04-25T22:25:54.019571+00:00
2815,NZ,NZD,CPI,cpi_headline_qoq,148,capacity_utilization,Capacity Utilization,Growth,3,24,-0.278379,0.278379,low_correlation,2026-04-25T22:25:54.019571+00:00
2816,NZ,NZD,CPI,cpi_headline_qoq,148,capacity_utilization,Capacity Utilization,Growth,6,23,0.039220,0.039220,low_sample_and_low_correlation,2026-04-25T22:25:54.019571+00:00
2817,NZ,NZD,CPI,cpi_headline_qoq,149,global_dairy_trade_price_index,Global Dairy Trade Price Index,Growth,4,13,0.453204,0.453204,low_sample,2026-04-25T22:25:54.019571+00:00
2818,NZ,NZD,CPI,cpi_headline_qoq,149,global_dairy_trade_price_index,Global Dairy Trade Price Index,Growth,6,12,-0.321514,0.321514,low_sample_and_low_correlation,2026-04-25T22:25:54.019571+00:00
2819,NZ,NZD,CPI,cpi_headline_qoq,149,global_dairy_trade_price_index,Global Dairy Trade Price Index,Growth,3,14,0.303005,0.303005,low_sample_and_low_correlation,2026-04-25T22:25:54.019571+00:00
2820,NZ,NZD,CPI,cpi_headline_qoq,149,global_dairy_trade_price_index,Global Dairy Trade Price Index,Growth,1,15,-0.222599,0.222599,low_sample_and_low_correlation,2026-04-25T22:25:54.019571+00:00
2821,NZ,NZD,CPI,cpi_headline_qoq,149,global_dairy_trade_price_index,Global Dairy Trade Price Index,Growth,0,16,0.200035,0.200035,low_sample_and_low_correlation,2026-04-25T22:25:54.019571+00:00
2822,NZ,NZD,CPI,cpi_headline_qoq,149,global_dairy_trade_price_index,Global Dairy Trade Price Index,Growth,2,17,-0.165784,0.165784,low_sample_and_low_correlation,2026-04-25T22:25:54.019571+00:00
2823,NZ,NZD,CPI,cpi_headline_qoq,149,global_dairy_trade_price_index,Global Dairy Trade Price Index,Growth,5,15,-0.051053,0.051053,low_sample_and_low_correlation,2026-04-25T22:25:54.019571+00:00
2824,NZ,NZD,CPI,cpi_headline_qoq,151,credit_card_spending_yoy,Credit Card Spending (YoY),Growth,4,19,0.465519,0.465519,low_sample,2026-04-25T22:25:54.019571+00:00
2825,NZ,NZD,CPI,cpi_headline_qoq,151,credit_card_spending_yoy,Credit Card Spending (YoY),Growth,3,19,0.451398,0.451398,low_sample,2026-04-25T22:25:54.019571+00:00
2826,NZ,NZD,CPI,cpi_headline_qoq,151,credit_card_spending_yoy,Credit Card Spending (YoY),Growth,0,20,0.257050,0.257050,low_sample_and_low_correlation,2026-04-25T22:25:54.019571+00:00
2827,NZ,NZD,CPI,cpi_headline_qoq,151,credit_card_spending_yoy,Credit Card Spending (YoY),Growth,6,18,0.214275,0.214275,low_sample_and_low_correlation,2026-04-25T22:25:54.019571+00:00
2828,NZ,NZD,CPI,cpi_headline_qoq,151,credit_card_spending_yoy,Credit Card Spending (YoY),Growth,1,20,0.206780,0.206780,low_sample_and_low_correlation,2026-04-25T22:25:54.019571+00:00
2829,NZ,NZD,CPI,cpi_headline_qoq,151,credit_card_spending_yoy,Credit Card Spending (YoY),Growth,2,19,0.007030,0.007030,low_sample_and_low_correlation,2026-04-25T22:25:54.019571+00:00
2830,NZ,NZD,CPI,cpi_headline_qoq,151,credit_card_spending_yoy,Credit Card Spending (YoY),Growth,5,18,0.004376,0.004376,low_sample_and_low_correlation,2026-04-25T22:25:54.019571+00:00
2831,NZ,NZD,CPI,cpi_headline_qoq,206,participation_rate,Labor Force Participation Rate,Labor,3,23,0.588026,0.588026,low_sample,2026-04-25T22:25:54.019571+00:00
2832,NZ,NZD,CPI,cpi_headline_qoq,206,participation_rate,Labor Force Participation Rate,Labor,6,22,0.572260,0.572260,low_sample,2026-04-25T22:25:54.019571+00:00
2833,NZ,NZD,CPI,cpi_headline_qoq,207,employment_change_qoq,Employment Change (QoQ),Labor,3,20,0.443763,0.443763,low_sample,2026-04-25T22:25:54.019571+00:00
2834,NZ,NZD,CPI,cpi_headline_qoq,207,employment_change_qoq,Employment Change (QoQ),Labor,6,19,0.319711,0.319711,low_sample_and_low_correlation,2026-04-25T22:25:54.019571+00:00
2835,NZ,NZD,CPI,cpi_headline_qoq,208,labour_cost_index_qoq,Labour Cost Index (QoQ),Inflation,3,23,0.783451,0.783451,low_sample,2026-04-25T22:25:54.019571+00:00
2836,NZ,NZD,CPI,cpi_headline_qoq,208,labour_cost_index_qoq,Labour Cost Index (QoQ),Inflation,6,22,0.451746,0.451746,low_sample,2026-04-25T22:25:54.019571+00:00
2837,NZ,NZD,CPI,cpi_headline_qoq,209,labour_cost_index_yoy,Labour Cost Index (YoY),Inflation,3,23,0.659697,0.659697,low_sample,2026-04-25T22:25:54.019571+00:00
2838,NZ,NZD,CPI,cpi_headline_qoq,209,labour_cost_index_yoy,Labour Cost Index (YoY),Inflation,6,22,0.568675,0.568675,low_sample,2026-04-25T22:25:54.019571+00:00
2839,NZ,NZD,UNEMPLOYMENT,unemployment_rate,142,balance_of_trade,Balance of Trade,Growth,5,22,0.189499,0.189499,low_sample_and_low_correlation,2026-04-25T22:25:54.019571+00:00
2840,NZ,NZD,UNEMPLOYMENT,unemployment_rate,142,balance_of_trade,Balance of Trade,Growth,0,23,-0.171809,0.171809,low_sample_and_low_correlation,2026-04-25T22:25:54.019571+00:00
2841,NZ,NZD,UNEMPLOYMENT,unemployment_rate,142,balance_of_trade,Balance of Trade,Growth,1,23,-0.116701,0.116701,low_sample_and_low_correlation,2026-04-25T22:25:54.019571+00:00
2842,NZ,NZD,UNEMPLOYMENT,unemployment_rate,142,balance_of_trade,Balance of Trade,Growth,2,23,0.104720,0.104720,low_sample_and_low_correlation,2026-04-25T22:25:54.019571+00:00
2843,NZ,NZD,UNEMPLOYMENT,unemployment_rate,142,balance_of_trade,Balance of Trade,Growth,6,21,0.099160,0.099160,low_sample_and_low_correlation,2026-04-25T22:25:54.019571+00:00
2844,NZ,NZD,UNEMPLOYMENT,unemployment_rate,142,balance_of_trade,Balance of Trade,Growth,4,22,0.078708,0.078708,low_sample_and_low_correlation,2026-04-25T22:25:54.019571+00:00
2845,NZ,NZD,UNEMPLOYMENT,unemployment_rate,142,balance_of_trade,Balance of Trade,Growth,3,22,-0.029589,0.029589,low_sample_and_low_correlation,2026-04-25T22:25:54.019571+00:00
2846,NZ,NZD,UNEMPLOYMENT,unemployment_rate,145,exports,Exports,Growth,5,22,0.196758,0.196758,low_sample_and_low_correlation,2026-04-25T22:25:54.019571+00:00
2847,NZ,NZD,UNEMPLOYMENT,unemployment_rate,145,exports,Exports,Growth,1,23,-0.192001,0.192001,low_sample_and_low_correlation,2026-04-25T22:25:54.019571+00:00
2848,NZ,NZD,UNEMPLOYMENT,unemployment_rate,145,exports,Exports,Growth,2,23,0.128836,0.128836,low_sample_and_low_correlation,2026-04-25T22:25:54.019571+00:00
2849,NZ,NZD,UNEMPLOYMENT,unemployment_rate,145,exports,Exports,Growth,6,21,0.079928,0.079928,low_sample_and_low_correlation,2026-04-25T22:25:54.019571+00:00
2850,NZ,NZD,UNEMPLOYMENT,unemployment_rate,145,exports,Exports,Growth,4,22,-0.059488,0.059488,low_sample_and_low_correlation,2026-04-25T22:25:54.019571+00:00
2851,NZ,NZD,UNEMPLOYMENT,unemployment_rate,145,exports,Exports,Growth,0,23,-0.045027,0.045027,low_sample_and_low_correlation,2026-04-25T22:25:54.019571+00:00
2852,NZ,NZD,UNEMPLOYMENT,unemployment_rate,145,exports,Exports,Growth,3,22,-0.015263,0.015263,low_sample_and_low_correlation,2026-04-25T22:25:54.019571+00:00
2853,NZ,NZD,UNEMPLOYMENT,unemployment_rate,146,imports,Imports,Growth,4,22,-0.413342,0.413342,low_sample,2026-04-25T22:25:54.019571+00:00
2854,NZ,NZD,UNEMPLOYMENT,unemployment_rate,146,imports,Imports,Growth,0,22,0.306571,0.306571,low_sample_and_low_correlation,2026-04-25T22:25:54.019571+00:00
2855,NZ,NZD,UNEMPLOYMENT,unemployment_rate,146,imports,Imports,Growth,5,22,-0.247539,0.247539,low_sample_and_low_correlation,2026-04-25T22:25:54.019571+00:00
2856,NZ,NZD,UNEMPLOYMENT,unemployment_rate,146,imports,Imports,Growth,1,23,-0.229263,0.229263,low_sample_and_low_correlation,2026-04-25T22:25:54.019571+00:00
2857,NZ,NZD,UNEMPLOYMENT,unemployment_rate,146,imports,Imports,Growth,3,22,0.197206,0.197206,low_sample_and_low_correlation,2026-04-25T22:25:54.019571+00:00
2858,NZ,NZD,UNEMPLOYMENT,unemployment_rate,146,imports,Imports,Growth,2,23,0.030101,0.030101,low_sample_and_low_correlation,2026-04-25T22:25:54.019571+00:00
2859,NZ,NZD,UNEMPLOYMENT,unemployment_rate,146,imports,Imports,Growth,6,21,0.013777,0.013777,low_sample_and_low_correlation,2026-04-25T22:25:54.019571+00:00
2860,NZ,NZD,UNEMPLOYMENT,unemployment_rate,147,business_confidence,Business Confidence,Growth,4,24,-0.254889,0.254889,low_correlation,2026-04-25T22:25:54.019571+00:00
2861,NZ,NZD,UNEMPLOYMENT,unemployment_rate,147,business_confidence,Business Confidence,Growth,0,25,0.233458,0.233458,low_correlation,2026-04-25T22:25:54.019571+00:00
2862,NZ,NZD,UNEMPLOYMENT,unemployment_rate,147,business_confidence,Business Confidence,Growth,2,24,0.206231,0.206231,low_correlation,2026-04-25T22:25:54.019571+00:00
2863,NZ,NZD,UNEMPLOYMENT,unemployment_rate,147,business_confidence,Business Confidence,Growth,3,24,0.183767,0.183767,low_correlation,2026-04-25T22:25:54.019571+00:00
2864,NZ,NZD,UNEMPLOYMENT,unemployment_rate,147,business_confidence,Business Confidence,Growth,6,23,0.165721,0.165721,low_sample_and_low_correlation,2026-04-25T22:25:54.019571+00:00
2865,NZ,NZD,UNEMPLOYMENT,unemployment_rate,147,business_confidence,Business Confidence,Growth,5,23,0.112447,0.112447,low_sample_and_low_correlation,2026-04-25T22:25:54.019571+00:00
2866,NZ,NZD,UNEMPLOYMENT,unemployment_rate,147,business_confidence,Business Confidence,Growth,1,25,0.102215,0.102215,low_correlation,2026-04-25T22:25:54.019571+00:00
2867,NZ,NZD,UNEMPLOYMENT,unemployment_rate,148,capacity_utilization,Capacity Utilization,Growth,3,23,0.277932,0.277932,low_sample_and_low_correlation,2026-04-25T22:25:54.019571+00:00
2868,NZ,NZD,UNEMPLOYMENT,unemployment_rate,148,capacity_utilization,Capacity Utilization,Growth,0,23,0.144004,0.144004,low_sample_and_low_correlation,2026-04-25T22:25:54.019571+00:00
2869,NZ,NZD,UNEMPLOYMENT,unemployment_rate,148,capacity_utilization,Capacity Utilization,Growth,6,22,0.131866,0.131866,low_sample_and_low_correlation,2026-04-25T22:25:54.019571+00:00
2870,NZ,NZD,UNEMPLOYMENT,unemployment_rate,149,global_dairy_trade_price_index,Global Dairy Trade Price Index,Growth,1,13,0.340500,0.340500,low_sample_and_low_correlation,2026-04-25T22:25:54.019571+00:00
2871,NZ,NZD,UNEMPLOYMENT,unemployment_rate,149,global_dairy_trade_price_index,Global Dairy Trade Price Index,Growth,6,10,0.319407,0.319407,low_sample_and_low_correlation,2026-04-25T22:25:54.019571+00:00
2872,NZ,NZD,UNEMPLOYMENT,unemployment_rate,149,global_dairy_trade_price_index,Global Dairy Trade Price Index,Growth,4,11,0.299260,0.299260,low_sample_and_low_correlation,2026-04-25T22:25:54.019571+00:00
2873,NZ,NZD,UNEMPLOYMENT,unemployment_rate,149,global_dairy_trade_price_index,Global Dairy Trade Price Index,Growth,0,14,0.134875,0.134875,low_sample_and_low_correlation,2026-04-25T22:25:54.019571+00:00
2874,NZ,NZD,UNEMPLOYMENT,unemployment_rate,149,global_dairy_trade_price_index,Global Dairy Trade Price Index,Growth,2,15,-0.089487,0.089487,low_sample_and_low_correlation,2026-04-25T22:25:54.019571+00:00
2875,NZ,NZD,UNEMPLOYMENT,unemployment_rate,149,global_dairy_trade_price_index,Global Dairy Trade Price Index,Growth,5,13,-0.070077,0.070077,low_sample_and_low_correlation,2026-04-25T22:25:54.019571+00:00
2876,NZ,NZD,UNEMPLOYMENT,unemployment_rate,149,global_dairy_trade_price_index,Global Dairy Trade Price Index,Growth,3,12,-0.041427,0.041427,low_sample_and_low_correlation,2026-04-25T22:25:54.019571+00:00
2877,NZ,NZD,UNEMPLOYMENT,unemployment_rate,151,credit_card_spending_yoy,Credit Card Spending (YoY),Growth,4,18,-0.292748,0.292748,low_sample_and_low_correlation,2026-04-25T22:25:54.019571+00:00
2878,NZ,NZD,UNEMPLOYMENT,unemployment_rate,151,credit_card_spending_yoy,Credit Card Spending (YoY),Growth,6,17,-0.278590,0.278590,low_sample_and_low_correlation,2026-04-25T22:25:54.019571+00:00
2879,NZ,NZD,UNEMPLOYMENT,unemployment_rate,151,credit_card_spending_yoy,Credit Card Spending (YoY),Growth,1,19,-0.193807,0.193807,low_sample_and_low_correlation,2026-04-25T22:25:54.019571+00:00
2880,NZ,NZD,UNEMPLOYMENT,unemployment_rate,151,credit_card_spending_yoy,Credit Card Spending (YoY),Growth,3,18,-0.179187,0.179187,low_sample_and_low_correlation,2026-04-25T22:25:54.019571+00:00
2881,NZ,NZD,UNEMPLOYMENT,unemployment_rate,151,credit_card_spending_yoy,Credit Card Spending (YoY),Growth,5,17,-0.167200,0.167200,low_sample_and_low_correlation,2026-04-25T22:25:54.019571+00:00
2882,NZ,NZD,UNEMPLOYMENT,unemployment_rate,151,credit_card_spending_yoy,Credit Card Spending (YoY),Growth,2,18,-0.109071,0.109071,low_sample_and_low_correlation,2026-04-25T22:25:54.019571+00:00
2883,NZ,NZD,UNEMPLOYMENT,unemployment_rate,151,credit_card_spending_yoy,Credit Card Spending (YoY),Growth,0,19,0.010356,0.010356,low_sample_and_low_correlation,2026-04-25T22:25:54.019571+00:00
2884,NZ,NZD,UNEMPLOYMENT,unemployment_rate,206,participation_rate,Labor Force Participation Rate,Labor,3,22,-0.853490,0.853490,low_sample,2026-04-25T22:25:54.019571+00:00
2885,NZ,NZD,UNEMPLOYMENT,unemployment_rate,206,participation_rate,Labor Force Participation Rate,Labor,6,21,-0.847537,0.847537,low_sample,2026-04-25T22:25:54.019571+00:00
2886,NZ,NZD,UNEMPLOYMENT,unemployment_rate,206,participation_rate,Labor Force Participation Rate,Labor,0,23,-0.661126,0.661126,low_sample,2026-04-25T22:25:54.019571+00:00
2887,NZ,NZD,UNEMPLOYMENT,unemployment_rate,207,employment_change_qoq,Employment Change (QoQ),Labor,6,19,-0.406695,0.406695,low_sample,2026-04-25T22:25:54.019571+00:00
2888,NZ,NZD,UNEMPLOYMENT,unemployment_rate,207,employment_change_qoq,Employment Change (QoQ),Labor,3,19,-0.284864,0.284864,low_sample_and_low_correlation,2026-04-25T22:25:54.019571+00:00
2889,NZ,NZD,UNEMPLOYMENT,unemployment_rate,207,employment_change_qoq,Employment Change (QoQ),Labor,0,20,0.008314,0.008314,low_sample_and_low_correlation,2026-04-25T22:25:54.019571+00:00
2890,UK,GBP,CPI,cpi_headline_yoy,48,core_cpi_yoy,Core CPI (YoY),Inflation,5,71,0.438883,0.438883,not_best_lag,2026-04-25T22:25:54.019571+00:00
2891,UK,GBP,CPI,cpi_headline_yoy,48,core_cpi_yoy,Core CPI (YoY),Inflation,4,72,0.394980,0.394980,low_correlation,2026-04-25T22:25:54.019571+00:00
2892,UK,GBP,CPI,cpi_headline_yoy,48,core_cpi_yoy,Core CPI (YoY),Inflation,3,73,0.375538,0.375538,low_correlation,2026-04-25T22:25:54.019571+00:00
2893,UK,GBP,CPI,cpi_headline_yoy,48,core_cpi_yoy,Core CPI (YoY),Inflation,2,74,0.313836,0.313836,low_correlation,2026-04-25T22:25:54.019571+00:00
2894,UK,GBP,CPI,cpi_headline_yoy,48,core_cpi_yoy,Core CPI (YoY),Inflation,1,75,0.269091,0.269091,low_correlation,2026-04-25T22:25:54.019571+00:00
2895,UK,GBP,CPI,cpi_headline_yoy,48,core_cpi_yoy,Core CPI (YoY),Inflation,0,75,0.236163,0.236163,low_correlation,2026-04-25T22:25:54.019571+00:00
2896,UK,GBP,CPI,cpi_headline_yoy,50,cpi_headline_mom,Headline CPI (MoM),Inflation,5,63,0.145879,0.145879,low_correlation,2026-04-25T22:25:54.019571+00:00
2897,UK,GBP,CPI,cpi_headline_yoy,50,cpi_headline_mom,Headline CPI (MoM),Inflation,6,62,0.144842,0.144842,low_correlation,2026-04-25T22:25:54.019571+00:00
2898,UK,GBP,CPI,cpi_headline_yoy,50,cpi_headline_mom,Headline CPI (MoM),Inflation,4,63,0.142746,0.142746,low_correlation,2026-04-25T22:25:54.019571+00:00
2899,UK,GBP,CPI,cpi_headline_yoy,50,cpi_headline_mom,Headline CPI (MoM),Inflation,2,68,0.122763,0.122763,low_correlation,2026-04-25T22:25:54.019571+00:00
2900,UK,GBP,CPI,cpi_headline_yoy,50,cpi_headline_mom,Headline CPI (MoM),Inflation,3,65,0.112450,0.112450,low_correlation,2026-04-25T22:25:54.019571+00:00
2901,UK,GBP,CPI,cpi_headline_yoy,50,cpi_headline_mom,Headline CPI (MoM),Inflation,0,72,0.111641,0.111641,low_correlation,2026-04-25T22:25:54.019571+00:00
2902,UK,GBP,CPI,cpi_headline_yoy,50,cpi_headline_mom,Headline CPI (MoM),Inflation,1,71,0.109562,0.109562,low_correlation,2026-04-25T22:25:54.019571+00:00
2903,UK,GBP,CPI,cpi_headline_yoy,51,ppi_output_yoy,PPI Output (YoY),Inflation,6,60,0.266210,0.266210,low_correlation,2026-04-25T22:25:54.019571+00:00
2904,UK,GBP,CPI,cpi_headline_yoy,51,ppi_output_yoy,PPI Output (YoY),Inflation,5,61,0.162406,0.162406,low_correlation,2026-04-25T22:25:54.019571+00:00
2905,UK,GBP,CPI,cpi_headline_yoy,51,ppi_output_yoy,PPI Output (YoY),Inflation,0,66,-0.128209,0.128209,low_correlation,2026-04-25T22:25:54.019571+00:00
2906,UK,GBP,CPI,cpi_headline_yoy,51,ppi_output_yoy,PPI Output (YoY),Inflation,1,67,-0.085263,0.085263,low_correlation,2026-04-25T22:25:54.019571+00:00
2907,UK,GBP,CPI,cpi_headline_yoy,51,ppi_output_yoy,PPI Output (YoY),Inflation,4,63,0.072424,0.072424,low_correlation,2026-04-25T22:25:54.019571+00:00
2908,UK,GBP,CPI,cpi_headline_yoy,51,ppi_output_yoy,PPI Output (YoY),Inflation,2,66,-0.047156,0.047156,low_correlation,2026-04-25T22:25:54.019571+00:00
2909,UK,GBP,CPI,cpi_headline_yoy,51,ppi_output_yoy,PPI Output (YoY),Inflation,3,65,0.011314,0.011314,low_correlation,2026-04-25T22:25:54.019571+00:00
2910,UK,GBP,CPI,cpi_headline_yoy,52,ppi_input_yoy,PPI Input (YoY),Inflation,6,60,0.202098,0.202098,low_correlation,2026-04-25T22:25:54.019571+00:00
2911,UK,GBP,CPI,cpi_headline_yoy,52,ppi_input_yoy,PPI Input (YoY),Inflation,0,66,-0.190755,0.190755,low_correlation,2026-04-25T22:25:54.019571+00:00
2912,UK,GBP,CPI,cpi_headline_yoy,52,ppi_input_yoy,PPI Input (YoY),Inflation,1,67,-0.150599,0.150599,low_correlation,2026-04-25T22:25:54.019571+00:00
2913,UK,GBP,CPI,cpi_headline_yoy,52,ppi_input_yoy,PPI Input (YoY),Inflation,5,61,0.113667,0.113667,low_correlation,2026-04-25T22:25:54.019571+00:00
2914,UK,GBP,CPI,cpi_headline_yoy,52,ppi_input_yoy,PPI Input (YoY),Inflation,2,66,-0.105437,0.105437,low_correlation,2026-04-25T22:25:54.019571+00:00
2915,UK,GBP,CPI,cpi_headline_yoy,52,ppi_input_yoy,PPI Input (YoY),Inflation,3,65,-0.038890,0.038890,low_correlation,2026-04-25T22:25:54.019571+00:00
2916,UK,GBP,CPI,cpi_headline_yoy,52,ppi_input_yoy,PPI Input (YoY),Inflation,4,63,0.036813,0.036813,low_correlation,2026-04-25T22:25:54.019571+00:00
2917,UK,GBP,CPI,cpi_headline_yoy,53,unemployment_rate,Unemployment Rate,Labor,6,70,-0.363297,0.363297,low_correlation,2026-04-25T22:25:54.019571+00:00
2918,UK,GBP,CPI,cpi_headline_yoy,53,unemployment_rate,Unemployment Rate,Labor,5,71,-0.323172,0.323172,low_correlation,2026-04-25T22:25:54.019571+00:00
2919,UK,GBP,CPI,cpi_headline_yoy,53,unemployment_rate,Unemployment Rate,Labor,4,72,-0.288546,0.288546,low_correlation,2026-04-25T22:25:54.019571+00:00
2920,UK,GBP,CPI,cpi_headline_yoy,53,unemployment_rate,Unemployment Rate,Labor,3,73,-0.252347,0.252347,low_correlation,2026-04-25T22:25:54.019571+00:00
2921,UK,GBP,CPI,cpi_headline_yoy,53,unemployment_rate,Unemployment Rate,Labor,2,74,-0.199113,0.199113,low_correlation,2026-04-25T22:25:54.019571+00:00
2922,UK,GBP,CPI,cpi_headline_yoy,53,unemployment_rate,Unemployment Rate,Labor,1,67,-0.130304,0.130304,low_correlation,2026-04-25T22:25:54.019571+00:00
2923,UK,GBP,CPI,cpi_headline_yoy,54,claimant_count_change,Claimant Count Change,Labor,4,72,-0.154348,0.154348,low_correlation,2026-04-25T22:25:54.019571+00:00
2924,UK,GBP,CPI,cpi_headline_yoy,54,claimant_count_change,Claimant Count Change,Labor,5,71,-0.144178,0.144178,low_correlation,2026-04-25T22:25:54.019571+00:00
2925,UK,GBP,CPI,cpi_headline_yoy,54,claimant_count_change,Claimant Count Change,Labor,0,68,-0.139379,0.139379,low_correlation,2026-04-25T22:25:54.019571+00:00
2926,UK,GBP,CPI,cpi_headline_yoy,54,claimant_count_change,Claimant Count Change,Labor,6,70,-0.138929,0.138929,low_correlation,2026-04-25T22:25:54.019571+00:00
2927,UK,GBP,CPI,cpi_headline_yoy,54,claimant_count_change,Claimant Count Change,Labor,1,75,-0.133534,0.133534,low_correlation,2026-04-25T22:25:54.019571+00:00
2928,UK,GBP,CPI,cpi_headline_yoy,54,claimant_count_change,Claimant Count Change,Labor,2,74,-0.130649,0.130649,low_correlation,2026-04-25T22:25:54.019571+00:00
2929,UK,GBP,CPI,cpi_headline_yoy,54,claimant_count_change,Claimant Count Change,Labor,3,73,-0.118711,0.118711,low_correlation,2026-04-25T22:25:54.019571+00:00
2930,UK,GBP,CPI,cpi_headline_yoy,55,employment_change,Employment Change,Labor,1,26,-0.232052,0.232052,low_correlation,2026-04-25T22:25:54.019571+00:00
2931,UK,GBP,CPI,cpi_headline_yoy,55,employment_change,Employment Change,Labor,5,72,0.152300,0.152300,low_correlation,2026-04-25T22:25:54.019571+00:00
2932,UK,GBP,CPI,cpi_headline_yoy,55,employment_change,Employment Change,Labor,4,73,0.147293,0.147293,low_correlation,2026-04-25T22:25:54.019571+00:00
2933,UK,GBP,CPI,cpi_headline_yoy,55,employment_change,Employment Change,Labor,6,71,0.144951,0.144951,low_correlation,2026-04-25T22:25:54.019571+00:00
2934,UK,GBP,CPI,cpi_headline_yoy,55,employment_change,Employment Change,Labor,3,74,0.141670,0.141670,low_correlation,2026-04-25T22:25:54.019571+00:00
2935,UK,GBP,CPI,cpi_headline_yoy,55,employment_change,Employment Change,Labor,2,70,0.113843,0.113843,low_correlation,2026-04-25T22:25:54.019571+00:00
2936,UK,GBP,CPI,cpi_headline_yoy,56,avg_earnings_incl_bonus,Average Earnings (incl. Bonus),Inflation,1,68,0.271196,0.271196,low_correlation,2026-04-25T22:25:54.019571+00:00
2937,UK,GBP,CPI,cpi_headline_yoy,56,avg_earnings_incl_bonus,Average Earnings (incl. Bonus),Inflation,6,70,0.234937,0.234937,low_correlation,2026-04-25T22:25:54.019571+00:00
2938,UK,GBP,CPI,cpi_headline_yoy,56,avg_earnings_incl_bonus,Average Earnings (incl. Bonus),Inflation,3,73,0.211726,0.211726,low_correlation,2026-04-25T22:25:54.019571+00:00
2939,UK,GBP,CPI,cpi_headline_yoy,56,avg_earnings_incl_bonus,Average Earnings (incl. Bonus),Inflation,5,71,0.210600,0.210600,low_correlation,2026-04-25T22:25:54.019571+00:00
2940,UK,GBP,CPI,cpi_headline_yoy,56,avg_earnings_incl_bonus,Average Earnings (incl. Bonus),Inflation,4,72,0.207786,0.207786,low_correlation,2026-04-25T22:25:54.019571+00:00
2941,UK,GBP,CPI,cpi_headline_yoy,56,avg_earnings_incl_bonus,Average Earnings (incl. Bonus),Inflation,2,74,0.198487,0.198487,low_correlation,2026-04-25T22:25:54.019571+00:00
2942,UK,GBP,CPI,cpi_headline_yoy,57,avg_earnings_excl_bonus,Average Earnings (excl. Bonus),Inflation,6,86,0.390260,0.390260,low_correlation,2026-04-25T22:25:54.019571+00:00
2943,UK,GBP,CPI,cpi_headline_yoy,57,avg_earnings_excl_bonus,Average Earnings (excl. Bonus),Inflation,5,88,0.386530,0.386530,low_correlation,2026-04-25T22:25:54.019571+00:00
2944,UK,GBP,CPI,cpi_headline_yoy,57,avg_earnings_excl_bonus,Average Earnings (excl. Bonus),Inflation,4,89,0.383730,0.383730,low_correlation,2026-04-25T22:25:54.019571+00:00
2945,UK,GBP,CPI,cpi_headline_yoy,57,avg_earnings_excl_bonus,Average Earnings (excl. Bonus),Inflation,3,90,0.355384,0.355384,low_correlation,2026-04-25T22:25:54.019571+00:00
2946,UK,GBP,CPI,cpi_headline_yoy,57,avg_earnings_excl_bonus,Average Earnings (excl. Bonus),Inflation,2,91,0.350417,0.350417,low_correlation,2026-04-25T22:25:54.019571+00:00
2947,UK,GBP,CPI,cpi_headline_yoy,58,gdp_mom,GDP (MoM),Growth,5,65,0.148682,0.148682,low_correlation,2026-04-25T22:25:54.019571+00:00
2948,UK,GBP,CPI,cpi_headline_yoy,58,gdp_mom,GDP (MoM),Growth,2,68,0.137759,0.137759,low_correlation,2026-04-25T22:25:54.019571+00:00
2949,UK,GBP,CPI,cpi_headline_yoy,58,gdp_mom,GDP (MoM),Growth,3,68,0.131415,0.131415,low_correlation,2026-04-25T22:25:54.019571+00:00
2950,UK,GBP,CPI,cpi_headline_yoy,58,gdp_mom,GDP (MoM),Growth,1,67,0.130501,0.130501,low_correlation,2026-04-25T22:25:54.019571+00:00
2951,UK,GBP,CPI,cpi_headline_yoy,58,gdp_mom,GDP (MoM),Growth,6,64,0.123885,0.123885,low_correlation,2026-04-25T22:25:54.019571+00:00
2952,UK,GBP,CPI,cpi_headline_yoy,58,gdp_mom,GDP (MoM),Growth,4,67,0.120638,0.120638,low_correlation,2026-04-25T22:25:54.019571+00:00
2953,UK,GBP,CPI,cpi_headline_yoy,59,gdp_yoy,GDP (YoY),Growth,1,67,-0.077095,0.077095,low_correlation,2026-04-25T22:25:54.019571+00:00
2954,UK,GBP,CPI,cpi_headline_yoy,59,gdp_yoy,GDP (YoY),Growth,2,67,-0.055980,0.055980,low_correlation,2026-04-25T22:25:54.019571+00:00
2955,UK,GBP,CPI,cpi_headline_yoy,59,gdp_yoy,GDP (YoY),Growth,3,72,-0.049715,0.049715,low_correlation,2026-04-25T22:25:54.019571+00:00
2956,UK,GBP,CPI,cpi_headline_yoy,59,gdp_yoy,GDP (YoY),Growth,4,73,-0.046611,0.046611,low_correlation,2026-04-25T22:25:54.019571+00:00
2957,UK,GBP,CPI,cpi_headline_yoy,59,gdp_yoy,GDP (YoY),Growth,5,80,-0.012155,0.012155,low_correlation,2026-04-25T22:25:54.019571+00:00
2958,UK,GBP,CPI,cpi_headline_yoy,59,gdp_yoy,GDP (YoY),Growth,6,79,0.004565,0.004565,low_correlation,2026-04-25T22:25:54.019571+00:00
2959,UK,GBP,CPI,cpi_headline_yoy,60,gdp_qoq,GDP (QoQ),Growth,4,20,0.272851,0.272851,low_sample_and_low_correlation,2026-04-25T22:25:54.019571+00:00
2960,UK,GBP,CPI,cpi_headline_yoy,60,gdp_qoq,GDP (QoQ),Growth,3,18,0.228609,0.228609,low_sample_and_low_correlation,2026-04-25T22:25:54.019571+00:00
2961,UK,GBP,CPI,cpi_headline_yoy,60,gdp_qoq,GDP (QoQ),Growth,5,44,0.170816,0.170816,low_correlation,2026-04-25T22:25:54.019571+00:00
2962,UK,GBP,CPI,cpi_headline_yoy,60,gdp_qoq,GDP (QoQ),Growth,6,43,0.163810,0.163810,low_correlation,2026-04-25T22:25:54.019571+00:00
2963,UK,GBP,CPI,cpi_headline_yoy,61,manufacturing_pmi,Manufacturing PMI,Growth,4,41,-0.361776,0.361776,low_correlation,2026-04-25T22:25:54.019571+00:00
2964,UK,GBP,CPI,cpi_headline_yoy,61,manufacturing_pmi,Manufacturing PMI,Growth,5,40,-0.326535,0.326535,low_correlation,2026-04-25T22:25:54.019571+00:00
2965,UK,GBP,CPI,cpi_headline_yoy,61,manufacturing_pmi,Manufacturing PMI,Growth,3,42,-0.302359,0.302359,low_correlation,2026-04-25T22:25:54.019571+00:00
2966,UK,GBP,CPI,cpi_headline_yoy,61,manufacturing_pmi,Manufacturing PMI,Growth,2,42,-0.157628,0.157628,low_correlation,2026-04-25T22:25:54.019571+00:00
2967,UK,GBP,CPI,cpi_headline_yoy,61,manufacturing_pmi,Manufacturing PMI,Growth,0,43,0.156375,0.156375,low_correlation,2026-04-25T22:25:54.019571+00:00
2968,UK,GBP,CPI,cpi_headline_yoy,61,manufacturing_pmi,Manufacturing PMI,Growth,1,42,-0.122915,0.122915,low_correlation,2026-04-25T22:25:54.019571+00:00
2969,UK,GBP,CPI,cpi_headline_yoy,62,services_pmi,Services PMI,Growth,4,45,0.203938,0.203938,low_correlation,2026-04-25T22:25:54.019571+00:00
2970,UK,GBP,CPI,cpi_headline_yoy,62,services_pmi,Services PMI,Growth,2,47,0.172485,0.172485,low_correlation,2026-04-25T22:25:54.019571+00:00
2971,UK,GBP,CPI,cpi_headline_yoy,62,services_pmi,Services PMI,Growth,1,47,0.169842,0.169842,low_correlation,2026-04-25T22:25:54.019571+00:00
2972,UK,GBP,CPI,cpi_headline_yoy,62,services_pmi,Services PMI,Growth,3,46,0.156826,0.156826,low_correlation,2026-04-25T22:25:54.019571+00:00
2973,UK,GBP,CPI,cpi_headline_yoy,62,services_pmi,Services PMI,Growth,6,40,0.107372,0.107372,low_correlation,2026-04-25T22:25:54.019571+00:00
2974,UK,GBP,CPI,cpi_headline_yoy,62,services_pmi,Services PMI,Growth,5,43,0.095560,0.095560,low_correlation,2026-04-25T22:25:54.019571+00:00
2975,UK,GBP,CPI,cpi_headline_yoy,62,services_pmi,Services PMI,Growth,0,47,0.020004,0.020004,low_correlation,2026-04-25T22:25:54.019571+00:00
2976,UK,GBP,CPI,cpi_headline_yoy,63,composite_pmi,Composite PMI,Growth,6,40,-0.219579,0.219579,low_correlation,2026-04-25T22:25:54.019571+00:00
2977,UK,GBP,CPI,cpi_headline_yoy,63,composite_pmi,Composite PMI,Growth,5,43,-0.189010,0.189010,low_correlation,2026-04-25T22:25:54.019571+00:00
2978,UK,GBP,CPI,cpi_headline_yoy,63,composite_pmi,Composite PMI,Growth,3,46,-0.072865,0.072865,low_correlation,2026-04-25T22:25:54.019571+00:00
2979,UK,GBP,CPI,cpi_headline_yoy,63,composite_pmi,Composite PMI,Growth,1,47,0.036686,0.036686,low_correlation,2026-04-25T22:25:54.019571+00:00
2980,UK,GBP,CPI,cpi_headline_yoy,63,composite_pmi,Composite PMI,Growth,0,47,0.034703,0.034703,low_correlation,2026-04-25T22:25:54.019571+00:00
2981,UK,GBP,CPI,cpi_headline_yoy,63,composite_pmi,Composite PMI,Growth,4,45,-0.032546,0.032546,low_correlation,2026-04-25T22:25:54.019571+00:00
2982,UK,GBP,CPI,cpi_headline_yoy,63,composite_pmi,Composite PMI,Growth,2,47,-0.000086,0.000086,low_correlation,2026-04-25T22:25:54.019571+00:00
2983,UK,GBP,CPI,cpi_headline_yoy,64,retail_sales_mom,Retail Sales (MoM),Growth,5,69,0.148760,0.148760,low_correlation,2026-04-25T22:25:54.019571+00:00
2984,UK,GBP,CPI,cpi_headline_yoy,64,retail_sales_mom,Retail Sales (MoM),Growth,6,68,0.146043,0.146043,low_correlation,2026-04-25T22:25:54.019571+00:00
2985,UK,GBP,CPI,cpi_headline_yoy,64,retail_sales_mom,Retail Sales (MoM),Growth,2,72,0.139782,0.139782,low_correlation,2026-04-25T22:25:54.019571+00:00
2986,UK,GBP,CPI,cpi_headline_yoy,64,retail_sales_mom,Retail Sales (MoM),Growth,4,70,0.139376,0.139376,low_correlation,2026-04-25T22:25:54.019571+00:00
2987,UK,GBP,CPI,cpi_headline_yoy,64,retail_sales_mom,Retail Sales (MoM),Growth,1,73,0.139139,0.139139,low_correlation,2026-04-25T22:25:54.019571+00:00
2988,UK,GBP,CPI,cpi_headline_yoy,64,retail_sales_mom,Retail Sales (MoM),Growth,3,71,0.138608,0.138608,low_correlation,2026-04-25T22:25:54.019571+00:00
2989,UK,GBP,CPI,cpi_headline_yoy,65,industrial_production_yoy,Industrial Production (YoY),Growth,1,73,-0.029552,0.029552,low_correlation,2026-04-25T22:25:54.019571+00:00
2990,UK,GBP,CPI,cpi_headline_yoy,65,industrial_production_yoy,Industrial Production (YoY),Growth,2,75,-0.021586,0.021586,low_correlation,2026-04-25T22:25:54.019571+00:00
2991,UK,GBP,CPI,cpi_headline_yoy,65,industrial_production_yoy,Industrial Production (YoY),Growth,5,72,0.018368,0.018368,low_correlation,2026-04-25T22:25:54.019571+00:00
2992,UK,GBP,CPI,cpi_headline_yoy,65,industrial_production_yoy,Industrial Production (YoY),Growth,4,73,0.006659,0.006659,low_correlation,2026-04-25T22:25:54.019571+00:00
2993,UK,GBP,CPI,cpi_headline_yoy,65,industrial_production_yoy,Industrial Production (YoY),Growth,6,71,0.005458,0.005458,low_correlation,2026-04-25T22:25:54.019571+00:00
2994,UK,GBP,CPI,cpi_headline_yoy,65,industrial_production_yoy,Industrial Production (YoY),Growth,3,74,-0.003883,0.003883,low_correlation,2026-04-25T22:25:54.019571+00:00
2995,UK,GBP,CPI,cpi_headline_yoy,68,nationwide_hpi_yoy,Nationwide House Prices (YoY),Growth,0,75,-0.381911,0.381911,low_correlation,2026-04-25T22:25:54.019571+00:00
2996,UK,GBP,CPI,cpi_headline_yoy,68,nationwide_hpi_yoy,Nationwide House Prices (YoY),Growth,1,74,-0.346190,0.346190,low_correlation,2026-04-25T22:25:54.019571+00:00
2997,UK,GBP,CPI,cpi_headline_yoy,68,nationwide_hpi_yoy,Nationwide House Prices (YoY),Growth,2,73,-0.327713,0.327713,low_correlation,2026-04-25T22:25:54.019571+00:00
2998,UK,GBP,CPI,cpi_headline_yoy,68,nationwide_hpi_yoy,Nationwide House Prices (YoY),Growth,3,72,-0.300423,0.300423,low_correlation,2026-04-25T22:25:54.019571+00:00
2999,UK,GBP,CPI,cpi_headline_yoy,68,nationwide_hpi_yoy,Nationwide House Prices (YoY),Growth,4,71,-0.291492,0.291492,low_correlation,2026-04-25T22:25:54.019571+00:00
3000,UK,GBP,CPI,cpi_headline_yoy,68,nationwide_hpi_yoy,Nationwide House Prices (YoY),Growth,5,70,-0.243322,0.243322,low_correlation,2026-04-25T22:25:54.019571+00:00
3001,UK,GBP,CPI,cpi_headline_yoy,68,nationwide_hpi_yoy,Nationwide House Prices (YoY),Growth,6,69,-0.164122,0.164122,low_correlation,2026-04-25T22:25:54.019571+00:00
3002,UK,GBP,CPI,cpi_headline_yoy,70,hmrc_payrolls_change,HMRC Payrolls Change,Labor,5,36,-0.214545,0.214545,low_correlation,2026-04-25T22:25:54.019571+00:00
3003,UK,GBP,CPI,cpi_headline_yoy,70,hmrc_payrolls_change,HMRC Payrolls Change,Labor,4,37,-0.187672,0.187672,low_correlation,2026-04-25T22:25:54.019571+00:00
3004,UK,GBP,CPI,cpi_headline_yoy,70,hmrc_payrolls_change,HMRC Payrolls Change,Labor,0,38,-0.147442,0.147442,low_correlation,2026-04-25T22:25:54.019571+00:00
3005,UK,GBP,CPI,cpi_headline_yoy,70,hmrc_payrolls_change,HMRC Payrolls Change,Labor,3,38,-0.143778,0.143778,low_correlation,2026-04-25T22:25:54.019571+00:00
3006,UK,GBP,CPI,cpi_headline_yoy,70,hmrc_payrolls_change,HMRC Payrolls Change,Labor,1,40,-0.129297,0.129297,low_correlation,2026-04-25T22:25:54.019571+00:00
3007,UK,GBP,CPI,cpi_headline_yoy,70,hmrc_payrolls_change,HMRC Payrolls Change,Labor,2,39,-0.127013,0.127013,low_correlation,2026-04-25T22:25:54.019571+00:00
3008,UK,GBP,CPI,cpi_headline_yoy,70,hmrc_payrolls_change,HMRC Payrolls Change,Labor,6,35,-0.048287,0.048287,low_correlation,2026-04-25T22:25:54.019571+00:00
3009,UK,GBP,CPI,cpi_headline_yoy,71,core_cpi_mom,Core CPI (MoM),Inflation,5,65,-0.063980,0.063980,low_correlation,2026-04-25T22:25:54.019571+00:00
3010,UK,GBP,CPI,cpi_headline_yoy,71,core_cpi_mom,Core CPI (MoM),Inflation,4,65,-0.062464,0.062464,low_correlation,2026-04-25T22:25:54.019571+00:00
3011,UK,GBP,CPI,cpi_headline_yoy,71,core_cpi_mom,Core CPI (MoM),Inflation,3,66,-0.061937,0.061937,low_correlation,2026-04-25T22:25:54.019571+00:00
3012,UK,GBP,CPI,cpi_headline_yoy,71,core_cpi_mom,Core CPI (MoM),Inflation,1,69,-0.046733,0.046733,low_correlation,2026-04-25T22:25:54.019571+00:00
3013,UK,GBP,CPI,cpi_headline_yoy,71,core_cpi_mom,Core CPI (MoM),Inflation,0,69,-0.044749,0.044749,low_correlation,2026-04-25T22:25:54.019571+00:00
3014,UK,GBP,CPI,cpi_headline_yoy,71,core_cpi_mom,Core CPI (MoM),Inflation,6,64,-0.042766,0.042766,low_correlation,2026-04-25T22:25:54.019571+00:00
3015,UK,GBP,CPI,cpi_headline_yoy,71,core_cpi_mom,Core CPI (MoM),Inflation,2,68,-0.034864,0.034864,low_correlation,2026-04-25T22:25:54.019571+00:00
3016,UK,GBP,CPI,cpi_headline_yoy,72,core_rpi_mom,Core RPI (MoM),Inflation,5,17,0.248937,0.248937,low_sample_and_low_correlation,2026-04-25T22:25:54.019571+00:00
3017,UK,GBP,CPI,cpi_headline_yoy,72,core_rpi_mom,Core RPI (MoM),Inflation,6,16,0.186987,0.186987,low_sample_and_low_correlation,2026-04-25T22:25:54.019571+00:00
3018,UK,GBP,CPI,cpi_headline_yoy,72,core_rpi_mom,Core RPI (MoM),Inflation,4,18,0.174001,0.174001,low_sample_and_low_correlation,2026-04-25T22:25:54.019571+00:00
3019,UK,GBP,CPI,cpi_headline_yoy,72,core_rpi_mom,Core RPI (MoM),Inflation,3,19,0.171707,0.171707,low_sample_and_low_correlation,2026-04-25T22:25:54.019571+00:00
3020,UK,GBP,CPI,cpi_headline_yoy,72,core_rpi_mom,Core RPI (MoM),Inflation,2,20,0.142030,0.142030,low_sample_and_low_correlation,2026-04-25T22:25:54.019571+00:00
3021,UK,GBP,CPI,cpi_headline_yoy,72,core_rpi_mom,Core RPI (MoM),Inflation,0,20,0.139740,0.139740,low_sample_and_low_correlation,2026-04-25T22:25:54.019571+00:00
3022,UK,GBP,CPI,cpi_headline_yoy,72,core_rpi_mom,Core RPI (MoM),Inflation,1,21,-0.052104,0.052104,low_sample_and_low_correlation,2026-04-25T22:25:54.019571+00:00
3023,UK,GBP,CPI,cpi_headline_yoy,73,core_rpi_yoy,Core RPI (YoY),Inflation,5,19,0.727436,0.727436,low_sample,2026-04-25T22:25:54.019571+00:00
3024,UK,GBP,CPI,cpi_headline_yoy,73,core_rpi_yoy,Core RPI (YoY),Inflation,3,21,0.624651,0.624651,low_sample,2026-04-25T22:25:54.019571+00:00
3025,UK,GBP,CPI,cpi_headline_yoy,73,core_rpi_yoy,Core RPI (YoY),Inflation,6,18,0.589083,0.589083,low_sample,2026-04-25T22:25:54.019571+00:00
3026,UK,GBP,CPI,cpi_headline_yoy,73,core_rpi_yoy,Core RPI (YoY),Inflation,4,20,0.588241,0.588241,low_sample,2026-04-25T22:25:54.019571+00:00
3027,UK,GBP,CPI,cpi_headline_yoy,73,core_rpi_yoy,Core RPI (YoY),Inflation,2,22,0.483099,0.483099,low_sample,2026-04-25T22:25:54.019571+00:00
3028,UK,GBP,CPI,cpi_headline_yoy,73,core_rpi_yoy,Core RPI (YoY),Inflation,1,23,0.374666,0.374666,low_sample_and_low_correlation,2026-04-25T22:25:54.019571+00:00
3029,UK,GBP,CPI,cpi_headline_yoy,73,core_rpi_yoy,Core RPI (YoY),Inflation,0,22,0.369105,0.369105,low_sample_and_low_correlation,2026-04-25T22:25:54.019571+00:00
3030,UK,GBP,CPI,cpi_headline_yoy,74,ppi_core_output_mom,PPI Core Output (MoM),Inflation,2,52,-0.217730,0.217730,low_correlation,2026-04-25T22:25:54.019571+00:00
3031,UK,GBP,CPI,cpi_headline_yoy,74,ppi_core_output_mom,PPI Core Output (MoM),Inflation,0,53,-0.214148,0.214148,low_correlation,2026-04-25T22:25:54.019571+00:00
3032,UK,GBP,CPI,cpi_headline_yoy,74,ppi_core_output_mom,PPI Core Output (MoM),Inflation,1,53,-0.170139,0.170139,low_correlation,2026-04-25T22:25:54.019571+00:00
3033,UK,GBP,CPI,cpi_headline_yoy,74,ppi_core_output_mom,PPI Core Output (MoM),Inflation,3,52,-0.166428,0.166428,low_correlation,2026-04-25T22:25:54.019571+00:00
3034,UK,GBP,CPI,cpi_headline_yoy,74,ppi_core_output_mom,PPI Core Output (MoM),Inflation,4,50,-0.144254,0.144254,low_correlation,2026-04-25T22:25:54.019571+00:00
3035,UK,GBP,CPI,cpi_headline_yoy,74,ppi_core_output_mom,PPI Core Output (MoM),Inflation,5,49,-0.118732,0.118732,low_correlation,2026-04-25T22:25:54.019571+00:00
3036,UK,GBP,CPI,cpi_headline_yoy,74,ppi_core_output_mom,PPI Core Output (MoM),Inflation,6,48,-0.079307,0.079307,low_correlation,2026-04-25T22:25:54.019571+00:00
3037,UK,GBP,CPI,cpi_headline_yoy,75,ppi_core_output_yoy,PPI Core Output (YoY),Inflation,0,65,-0.210654,0.210654,low_correlation,2026-04-25T22:25:54.019571+00:00
3038,UK,GBP,CPI,cpi_headline_yoy,75,ppi_core_output_yoy,PPI Core Output (YoY),Inflation,1,66,-0.186371,0.186371,low_correlation,2026-04-25T22:25:54.019571+00:00
3039,UK,GBP,CPI,cpi_headline_yoy,75,ppi_core_output_yoy,PPI Core Output (YoY),Inflation,2,65,-0.160694,0.160694,low_correlation,2026-04-25T22:25:54.019571+00:00
3040,UK,GBP,CPI,cpi_headline_yoy,75,ppi_core_output_yoy,PPI Core Output (YoY),Inflation,3,64,-0.106679,0.106679,low_correlation,2026-04-25T22:25:54.019571+00:00
3041,UK,GBP,CPI,cpi_headline_yoy,75,ppi_core_output_yoy,PPI Core Output (YoY),Inflation,6,59,0.096441,0.096441,low_correlation,2026-04-25T22:25:54.019571+00:00
3042,UK,GBP,CPI,cpi_headline_yoy,75,ppi_core_output_yoy,PPI Core Output (YoY),Inflation,4,62,-0.071973,0.071973,low_correlation,2026-04-25T22:25:54.019571+00:00
3043,UK,GBP,CPI,cpi_headline_yoy,75,ppi_core_output_yoy,PPI Core Output (YoY),Inflation,5,60,0.010777,0.010777,low_correlation,2026-04-25T22:25:54.019571+00:00
3044,UK,GBP,CPI,cpi_headline_yoy,76,ppi_input_mom,PPI Input (MoM),Inflation,6,58,0.109307,0.109307,low_correlation,2026-04-25T22:25:54.019571+00:00
3045,UK,GBP,CPI,cpi_headline_yoy,76,ppi_input_mom,PPI Input (MoM),Inflation,5,59,0.083342,0.083342,low_correlation,2026-04-25T22:25:54.019571+00:00
3046,UK,GBP,CPI,cpi_headline_yoy,76,ppi_input_mom,PPI Input (MoM),Inflation,4,61,0.054841,0.054841,low_correlation,2026-04-25T22:25:54.019571+00:00
3047,UK,GBP,CPI,cpi_headline_yoy,76,ppi_input_mom,PPI Input (MoM),Inflation,0,64,-0.049095,0.049095,low_correlation,2026-04-25T22:25:54.019571+00:00
3048,UK,GBP,CPI,cpi_headline_yoy,76,ppi_input_mom,PPI Input (MoM),Inflation,3,63,0.038327,0.038327,low_correlation,2026-04-25T22:25:54.019571+00:00
3049,UK,GBP,CPI,cpi_headline_yoy,76,ppi_input_mom,PPI Input (MoM),Inflation,1,65,0.016730,0.016730,low_correlation,2026-04-25T22:25:54.019571+00:00
3050,UK,GBP,CPI,cpi_headline_yoy,76,ppi_input_mom,PPI Input (MoM),Inflation,2,64,0.015070,0.015070,low_correlation,2026-04-25T22:25:54.019571+00:00
3051,UK,GBP,CPI,cpi_headline_yoy,77,ppi_output_mom,PPI Output (MoM),Inflation,2,55,-0.177460,0.177460,low_correlation,2026-04-25T22:25:54.019571+00:00
3052,UK,GBP,CPI,cpi_headline_yoy,77,ppi_output_mom,PPI Output (MoM),Inflation,1,56,-0.160544,0.160544,low_correlation,2026-04-25T22:25:54.019571+00:00
3053,UK,GBP,CPI,cpi_headline_yoy,77,ppi_output_mom,PPI Output (MoM),Inflation,0,55,-0.160423,0.160423,low_correlation,2026-04-25T22:25:54.019571+00:00
3054,UK,GBP,CPI,cpi_headline_yoy,77,ppi_output_mom,PPI Output (MoM),Inflation,3,54,-0.126435,0.126435,low_correlation,2026-04-25T22:25:54.019571+00:00
3055,UK,GBP,CPI,cpi_headline_yoy,77,ppi_output_mom,PPI Output (MoM),Inflation,4,54,-0.085421,0.085421,low_correlation,2026-04-25T22:25:54.019571+00:00
3056,UK,GBP,CPI,cpi_headline_yoy,77,ppi_output_mom,PPI Output (MoM),Inflation,5,53,-0.041535,0.041535,low_correlation,2026-04-25T22:25:54.019571+00:00
3057,UK,GBP,CPI,cpi_headline_yoy,77,ppi_output_mom,PPI Output (MoM),Inflation,6,53,0.021637,0.021637,low_correlation,2026-04-25T22:25:54.019571+00:00
3058,UK,GBP,CPI,cpi_headline_yoy,78,retail_price_index_mom,Retail Price Index (MoM),Inflation,6,66,0.287307,0.287307,low_correlation,2026-04-25T22:25:54.019571+00:00
3059,UK,GBP,CPI,cpi_headline_yoy,78,retail_price_index_mom,Retail Price Index (MoM),Inflation,5,67,0.273441,0.273441,low_correlation,2026-04-25T22:25:54.019571+00:00
3060,UK,GBP,CPI,cpi_headline_yoy,78,retail_price_index_mom,Retail Price Index (MoM),Inflation,4,68,0.270527,0.270527,low_correlation,2026-04-25T22:25:54.019571+00:00
3061,UK,GBP,CPI,cpi_headline_yoy,78,retail_price_index_mom,Retail Price Index (MoM),Inflation,3,69,0.234424,0.234424,low_correlation,2026-04-25T22:25:54.019571+00:00
3062,UK,GBP,CPI,cpi_headline_yoy,78,retail_price_index_mom,Retail Price Index (MoM),Inflation,2,70,0.211374,0.211374,low_correlation,2026-04-25T22:25:54.019571+00:00
3063,UK,GBP,CPI,cpi_headline_yoy,78,retail_price_index_mom,Retail Price Index (MoM),Inflation,0,71,0.198611,0.198611,low_correlation,2026-04-25T22:25:54.019571+00:00
3064,UK,GBP,CPI,cpi_headline_yoy,78,retail_price_index_mom,Retail Price Index (MoM),Inflation,1,71,0.198194,0.198194,low_correlation,2026-04-25T22:25:54.019571+00:00
3065,UK,GBP,CPI,cpi_headline_yoy,79,retail_price_index_yoy,Retail Price Index (YoY),Inflation,5,71,0.391928,0.391928,low_correlation,2026-04-25T22:25:54.019571+00:00
3066,UK,GBP,CPI,cpi_headline_yoy,79,retail_price_index_yoy,Retail Price Index (YoY),Inflation,4,72,0.355236,0.355236,low_correlation,2026-04-25T22:25:54.019571+00:00
3067,UK,GBP,CPI,cpi_headline_yoy,79,retail_price_index_yoy,Retail Price Index (YoY),Inflation,3,73,0.298347,0.298347,low_correlation,2026-04-25T22:25:54.019571+00:00
3068,UK,GBP,CPI,cpi_headline_yoy,79,retail_price_index_yoy,Retail Price Index (YoY),Inflation,2,74,0.239973,0.239973,low_correlation,2026-04-25T22:25:54.019571+00:00
3069,UK,GBP,CPI,cpi_headline_yoy,79,retail_price_index_yoy,Retail Price Index (YoY),Inflation,1,75,0.181635,0.181635,low_correlation,2026-04-25T22:25:54.019571+00:00
3070,UK,GBP,CPI,cpi_headline_yoy,79,retail_price_index_yoy,Retail Price Index (YoY),Inflation,0,75,0.131402,0.131402,low_correlation,2026-04-25T22:25:54.019571+00:00
3071,UK,GBP,CPI,cpi_headline_yoy,80,house_price_index_yoy,House Price Index (YoY),Growth,0,89,-0.133880,0.133880,low_correlation,2026-04-25T22:25:54.019571+00:00
3072,UK,GBP,CPI,cpi_headline_yoy,80,house_price_index_yoy,House Price Index (YoY),Growth,1,91,-0.101299,0.101299,low_correlation,2026-04-25T22:25:54.019571+00:00
3073,UK,GBP,CPI,cpi_headline_yoy,80,house_price_index_yoy,House Price Index (YoY),Growth,6,86,0.092279,0.092279,low_correlation,2026-04-25T22:25:54.019571+00:00
3074,UK,GBP,CPI,cpi_headline_yoy,80,house_price_index_yoy,House Price Index (YoY),Growth,2,92,-0.054350,0.054350,low_correlation,2026-04-25T22:25:54.019571+00:00
3075,UK,GBP,CPI,cpi_headline_yoy,80,house_price_index_yoy,House Price Index (YoY),Growth,5,89,0.037086,0.037086,low_correlation,2026-04-25T22:25:54.019571+00:00
3076,UK,GBP,CPI,cpi_headline_yoy,80,house_price_index_yoy,House Price Index (YoY),Growth,3,92,-0.023405,0.023405,low_correlation,2026-04-25T22:25:54.019571+00:00
3077,UK,GBP,CPI,cpi_headline_yoy,80,house_price_index_yoy,House Price Index (YoY),Growth,4,91,0.013825,0.013825,low_correlation,2026-04-25T22:25:54.019571+00:00
3078,UK,GBP,CPI,cpi_headline_yoy,81,public_sector_net_borrowing,Public Sector Net Borrowing,Growth,0,10,-0.178185,0.178185,low_sample_and_low_correlation,2026-04-25T22:25:54.019571+00:00
3079,UK,GBP,CPI,cpi_headline_yoy,81,public_sector_net_borrowing,Public Sector Net Borrowing,Growth,6,68,0.136771,0.136771,low_correlation,2026-04-25T22:25:54.019571+00:00
3080,UK,GBP,CPI,cpi_headline_yoy,81,public_sector_net_borrowing,Public Sector Net Borrowing,Growth,5,66,0.121896,0.121896,low_correlation,2026-04-25T22:25:54.019571+00:00
3081,UK,GBP,CPI,cpi_headline_yoy,81,public_sector_net_borrowing,Public Sector Net Borrowing,Growth,4,66,0.117166,0.117166,low_correlation,2026-04-25T22:25:54.019571+00:00
3082,UK,GBP,CPI,cpi_headline_yoy,81,public_sector_net_borrowing,Public Sector Net Borrowing,Growth,3,67,0.099919,0.099919,low_correlation,2026-04-25T22:25:54.019571+00:00
3083,UK,GBP,CPI,cpi_headline_yoy,81,public_sector_net_borrowing,Public Sector Net Borrowing,Growth,2,68,0.091112,0.091112,low_correlation,2026-04-25T22:25:54.019571+00:00
3084,UK,GBP,CPI,cpi_headline_yoy,81,public_sector_net_borrowing,Public Sector Net Borrowing,Growth,1,69,0.089348,0.089348,low_correlation,2026-04-25T22:25:54.019571+00:00
3085,UK,GBP,CPI,cpi_headline_yoy,82,cbi_business_optimism,CBI Business Optimism Index,Growth,6,21,-0.280046,0.280046,low_sample_and_low_correlation,2026-04-25T22:25:54.019571+00:00
3086,UK,GBP,CPI,cpi_headline_yoy,82,cbi_business_optimism,CBI Business Optimism Index,Growth,3,22,-0.255305,0.255305,low_sample_and_low_correlation,2026-04-25T22:25:54.019571+00:00
3087,UK,GBP,CPI,cpi_headline_yoy,82,cbi_business_optimism,CBI Business Optimism Index,Growth,5,22,-0.248754,0.248754,low_sample_and_low_correlation,2026-04-25T22:25:54.019571+00:00
3088,UK,GBP,CPI,cpi_headline_yoy,82,cbi_business_optimism,CBI Business Optimism Index,Growth,4,21,-0.237344,0.237344,low_sample_and_low_correlation,2026-04-25T22:25:54.019571+00:00
3089,UK,GBP,CPI,cpi_headline_yoy,82,cbi_business_optimism,CBI Business Optimism Index,Growth,0,23,-0.162230,0.162230,low_sample_and_low_correlation,2026-04-25T22:25:54.019571+00:00
3090,UK,GBP,CPI,cpi_headline_yoy,82,cbi_business_optimism,CBI Business Optimism Index,Growth,1,22,-0.123367,0.123367,low_sample_and_low_correlation,2026-04-25T22:25:54.019571+00:00
3091,UK,GBP,CPI,cpi_headline_yoy,82,cbi_business_optimism,CBI Business Optimism Index,Growth,2,23,-0.123238,0.123238,low_sample_and_low_correlation,2026-04-25T22:25:54.019571+00:00
3092,UK,GBP,CPI,cpi_headline_yoy,83,cbi_industrial_trends_orders,CBI Industrial Trends Orders,Growth,0,75,-0.288545,0.288545,low_correlation,2026-04-25T22:25:54.019571+00:00
3093,UK,GBP,CPI,cpi_headline_yoy,83,cbi_industrial_trends_orders,CBI Industrial Trends Orders,Growth,1,74,-0.265707,0.265707,low_correlation,2026-04-25T22:25:54.019571+00:00
3094,UK,GBP,CPI,cpi_headline_yoy,83,cbi_industrial_trends_orders,CBI Industrial Trends Orders,Growth,2,73,-0.235563,0.235563,low_correlation,2026-04-25T22:25:54.019571+00:00
3095,UK,GBP,CPI,cpi_headline_yoy,83,cbi_industrial_trends_orders,CBI Industrial Trends Orders,Growth,3,72,-0.211589,0.211589,low_correlation,2026-04-25T22:25:54.019571+00:00
3096,UK,GBP,CPI,cpi_headline_yoy,83,cbi_industrial_trends_orders,CBI Industrial Trends Orders,Growth,4,71,-0.195601,0.195601,low_correlation,2026-04-25T22:25:54.019571+00:00
3097,UK,GBP,CPI,cpi_headline_yoy,83,cbi_industrial_trends_orders,CBI Industrial Trends Orders,Growth,5,70,-0.129932,0.129932,low_correlation,2026-04-25T22:25:54.019571+00:00
3098,UK,GBP,CPI,cpi_headline_yoy,83,cbi_industrial_trends_orders,CBI Industrial Trends Orders,Growth,6,69,-0.117092,0.117092,low_correlation,2026-04-25T22:25:54.019571+00:00
3099,UK,GBP,CPI,cpi_headline_yoy,84,consumer_confidence,Consumer Confidence,Growth,6,71,-0.097761,0.097761,low_correlation,2026-04-25T22:25:54.019571+00:00
3100,UK,GBP,CPI,cpi_headline_yoy,84,consumer_confidence,Consumer Confidence,Growth,4,73,-0.079575,0.079575,low_correlation,2026-04-25T22:25:54.019571+00:00
3101,UK,GBP,CPI,cpi_headline_yoy,84,consumer_confidence,Consumer Confidence,Growth,5,72,-0.076091,0.076091,low_correlation,2026-04-25T22:25:54.019571+00:00
3102,UK,GBP,CPI,cpi_headline_yoy,84,consumer_confidence,Consumer Confidence,Growth,3,74,-0.050308,0.050308,low_correlation,2026-04-25T22:25:54.019571+00:00
3103,UK,GBP,CPI,cpi_headline_yoy,84,consumer_confidence,Consumer Confidence,Growth,2,75,-0.033286,0.033286,low_correlation,2026-04-25T22:25:54.019571+00:00
3104,UK,GBP,CPI,cpi_headline_yoy,84,consumer_confidence,Consumer Confidence,Growth,1,76,-0.008968,0.008968,low_correlation,2026-04-25T22:25:54.019571+00:00
3105,UK,GBP,CPI,cpi_headline_yoy,84,consumer_confidence,Consumer Confidence,Growth,0,77,0.008862,0.008862,low_correlation,2026-04-25T22:25:54.019571+00:00
3106,UK,GBP,CPI,cpi_headline_yoy,85,retail_sales_yoy,Retail Sales (YoY),Growth,5,69,0.153236,0.153236,low_correlation,2026-04-25T22:25:54.019571+00:00
3107,UK,GBP,CPI,cpi_headline_yoy,85,retail_sales_yoy,Retail Sales (YoY),Growth,6,68,0.146960,0.146960,low_correlation,2026-04-25T22:25:54.019571+00:00
3108,UK,GBP,CPI,cpi_headline_yoy,85,retail_sales_yoy,Retail Sales (YoY),Growth,2,72,0.141687,0.141687,low_correlation,2026-04-25T22:25:54.019571+00:00
3109,UK,GBP,CPI,cpi_headline_yoy,85,retail_sales_yoy,Retail Sales (YoY),Growth,3,71,0.137206,0.137206,low_correlation,2026-04-25T22:25:54.019571+00:00
3110,UK,GBP,CPI,cpi_headline_yoy,85,retail_sales_yoy,Retail Sales (YoY),Growth,1,73,0.130106,0.130106,low_correlation,2026-04-25T22:25:54.019571+00:00
3111,UK,GBP,CPI,cpi_headline_yoy,85,retail_sales_yoy,Retail Sales (YoY),Growth,4,70,0.126133,0.126133,low_correlation,2026-04-25T22:25:54.019571+00:00
3112,UK,GBP,CPI,cpi_headline_yoy,86,retail_sales_ex_fuel_mom,Retail Sales Ex Fuel (MoM),Growth,1,75,0.136081,0.136081,low_correlation,2026-04-25T22:25:54.019571+00:00
3113,UK,GBP,CPI,cpi_headline_yoy,86,retail_sales_ex_fuel_mom,Retail Sales Ex Fuel (MoM),Growth,6,70,0.132665,0.132665,low_correlation,2026-04-25T22:25:54.019571+00:00
3114,UK,GBP,CPI,cpi_headline_yoy,86,retail_sales_ex_fuel_mom,Retail Sales Ex Fuel (MoM),Growth,2,74,0.126898,0.126898,low_correlation,2026-04-25T22:25:54.019571+00:00
3115,UK,GBP,CPI,cpi_headline_yoy,86,retail_sales_ex_fuel_mom,Retail Sales Ex Fuel (MoM),Growth,4,72,0.123825,0.123825,low_correlation,2026-04-25T22:25:54.019571+00:00
3116,UK,GBP,CPI,cpi_headline_yoy,86,retail_sales_ex_fuel_mom,Retail Sales Ex Fuel (MoM),Growth,3,73,0.122575,0.122575,low_correlation,2026-04-25T22:25:54.019571+00:00
3117,UK,GBP,CPI,cpi_headline_yoy,86,retail_sales_ex_fuel_mom,Retail Sales Ex Fuel (MoM),Growth,5,71,0.121976,0.121976,low_correlation,2026-04-25T22:25:54.019571+00:00
3118,UK,GBP,CPI,cpi_headline_yoy,87,retail_sales_ex_fuel_yoy,Retail Sales Ex Fuel (YoY),Growth,1,75,0.127658,0.127658,low_correlation,2026-04-25T22:25:54.019571+00:00
3119,UK,GBP,CPI,cpi_headline_yoy,87,retail_sales_ex_fuel_yoy,Retail Sales Ex Fuel (YoY),Growth,2,74,0.123179,0.123179,low_correlation,2026-04-25T22:25:54.019571+00:00
3120,UK,GBP,CPI,cpi_headline_yoy,87,retail_sales_ex_fuel_yoy,Retail Sales Ex Fuel (YoY),Growth,3,73,0.111296,0.111296,low_correlation,2026-04-25T22:25:54.019571+00:00
3121,UK,GBP,CPI,cpi_headline_yoy,87,retail_sales_ex_fuel_yoy,Retail Sales Ex Fuel (YoY),Growth,4,72,0.106033,0.106033,low_correlation,2026-04-25T22:25:54.019571+00:00
3122,UK,GBP,CPI,cpi_headline_yoy,87,retail_sales_ex_fuel_yoy,Retail Sales Ex Fuel (YoY),Growth,6,70,0.103194,0.103194,low_correlation,2026-04-25T22:25:54.019571+00:00
3123,UK,GBP,CPI,cpi_headline_yoy,87,retail_sales_ex_fuel_yoy,Retail Sales Ex Fuel (YoY),Growth,5,71,0.100708,0.100708,low_correlation,2026-04-25T22:25:54.019571+00:00
3124,UK,GBP,CPI,cpi_headline_yoy,185,niesr_monthly_gdp_tracker,NIESR Monthly GDP Tracker,Growth,6,80,-0.178005,0.178005,low_correlation,2026-04-25T22:25:54.019571+00:00
3125,UK,GBP,CPI,cpi_headline_yoy,185,niesr_monthly_gdp_tracker,NIESR Monthly GDP Tracker,Growth,5,81,-0.167269,0.167269,low_correlation,2026-04-25T22:25:54.019571+00:00
3126,UK,GBP,CPI,cpi_headline_yoy,185,niesr_monthly_gdp_tracker,NIESR Monthly GDP Tracker,Growth,4,83,-0.149266,0.149266,low_correlation,2026-04-25T22:25:54.019571+00:00
3127,UK,GBP,CPI,cpi_headline_yoy,185,niesr_monthly_gdp_tracker,NIESR Monthly GDP Tracker,Growth,3,83,-0.138558,0.138558,low_correlation,2026-04-25T22:25:54.019571+00:00
3128,UK,GBP,CPI,cpi_headline_yoy,185,niesr_monthly_gdp_tracker,NIESR Monthly GDP Tracker,Growth,2,84,-0.110674,0.110674,low_correlation,2026-04-25T22:25:54.019571+00:00
3129,UK,GBP,CPI,cpi_headline_yoy,185,niesr_monthly_gdp_tracker,NIESR Monthly GDP Tracker,Growth,0,55,-0.095716,0.095716,low_correlation,2026-04-25T22:25:54.019571+00:00
3130,UK,GBP,CPI,cpi_headline_yoy,185,niesr_monthly_gdp_tracker,NIESR Monthly GDP Tracker,Growth,1,80,-0.086520,0.086520,low_correlation,2026-04-25T22:25:54.019571+00:00
3131,UK,GBP,CPI,cpi_headline_yoy,186,house_price_index_mom,House Price Index (MoM),Growth,0,75,-0.091260,0.091260,low_correlation,2026-04-25T22:25:54.019571+00:00
3132,UK,GBP,CPI,cpi_headline_yoy,186,house_price_index_mom,House Price Index (MoM),Growth,5,77,-0.086170,0.086170,low_correlation,2026-04-25T22:25:54.019571+00:00
3133,UK,GBP,CPI,cpi_headline_yoy,186,house_price_index_mom,House Price Index (MoM),Growth,4,79,-0.083616,0.083616,low_correlation,2026-04-25T22:25:54.019571+00:00
3134,UK,GBP,CPI,cpi_headline_yoy,186,house_price_index_mom,House Price Index (MoM),Growth,3,79,-0.075595,0.075595,low_correlation,2026-04-25T22:25:54.019571+00:00
3135,UK,GBP,CPI,cpi_headline_yoy,186,house_price_index_mom,House Price Index (MoM),Growth,6,73,-0.068267,0.068267,low_correlation,2026-04-25T22:25:54.019571+00:00
3136,UK,GBP,CPI,cpi_headline_yoy,186,house_price_index_mom,House Price Index (MoM),Growth,1,76,-0.065195,0.065195,low_correlation,2026-04-25T22:25:54.019571+00:00
3137,UK,GBP,CPI,cpi_headline_yoy,186,house_price_index_mom,House Price Index (MoM),Growth,2,78,-0.048510,0.048510,low_correlation,2026-04-25T22:25:54.019571+00:00
3138,UK,GBP,CPI,cpi_headline_mom,48,core_cpi_yoy,Core CPI (YoY),Inflation,5,68,0.295771,0.295771,low_correlation,2026-04-25T22:25:54.019571+00:00
3139,UK,GBP,CPI,cpi_headline_mom,48,core_cpi_yoy,Core CPI (YoY),Inflation,2,70,0.282074,0.282074,low_correlation,2026-04-25T22:25:54.019571+00:00
3140,UK,GBP,CPI,cpi_headline_mom,48,core_cpi_yoy,Core CPI (YoY),Inflation,6,67,0.229183,0.229183,low_correlation,2026-04-25T22:25:54.019571+00:00
3141,UK,GBP,CPI,cpi_headline_mom,48,core_cpi_yoy,Core CPI (YoY),Inflation,1,70,0.216939,0.216939,low_correlation,2026-04-25T22:25:54.019571+00:00
3142,UK,GBP,CPI,cpi_headline_mom,48,core_cpi_yoy,Core CPI (YoY),Inflation,3,69,0.209279,0.209279,low_correlation,2026-04-25T22:25:54.019571+00:00
3143,UK,GBP,CPI,cpi_headline_mom,48,core_cpi_yoy,Core CPI (YoY),Inflation,4,69,0.150202,0.150202,low_correlation,2026-04-25T22:25:54.019571+00:00
3144,UK,GBP,CPI,cpi_headline_mom,49,cpi_headline_yoy,Headline CPI (YoY),Inflation,6,67,0.418966,0.418966,not_best_lag,2026-04-25T22:25:54.019571+00:00
3145,UK,GBP,CPI,cpi_headline_mom,49,cpi_headline_yoy,Headline CPI (YoY),Inflation,2,74,0.327138,0.327138,low_correlation,2026-04-25T22:25:54.019571+00:00
3146,UK,GBP,CPI,cpi_headline_mom,49,cpi_headline_yoy,Headline CPI (YoY),Inflation,5,68,0.294902,0.294902,low_correlation,2026-04-25T22:25:54.019571+00:00
3147,UK,GBP,CPI,cpi_headline_mom,49,cpi_headline_yoy,Headline CPI (YoY),Inflation,3,71,0.266704,0.266704,low_correlation,2026-04-25T22:25:54.019571+00:00
3148,UK,GBP,CPI,cpi_headline_mom,49,cpi_headline_yoy,Headline CPI (YoY),Inflation,4,69,0.248359,0.248359,low_correlation,2026-04-25T22:25:54.019571+00:00
3149,UK,GBP,CPI,cpi_headline_mom,49,cpi_headline_yoy,Headline CPI (YoY),Inflation,1,74,0.208752,0.208752,low_correlation,2026-04-25T22:25:54.019571+00:00
3150,UK,GBP,CPI,cpi_headline_mom,51,ppi_output_yoy,PPI Output (YoY),Inflation,6,57,0.356604,0.356604,low_correlation,2026-04-25T22:25:54.019571+00:00
3151,UK,GBP,CPI,cpi_headline_mom,51,ppi_output_yoy,PPI Output (YoY),Inflation,5,59,0.284730,0.284730,low_correlation,2026-04-25T22:25:54.019571+00:00
3152,UK,GBP,CPI,cpi_headline_mom,51,ppi_output_yoy,PPI Output (YoY),Inflation,3,62,0.215275,0.215275,low_correlation,2026-04-25T22:25:54.019571+00:00
3153,UK,GBP,CPI,cpi_headline_mom,51,ppi_output_yoy,PPI Output (YoY),Inflation,0,61,0.119691,0.119691,low_correlation,2026-04-25T22:25:54.019571+00:00
3154,UK,GBP,CPI,cpi_headline_mom,51,ppi_output_yoy,PPI Output (YoY),Inflation,1,63,0.079892,0.079892,low_correlation,2026-04-25T22:25:54.019571+00:00
3155,UK,GBP,CPI,cpi_headline_mom,51,ppi_output_yoy,PPI Output (YoY),Inflation,4,61,0.076418,0.076418,low_correlation,2026-04-25T22:25:54.019571+00:00
3156,UK,GBP,CPI,cpi_headline_mom,51,ppi_output_yoy,PPI Output (YoY),Inflation,2,63,0.044971,0.044971,low_correlation,2026-04-25T22:25:54.019571+00:00
3157,UK,GBP,CPI,cpi_headline_mom,52,ppi_input_yoy,PPI Input (YoY),Inflation,5,59,0.302290,0.302290,low_correlation,2026-04-25T22:25:54.019571+00:00
3158,UK,GBP,CPI,cpi_headline_mom,52,ppi_input_yoy,PPI Input (YoY),Inflation,6,57,0.280968,0.280968,low_correlation,2026-04-25T22:25:54.019571+00:00
3159,UK,GBP,CPI,cpi_headline_mom,52,ppi_input_yoy,PPI Input (YoY),Inflation,1,63,0.221698,0.221698,low_correlation,2026-04-25T22:25:54.019571+00:00
3160,UK,GBP,CPI,cpi_headline_mom,52,ppi_input_yoy,PPI Input (YoY),Inflation,0,61,0.188576,0.188576,low_correlation,2026-04-25T22:25:54.019571+00:00
3161,UK,GBP,CPI,cpi_headline_mom,52,ppi_input_yoy,PPI Input (YoY),Inflation,3,62,0.148973,0.148973,low_correlation,2026-04-25T22:25:54.019571+00:00
3162,UK,GBP,CPI,cpi_headline_mom,52,ppi_input_yoy,PPI Input (YoY),Inflation,4,61,0.147987,0.147987,low_correlation,2026-04-25T22:25:54.019571+00:00
3163,UK,GBP,CPI,cpi_headline_mom,52,ppi_input_yoy,PPI Input (YoY),Inflation,2,63,-0.038543,0.038543,low_correlation,2026-04-25T22:25:54.019571+00:00
3164,UK,GBP,CPI,cpi_headline_mom,53,unemployment_rate,Unemployment Rate,Labor,3,69,-0.375188,0.375188,low_correlation,2026-04-25T22:25:54.019571+00:00
3165,UK,GBP,CPI,cpi_headline_mom,53,unemployment_rate,Unemployment Rate,Labor,2,70,-0.350566,0.350566,low_correlation,2026-04-25T22:25:54.019571+00:00
3166,UK,GBP,CPI,cpi_headline_mom,53,unemployment_rate,Unemployment Rate,Labor,4,69,-0.286929,0.286929,low_correlation,2026-04-25T22:25:54.019571+00:00
3167,UK,GBP,CPI,cpi_headline_mom,53,unemployment_rate,Unemployment Rate,Labor,6,67,-0.197560,0.197560,low_correlation,2026-04-25T22:25:54.019571+00:00
3168,UK,GBP,CPI,cpi_headline_mom,53,unemployment_rate,Unemployment Rate,Labor,5,68,-0.184676,0.184676,low_correlation,2026-04-25T22:25:54.019571+00:00
3169,UK,GBP,CPI,cpi_headline_mom,53,unemployment_rate,Unemployment Rate,Labor,1,62,-0.143000,0.143000,low_correlation,2026-04-25T22:25:54.019571+00:00
3170,UK,GBP,CPI,cpi_headline_mom,54,claimant_count_change,Claimant Count Change,Labor,4,69,-0.187132,0.187132,low_correlation,2026-04-25T22:25:54.019571+00:00
3171,UK,GBP,CPI,cpi_headline_mom,54,claimant_count_change,Claimant Count Change,Labor,0,63,-0.151410,0.151410,low_correlation,2026-04-25T22:25:54.019571+00:00
3172,UK,GBP,CPI,cpi_headline_mom,54,claimant_count_change,Claimant Count Change,Labor,2,70,-0.072753,0.072753,low_correlation,2026-04-25T22:25:54.019571+00:00
3173,UK,GBP,CPI,cpi_headline_mom,54,claimant_count_change,Claimant Count Change,Labor,6,67,-0.044402,0.044402,low_correlation,2026-04-25T22:25:54.019571+00:00
3174,UK,GBP,CPI,cpi_headline_mom,54,claimant_count_change,Claimant Count Change,Labor,5,68,0.013243,0.013243,low_correlation,2026-04-25T22:25:54.019571+00:00
3175,UK,GBP,CPI,cpi_headline_mom,54,claimant_count_change,Claimant Count Change,Labor,1,70,-0.012238,0.012238,low_correlation,2026-04-25T22:25:54.019571+00:00
3176,UK,GBP,CPI,cpi_headline_mom,54,claimant_count_change,Claimant Count Change,Labor,3,69,0.002898,0.002898,low_correlation,2026-04-25T22:25:54.019571+00:00
3177,UK,GBP,CPI,cpi_headline_mom,55,employment_change,Employment Change,Labor,2,65,0.215429,0.215429,low_correlation,2026-04-25T22:25:54.019571+00:00
3178,UK,GBP,CPI,cpi_headline_mom,55,employment_change,Employment Change,Labor,1,26,-0.184900,0.184900,low_correlation,2026-04-25T22:25:54.019571+00:00
3179,UK,GBP,CPI,cpi_headline_mom,55,employment_change,Employment Change,Labor,3,69,0.152406,0.152406,low_correlation,2026-04-25T22:25:54.019571+00:00
3180,UK,GBP,CPI,cpi_headline_mom,55,employment_change,Employment Change,Labor,5,68,0.069764,0.069764,low_correlation,2026-04-25T22:25:54.019571+00:00
3181,UK,GBP,CPI,cpi_headline_mom,55,employment_change,Employment Change,Labor,4,69,0.060713,0.060713,low_correlation,2026-04-25T22:25:54.019571+00:00
3182,UK,GBP,CPI,cpi_headline_mom,55,employment_change,Employment Change,Labor,6,68,-0.000240,0.000240,low_correlation,2026-04-25T22:25:54.019571+00:00
3183,UK,GBP,CPI,cpi_headline_mom,56,avg_earnings_incl_bonus,Average Earnings (incl. Bonus),Inflation,1,63,0.300082,0.300082,low_correlation,2026-04-25T22:25:54.019571+00:00
3184,UK,GBP,CPI,cpi_headline_mom,56,avg_earnings_incl_bonus,Average Earnings (incl. Bonus),Inflation,6,67,0.162290,0.162290,low_correlation,2026-04-25T22:25:54.019571+00:00
3185,UK,GBP,CPI,cpi_headline_mom,56,avg_earnings_incl_bonus,Average Earnings (incl. Bonus),Inflation,5,68,0.145383,0.145383,low_correlation,2026-04-25T22:25:54.019571+00:00
3186,UK,GBP,CPI,cpi_headline_mom,56,avg_earnings_incl_bonus,Average Earnings (incl. Bonus),Inflation,4,68,0.070686,0.070686,low_correlation,2026-04-25T22:25:54.019571+00:00
3187,UK,GBP,CPI,cpi_headline_mom,56,avg_earnings_incl_bonus,Average Earnings (incl. Bonus),Inflation,2,70,0.028940,0.028940,low_correlation,2026-04-25T22:25:54.019571+00:00
3188,UK,GBP,CPI,cpi_headline_mom,56,avg_earnings_incl_bonus,Average Earnings (incl. Bonus),Inflation,3,69,0.016312,0.016312,low_correlation,2026-04-25T22:25:54.019571+00:00
3189,UK,GBP,CPI,cpi_headline_mom,57,avg_earnings_excl_bonus,Average Earnings (excl. Bonus),Inflation,1,79,0.303278,0.303278,low_correlation,2026-04-25T22:25:54.019571+00:00
3190,UK,GBP,CPI,cpi_headline_mom,57,avg_earnings_excl_bonus,Average Earnings (excl. Bonus),Inflation,4,84,0.191616,0.191616,low_correlation,2026-04-25T22:25:54.019571+00:00
3191,UK,GBP,CPI,cpi_headline_mom,57,avg_earnings_excl_bonus,Average Earnings (excl. Bonus),Inflation,2,85,0.176942,0.176942,low_correlation,2026-04-25T22:25:54.019571+00:00
3192,UK,GBP,CPI,cpi_headline_mom,57,avg_earnings_excl_bonus,Average Earnings (excl. Bonus),Inflation,6,83,0.162093,0.162093,low_correlation,2026-04-25T22:25:54.019571+00:00
3193,UK,GBP,CPI,cpi_headline_mom,57,avg_earnings_excl_bonus,Average Earnings (excl. Bonus),Inflation,5,86,0.116256,0.116256,low_correlation,2026-04-25T22:25:54.019571+00:00
3194,UK,GBP,CPI,cpi_headline_mom,57,avg_earnings_excl_bonus,Average Earnings (excl. Bonus),Inflation,3,85,0.098108,0.098108,low_correlation,2026-04-25T22:25:54.019571+00:00
3195,UK,GBP,CPI,cpi_headline_mom,58,gdp_mom,GDP (MoM),Growth,5,63,0.155921,0.155921,low_correlation,2026-04-25T22:25:54.019571+00:00
3196,UK,GBP,CPI,cpi_headline_mom,58,gdp_mom,GDP (MoM),Growth,1,61,0.103493,0.103493,low_correlation,2026-04-25T22:25:54.019571+00:00
3197,UK,GBP,CPI,cpi_headline_mom,58,gdp_mom,GDP (MoM),Growth,3,65,0.081680,0.081680,low_correlation,2026-04-25T22:25:54.019571+00:00
3198,UK,GBP,CPI,cpi_headline_mom,58,gdp_mom,GDP (MoM),Growth,2,65,-0.078900,0.078900,low_correlation,2026-04-25T22:25:54.019571+00:00
3199,UK,GBP,CPI,cpi_headline_mom,58,gdp_mom,GDP (MoM),Growth,6,61,-0.057643,0.057643,low_correlation,2026-04-25T22:25:54.019571+00:00
3200,UK,GBP,CPI,cpi_headline_mom,58,gdp_mom,GDP (MoM),Growth,4,64,0.051731,0.051731,low_correlation,2026-04-25T22:25:54.019571+00:00
3201,UK,GBP,CPI,cpi_headline_mom,59,gdp_yoy,GDP (YoY),Growth,1,62,0.116398,0.116398,low_correlation,2026-04-25T22:25:54.019571+00:00
3202,UK,GBP,CPI,cpi_headline_mom,59,gdp_yoy,GDP (YoY),Growth,2,62,0.099041,0.099041,low_correlation,2026-04-25T22:25:54.019571+00:00
3203,UK,GBP,CPI,cpi_headline_mom,59,gdp_yoy,GDP (YoY),Growth,4,68,0.098011,0.098011,low_correlation,2026-04-25T22:25:54.019571+00:00
3204,UK,GBP,CPI,cpi_headline_mom,59,gdp_yoy,GDP (YoY),Growth,3,69,0.063071,0.063071,low_correlation,2026-04-25T22:25:54.019571+00:00
3205,UK,GBP,CPI,cpi_headline_mom,59,gdp_yoy,GDP (YoY),Growth,5,76,0.060860,0.060860,low_correlation,2026-04-25T22:25:54.019571+00:00
3206,UK,GBP,CPI,cpi_headline_mom,59,gdp_yoy,GDP (YoY),Growth,6,76,0.036835,0.036835,low_correlation,2026-04-25T22:25:54.019571+00:00
3207,UK,GBP,CPI,cpi_headline_mom,60,gdp_qoq,GDP (QoQ),Growth,4,20,0.519626,0.519626,low_sample,2026-04-25T22:25:54.019571+00:00
3208,UK,GBP,CPI,cpi_headline_mom,60,gdp_qoq,GDP (QoQ),Growth,6,37,-0.151036,0.151036,low_correlation,2026-04-25T22:25:54.019571+00:00
3209,UK,GBP,CPI,cpi_headline_mom,60,gdp_qoq,GDP (QoQ),Growth,3,16,0.074278,0.074278,low_sample_and_low_correlation,2026-04-25T22:25:54.019571+00:00
3210,UK,GBP,CPI,cpi_headline_mom,60,gdp_qoq,GDP (QoQ),Growth,5,41,0.001607,0.001607,low_correlation,2026-04-25T22:25:54.019571+00:00
3211,UK,GBP,CPI,cpi_headline_mom,61,manufacturing_pmi,Manufacturing PMI,Growth,1,40,-0.304642,0.304642,low_correlation,2026-04-25T22:25:54.019571+00:00
3212,UK,GBP,CPI,cpi_headline_mom,61,manufacturing_pmi,Manufacturing PMI,Growth,3,42,-0.225271,0.225271,low_correlation,2026-04-25T22:25:54.019571+00:00
3213,UK,GBP,CPI,cpi_headline_mom,61,manufacturing_pmi,Manufacturing PMI,Growth,4,41,0.153987,0.153987,low_correlation,2026-04-25T22:25:54.019571+00:00
3214,UK,GBP,CPI,cpi_headline_mom,61,manufacturing_pmi,Manufacturing PMI,Growth,0,41,-0.087327,0.087327,low_correlation,2026-04-25T22:25:54.019571+00:00
3215,UK,GBP,CPI,cpi_headline_mom,61,manufacturing_pmi,Manufacturing PMI,Growth,5,40,-0.083928,0.083928,low_correlation,2026-04-25T22:25:54.019571+00:00
3216,UK,GBP,CPI,cpi_headline_mom,61,manufacturing_pmi,Manufacturing PMI,Growth,2,40,0.026954,0.026954,low_correlation,2026-04-25T22:25:54.019571+00:00
3217,UK,GBP,CPI,cpi_headline_mom,62,services_pmi,Services PMI,Growth,5,43,-0.373899,0.373899,low_correlation,2026-04-25T22:25:54.019571+00:00
3218,UK,GBP,CPI,cpi_headline_mom,62,services_pmi,Services PMI,Growth,0,45,-0.233270,0.233270,low_correlation,2026-04-25T22:25:54.019571+00:00
3219,UK,GBP,CPI,cpi_headline_mom,62,services_pmi,Services PMI,Growth,2,45,0.231677,0.231677,low_correlation,2026-04-25T22:25:54.019571+00:00
3220,UK,GBP,CPI,cpi_headline_mom,62,services_pmi,Services PMI,Growth,6,40,-0.091266,0.091266,low_correlation,2026-04-25T22:25:54.019571+00:00
3221,UK,GBP,CPI,cpi_headline_mom,62,services_pmi,Services PMI,Growth,3,47,-0.033748,0.033748,low_correlation,2026-04-25T22:25:54.019571+00:00
3222,UK,GBP,CPI,cpi_headline_mom,62,services_pmi,Services PMI,Growth,4,45,0.029235,0.029235,low_correlation,2026-04-25T22:25:54.019571+00:00
3223,UK,GBP,CPI,cpi_headline_mom,63,composite_pmi,Composite PMI,Growth,1,45,0.357958,0.357958,low_correlation,2026-04-25T22:25:54.019571+00:00
3224,UK,GBP,CPI,cpi_headline_mom,63,composite_pmi,Composite PMI,Growth,0,45,-0.324310,0.324310,low_correlation,2026-04-25T22:25:54.019571+00:00
3225,UK,GBP,CPI,cpi_headline_mom,63,composite_pmi,Composite PMI,Growth,2,45,0.224265,0.224265,low_correlation,2026-04-25T22:25:54.019571+00:00
3226,UK,GBP,CPI,cpi_headline_mom,63,composite_pmi,Composite PMI,Growth,6,40,-0.118982,0.118982,low_correlation,2026-04-25T22:25:54.019571+00:00
3227,UK,GBP,CPI,cpi_headline_mom,63,composite_pmi,Composite PMI,Growth,3,47,-0.116866,0.116866,low_correlation,2026-04-25T22:25:54.019571+00:00
3228,UK,GBP,CPI,cpi_headline_mom,63,composite_pmi,Composite PMI,Growth,4,45,0.051689,0.051689,low_correlation,2026-04-25T22:25:54.019571+00:00
3229,UK,GBP,CPI,cpi_headline_mom,64,retail_sales_mom,Retail Sales (MoM),Growth,1,68,0.164897,0.164897,low_correlation,2026-04-25T22:25:54.019571+00:00
3230,UK,GBP,CPI,cpi_headline_mom,64,retail_sales_mom,Retail Sales (MoM),Growth,4,67,0.092408,0.092408,low_correlation,2026-04-25T22:25:54.019571+00:00
3231,UK,GBP,CPI,cpi_headline_mom,64,retail_sales_mom,Retail Sales (MoM),Growth,5,66,0.082522,0.082522,low_correlation,2026-04-25T22:25:54.019571+00:00
3232,UK,GBP,CPI,cpi_headline_mom,64,retail_sales_mom,Retail Sales (MoM),Growth,3,67,0.071801,0.071801,low_correlation,2026-04-25T22:25:54.019571+00:00
3233,UK,GBP,CPI,cpi_headline_mom,64,retail_sales_mom,Retail Sales (MoM),Growth,6,66,0.065058,0.065058,low_correlation,2026-04-25T22:25:54.019571+00:00
3234,UK,GBP,CPI,cpi_headline_mom,64,retail_sales_mom,Retail Sales (MoM),Growth,2,68,0.030026,0.030026,low_correlation,2026-04-25T22:25:54.019571+00:00
3235,UK,GBP,CPI,cpi_headline_mom,65,industrial_production_yoy,Industrial Production (YoY),Growth,4,69,0.143974,0.143974,low_correlation,2026-04-25T22:25:54.019571+00:00
3236,UK,GBP,CPI,cpi_headline_mom,65,industrial_production_yoy,Industrial Production (YoY),Growth,5,69,0.104387,0.104387,low_correlation,2026-04-25T22:25:54.019571+00:00
3237,UK,GBP,CPI,cpi_headline_mom,65,industrial_production_yoy,Industrial Production (YoY),Growth,6,68,-0.077896,0.077896,low_correlation,2026-04-25T22:25:54.019571+00:00
3238,UK,GBP,CPI,cpi_headline_mom,65,industrial_production_yoy,Industrial Production (YoY),Growth,2,70,-0.075222,0.075222,low_correlation,2026-04-25T22:25:54.019571+00:00
3239,UK,GBP,CPI,cpi_headline_mom,65,industrial_production_yoy,Industrial Production (YoY),Growth,3,70,0.057127,0.057127,low_correlation,2026-04-25T22:25:54.019571+00:00
3240,UK,GBP,CPI,cpi_headline_mom,65,industrial_production_yoy,Industrial Production (YoY),Growth,1,68,0.012217,0.012217,low_correlation,2026-04-25T22:25:54.019571+00:00
3241,UK,GBP,CPI,cpi_headline_mom,68,nationwide_hpi_yoy,Nationwide House Prices (YoY),Growth,1,69,0.170527,0.170527,low_correlation,2026-04-25T22:25:54.019571+00:00
3242,UK,GBP,CPI,cpi_headline_mom,68,nationwide_hpi_yoy,Nationwide House Prices (YoY),Growth,2,69,0.141901,0.141901,low_correlation,2026-04-25T22:25:54.019571+00:00
3243,UK,GBP,CPI,cpi_headline_mom,68,nationwide_hpi_yoy,Nationwide House Prices (YoY),Growth,0,70,-0.105233,0.105233,low_correlation,2026-04-25T22:25:54.019571+00:00
3244,UK,GBP,CPI,cpi_headline_mom,68,nationwide_hpi_yoy,Nationwide House Prices (YoY),Growth,5,67,0.098342,0.098342,low_correlation,2026-04-25T22:25:54.019571+00:00
3245,UK,GBP,CPI,cpi_headline_mom,68,nationwide_hpi_yoy,Nationwide House Prices (YoY),Growth,3,68,0.075935,0.075935,low_correlation,2026-04-25T22:25:54.019571+00:00
3246,UK,GBP,CPI,cpi_headline_mom,68,nationwide_hpi_yoy,Nationwide House Prices (YoY),Growth,6,66,-0.027818,0.027818,low_correlation,2026-04-25T22:25:54.019571+00:00
3247,UK,GBP,CPI,cpi_headline_mom,68,nationwide_hpi_yoy,Nationwide House Prices (YoY),Growth,4,68,-0.013491,0.013491,low_correlation,2026-04-25T22:25:54.019571+00:00
3248,UK,GBP,CPI,cpi_headline_mom,70,hmrc_payrolls_change,HMRC Payrolls Change,Labor,0,37,-0.362074,0.362074,low_correlation,2026-04-25T22:25:54.019571+00:00
3249,UK,GBP,CPI,cpi_headline_mom,70,hmrc_payrolls_change,HMRC Payrolls Change,Labor,2,38,0.265154,0.265154,low_correlation,2026-04-25T22:25:54.019571+00:00
3250,UK,GBP,CPI,cpi_headline_mom,70,hmrc_payrolls_change,HMRC Payrolls Change,Labor,3,37,0.252911,0.252911,low_correlation,2026-04-25T22:25:54.019571+00:00
3251,UK,GBP,CPI,cpi_headline_mom,70,hmrc_payrolls_change,HMRC Payrolls Change,Labor,6,34,-0.251471,0.251471,low_correlation,2026-04-25T22:25:54.019571+00:00
3252,UK,GBP,CPI,cpi_headline_mom,70,hmrc_payrolls_change,HMRC Payrolls Change,Labor,5,35,-0.223328,0.223328,low_correlation,2026-04-25T22:25:54.019571+00:00
3253,UK,GBP,CPI,cpi_headline_mom,70,hmrc_payrolls_change,HMRC Payrolls Change,Labor,1,39,0.070100,0.070100,low_correlation,2026-04-25T22:25:54.019571+00:00
3254,UK,GBP,CPI,cpi_headline_mom,70,hmrc_payrolls_change,HMRC Payrolls Change,Labor,4,36,-0.065913,0.065913,low_correlation,2026-04-25T22:25:54.019571+00:00
3255,UK,GBP,CPI,cpi_headline_mom,71,core_cpi_mom,Core CPI (MoM),Inflation,3,63,-0.433523,0.433523,not_best_lag,2026-04-25T22:25:54.019571+00:00
3256,UK,GBP,CPI,cpi_headline_mom,71,core_cpi_mom,Core CPI (MoM),Inflation,6,60,0.314144,0.314144,low_correlation,2026-04-25T22:25:54.019571+00:00
3257,UK,GBP,CPI,cpi_headline_mom,71,core_cpi_mom,Core CPI (MoM),Inflation,2,64,0.165833,0.165833,low_correlation,2026-04-25T22:25:54.019571+00:00
3258,UK,GBP,CPI,cpi_headline_mom,71,core_cpi_mom,Core CPI (MoM),Inflation,4,62,-0.097447,0.097447,low_correlation,2026-04-25T22:25:54.019571+00:00
3259,UK,GBP,CPI,cpi_headline_mom,71,core_cpi_mom,Core CPI (MoM),Inflation,1,65,-0.078827,0.078827,low_correlation,2026-04-25T22:25:54.019571+00:00
3260,UK,GBP,CPI,cpi_headline_mom,71,core_cpi_mom,Core CPI (MoM),Inflation,5,63,0.022472,0.022472,low_correlation,2026-04-25T22:25:54.019571+00:00
3261,UK,GBP,CPI,cpi_headline_mom,72,core_rpi_mom,Core RPI (MoM),Inflation,0,20,0.859070,0.859070,low_sample,2026-04-25T22:25:54.019571+00:00
3262,UK,GBP,CPI,cpi_headline_mom,72,core_rpi_mom,Core RPI (MoM),Inflation,2,21,0.496221,0.496221,low_sample,2026-04-25T22:25:54.019571+00:00
3263,UK,GBP,CPI,cpi_headline_mom,72,core_rpi_mom,Core RPI (MoM),Inflation,1,22,-0.302766,0.302766,low_sample_and_low_correlation,2026-04-25T22:25:54.019571+00:00
3264,UK,GBP,CPI,cpi_headline_mom,72,core_rpi_mom,Core RPI (MoM),Inflation,3,20,-0.245715,0.245715,low_sample_and_low_correlation,2026-04-25T22:25:54.019571+00:00
3265,UK,GBP,CPI,cpi_headline_mom,72,core_rpi_mom,Core RPI (MoM),Inflation,4,18,0.180984,0.180984,low_sample_and_low_correlation,2026-04-25T22:25:54.019571+00:00
3266,UK,GBP,CPI,cpi_headline_mom,72,core_rpi_mom,Core RPI (MoM),Inflation,5,17,-0.151346,0.151346,low_sample_and_low_correlation,2026-04-25T22:25:54.019571+00:00
3267,UK,GBP,CPI,cpi_headline_mom,72,core_rpi_mom,Core RPI (MoM),Inflation,6,16,0.070255,0.070255,low_sample_and_low_correlation,2026-04-25T22:25:54.019571+00:00
3268,UK,GBP,CPI,cpi_headline_mom,73,core_rpi_yoy,Core RPI (YoY),Inflation,0,22,0.510849,0.510849,low_sample,2026-04-25T22:25:54.019571+00:00
3269,UK,GBP,CPI,cpi_headline_mom,73,core_rpi_yoy,Core RPI (YoY),Inflation,2,22,0.308378,0.308378,low_sample_and_low_correlation,2026-04-25T22:25:54.019571+00:00
3270,UK,GBP,CPI,cpi_headline_mom,73,core_rpi_yoy,Core RPI (YoY),Inflation,5,19,-0.201803,0.201803,low_sample_and_low_correlation,2026-04-25T22:25:54.019571+00:00
3271,UK,GBP,CPI,cpi_headline_mom,73,core_rpi_yoy,Core RPI (YoY),Inflation,6,18,-0.135239,0.135239,low_sample_and_low_correlation,2026-04-25T22:25:54.019571+00:00
3272,UK,GBP,CPI,cpi_headline_mom,73,core_rpi_yoy,Core RPI (YoY),Inflation,1,24,-0.106058,0.106058,low_correlation,2026-04-25T22:25:54.019571+00:00
3273,UK,GBP,CPI,cpi_headline_mom,73,core_rpi_yoy,Core RPI (YoY),Inflation,3,22,0.081673,0.081673,low_sample_and_low_correlation,2026-04-25T22:25:54.019571+00:00
3274,UK,GBP,CPI,cpi_headline_mom,73,core_rpi_yoy,Core RPI (YoY),Inflation,4,20,-0.049191,0.049191,low_sample_and_low_correlation,2026-04-25T22:25:54.019571+00:00
3275,UK,GBP,CPI,cpi_headline_mom,74,ppi_core_output_mom,PPI Core Output (MoM),Inflation,1,50,0.291847,0.291847,low_correlation,2026-04-25T22:25:54.019571+00:00
3276,UK,GBP,CPI,cpi_headline_mom,74,ppi_core_output_mom,PPI Core Output (MoM),Inflation,3,48,0.117076,0.117076,low_correlation,2026-04-25T22:25:54.019571+00:00
3277,UK,GBP,CPI,cpi_headline_mom,74,ppi_core_output_mom,PPI Core Output (MoM),Inflation,6,46,0.082234,0.082234,low_correlation,2026-04-25T22:25:54.019571+00:00
3278,UK,GBP,CPI,cpi_headline_mom,74,ppi_core_output_mom,PPI Core Output (MoM),Inflation,5,49,0.060558,0.060558,low_correlation,2026-04-25T22:25:54.019571+00:00
3279,UK,GBP,CPI,cpi_headline_mom,74,ppi_core_output_mom,PPI Core Output (MoM),Inflation,2,50,-0.041282,0.041282,low_correlation,2026-04-25T22:25:54.019571+00:00
3280,UK,GBP,CPI,cpi_headline_mom,74,ppi_core_output_mom,PPI Core Output (MoM),Inflation,4,48,-0.028588,0.028588,low_correlation,2026-04-25T22:25:54.019571+00:00
3281,UK,GBP,CPI,cpi_headline_mom,74,ppi_core_output_mom,PPI Core Output (MoM),Inflation,0,50,-0.012445,0.012445,low_correlation,2026-04-25T22:25:54.019571+00:00
3282,UK,GBP,CPI,cpi_headline_mom,75,ppi_core_output_yoy,PPI Core Output (YoY),Inflation,6,56,0.237874,0.237874,low_correlation,2026-04-25T22:25:54.019571+00:00
3283,UK,GBP,CPI,cpi_headline_mom,75,ppi_core_output_yoy,PPI Core Output (YoY),Inflation,5,58,0.164896,0.164896,low_correlation,2026-04-25T22:25:54.019571+00:00
3284,UK,GBP,CPI,cpi_headline_mom,75,ppi_core_output_yoy,PPI Core Output (YoY),Inflation,4,60,-0.132159,0.132159,low_correlation,2026-04-25T22:25:54.019571+00:00
3285,UK,GBP,CPI,cpi_headline_mom,75,ppi_core_output_yoy,PPI Core Output (YoY),Inflation,0,60,0.069439,0.069439,low_correlation,2026-04-25T22:25:54.019571+00:00
3286,UK,GBP,CPI,cpi_headline_mom,75,ppi_core_output_yoy,PPI Core Output (YoY),Inflation,2,63,-0.066341,0.066341,low_correlation,2026-04-25T22:25:54.019571+00:00
3287,UK,GBP,CPI,cpi_headline_mom,75,ppi_core_output_yoy,PPI Core Output (YoY),Inflation,3,61,0.062788,0.062788,low_correlation,2026-04-25T22:25:54.019571+00:00
3288,UK,GBP,CPI,cpi_headline_mom,75,ppi_core_output_yoy,PPI Core Output (YoY),Inflation,1,62,0.053959,0.053959,low_correlation,2026-04-25T22:25:54.019571+00:00
3289,UK,GBP,CPI,cpi_headline_mom,76,ppi_input_mom,PPI Input (MoM),Inflation,6,55,0.165688,0.165688,low_correlation,2026-04-25T22:25:54.019571+00:00
3290,UK,GBP,CPI,cpi_headline_mom,76,ppi_input_mom,PPI Input (MoM),Inflation,5,57,0.141357,0.141357,low_correlation,2026-04-25T22:25:54.019571+00:00
3291,UK,GBP,CPI,cpi_headline_mom,76,ppi_input_mom,PPI Input (MoM),Inflation,0,59,0.088621,0.088621,low_correlation,2026-04-25T22:25:54.019571+00:00
3292,UK,GBP,CPI,cpi_headline_mom,76,ppi_input_mom,PPI Input (MoM),Inflation,4,60,-0.066760,0.066760,low_correlation,2026-04-25T22:25:54.019571+00:00
3293,UK,GBP,CPI,cpi_headline_mom,76,ppi_input_mom,PPI Input (MoM),Inflation,3,60,-0.018346,0.018346,low_correlation,2026-04-25T22:25:54.019571+00:00
3294,UK,GBP,CPI,cpi_headline_mom,76,ppi_input_mom,PPI Input (MoM),Inflation,2,61,-0.005949,0.005949,low_correlation,2026-04-25T22:25:54.019571+00:00
3295,UK,GBP,CPI,cpi_headline_mom,77,ppi_output_mom,PPI Output (MoM),Inflation,1,52,0.254273,0.254273,low_correlation,2026-04-25T22:25:54.019571+00:00
3296,UK,GBP,CPI,cpi_headline_mom,77,ppi_output_mom,PPI Output (MoM),Inflation,6,50,0.234077,0.234077,low_correlation,2026-04-25T22:25:54.019571+00:00
3297,UK,GBP,CPI,cpi_headline_mom,77,ppi_output_mom,PPI Output (MoM),Inflation,5,49,0.218383,0.218383,low_correlation,2026-04-25T22:25:54.019571+00:00
3298,UK,GBP,CPI,cpi_headline_mom,77,ppi_output_mom,PPI Output (MoM),Inflation,2,52,-0.188455,0.188455,low_correlation,2026-04-25T22:25:54.019571+00:00
3299,UK,GBP,CPI,cpi_headline_mom,77,ppi_output_mom,PPI Output (MoM),Inflation,0,52,0.127805,0.127805,low_correlation,2026-04-25T22:25:54.019571+00:00
3300,UK,GBP,CPI,cpi_headline_mom,77,ppi_output_mom,PPI Output (MoM),Inflation,3,51,0.060663,0.060663,low_correlation,2026-04-25T22:25:54.019571+00:00
3301,UK,GBP,CPI,cpi_headline_mom,77,ppi_output_mom,PPI Output (MoM),Inflation,4,51,-0.042343,0.042343,low_correlation,2026-04-25T22:25:54.019571+00:00
3302,UK,GBP,CPI,cpi_headline_mom,78,retail_price_index_mom,Retail Price Index (MoM),Inflation,6,64,0.527324,0.527324,not_best_lag,2026-04-25T22:25:54.019571+00:00
3303,UK,GBP,CPI,cpi_headline_mom,78,retail_price_index_mom,Retail Price Index (MoM),Inflation,4,65,0.224614,0.224614,low_correlation,2026-04-25T22:25:54.019571+00:00
3304,UK,GBP,CPI,cpi_headline_mom,78,retail_price_index_mom,Retail Price Index (MoM),Inflation,3,65,-0.170110,0.170110,low_correlation,2026-04-25T22:25:54.019571+00:00
3305,UK,GBP,CPI,cpi_headline_mom,78,retail_price_index_mom,Retail Price Index (MoM),Inflation,2,66,0.137794,0.137794,low_correlation,2026-04-25T22:25:54.019571+00:00
3306,UK,GBP,CPI,cpi_headline_mom,78,retail_price_index_mom,Retail Price Index (MoM),Inflation,5,64,0.089216,0.089216,low_correlation,2026-04-25T22:25:54.019571+00:00
3307,UK,GBP,CPI,cpi_headline_mom,78,retail_price_index_mom,Retail Price Index (MoM),Inflation,1,67,0.012110,0.012110,low_correlation,2026-04-25T22:25:54.019571+00:00
3308,UK,GBP,CPI,cpi_headline_mom,79,retail_price_index_yoy,Retail Price Index (YoY),Inflation,0,70,0.429250,0.429250,not_best_lag,2026-04-25T22:25:54.019571+00:00
3309,UK,GBP,CPI,cpi_headline_mom,79,retail_price_index_yoy,Retail Price Index (YoY),Inflation,2,70,0.313298,0.313298,low_correlation,2026-04-25T22:25:54.019571+00:00
3310,UK,GBP,CPI,cpi_headline_mom,79,retail_price_index_yoy,Retail Price Index (YoY),Inflation,4,69,0.284364,0.284364,low_correlation,2026-04-25T22:25:54.019571+00:00
3311,UK,GBP,CPI,cpi_headline_mom,79,retail_price_index_yoy,Retail Price Index (YoY),Inflation,3,69,0.272574,0.272574,low_correlation,2026-04-25T22:25:54.019571+00:00
3312,UK,GBP,CPI,cpi_headline_mom,79,retail_price_index_yoy,Retail Price Index (YoY),Inflation,5,68,0.261395,0.261395,low_correlation,2026-04-25T22:25:54.019571+00:00
3313,UK,GBP,CPI,cpi_headline_mom,79,retail_price_index_yoy,Retail Price Index (YoY),Inflation,1,70,0.158681,0.158681,low_correlation,2026-04-25T22:25:54.019571+00:00
3314,UK,GBP,CPI,cpi_headline_mom,80,house_price_index_yoy,House Price Index (YoY),Growth,2,86,0.190838,0.190838,low_correlation,2026-04-25T22:25:54.019571+00:00
3315,UK,GBP,CPI,cpi_headline_mom,80,house_price_index_yoy,House Price Index (YoY),Growth,4,88,0.187111,0.187111,low_correlation,2026-04-25T22:25:54.019571+00:00
3316,UK,GBP,CPI,cpi_headline_mom,80,house_price_index_yoy,House Price Index (YoY),Growth,6,83,0.126316,0.126316,low_correlation,2026-04-25T22:25:54.019571+00:00
3317,UK,GBP,CPI,cpi_headline_mom,80,house_price_index_yoy,House Price Index (YoY),Growth,3,89,0.093256,0.093256,low_correlation,2026-04-25T22:25:54.019571+00:00
3318,UK,GBP,CPI,cpi_headline_mom,80,house_price_index_yoy,House Price Index (YoY),Growth,0,80,-0.025198,0.025198,low_correlation,2026-04-25T22:25:54.019571+00:00
3319,UK,GBP,CPI,cpi_headline_mom,80,house_price_index_yoy,House Price Index (YoY),Growth,1,82,-0.005503,0.005503,low_correlation,2026-04-25T22:25:54.019571+00:00
3320,UK,GBP,CPI,cpi_headline_mom,80,house_price_index_yoy,House Price Index (YoY),Growth,5,86,-0.003369,0.003369,low_correlation,2026-04-25T22:25:54.019571+00:00
3321,UK,GBP,CPI,cpi_headline_mom,81,public_sector_net_borrowing,Public Sector Net Borrowing,Growth,3,61,0.365531,0.365531,low_correlation,2026-04-25T22:25:54.019571+00:00
3322,UK,GBP,CPI,cpi_headline_mom,81,public_sector_net_borrowing,Public Sector Net Borrowing,Growth,6,63,-0.241345,0.241345,low_correlation,2026-04-25T22:25:54.019571+00:00
3323,UK,GBP,CPI,cpi_headline_mom,81,public_sector_net_borrowing,Public Sector Net Borrowing,Growth,2,65,0.186046,0.186046,low_correlation,2026-04-25T22:25:54.019571+00:00
3324,UK,GBP,CPI,cpi_headline_mom,81,public_sector_net_borrowing,Public Sector Net Borrowing,Growth,0,11,-0.149761,0.149761,low_sample_and_low_correlation,2026-04-25T22:25:54.019571+00:00
3325,UK,GBP,CPI,cpi_headline_mom,81,public_sector_net_borrowing,Public Sector Net Borrowing,Growth,1,65,0.129785,0.129785,low_correlation,2026-04-25T22:25:54.019571+00:00
3326,UK,GBP,CPI,cpi_headline_mom,81,public_sector_net_borrowing,Public Sector Net Borrowing,Growth,4,61,0.110906,0.110906,low_correlation,2026-04-25T22:25:54.019571+00:00
3327,UK,GBP,CPI,cpi_headline_mom,81,public_sector_net_borrowing,Public Sector Net Borrowing,Growth,5,61,-0.013250,0.013250,low_correlation,2026-04-25T22:25:54.019571+00:00
3328,UK,GBP,CPI,cpi_headline_mom,82,cbi_business_optimism,CBI Business Optimism Index,Growth,0,21,-0.396210,0.396210,low_sample_and_low_correlation,2026-04-25T22:25:54.019571+00:00
3329,UK,GBP,CPI,cpi_headline_mom,82,cbi_business_optimism,CBI Business Optimism Index,Growth,6,19,-0.227953,0.227953,low_sample_and_low_correlation,2026-04-25T22:25:54.019571+00:00
3330,UK,GBP,CPI,cpi_headline_mom,82,cbi_business_optimism,CBI Business Optimism Index,Growth,3,19,-0.177096,0.177096,low_sample_and_low_correlation,2026-04-25T22:25:54.019571+00:00
3331,UK,GBP,CPI,cpi_headline_mom,82,cbi_business_optimism,CBI Business Optimism Index,Growth,1,23,0.144261,0.144261,low_sample_and_low_correlation,2026-04-25T22:25:54.019571+00:00
3332,UK,GBP,CPI,cpi_headline_mom,82,cbi_business_optimism,CBI Business Optimism Index,Growth,4,22,-0.106889,0.106889,low_sample_and_low_correlation,2026-04-25T22:25:54.019571+00:00
3333,UK,GBP,CPI,cpi_headline_mom,82,cbi_business_optimism,CBI Business Optimism Index,Growth,5,21,-0.087625,0.087625,low_sample_and_low_correlation,2026-04-25T22:25:54.019571+00:00
3334,UK,GBP,CPI,cpi_headline_mom,82,cbi_business_optimism,CBI Business Optimism Index,Growth,2,22,-0.059660,0.059660,low_sample_and_low_correlation,2026-04-25T22:25:54.019571+00:00
3335,UK,GBP,CPI,cpi_headline_mom,83,cbi_industrial_trends_orders,CBI Industrial Trends Orders,Growth,5,67,0.197206,0.197206,low_correlation,2026-04-25T22:25:54.019571+00:00
3336,UK,GBP,CPI,cpi_headline_mom,83,cbi_industrial_trends_orders,CBI Industrial Trends Orders,Growth,6,66,-0.109921,0.109921,low_correlation,2026-04-25T22:25:54.019571+00:00
3337,UK,GBP,CPI,cpi_headline_mom,83,cbi_industrial_trends_orders,CBI Industrial Trends Orders,Growth,3,69,0.084799,0.084799,low_correlation,2026-04-25T22:25:54.019571+00:00
3338,UK,GBP,CPI,cpi_headline_mom,83,cbi_industrial_trends_orders,CBI Industrial Trends Orders,Growth,0,70,-0.083113,0.083113,low_correlation,2026-04-25T22:25:54.019571+00:00
3339,UK,GBP,CPI,cpi_headline_mom,83,cbi_industrial_trends_orders,CBI Industrial Trends Orders,Growth,1,70,-0.070001,0.070001,low_correlation,2026-04-25T22:25:54.019571+00:00
3340,UK,GBP,CPI,cpi_headline_mom,83,cbi_industrial_trends_orders,CBI Industrial Trends Orders,Growth,4,68,-0.028403,0.028403,low_correlation,2026-04-25T22:25:54.019571+00:00
3341,UK,GBP,CPI,cpi_headline_mom,83,cbi_industrial_trends_orders,CBI Industrial Trends Orders,Growth,2,69,-0.026839,0.026839,low_correlation,2026-04-25T22:25:54.019571+00:00
3342,UK,GBP,CPI,cpi_headline_mom,84,consumer_confidence,Consumer Confidence,Growth,0,70,-0.259162,0.259162,low_correlation,2026-04-25T22:25:54.019571+00:00
3343,UK,GBP,CPI,cpi_headline_mom,84,consumer_confidence,Consumer Confidence,Growth,2,70,-0.194289,0.194289,low_correlation,2026-04-25T22:25:54.019571+00:00
3344,UK,GBP,CPI,cpi_headline_mom,84,consumer_confidence,Consumer Confidence,Growth,6,68,-0.184684,0.184684,low_correlation,2026-04-25T22:25:54.019571+00:00
3345,UK,GBP,CPI,cpi_headline_mom,84,consumer_confidence,Consumer Confidence,Growth,1,72,-0.079031,0.079031,low_correlation,2026-04-25T22:25:54.019571+00:00
3346,UK,GBP,CPI,cpi_headline_mom,84,consumer_confidence,Consumer Confidence,Growth,4,70,-0.069008,0.069008,low_correlation,2026-04-25T22:25:54.019571+00:00
3347,UK,GBP,CPI,cpi_headline_mom,84,consumer_confidence,Consumer Confidence,Growth,5,68,-0.007401,0.007401,low_correlation,2026-04-25T22:25:54.019571+00:00
3348,UK,GBP,CPI,cpi_headline_mom,84,consumer_confidence,Consumer Confidence,Growth,3,71,-0.000447,0.000447,low_correlation,2026-04-25T22:25:54.019571+00:00
3349,UK,GBP,CPI,cpi_headline_mom,85,retail_sales_yoy,Retail Sales (YoY),Growth,5,66,0.151735,0.151735,low_correlation,2026-04-25T22:25:54.019571+00:00
3350,UK,GBP,CPI,cpi_headline_mom,85,retail_sales_yoy,Retail Sales (YoY),Growth,1,69,0.126543,0.126543,low_correlation,2026-04-25T22:25:54.019571+00:00
3351,UK,GBP,CPI,cpi_headline_mom,85,retail_sales_yoy,Retail Sales (YoY),Growth,2,68,0.102826,0.102826,low_correlation,2026-04-25T22:25:54.019571+00:00
3352,UK,GBP,CPI,cpi_headline_mom,85,retail_sales_yoy,Retail Sales (YoY),Growth,3,68,0.078108,0.078108,low_correlation,2026-04-25T22:25:54.019571+00:00
3353,UK,GBP,CPI,cpi_headline_mom,85,retail_sales_yoy,Retail Sales (YoY),Growth,6,65,-0.008035,0.008035,low_correlation,2026-04-25T22:25:54.019571+00:00
3354,UK,GBP,CPI,cpi_headline_mom,85,retail_sales_yoy,Retail Sales (YoY),Growth,4,67,-0.005566,0.005566,low_correlation,2026-04-25T22:25:54.019571+00:00
3355,UK,GBP,CPI,cpi_headline_mom,86,retail_sales_ex_fuel_mom,Retail Sales Ex Fuel (MoM),Growth,1,70,0.170120,0.170120,low_correlation,2026-04-25T22:25:54.019571+00:00
3356,UK,GBP,CPI,cpi_headline_mom,86,retail_sales_ex_fuel_mom,Retail Sales Ex Fuel (MoM),Growth,6,67,0.107873,0.107873,low_correlation,2026-04-25T22:25:54.019571+00:00
3357,UK,GBP,CPI,cpi_headline_mom,86,retail_sales_ex_fuel_mom,Retail Sales Ex Fuel (MoM),Growth,4,69,0.091480,0.091480,low_correlation,2026-04-25T22:25:54.019571+00:00
3358,UK,GBP,CPI,cpi_headline_mom,86,retail_sales_ex_fuel_mom,Retail Sales Ex Fuel (MoM),Growth,3,69,0.037883,0.037883,low_correlation,2026-04-25T22:25:54.019571+00:00
3359,UK,GBP,CPI,cpi_headline_mom,86,retail_sales_ex_fuel_mom,Retail Sales Ex Fuel (MoM),Growth,2,70,0.034428,0.034428,low_correlation,2026-04-25T22:25:54.019571+00:00
3360,UK,GBP,CPI,cpi_headline_mom,86,retail_sales_ex_fuel_mom,Retail Sales Ex Fuel (MoM),Growth,5,68,0.014039,0.014039,low_correlation,2026-04-25T22:25:54.019571+00:00
3361,UK,GBP,CPI,cpi_headline_mom,87,retail_sales_ex_fuel_yoy,Retail Sales Ex Fuel (YoY),Growth,2,70,0.104506,0.104506,low_correlation,2026-04-25T22:25:54.019571+00:00
3362,UK,GBP,CPI,cpi_headline_mom,87,retail_sales_ex_fuel_yoy,Retail Sales Ex Fuel (YoY),Growth,3,69,0.102335,0.102335,low_correlation,2026-04-25T22:25:54.019571+00:00
3363,UK,GBP,CPI,cpi_headline_mom,87,retail_sales_ex_fuel_yoy,Retail Sales Ex Fuel (YoY),Growth,1,70,0.098331,0.098331,low_correlation,2026-04-25T22:25:54.019571+00:00
3364,UK,GBP,CPI,cpi_headline_mom,87,retail_sales_ex_fuel_yoy,Retail Sales Ex Fuel (YoY),Growth,4,69,-0.039628,0.039628,low_correlation,2026-04-25T22:25:54.019571+00:00
3365,UK,GBP,CPI,cpi_headline_mom,87,retail_sales_ex_fuel_yoy,Retail Sales Ex Fuel (YoY),Growth,6,67,-0.028583,0.028583,low_correlation,2026-04-25T22:25:54.019571+00:00
3366,UK,GBP,CPI,cpi_headline_mom,87,retail_sales_ex_fuel_yoy,Retail Sales Ex Fuel (YoY),Growth,5,68,-0.011580,0.011580,low_correlation,2026-04-25T22:25:54.019571+00:00
3367,UK,GBP,CPI,cpi_headline_mom,185,niesr_monthly_gdp_tracker,NIESR Monthly GDP Tracker,Growth,0,50,-0.233938,0.233938,low_correlation,2026-04-25T22:25:54.019571+00:00
3368,UK,GBP,CPI,cpi_headline_mom,185,niesr_monthly_gdp_tracker,NIESR Monthly GDP Tracker,Growth,5,78,-0.181961,0.181961,low_correlation,2026-04-25T22:25:54.019571+00:00
3369,UK,GBP,CPI,cpi_headline_mom,185,niesr_monthly_gdp_tracker,NIESR Monthly GDP Tracker,Growth,6,76,-0.179881,0.179881,low_correlation,2026-04-25T22:25:54.019571+00:00
3370,UK,GBP,CPI,cpi_headline_mom,185,niesr_monthly_gdp_tracker,NIESR Monthly GDP Tracker,Growth,2,79,0.107179,0.107179,low_correlation,2026-04-25T22:25:54.019571+00:00
3371,UK,GBP,CPI,cpi_headline_mom,185,niesr_monthly_gdp_tracker,NIESR Monthly GDP Tracker,Growth,4,82,-0.058760,0.058760,low_correlation,2026-04-25T22:25:54.019571+00:00
3372,UK,GBP,CPI,cpi_headline_mom,185,niesr_monthly_gdp_tracker,NIESR Monthly GDP Tracker,Growth,1,76,0.031390,0.031390,low_correlation,2026-04-25T22:25:54.019571+00:00
3373,UK,GBP,CPI,cpi_headline_mom,185,niesr_monthly_gdp_tracker,NIESR Monthly GDP Tracker,Growth,3,77,0.030137,0.030137,low_correlation,2026-04-25T22:25:54.019571+00:00
3374,UK,GBP,CPI,cpi_headline_mom,186,house_price_index_mom,House Price Index (MoM),Growth,2,73,0.142940,0.142940,low_correlation,2026-04-25T22:25:54.019571+00:00
3375,UK,GBP,CPI,cpi_headline_mom,186,house_price_index_mom,House Price Index (MoM),Growth,5,76,0.120629,0.120629,low_correlation,2026-04-25T22:25:54.019571+00:00
3376,UK,GBP,CPI,cpi_headline_mom,186,house_price_index_mom,House Price Index (MoM),Growth,3,75,-0.118110,0.118110,low_correlation,2026-04-25T22:25:54.019571+00:00
3377,UK,GBP,CPI,cpi_headline_mom,186,house_price_index_mom,House Price Index (MoM),Growth,0,68,0.086765,0.086765,low_correlation,2026-04-25T22:25:54.019571+00:00
3378,UK,GBP,CPI,cpi_headline_mom,186,house_price_index_mom,House Price Index (MoM),Growth,6,71,-0.058827,0.058827,low_correlation,2026-04-25T22:25:54.019571+00:00
3379,UK,GBP,CPI,cpi_headline_mom,186,house_price_index_mom,House Price Index (MoM),Growth,4,76,-0.056663,0.056663,low_correlation,2026-04-25T22:25:54.019571+00:00
3380,UK,GBP,CPI,cpi_headline_mom,186,house_price_index_mom,House Price Index (MoM),Growth,1,68,0.011296,0.011296,low_correlation,2026-04-25T22:25:54.019571+00:00
3381,UK,GBP,GDP,gdp_mom,59,gdp_yoy,GDP (YoY),Growth,0,61,0.510062,0.510062,not_best_lag,2026-04-25T22:25:54.019571+00:00
3382,UK,GBP,GDP,gdp_mom,59,gdp_yoy,GDP (YoY),Growth,4,71,-0.419988,0.419988,not_best_lag,2026-04-25T22:25:54.019571+00:00
3383,UK,GBP,GDP,gdp_mom,59,gdp_yoy,GDP (YoY),Growth,3,65,-0.307803,0.307803,low_correlation,2026-04-25T22:25:54.019571+00:00
3384,UK,GBP,GDP,gdp_mom,59,gdp_yoy,GDP (YoY),Growth,5,67,-0.140813,0.140813,low_correlation,2026-04-25T22:25:54.019571+00:00
3385,UK,GBP,GDP,gdp_mom,59,gdp_yoy,GDP (YoY),Growth,2,65,-0.115531,0.115531,low_correlation,2026-04-25T22:25:54.019571+00:00
3386,UK,GBP,GDP,gdp_mom,59,gdp_yoy,GDP (YoY),Growth,6,63,-0.052081,0.052081,low_correlation,2026-04-25T22:25:54.019571+00:00
3387,UK,GBP,GDP,gdp_mom,60,gdp_qoq,GDP (QoQ),Growth,2,19,-0.932256,0.932256,low_sample,2026-04-25T22:25:54.019571+00:00
3388,UK,GBP,GDP,gdp_mom,60,gdp_qoq,GDP (QoQ),Growth,3,17,-0.853829,0.853829,low_sample,2026-04-25T22:25:54.019571+00:00
3389,UK,GBP,GDP,gdp_mom,60,gdp_qoq,GDP (QoQ),Growth,4,41,-0.390507,0.390507,low_correlation,2026-04-25T22:25:54.019571+00:00
3390,UK,GBP,GDP,gdp_mom,60,gdp_qoq,GDP (QoQ),Growth,5,39,-0.169943,0.169943,low_correlation,2026-04-25T22:25:54.019571+00:00
3391,UK,GBP,GDP,gdp_mom,60,gdp_qoq,GDP (QoQ),Growth,6,33,-0.092610,0.092610,low_correlation,2026-04-25T22:25:54.019571+00:00
3392,UK,GBP,GDP,gdp_mom,61,manufacturing_pmi,Manufacturing PMI,Growth,1,32,0.322229,0.322229,low_correlation,2026-04-25T22:25:54.019571+00:00
3393,UK,GBP,GDP,gdp_mom,61,manufacturing_pmi,Manufacturing PMI,Growth,0,32,0.294205,0.294205,low_correlation,2026-04-25T22:25:54.019571+00:00
3394,UK,GBP,GDP,gdp_mom,61,manufacturing_pmi,Manufacturing PMI,Growth,3,28,-0.189990,0.189990,low_correlation,2026-04-25T22:25:54.019571+00:00
3395,UK,GBP,GDP,gdp_mom,61,manufacturing_pmi,Manufacturing PMI,Growth,6,27,0.185981,0.185981,low_correlation,2026-04-25T22:25:54.019571+00:00
3396,UK,GBP,GDP,gdp_mom,61,manufacturing_pmi,Manufacturing PMI,Growth,5,28,-0.064520,0.064520,low_correlation,2026-04-25T22:25:54.019571+00:00
3397,UK,GBP,GDP,gdp_mom,61,manufacturing_pmi,Manufacturing PMI,Growth,4,29,0.052937,0.052937,low_correlation,2026-04-25T22:25:54.019571+00:00
3398,UK,GBP,GDP,gdp_mom,61,manufacturing_pmi,Manufacturing PMI,Growth,2,31,0.024451,0.024451,low_correlation,2026-04-25T22:25:54.019571+00:00
3399,UK,GBP,GDP,gdp_mom,62,services_pmi,Services PMI,Growth,2,33,-0.300582,0.300582,low_correlation,2026-04-25T22:25:54.019571+00:00
3400,UK,GBP,GDP,gdp_mom,62,services_pmi,Services PMI,Growth,1,36,-0.258126,0.258126,low_correlation,2026-04-25T22:25:54.019571+00:00
3401,UK,GBP,GDP,gdp_mom,62,services_pmi,Services PMI,Growth,0,36,0.203434,0.203434,low_correlation,2026-04-25T22:25:54.019571+00:00
3402,UK,GBP,GDP,gdp_mom,62,services_pmi,Services PMI,Growth,4,32,0.155368,0.155368,low_correlation,2026-04-25T22:25:54.019571+00:00
3403,UK,GBP,GDP,gdp_mom,62,services_pmi,Services PMI,Growth,3,32,0.134333,0.134333,low_correlation,2026-04-25T22:25:54.019571+00:00
3404,UK,GBP,GDP,gdp_mom,62,services_pmi,Services PMI,Growth,6,30,0.124536,0.124536,low_correlation,2026-04-25T22:25:54.019571+00:00
3405,UK,GBP,GDP,gdp_mom,62,services_pmi,Services PMI,Growth,5,31,-0.027760,0.027760,low_correlation,2026-04-25T22:25:54.019571+00:00
3406,UK,GBP,GDP,gdp_mom,63,composite_pmi,Composite PMI,Growth,0,36,0.375303,0.375303,low_correlation,2026-04-25T22:25:54.019571+00:00
3407,UK,GBP,GDP,gdp_mom,63,composite_pmi,Composite PMI,Growth,2,33,-0.329842,0.329842,low_correlation,2026-04-25T22:25:54.019571+00:00
3408,UK,GBP,GDP,gdp_mom,63,composite_pmi,Composite PMI,Growth,6,30,0.191829,0.191829,low_correlation,2026-04-25T22:25:54.019571+00:00
3409,UK,GBP,GDP,gdp_mom,63,composite_pmi,Composite PMI,Growth,3,32,0.131849,0.131849,low_correlation,2026-04-25T22:25:54.019571+00:00
3410,UK,GBP,GDP,gdp_mom,63,composite_pmi,Composite PMI,Growth,4,32,0.128805,0.128805,low_correlation,2026-04-25T22:25:54.019571+00:00
3411,UK,GBP,GDP,gdp_mom,63,composite_pmi,Composite PMI,Growth,5,31,-0.075823,0.075823,low_correlation,2026-04-25T22:25:54.019571+00:00
3412,UK,GBP,GDP,gdp_mom,63,composite_pmi,Composite PMI,Growth,1,36,-0.032533,0.032533,low_correlation,2026-04-25T22:25:54.019571+00:00
3413,UK,GBP,GDP,gdp_mom,64,retail_sales_mom,Retail Sales (MoM),Growth,3,63,-0.536158,0.536158,not_best_lag,2026-04-25T22:25:54.019571+00:00
3414,UK,GBP,GDP,gdp_mom,64,retail_sales_mom,Retail Sales (MoM),Growth,1,65,0.443511,0.443511,not_best_lag,2026-04-25T22:25:54.019571+00:00
3415,UK,GBP,GDP,gdp_mom,64,retail_sales_mom,Retail Sales (MoM),Growth,4,63,-0.331456,0.331456,low_correlation,2026-04-25T22:25:54.019571+00:00
3416,UK,GBP,GDP,gdp_mom,64,retail_sales_mom,Retail Sales (MoM),Growth,5,61,-0.269341,0.269341,low_correlation,2026-04-25T22:25:54.019571+00:00
3417,UK,GBP,GDP,gdp_mom,64,retail_sales_mom,Retail Sales (MoM),Growth,6,59,-0.184833,0.184833,low_correlation,2026-04-25T22:25:54.019571+00:00
3418,UK,GBP,GDP,gdp_mom,64,retail_sales_mom,Retail Sales (MoM),Growth,2,64,-0.134118,0.134118,low_correlation,2026-04-25T22:25:54.019571+00:00
3419,UK,GBP,GDP,gdp_mom,65,industrial_production_yoy,Industrial Production (YoY),Growth,1,67,0.323269,0.323269,low_correlation,2026-04-25T22:25:54.019571+00:00
3420,UK,GBP,GDP,gdp_mom,65,industrial_production_yoy,Industrial Production (YoY),Growth,5,63,-0.323009,0.323009,low_correlation,2026-04-25T22:25:54.019571+00:00
3421,UK,GBP,GDP,gdp_mom,65,industrial_production_yoy,Industrial Production (YoY),Growth,6,62,-0.299998,0.299998,low_correlation,2026-04-25T22:25:54.019571+00:00
3422,UK,GBP,GDP,gdp_mom,65,industrial_production_yoy,Industrial Production (YoY),Growth,4,64,-0.280764,0.280764,low_correlation,2026-04-25T22:25:54.019571+00:00
3423,UK,GBP,GDP,gdp_mom,65,industrial_production_yoy,Industrial Production (YoY),Growth,3,65,0.091030,0.091030,low_correlation,2026-04-25T22:25:54.019571+00:00
3424,UK,GBP,GDP,gdp_mom,65,industrial_production_yoy,Industrial Production (YoY),Growth,2,66,-0.024979,0.024979,low_correlation,2026-04-25T22:25:54.019571+00:00
3425,UK,GBP,GDP,gdp_mom,68,nationwide_hpi_yoy,Nationwide House Prices (YoY),Growth,5,61,0.224644,0.224644,low_correlation,2026-04-25T22:25:54.019571+00:00
3426,UK,GBP,GDP,gdp_mom,68,nationwide_hpi_yoy,Nationwide House Prices (YoY),Growth,4,63,0.209938,0.209938,low_correlation,2026-04-25T22:25:54.019571+00:00
3427,UK,GBP,GDP,gdp_mom,68,nationwide_hpi_yoy,Nationwide House Prices (YoY),Growth,1,65,-0.209078,0.209078,low_correlation,2026-04-25T22:25:54.019571+00:00
3428,UK,GBP,GDP,gdp_mom,68,nationwide_hpi_yoy,Nationwide House Prices (YoY),Growth,0,66,-0.186785,0.186785,low_correlation,2026-04-25T22:25:54.019571+00:00
3429,UK,GBP,GDP,gdp_mom,68,nationwide_hpi_yoy,Nationwide House Prices (YoY),Growth,6,61,0.179336,0.179336,low_correlation,2026-04-25T22:25:54.019571+00:00
3430,UK,GBP,GDP,gdp_mom,68,nationwide_hpi_yoy,Nationwide House Prices (YoY),Growth,3,63,0.167120,0.167120,low_correlation,2026-04-25T22:25:54.019571+00:00
3431,UK,GBP,GDP,gdp_mom,68,nationwide_hpi_yoy,Nationwide House Prices (YoY),Growth,2,64,-0.058745,0.058745,low_correlation,2026-04-25T22:25:54.019571+00:00
3432,UK,GBP,GDP,gdp_mom,80,house_price_index_yoy,House Price Index (YoY),Growth,2,78,0.576898,0.576898,not_best_lag,2026-04-25T22:25:54.019571+00:00
3433,UK,GBP,GDP,gdp_mom,80,house_price_index_yoy,House Price Index (YoY),Growth,5,75,-0.530983,0.530983,not_best_lag,2026-04-25T22:25:54.019571+00:00
3434,UK,GBP,GDP,gdp_mom,80,house_price_index_yoy,House Price Index (YoY),Growth,6,73,-0.280198,0.280198,low_correlation,2026-04-25T22:25:54.019571+00:00
3435,UK,GBP,GDP,gdp_mom,80,house_price_index_yoy,House Price Index (YoY),Growth,3,77,-0.213618,0.213618,low_correlation,2026-04-25T22:25:54.019571+00:00
3436,UK,GBP,GDP,gdp_mom,80,house_price_index_yoy,House Price Index (YoY),Growth,1,80,0.205893,0.205893,low_correlation,2026-04-25T22:25:54.019571+00:00
3437,UK,GBP,GDP,gdp_mom,80,house_price_index_yoy,House Price Index (YoY),Growth,0,81,0.127814,0.127814,low_correlation,2026-04-25T22:25:54.019571+00:00
3438,UK,GBP,GDP,gdp_mom,81,public_sector_net_borrowing,Public Sector Net Borrowing,Growth,0,63,0.380390,0.380390,low_correlation,2026-04-25T22:25:54.019571+00:00
3439,UK,GBP,GDP,gdp_mom,81,public_sector_net_borrowing,Public Sector Net Borrowing,Growth,3,61,-0.326625,0.326625,low_correlation,2026-04-25T22:25:54.019571+00:00
3440,UK,GBP,GDP,gdp_mom,81,public_sector_net_borrowing,Public Sector Net Borrowing,Growth,2,62,-0.161491,0.161491,low_correlation,2026-04-25T22:25:54.019571+00:00
3441,UK,GBP,GDP,gdp_mom,81,public_sector_net_borrowing,Public Sector Net Borrowing,Growth,5,61,-0.115772,0.115772,low_correlation,2026-04-25T22:25:54.019571+00:00
3442,UK,GBP,GDP,gdp_mom,81,public_sector_net_borrowing,Public Sector Net Borrowing,Growth,4,61,-0.105473,0.105473,low_correlation,2026-04-25T22:25:54.019571+00:00
3443,UK,GBP,GDP,gdp_mom,81,public_sector_net_borrowing,Public Sector Net Borrowing,Growth,6,61,0.044713,0.044713,low_correlation,2026-04-25T22:25:54.019571+00:00
3444,UK,GBP,GDP,gdp_mom,81,public_sector_net_borrowing,Public Sector Net Borrowing,Growth,1,61,-0.034085,0.034085,low_correlation,2026-04-25T22:25:54.019571+00:00
3445,UK,GBP,GDP,gdp_mom,82,cbi_business_optimism,CBI Business Optimism Index,Growth,2,20,0.333620,0.333620,low_sample_and_low_correlation,2026-04-25T22:25:54.019571+00:00
3446,UK,GBP,GDP,gdp_mom,82,cbi_business_optimism,CBI Business Optimism Index,Growth,5,19,0.204950,0.204950,low_sample_and_low_correlation,2026-04-25T22:25:54.019571+00:00
3447,UK,GBP,GDP,gdp_mom,82,cbi_business_optimism,CBI Business Optimism Index,Growth,1,21,0.197416,0.197416,low_sample_and_low_correlation,2026-04-25T22:25:54.019571+00:00
3448,UK,GBP,GDP,gdp_mom,82,cbi_business_optimism,CBI Business Optimism Index,Growth,0,18,0.176102,0.176102,low_sample_and_low_correlation,2026-04-25T22:25:54.019571+00:00
3449,UK,GBP,GDP,gdp_mom,82,cbi_business_optimism,CBI Business Optimism Index,Growth,6,16,-0.140624,0.140624,low_sample_and_low_correlation,2026-04-25T22:25:54.019571+00:00
3450,UK,GBP,GDP,gdp_mom,82,cbi_business_optimism,CBI Business Optimism Index,Growth,3,17,0.068295,0.068295,low_sample_and_low_correlation,2026-04-25T22:25:54.019571+00:00
3451,UK,GBP,GDP,gdp_mom,82,cbi_business_optimism,CBI Business Optimism Index,Growth,4,20,0.028689,0.028689,low_sample_and_low_correlation,2026-04-25T22:25:54.019571+00:00
3452,UK,GBP,GDP,gdp_mom,83,cbi_industrial_trends_orders,CBI Industrial Trends Orders,Growth,0,66,0.368953,0.368953,low_correlation,2026-04-25T22:25:54.019571+00:00
3453,UK,GBP,GDP,gdp_mom,83,cbi_industrial_trends_orders,CBI Industrial Trends Orders,Growth,3,63,-0.330133,0.330133,low_correlation,2026-04-25T22:25:54.019571+00:00
3454,UK,GBP,GDP,gdp_mom,83,cbi_industrial_trends_orders,CBI Industrial Trends Orders,Growth,2,64,-0.221235,0.221235,low_correlation,2026-04-25T22:25:54.019571+00:00
3455,UK,GBP,GDP,gdp_mom,83,cbi_industrial_trends_orders,CBI Industrial Trends Orders,Growth,6,60,0.172474,0.172474,low_correlation,2026-04-25T22:25:54.019571+00:00
3456,UK,GBP,GDP,gdp_mom,83,cbi_industrial_trends_orders,CBI Industrial Trends Orders,Growth,4,62,-0.100152,0.100152,low_correlation,2026-04-25T22:25:54.019571+00:00
3457,UK,GBP,GDP,gdp_mom,83,cbi_industrial_trends_orders,CBI Industrial Trends Orders,Growth,1,65,0.089776,0.089776,low_correlation,2026-04-25T22:25:54.019571+00:00
3458,UK,GBP,GDP,gdp_mom,83,cbi_industrial_trends_orders,CBI Industrial Trends Orders,Growth,5,61,0.016642,0.016642,low_correlation,2026-04-25T22:25:54.019571+00:00
3459,UK,GBP,GDP,gdp_mom,84,consumer_confidence,Consumer Confidence,Growth,4,64,-0.538895,0.538895,not_best_lag,2026-04-25T22:25:54.019571+00:00
3460,UK,GBP,GDP,gdp_mom,84,consumer_confidence,Consumer Confidence,Growth,3,65,-0.510236,0.510236,not_best_lag,2026-04-25T22:25:54.019571+00:00
3461,UK,GBP,GDP,gdp_mom,84,consumer_confidence,Consumer Confidence,Growth,0,68,0.306832,0.306832,low_correlation,2026-04-25T22:25:54.019571+00:00
3462,UK,GBP,GDP,gdp_mom,84,consumer_confidence,Consumer Confidence,Growth,5,63,-0.296750,0.296750,low_correlation,2026-04-25T22:25:54.019571+00:00
3463,UK,GBP,GDP,gdp_mom,84,consumer_confidence,Consumer Confidence,Growth,2,66,-0.108573,0.108573,low_correlation,2026-04-25T22:25:54.019571+00:00
3464,UK,GBP,GDP,gdp_mom,84,consumer_confidence,Consumer Confidence,Growth,6,62,-0.053438,0.053438,low_correlation,2026-04-25T22:25:54.019571+00:00
3465,UK,GBP,GDP,gdp_mom,85,retail_sales_yoy,Retail Sales (YoY),Growth,4,61,-0.731433,0.731433,not_best_lag,2026-04-25T22:25:54.019571+00:00
3466,UK,GBP,GDP,gdp_mom,85,retail_sales_yoy,Retail Sales (YoY),Growth,3,62,-0.725164,0.725164,not_best_lag,2026-04-25T22:25:54.019571+00:00
3467,UK,GBP,GDP,gdp_mom,85,retail_sales_yoy,Retail Sales (YoY),Growth,5,60,-0.331271,0.331271,low_correlation,2026-04-25T22:25:54.019571+00:00
3468,UK,GBP,GDP,gdp_mom,85,retail_sales_yoy,Retail Sales (YoY),Growth,0,65,0.308712,0.308712,low_correlation,2026-04-25T22:25:54.019571+00:00
3469,UK,GBP,GDP,gdp_mom,85,retail_sales_yoy,Retail Sales (YoY),Growth,2,63,-0.162902,0.162902,low_correlation,2026-04-25T22:25:54.019571+00:00
3470,UK,GBP,GDP,gdp_mom,85,retail_sales_yoy,Retail Sales (YoY),Growth,6,59,-0.155231,0.155231,low_correlation,2026-04-25T22:25:54.019571+00:00
3471,UK,GBP,GDP,gdp_mom,86,retail_sales_ex_fuel_mom,Retail Sales Ex Fuel (MoM),Growth,3,64,-0.413392,0.413392,not_best_lag,2026-04-25T22:25:54.019571+00:00
3472,UK,GBP,GDP,gdp_mom,86,retail_sales_ex_fuel_mom,Retail Sales Ex Fuel (MoM),Growth,1,66,0.253861,0.253861,low_correlation,2026-04-25T22:25:54.019571+00:00
3473,UK,GBP,GDP,gdp_mom,86,retail_sales_ex_fuel_mom,Retail Sales Ex Fuel (MoM),Growth,5,62,-0.247174,0.247174,low_correlation,2026-04-25T22:25:54.019571+00:00
3474,UK,GBP,GDP,gdp_mom,86,retail_sales_ex_fuel_mom,Retail Sales Ex Fuel (MoM),Growth,4,63,-0.217617,0.217617,low_correlation,2026-04-25T22:25:54.019571+00:00
3475,UK,GBP,GDP,gdp_mom,86,retail_sales_ex_fuel_mom,Retail Sales Ex Fuel (MoM),Growth,6,61,-0.156559,0.156559,low_correlation,2026-04-25T22:25:54.019571+00:00
3476,UK,GBP,GDP,gdp_mom,86,retail_sales_ex_fuel_mom,Retail Sales Ex Fuel (MoM),Growth,2,65,-0.135235,0.135235,low_correlation,2026-04-25T22:25:54.019571+00:00
3477,UK,GBP,GDP,gdp_mom,87,retail_sales_ex_fuel_yoy,Retail Sales Ex Fuel (YoY),Growth,0,67,0.560996,0.560996,not_best_lag,2026-04-25T22:25:54.019571+00:00
3478,UK,GBP,GDP,gdp_mom,87,retail_sales_ex_fuel_yoy,Retail Sales Ex Fuel (YoY),Growth,1,66,0.491932,0.491932,not_best_lag,2026-04-25T22:25:54.019571+00:00
3479,UK,GBP,GDP,gdp_mom,87,retail_sales_ex_fuel_yoy,Retail Sales Ex Fuel (YoY),Growth,4,63,-0.442429,0.442429,not_best_lag,2026-04-25T22:25:54.019571+00:00
3480,UK,GBP,GDP,gdp_mom,87,retail_sales_ex_fuel_yoy,Retail Sales Ex Fuel (YoY),Growth,5,62,-0.259516,0.259516,low_correlation,2026-04-25T22:25:54.019571+00:00
3481,UK,GBP,GDP,gdp_mom,87,retail_sales_ex_fuel_yoy,Retail Sales Ex Fuel (YoY),Growth,2,65,-0.139285,0.139285,low_correlation,2026-04-25T22:25:54.019571+00:00
3482,UK,GBP,GDP,gdp_mom,87,retail_sales_ex_fuel_yoy,Retail Sales Ex Fuel (YoY),Growth,6,61,-0.084401,0.084401,low_correlation,2026-04-25T22:25:54.019571+00:00
3483,UK,GBP,GDP,gdp_mom,185,niesr_monthly_gdp_tracker,NIESR Monthly GDP Tracker,Growth,3,70,-0.256369,0.256369,low_correlation,2026-04-25T22:25:54.019571+00:00
3484,UK,GBP,GDP,gdp_mom,185,niesr_monthly_gdp_tracker,NIESR Monthly GDP Tracker,Growth,0,67,0.191988,0.191988,low_correlation,2026-04-25T22:25:54.019571+00:00
3485,UK,GBP,GDP,gdp_mom,185,niesr_monthly_gdp_tracker,NIESR Monthly GDP Tracker,Growth,6,67,-0.177489,0.177489,low_correlation,2026-04-25T22:25:54.019571+00:00
3486,UK,GBP,GDP,gdp_mom,185,niesr_monthly_gdp_tracker,NIESR Monthly GDP Tracker,Growth,4,70,-0.167546,0.167546,low_correlation,2026-04-25T22:25:54.019571+00:00
3487,UK,GBP,GDP,gdp_mom,185,niesr_monthly_gdp_tracker,NIESR Monthly GDP Tracker,Growth,2,72,-0.155735,0.155735,low_correlation,2026-04-25T22:25:54.019571+00:00
3488,UK,GBP,GDP,gdp_mom,185,niesr_monthly_gdp_tracker,NIESR Monthly GDP Tracker,Growth,5,69,0.037017,0.037017,low_correlation,2026-04-25T22:25:54.019571+00:00
3489,UK,GBP,GDP,gdp_mom,185,niesr_monthly_gdp_tracker,NIESR Monthly GDP Tracker,Growth,1,68,-0.035679,0.035679,low_correlation,2026-04-25T22:25:54.019571+00:00
3490,UK,GBP,GDP,gdp_mom,186,house_price_index_mom,House Price Index (MoM),Growth,3,67,-0.232294,0.232294,low_correlation,2026-04-25T22:25:54.019571+00:00
3491,UK,GBP,GDP,gdp_mom,186,house_price_index_mom,House Price Index (MoM),Growth,4,66,-0.201761,0.201761,low_correlation,2026-04-25T22:25:54.019571+00:00
3492,UK,GBP,GDP,gdp_mom,186,house_price_index_mom,House Price Index (MoM),Growth,6,63,-0.195319,0.195319,low_correlation,2026-04-25T22:25:54.019571+00:00
3493,UK,GBP,GDP,gdp_mom,186,house_price_index_mom,House Price Index (MoM),Growth,0,70,0.183981,0.183981,low_correlation,2026-04-25T22:25:54.019571+00:00
3494,UK,GBP,GDP,gdp_mom,186,house_price_index_mom,House Price Index (MoM),Growth,1,72,0.098398,0.098398,low_correlation,2026-04-25T22:25:54.019571+00:00
3495,UK,GBP,GDP,gdp_mom,186,house_price_index_mom,House Price Index (MoM),Growth,5,64,-0.074405,0.074405,low_correlation,2026-04-25T22:25:54.019571+00:00
3496,UK,GBP,GDP,gdp_mom,186,house_price_index_mom,House Price Index (MoM),Growth,2,68,-0.016958,0.016958,low_correlation,2026-04-25T22:25:54.019571+00:00
3497,UK,GBP,GDP,gdp_yoy,58,gdp_mom,GDP (MoM),Growth,2,72,0.433009,0.433009,not_best_lag,2026-04-25T22:25:54.019571+00:00
3498,UK,GBP,GDP,gdp_yoy,58,gdp_mom,GDP (MoM),Growth,3,69,0.296928,0.296928,low_correlation,2026-04-25T22:25:54.019571+00:00
3499,UK,GBP,GDP,gdp_yoy,58,gdp_mom,GDP (MoM),Growth,4,69,0.206952,0.206952,low_correlation,2026-04-25T22:25:54.019571+00:00
3500,UK,GBP,GDP,gdp_yoy,58,gdp_mom,GDP (MoM),Growth,0,70,0.190467,0.190467,low_correlation,2026-04-25T22:25:54.019571+00:00
3501,UK,GBP,GDP,gdp_yoy,58,gdp_mom,GDP (MoM),Growth,6,65,0.146585,0.146585,low_correlation,2026-04-25T22:25:54.019571+00:00
3502,UK,GBP,GDP,gdp_yoy,58,gdp_mom,GDP (MoM),Growth,5,70,0.138242,0.138242,low_correlation,2026-04-25T22:25:54.019571+00:00
3503,UK,GBP,GDP,gdp_yoy,60,gdp_qoq,GDP (QoQ),Growth,2,19,0.653491,0.653491,low_sample,2026-04-25T22:25:54.019571+00:00
3504,UK,GBP,GDP,gdp_yoy,60,gdp_qoq,GDP (QoQ),Growth,0,14,-0.536766,0.536766,low_sample,2026-04-25T22:25:54.019571+00:00
3505,UK,GBP,GDP,gdp_yoy,60,gdp_qoq,GDP (QoQ),Growth,3,39,0.378799,0.378799,low_correlation,2026-04-25T22:25:54.019571+00:00
3506,UK,GBP,GDP,gdp_yoy,60,gdp_qoq,GDP (QoQ),Growth,5,40,0.343555,0.343555,low_correlation,2026-04-25T22:25:54.019571+00:00
3507,UK,GBP,GDP,gdp_yoy,60,gdp_qoq,GDP (QoQ),Growth,4,42,0.241364,0.241364,low_correlation,2026-04-25T22:25:54.019571+00:00
3508,UK,GBP,GDP,gdp_yoy,60,gdp_qoq,GDP (QoQ),Growth,6,51,0.232672,0.232672,low_correlation,2026-04-25T22:25:54.019571+00:00
3509,UK,GBP,GDP,gdp_yoy,61,manufacturing_pmi,Manufacturing PMI,Growth,3,49,-0.261438,0.261438,low_correlation,2026-04-25T22:25:54.019571+00:00
3510,UK,GBP,GDP,gdp_yoy,61,manufacturing_pmi,Manufacturing PMI,Growth,0,55,-0.227967,0.227967,low_correlation,2026-04-25T22:25:54.019571+00:00
3511,UK,GBP,GDP,gdp_yoy,61,manufacturing_pmi,Manufacturing PMI,Growth,4,48,-0.169482,0.169482,low_correlation,2026-04-25T22:25:54.019571+00:00
3512,UK,GBP,GDP,gdp_yoy,61,manufacturing_pmi,Manufacturing PMI,Growth,1,48,-0.162681,0.162681,low_correlation,2026-04-25T22:25:54.019571+00:00
3513,UK,GBP,GDP,gdp_yoy,61,manufacturing_pmi,Manufacturing PMI,Growth,6,44,-0.159279,0.159279,low_correlation,2026-04-25T22:25:54.019571+00:00
3514,UK,GBP,GDP,gdp_yoy,61,manufacturing_pmi,Manufacturing PMI,Growth,2,48,-0.080605,0.080605,low_correlation,2026-04-25T22:25:54.019571+00:00
3515,UK,GBP,GDP,gdp_yoy,61,manufacturing_pmi,Manufacturing PMI,Growth,5,46,-0.032244,0.032244,low_correlation,2026-04-25T22:25:54.019571+00:00
3516,UK,GBP,GDP,gdp_yoy,62,services_pmi,Services PMI,Growth,2,56,-0.301901,0.301901,low_correlation,2026-04-25T22:25:54.019571+00:00
3517,UK,GBP,GDP,gdp_yoy,62,services_pmi,Services PMI,Growth,0,60,-0.198587,0.198587,low_correlation,2026-04-25T22:25:54.019571+00:00
3518,UK,GBP,GDP,gdp_yoy,62,services_pmi,Services PMI,Growth,4,51,0.172464,0.172464,low_correlation,2026-04-25T22:25:54.019571+00:00
3519,UK,GBP,GDP,gdp_yoy,62,services_pmi,Services PMI,Growth,1,52,0.101214,0.101214,low_correlation,2026-04-25T22:25:54.019571+00:00
3520,UK,GBP,GDP,gdp_yoy,62,services_pmi,Services PMI,Growth,5,50,-0.078683,0.078683,low_correlation,2026-04-25T22:25:54.019571+00:00
3521,UK,GBP,GDP,gdp_yoy,62,services_pmi,Services PMI,Growth,6,48,0.072852,0.072852,low_correlation,2026-04-25T22:25:54.019571+00:00
3522,UK,GBP,GDP,gdp_yoy,62,services_pmi,Services PMI,Growth,3,55,0.025870,0.025870,low_correlation,2026-04-25T22:25:54.019571+00:00
3523,UK,GBP,GDP,gdp_yoy,63,composite_pmi,Composite PMI,Growth,2,56,-0.353518,0.353518,low_correlation,2026-04-25T22:25:54.019571+00:00
3524,UK,GBP,GDP,gdp_yoy,63,composite_pmi,Composite PMI,Growth,0,60,-0.323155,0.323155,low_correlation,2026-04-25T22:25:54.019571+00:00
3525,UK,GBP,GDP,gdp_yoy,63,composite_pmi,Composite PMI,Growth,5,50,-0.165449,0.165449,low_correlation,2026-04-25T22:25:54.019571+00:00
3526,UK,GBP,GDP,gdp_yoy,63,composite_pmi,Composite PMI,Growth,6,48,0.141542,0.141542,low_correlation,2026-04-25T22:25:54.019571+00:00
3527,UK,GBP,GDP,gdp_yoy,63,composite_pmi,Composite PMI,Growth,3,55,-0.107113,0.107113,low_correlation,2026-04-25T22:25:54.019571+00:00
3528,UK,GBP,GDP,gdp_yoy,63,composite_pmi,Composite PMI,Growth,1,52,0.077581,0.077581,low_correlation,2026-04-25T22:25:54.019571+00:00
3529,UK,GBP,GDP,gdp_yoy,63,composite_pmi,Composite PMI,Growth,4,51,0.051373,0.051373,low_correlation,2026-04-25T22:25:54.019571+00:00
3530,UK,GBP,GDP,gdp_yoy,64,retail_sales_mom,Retail Sales (MoM),Growth,2,75,0.327194,0.327194,low_correlation,2026-04-25T22:25:54.019571+00:00
3531,UK,GBP,GDP,gdp_yoy,64,retail_sales_mom,Retail Sales (MoM),Growth,0,77,0.217797,0.217797,low_correlation,2026-04-25T22:25:54.019571+00:00
3532,UK,GBP,GDP,gdp_yoy,64,retail_sales_mom,Retail Sales (MoM),Growth,3,74,0.177066,0.177066,low_correlation,2026-04-25T22:25:54.019571+00:00
3533,UK,GBP,GDP,gdp_yoy,64,retail_sales_mom,Retail Sales (MoM),Growth,4,72,0.102452,0.102452,low_correlation,2026-04-25T22:25:54.019571+00:00
3534,UK,GBP,GDP,gdp_yoy,64,retail_sales_mom,Retail Sales (MoM),Growth,6,71,0.035883,0.035883,low_correlation,2026-04-25T22:25:54.019571+00:00
3535,UK,GBP,GDP,gdp_yoy,64,retail_sales_mom,Retail Sales (MoM),Growth,5,71,0.027892,0.027892,low_correlation,2026-04-25T22:25:54.019571+00:00
3536,UK,GBP,GDP,gdp_yoy,65,industrial_production_yoy,Industrial Production (YoY),Growth,2,78,0.441509,0.441509,not_best_lag,2026-04-25T22:25:54.019571+00:00
3537,UK,GBP,GDP,gdp_yoy,65,industrial_production_yoy,Industrial Production (YoY),Growth,3,77,0.417130,0.417130,not_best_lag,2026-04-25T22:25:54.019571+00:00
3538,UK,GBP,GDP,gdp_yoy,65,industrial_production_yoy,Industrial Production (YoY),Growth,4,76,0.398827,0.398827,low_correlation,2026-04-25T22:25:54.019571+00:00
3539,UK,GBP,GDP,gdp_yoy,65,industrial_production_yoy,Industrial Production (YoY),Growth,5,75,0.379180,0.379180,low_correlation,2026-04-25T22:25:54.019571+00:00
3540,UK,GBP,GDP,gdp_yoy,65,industrial_production_yoy,Industrial Production (YoY),Growth,6,74,0.353077,0.353077,low_correlation,2026-04-25T22:25:54.019571+00:00
3541,UK,GBP,GDP,gdp_yoy,65,industrial_production_yoy,Industrial Production (YoY),Growth,0,80,0.272234,0.272234,low_correlation,2026-04-25T22:25:54.019571+00:00
3542,UK,GBP,GDP,gdp_yoy,68,nationwide_hpi_yoy,Nationwide House Prices (YoY),Growth,6,72,0.173980,0.173980,low_correlation,2026-04-25T22:25:54.019571+00:00
3543,UK,GBP,GDP,gdp_yoy,68,nationwide_hpi_yoy,Nationwide House Prices (YoY),Growth,0,79,0.164515,0.164515,low_correlation,2026-04-25T22:25:54.019571+00:00
3544,UK,GBP,GDP,gdp_yoy,68,nationwide_hpi_yoy,Nationwide House Prices (YoY),Growth,5,73,0.101432,0.101432,low_correlation,2026-04-25T22:25:54.019571+00:00
3545,UK,GBP,GDP,gdp_yoy,68,nationwide_hpi_yoy,Nationwide House Prices (YoY),Growth,2,76,-0.062348,0.062348,low_correlation,2026-04-25T22:25:54.019571+00:00
3546,UK,GBP,GDP,gdp_yoy,68,nationwide_hpi_yoy,Nationwide House Prices (YoY),Growth,3,75,-0.041704,0.041704,low_correlation,2026-04-25T22:25:54.019571+00:00
3547,UK,GBP,GDP,gdp_yoy,68,nationwide_hpi_yoy,Nationwide House Prices (YoY),Growth,4,74,0.025974,0.025974,low_correlation,2026-04-25T22:25:54.019571+00:00
3548,UK,GBP,GDP,gdp_yoy,68,nationwide_hpi_yoy,Nationwide House Prices (YoY),Growth,1,75,-0.004532,0.004532,low_correlation,2026-04-25T22:25:54.019571+00:00
3549,UK,GBP,GDP,gdp_yoy,80,house_price_index_yoy,House Price Index (YoY),Growth,2,101,0.274905,0.274905,low_correlation,2026-04-25T22:25:54.019571+00:00
3550,UK,GBP,GDP,gdp_yoy,80,house_price_index_yoy,House Price Index (YoY),Growth,3,99,0.242440,0.242440,low_correlation,2026-04-25T22:25:54.019571+00:00
3551,UK,GBP,GDP,gdp_yoy,80,house_price_index_yoy,House Price Index (YoY),Growth,6,91,0.178739,0.178739,low_correlation,2026-04-25T22:25:54.019571+00:00
3552,UK,GBP,GDP,gdp_yoy,80,house_price_index_yoy,House Price Index (YoY),Growth,4,96,0.164826,0.164826,low_correlation,2026-04-25T22:25:54.019571+00:00
3553,UK,GBP,GDP,gdp_yoy,80,house_price_index_yoy,House Price Index (YoY),Growth,5,95,0.149120,0.149120,low_correlation,2026-04-25T22:25:54.019571+00:00
3554,UK,GBP,GDP,gdp_yoy,80,house_price_index_yoy,House Price Index (YoY),Growth,1,96,0.144528,0.144528,low_correlation,2026-04-25T22:25:54.019571+00:00
3555,UK,GBP,GDP,gdp_yoy,80,house_price_index_yoy,House Price Index (YoY),Growth,0,100,0.089349,0.089349,low_correlation,2026-04-25T22:25:54.019571+00:00
3556,UK,GBP,GDP,gdp_yoy,81,public_sector_net_borrowing,Public Sector Net Borrowing,Growth,3,72,0.233336,0.233336,low_correlation,2026-04-25T22:25:54.019571+00:00
3557,UK,GBP,GDP,gdp_yoy,81,public_sector_net_borrowing,Public Sector Net Borrowing,Growth,1,76,0.214222,0.214222,low_correlation,2026-04-25T22:25:54.019571+00:00
3558,UK,GBP,GDP,gdp_yoy,81,public_sector_net_borrowing,Public Sector Net Borrowing,Growth,0,72,0.210007,0.210007,low_correlation,2026-04-25T22:25:54.019571+00:00
3559,UK,GBP,GDP,gdp_yoy,81,public_sector_net_borrowing,Public Sector Net Borrowing,Growth,2,73,0.207949,0.207949,low_correlation,2026-04-25T22:25:54.019571+00:00
3560,UK,GBP,GDP,gdp_yoy,81,public_sector_net_borrowing,Public Sector Net Borrowing,Growth,4,72,0.197155,0.197155,low_correlation,2026-04-25T22:25:54.019571+00:00
3561,UK,GBP,GDP,gdp_yoy,81,public_sector_net_borrowing,Public Sector Net Borrowing,Growth,5,72,0.154893,0.154893,low_correlation,2026-04-25T22:25:54.019571+00:00
3562,UK,GBP,GDP,gdp_yoy,81,public_sector_net_borrowing,Public Sector Net Borrowing,Growth,6,72,0.149378,0.149378,low_correlation,2026-04-25T22:25:54.019571+00:00
3563,UK,GBP,GDP,gdp_yoy,82,cbi_business_optimism,CBI Business Optimism Index,Growth,2,20,0.154481,0.154481,low_sample_and_low_correlation,2026-04-25T22:25:54.019571+00:00
3564,UK,GBP,GDP,gdp_yoy,82,cbi_business_optimism,CBI Business Optimism Index,Growth,5,19,0.134558,0.134558,low_sample_and_low_correlation,2026-04-25T22:25:54.019571+00:00
3565,UK,GBP,GDP,gdp_yoy,82,cbi_business_optimism,CBI Business Optimism Index,Growth,1,22,0.121179,0.121179,low_sample_and_low_correlation,2026-04-25T22:25:54.019571+00:00
3566,UK,GBP,GDP,gdp_yoy,82,cbi_business_optimism,CBI Business Optimism Index,Growth,0,29,0.117587,0.117587,low_correlation,2026-04-25T22:25:54.019571+00:00
3567,UK,GBP,GDP,gdp_yoy,82,cbi_business_optimism,CBI Business Optimism Index,Growth,4,21,0.080766,0.080766,low_sample_and_low_correlation,2026-04-25T22:25:54.019571+00:00
3568,UK,GBP,GDP,gdp_yoy,82,cbi_business_optimism,CBI Business Optimism Index,Growth,3,28,0.078806,0.078806,low_correlation,2026-04-25T22:25:54.019571+00:00
3569,UK,GBP,GDP,gdp_yoy,82,cbi_business_optimism,CBI Business Optimism Index,Growth,6,27,0.022806,0.022806,low_correlation,2026-04-25T22:25:54.019571+00:00
3570,UK,GBP,GDP,gdp_yoy,83,cbi_industrial_trends_orders,CBI Industrial Trends Orders,Growth,6,72,0.395455,0.395455,low_correlation,2026-04-25T22:25:54.019571+00:00
3571,UK,GBP,GDP,gdp_yoy,83,cbi_industrial_trends_orders,CBI Industrial Trends Orders,Growth,2,76,0.362243,0.362243,low_correlation,2026-04-25T22:25:54.019571+00:00
3572,UK,GBP,GDP,gdp_yoy,83,cbi_industrial_trends_orders,CBI Industrial Trends Orders,Growth,5,73,0.359593,0.359593,low_correlation,2026-04-25T22:25:54.019571+00:00
3573,UK,GBP,GDP,gdp_yoy,83,cbi_industrial_trends_orders,CBI Industrial Trends Orders,Growth,1,77,0.347202,0.347202,low_correlation,2026-04-25T22:25:54.019571+00:00
3574,UK,GBP,GDP,gdp_yoy,83,cbi_industrial_trends_orders,CBI Industrial Trends Orders,Growth,4,74,0.325155,0.325155,low_correlation,2026-04-25T22:25:54.019571+00:00
3575,UK,GBP,GDP,gdp_yoy,83,cbi_industrial_trends_orders,CBI Industrial Trends Orders,Growth,0,78,0.293440,0.293440,low_correlation,2026-04-25T22:25:54.019571+00:00
3576,UK,GBP,GDP,gdp_yoy,83,cbi_industrial_trends_orders,CBI Industrial Trends Orders,Growth,3,75,0.283386,0.283386,low_correlation,2026-04-25T22:25:54.019571+00:00
3577,UK,GBP,GDP,gdp_yoy,84,consumer_confidence,Consumer Confidence,Growth,1,79,0.362116,0.362116,low_correlation,2026-04-25T22:25:54.019571+00:00
3578,UK,GBP,GDP,gdp_yoy,84,consumer_confidence,Consumer Confidence,Growth,3,77,0.323129,0.323129,low_correlation,2026-04-25T22:25:54.019571+00:00
3579,UK,GBP,GDP,gdp_yoy,84,consumer_confidence,Consumer Confidence,Growth,4,76,0.235525,0.235525,low_correlation,2026-04-25T22:25:54.019571+00:00
3580,UK,GBP,GDP,gdp_yoy,84,consumer_confidence,Consumer Confidence,Growth,6,74,0.157552,0.157552,low_correlation,2026-04-25T22:25:54.019571+00:00
3581,UK,GBP,GDP,gdp_yoy,84,consumer_confidence,Consumer Confidence,Growth,5,75,0.155334,0.155334,low_correlation,2026-04-25T22:25:54.019571+00:00
3582,UK,GBP,GDP,gdp_yoy,84,consumer_confidence,Consumer Confidence,Growth,0,80,0.104232,0.104232,low_correlation,2026-04-25T22:25:54.019571+00:00
3583,UK,GBP,GDP,gdp_yoy,85,retail_sales_yoy,Retail Sales (YoY),Growth,2,75,0.441227,0.441227,not_best_lag,2026-04-25T22:25:54.019571+00:00
3584,UK,GBP,GDP,gdp_yoy,85,retail_sales_yoy,Retail Sales (YoY),Growth,3,74,0.309262,0.309262,low_correlation,2026-04-25T22:25:54.019571+00:00
3585,UK,GBP,GDP,gdp_yoy,85,retail_sales_yoy,Retail Sales (YoY),Growth,4,73,0.229594,0.229594,low_correlation,2026-04-25T22:25:54.019571+00:00
3586,UK,GBP,GDP,gdp_yoy,85,retail_sales_yoy,Retail Sales (YoY),Growth,6,71,0.219469,0.219469,low_correlation,2026-04-25T22:25:54.019571+00:00
3587,UK,GBP,GDP,gdp_yoy,85,retail_sales_yoy,Retail Sales (YoY),Growth,5,72,0.207464,0.207464,low_correlation,2026-04-25T22:25:54.019571+00:00
3588,UK,GBP,GDP,gdp_yoy,85,retail_sales_yoy,Retail Sales (YoY),Growth,0,77,0.160889,0.160889,low_correlation,2026-04-25T22:25:54.019571+00:00
3589,UK,GBP,GDP,gdp_yoy,86,retail_sales_ex_fuel_mom,Retail Sales Ex Fuel (MoM),Growth,1,78,0.346409,0.346409,low_correlation,2026-04-25T22:25:54.019571+00:00
3590,UK,GBP,GDP,gdp_yoy,86,retail_sales_ex_fuel_mom,Retail Sales Ex Fuel (MoM),Growth,2,77,0.262338,0.262338,low_correlation,2026-04-25T22:25:54.019571+00:00
3591,UK,GBP,GDP,gdp_yoy,86,retail_sales_ex_fuel_mom,Retail Sales Ex Fuel (MoM),Growth,0,79,0.222128,0.222128,low_correlation,2026-04-25T22:25:54.019571+00:00
3592,UK,GBP,GDP,gdp_yoy,86,retail_sales_ex_fuel_mom,Retail Sales Ex Fuel (MoM),Growth,3,76,0.060075,0.060075,low_correlation,2026-04-25T22:25:54.019571+00:00
3593,UK,GBP,GDP,gdp_yoy,86,retail_sales_ex_fuel_mom,Retail Sales Ex Fuel (MoM),Growth,5,74,-0.040692,0.040692,low_correlation,2026-04-25T22:25:54.019571+00:00
3594,UK,GBP,GDP,gdp_yoy,86,retail_sales_ex_fuel_mom,Retail Sales Ex Fuel (MoM),Growth,6,73,-0.009832,0.009832,low_correlation,2026-04-25T22:25:54.019571+00:00
3595,UK,GBP,GDP,gdp_yoy,86,retail_sales_ex_fuel_mom,Retail Sales Ex Fuel (MoM),Growth,4,75,0.003175,0.003175,low_correlation,2026-04-25T22:25:54.019571+00:00
3596,UK,GBP,GDP,gdp_yoy,87,retail_sales_ex_fuel_yoy,Retail Sales Ex Fuel (YoY),Growth,2,77,0.354235,0.354235,low_correlation,2026-04-25T22:25:54.019571+00:00
3597,UK,GBP,GDP,gdp_yoy,87,retail_sales_ex_fuel_yoy,Retail Sales Ex Fuel (YoY),Growth,0,79,0.341085,0.341085,low_correlation,2026-04-25T22:25:54.019571+00:00
3598,UK,GBP,GDP,gdp_yoy,87,retail_sales_ex_fuel_yoy,Retail Sales Ex Fuel (YoY),Growth,6,73,0.179524,0.179524,low_correlation,2026-04-25T22:25:54.019571+00:00
3599,UK,GBP,GDP,gdp_yoy,87,retail_sales_ex_fuel_yoy,Retail Sales Ex Fuel (YoY),Growth,5,74,0.100447,0.100447,low_correlation,2026-04-25T22:25:54.019571+00:00
3600,UK,GBP,GDP,gdp_yoy,87,retail_sales_ex_fuel_yoy,Retail Sales Ex Fuel (YoY),Growth,3,76,0.094866,0.094866,low_correlation,2026-04-25T22:25:54.019571+00:00
3601,UK,GBP,GDP,gdp_yoy,87,retail_sales_ex_fuel_yoy,Retail Sales Ex Fuel (YoY),Growth,4,75,0.060339,0.060339,low_correlation,2026-04-25T22:25:54.019571+00:00
3602,UK,GBP,GDP,gdp_yoy,185,niesr_monthly_gdp_tracker,NIESR Monthly GDP Tracker,Growth,0,91,0.098489,0.098489,low_correlation,2026-04-25T22:25:54.019571+00:00
3603,UK,GBP,GDP,gdp_yoy,185,niesr_monthly_gdp_tracker,NIESR Monthly GDP Tracker,Growth,3,92,-0.070389,0.070389,low_correlation,2026-04-25T22:25:54.019571+00:00
3604,UK,GBP,GDP,gdp_yoy,185,niesr_monthly_gdp_tracker,NIESR Monthly GDP Tracker,Growth,1,87,0.063788,0.063788,low_correlation,2026-04-25T22:25:54.019571+00:00
3605,UK,GBP,GDP,gdp_yoy,185,niesr_monthly_gdp_tracker,NIESR Monthly GDP Tracker,Growth,4,89,-0.060775,0.060775,low_correlation,2026-04-25T22:25:54.019571+00:00
3606,UK,GBP,GDP,gdp_yoy,185,niesr_monthly_gdp_tracker,NIESR Monthly GDP Tracker,Growth,2,89,0.042753,0.042753,low_correlation,2026-04-25T22:25:54.019571+00:00
3607,UK,GBP,GDP,gdp_yoy,185,niesr_monthly_gdp_tracker,NIESR Monthly GDP Tracker,Growth,6,88,0.025222,0.025222,low_correlation,2026-04-25T22:25:54.019571+00:00
3608,UK,GBP,GDP,gdp_yoy,185,niesr_monthly_gdp_tracker,NIESR Monthly GDP Tracker,Growth,5,84,-0.014296,0.014296,low_correlation,2026-04-25T22:25:54.019571+00:00
3609,UK,GBP,GDP,gdp_yoy,186,house_price_index_mom,House Price Index (MoM),Growth,1,80,0.124363,0.124363,low_correlation,2026-04-25T22:25:54.019571+00:00
3610,UK,GBP,GDP,gdp_yoy,186,house_price_index_mom,House Price Index (MoM),Growth,4,82,-0.119080,0.119080,low_correlation,2026-04-25T22:25:54.019571+00:00
3611,UK,GBP,GDP,gdp_yoy,186,house_price_index_mom,House Price Index (MoM),Growth,6,80,-0.088724,0.088724,low_correlation,2026-04-25T22:25:54.019571+00:00
3612,UK,GBP,GDP,gdp_yoy,186,house_price_index_mom,House Price Index (MoM),Growth,0,86,0.073482,0.073482,low_correlation,2026-04-25T22:25:54.019571+00:00
3613,UK,GBP,GDP,gdp_yoy,186,house_price_index_mom,House Price Index (MoM),Growth,2,85,0.063527,0.063527,low_correlation,2026-04-25T22:25:54.019571+00:00
3614,UK,GBP,GDP,gdp_yoy,186,house_price_index_mom,House Price Index (MoM),Growth,5,80,-0.063402,0.063402,low_correlation,2026-04-25T22:25:54.019571+00:00
3615,UK,GBP,GDP,gdp_yoy,186,house_price_index_mom,House Price Index (MoM),Growth,3,86,-0.040718,0.040718,low_correlation,2026-04-25T22:25:54.019571+00:00
3616,UK,GBP,GDP,gdp_qoq,58,gdp_mom,GDP (MoM),Growth,1,41,0.832441,0.832441,not_best_lag,2026-04-25T22:25:54.019571+00:00
3617,UK,GBP,GDP,gdp_qoq,58,gdp_mom,GDP (MoM),Growth,0,37,0.762893,0.762893,not_best_lag,2026-04-25T22:25:54.019571+00:00
3618,UK,GBP,GDP,gdp_qoq,58,gdp_mom,GDP (MoM),Growth,3,36,-0.747825,0.747825,not_best_lag,2026-04-25T22:25:54.019571+00:00
3619,UK,GBP,GDP,gdp_qoq,58,gdp_mom,GDP (MoM),Growth,6,34,-0.287718,0.287718,low_correlation,2026-04-25T22:25:54.019571+00:00
3620,UK,GBP,GDP,gdp_qoq,58,gdp_mom,GDP (MoM),Growth,5,39,-0.264324,0.264324,low_correlation,2026-04-25T22:25:54.019571+00:00
3621,UK,GBP,GDP,gdp_qoq,58,gdp_mom,GDP (MoM),Growth,2,40,0.226504,0.226504,low_correlation,2026-04-25T22:25:54.019571+00:00
3622,UK,GBP,GDP,gdp_qoq,59,gdp_yoy,GDP (YoY),Growth,1,40,0.719616,0.719616,not_best_lag,2026-04-25T22:25:54.019571+00:00
3623,UK,GBP,GDP,gdp_qoq,59,gdp_yoy,GDP (YoY),Growth,0,52,0.632655,0.632655,not_best_lag,2026-04-25T22:25:54.019571+00:00
3624,UK,GBP,GDP,gdp_qoq,59,gdp_yoy,GDP (YoY),Growth,3,54,-0.331367,0.331367,low_correlation,2026-04-25T22:25:54.019571+00:00
3625,UK,GBP,GDP,gdp_qoq,59,gdp_yoy,GDP (YoY),Growth,5,40,-0.100925,0.100925,low_correlation,2026-04-25T22:25:54.019571+00:00
3626,UK,GBP,GDP,gdp_qoq,59,gdp_yoy,GDP (YoY),Growth,6,48,-0.056292,0.056292,low_correlation,2026-04-25T22:25:54.019571+00:00
3627,UK,GBP,GDP,gdp_qoq,59,gdp_yoy,GDP (YoY),Growth,2,42,0.038423,0.038423,low_correlation,2026-04-25T22:25:54.019571+00:00
3628,UK,GBP,GDP,gdp_qoq,61,manufacturing_pmi,Manufacturing PMI,Growth,3,20,-0.682646,0.682646,low_sample,2026-04-25T22:25:54.019571+00:00
3629,UK,GBP,GDP,gdp_qoq,61,manufacturing_pmi,Manufacturing PMI,Growth,2,18,-0.655195,0.655195,low_sample,2026-04-25T22:25:54.019571+00:00
3630,UK,GBP,GDP,gdp_qoq,61,manufacturing_pmi,Manufacturing PMI,Growth,6,17,0.324614,0.324614,low_sample_and_low_correlation,2026-04-25T22:25:54.019571+00:00
3631,UK,GBP,GDP,gdp_qoq,61,manufacturing_pmi,Manufacturing PMI,Growth,5,16,0.270811,0.270811,low_sample_and_low_correlation,2026-04-25T22:25:54.019571+00:00
3632,UK,GBP,GDP,gdp_qoq,61,manufacturing_pmi,Manufacturing PMI,Growth,4,15,-0.245948,0.245948,low_sample_and_low_correlation,2026-04-25T22:25:54.019571+00:00
3633,UK,GBP,GDP,gdp_qoq,61,manufacturing_pmi,Manufacturing PMI,Growth,1,19,0.205110,0.205110,low_sample_and_low_correlation,2026-04-25T22:25:54.019571+00:00
3634,UK,GBP,GDP,gdp_qoq,61,manufacturing_pmi,Manufacturing PMI,Growth,0,24,-0.137018,0.137018,low_correlation,2026-04-25T22:25:54.019571+00:00
3635,UK,GBP,GDP,gdp_qoq,62,services_pmi,Services PMI,Growth,2,22,-0.653356,0.653356,low_sample,2026-04-25T22:25:54.019571+00:00
3636,UK,GBP,GDP,gdp_qoq,62,services_pmi,Services PMI,Growth,5,19,0.570078,0.570078,low_sample,2026-04-25T22:25:54.019571+00:00
3637,UK,GBP,GDP,gdp_qoq,62,services_pmi,Services PMI,Growth,0,26,0.489285,0.489285,not_best_lag,2026-04-25T22:25:54.019571+00:00
3638,UK,GBP,GDP,gdp_qoq,62,services_pmi,Services PMI,Growth,6,19,-0.348876,0.348876,low_sample_and_low_correlation,2026-04-25T22:25:54.019571+00:00
3639,UK,GBP,GDP,gdp_qoq,62,services_pmi,Services PMI,Growth,4,15,-0.293226,0.293226,low_sample_and_low_correlation,2026-04-25T22:25:54.019571+00:00
3640,UK,GBP,GDP,gdp_qoq,62,services_pmi,Services PMI,Growth,1,19,-0.064470,0.064470,low_sample_and_low_correlation,2026-04-25T22:25:54.019571+00:00
3641,UK,GBP,GDP,gdp_qoq,62,services_pmi,Services PMI,Growth,3,22,-0.036332,0.036332,low_sample_and_low_correlation,2026-04-25T22:25:54.019571+00:00
3642,UK,GBP,GDP,gdp_qoq,63,composite_pmi,Composite PMI,Growth,5,19,0.605613,0.605613,low_sample,2026-04-25T22:25:54.019571+00:00
3643,UK,GBP,GDP,gdp_qoq,63,composite_pmi,Composite PMI,Growth,2,22,-0.598247,0.598247,low_sample,2026-04-25T22:25:54.019571+00:00
3644,UK,GBP,GDP,gdp_qoq,63,composite_pmi,Composite PMI,Growth,0,26,0.418463,0.418463,not_best_lag,2026-04-25T22:25:54.019571+00:00
3645,UK,GBP,GDP,gdp_qoq,63,composite_pmi,Composite PMI,Growth,4,15,-0.386285,0.386285,low_sample_and_low_correlation,2026-04-25T22:25:54.019571+00:00
3646,UK,GBP,GDP,gdp_qoq,63,composite_pmi,Composite PMI,Growth,6,19,-0.277781,0.277781,low_sample_and_low_correlation,2026-04-25T22:25:54.019571+00:00
3647,UK,GBP,GDP,gdp_qoq,63,composite_pmi,Composite PMI,Growth,3,22,-0.155481,0.155481,low_sample_and_low_correlation,2026-04-25T22:25:54.019571+00:00
3648,UK,GBP,GDP,gdp_qoq,63,composite_pmi,Composite PMI,Growth,1,19,0.047311,0.047311,low_sample_and_low_correlation,2026-04-25T22:25:54.019571+00:00
3649,UK,GBP,GDP,gdp_qoq,64,retail_sales_mom,Retail Sales (MoM),Growth,3,40,-0.764389,0.764389,not_best_lag,2026-04-25T22:25:54.019571+00:00
3650,UK,GBP,GDP,gdp_qoq,64,retail_sales_mom,Retail Sales (MoM),Growth,4,39,-0.698327,0.698327,not_best_lag,2026-04-25T22:25:54.019571+00:00
3651,UK,GBP,GDP,gdp_qoq,64,retail_sales_mom,Retail Sales (MoM),Growth,0,42,0.624542,0.624542,not_best_lag,2026-04-25T22:25:54.019571+00:00
3652,UK,GBP,GDP,gdp_qoq,64,retail_sales_mom,Retail Sales (MoM),Growth,2,40,0.297622,0.297622,low_correlation,2026-04-25T22:25:54.019571+00:00
3653,UK,GBP,GDP,gdp_qoq,64,retail_sales_mom,Retail Sales (MoM),Growth,6,38,-0.297343,0.297343,low_correlation,2026-04-25T22:25:54.019571+00:00
3654,UK,GBP,GDP,gdp_qoq,64,retail_sales_mom,Retail Sales (MoM),Growth,5,39,-0.172924,0.172924,low_correlation,2026-04-25T22:25:54.019571+00:00
3655,UK,GBP,GDP,gdp_qoq,65,industrial_production_yoy,Industrial Production (YoY),Growth,1,42,0.573784,0.573784,not_best_lag,2026-04-25T22:25:54.019571+00:00
3656,UK,GBP,GDP,gdp_qoq,65,industrial_production_yoy,Industrial Production (YoY),Growth,4,40,-0.561410,0.561410,not_best_lag,2026-04-25T22:25:54.019571+00:00
3657,UK,GBP,GDP,gdp_qoq,65,industrial_production_yoy,Industrial Production (YoY),Growth,6,40,-0.519914,0.519914,not_best_lag,2026-04-25T22:25:54.019571+00:00
3658,UK,GBP,GDP,gdp_qoq,65,industrial_production_yoy,Industrial Production (YoY),Growth,3,42,0.156607,0.156607,low_correlation,2026-04-25T22:25:54.019571+00:00
3659,UK,GBP,GDP,gdp_qoq,65,industrial_production_yoy,Industrial Production (YoY),Growth,5,40,-0.021919,0.021919,low_correlation,2026-04-25T22:25:54.019571+00:00
3660,UK,GBP,GDP,gdp_qoq,65,industrial_production_yoy,Industrial Production (YoY),Growth,2,42,0.021807,0.021807,low_correlation,2026-04-25T22:25:54.019571+00:00
3661,UK,GBP,GDP,gdp_qoq,68,nationwide_hpi_yoy,Nationwide House Prices (YoY),Growth,1,40,-0.387426,0.387426,low_correlation,2026-04-25T22:25:54.019571+00:00
3662,UK,GBP,GDP,gdp_qoq,68,nationwide_hpi_yoy,Nationwide House Prices (YoY),Growth,6,38,0.326187,0.326187,low_correlation,2026-04-25T22:25:54.019571+00:00
3663,UK,GBP,GDP,gdp_qoq,68,nationwide_hpi_yoy,Nationwide House Prices (YoY),Growth,3,40,0.284135,0.284135,low_correlation,2026-04-25T22:25:54.019571+00:00
3664,UK,GBP,GDP,gdp_qoq,68,nationwide_hpi_yoy,Nationwide House Prices (YoY),Growth,4,38,0.256317,0.256317,low_correlation,2026-04-25T22:25:54.019571+00:00
3665,UK,GBP,GDP,gdp_qoq,68,nationwide_hpi_yoy,Nationwide House Prices (YoY),Growth,0,42,-0.253890,0.253890,low_correlation,2026-04-25T22:25:54.019571+00:00
3666,UK,GBP,GDP,gdp_qoq,68,nationwide_hpi_yoy,Nationwide House Prices (YoY),Growth,5,40,0.152899,0.152899,low_correlation,2026-04-25T22:25:54.019571+00:00
3667,UK,GBP,GDP,gdp_qoq,68,nationwide_hpi_yoy,Nationwide House Prices (YoY),Growth,2,42,-0.118305,0.118305,low_correlation,2026-04-25T22:25:54.019571+00:00
3668,UK,GBP,GDP,gdp_qoq,80,house_price_index_yoy,House Price Index (YoY),Growth,2,52,0.656147,0.656147,not_best_lag,2026-04-25T22:25:54.019571+00:00
3669,UK,GBP,GDP,gdp_qoq,80,house_price_index_yoy,House Price Index (YoY),Growth,0,53,0.581685,0.581685,not_best_lag,2026-04-25T22:25:54.019571+00:00
3670,UK,GBP,GDP,gdp_qoq,80,house_price_index_yoy,House Price Index (YoY),Growth,3,48,-0.185223,0.185223,low_correlation,2026-04-25T22:25:54.019571+00:00
3671,UK,GBP,GDP,gdp_qoq,80,house_price_index_yoy,House Price Index (YoY),Growth,4,45,-0.173998,0.173998,low_correlation,2026-04-25T22:25:54.019571+00:00
3672,UK,GBP,GDP,gdp_qoq,80,house_price_index_yoy,House Price Index (YoY),Growth,6,45,-0.066565,0.066565,low_correlation,2026-04-25T22:25:54.019571+00:00
3673,UK,GBP,GDP,gdp_qoq,80,house_price_index_yoy,House Price Index (YoY),Growth,1,49,0.042304,0.042304,low_correlation,2026-04-25T22:25:54.019571+00:00
3674,UK,GBP,GDP,gdp_qoq,81,public_sector_net_borrowing,Public Sector Net Borrowing,Growth,0,39,0.409932,0.409932,not_best_lag,2026-04-25T22:25:54.019571+00:00
3675,UK,GBP,GDP,gdp_qoq,81,public_sector_net_borrowing,Public Sector Net Borrowing,Growth,2,41,-0.200290,0.200290,low_correlation,2026-04-25T22:25:54.019571+00:00
3676,UK,GBP,GDP,gdp_qoq,81,public_sector_net_borrowing,Public Sector Net Borrowing,Growth,5,40,-0.125984,0.125984,low_correlation,2026-04-25T22:25:54.019571+00:00
3677,UK,GBP,GDP,gdp_qoq,81,public_sector_net_borrowing,Public Sector Net Borrowing,Growth,4,41,-0.109439,0.109439,low_correlation,2026-04-25T22:25:54.019571+00:00
3678,UK,GBP,GDP,gdp_qoq,81,public_sector_net_borrowing,Public Sector Net Borrowing,Growth,6,38,-0.076723,0.076723,low_correlation,2026-04-25T22:25:54.019571+00:00
3679,UK,GBP,GDP,gdp_qoq,81,public_sector_net_borrowing,Public Sector Net Borrowing,Growth,1,43,0.053364,0.053364,low_correlation,2026-04-25T22:25:54.019571+00:00
3680,UK,GBP,GDP,gdp_qoq,82,cbi_business_optimism,CBI Business Optimism Index,Growth,0,38,0.197629,0.197629,low_correlation,2026-04-25T22:25:54.019571+00:00
3681,UK,GBP,GDP,gdp_qoq,82,cbi_business_optimism,CBI Business Optimism Index,Growth,3,36,0.137637,0.137637,low_correlation,2026-04-25T22:25:54.019571+00:00
3682,UK,GBP,GDP,gdp_qoq,82,cbi_business_optimism,CBI Business Optimism Index,Growth,6,34,0.067219,0.067219,low_correlation,2026-04-25T22:25:54.019571+00:00
3683,UK,GBP,GDP,gdp_qoq,83,cbi_industrial_trends_orders,CBI Industrial Trends Orders,Growth,3,40,-0.414364,0.414364,not_best_lag,2026-04-25T22:25:54.019571+00:00
3684,UK,GBP,GDP,gdp_qoq,83,cbi_industrial_trends_orders,CBI Industrial Trends Orders,Growth,1,42,0.330517,0.330517,low_correlation,2026-04-25T22:25:54.019571+00:00
3685,UK,GBP,GDP,gdp_qoq,83,cbi_industrial_trends_orders,CBI Industrial Trends Orders,Growth,4,40,-0.308625,0.308625,low_correlation,2026-04-25T22:25:54.019571+00:00
3686,UK,GBP,GDP,gdp_qoq,83,cbi_industrial_trends_orders,CBI Industrial Trends Orders,Growth,6,38,0.257776,0.257776,low_correlation,2026-04-25T22:25:54.019571+00:00
3687,UK,GBP,GDP,gdp_qoq,83,cbi_industrial_trends_orders,CBI Industrial Trends Orders,Growth,2,40,-0.184044,0.184044,low_correlation,2026-04-25T22:25:54.019571+00:00
3688,UK,GBP,GDP,gdp_qoq,83,cbi_industrial_trends_orders,CBI Industrial Trends Orders,Growth,5,38,0.153301,0.153301,low_correlation,2026-04-25T22:25:54.019571+00:00
3689,UK,GBP,GDP,gdp_qoq,84,consumer_confidence,Consumer Confidence,Growth,1,44,0.616659,0.616659,not_best_lag,2026-04-25T22:25:54.019571+00:00
3690,UK,GBP,GDP,gdp_qoq,84,consumer_confidence,Consumer Confidence,Growth,0,42,0.324282,0.324282,low_correlation,2026-04-25T22:25:54.019571+00:00
3691,UK,GBP,GDP,gdp_qoq,84,consumer_confidence,Consumer Confidence,Growth,5,40,-0.271247,0.271247,low_correlation,2026-04-25T22:25:54.019571+00:00
3692,UK,GBP,GDP,gdp_qoq,84,consumer_confidence,Consumer Confidence,Growth,2,42,-0.112261,0.112261,low_correlation,2026-04-25T22:25:54.019571+00:00
3693,UK,GBP,GDP,gdp_qoq,84,consumer_confidence,Consumer Confidence,Growth,3,40,-0.106004,0.106004,low_correlation,2026-04-25T22:25:54.019571+00:00
3694,UK,GBP,GDP,gdp_qoq,84,consumer_confidence,Consumer Confidence,Growth,6,38,-0.081789,0.081789,low_correlation,2026-04-25T22:25:54.019571+00:00
3695,UK,GBP,GDP,gdp_qoq,85,retail_sales_yoy,Retail Sales (YoY),Growth,1,42,0.800663,0.800663,not_best_lag,2026-04-25T22:25:54.019571+00:00
3696,UK,GBP,GDP,gdp_qoq,85,retail_sales_yoy,Retail Sales (YoY),Growth,3,40,-0.538963,0.538963,not_best_lag,2026-04-25T22:25:54.019571+00:00
3697,UK,GBP,GDP,gdp_qoq,85,retail_sales_yoy,Retail Sales (YoY),Growth,0,42,0.521496,0.521496,not_best_lag,2026-04-25T22:25:54.019571+00:00
3698,UK,GBP,GDP,gdp_qoq,85,retail_sales_yoy,Retail Sales (YoY),Growth,2,38,-0.191962,0.191962,low_correlation,2026-04-25T22:25:54.019571+00:00
3699,UK,GBP,GDP,gdp_qoq,85,retail_sales_yoy,Retail Sales (YoY),Growth,5,36,-0.187175,0.187175,low_correlation,2026-04-25T22:25:54.019571+00:00
3700,UK,GBP,GDP,gdp_qoq,85,retail_sales_yoy,Retail Sales (YoY),Growth,6,38,-0.043720,0.043720,low_correlation,2026-04-25T22:25:54.019571+00:00
3701,UK,GBP,GDP,gdp_qoq,86,retail_sales_ex_fuel_mom,Retail Sales Ex Fuel (MoM),Growth,1,42,0.659606,0.659606,not_best_lag,2026-04-25T22:25:54.019571+00:00
3702,UK,GBP,GDP,gdp_qoq,86,retail_sales_ex_fuel_mom,Retail Sales Ex Fuel (MoM),Growth,0,42,0.582170,0.582170,not_best_lag,2026-04-25T22:25:54.019571+00:00
3703,UK,GBP,GDP,gdp_qoq,86,retail_sales_ex_fuel_mom,Retail Sales Ex Fuel (MoM),Growth,4,40,-0.388608,0.388608,low_correlation,2026-04-25T22:25:54.019571+00:00
3704,UK,GBP,GDP,gdp_qoq,86,retail_sales_ex_fuel_mom,Retail Sales Ex Fuel (MoM),Growth,2,42,0.330322,0.330322,low_correlation,2026-04-25T22:25:54.019571+00:00
3705,UK,GBP,GDP,gdp_qoq,86,retail_sales_ex_fuel_mom,Retail Sales Ex Fuel (MoM),Growth,6,38,-0.281373,0.281373,low_correlation,2026-04-25T22:25:54.019571+00:00
3706,UK,GBP,GDP,gdp_qoq,86,retail_sales_ex_fuel_mom,Retail Sales Ex Fuel (MoM),Growth,5,40,-0.185462,0.185462,low_correlation,2026-04-25T22:25:54.019571+00:00
3707,UK,GBP,GDP,gdp_qoq,87,retail_sales_ex_fuel_yoy,Retail Sales Ex Fuel (YoY),Growth,1,42,0.792004,0.792004,not_best_lag,2026-04-25T22:25:54.019571+00:00
3708,UK,GBP,GDP,gdp_qoq,87,retail_sales_ex_fuel_yoy,Retail Sales Ex Fuel (YoY),Growth,3,40,-0.635970,0.635970,not_best_lag,2026-04-25T22:25:54.019571+00:00
3709,UK,GBP,GDP,gdp_qoq,87,retail_sales_ex_fuel_yoy,Retail Sales Ex Fuel (YoY),Growth,0,42,0.576053,0.576053,not_best_lag,2026-04-25T22:25:54.019571+00:00
3710,UK,GBP,GDP,gdp_qoq,87,retail_sales_ex_fuel_yoy,Retail Sales Ex Fuel (YoY),Growth,5,40,-0.293962,0.293962,low_correlation,2026-04-25T22:25:54.019571+00:00
3711,UK,GBP,GDP,gdp_qoq,87,retail_sales_ex_fuel_yoy,Retail Sales Ex Fuel (YoY),Growth,6,38,-0.078171,0.078171,low_correlation,2026-04-25T22:25:54.019571+00:00
3712,UK,GBP,GDP,gdp_qoq,87,retail_sales_ex_fuel_yoy,Retail Sales Ex Fuel (YoY),Growth,2,42,0.048718,0.048718,low_correlation,2026-04-25T22:25:54.019571+00:00
3713,UK,GBP,GDP,gdp_qoq,185,niesr_monthly_gdp_tracker,NIESR Monthly GDP Tracker,Growth,3,57,-0.325627,0.325627,low_correlation,2026-04-25T22:25:54.019571+00:00
3714,UK,GBP,GDP,gdp_qoq,185,niesr_monthly_gdp_tracker,NIESR Monthly GDP Tracker,Growth,4,34,-0.152270,0.152270,low_correlation,2026-04-25T22:25:54.019571+00:00
3715,UK,GBP,GDP,gdp_qoq,185,niesr_monthly_gdp_tracker,NIESR Monthly GDP Tracker,Growth,6,53,-0.120308,0.120308,low_correlation,2026-04-25T22:25:54.019571+00:00
3716,UK,GBP,GDP,gdp_qoq,185,niesr_monthly_gdp_tracker,NIESR Monthly GDP Tracker,Growth,5,38,-0.066996,0.066996,low_correlation,2026-04-25T22:25:54.019571+00:00
3717,UK,GBP,GDP,gdp_qoq,185,niesr_monthly_gdp_tracker,NIESR Monthly GDP Tracker,Growth,1,39,0.045334,0.045334,low_correlation,2026-04-25T22:25:54.019571+00:00
3718,UK,GBP,GDP,gdp_qoq,185,niesr_monthly_gdp_tracker,NIESR Monthly GDP Tracker,Growth,2,42,-0.039979,0.039979,low_correlation,2026-04-25T22:25:54.019571+00:00
3719,UK,GBP,GDP,gdp_qoq,186,house_price_index_mom,House Price Index (MoM),Growth,4,39,-0.306509,0.306509,low_correlation,2026-04-25T22:25:54.019571+00:00
3720,UK,GBP,GDP,gdp_qoq,186,house_price_index_mom,House Price Index (MoM),Growth,3,44,-0.304164,0.304164,low_correlation,2026-04-25T22:25:54.019571+00:00
3721,UK,GBP,GDP,gdp_qoq,186,house_price_index_mom,House Price Index (MoM),Growth,6,42,-0.272248,0.272248,low_correlation,2026-04-25T22:25:54.019571+00:00
3722,UK,GBP,GDP,gdp_qoq,186,house_price_index_mom,House Price Index (MoM),Growth,5,41,-0.100166,0.100166,low_correlation,2026-04-25T22:25:54.019571+00:00
3723,UK,GBP,GDP,gdp_qoq,186,house_price_index_mom,House Price Index (MoM),Growth,2,46,0.044056,0.044056,low_correlation,2026-04-25T22:25:54.019571+00:00
3724,UK,GBP,GDP,gdp_qoq,186,house_price_index_mom,House Price Index (MoM),Growth,1,41,0.026931,0.026931,low_correlation,2026-04-25T22:25:54.019571+00:00
3725,UK,GBP,UNEMPLOYMENT,unemployment_rate,54,claimant_count_change,Claimant Count Change,Labor,6,67,0.142900,0.142900,low_correlation,2026-04-25T22:25:54.019571+00:00
3726,UK,GBP,UNEMPLOYMENT,unemployment_rate,54,claimant_count_change,Claimant Count Change,Labor,2,71,-0.125578,0.125578,low_correlation,2026-04-25T22:25:54.019571+00:00
3727,UK,GBP,UNEMPLOYMENT,unemployment_rate,54,claimant_count_change,Claimant Count Change,Labor,1,72,-0.122615,0.122615,low_correlation,2026-04-25T22:25:54.019571+00:00
3728,UK,GBP,UNEMPLOYMENT,unemployment_rate,54,claimant_count_change,Claimant Count Change,Labor,5,68,0.114813,0.114813,low_correlation,2026-04-25T22:25:54.019571+00:00
3729,UK,GBP,UNEMPLOYMENT,unemployment_rate,54,claimant_count_change,Claimant Count Change,Labor,0,73,-0.113559,0.113559,low_correlation,2026-04-25T22:25:54.019571+00:00
3730,UK,GBP,UNEMPLOYMENT,unemployment_rate,54,claimant_count_change,Claimant Count Change,Labor,3,70,-0.073267,0.073267,low_correlation,2026-04-25T22:25:54.019571+00:00
3731,UK,GBP,UNEMPLOYMENT,unemployment_rate,54,claimant_count_change,Claimant Count Change,Labor,4,69,0.038791,0.038791,low_correlation,2026-04-25T22:25:54.019571+00:00
3732,UK,GBP,UNEMPLOYMENT,unemployment_rate,55,employment_change,Employment Change,Labor,0,27,-0.125215,0.125215,low_correlation,2026-04-25T22:25:54.019571+00:00
3733,UK,GBP,UNEMPLOYMENT,unemployment_rate,55,employment_change,Employment Change,Labor,1,73,0.079307,0.079307,low_correlation,2026-04-25T22:25:54.019571+00:00
3734,UK,GBP,UNEMPLOYMENT,unemployment_rate,55,employment_change,Employment Change,Labor,2,72,0.059511,0.059511,low_correlation,2026-04-25T22:25:54.019571+00:00
3735,UK,GBP,UNEMPLOYMENT,unemployment_rate,55,employment_change,Employment Change,Labor,3,71,0.058435,0.058435,low_correlation,2026-04-25T22:25:54.019571+00:00
3736,UK,GBP,UNEMPLOYMENT,unemployment_rate,55,employment_change,Employment Change,Labor,6,68,-0.044979,0.044979,low_correlation,2026-04-25T22:25:54.019571+00:00
3737,UK,GBP,UNEMPLOYMENT,unemployment_rate,55,employment_change,Employment Change,Labor,5,69,-0.026788,0.026788,low_correlation,2026-04-25T22:25:54.019571+00:00
3738,UK,GBP,UNEMPLOYMENT,unemployment_rate,55,employment_change,Employment Change,Labor,4,70,0.026688,0.026688,low_correlation,2026-04-25T22:25:54.019571+00:00
3739,UK,GBP,UNEMPLOYMENT,unemployment_rate,58,gdp_mom,GDP (MoM),Growth,0,51,0.150928,0.150928,low_correlation,2026-04-25T22:25:54.019571+00:00
3740,UK,GBP,UNEMPLOYMENT,unemployment_rate,58,gdp_mom,GDP (MoM),Growth,2,66,0.146332,0.146332,low_correlation,2026-04-25T22:25:54.019571+00:00
3741,UK,GBP,UNEMPLOYMENT,unemployment_rate,58,gdp_mom,GDP (MoM),Growth,3,65,0.145370,0.145370,low_correlation,2026-04-25T22:25:54.019571+00:00
3742,UK,GBP,UNEMPLOYMENT,unemployment_rate,58,gdp_mom,GDP (MoM),Growth,6,62,-0.127028,0.127028,low_correlation,2026-04-25T22:25:54.019571+00:00
3743,UK,GBP,UNEMPLOYMENT,unemployment_rate,58,gdp_mom,GDP (MoM),Growth,1,66,0.121858,0.121858,low_correlation,2026-04-25T22:25:54.019571+00:00
3744,UK,GBP,UNEMPLOYMENT,unemployment_rate,58,gdp_mom,GDP (MoM),Growth,4,64,0.065296,0.065296,low_correlation,2026-04-25T22:25:54.019571+00:00
3745,UK,GBP,UNEMPLOYMENT,unemployment_rate,58,gdp_mom,GDP (MoM),Growth,5,63,-0.037604,0.037604,low_correlation,2026-04-25T22:25:54.019571+00:00
3746,UK,GBP,UNEMPLOYMENT,unemployment_rate,59,gdp_yoy,GDP (YoY),Growth,0,52,0.311156,0.311156,low_correlation,2026-04-25T22:25:54.019571+00:00
3747,UK,GBP,UNEMPLOYMENT,unemployment_rate,59,gdp_yoy,GDP (YoY),Growth,2,67,0.274106,0.274106,low_correlation,2026-04-25T22:25:54.019571+00:00
3748,UK,GBP,UNEMPLOYMENT,unemployment_rate,59,gdp_yoy,GDP (YoY),Growth,1,66,0.263875,0.263875,low_correlation,2026-04-25T22:25:54.019571+00:00
3749,UK,GBP,UNEMPLOYMENT,unemployment_rate,59,gdp_yoy,GDP (YoY),Growth,3,71,0.222351,0.222351,low_correlation,2026-04-25T22:25:54.019571+00:00
3750,UK,GBP,UNEMPLOYMENT,unemployment_rate,59,gdp_yoy,GDP (YoY),Growth,4,76,0.105558,0.105558,low_correlation,2026-04-25T22:25:54.019571+00:00
3751,UK,GBP,UNEMPLOYMENT,unemployment_rate,59,gdp_yoy,GDP (YoY),Growth,6,74,-0.058263,0.058263,low_correlation,2026-04-25T22:25:54.019571+00:00
3752,UK,GBP,UNEMPLOYMENT,unemployment_rate,59,gdp_yoy,GDP (YoY),Growth,5,75,0.025057,0.025057,low_correlation,2026-04-25T22:25:54.019571+00:00
3753,UK,GBP,UNEMPLOYMENT,unemployment_rate,60,gdp_qoq,GDP (QoQ),Growth,2,12,0.341069,0.341069,low_sample_and_low_correlation,2026-04-25T22:25:54.019571+00:00
3754,UK,GBP,UNEMPLOYMENT,unemployment_rate,60,gdp_qoq,GDP (QoQ),Growth,6,41,-0.164446,0.164446,low_correlation,2026-04-25T22:25:54.019571+00:00
3755,UK,GBP,UNEMPLOYMENT,unemployment_rate,60,gdp_qoq,GDP (QoQ),Growth,3,20,0.136739,0.136739,low_sample_and_low_correlation,2026-04-25T22:25:54.019571+00:00
3756,UK,GBP,UNEMPLOYMENT,unemployment_rate,60,gdp_qoq,GDP (QoQ),Growth,5,41,-0.123999,0.123999,low_correlation,2026-04-25T22:25:54.019571+00:00
3757,UK,GBP,UNEMPLOYMENT,unemployment_rate,60,gdp_qoq,GDP (QoQ),Growth,4,42,-0.030467,0.030467,low_correlation,2026-04-25T22:25:54.019571+00:00
3758,UK,GBP,UNEMPLOYMENT,unemployment_rate,61,manufacturing_pmi,Manufacturing PMI,Growth,5,34,-0.281544,0.281544,low_correlation,2026-04-25T22:25:54.019571+00:00
3759,UK,GBP,UNEMPLOYMENT,unemployment_rate,61,manufacturing_pmi,Manufacturing PMI,Growth,6,32,-0.243913,0.243913,low_correlation,2026-04-25T22:25:54.019571+00:00
3760,UK,GBP,UNEMPLOYMENT,unemployment_rate,61,manufacturing_pmi,Manufacturing PMI,Growth,4,36,-0.173138,0.173138,low_correlation,2026-04-25T22:25:54.019571+00:00
3761,UK,GBP,UNEMPLOYMENT,unemployment_rate,61,manufacturing_pmi,Manufacturing PMI,Growth,3,37,-0.087755,0.087755,low_correlation,2026-04-25T22:25:54.019571+00:00
3762,UK,GBP,UNEMPLOYMENT,unemployment_rate,61,manufacturing_pmi,Manufacturing PMI,Growth,0,40,0.075581,0.075581,low_correlation,2026-04-25T22:25:54.019571+00:00
3763,UK,GBP,UNEMPLOYMENT,unemployment_rate,61,manufacturing_pmi,Manufacturing PMI,Growth,1,39,0.009453,0.009453,low_correlation,2026-04-25T22:25:54.019571+00:00
3764,UK,GBP,UNEMPLOYMENT,unemployment_rate,61,manufacturing_pmi,Manufacturing PMI,Growth,2,38,-0.006386,0.006386,low_correlation,2026-04-25T22:25:54.019571+00:00
3765,UK,GBP,UNEMPLOYMENT,unemployment_rate,62,services_pmi,Services PMI,Growth,6,35,0.136366,0.136366,low_correlation,2026-04-25T22:25:54.019571+00:00
3766,UK,GBP,UNEMPLOYMENT,unemployment_rate,62,services_pmi,Services PMI,Growth,5,37,0.134069,0.134069,low_correlation,2026-04-25T22:25:54.019571+00:00
3767,UK,GBP,UNEMPLOYMENT,unemployment_rate,62,services_pmi,Services PMI,Growth,3,41,0.101779,0.101779,low_correlation,2026-04-25T22:25:54.019571+00:00
3768,UK,GBP,UNEMPLOYMENT,unemployment_rate,62,services_pmi,Services PMI,Growth,1,43,0.086592,0.086592,low_correlation,2026-04-25T22:25:54.019571+00:00
3769,UK,GBP,UNEMPLOYMENT,unemployment_rate,62,services_pmi,Services PMI,Growth,4,39,0.084498,0.084498,low_correlation,2026-04-25T22:25:54.019571+00:00
3770,UK,GBP,UNEMPLOYMENT,unemployment_rate,62,services_pmi,Services PMI,Growth,2,42,0.082200,0.082200,low_correlation,2026-04-25T22:25:54.019571+00:00
3771,UK,GBP,UNEMPLOYMENT,unemployment_rate,62,services_pmi,Services PMI,Growth,0,44,0.034121,0.034121,low_correlation,2026-04-25T22:25:54.019571+00:00
3772,UK,GBP,UNEMPLOYMENT,unemployment_rate,63,composite_pmi,Composite PMI,Growth,4,39,-0.096092,0.096092,low_correlation,2026-04-25T22:25:54.019571+00:00
3773,UK,GBP,UNEMPLOYMENT,unemployment_rate,63,composite_pmi,Composite PMI,Growth,6,35,-0.085200,0.085200,low_correlation,2026-04-25T22:25:54.019571+00:00
3774,UK,GBP,UNEMPLOYMENT,unemployment_rate,63,composite_pmi,Composite PMI,Growth,1,43,0.062238,0.062238,low_correlation,2026-04-25T22:25:54.019571+00:00
3775,UK,GBP,UNEMPLOYMENT,unemployment_rate,63,composite_pmi,Composite PMI,Growth,5,37,-0.051981,0.051981,low_correlation,2026-04-25T22:25:54.019571+00:00
3776,UK,GBP,UNEMPLOYMENT,unemployment_rate,63,composite_pmi,Composite PMI,Growth,0,44,0.028837,0.028837,low_correlation,2026-04-25T22:25:54.019571+00:00
3777,UK,GBP,UNEMPLOYMENT,unemployment_rate,63,composite_pmi,Composite PMI,Growth,3,41,-0.020937,0.020937,low_correlation,2026-04-25T22:25:54.019571+00:00
3778,UK,GBP,UNEMPLOYMENT,unemployment_rate,63,composite_pmi,Composite PMI,Growth,2,42,0.008623,0.008623,low_correlation,2026-04-25T22:25:54.019571+00:00
3779,UK,GBP,UNEMPLOYMENT,unemployment_rate,64,retail_sales_mom,Retail Sales (MoM),Growth,6,65,-0.127579,0.127579,low_correlation,2026-04-25T22:25:54.019571+00:00
3780,UK,GBP,UNEMPLOYMENT,unemployment_rate,64,retail_sales_mom,Retail Sales (MoM),Growth,5,66,-0.073473,0.073473,low_correlation,2026-04-25T22:25:54.019571+00:00
3781,UK,GBP,UNEMPLOYMENT,unemployment_rate,64,retail_sales_mom,Retail Sales (MoM),Growth,3,68,0.052642,0.052642,low_correlation,2026-04-25T22:25:54.019571+00:00
3782,UK,GBP,UNEMPLOYMENT,unemployment_rate,64,retail_sales_mom,Retail Sales (MoM),Growth,1,70,0.032357,0.032357,low_correlation,2026-04-25T22:25:54.019571+00:00
3783,UK,GBP,UNEMPLOYMENT,unemployment_rate,64,retail_sales_mom,Retail Sales (MoM),Growth,2,69,0.030921,0.030921,low_correlation,2026-04-25T22:25:54.019571+00:00
3784,UK,GBP,UNEMPLOYMENT,unemployment_rate,64,retail_sales_mom,Retail Sales (MoM),Growth,0,71,0.017359,0.017359,low_correlation,2026-04-25T22:25:54.019571+00:00
3785,UK,GBP,UNEMPLOYMENT,unemployment_rate,64,retail_sales_mom,Retail Sales (MoM),Growth,4,67,-0.007015,0.007015,low_correlation,2026-04-25T22:25:54.019571+00:00
3786,UK,GBP,UNEMPLOYMENT,unemployment_rate,65,industrial_production_yoy,Industrial Production (YoY),Growth,0,55,0.383265,0.383265,low_correlation,2026-04-25T22:25:54.019571+00:00
3787,UK,GBP,UNEMPLOYMENT,unemployment_rate,65,industrial_production_yoy,Industrial Production (YoY),Growth,2,72,0.338777,0.338777,low_correlation,2026-04-25T22:25:54.019571+00:00
3788,UK,GBP,UNEMPLOYMENT,unemployment_rate,65,industrial_production_yoy,Industrial Production (YoY),Growth,1,73,0.332788,0.332788,low_correlation,2026-04-25T22:25:54.019571+00:00
3789,UK,GBP,UNEMPLOYMENT,unemployment_rate,65,industrial_production_yoy,Industrial Production (YoY),Growth,3,71,0.279871,0.279871,low_correlation,2026-04-25T22:25:54.019571+00:00
3790,UK,GBP,UNEMPLOYMENT,unemployment_rate,65,industrial_production_yoy,Industrial Production (YoY),Growth,4,70,0.179915,0.179915,low_correlation,2026-04-25T22:25:54.019571+00:00
3791,UK,GBP,UNEMPLOYMENT,unemployment_rate,65,industrial_production_yoy,Industrial Production (YoY),Growth,5,69,0.092797,0.092797,low_correlation,2026-04-25T22:25:54.019571+00:00
3792,UK,GBP,UNEMPLOYMENT,unemployment_rate,65,industrial_production_yoy,Industrial Production (YoY),Growth,6,68,0.023065,0.023065,low_correlation,2026-04-25T22:25:54.019571+00:00
3793,UK,GBP,UNEMPLOYMENT,unemployment_rate,68,nationwide_hpi_yoy,Nationwide House Prices (YoY),Growth,6,66,-0.050874,0.050874,low_correlation,2026-04-25T22:25:54.019571+00:00
3794,UK,GBP,UNEMPLOYMENT,unemployment_rate,68,nationwide_hpi_yoy,Nationwide House Prices (YoY),Growth,0,72,0.028121,0.028121,low_correlation,2026-04-25T22:25:54.019571+00:00
3795,UK,GBP,UNEMPLOYMENT,unemployment_rate,68,nationwide_hpi_yoy,Nationwide House Prices (YoY),Growth,4,68,0.025415,0.025415,low_correlation,2026-04-25T22:25:54.019571+00:00
3796,UK,GBP,UNEMPLOYMENT,unemployment_rate,68,nationwide_hpi_yoy,Nationwide House Prices (YoY),Growth,3,69,0.024125,0.024125,low_correlation,2026-04-25T22:25:54.019571+00:00
3797,UK,GBP,UNEMPLOYMENT,unemployment_rate,68,nationwide_hpi_yoy,Nationwide House Prices (YoY),Growth,5,67,-0.018960,0.018960,low_correlation,2026-04-25T22:25:54.019571+00:00
3798,UK,GBP,UNEMPLOYMENT,unemployment_rate,68,nationwide_hpi_yoy,Nationwide House Prices (YoY),Growth,2,70,-0.007127,0.007127,low_correlation,2026-04-25T22:25:54.019571+00:00
3799,UK,GBP,UNEMPLOYMENT,unemployment_rate,68,nationwide_hpi_yoy,Nationwide House Prices (YoY),Growth,1,71,0.002197,0.002197,low_correlation,2026-04-25T22:25:54.019571+00:00
3800,UK,GBP,UNEMPLOYMENT,unemployment_rate,70,hmrc_payrolls_change,HMRC Payrolls Change,Labor,4,34,0.189006,0.189006,low_correlation,2026-04-25T22:25:54.019571+00:00
3801,UK,GBP,UNEMPLOYMENT,unemployment_rate,70,hmrc_payrolls_change,HMRC Payrolls Change,Labor,0,38,0.133262,0.133262,low_correlation,2026-04-25T22:25:54.019571+00:00
3802,UK,GBP,UNEMPLOYMENT,unemployment_rate,70,hmrc_payrolls_change,HMRC Payrolls Change,Labor,3,35,0.102476,0.102476,low_correlation,2026-04-25T22:25:54.019571+00:00
3803,UK,GBP,UNEMPLOYMENT,unemployment_rate,70,hmrc_payrolls_change,HMRC Payrolls Change,Labor,5,33,0.100176,0.100176,low_correlation,2026-04-25T22:25:54.019571+00:00
3804,UK,GBP,UNEMPLOYMENT,unemployment_rate,70,hmrc_payrolls_change,HMRC Payrolls Change,Labor,1,37,0.038820,0.038820,low_correlation,2026-04-25T22:25:54.019571+00:00
3805,UK,GBP,UNEMPLOYMENT,unemployment_rate,70,hmrc_payrolls_change,HMRC Payrolls Change,Labor,2,36,0.024947,0.024947,low_correlation,2026-04-25T22:25:54.019571+00:00
3806,UK,GBP,UNEMPLOYMENT,unemployment_rate,70,hmrc_payrolls_change,HMRC Payrolls Change,Labor,6,32,0.011660,0.011660,low_correlation,2026-04-25T22:25:54.019571+00:00
3807,UK,GBP,UNEMPLOYMENT,unemployment_rate,80,house_price_index_yoy,House Price Index (YoY),Growth,4,85,0.128139,0.128139,low_correlation,2026-04-25T22:25:54.019571+00:00
3808,UK,GBP,UNEMPLOYMENT,unemployment_rate,80,house_price_index_yoy,House Price Index (YoY),Growth,3,87,0.122656,0.122656,low_correlation,2026-04-25T22:25:54.019571+00:00
3809,UK,GBP,UNEMPLOYMENT,unemployment_rate,80,house_price_index_yoy,House Price Index (YoY),Growth,2,88,0.103074,0.103074,low_correlation,2026-04-25T22:25:54.019571+00:00
3810,UK,GBP,UNEMPLOYMENT,unemployment_rate,80,house_price_index_yoy,House Price Index (YoY),Growth,1,88,0.084343,0.084343,low_correlation,2026-04-25T22:25:54.019571+00:00
3811,UK,GBP,UNEMPLOYMENT,unemployment_rate,80,house_price_index_yoy,House Price Index (YoY),Growth,5,83,0.064446,0.064446,low_correlation,2026-04-25T22:25:54.019571+00:00
3812,UK,GBP,UNEMPLOYMENT,unemployment_rate,80,house_price_index_yoy,House Price Index (YoY),Growth,0,88,0.060285,0.060285,low_correlation,2026-04-25T22:25:54.019571+00:00
3813,UK,GBP,UNEMPLOYMENT,unemployment_rate,80,house_price_index_yoy,House Price Index (YoY),Growth,6,81,-0.040789,0.040789,low_correlation,2026-04-25T22:25:54.019571+00:00
3814,UK,GBP,UNEMPLOYMENT,unemployment_rate,81,public_sector_net_borrowing,Public Sector Net Borrowing,Growth,6,66,-0.227526,0.227526,low_correlation,2026-04-25T22:25:54.019571+00:00
3815,UK,GBP,UNEMPLOYMENT,unemployment_rate,81,public_sector_net_borrowing,Public Sector Net Borrowing,Growth,5,66,-0.155260,0.155260,low_correlation,2026-04-25T22:25:54.019571+00:00
3816,UK,GBP,UNEMPLOYMENT,unemployment_rate,81,public_sector_net_borrowing,Public Sector Net Borrowing,Growth,4,66,-0.058987,0.058987,low_correlation,2026-04-25T22:25:54.019571+00:00
3817,UK,GBP,UNEMPLOYMENT,unemployment_rate,81,public_sector_net_borrowing,Public Sector Net Borrowing,Growth,1,68,-0.014362,0.014362,low_correlation,2026-04-25T22:25:54.019571+00:00
3818,UK,GBP,UNEMPLOYMENT,unemployment_rate,81,public_sector_net_borrowing,Public Sector Net Borrowing,Growth,0,68,-0.010246,0.010246,low_correlation,2026-04-25T22:25:54.019571+00:00
3819,UK,GBP,UNEMPLOYMENT,unemployment_rate,81,public_sector_net_borrowing,Public Sector Net Borrowing,Growth,2,67,-0.009943,0.009943,low_correlation,2026-04-25T22:25:54.019571+00:00
3820,UK,GBP,UNEMPLOYMENT,unemployment_rate,81,public_sector_net_borrowing,Public Sector Net Borrowing,Growth,3,66,-0.008915,0.008915,low_correlation,2026-04-25T22:25:54.019571+00:00
3821,UK,GBP,UNEMPLOYMENT,unemployment_rate,82,cbi_business_optimism,CBI Business Optimism Index,Growth,1,22,0.248923,0.248923,low_sample_and_low_correlation,2026-04-25T22:25:54.019571+00:00
3822,UK,GBP,UNEMPLOYMENT,unemployment_rate,82,cbi_business_optimism,CBI Business Optimism Index,Growth,0,22,0.233860,0.233860,low_sample_and_low_correlation,2026-04-25T22:25:54.019571+00:00
3823,UK,GBP,UNEMPLOYMENT,unemployment_rate,82,cbi_business_optimism,CBI Business Optimism Index,Growth,2,21,0.111335,0.111335,low_sample_and_low_correlation,2026-04-25T22:25:54.019571+00:00
3824,UK,GBP,UNEMPLOYMENT,unemployment_rate,82,cbi_business_optimism,CBI Business Optimism Index,Growth,6,20,-0.095377,0.095377,low_sample_and_low_correlation,2026-04-25T22:25:54.019571+00:00
3825,UK,GBP,UNEMPLOYMENT,unemployment_rate,82,cbi_business_optimism,CBI Business Optimism Index,Growth,5,20,-0.071475,0.071475,low_sample_and_low_correlation,2026-04-25T22:25:54.019571+00:00
3826,UK,GBP,UNEMPLOYMENT,unemployment_rate,82,cbi_business_optimism,CBI Business Optimism Index,Growth,3,21,0.065881,0.065881,low_sample_and_low_correlation,2026-04-25T22:25:54.019571+00:00
3827,UK,GBP,UNEMPLOYMENT,unemployment_rate,82,cbi_business_optimism,CBI Business Optimism Index,Growth,4,21,0.006884,0.006884,low_sample_and_low_correlation,2026-04-25T22:25:54.019571+00:00
3828,UK,GBP,UNEMPLOYMENT,unemployment_rate,83,cbi_industrial_trends_orders,CBI Industrial Trends Orders,Growth,1,71,0.417993,0.417993,not_best_lag,2026-04-25T22:25:54.019571+00:00
3829,UK,GBP,UNEMPLOYMENT,unemployment_rate,83,cbi_industrial_trends_orders,CBI Industrial Trends Orders,Growth,2,70,0.347632,0.347632,low_correlation,2026-04-25T22:25:54.019571+00:00
3830,UK,GBP,UNEMPLOYMENT,unemployment_rate,83,cbi_industrial_trends_orders,CBI Industrial Trends Orders,Growth,3,69,0.290864,0.290864,low_correlation,2026-04-25T22:25:54.019571+00:00
3831,UK,GBP,UNEMPLOYMENT,unemployment_rate,83,cbi_industrial_trends_orders,CBI Industrial Trends Orders,Growth,4,68,0.159782,0.159782,low_correlation,2026-04-25T22:25:54.019571+00:00
3832,UK,GBP,UNEMPLOYMENT,unemployment_rate,83,cbi_industrial_trends_orders,CBI Industrial Trends Orders,Growth,6,66,-0.061187,0.061187,low_correlation,2026-04-25T22:25:54.019571+00:00
3833,UK,GBP,UNEMPLOYMENT,unemployment_rate,83,cbi_industrial_trends_orders,CBI Industrial Trends Orders,Growth,5,67,0.049748,0.049748,low_correlation,2026-04-25T22:25:54.019571+00:00
3834,UK,GBP,UNEMPLOYMENT,unemployment_rate,84,consumer_confidence,Consumer Confidence,Growth,3,71,0.267193,0.267193,low_correlation,2026-04-25T22:25:54.019571+00:00
3835,UK,GBP,UNEMPLOYMENT,unemployment_rate,84,consumer_confidence,Consumer Confidence,Growth,2,72,0.256250,0.256250,low_correlation,2026-04-25T22:25:54.019571+00:00
3836,UK,GBP,UNEMPLOYMENT,unemployment_rate,84,consumer_confidence,Consumer Confidence,Growth,1,73,0.245073,0.245073,low_correlation,2026-04-25T22:25:54.019571+00:00
3837,UK,GBP,UNEMPLOYMENT,unemployment_rate,84,consumer_confidence,Consumer Confidence,Growth,0,74,0.227849,0.227849,low_correlation,2026-04-25T22:25:54.019571+00:00
3838,UK,GBP,UNEMPLOYMENT,unemployment_rate,84,consumer_confidence,Consumer Confidence,Growth,4,70,0.220290,0.220290,low_correlation,2026-04-25T22:25:54.019571+00:00
3839,UK,GBP,UNEMPLOYMENT,unemployment_rate,84,consumer_confidence,Consumer Confidence,Growth,5,69,0.118459,0.118459,low_correlation,2026-04-25T22:25:54.019571+00:00
3840,UK,GBP,UNEMPLOYMENT,unemployment_rate,84,consumer_confidence,Consumer Confidence,Growth,6,68,0.008844,0.008844,low_correlation,2026-04-25T22:25:54.019571+00:00
3841,UK,GBP,UNEMPLOYMENT,unemployment_rate,85,retail_sales_yoy,Retail Sales (YoY),Growth,6,65,-0.132161,0.132161,low_correlation,2026-04-25T22:25:54.019571+00:00
3842,UK,GBP,UNEMPLOYMENT,unemployment_rate,85,retail_sales_yoy,Retail Sales (YoY),Growth,2,69,0.124112,0.124112,low_correlation,2026-04-25T22:25:54.019571+00:00
3843,UK,GBP,UNEMPLOYMENT,unemployment_rate,85,retail_sales_yoy,Retail Sales (YoY),Growth,3,68,0.123215,0.123215,low_correlation,2026-04-25T22:25:54.019571+00:00
3844,UK,GBP,UNEMPLOYMENT,unemployment_rate,85,retail_sales_yoy,Retail Sales (YoY),Growth,1,70,0.122566,0.122566,low_correlation,2026-04-25T22:25:54.019571+00:00
3845,UK,GBP,UNEMPLOYMENT,unemployment_rate,85,retail_sales_yoy,Retail Sales (YoY),Growth,0,71,0.113772,0.113772,low_correlation,2026-04-25T22:25:54.019571+00:00
3846,UK,GBP,UNEMPLOYMENT,unemployment_rate,85,retail_sales_yoy,Retail Sales (YoY),Growth,4,67,0.066396,0.066396,low_correlation,2026-04-25T22:25:54.019571+00:00
3847,UK,GBP,UNEMPLOYMENT,unemployment_rate,85,retail_sales_yoy,Retail Sales (YoY),Growth,5,66,-0.045343,0.045343,low_correlation,2026-04-25T22:25:54.019571+00:00
3848,UK,GBP,UNEMPLOYMENT,unemployment_rate,86,retail_sales_ex_fuel_mom,Retail Sales Ex Fuel (MoM),Growth,6,67,-0.108520,0.108520,low_correlation,2026-04-25T22:25:54.019571+00:00
3849,UK,GBP,UNEMPLOYMENT,unemployment_rate,86,retail_sales_ex_fuel_mom,Retail Sales Ex Fuel (MoM),Growth,5,68,-0.077475,0.077475,low_correlation,2026-04-25T22:25:54.019571+00:00
3850,UK,GBP,UNEMPLOYMENT,unemployment_rate,86,retail_sales_ex_fuel_mom,Retail Sales Ex Fuel (MoM),Growth,4,69,-0.033623,0.033623,low_correlation,2026-04-25T22:25:54.019571+00:00
3851,UK,GBP,UNEMPLOYMENT,unemployment_rate,86,retail_sales_ex_fuel_mom,Retail Sales Ex Fuel (MoM),Growth,0,73,-0.027153,0.027153,low_correlation,2026-04-25T22:25:54.019571+00:00
3852,UK,GBP,UNEMPLOYMENT,unemployment_rate,86,retail_sales_ex_fuel_mom,Retail Sales Ex Fuel (MoM),Growth,3,70,0.014938,0.014938,low_correlation,2026-04-25T22:25:54.019571+00:00
3853,UK,GBP,UNEMPLOYMENT,unemployment_rate,86,retail_sales_ex_fuel_mom,Retail Sales Ex Fuel (MoM),Growth,2,71,-0.008394,0.008394,low_correlation,2026-04-25T22:25:54.019571+00:00
3854,UK,GBP,UNEMPLOYMENT,unemployment_rate,86,retail_sales_ex_fuel_mom,Retail Sales Ex Fuel (MoM),Growth,1,72,-0.008067,0.008067,low_correlation,2026-04-25T22:25:54.019571+00:00
3855,UK,GBP,UNEMPLOYMENT,unemployment_rate,87,retail_sales_ex_fuel_yoy,Retail Sales Ex Fuel (YoY),Growth,1,72,0.142326,0.142326,low_correlation,2026-04-25T22:25:54.019571+00:00
3856,UK,GBP,UNEMPLOYMENT,unemployment_rate,87,retail_sales_ex_fuel_yoy,Retail Sales Ex Fuel (YoY),Growth,2,71,0.141018,0.141018,low_correlation,2026-04-25T22:25:54.019571+00:00
3857,UK,GBP,UNEMPLOYMENT,unemployment_rate,87,retail_sales_ex_fuel_yoy,Retail Sales Ex Fuel (YoY),Growth,3,70,0.134626,0.134626,low_correlation,2026-04-25T22:25:54.019571+00:00
3858,UK,GBP,UNEMPLOYMENT,unemployment_rate,87,retail_sales_ex_fuel_yoy,Retail Sales Ex Fuel (YoY),Growth,6,67,-0.119096,0.119096,low_correlation,2026-04-25T22:25:54.019571+00:00
3859,UK,GBP,UNEMPLOYMENT,unemployment_rate,87,retail_sales_ex_fuel_yoy,Retail Sales Ex Fuel (YoY),Growth,0,73,0.107093,0.107093,low_correlation,2026-04-25T22:25:54.019571+00:00
3860,UK,GBP,UNEMPLOYMENT,unemployment_rate,87,retail_sales_ex_fuel_yoy,Retail Sales Ex Fuel (YoY),Growth,4,69,0.067710,0.067710,low_correlation,2026-04-25T22:25:54.019571+00:00
3861,UK,GBP,UNEMPLOYMENT,unemployment_rate,87,retail_sales_ex_fuel_yoy,Retail Sales Ex Fuel (YoY),Growth,5,68,-0.035566,0.035566,low_correlation,2026-04-25T22:25:54.019571+00:00
3862,UK,GBP,UNEMPLOYMENT,unemployment_rate,185,niesr_monthly_gdp_tracker,NIESR Monthly GDP Tracker,Growth,1,80,0.165370,0.165370,low_correlation,2026-04-25T22:25:54.019571+00:00
3863,UK,GBP,UNEMPLOYMENT,unemployment_rate,185,niesr_monthly_gdp_tracker,NIESR Monthly GDP Tracker,Growth,2,80,0.158747,0.158747,low_correlation,2026-04-25T22:25:54.019571+00:00
3864,UK,GBP,UNEMPLOYMENT,unemployment_rate,185,niesr_monthly_gdp_tracker,NIESR Monthly GDP Tracker,Growth,0,69,0.154812,0.154812,low_correlation,2026-04-25T22:25:54.019571+00:00
3865,UK,GBP,UNEMPLOYMENT,unemployment_rate,185,niesr_monthly_gdp_tracker,NIESR Monthly GDP Tracker,Growth,3,79,0.135910,0.135910,low_correlation,2026-04-25T22:25:54.019571+00:00
3866,UK,GBP,UNEMPLOYMENT,unemployment_rate,185,niesr_monthly_gdp_tracker,NIESR Monthly GDP Tracker,Growth,6,74,0.101683,0.101683,low_correlation,2026-04-25T22:25:54.019571+00:00
3867,UK,GBP,UNEMPLOYMENT,unemployment_rate,185,niesr_monthly_gdp_tracker,NIESR Monthly GDP Tracker,Growth,4,77,0.098229,0.098229,low_correlation,2026-04-25T22:25:54.019571+00:00
3868,UK,GBP,UNEMPLOYMENT,unemployment_rate,185,niesr_monthly_gdp_tracker,NIESR Monthly GDP Tracker,Growth,5,76,0.077622,0.077622,low_correlation,2026-04-25T22:25:54.019571+00:00
3869,UK,GBP,UNEMPLOYMENT,unemployment_rate,186,house_price_index_mom,House Price Index (MoM),Growth,4,74,0.150072,0.150072,low_correlation,2026-04-25T22:25:54.019571+00:00
3870,UK,GBP,UNEMPLOYMENT,unemployment_rate,186,house_price_index_mom,House Price Index (MoM),Growth,5,72,0.124534,0.124534,low_correlation,2026-04-25T22:25:54.019571+00:00
3871,UK,GBP,UNEMPLOYMENT,unemployment_rate,186,house_price_index_mom,House Price Index (MoM),Growth,3,75,0.056885,0.056885,low_correlation,2026-04-25T22:25:54.019571+00:00
3872,UK,GBP,UNEMPLOYMENT,unemployment_rate,186,house_price_index_mom,House Price Index (MoM),Growth,6,70,0.055539,0.055539,low_correlation,2026-04-25T22:25:54.019571+00:00
3873,UK,GBP,UNEMPLOYMENT,unemployment_rate,186,house_price_index_mom,House Price Index (MoM),Growth,0,75,-0.052063,0.052063,low_correlation,2026-04-25T22:25:54.019571+00:00
3874,UK,GBP,UNEMPLOYMENT,unemployment_rate,186,house_price_index_mom,House Price Index (MoM),Growth,1,75,-0.022899,0.022899,low_correlation,2026-04-25T22:25:54.019571+00:00
3875,UK,GBP,UNEMPLOYMENT,unemployment_rate,186,house_price_index_mom,House Price Index (MoM),Growth,2,75,-0.000852,0.000852,low_correlation,2026-04-25T22:25:54.019571+00:00
3876,US,USD,CPI,cpi_headline_yoy,17,core_cpi_yoy,Core CPI (YoY),Inflation,2,22,0.594595,0.594595,low_sample,2026-04-25T22:25:54.019571+00:00
3877,US,USD,CPI,cpi_headline_yoy,17,core_cpi_yoy,Core CPI (YoY),Inflation,6,37,0.392296,0.392296,low_correlation,2026-04-25T22:25:54.019571+00:00
3878,US,USD,CPI,cpi_headline_yoy,17,core_cpi_yoy,Core CPI (YoY),Inflation,4,22,0.383051,0.383051,low_sample_and_low_correlation,2026-04-25T22:25:54.019571+00:00
3879,US,USD,CPI,cpi_headline_yoy,17,core_cpi_yoy,Core CPI (YoY),Inflation,1,33,0.336915,0.336915,low_correlation,2026-04-25T22:25:54.019571+00:00
3880,US,USD,CPI,cpi_headline_yoy,17,core_cpi_yoy,Core CPI (YoY),Inflation,5,28,0.301931,0.301931,low_correlation,2026-04-25T22:25:54.019571+00:00
3881,US,USD,CPI,cpi_headline_yoy,17,core_cpi_yoy,Core CPI (YoY),Inflation,0,43,0.226606,0.226606,low_correlation,2026-04-25T22:25:54.019571+00:00
3882,US,USD,CPI,cpi_headline_yoy,17,core_cpi_yoy,Core CPI (YoY),Inflation,3,16,-0.077970,0.077970,low_sample_and_low_correlation,2026-04-25T22:25:54.019571+00:00
3883,US,USD,CPI,cpi_headline_yoy,18,core_cpi_mom,Core CPI (MoM),Inflation,3,15,-0.344290,0.344290,low_sample_and_low_correlation,2026-04-25T22:25:54.019571+00:00
3884,US,USD,CPI,cpi_headline_yoy,18,core_cpi_mom,Core CPI (MoM),Inflation,2,20,-0.211866,0.211866,low_sample_and_low_correlation,2026-04-25T22:25:54.019571+00:00
3885,US,USD,CPI,cpi_headline_yoy,18,core_cpi_mom,Core CPI (MoM),Inflation,5,27,0.097364,0.097364,low_correlation,2026-04-25T22:25:54.019571+00:00
3886,US,USD,CPI,cpi_headline_yoy,18,core_cpi_mom,Core CPI (MoM),Inflation,6,36,0.075299,0.075299,low_correlation,2026-04-25T22:25:54.019571+00:00
3887,US,USD,CPI,cpi_headline_yoy,18,core_cpi_mom,Core CPI (MoM),Inflation,4,20,0.053466,0.053466,low_sample_and_low_correlation,2026-04-25T22:25:54.019571+00:00
3888,US,USD,CPI,cpi_headline_yoy,18,core_cpi_mom,Core CPI (MoM),Inflation,0,41,-0.045229,0.045229,low_correlation,2026-04-25T22:25:54.019571+00:00
3889,US,USD,CPI,cpi_headline_yoy,18,core_cpi_mom,Core CPI (MoM),Inflation,1,30,0.026215,0.026215,low_correlation,2026-04-25T22:25:54.019571+00:00
3890,US,USD,CPI,cpi_headline_yoy,20,cpi_headline_mom,Headline CPI (MoM),Inflation,3,17,-0.374676,0.374676,low_sample_and_low_correlation,2026-04-25T22:25:54.019571+00:00
3891,US,USD,CPI,cpi_headline_yoy,20,cpi_headline_mom,Headline CPI (MoM),Inflation,6,34,0.229146,0.229146,low_correlation,2026-04-25T22:25:54.019571+00:00
3892,US,USD,CPI,cpi_headline_yoy,20,cpi_headline_mom,Headline CPI (MoM),Inflation,4,20,0.099400,0.099400,low_sample_and_low_correlation,2026-04-25T22:25:54.019571+00:00
3893,US,USD,CPI,cpi_headline_yoy,20,cpi_headline_mom,Headline CPI (MoM),Inflation,5,26,0.098524,0.098524,low_correlation,2026-04-25T22:25:54.019571+00:00
3894,US,USD,CPI,cpi_headline_yoy,20,cpi_headline_mom,Headline CPI (MoM),Inflation,2,21,0.079292,0.079292,low_sample_and_low_correlation,2026-04-25T22:25:54.019571+00:00
3895,US,USD,CPI,cpi_headline_yoy,20,cpi_headline_mom,Headline CPI (MoM),Inflation,0,44,-0.059441,0.059441,low_correlation,2026-04-25T22:25:54.019571+00:00
3896,US,USD,CPI,cpi_headline_yoy,20,cpi_headline_mom,Headline CPI (MoM),Inflation,1,31,0.057117,0.057117,low_correlation,2026-04-25T22:25:54.019571+00:00
3897,US,USD,CPI,cpi_headline_yoy,21,ppi_yoy,PPI (YoY),Inflation,3,18,0.518750,0.518750,low_sample,2026-04-25T22:25:54.019571+00:00
3898,US,USD,CPI,cpi_headline_yoy,21,ppi_yoy,PPI (YoY),Inflation,6,37,0.428502,0.428502,not_best_lag,2026-04-25T22:25:54.019571+00:00
3899,US,USD,CPI,cpi_headline_yoy,21,ppi_yoy,PPI (YoY),Inflation,5,30,0.319975,0.319975,low_correlation,2026-04-25T22:25:54.019571+00:00
3900,US,USD,CPI,cpi_headline_yoy,21,ppi_yoy,PPI (YoY),Inflation,4,23,0.283133,0.283133,low_sample_and_low_correlation,2026-04-25T22:25:54.019571+00:00
3901,US,USD,CPI,cpi_headline_yoy,21,ppi_yoy,PPI (YoY),Inflation,2,22,0.175998,0.175998,low_sample_and_low_correlation,2026-04-25T22:25:54.019571+00:00
3902,US,USD,CPI,cpi_headline_yoy,21,ppi_yoy,PPI (YoY),Inflation,1,31,0.146111,0.146111,low_correlation,2026-04-25T22:25:54.019571+00:00
3903,US,USD,CPI,cpi_headline_yoy,22,core_ppi_yoy,Core PPI (YoY),Inflation,3,18,0.493850,0.493850,low_sample,2026-04-25T22:25:54.019571+00:00
3904,US,USD,CPI,cpi_headline_yoy,22,core_ppi_yoy,Core PPI (YoY),Inflation,6,36,0.429384,0.429384,not_best_lag,2026-04-25T22:25:54.019571+00:00
3905,US,USD,CPI,cpi_headline_yoy,22,core_ppi_yoy,Core PPI (YoY),Inflation,5,29,0.266294,0.266294,low_correlation,2026-04-25T22:25:54.019571+00:00
3906,US,USD,CPI,cpi_headline_yoy,22,core_ppi_yoy,Core PPI (YoY),Inflation,2,22,0.221439,0.221439,low_sample_and_low_correlation,2026-04-25T22:25:54.019571+00:00
3907,US,USD,CPI,cpi_headline_yoy,22,core_ppi_yoy,Core PPI (YoY),Inflation,4,22,0.179608,0.179608,low_sample_and_low_correlation,2026-04-25T22:25:54.019571+00:00
3908,US,USD,CPI,cpi_headline_yoy,22,core_ppi_yoy,Core PPI (YoY),Inflation,1,30,0.016040,0.016040,low_correlation,2026-04-25T22:25:54.019571+00:00
3909,US,USD,CPI,cpi_headline_yoy,24,umich_inflation_exp_5y,UMich 5Y Inflation Expectations,Inflation,5,70,0.065417,0.065417,low_correlation,2026-04-25T22:25:54.019571+00:00
3910,US,USD,CPI,cpi_headline_yoy,24,umich_inflation_exp_5y,UMich 5Y Inflation Expectations,Inflation,6,64,0.062522,0.062522,low_correlation,2026-04-25T22:25:54.019571+00:00
3911,US,USD,CPI,cpi_headline_yoy,24,umich_inflation_exp_5y,UMich 5Y Inflation Expectations,Inflation,2,40,-0.053842,0.053842,low_correlation,2026-04-25T22:25:54.019571+00:00
3912,US,USD,CPI,cpi_headline_yoy,24,umich_inflation_exp_5y,UMich 5Y Inflation Expectations,Inflation,4,57,0.046980,0.046980,low_correlation,2026-04-25T22:25:54.019571+00:00
3913,US,USD,CPI,cpi_headline_yoy,24,umich_inflation_exp_5y,UMich 5Y Inflation Expectations,Inflation,0,68,-0.044052,0.044052,low_correlation,2026-04-25T22:25:54.019571+00:00
3914,US,USD,CPI,cpi_headline_yoy,24,umich_inflation_exp_5y,UMich 5Y Inflation Expectations,Inflation,3,43,0.023056,0.023056,low_correlation,2026-04-25T22:25:54.019571+00:00
3915,US,USD,CPI,cpi_headline_yoy,24,umich_inflation_exp_5y,UMich 5Y Inflation Expectations,Inflation,1,54,0.022559,0.022559,low_correlation,2026-04-25T22:25:54.019571+00:00
3916,US,USD,CPI,cpi_headline_yoy,25,import_prices_yoy,Import Prices (YoY),Inflation,5,27,0.253907,0.253907,low_correlation,2026-04-25T22:25:54.019571+00:00
3917,US,USD,CPI,cpi_headline_yoy,25,import_prices_yoy,Import Prices (YoY),Inflation,4,21,0.219257,0.219257,low_sample_and_low_correlation,2026-04-25T22:25:54.019571+00:00
3918,US,USD,CPI,cpi_headline_yoy,25,import_prices_yoy,Import Prices (YoY),Inflation,6,37,0.204809,0.204809,low_correlation,2026-04-25T22:25:54.019571+00:00
3919,US,USD,CPI,cpi_headline_yoy,25,import_prices_yoy,Import Prices (YoY),Inflation,2,23,-0.203252,0.203252,low_sample_and_low_correlation,2026-04-25T22:25:54.019571+00:00
3920,US,USD,CPI,cpi_headline_yoy,25,import_prices_yoy,Import Prices (YoY),Inflation,3,14,0.199408,0.199408,low_sample_and_low_correlation,2026-04-25T22:25:54.019571+00:00
3921,US,USD,CPI,cpi_headline_yoy,25,import_prices_yoy,Import Prices (YoY),Inflation,1,30,-0.182716,0.182716,low_correlation,2026-04-25T22:25:54.019571+00:00
3922,US,USD,CPI,cpi_headline_yoy,26,nfp,Non-Farm Payrolls,Labor,1,33,0.304257,0.304257,low_correlation,2026-04-25T22:25:54.019571+00:00
3923,US,USD,CPI,cpi_headline_yoy,26,nfp,Non-Farm Payrolls,Labor,4,21,0.266589,0.266589,low_sample_and_low_correlation,2026-04-25T22:25:54.019571+00:00
3924,US,USD,CPI,cpi_headline_yoy,26,nfp,Non-Farm Payrolls,Labor,5,29,0.243900,0.243900,low_correlation,2026-04-25T22:25:54.019571+00:00
3925,US,USD,CPI,cpi_headline_yoy,26,nfp,Non-Farm Payrolls,Labor,6,35,0.243205,0.243205,low_correlation,2026-04-25T22:25:54.019571+00:00
3926,US,USD,CPI,cpi_headline_yoy,26,nfp,Non-Farm Payrolls,Labor,0,43,0.203813,0.203813,low_correlation,2026-04-25T22:25:54.019571+00:00
3927,US,USD,CPI,cpi_headline_yoy,26,nfp,Non-Farm Payrolls,Labor,3,15,-0.088113,0.088113,low_sample_and_low_correlation,2026-04-25T22:25:54.019571+00:00
3928,US,USD,CPI,cpi_headline_yoy,26,nfp,Non-Farm Payrolls,Labor,2,22,-0.016165,0.016165,low_sample_and_low_correlation,2026-04-25T22:25:54.019571+00:00
3929,US,USD,CPI,cpi_headline_yoy,27,unemployment_rate,Unemployment Rate,Labor,2,21,-0.653378,0.653378,low_sample,2026-04-25T22:25:54.019571+00:00
3930,US,USD,CPI,cpi_headline_yoy,27,unemployment_rate,Unemployment Rate,Labor,6,37,-0.534621,0.534621,not_best_lag,2026-04-25T22:25:54.019571+00:00
3931,US,USD,CPI,cpi_headline_yoy,27,unemployment_rate,Unemployment Rate,Labor,1,32,-0.523980,0.523980,not_best_lag,2026-04-25T22:25:54.019571+00:00
3932,US,USD,CPI,cpi_headline_yoy,27,unemployment_rate,Unemployment Rate,Labor,5,28,-0.492727,0.492727,not_best_lag,2026-04-25T22:25:54.019571+00:00
3933,US,USD,CPI,cpi_headline_yoy,27,unemployment_rate,Unemployment Rate,Labor,4,22,-0.464749,0.464749,low_sample,2026-04-25T22:25:54.019571+00:00
3934,US,USD,CPI,cpi_headline_yoy,27,unemployment_rate,Unemployment Rate,Labor,0,43,-0.419522,0.419522,not_best_lag,2026-04-25T22:25:54.019571+00:00
3935,US,USD,CPI,cpi_headline_yoy,27,unemployment_rate,Unemployment Rate,Labor,3,15,-0.111728,0.111728,low_sample_and_low_correlation,2026-04-25T22:25:54.019571+00:00
3936,US,USD,CPI,cpi_headline_yoy,28,avg_hourly_earnings_yoy,Average Hourly Earnings (YoY),Inflation,2,22,0.324387,0.324387,low_sample_and_low_correlation,2026-04-25T22:25:54.019571+00:00
3937,US,USD,CPI,cpi_headline_yoy,28,avg_hourly_earnings_yoy,Average Hourly Earnings (YoY),Inflation,1,32,-0.287686,0.287686,low_correlation,2026-04-25T22:25:54.019571+00:00
3938,US,USD,CPI,cpi_headline_yoy,28,avg_hourly_earnings_yoy,Average Hourly Earnings (YoY),Inflation,4,21,-0.235628,0.235628,low_sample_and_low_correlation,2026-04-25T22:25:54.019571+00:00
3939,US,USD,CPI,cpi_headline_yoy,28,avg_hourly_earnings_yoy,Average Hourly Earnings (YoY),Inflation,0,42,-0.224621,0.224621,low_correlation,2026-04-25T22:25:54.019571+00:00
3940,US,USD,CPI,cpi_headline_yoy,28,avg_hourly_earnings_yoy,Average Hourly Earnings (YoY),Inflation,6,34,-0.207427,0.207427,low_correlation,2026-04-25T22:25:54.019571+00:00
3941,US,USD,CPI,cpi_headline_yoy,28,avg_hourly_earnings_yoy,Average Hourly Earnings (YoY),Inflation,5,29,-0.202583,0.202583,low_correlation,2026-04-25T22:25:54.019571+00:00
3942,US,USD,CPI,cpi_headline_yoy,28,avg_hourly_earnings_yoy,Average Hourly Earnings (YoY),Inflation,3,15,-0.089977,0.089977,low_sample_and_low_correlation,2026-04-25T22:25:54.019571+00:00
3943,US,USD,CPI,cpi_headline_yoy,29,avg_hourly_earnings_mom,Average Hourly Earnings (MoM),Inflation,3,15,0.367594,0.367594,low_sample_and_low_correlation,2026-04-25T22:25:54.019571+00:00
3944,US,USD,CPI,cpi_headline_yoy,29,avg_hourly_earnings_mom,Average Hourly Earnings (MoM),Inflation,1,32,-0.304431,0.304431,low_correlation,2026-04-25T22:25:54.019571+00:00
3945,US,USD,CPI,cpi_headline_yoy,29,avg_hourly_earnings_mom,Average Hourly Earnings (MoM),Inflation,4,22,-0.236174,0.236174,low_sample_and_low_correlation,2026-04-25T22:25:54.019571+00:00
3946,US,USD,CPI,cpi_headline_yoy,29,avg_hourly_earnings_mom,Average Hourly Earnings (MoM),Inflation,0,43,-0.228061,0.228061,low_correlation,2026-04-25T22:25:54.019571+00:00
3947,US,USD,CPI,cpi_headline_yoy,29,avg_hourly_earnings_mom,Average Hourly Earnings (MoM),Inflation,6,37,-0.225987,0.225987,low_correlation,2026-04-25T22:25:54.019571+00:00
3948,US,USD,CPI,cpi_headline_yoy,29,avg_hourly_earnings_mom,Average Hourly Earnings (MoM),Inflation,5,28,-0.219543,0.219543,low_correlation,2026-04-25T22:25:54.019571+00:00
3949,US,USD,CPI,cpi_headline_yoy,29,avg_hourly_earnings_mom,Average Hourly Earnings (MoM),Inflation,2,21,0.080784,0.080784,low_sample_and_low_correlation,2026-04-25T22:25:54.019571+00:00
3950,US,USD,CPI,cpi_headline_yoy,30,participation_rate,Labor Force Participation Rate,Labor,2,20,0.589356,0.589356,low_sample,2026-04-25T22:25:54.019571+00:00
3951,US,USD,CPI,cpi_headline_yoy,30,participation_rate,Labor Force Participation Rate,Labor,6,35,0.579561,0.579561,not_best_lag,2026-04-25T22:25:54.019571+00:00
3952,US,USD,CPI,cpi_headline_yoy,30,participation_rate,Labor Force Participation Rate,Labor,4,20,0.571381,0.571381,low_sample,2026-04-25T22:25:54.019571+00:00
3953,US,USD,CPI,cpi_headline_yoy,30,participation_rate,Labor Force Participation Rate,Labor,5,27,0.571183,0.571183,not_best_lag,2026-04-25T22:25:54.019571+00:00
3954,US,USD,CPI,cpi_headline_yoy,30,participation_rate,Labor Force Participation Rate,Labor,1,32,0.532686,0.532686,not_best_lag,2026-04-25T22:25:54.019571+00:00
3955,US,USD,CPI,cpi_headline_yoy,30,participation_rate,Labor Force Participation Rate,Labor,0,43,0.476308,0.476308,not_best_lag,2026-04-25T22:25:54.019571+00:00
3956,US,USD,CPI,cpi_headline_yoy,30,participation_rate,Labor Force Participation Rate,Labor,3,13,0.109206,0.109206,low_sample_and_low_correlation,2026-04-25T22:25:54.019571+00:00
3957,US,USD,CPI,cpi_headline_yoy,31,u6_unemployment_rate,U-6 Underemployment Rate,Labor,5,13,-0.717447,0.717447,low_sample,2026-04-25T22:25:54.019571+00:00
3958,US,USD,CPI,cpi_headline_yoy,31,u6_unemployment_rate,U-6 Underemployment Rate,Labor,4,12,0.565578,0.565578,low_sample,2026-04-25T22:25:54.019571+00:00
3959,US,USD,CPI,cpi_headline_yoy,31,u6_unemployment_rate,U-6 Underemployment Rate,Labor,2,13,-0.481331,0.481331,low_sample,2026-04-25T22:25:54.019571+00:00
3960,US,USD,CPI,cpi_headline_yoy,31,u6_unemployment_rate,U-6 Underemployment Rate,Labor,6,13,-0.471433,0.471433,low_sample,2026-04-25T22:25:54.019571+00:00
3961,US,USD,CPI,cpi_headline_yoy,31,u6_unemployment_rate,U-6 Underemployment Rate,Labor,3,12,-0.307667,0.307667,low_sample_and_low_correlation,2026-04-25T22:25:54.019571+00:00
3962,US,USD,CPI,cpi_headline_yoy,31,u6_unemployment_rate,U-6 Underemployment Rate,Labor,1,16,-0.177379,0.177379,low_sample_and_low_correlation,2026-04-25T22:25:54.019571+00:00
3963,US,USD,CPI,cpi_headline_yoy,31,u6_unemployment_rate,U-6 Underemployment Rate,Labor,0,20,0.063382,0.063382,low_sample_and_low_correlation,2026-04-25T22:25:54.019571+00:00
3964,US,USD,CPI,cpi_headline_yoy,32,adp_employment_change,ADP Employment Change,Labor,0,43,-0.374505,0.374505,low_correlation,2026-04-25T22:25:54.019571+00:00
3965,US,USD,CPI,cpi_headline_yoy,32,adp_employment_change,ADP Employment Change,Labor,1,32,-0.303131,0.303131,low_correlation,2026-04-25T22:25:54.019571+00:00
3966,US,USD,CPI,cpi_headline_yoy,32,adp_employment_change,ADP Employment Change,Labor,5,30,-0.290565,0.290565,low_correlation,2026-04-25T22:25:54.019571+00:00
3967,US,USD,CPI,cpi_headline_yoy,32,adp_employment_change,ADP Employment Change,Labor,6,36,-0.219039,0.219039,low_correlation,2026-04-25T22:25:54.019571+00:00
3968,US,USD,CPI,cpi_headline_yoy,32,adp_employment_change,ADP Employment Change,Labor,4,23,-0.164391,0.164391,low_sample_and_low_correlation,2026-04-25T22:25:54.019571+00:00
3969,US,USD,CPI,cpi_headline_yoy,32,adp_employment_change,ADP Employment Change,Labor,3,18,0.131384,0.131384,low_sample_and_low_correlation,2026-04-25T22:25:54.019571+00:00
3970,US,USD,CPI,cpi_headline_yoy,32,adp_employment_change,ADP Employment Change,Labor,2,23,-0.058107,0.058107,low_sample_and_low_correlation,2026-04-25T22:25:54.019571+00:00
3971,US,USD,CPI,cpi_headline_yoy,33,initial_jobless_claims,Initial Jobless Claims,Labor,2,93,-0.263103,0.263103,low_correlation,2026-04-25T22:25:54.019571+00:00
3972,US,USD,CPI,cpi_headline_yoy,33,initial_jobless_claims,Initial Jobless Claims,Labor,1,132,-0.198408,0.198408,low_correlation,2026-04-25T22:25:54.019571+00:00
3973,US,USD,CPI,cpi_headline_yoy,33,initial_jobless_claims,Initial Jobless Claims,Labor,6,150,-0.186245,0.186245,low_correlation,2026-04-25T22:25:54.019571+00:00
3974,US,USD,CPI,cpi_headline_yoy,33,initial_jobless_claims,Initial Jobless Claims,Labor,5,166,-0.155089,0.155089,low_correlation,2026-04-25T22:25:54.019571+00:00
3975,US,USD,CPI,cpi_headline_yoy,33,initial_jobless_claims,Initial Jobless Claims,Labor,0,175,-0.095129,0.095129,low_correlation,2026-04-25T22:25:54.019571+00:00
3976,US,USD,CPI,cpi_headline_yoy,33,initial_jobless_claims,Initial Jobless Claims,Labor,4,133,-0.049720,0.049720,low_correlation,2026-04-25T22:25:54.019571+00:00
3977,US,USD,CPI,cpi_headline_yoy,33,initial_jobless_claims,Initial Jobless Claims,Labor,3,98,0.048083,0.048083,low_correlation,2026-04-25T22:25:54.019571+00:00
3978,US,USD,CPI,cpi_headline_yoy,34,ism_manufacturing_pmi,ISM Manufacturing PMI,Growth,2,21,-0.687482,0.687482,low_sample,2026-04-25T22:25:54.019571+00:00
3979,US,USD,CPI,cpi_headline_yoy,34,ism_manufacturing_pmi,ISM Manufacturing PMI,Growth,0,41,-0.513942,0.513942,not_best_lag,2026-04-25T22:25:54.019571+00:00
3980,US,USD,CPI,cpi_headline_yoy,34,ism_manufacturing_pmi,ISM Manufacturing PMI,Growth,1,31,-0.496940,0.496940,not_best_lag,2026-04-25T22:25:54.019571+00:00
3981,US,USD,CPI,cpi_headline_yoy,34,ism_manufacturing_pmi,ISM Manufacturing PMI,Growth,3,17,-0.358306,0.358306,low_sample_and_low_correlation,2026-04-25T22:25:54.019571+00:00
3982,US,USD,CPI,cpi_headline_yoy,34,ism_manufacturing_pmi,ISM Manufacturing PMI,Growth,6,36,-0.354668,0.354668,low_correlation,2026-04-25T22:25:54.019571+00:00
3983,US,USD,CPI,cpi_headline_yoy,34,ism_manufacturing_pmi,ISM Manufacturing PMI,Growth,5,29,-0.330788,0.330788,low_correlation,2026-04-25T22:25:54.019571+00:00
3984,US,USD,CPI,cpi_headline_yoy,34,ism_manufacturing_pmi,ISM Manufacturing PMI,Growth,4,22,-0.320094,0.320094,low_sample_and_low_correlation,2026-04-25T22:25:54.019571+00:00
3985,US,USD,CPI,cpi_headline_yoy,35,ism_manufacturing_prices,ISM Manufacturing Prices Paid,Inflation,2,21,-0.436247,0.436247,low_sample,2026-04-25T22:25:54.019571+00:00
3986,US,USD,CPI,cpi_headline_yoy,35,ism_manufacturing_prices,ISM Manufacturing Prices Paid,Inflation,1,31,-0.427218,0.427218,not_best_lag,2026-04-25T22:25:54.019571+00:00
3987,US,USD,CPI,cpi_headline_yoy,35,ism_manufacturing_prices,ISM Manufacturing Prices Paid,Inflation,3,17,-0.296314,0.296314,low_sample_and_low_correlation,2026-04-25T22:25:54.019571+00:00
3988,US,USD,CPI,cpi_headline_yoy,35,ism_manufacturing_prices,ISM Manufacturing Prices Paid,Inflation,4,22,-0.174125,0.174125,low_sample_and_low_correlation,2026-04-25T22:25:54.019571+00:00
3989,US,USD,CPI,cpi_headline_yoy,35,ism_manufacturing_prices,ISM Manufacturing Prices Paid,Inflation,6,36,-0.140749,0.140749,low_correlation,2026-04-25T22:25:54.019571+00:00
3990,US,USD,CPI,cpi_headline_yoy,35,ism_manufacturing_prices,ISM Manufacturing Prices Paid,Inflation,5,29,-0.100610,0.100610,low_correlation,2026-04-25T22:25:54.019571+00:00
3991,US,USD,CPI,cpi_headline_yoy,36,ism_manufacturing_employment,ISM Manufacturing Employment,Labor,0,41,-0.193403,0.193403,low_correlation,2026-04-25T22:25:54.019571+00:00
3992,US,USD,CPI,cpi_headline_yoy,36,ism_manufacturing_employment,ISM Manufacturing Employment,Labor,6,36,0.140372,0.140372,low_correlation,2026-04-25T22:25:54.019571+00:00
3993,US,USD,CPI,cpi_headline_yoy,36,ism_manufacturing_employment,ISM Manufacturing Employment,Labor,3,17,-0.123740,0.123740,low_sample_and_low_correlation,2026-04-25T22:25:54.019571+00:00
3994,US,USD,CPI,cpi_headline_yoy,36,ism_manufacturing_employment,ISM Manufacturing Employment,Labor,4,22,-0.120736,0.120736,low_sample_and_low_correlation,2026-04-25T22:25:54.019571+00:00
3995,US,USD,CPI,cpi_headline_yoy,36,ism_manufacturing_employment,ISM Manufacturing Employment,Labor,1,31,-0.101007,0.101007,low_correlation,2026-04-25T22:25:54.019571+00:00
3996,US,USD,CPI,cpi_headline_yoy,36,ism_manufacturing_employment,ISM Manufacturing Employment,Labor,5,29,-0.029004,0.029004,low_correlation,2026-04-25T22:25:54.019571+00:00
3997,US,USD,CPI,cpi_headline_yoy,36,ism_manufacturing_employment,ISM Manufacturing Employment,Labor,2,21,0.026397,0.026397,low_sample_and_low_correlation,2026-04-25T22:25:54.019571+00:00
3998,US,USD,CPI,cpi_headline_yoy,37,ism_manufacturing_new_orders,ISM Manufacturing New Orders,Growth,2,21,-0.558500,0.558500,low_sample,2026-04-25T22:25:54.019571+00:00
3999,US,USD,CPI,cpi_headline_yoy,37,ism_manufacturing_new_orders,ISM Manufacturing New Orders,Growth,0,41,-0.548229,0.548229,not_best_lag,2026-04-25T22:25:54.019571+00:00
4000,US,USD,CPI,cpi_headline_yoy,37,ism_manufacturing_new_orders,ISM Manufacturing New Orders,Growth,1,31,-0.530599,0.530599,not_best_lag,2026-04-25T22:25:54.019571+00:00
4001,US,USD,CPI,cpi_headline_yoy,37,ism_manufacturing_new_orders,ISM Manufacturing New Orders,Growth,5,29,-0.491663,0.491663,not_best_lag,2026-04-25T22:25:54.019571+00:00
4002,US,USD,CPI,cpi_headline_yoy,37,ism_manufacturing_new_orders,ISM Manufacturing New Orders,Growth,6,36,-0.426664,0.426664,not_best_lag,2026-04-25T22:25:54.019571+00:00
4003,US,USD,CPI,cpi_headline_yoy,37,ism_manufacturing_new_orders,ISM Manufacturing New Orders,Growth,4,22,-0.337469,0.337469,low_sample_and_low_correlation,2026-04-25T22:25:54.019571+00:00
4004,US,USD,CPI,cpi_headline_yoy,37,ism_manufacturing_new_orders,ISM Manufacturing New Orders,Growth,3,17,-0.141650,0.141650,low_sample_and_low_correlation,2026-04-25T22:25:54.019571+00:00
4005,US,USD,CPI,cpi_headline_yoy,38,sp_global_manufacturing_pmi,S&P Global Manufacturing PMI,Growth,3,23,-0.753500,0.753500,low_sample,2026-04-25T22:25:54.019571+00:00
4006,US,USD,CPI,cpi_headline_yoy,38,sp_global_manufacturing_pmi,S&P Global Manufacturing PMI,Growth,4,32,-0.612419,0.612419,not_best_lag,2026-04-25T22:25:54.019571+00:00
4007,US,USD,CPI,cpi_headline_yoy,38,sp_global_manufacturing_pmi,S&P Global Manufacturing PMI,Growth,5,39,-0.457979,0.457979,not_best_lag,2026-04-25T22:25:54.019571+00:00
4008,US,USD,CPI,cpi_headline_yoy,38,sp_global_manufacturing_pmi,S&P Global Manufacturing PMI,Growth,2,25,-0.445846,0.445846,not_best_lag,2026-04-25T22:25:54.019571+00:00
4009,US,USD,CPI,cpi_headline_yoy,38,sp_global_manufacturing_pmi,S&P Global Manufacturing PMI,Growth,6,41,-0.438144,0.438144,not_best_lag,2026-04-25T22:25:54.019571+00:00
4010,US,USD,CPI,cpi_headline_yoy,38,sp_global_manufacturing_pmi,S&P Global Manufacturing PMI,Growth,0,45,-0.383811,0.383811,low_correlation,2026-04-25T22:25:54.019571+00:00
4011,US,USD,CPI,cpi_headline_yoy,38,sp_global_manufacturing_pmi,S&P Global Manufacturing PMI,Growth,1,36,-0.158333,0.158333,low_correlation,2026-04-25T22:25:54.019571+00:00
4012,US,USD,CPI,cpi_headline_yoy,39,sp_global_services_pmi,S&P Global Services PMI,Growth,4,33,-0.368283,0.368283,low_correlation,2026-04-25T22:25:54.019571+00:00
4013,US,USD,CPI,cpi_headline_yoy,39,sp_global_services_pmi,S&P Global Services PMI,Growth,5,39,-0.353696,0.353696,low_correlation,2026-04-25T22:25:54.019571+00:00
4014,US,USD,CPI,cpi_headline_yoy,39,sp_global_services_pmi,S&P Global Services PMI,Growth,6,43,-0.320531,0.320531,low_correlation,2026-04-25T22:25:54.019571+00:00
4015,US,USD,CPI,cpi_headline_yoy,39,sp_global_services_pmi,S&P Global Services PMI,Growth,3,25,-0.210205,0.210205,low_correlation,2026-04-25T22:25:54.019571+00:00
4016,US,USD,CPI,cpi_headline_yoy,39,sp_global_services_pmi,S&P Global Services PMI,Growth,0,49,-0.133055,0.133055,low_correlation,2026-04-25T22:25:54.019571+00:00
4017,US,USD,CPI,cpi_headline_yoy,39,sp_global_services_pmi,S&P Global Services PMI,Growth,2,29,-0.058264,0.058264,low_correlation,2026-04-25T22:25:54.019571+00:00
4018,US,USD,CPI,cpi_headline_yoy,39,sp_global_services_pmi,S&P Global Services PMI,Growth,1,38,-0.029358,0.029358,low_correlation,2026-04-25T22:25:54.019571+00:00
4019,US,USD,CPI,cpi_headline_yoy,40,sp_global_composite_pmi,S&P Global Composite PMI,Growth,5,39,-0.376159,0.376159,low_correlation,2026-04-25T22:25:54.019571+00:00
4020,US,USD,CPI,cpi_headline_yoy,40,sp_global_composite_pmi,S&P Global Composite PMI,Growth,6,43,-0.347022,0.347022,low_correlation,2026-04-25T22:25:54.019571+00:00
4021,US,USD,CPI,cpi_headline_yoy,40,sp_global_composite_pmi,S&P Global Composite PMI,Growth,3,25,-0.331464,0.331464,low_correlation,2026-04-25T22:25:54.019571+00:00
4022,US,USD,CPI,cpi_headline_yoy,40,sp_global_composite_pmi,S&P Global Composite PMI,Growth,0,49,-0.130432,0.130432,low_correlation,2026-04-25T22:25:54.019571+00:00
4023,US,USD,CPI,cpi_headline_yoy,40,sp_global_composite_pmi,S&P Global Composite PMI,Growth,2,29,-0.064113,0.064113,low_correlation,2026-04-25T22:25:54.019571+00:00
4024,US,USD,CPI,cpi_headline_yoy,40,sp_global_composite_pmi,S&P Global Composite PMI,Growth,1,38,-0.023704,0.023704,low_correlation,2026-04-25T22:25:54.019571+00:00
4025,US,USD,CPI,cpi_headline_yoy,41,retail_sales_mom,Retail Sales (MoM),Growth,3,19,-0.277005,0.277005,low_sample_and_low_correlation,2026-04-25T22:25:54.019571+00:00
4026,US,USD,CPI,cpi_headline_yoy,41,retail_sales_mom,Retail Sales (MoM),Growth,4,24,-0.203796,0.203796,low_correlation,2026-04-25T22:25:54.019571+00:00
4027,US,USD,CPI,cpi_headline_yoy,41,retail_sales_mom,Retail Sales (MoM),Growth,1,32,0.162234,0.162234,low_correlation,2026-04-25T22:25:54.019571+00:00
4028,US,USD,CPI,cpi_headline_yoy,41,retail_sales_mom,Retail Sales (MoM),Growth,5,30,-0.150027,0.150027,low_correlation,2026-04-25T22:25:54.019571+00:00
4029,US,USD,CPI,cpi_headline_yoy,41,retail_sales_mom,Retail Sales (MoM),Growth,2,26,0.100664,0.100664,low_correlation,2026-04-25T22:25:54.019571+00:00
4030,US,USD,CPI,cpi_headline_yoy,41,retail_sales_mom,Retail Sales (MoM),Growth,6,35,-0.023922,0.023922,low_correlation,2026-04-25T22:25:54.019571+00:00
4031,US,USD,CPI,cpi_headline_yoy,42,retail_sales_yoy,Retail Sales (YoY),Growth,4,24,-0.200071,0.200071,low_correlation,2026-04-25T22:25:54.019571+00:00
4032,US,USD,CPI,cpi_headline_yoy,42,retail_sales_yoy,Retail Sales (YoY),Growth,3,19,-0.146859,0.146859,low_sample_and_low_correlation,2026-04-25T22:25:54.019571+00:00
4033,US,USD,CPI,cpi_headline_yoy,42,retail_sales_yoy,Retail Sales (YoY),Growth,6,38,0.091948,0.091948,low_correlation,2026-04-25T22:25:54.019571+00:00
4034,US,USD,CPI,cpi_headline_yoy,42,retail_sales_yoy,Retail Sales (YoY),Growth,5,31,-0.090446,0.090446,low_correlation,2026-04-25T22:25:54.019571+00:00
4035,US,USD,CPI,cpi_headline_yoy,42,retail_sales_yoy,Retail Sales (YoY),Growth,2,27,0.066778,0.066778,low_correlation,2026-04-25T22:25:54.019571+00:00
4036,US,USD,CPI,cpi_headline_yoy,42,retail_sales_yoy,Retail Sales (YoY),Growth,1,35,-0.032564,0.032564,low_correlation,2026-04-25T22:25:54.019571+00:00
4037,US,USD,CPI,cpi_headline_yoy,43,ny_empire_state_mfg,NY Empire State Manufacturing Index,Growth,4,30,-0.257790,0.257790,low_correlation,2026-04-25T22:25:54.019571+00:00
4038,US,USD,CPI,cpi_headline_yoy,43,ny_empire_state_mfg,NY Empire State Manufacturing Index,Growth,0,36,-0.253991,0.253991,low_correlation,2026-04-25T22:25:54.019571+00:00
4039,US,USD,CPI,cpi_headline_yoy,43,ny_empire_state_mfg,NY Empire State Manufacturing Index,Growth,5,37,-0.161282,0.161282,low_correlation,2026-04-25T22:25:54.019571+00:00
4040,US,USD,CPI,cpi_headline_yoy,43,ny_empire_state_mfg,NY Empire State Manufacturing Index,Growth,3,23,-0.136336,0.136336,low_sample_and_low_correlation,2026-04-25T22:25:54.019571+00:00
4041,US,USD,CPI,cpi_headline_yoy,43,ny_empire_state_mfg,NY Empire State Manufacturing Index,Growth,1,26,-0.052556,0.052556,low_correlation,2026-04-25T22:25:54.019571+00:00
4042,US,USD,CPI,cpi_headline_yoy,43,ny_empire_state_mfg,NY Empire State Manufacturing Index,Growth,6,31,-0.034785,0.034785,low_correlation,2026-04-25T22:25:54.019571+00:00
4043,US,USD,CPI,cpi_headline_yoy,43,ny_empire_state_mfg,NY Empire State Manufacturing Index,Growth,2,19,0.002801,0.002801,low_sample_and_low_correlation,2026-04-25T22:25:54.019571+00:00
4044,US,USD,CPI,cpi_headline_yoy,44,philly_fed_mfg,Philadelphia Fed Manufacturing Index,Growth,5,38,-0.405970,0.405970,not_best_lag,2026-04-25T22:25:54.019571+00:00
4045,US,USD,CPI,cpi_headline_yoy,44,philly_fed_mfg,Philadelphia Fed Manufacturing Index,Growth,3,24,-0.396142,0.396142,low_correlation,2026-04-25T22:25:54.019571+00:00
4046,US,USD,CPI,cpi_headline_yoy,44,philly_fed_mfg,Philadelphia Fed Manufacturing Index,Growth,0,37,-0.348831,0.348831,low_correlation,2026-04-25T22:25:54.019571+00:00
4047,US,USD,CPI,cpi_headline_yoy,44,philly_fed_mfg,Philadelphia Fed Manufacturing Index,Growth,6,32,-0.194654,0.194654,low_correlation,2026-04-25T22:25:54.019571+00:00
4048,US,USD,CPI,cpi_headline_yoy,44,philly_fed_mfg,Philadelphia Fed Manufacturing Index,Growth,1,27,-0.143351,0.143351,low_correlation,2026-04-25T22:25:54.019571+00:00
4049,US,USD,CPI,cpi_headline_yoy,44,philly_fed_mfg,Philadelphia Fed Manufacturing Index,Growth,2,19,0.110808,0.110808,low_sample_and_low_correlation,2026-04-25T22:25:54.019571+00:00
4050,US,USD,CPI,cpi_headline_yoy,45,umich_consumer_sentiment,UMich Consumer Sentiment,Growth,6,64,-0.250463,0.250463,low_correlation,2026-04-25T22:25:54.019571+00:00
4051,US,USD,CPI,cpi_headline_yoy,45,umich_consumer_sentiment,UMich Consumer Sentiment,Growth,2,40,-0.191188,0.191188,low_correlation,2026-04-25T22:25:54.019571+00:00
4052,US,USD,CPI,cpi_headline_yoy,45,umich_consumer_sentiment,UMich Consumer Sentiment,Growth,5,71,-0.113473,0.113473,low_correlation,2026-04-25T22:25:54.019571+00:00
4053,US,USD,CPI,cpi_headline_yoy,45,umich_consumer_sentiment,UMich Consumer Sentiment,Growth,0,68,-0.094311,0.094311,low_correlation,2026-04-25T22:25:54.019571+00:00
4054,US,USD,CPI,cpi_headline_yoy,45,umich_consumer_sentiment,UMich Consumer Sentiment,Growth,1,54,-0.038049,0.038049,low_correlation,2026-04-25T22:25:54.019571+00:00
4055,US,USD,CPI,cpi_headline_yoy,45,umich_consumer_sentiment,UMich Consumer Sentiment,Growth,4,58,-0.023869,0.023869,low_correlation,2026-04-25T22:25:54.019571+00:00
4056,US,USD,CPI,cpi_headline_yoy,45,umich_consumer_sentiment,UMich Consumer Sentiment,Growth,3,43,-0.017060,0.017060,low_correlation,2026-04-25T22:25:54.019571+00:00
4057,US,USD,CPI,cpi_headline_yoy,46,nfib_business_optimism,NFIB Business Optimism Index,Growth,2,23,-0.581853,0.581853,low_sample,2026-04-25T22:25:54.019571+00:00
4058,US,USD,CPI,cpi_headline_yoy,46,nfib_business_optimism,NFIB Business Optimism Index,Growth,1,33,-0.497904,0.497904,not_best_lag,2026-04-25T22:25:54.019571+00:00
4059,US,USD,CPI,cpi_headline_yoy,46,nfib_business_optimism,NFIB Business Optimism Index,Growth,0,39,-0.472717,0.472717,not_best_lag,2026-04-25T22:25:54.019571+00:00
4060,US,USD,CPI,cpi_headline_yoy,46,nfib_business_optimism,NFIB Business Optimism Index,Growth,6,37,-0.453609,0.453609,not_best_lag,2026-04-25T22:25:54.019571+00:00
4061,US,USD,CPI,cpi_headline_yoy,46,nfib_business_optimism,NFIB Business Optimism Index,Growth,5,30,-0.382339,0.382339,low_correlation,2026-04-25T22:25:54.019571+00:00
4062,US,USD,CPI,cpi_headline_yoy,46,nfib_business_optimism,NFIB Business Optimism Index,Growth,4,23,-0.246949,0.246949,low_sample_and_low_correlation,2026-04-25T22:25:54.019571+00:00
4063,US,USD,CPI,cpi_headline_yoy,46,nfib_business_optimism,NFIB Business Optimism Index,Growth,3,17,0.211578,0.211578,low_sample_and_low_correlation,2026-04-25T22:25:54.019571+00:00
4064,US,USD,CPI,cpi_headline_yoy,178,continuing_jobless_claims,Continuing Jobless Claims,Labor,6,157,-0.294172,0.294172,low_correlation,2026-04-25T22:25:54.019571+00:00
4065,US,USD,CPI,cpi_headline_yoy,178,continuing_jobless_claims,Continuing Jobless Claims,Labor,5,158,-0.283584,0.283584,low_correlation,2026-04-25T22:25:54.019571+00:00
4066,US,USD,CPI,cpi_headline_yoy,178,continuing_jobless_claims,Continuing Jobless Claims,Labor,4,125,-0.208288,0.208288,low_correlation,2026-04-25T22:25:54.019571+00:00
4067,US,USD,CPI,cpi_headline_yoy,178,continuing_jobless_claims,Continuing Jobless Claims,Labor,2,97,-0.201954,0.201954,low_correlation,2026-04-25T22:25:54.019571+00:00
4068,US,USD,CPI,cpi_headline_yoy,178,continuing_jobless_claims,Continuing Jobless Claims,Labor,3,90,-0.155234,0.155234,low_correlation,2026-04-25T22:25:54.019571+00:00
4069,US,USD,CPI,cpi_headline_yoy,178,continuing_jobless_claims,Continuing Jobless Claims,Labor,1,138,-0.117145,0.117145,low_correlation,2026-04-25T22:25:54.019571+00:00
4070,US,USD,CPI,cpi_headline_yoy,178,continuing_jobless_claims,Continuing Jobless Claims,Labor,0,175,-0.018955,0.018955,low_correlation,2026-04-25T22:25:54.019571+00:00
4071,US,USD,CPI,cpi_headline_yoy,179,jobless_claims_4week_average,Jobless Claims 4-Week Average,Labor,6,145,-0.282276,0.282276,low_correlation,2026-04-25T22:25:54.019571+00:00
4072,US,USD,CPI,cpi_headline_yoy,179,jobless_claims_4week_average,Jobless Claims 4-Week Average,Labor,3,98,0.081808,0.081808,low_correlation,2026-04-25T22:25:54.019571+00:00
4073,US,USD,CPI,cpi_headline_yoy,179,jobless_claims_4week_average,Jobless Claims 4-Week Average,Labor,1,127,-0.076305,0.076305,low_correlation,2026-04-25T22:25:54.019571+00:00
4074,US,USD,CPI,cpi_headline_yoy,179,jobless_claims_4week_average,Jobless Claims 4-Week Average,Labor,5,162,-0.054958,0.054958,low_correlation,2026-04-25T22:25:54.019571+00:00
4075,US,USD,CPI,cpi_headline_yoy,179,jobless_claims_4week_average,Jobless Claims 4-Week Average,Labor,4,132,0.045279,0.045279,low_correlation,2026-04-25T22:25:54.019571+00:00
4076,US,USD,CPI,cpi_headline_yoy,179,jobless_claims_4week_average,Jobless Claims 4-Week Average,Labor,0,170,0.029420,0.029420,low_correlation,2026-04-25T22:25:54.019571+00:00
4077,US,USD,CPI,cpi_headline_yoy,179,jobless_claims_4week_average,Jobless Claims 4-Week Average,Labor,2,89,-0.000579,0.000579,low_correlation,2026-04-25T22:25:54.019571+00:00
4078,US,USD,CPI,cpi_headline_yoy,180,ism_services_business_activity,ISM Services Business Activity,Growth,2,17,0.319829,0.319829,low_sample_and_low_correlation,2026-04-25T22:25:54.019571+00:00
4079,US,USD,CPI,cpi_headline_yoy,180,ism_services_business_activity,ISM Services Business Activity,Growth,1,20,0.317748,0.317748,low_sample_and_low_correlation,2026-04-25T22:25:54.019571+00:00
4080,US,USD,CPI,cpi_headline_yoy,180,ism_services_business_activity,ISM Services Business Activity,Growth,5,16,0.182747,0.182747,low_sample_and_low_correlation,2026-04-25T22:25:54.019571+00:00
4081,US,USD,CPI,cpi_headline_yoy,180,ism_services_business_activity,ISM Services Business Activity,Growth,6,17,-0.138358,0.138358,low_sample_and_low_correlation,2026-04-25T22:25:54.019571+00:00
4082,US,USD,CPI,cpi_headline_yoy,180,ism_services_business_activity,ISM Services Business Activity,Growth,3,16,0.081241,0.081241,low_sample_and_low_correlation,2026-04-25T22:25:54.019571+00:00
4083,US,USD,CPI,cpi_headline_yoy,180,ism_services_business_activity,ISM Services Business Activity,Growth,4,15,-0.002519,0.002519,low_sample_and_low_correlation,2026-04-25T22:25:54.019571+00:00
4084,US,USD,CPI,cpi_headline_yoy,181,ism_services_employment,ISM Services Employment,Labor,3,16,0.289078,0.289078,low_sample_and_low_correlation,2026-04-25T22:25:54.019571+00:00
4085,US,USD,CPI,cpi_headline_yoy,181,ism_services_employment,ISM Services Employment,Labor,1,27,-0.165413,0.165413,low_correlation,2026-04-25T22:25:54.019571+00:00
4086,US,USD,CPI,cpi_headline_yoy,181,ism_services_employment,ISM Services Employment,Labor,4,21,0.142570,0.142570,low_sample_and_low_correlation,2026-04-25T22:25:54.019571+00:00
4087,US,USD,CPI,cpi_headline_yoy,181,ism_services_employment,ISM Services Employment,Labor,2,20,-0.119371,0.119371,low_sample_and_low_correlation,2026-04-25T22:25:54.019571+00:00
4088,US,USD,CPI,cpi_headline_yoy,181,ism_services_employment,ISM Services Employment,Labor,6,30,0.119198,0.119198,low_correlation,2026-04-25T22:25:54.019571+00:00
4089,US,USD,CPI,cpi_headline_yoy,181,ism_services_employment,ISM Services Employment,Labor,0,34,-0.110606,0.110606,low_correlation,2026-04-25T22:25:54.019571+00:00
4090,US,USD,CPI,cpi_headline_yoy,181,ism_services_employment,ISM Services Employment,Labor,5,25,0.038979,0.038979,low_correlation,2026-04-25T22:25:54.019571+00:00
4091,US,USD,CPI,cpi_headline_yoy,182,new_home_sales,New Home Sales,Growth,5,30,-0.074516,0.074516,low_correlation,2026-04-25T22:25:54.019571+00:00
4092,US,USD,CPI,cpi_headline_yoy,182,new_home_sales,New Home Sales,Growth,6,36,-0.063718,0.063718,low_correlation,2026-04-25T22:25:54.019571+00:00
4093,US,USD,CPI,cpi_headline_yoy,182,new_home_sales,New Home Sales,Growth,1,35,-0.042750,0.042750,low_correlation,2026-04-25T22:25:54.019571+00:00
4094,US,USD,CPI,cpi_headline_yoy,182,new_home_sales,New Home Sales,Growth,4,24,0.023615,0.023615,low_correlation,2026-04-25T22:25:54.019571+00:00
4095,US,USD,CPI,cpi_headline_yoy,182,new_home_sales,New Home Sales,Growth,3,22,0.008558,0.008558,low_sample_and_low_correlation,2026-04-25T22:25:54.019571+00:00
4096,US,USD,CPI,cpi_headline_yoy,182,new_home_sales,New Home Sales,Growth,2,28,0.003525,0.003525,low_correlation,2026-04-25T22:25:54.019571+00:00
4097,US,USD,CPI,cpi_headline_yoy,184,redbook_yoy,Redbook Retail Sales (YoY),Growth,2,88,-0.191570,0.191570,low_correlation,2026-04-25T22:25:54.019571+00:00
4098,US,USD,CPI,cpi_headline_yoy,184,redbook_yoy,Redbook Retail Sales (YoY),Growth,3,100,0.178084,0.178084,low_correlation,2026-04-25T22:25:54.019571+00:00
4099,US,USD,CPI,cpi_headline_yoy,184,redbook_yoy,Redbook Retail Sales (YoY),Growth,0,168,-0.172721,0.172721,low_correlation,2026-04-25T22:25:54.019571+00:00
4100,US,USD,CPI,cpi_headline_yoy,184,redbook_yoy,Redbook Retail Sales (YoY),Growth,1,126,-0.106398,0.106398,low_correlation,2026-04-25T22:25:54.019571+00:00
4101,US,USD,CPI,cpi_headline_yoy,184,redbook_yoy,Redbook Retail Sales (YoY),Growth,4,135,0.100949,0.100949,low_correlation,2026-04-25T22:25:54.019571+00:00
4102,US,USD,CPI,cpi_headline_yoy,184,redbook_yoy,Redbook Retail Sales (YoY),Growth,5,167,0.086455,0.086455,low_correlation,2026-04-25T22:25:54.019571+00:00
4103,US,USD,CPI,cpi_headline_yoy,184,redbook_yoy,Redbook Retail Sales (YoY),Growth,6,146,-0.013946,0.013946,low_correlation,2026-04-25T22:25:54.019571+00:00
4104,US,USD,CPI,cpi_headline_yoy,218,cpi_index,CPI Index,Inflation,2,19,0.639396,0.639396,low_sample,2026-04-25T22:25:54.019571+00:00
4105,US,USD,CPI,cpi_headline_yoy,218,cpi_index,CPI Index,Inflation,3,14,-0.482356,0.482356,low_sample,2026-04-25T22:25:54.019571+00:00
4106,US,USD,CPI,cpi_headline_yoy,218,cpi_index,CPI Index,Inflation,6,30,0.314153,0.314153,low_correlation,2026-04-25T22:25:54.019571+00:00
4107,US,USD,CPI,cpi_headline_yoy,218,cpi_index,CPI Index,Inflation,1,27,0.204579,0.204579,low_correlation,2026-04-25T22:25:54.019571+00:00
4108,US,USD,CPI,cpi_headline_yoy,218,cpi_index,CPI Index,Inflation,5,23,0.057895,0.057895,low_sample_and_low_correlation,2026-04-25T22:25:54.019571+00:00
4109,US,USD,CPI,cpi_headline_yoy,218,cpi_index,CPI Index,Inflation,0,35,-0.023915,0.023915,low_correlation,2026-04-25T22:25:54.019571+00:00
4110,US,USD,CPI,cpi_headline_yoy,218,cpi_index,CPI Index,Inflation,4,19,-0.017556,0.017556,low_sample_and_low_correlation,2026-04-25T22:25:54.019571+00:00
4111,US,USD,CPI,cpi_headline_yoy,219,cpi_sa_index,CPI SA Index,Inflation,5,15,-0.573008,0.573008,low_sample,2026-04-25T22:25:54.019571+00:00
4112,US,USD,CPI,cpi_headline_yoy,219,cpi_sa_index,CPI SA Index,Inflation,0,23,0.481894,0.481894,low_sample,2026-04-25T22:25:54.019571+00:00
4113,US,USD,CPI,cpi_headline_yoy,219,cpi_sa_index,CPI SA Index,Inflation,1,19,0.480851,0.480851,low_sample,2026-04-25T22:25:54.019571+00:00
4114,US,USD,CPI,cpi_headline_yoy,219,cpi_sa_index,CPI SA Index,Inflation,4,15,-0.411393,0.411393,low_sample,2026-04-25T22:25:54.019571+00:00
4115,US,USD,CPI,cpi_headline_yoy,219,cpi_sa_index,CPI SA Index,Inflation,6,18,-0.337110,0.337110,low_sample_and_low_correlation,2026-04-25T22:25:54.019571+00:00
4116,US,USD,CPI,cpi_headline_yoy,219,cpi_sa_index,CPI SA Index,Inflation,2,15,0.314447,0.314447,low_sample_and_low_correlation,2026-04-25T22:25:54.019571+00:00
4117,US,USD,CPI,cpi_headline_yoy,219,cpi_sa_index,CPI SA Index,Inflation,3,14,0.074085,0.074085,low_sample_and_low_correlation,2026-04-25T22:25:54.019571+00:00
4118,US,USD,CPI,cpi_headline_yoy,220,core_pce_price_index_mom,Core PCE Price Index (MoM),Inflation,3,21,0.099593,0.099593,low_sample_and_low_correlation,2026-04-25T22:25:54.019571+00:00
4119,US,USD,CPI,cpi_headline_yoy,220,core_pce_price_index_mom,Core PCE Price Index (MoM),Inflation,5,26,0.051869,0.051869,low_correlation,2026-04-25T22:25:54.019571+00:00
4120,US,USD,CPI,cpi_headline_yoy,220,core_pce_price_index_mom,Core PCE Price Index (MoM),Inflation,2,29,-0.025851,0.025851,low_correlation,2026-04-25T22:25:54.019571+00:00
4121,US,USD,CPI,cpi_headline_yoy,220,core_pce_price_index_mom,Core PCE Price Index (MoM),Inflation,1,34,0.023495,0.023495,low_correlation,2026-04-25T22:25:54.019571+00:00
4122,US,USD,CPI,cpi_headline_yoy,220,core_pce_price_index_mom,Core PCE Price Index (MoM),Inflation,4,21,0.020943,0.020943,low_sample_and_low_correlation,2026-04-25T22:25:54.019571+00:00
4123,US,USD,CPI,cpi_headline_yoy,220,core_pce_price_index_mom,Core PCE Price Index (MoM),Inflation,6,35,0.018272,0.018272,low_correlation,2026-04-25T22:25:54.019571+00:00
4124,US,USD,CPI,cpi_headline_yoy,221,core_pce_price_index_yoy,Core PCE Price Index (YoY),Inflation,4,24,0.388641,0.388641,low_correlation,2026-04-25T22:25:54.019571+00:00
4125,US,USD,CPI,cpi_headline_yoy,221,core_pce_price_index_yoy,Core PCE Price Index (YoY),Inflation,5,31,0.379426,0.379426,low_correlation,2026-04-25T22:25:54.019571+00:00
4126,US,USD,CPI,cpi_headline_yoy,221,core_pce_price_index_yoy,Core PCE Price Index (YoY),Inflation,1,36,0.304629,0.304629,low_correlation,2026-04-25T22:25:54.019571+00:00
4127,US,USD,CPI,cpi_headline_yoy,221,core_pce_price_index_yoy,Core PCE Price Index (YoY),Inflation,3,24,0.209456,0.209456,low_correlation,2026-04-25T22:25:54.019571+00:00
4128,US,USD,CPI,cpi_headline_yoy,221,core_pce_price_index_yoy,Core PCE Price Index (YoY),Inflation,2,30,0.194987,0.194987,low_correlation,2026-04-25T22:25:54.019571+00:00
4129,US,USD,CPI,cpi_headline_yoy,222,pce_price_index_mom,PCE Price Index (MoM),Inflation,6,33,0.154409,0.154409,low_correlation,2026-04-25T22:25:54.019571+00:00
4130,US,USD,CPI,cpi_headline_yoy,222,pce_price_index_mom,PCE Price Index (MoM),Inflation,3,23,-0.100056,0.100056,low_sample_and_low_correlation,2026-04-25T22:25:54.019571+00:00
4131,US,USD,CPI,cpi_headline_yoy,222,pce_price_index_mom,PCE Price Index (MoM),Inflation,1,33,-0.077708,0.077708,low_correlation,2026-04-25T22:25:54.019571+00:00
4132,US,USD,CPI,cpi_headline_yoy,222,pce_price_index_mom,PCE Price Index (MoM),Inflation,4,22,0.043221,0.043221,low_sample_and_low_correlation,2026-04-25T22:25:54.019571+00:00
4133,US,USD,CPI,cpi_headline_yoy,222,pce_price_index_mom,PCE Price Index (MoM),Inflation,5,27,0.040155,0.040155,low_correlation,2026-04-25T22:25:54.019571+00:00
4134,US,USD,CPI,cpi_headline_yoy,222,pce_price_index_mom,PCE Price Index (MoM),Inflation,2,29,-0.007900,0.007900,low_correlation,2026-04-25T22:25:54.019571+00:00
4135,US,USD,CPI,cpi_headline_yoy,223,pce_price_index_yoy,PCE Price Index (YoY),Inflation,5,31,0.290966,0.290966,low_correlation,2026-04-25T22:25:54.019571+00:00
4136,US,USD,CPI,cpi_headline_yoy,223,pce_price_index_yoy,PCE Price Index (YoY),Inflation,3,24,0.235424,0.235424,low_correlation,2026-04-25T22:25:54.019571+00:00
4137,US,USD,CPI,cpi_headline_yoy,223,pce_price_index_yoy,PCE Price Index (YoY),Inflation,1,36,0.227291,0.227291,low_correlation,2026-04-25T22:25:54.019571+00:00
4138,US,USD,CPI,cpi_headline_yoy,223,pce_price_index_yoy,PCE Price Index (YoY),Inflation,4,24,0.183903,0.183903,low_correlation,2026-04-25T22:25:54.019571+00:00
4139,US,USD,CPI,cpi_headline_yoy,223,pce_price_index_yoy,PCE Price Index (YoY),Inflation,2,30,0.173830,0.173830,low_correlation,2026-04-25T22:25:54.019571+00:00
4140,US,USD,CPI,cpi_headline_yoy,224,core_pce_prices_qoq,Core PCE Prices (QoQ),Inflation,6,14,0.349833,0.349833,low_sample_and_low_correlation,2026-04-25T22:25:54.019571+00:00
4141,US,USD,CPI,cpi_headline_yoy,224,core_pce_prices_qoq,Core PCE Prices (QoQ),Inflation,5,15,0.250551,0.250551,low_sample_and_low_correlation,2026-04-25T22:25:54.019571+00:00
4142,US,USD,CPI,cpi_headline_yoy,224,core_pce_prices_qoq,Core PCE Prices (QoQ),Inflation,3,10,-0.126948,0.126948,low_sample_and_low_correlation,2026-04-25T22:25:54.019571+00:00
4143,US,USD,CPI,cpi_headline_yoy,224,core_pce_prices_qoq,Core PCE Prices (QoQ),Inflation,4,23,-0.104009,0.104009,low_sample_and_low_correlation,2026-04-25T22:25:54.019571+00:00
4144,US,USD,CPI,cpi_headline_yoy,225,pce_prices_qoq,PCE Prices (QoQ),Inflation,6,14,0.408237,0.408237,low_sample,2026-04-25T22:25:54.019571+00:00
4145,US,USD,CPI,cpi_headline_yoy,225,pce_prices_qoq,PCE Prices (QoQ),Inflation,5,15,0.340462,0.340462,low_sample_and_low_correlation,2026-04-25T22:25:54.019571+00:00
4146,US,USD,CPI,cpi_headline_yoy,225,pce_prices_qoq,PCE Prices (QoQ),Inflation,3,10,-0.235808,0.235808,low_sample_and_low_correlation,2026-04-25T22:25:54.019571+00:00
4147,US,USD,CPI,cpi_headline_yoy,225,pce_prices_qoq,PCE Prices (QoQ),Inflation,4,23,-0.099689,0.099689,low_sample_and_low_correlation,2026-04-25T22:25:54.019571+00:00
4148,US,USD,CPI,cpi_headline_yoy,226,core_ppi_mom,Core PPI (MoM),Inflation,3,16,0.273190,0.273190,low_sample_and_low_correlation,2026-04-25T22:25:54.019571+00:00
4149,US,USD,CPI,cpi_headline_yoy,226,core_ppi_mom,Core PPI (MoM),Inflation,4,21,0.147371,0.147371,low_sample_and_low_correlation,2026-04-25T22:25:54.019571+00:00
4150,US,USD,CPI,cpi_headline_yoy,226,core_ppi_mom,Core PPI (MoM),Inflation,2,19,0.089663,0.089663,low_sample_and_low_correlation,2026-04-25T22:25:54.019571+00:00
4151,US,USD,CPI,cpi_headline_yoy,226,core_ppi_mom,Core PPI (MoM),Inflation,5,26,0.052469,0.052469,low_correlation,2026-04-25T22:25:54.019571+00:00
4152,US,USD,CPI,cpi_headline_yoy,226,core_ppi_mom,Core PPI (MoM),Inflation,1,28,-0.043779,0.043779,low_correlation,2026-04-25T22:25:54.019571+00:00
4153,US,USD,CPI,cpi_headline_yoy,226,core_ppi_mom,Core PPI (MoM),Inflation,6,31,0.034867,0.034867,low_correlation,2026-04-25T22:25:54.019571+00:00
4154,US,USD,CPI,cpi_headline_yoy,227,export_prices_mom,Export Prices (MoM),Inflation,3,12,0.459397,0.459397,low_sample,2026-04-25T22:25:54.019571+00:00
4155,US,USD,CPI,cpi_headline_yoy,227,export_prices_mom,Export Prices (MoM),Inflation,6,34,0.156944,0.156944,low_correlation,2026-04-25T22:25:54.019571+00:00
4156,US,USD,CPI,cpi_headline_yoy,227,export_prices_mom,Export Prices (MoM),Inflation,2,19,0.120412,0.120412,low_sample_and_low_correlation,2026-04-25T22:25:54.019571+00:00
4157,US,USD,CPI,cpi_headline_yoy,227,export_prices_mom,Export Prices (MoM),Inflation,4,17,0.091782,0.091782,low_sample_and_low_correlation,2026-04-25T22:25:54.019571+00:00
4158,US,USD,CPI,cpi_headline_yoy,227,export_prices_mom,Export Prices (MoM),Inflation,5,26,0.048888,0.048888,low_correlation,2026-04-25T22:25:54.019571+00:00
4159,US,USD,CPI,cpi_headline_yoy,227,export_prices_mom,Export Prices (MoM),Inflation,1,32,-0.007374,0.007374,low_correlation,2026-04-25T22:25:54.019571+00:00
4160,US,USD,CPI,cpi_headline_yoy,228,export_prices_yoy,Export Prices (YoY),Inflation,3,17,0.481496,0.481496,low_sample,2026-04-25T22:25:54.019571+00:00
4161,US,USD,CPI,cpi_headline_yoy,228,export_prices_yoy,Export Prices (YoY),Inflation,2,24,-0.380305,0.380305,low_correlation,2026-04-25T22:25:54.019571+00:00
4162,US,USD,CPI,cpi_headline_yoy,228,export_prices_yoy,Export Prices (YoY),Inflation,1,33,-0.326437,0.326437,low_correlation,2026-04-25T22:25:54.019571+00:00
4163,US,USD,CPI,cpi_headline_yoy,228,export_prices_yoy,Export Prices (YoY),Inflation,4,23,0.064634,0.064634,low_sample_and_low_correlation,2026-04-25T22:25:54.019571+00:00
4164,US,USD,CPI,cpi_headline_yoy,228,export_prices_yoy,Export Prices (YoY),Inflation,5,29,0.047664,0.047664,low_correlation,2026-04-25T22:25:54.019571+00:00
4165,US,USD,CPI,cpi_headline_yoy,228,export_prices_yoy,Export Prices (YoY),Inflation,6,38,0.008838,0.008838,low_correlation,2026-04-25T22:25:54.019571+00:00
4166,US,USD,CPI,cpi_headline_yoy,229,michigan_inflation_expectations,Michigan Inflation Expectations,Inflation,6,65,0.182237,0.182237,low_correlation,2026-04-25T22:25:54.019571+00:00
4167,US,USD,CPI,cpi_headline_yoy,229,michigan_inflation_expectations,Michigan Inflation Expectations,Inflation,3,43,-0.157936,0.157936,low_correlation,2026-04-25T22:25:54.019571+00:00
4168,US,USD,CPI,cpi_headline_yoy,229,michigan_inflation_expectations,Michigan Inflation Expectations,Inflation,1,55,0.103489,0.103489,low_correlation,2026-04-25T22:25:54.019571+00:00
4169,US,USD,CPI,cpi_headline_yoy,229,michigan_inflation_expectations,Michigan Inflation Expectations,Inflation,5,71,0.071479,0.071479,low_correlation,2026-04-25T22:25:54.019571+00:00
4170,US,USD,CPI,cpi_headline_yoy,229,michigan_inflation_expectations,Michigan Inflation Expectations,Inflation,4,58,-0.050151,0.050151,low_correlation,2026-04-25T22:25:54.019571+00:00
4171,US,USD,CPI,cpi_headline_yoy,229,michigan_inflation_expectations,Michigan Inflation Expectations,Inflation,0,69,0.001034,0.001034,low_correlation,2026-04-25T22:25:54.019571+00:00
4172,US,USD,CPI,cpi_headline_yoy,229,michigan_inflation_expectations,Michigan Inflation Expectations,Inflation,2,40,-0.000568,0.000568,low_correlation,2026-04-25T22:25:54.019571+00:00
4173,US,USD,CPI,cpi_headline_yoy,230,import_prices_mom,Import Prices (MoM),Inflation,4,18,-0.398601,0.398601,low_sample_and_low_correlation,2026-04-25T22:25:54.019571+00:00
4174,US,USD,CPI,cpi_headline_yoy,230,import_prices_mom,Import Prices (MoM),Inflation,5,27,-0.256586,0.256586,low_correlation,2026-04-25T22:25:54.019571+00:00
4175,US,USD,CPI,cpi_headline_yoy,230,import_prices_mom,Import Prices (MoM),Inflation,2,20,0.217959,0.217959,low_sample_and_low_correlation,2026-04-25T22:25:54.019571+00:00
4176,US,USD,CPI,cpi_headline_yoy,230,import_prices_mom,Import Prices (MoM),Inflation,3,13,-0.200466,0.200466,low_sample_and_low_correlation,2026-04-25T22:25:54.019571+00:00
4177,US,USD,CPI,cpi_headline_yoy,230,import_prices_mom,Import Prices (MoM),Inflation,1,31,0.048123,0.048123,low_correlation,2026-04-25T22:25:54.019571+00:00
4178,US,USD,CPI,cpi_headline_yoy,230,import_prices_mom,Import Prices (MoM),Inflation,6,34,0.037846,0.037846,low_correlation,2026-04-25T22:25:54.019571+00:00
4179,US,USD,CPI,cpi_headline_yoy,231,consumer_inflation_expectations,Consumer Inflation Expectations,Inflation,3,18,-0.490491,0.490491,low_sample,2026-04-25T22:25:54.019571+00:00
4180,US,USD,CPI,cpi_headline_yoy,231,consumer_inflation_expectations,Consumer Inflation Expectations,Inflation,6,36,0.301209,0.301209,low_correlation,2026-04-25T22:25:54.019571+00:00
4181,US,USD,CPI,cpi_headline_yoy,231,consumer_inflation_expectations,Consumer Inflation Expectations,Inflation,0,36,-0.158985,0.158985,low_correlation,2026-04-25T22:25:54.019571+00:00
4182,US,USD,CPI,cpi_headline_yoy,231,consumer_inflation_expectations,Consumer Inflation Expectations,Inflation,5,29,0.123837,0.123837,low_correlation,2026-04-25T22:25:54.019571+00:00
4183,US,USD,CPI,cpi_headline_yoy,231,consumer_inflation_expectations,Consumer Inflation Expectations,Inflation,2,24,0.109795,0.109795,low_correlation,2026-04-25T22:25:54.019571+00:00
4184,US,USD,CPI,cpi_headline_yoy,231,consumer_inflation_expectations,Consumer Inflation Expectations,Inflation,1,33,0.098293,0.098293,low_correlation,2026-04-25T22:25:54.019571+00:00
4185,US,USD,CPI,cpi_headline_yoy,231,consumer_inflation_expectations,Consumer Inflation Expectations,Inflation,4,22,-0.030013,0.030013,low_sample_and_low_correlation,2026-04-25T22:25:54.019571+00:00
4186,US,USD,CPI,cpi_headline_yoy,232,inflation_expectations,Inflation Expectations,Inflation,6,22,0.405874,0.405874,low_sample,2026-04-25T22:25:54.019571+00:00
4187,US,USD,CPI,cpi_headline_yoy,232,inflation_expectations,Inflation Expectations,Inflation,5,25,0.401677,0.401677,not_best_lag,2026-04-25T22:25:54.019571+00:00
4188,US,USD,CPI,cpi_headline_yoy,232,inflation_expectations,Inflation Expectations,Inflation,0,23,-0.289917,0.289917,low_sample_and_low_correlation,2026-04-25T22:25:54.019571+00:00
4189,US,USD,CPI,cpi_headline_yoy,232,inflation_expectations,Inflation Expectations,Inflation,4,27,0.205543,0.205543,low_correlation,2026-04-25T22:25:54.019571+00:00
4190,US,USD,CPI,cpi_headline_yoy,232,inflation_expectations,Inflation Expectations,Inflation,1,25,-0.157607,0.157607,low_correlation,2026-04-25T22:25:54.019571+00:00
4191,US,USD,CPI,cpi_headline_yoy,232,inflation_expectations,Inflation Expectations,Inflation,2,25,-0.124961,0.124961,low_correlation,2026-04-25T22:25:54.019571+00:00
4192,US,USD,CPI,cpi_headline_yoy,233,ppi_ex_food_energy_trade_mom,"PPI Ex Food, Energy and Trade (MoM)",Inflation,1,14,0.668419,0.668419,low_sample,2026-04-25T22:25:54.019571+00:00
4193,US,USD,CPI,cpi_headline_yoy,233,ppi_ex_food_energy_trade_mom,"PPI Ex Food, Energy and Trade (MoM)",Inflation,6,13,-0.490829,0.490829,low_sample,2026-04-25T22:25:54.019571+00:00
4194,US,USD,CPI,cpi_headline_yoy,233,ppi_ex_food_energy_trade_mom,"PPI Ex Food, Energy and Trade (MoM)",Inflation,4,15,-0.269639,0.269639,low_sample_and_low_correlation,2026-04-25T22:25:54.019571+00:00
4195,US,USD,CPI,cpi_headline_yoy,233,ppi_ex_food_energy_trade_mom,"PPI Ex Food, Energy and Trade (MoM)",Inflation,2,13,0.186937,0.186937,low_sample_and_low_correlation,2026-04-25T22:25:54.019571+00:00
4196,US,USD,CPI,cpi_headline_yoy,233,ppi_ex_food_energy_trade_mom,"PPI Ex Food, Energy and Trade (MoM)",Inflation,3,15,-0.137622,0.137622,low_sample_and_low_correlation,2026-04-25T22:25:54.019571+00:00
4197,US,USD,CPI,cpi_headline_yoy,233,ppi_ex_food_energy_trade_mom,"PPI Ex Food, Energy and Trade (MoM)",Inflation,5,14,-0.003607,0.003607,low_sample_and_low_correlation,2026-04-25T22:25:54.019571+00:00
4198,US,USD,CPI,cpi_headline_yoy,234,ppi_ex_food_energy_trade_yoy,"PPI Ex Food, Energy and Trade (YoY)",Inflation,1,15,0.283955,0.283955,low_sample_and_low_correlation,2026-04-25T22:25:54.019571+00:00
4199,US,USD,CPI,cpi_headline_yoy,234,ppi_ex_food_energy_trade_yoy,"PPI Ex Food, Energy and Trade (YoY)",Inflation,6,16,-0.269777,0.269777,low_sample_and_low_correlation,2026-04-25T22:25:54.019571+00:00
4200,US,USD,CPI,cpi_headline_yoy,234,ppi_ex_food_energy_trade_yoy,"PPI Ex Food, Energy and Trade (YoY)",Inflation,4,15,-0.197306,0.197306,low_sample_and_low_correlation,2026-04-25T22:25:54.019571+00:00
4201,US,USD,CPI,cpi_headline_yoy,234,ppi_ex_food_energy_trade_yoy,"PPI Ex Food, Energy and Trade (YoY)",Inflation,3,16,-0.180383,0.180383,low_sample_and_low_correlation,2026-04-25T22:25:54.019571+00:00
4202,US,USD,CPI,cpi_headline_yoy,234,ppi_ex_food_energy_trade_yoy,"PPI Ex Food, Energy and Trade (YoY)",Inflation,5,16,-0.111161,0.111161,low_sample_and_low_correlation,2026-04-25T22:25:54.019571+00:00
4203,US,USD,CPI,cpi_headline_yoy,234,ppi_ex_food_energy_trade_yoy,"PPI Ex Food, Energy and Trade (YoY)",Inflation,2,14,-0.097892,0.097892,low_sample_and_low_correlation,2026-04-25T22:25:54.019571+00:00
4204,US,USD,CPI,cpi_headline_yoy,235,ppi_mom,PPI (MoM),Inflation,2,21,0.318011,0.318011,low_sample_and_low_correlation,2026-04-25T22:25:54.019571+00:00
4205,US,USD,CPI,cpi_headline_yoy,235,ppi_mom,PPI (MoM),Inflation,6,34,0.156992,0.156992,low_correlation,2026-04-25T22:25:54.019571+00:00
4206,US,USD,CPI,cpi_headline_yoy,235,ppi_mom,PPI (MoM),Inflation,4,23,0.091538,0.091538,low_sample_and_low_correlation,2026-04-25T22:25:54.019571+00:00
4207,US,USD,CPI,cpi_headline_yoy,235,ppi_mom,PPI (MoM),Inflation,1,30,0.082154,0.082154,low_correlation,2026-04-25T22:25:54.019571+00:00
4208,US,USD,CPI,cpi_headline_yoy,235,ppi_mom,PPI (MoM),Inflation,5,28,-0.048335,0.048335,low_correlation,2026-04-25T22:25:54.019571+00:00
4209,US,USD,CPI,cpi_headline_yoy,235,ppi_mom,PPI (MoM),Inflation,3,17,-0.042001,0.042001,low_sample_and_low_correlation,2026-04-25T22:25:54.019571+00:00
4210,US,USD,CPI,cpi_headline_yoy,236,ppi_index,PPI Index,Inflation,2,14,0.401435,0.401435,low_sample,2026-04-25T22:25:54.019571+00:00
4211,US,USD,CPI,cpi_headline_yoy,236,ppi_index,PPI Index,Inflation,6,13,-0.384342,0.384342,low_sample_and_low_correlation,2026-04-25T22:25:54.019571+00:00
4212,US,USD,CPI,cpi_headline_yoy,236,ppi_index,PPI Index,Inflation,5,14,-0.279268,0.279268,low_sample_and_low_correlation,2026-04-25T22:25:54.019571+00:00
4213,US,USD,CPI,cpi_headline_yoy,236,ppi_index,PPI Index,Inflation,3,16,0.242459,0.242459,low_sample_and_low_correlation,2026-04-25T22:25:54.019571+00:00
4214,US,USD,CPI,cpi_headline_yoy,236,ppi_index,PPI Index,Inflation,4,15,0.073774,0.073774,low_sample_and_low_correlation,2026-04-25T22:25:54.019571+00:00
4215,US,USD,CPI,cpi_headline_yoy,236,ppi_index,PPI Index,Inflation,1,14,0.011702,0.011702,low_sample_and_low_correlation,2026-04-25T22:25:54.019571+00:00
4216,US,USD,CPI,cpi_headline_yoy,238,government_payrolls,Government Payrolls,Labor,1,33,0.322611,0.322611,low_correlation,2026-04-25T22:25:54.019571+00:00
4217,US,USD,CPI,cpi_headline_yoy,238,government_payrolls,Government Payrolls,Labor,4,21,0.317422,0.317422,low_sample_and_low_correlation,2026-04-25T22:25:54.019571+00:00
4218,US,USD,CPI,cpi_headline_yoy,238,government_payrolls,Government Payrolls,Labor,3,15,0.283392,0.283392,low_sample_and_low_correlation,2026-04-25T22:25:54.019571+00:00
4219,US,USD,CPI,cpi_headline_yoy,238,government_payrolls,Government Payrolls,Labor,5,29,0.268657,0.268657,low_correlation,2026-04-25T22:25:54.019571+00:00
4220,US,USD,CPI,cpi_headline_yoy,238,government_payrolls,Government Payrolls,Labor,0,43,0.264696,0.264696,low_correlation,2026-04-25T22:25:54.019571+00:00
4221,US,USD,CPI,cpi_headline_yoy,238,government_payrolls,Government Payrolls,Labor,6,35,0.247117,0.247117,low_correlation,2026-04-25T22:25:54.019571+00:00
4222,US,USD,CPI,cpi_headline_yoy,238,government_payrolls,Government Payrolls,Labor,2,22,0.124318,0.124318,low_sample_and_low_correlation,2026-04-25T22:25:54.019571+00:00
4223,US,USD,CPI,cpi_headline_yoy,239,manufacturing_payrolls,Manufacturing Payrolls,Labor,3,15,-0.377916,0.377916,low_sample_and_low_correlation,2026-04-25T22:25:54.019571+00:00
4224,US,USD,CPI,cpi_headline_yoy,239,manufacturing_payrolls,Manufacturing Payrolls,Labor,1,33,0.307151,0.307151,low_correlation,2026-04-25T22:25:54.019571+00:00
4225,US,USD,CPI,cpi_headline_yoy,239,manufacturing_payrolls,Manufacturing Payrolls,Labor,6,35,0.264701,0.264701,low_correlation,2026-04-25T22:25:54.019571+00:00
4226,US,USD,CPI,cpi_headline_yoy,239,manufacturing_payrolls,Manufacturing Payrolls,Labor,5,29,0.245432,0.245432,low_correlation,2026-04-25T22:25:54.019571+00:00
4227,US,USD,CPI,cpi_headline_yoy,239,manufacturing_payrolls,Manufacturing Payrolls,Labor,4,21,0.239825,0.239825,low_sample_and_low_correlation,2026-04-25T22:25:54.019571+00:00
4228,US,USD,CPI,cpi_headline_yoy,239,manufacturing_payrolls,Manufacturing Payrolls,Labor,0,43,0.209384,0.209384,low_correlation,2026-04-25T22:25:54.019571+00:00
4229,US,USD,CPI,cpi_headline_yoy,239,manufacturing_payrolls,Manufacturing Payrolls,Labor,2,22,-0.103990,0.103990,low_sample_and_low_correlation,2026-04-25T22:25:54.019571+00:00
4230,US,USD,CPI,cpi_headline_yoy,240,private_nonfarm_payrolls,Private Nonfarm Payrolls,Labor,3,13,-0.539249,0.539249,low_sample,2026-04-25T22:25:54.019571+00:00
4231,US,USD,CPI,cpi_headline_yoy,240,private_nonfarm_payrolls,Private Nonfarm Payrolls,Labor,1,32,0.295023,0.295023,low_correlation,2026-04-25T22:25:54.019571+00:00
4232,US,USD,CPI,cpi_headline_yoy,240,private_nonfarm_payrolls,Private Nonfarm Payrolls,Labor,6,35,0.259529,0.259529,low_correlation,2026-04-25T22:25:54.019571+00:00
4233,US,USD,CPI,cpi_headline_yoy,240,private_nonfarm_payrolls,Private Nonfarm Payrolls,Labor,5,27,0.236651,0.236651,low_correlation,2026-04-25T22:25:54.019571+00:00
4234,US,USD,CPI,cpi_headline_yoy,240,private_nonfarm_payrolls,Private Nonfarm Payrolls,Labor,4,20,0.236198,0.236198,low_sample_and_low_correlation,2026-04-25T22:25:54.019571+00:00
4235,US,USD,CPI,cpi_headline_yoy,240,private_nonfarm_payrolls,Private Nonfarm Payrolls,Labor,0,43,0.172804,0.172804,low_correlation,2026-04-25T22:25:54.019571+00:00
4236,US,USD,CPI,cpi_headline_yoy,240,private_nonfarm_payrolls,Private Nonfarm Payrolls,Labor,2,20,-0.064200,0.064200,low_sample_and_low_correlation,2026-04-25T22:25:54.019571+00:00
4237,US,USD,CPI,cpi_headline_yoy,242,average_weekly_hours,Average Weekly Hours,Labor,1,33,-0.344733,0.344733,low_correlation,2026-04-25T22:25:54.019571+00:00
4238,US,USD,CPI,cpi_headline_yoy,242,average_weekly_hours,Average Weekly Hours,Labor,3,15,-0.300157,0.300157,low_sample_and_low_correlation,2026-04-25T22:25:54.019571+00:00
4239,US,USD,CPI,cpi_headline_yoy,242,average_weekly_hours,Average Weekly Hours,Labor,2,22,-0.290889,0.290889,low_sample_and_low_correlation,2026-04-25T22:25:54.019571+00:00
4240,US,USD,CPI,cpi_headline_yoy,242,average_weekly_hours,Average Weekly Hours,Labor,5,29,-0.180013,0.180013,low_correlation,2026-04-25T22:25:54.019571+00:00
4241,US,USD,CPI,cpi_headline_yoy,242,average_weekly_hours,Average Weekly Hours,Labor,6,35,-0.155931,0.155931,low_correlation,2026-04-25T22:25:54.019571+00:00
4242,US,USD,CPI,cpi_headline_yoy,242,average_weekly_hours,Average Weekly Hours,Labor,4,21,-0.150349,0.150349,low_sample_and_low_correlation,2026-04-25T22:25:54.019571+00:00
4243,US,USD,CPI,cpi_headline_yoy,243,challenger_job_cuts,Challenger Job Cuts,Labor,3,17,-0.227095,0.227095,low_sample_and_low_correlation,2026-04-25T22:25:54.019571+00:00
4244,US,USD,CPI,cpi_headline_yoy,243,challenger_job_cuts,Challenger Job Cuts,Labor,6,37,-0.163361,0.163361,low_correlation,2026-04-25T22:25:54.019571+00:00
4245,US,USD,CPI,cpi_headline_yoy,243,challenger_job_cuts,Challenger Job Cuts,Labor,5,30,-0.133669,0.133669,low_correlation,2026-04-25T22:25:54.019571+00:00
4246,US,USD,CPI,cpi_headline_yoy,243,challenger_job_cuts,Challenger Job Cuts,Labor,4,23,-0.112868,0.112868,low_sample_and_low_correlation,2026-04-25T22:25:54.019571+00:00
4247,US,USD,CPI,cpi_headline_yoy,243,challenger_job_cuts,Challenger Job Cuts,Labor,2,23,-0.110765,0.110765,low_sample_and_low_correlation,2026-04-25T22:25:54.019571+00:00
4248,US,USD,CPI,cpi_headline_yoy,243,challenger_job_cuts,Challenger Job Cuts,Labor,0,44,0.081482,0.081482,low_correlation,2026-04-25T22:25:54.019571+00:00
4249,US,USD,CPI,cpi_headline_yoy,243,challenger_job_cuts,Challenger Job Cuts,Labor,1,33,-0.066413,0.066413,low_correlation,2026-04-25T22:25:54.019571+00:00
4250,US,USD,CPI,cpi_headline_yoy,244,employment_cost_index_qoq,Employment Cost Index (QoQ),Inflation,4,11,0.773669,0.773669,low_sample,2026-04-25T22:25:54.019571+00:00
4251,US,USD,CPI,cpi_headline_yoy,244,employment_cost_index_qoq,Employment Cost Index (QoQ),Inflation,3,12,0.747856,0.747856,low_sample,2026-04-25T22:25:54.019571+00:00
4252,US,USD,CPI,cpi_headline_yoy,245,employment_cost_wages_qoq,Employment Cost - Wages (QoQ),Inflation,4,11,0.624514,0.624514,low_sample,2026-04-25T22:25:54.019571+00:00
4253,US,USD,CPI,cpi_headline_yoy,245,employment_cost_wages_qoq,Employment Cost - Wages (QoQ),Inflation,3,12,0.613073,0.613073,low_sample,2026-04-25T22:25:54.019571+00:00
4254,US,USD,CPI,cpi_headline_yoy,246,employment_cost_benefits_qoq,Employment Cost - Benefits (QoQ),Inflation,4,11,0.801678,0.801678,low_sample,2026-04-25T22:25:54.019571+00:00
4255,US,USD,CPI,cpi_headline_yoy,246,employment_cost_benefits_qoq,Employment Cost - Benefits (QoQ),Inflation,3,12,0.757174,0.757174,low_sample,2026-04-25T22:25:54.019571+00:00
4256,US,USD,CPI,cpi_headline_mom,17,core_cpi_yoy,Core CPI (YoY),Inflation,2,19,0.457108,0.457108,low_sample,2026-04-25T22:25:54.019571+00:00
4257,US,USD,CPI,cpi_headline_mom,17,core_cpi_yoy,Core CPI (YoY),Inflation,0,38,0.437316,0.437316,not_best_lag,2026-04-25T22:25:54.019571+00:00
4258,US,USD,CPI,cpi_headline_mom,17,core_cpi_yoy,Core CPI (YoY),Inflation,6,32,0.397114,0.397114,low_correlation,2026-04-25T22:25:54.019571+00:00
4259,US,USD,CPI,cpi_headline_mom,17,core_cpi_yoy,Core CPI (YoY),Inflation,1,29,0.300664,0.300664,low_correlation,2026-04-25T22:25:54.019571+00:00
4260,US,USD,CPI,cpi_headline_mom,17,core_cpi_yoy,Core CPI (YoY),Inflation,5,24,0.156842,0.156842,low_correlation,2026-04-25T22:25:54.019571+00:00
4261,US,USD,CPI,cpi_headline_mom,17,core_cpi_yoy,Core CPI (YoY),Inflation,3,15,-0.143736,0.143736,low_sample_and_low_correlation,2026-04-25T22:25:54.019571+00:00
4262,US,USD,CPI,cpi_headline_mom,17,core_cpi_yoy,Core CPI (YoY),Inflation,4,20,0.034215,0.034215,low_sample_and_low_correlation,2026-04-25T22:25:54.019571+00:00
4263,US,USD,CPI,cpi_headline_mom,18,core_cpi_mom,Core CPI (MoM),Inflation,0,38,0.317078,0.317078,low_correlation,2026-04-25T22:25:54.019571+00:00
4264,US,USD,CPI,cpi_headline_mom,18,core_cpi_mom,Core CPI (MoM),Inflation,1,26,0.203507,0.203507,low_correlation,2026-04-25T22:25:54.019571+00:00
4265,US,USD,CPI,cpi_headline_mom,18,core_cpi_mom,Core CPI (MoM),Inflation,5,23,0.131276,0.131276,low_sample_and_low_correlation,2026-04-25T22:25:54.019571+00:00
4266,US,USD,CPI,cpi_headline_mom,18,core_cpi_mom,Core CPI (MoM),Inflation,3,14,-0.107287,0.107287,low_sample_and_low_correlation,2026-04-25T22:25:54.019571+00:00
4267,US,USD,CPI,cpi_headline_mom,18,core_cpi_mom,Core CPI (MoM),Inflation,4,18,-0.079568,0.079568,low_sample_and_low_correlation,2026-04-25T22:25:54.019571+00:00
4268,US,USD,CPI,cpi_headline_mom,18,core_cpi_mom,Core CPI (MoM),Inflation,6,31,0.061142,0.061142,low_correlation,2026-04-25T22:25:54.019571+00:00
4269,US,USD,CPI,cpi_headline_mom,18,core_cpi_mom,Core CPI (MoM),Inflation,2,18,-0.007281,0.007281,low_sample_and_low_correlation,2026-04-25T22:25:54.019571+00:00
4270,US,USD,CPI,cpi_headline_mom,19,cpi_headline_yoy,Headline CPI (YoY),Inflation,6,32,0.496821,0.496821,not_best_lag,2026-04-25T22:25:54.019571+00:00
4271,US,USD,CPI,cpi_headline_mom,19,cpi_headline_yoy,Headline CPI (YoY),Inflation,5,24,0.411190,0.411190,not_best_lag,2026-04-25T22:25:54.019571+00:00
4272,US,USD,CPI,cpi_headline_mom,19,cpi_headline_yoy,Headline CPI (YoY),Inflation,1,31,0.370782,0.370782,low_correlation,2026-04-25T22:25:54.019571+00:00
4273,US,USD,CPI,cpi_headline_mom,19,cpi_headline_yoy,Headline CPI (YoY),Inflation,4,20,0.317459,0.317459,low_sample_and_low_correlation,2026-04-25T22:25:54.019571+00:00
4274,US,USD,CPI,cpi_headline_mom,19,cpi_headline_yoy,Headline CPI (YoY),Inflation,3,17,-0.273251,0.273251,low_sample_and_low_correlation,2026-04-25T22:25:54.019571+00:00
4275,US,USD,CPI,cpi_headline_mom,19,cpi_headline_yoy,Headline CPI (YoY),Inflation,2,22,0.212994,0.212994,low_sample_and_low_correlation,2026-04-25T22:25:54.019571+00:00
4276,US,USD,CPI,cpi_headline_mom,21,ppi_yoy,PPI (YoY),Inflation,2,20,0.502359,0.502359,low_sample,2026-04-25T22:25:54.019571+00:00
4277,US,USD,CPI,cpi_headline_mom,21,ppi_yoy,PPI (YoY),Inflation,6,32,0.325795,0.325795,low_correlation,2026-04-25T22:25:54.019571+00:00
4278,US,USD,CPI,cpi_headline_mom,21,ppi_yoy,PPI (YoY),Inflation,5,26,0.174193,0.174193,low_correlation,2026-04-25T22:25:54.019571+00:00
4279,US,USD,CPI,cpi_headline_mom,21,ppi_yoy,PPI (YoY),Inflation,3,16,0.133572,0.133572,low_sample_and_low_correlation,2026-04-25T22:25:54.019571+00:00
4280,US,USD,CPI,cpi_headline_mom,21,ppi_yoy,PPI (YoY),Inflation,4,21,0.122650,0.122650,low_sample_and_low_correlation,2026-04-25T22:25:54.019571+00:00
4281,US,USD,CPI,cpi_headline_mom,22,core_ppi_yoy,Core PPI (YoY),Inflation,2,20,0.625547,0.625547,low_sample,2026-04-25T22:25:54.019571+00:00
4282,US,USD,CPI,cpi_headline_mom,22,core_ppi_yoy,Core PPI (YoY),Inflation,1,26,0.506260,0.506260,not_best_lag,2026-04-25T22:25:54.019571+00:00
4283,US,USD,CPI,cpi_headline_mom,22,core_ppi_yoy,Core PPI (YoY),Inflation,6,32,0.290959,0.290959,low_correlation,2026-04-25T22:25:54.019571+00:00
4284,US,USD,CPI,cpi_headline_mom,22,core_ppi_yoy,Core PPI (YoY),Inflation,3,16,0.243839,0.243839,low_sample_and_low_correlation,2026-04-25T22:25:54.019571+00:00
4285,US,USD,CPI,cpi_headline_mom,22,core_ppi_yoy,Core PPI (YoY),Inflation,4,20,0.084102,0.084102,low_sample_and_low_correlation,2026-04-25T22:25:54.019571+00:00
4286,US,USD,CPI,cpi_headline_mom,22,core_ppi_yoy,Core PPI (YoY),Inflation,5,25,0.046317,0.046317,low_correlation,2026-04-25T22:25:54.019571+00:00
4287,US,USD,CPI,cpi_headline_mom,24,umich_inflation_exp_5y,UMich 5Y Inflation Expectations,Inflation,4,49,-0.370617,0.370617,low_correlation,2026-04-25T22:25:54.019571+00:00
4288,US,USD,CPI,cpi_headline_mom,24,umich_inflation_exp_5y,UMich 5Y Inflation Expectations,Inflation,3,39,-0.208179,0.208179,low_correlation,2026-04-25T22:25:54.019571+00:00
4289,US,USD,CPI,cpi_headline_mom,24,umich_inflation_exp_5y,UMich 5Y Inflation Expectations,Inflation,0,59,-0.199554,0.199554,low_correlation,2026-04-25T22:25:54.019571+00:00
4290,US,USD,CPI,cpi_headline_mom,24,umich_inflation_exp_5y,UMich 5Y Inflation Expectations,Inflation,2,36,0.041881,0.041881,low_correlation,2026-04-25T22:25:54.019571+00:00
4291,US,USD,CPI,cpi_headline_mom,24,umich_inflation_exp_5y,UMich 5Y Inflation Expectations,Inflation,5,60,0.035869,0.035869,low_correlation,2026-04-25T22:25:54.019571+00:00
4292,US,USD,CPI,cpi_headline_mom,24,umich_inflation_exp_5y,UMich 5Y Inflation Expectations,Inflation,6,56,0.021352,0.021352,low_correlation,2026-04-25T22:25:54.019571+00:00
4293,US,USD,CPI,cpi_headline_mom,24,umich_inflation_exp_5y,UMich 5Y Inflation Expectations,Inflation,1,46,0.002168,0.002168,low_correlation,2026-04-25T22:25:54.019571+00:00
4294,US,USD,CPI,cpi_headline_mom,25,import_prices_yoy,Import Prices (YoY),Inflation,2,20,0.328052,0.328052,low_sample_and_low_correlation,2026-04-25T22:25:54.019571+00:00
4295,US,USD,CPI,cpi_headline_mom,25,import_prices_yoy,Import Prices (YoY),Inflation,6,32,0.309209,0.309209,low_correlation,2026-04-25T22:25:54.019571+00:00
4296,US,USD,CPI,cpi_headline_mom,25,import_prices_yoy,Import Prices (YoY),Inflation,5,24,0.235727,0.235727,low_correlation,2026-04-25T22:25:54.019571+00:00
4297,US,USD,CPI,cpi_headline_mom,25,import_prices_yoy,Import Prices (YoY),Inflation,4,19,0.117723,0.117723,low_sample_and_low_correlation,2026-04-25T22:25:54.019571+00:00
4298,US,USD,CPI,cpi_headline_mom,25,import_prices_yoy,Import Prices (YoY),Inflation,3,14,0.069674,0.069674,low_sample_and_low_correlation,2026-04-25T22:25:54.019571+00:00
4299,US,USD,CPI,cpi_headline_mom,26,nfp,Non-Farm Payrolls,Labor,2,21,0.307813,0.307813,low_sample_and_low_correlation,2026-04-25T22:25:54.019571+00:00
4300,US,USD,CPI,cpi_headline_mom,26,nfp,Non-Farm Payrolls,Labor,1,28,0.285378,0.285378,low_correlation,2026-04-25T22:25:54.019571+00:00
4301,US,USD,CPI,cpi_headline_mom,26,nfp,Non-Farm Payrolls,Labor,5,25,0.155443,0.155443,low_correlation,2026-04-25T22:25:54.019571+00:00
4302,US,USD,CPI,cpi_headline_mom,26,nfp,Non-Farm Payrolls,Labor,6,30,-0.131512,0.131512,low_correlation,2026-04-25T22:25:54.019571+00:00
4303,US,USD,CPI,cpi_headline_mom,26,nfp,Non-Farm Payrolls,Labor,4,20,0.009344,0.009344,low_sample_and_low_correlation,2026-04-25T22:25:54.019571+00:00
4304,US,USD,CPI,cpi_headline_mom,26,nfp,Non-Farm Payrolls,Labor,3,13,-0.004686,0.004686,low_sample_and_low_correlation,2026-04-25T22:25:54.019571+00:00
4305,US,USD,CPI,cpi_headline_mom,27,unemployment_rate,Unemployment Rate,Labor,2,19,-0.459366,0.459366,low_sample,2026-04-25T22:25:54.019571+00:00
4306,US,USD,CPI,cpi_headline_mom,27,unemployment_rate,Unemployment Rate,Labor,1,28,-0.454071,0.454071,not_best_lag,2026-04-25T22:25:54.019571+00:00
4307,US,USD,CPI,cpi_headline_mom,27,unemployment_rate,Unemployment Rate,Labor,5,24,-0.342729,0.342729,low_correlation,2026-04-25T22:25:54.019571+00:00
4308,US,USD,CPI,cpi_headline_mom,27,unemployment_rate,Unemployment Rate,Labor,6,32,-0.285296,0.285296,low_correlation,2026-04-25T22:25:54.019571+00:00
4309,US,USD,CPI,cpi_headline_mom,27,unemployment_rate,Unemployment Rate,Labor,3,14,-0.243207,0.243207,low_sample_and_low_correlation,2026-04-25T22:25:54.019571+00:00
4310,US,USD,CPI,cpi_headline_mom,27,unemployment_rate,Unemployment Rate,Labor,4,20,-0.059320,0.059320,low_sample_and_low_correlation,2026-04-25T22:25:54.019571+00:00
4311,US,USD,CPI,cpi_headline_mom,28,avg_hourly_earnings_yoy,Average Hourly Earnings (YoY),Inflation,3,13,0.408982,0.408982,low_sample,2026-04-25T22:25:54.019571+00:00
4312,US,USD,CPI,cpi_headline_mom,28,avg_hourly_earnings_yoy,Average Hourly Earnings (YoY),Inflation,2,21,0.358245,0.358245,low_sample_and_low_correlation,2026-04-25T22:25:54.019571+00:00
4313,US,USD,CPI,cpi_headline_mom,28,avg_hourly_earnings_yoy,Average Hourly Earnings (YoY),Inflation,1,28,-0.253905,0.253905,low_correlation,2026-04-25T22:25:54.019571+00:00
4314,US,USD,CPI,cpi_headline_mom,28,avg_hourly_earnings_yoy,Average Hourly Earnings (YoY),Inflation,5,25,-0.137976,0.137976,low_correlation,2026-04-25T22:25:54.019571+00:00
4315,US,USD,CPI,cpi_headline_mom,28,avg_hourly_earnings_yoy,Average Hourly Earnings (YoY),Inflation,6,29,0.007719,0.007719,low_correlation,2026-04-25T22:25:54.019571+00:00
4316,US,USD,CPI,cpi_headline_mom,28,avg_hourly_earnings_yoy,Average Hourly Earnings (YoY),Inflation,4,20,0.006430,0.006430,low_sample_and_low_correlation,2026-04-25T22:25:54.019571+00:00
4317,US,USD,CPI,cpi_headline_mom,29,avg_hourly_earnings_mom,Average Hourly Earnings (MoM),Inflation,3,14,0.463134,0.463134,low_sample,2026-04-25T22:25:54.019571+00:00
4318,US,USD,CPI,cpi_headline_mom,29,avg_hourly_earnings_mom,Average Hourly Earnings (MoM),Inflation,2,19,0.370589,0.370589,low_sample_and_low_correlation,2026-04-25T22:25:54.019571+00:00
4319,US,USD,CPI,cpi_headline_mom,29,avg_hourly_earnings_mom,Average Hourly Earnings (MoM),Inflation,1,28,-0.275144,0.275144,low_correlation,2026-04-25T22:25:54.019571+00:00
4320,US,USD,CPI,cpi_headline_mom,29,avg_hourly_earnings_mom,Average Hourly Earnings (MoM),Inflation,5,24,-0.149032,0.149032,low_correlation,2026-04-25T22:25:54.019571+00:00
4321,US,USD,CPI,cpi_headline_mom,29,avg_hourly_earnings_mom,Average Hourly Earnings (MoM),Inflation,4,20,-0.043785,0.043785,low_sample_and_low_correlation,2026-04-25T22:25:54.019571+00:00
4322,US,USD,CPI,cpi_headline_mom,29,avg_hourly_earnings_mom,Average Hourly Earnings (MoM),Inflation,6,32,-0.009898,0.009898,low_correlation,2026-04-25T22:25:54.019571+00:00
4323,US,USD,CPI,cpi_headline_mom,30,participation_rate,Labor Force Participation Rate,Labor,4,19,0.531941,0.531941,low_sample,2026-04-25T22:25:54.019571+00:00
4324,US,USD,CPI,cpi_headline_mom,30,participation_rate,Labor Force Participation Rate,Labor,0,38,0.480282,0.480282,not_best_lag,2026-04-25T22:25:54.019571+00:00
4325,US,USD,CPI,cpi_headline_mom,30,participation_rate,Labor Force Participation Rate,Labor,3,12,0.409404,0.409404,low_sample,2026-04-25T22:25:54.019571+00:00
4326,US,USD,CPI,cpi_headline_mom,30,participation_rate,Labor Force Participation Rate,Labor,2,19,0.385094,0.385094,low_sample_and_low_correlation,2026-04-25T22:25:54.019571+00:00
4327,US,USD,CPI,cpi_headline_mom,30,participation_rate,Labor Force Participation Rate,Labor,5,23,0.282471,0.282471,low_sample_and_low_correlation,2026-04-25T22:25:54.019571+00:00
4328,US,USD,CPI,cpi_headline_mom,30,participation_rate,Labor Force Participation Rate,Labor,6,30,0.220548,0.220548,low_correlation,2026-04-25T22:25:54.019571+00:00
4329,US,USD,CPI,cpi_headline_mom,30,participation_rate,Labor Force Participation Rate,Labor,1,28,0.040889,0.040889,low_correlation,2026-04-25T22:25:54.019571+00:00
4330,US,USD,CPI,cpi_headline_mom,31,u6_unemployment_rate,U-6 Underemployment Rate,Labor,4,11,0.686729,0.686729,low_sample,2026-04-25T22:25:54.019571+00:00
4331,US,USD,CPI,cpi_headline_mom,31,u6_unemployment_rate,U-6 Underemployment Rate,Labor,5,11,-0.495310,0.495310,low_sample,2026-04-25T22:25:54.019571+00:00
4332,US,USD,CPI,cpi_headline_mom,31,u6_unemployment_rate,U-6 Underemployment Rate,Labor,1,15,-0.355360,0.355360,low_sample_and_low_correlation,2026-04-25T22:25:54.019571+00:00
4333,US,USD,CPI,cpi_headline_mom,31,u6_unemployment_rate,U-6 Underemployment Rate,Labor,0,17,-0.260853,0.260853,low_sample_and_low_correlation,2026-04-25T22:25:54.019571+00:00
4334,US,USD,CPI,cpi_headline_mom,31,u6_unemployment_rate,U-6 Underemployment Rate,Labor,2,12,-0.228014,0.228014,low_sample_and_low_correlation,2026-04-25T22:25:54.019571+00:00
4335,US,USD,CPI,cpi_headline_mom,31,u6_unemployment_rate,U-6 Underemployment Rate,Labor,6,10,0.068369,0.068369,low_sample_and_low_correlation,2026-04-25T22:25:54.019571+00:00
4336,US,USD,CPI,cpi_headline_mom,31,u6_unemployment_rate,U-6 Underemployment Rate,Labor,3,11,-0.043392,0.043392,low_sample_and_low_correlation,2026-04-25T22:25:54.019571+00:00
4337,US,USD,CPI,cpi_headline_mom,32,adp_employment_change,ADP Employment Change,Labor,3,16,0.467604,0.467604,low_sample,2026-04-25T22:25:54.019571+00:00
4338,US,USD,CPI,cpi_headline_mom,32,adp_employment_change,ADP Employment Change,Labor,4,21,-0.126587,0.126587,low_sample_and_low_correlation,2026-04-25T22:25:54.019571+00:00
4339,US,USD,CPI,cpi_headline_mom,32,adp_employment_change,ADP Employment Change,Labor,2,21,0.122258,0.122258,low_sample_and_low_correlation,2026-04-25T22:25:54.019571+00:00
4340,US,USD,CPI,cpi_headline_mom,32,adp_employment_change,ADP Employment Change,Labor,5,26,0.117235,0.117235,low_correlation,2026-04-25T22:25:54.019571+00:00
4341,US,USD,CPI,cpi_headline_mom,32,adp_employment_change,ADP Employment Change,Labor,1,27,0.108001,0.108001,low_correlation,2026-04-25T22:25:54.019571+00:00
4342,US,USD,CPI,cpi_headline_mom,32,adp_employment_change,ADP Employment Change,Labor,6,32,0.062670,0.062670,low_correlation,2026-04-25T22:25:54.019571+00:00
4343,US,USD,CPI,cpi_headline_mom,32,adp_employment_change,ADP Employment Change,Labor,0,38,-0.016761,0.016761,low_correlation,2026-04-25T22:25:54.019571+00:00
4344,US,USD,CPI,cpi_headline_mom,33,initial_jobless_claims,Initial Jobless Claims,Labor,4,118,-0.261768,0.261768,low_correlation,2026-04-25T22:25:54.019571+00:00
4345,US,USD,CPI,cpi_headline_mom,33,initial_jobless_claims,Initial Jobless Claims,Labor,0,152,-0.237934,0.237934,low_correlation,2026-04-25T22:25:54.019571+00:00
4346,US,USD,CPI,cpi_headline_mom,33,initial_jobless_claims,Initial Jobless Claims,Labor,2,84,-0.203594,0.203594,low_correlation,2026-04-25T22:25:54.019571+00:00
4347,US,USD,CPI,cpi_headline_mom,33,initial_jobless_claims,Initial Jobless Claims,Labor,6,128,-0.142608,0.142608,low_correlation,2026-04-25T22:25:54.019571+00:00
4348,US,USD,CPI,cpi_headline_mom,33,initial_jobless_claims,Initial Jobless Claims,Labor,3,89,-0.082295,0.082295,low_correlation,2026-04-25T22:25:54.019571+00:00
4349,US,USD,CPI,cpi_headline_mom,33,initial_jobless_claims,Initial Jobless Claims,Labor,5,144,-0.061004,0.061004,low_correlation,2026-04-25T22:25:54.019571+00:00
4350,US,USD,CPI,cpi_headline_mom,34,ism_manufacturing_pmi,ISM Manufacturing PMI,Growth,3,15,-0.693105,0.693105,low_sample,2026-04-25T22:25:54.019571+00:00
4351,US,USD,CPI,cpi_headline_mom,34,ism_manufacturing_pmi,ISM Manufacturing PMI,Growth,2,19,-0.596441,0.596441,low_sample,2026-04-25T22:25:54.019571+00:00
4352,US,USD,CPI,cpi_headline_mom,34,ism_manufacturing_pmi,ISM Manufacturing PMI,Growth,0,37,-0.289409,0.289409,low_correlation,2026-04-25T22:25:54.019571+00:00
4353,US,USD,CPI,cpi_headline_mom,34,ism_manufacturing_pmi,ISM Manufacturing PMI,Growth,4,20,-0.286682,0.286682,low_sample_and_low_correlation,2026-04-25T22:25:54.019571+00:00
4354,US,USD,CPI,cpi_headline_mom,34,ism_manufacturing_pmi,ISM Manufacturing PMI,Growth,1,26,0.280410,0.280410,low_correlation,2026-04-25T22:25:54.019571+00:00
4355,US,USD,CPI,cpi_headline_mom,34,ism_manufacturing_pmi,ISM Manufacturing PMI,Growth,5,25,0.215272,0.215272,low_correlation,2026-04-25T22:25:54.019571+00:00
4356,US,USD,CPI,cpi_headline_mom,34,ism_manufacturing_pmi,ISM Manufacturing PMI,Growth,6,32,0.160414,0.160414,low_correlation,2026-04-25T22:25:54.019571+00:00
4357,US,USD,CPI,cpi_headline_mom,35,ism_manufacturing_prices,ISM Manufacturing Prices Paid,Inflation,3,15,-0.184183,0.184183,low_sample_and_low_correlation,2026-04-25T22:25:54.019571+00:00
4358,US,USD,CPI,cpi_headline_mom,35,ism_manufacturing_prices,ISM Manufacturing Prices Paid,Inflation,4,20,-0.176126,0.176126,low_sample_and_low_correlation,2026-04-25T22:25:54.019571+00:00
4359,US,USD,CPI,cpi_headline_mom,35,ism_manufacturing_prices,ISM Manufacturing Prices Paid,Inflation,6,32,0.169391,0.169391,low_correlation,2026-04-25T22:25:54.019571+00:00
4360,US,USD,CPI,cpi_headline_mom,35,ism_manufacturing_prices,ISM Manufacturing Prices Paid,Inflation,1,26,0.157411,0.157411,low_correlation,2026-04-25T22:25:54.019571+00:00
4361,US,USD,CPI,cpi_headline_mom,35,ism_manufacturing_prices,ISM Manufacturing Prices Paid,Inflation,2,19,0.138272,0.138272,low_sample_and_low_correlation,2026-04-25T22:25:54.019571+00:00
4362,US,USD,CPI,cpi_headline_mom,35,ism_manufacturing_prices,ISM Manufacturing Prices Paid,Inflation,0,37,-0.031604,0.031604,low_correlation,2026-04-25T22:25:54.019571+00:00
4363,US,USD,CPI,cpi_headline_mom,35,ism_manufacturing_prices,ISM Manufacturing Prices Paid,Inflation,5,25,0.000146,0.000146,low_correlation,2026-04-25T22:25:54.019571+00:00
4364,US,USD,CPI,cpi_headline_mom,36,ism_manufacturing_employment,ISM Manufacturing Employment,Labor,1,26,0.374158,0.374158,low_correlation,2026-04-25T22:25:54.019571+00:00
4365,US,USD,CPI,cpi_headline_mom,36,ism_manufacturing_employment,ISM Manufacturing Employment,Labor,5,25,0.370664,0.370664,low_correlation,2026-04-25T22:25:54.019571+00:00
4366,US,USD,CPI,cpi_headline_mom,36,ism_manufacturing_employment,ISM Manufacturing Employment,Labor,0,37,0.310531,0.310531,low_correlation,2026-04-25T22:25:54.019571+00:00
4367,US,USD,CPI,cpi_headline_mom,36,ism_manufacturing_employment,ISM Manufacturing Employment,Labor,2,19,0.277208,0.277208,low_sample_and_low_correlation,2026-04-25T22:25:54.019571+00:00
4368,US,USD,CPI,cpi_headline_mom,36,ism_manufacturing_employment,ISM Manufacturing Employment,Labor,6,32,0.210257,0.210257,low_correlation,2026-04-25T22:25:54.019571+00:00
4369,US,USD,CPI,cpi_headline_mom,36,ism_manufacturing_employment,ISM Manufacturing Employment,Labor,3,15,0.060732,0.060732,low_sample_and_low_correlation,2026-04-25T22:25:54.019571+00:00
4370,US,USD,CPI,cpi_headline_mom,36,ism_manufacturing_employment,ISM Manufacturing Employment,Labor,4,20,0.018664,0.018664,low_sample_and_low_correlation,2026-04-25T22:25:54.019571+00:00
4371,US,USD,CPI,cpi_headline_mom,37,ism_manufacturing_new_orders,ISM Manufacturing New Orders,Growth,3,15,-0.372666,0.372666,low_sample_and_low_correlation,2026-04-25T22:25:54.019571+00:00
4372,US,USD,CPI,cpi_headline_mom,37,ism_manufacturing_new_orders,ISM Manufacturing New Orders,Growth,4,20,-0.343714,0.343714,low_sample_and_low_correlation,2026-04-25T22:25:54.019571+00:00
4373,US,USD,CPI,cpi_headline_mom,37,ism_manufacturing_new_orders,ISM Manufacturing New Orders,Growth,2,19,-0.307217,0.307217,low_sample_and_low_correlation,2026-04-25T22:25:54.019571+00:00
4374,US,USD,CPI,cpi_headline_mom,37,ism_manufacturing_new_orders,ISM Manufacturing New Orders,Growth,5,25,-0.202695,0.202695,low_correlation,2026-04-25T22:25:54.019571+00:00
4375,US,USD,CPI,cpi_headline_mom,37,ism_manufacturing_new_orders,ISM Manufacturing New Orders,Growth,6,32,0.164537,0.164537,low_correlation,2026-04-25T22:25:54.019571+00:00
4376,US,USD,CPI,cpi_headline_mom,37,ism_manufacturing_new_orders,ISM Manufacturing New Orders,Growth,1,26,0.138383,0.138383,low_correlation,2026-04-25T22:25:54.019571+00:00
4377,US,USD,CPI,cpi_headline_mom,37,ism_manufacturing_new_orders,ISM Manufacturing New Orders,Growth,0,37,-0.125038,0.125038,low_correlation,2026-04-25T22:25:54.019571+00:00
4378,US,USD,CPI,cpi_headline_mom,38,sp_global_manufacturing_pmi,S&P Global Manufacturing PMI,Growth,6,34,0.373420,0.373420,low_correlation,2026-04-25T22:25:54.019571+00:00
4379,US,USD,CPI,cpi_headline_mom,38,sp_global_manufacturing_pmi,S&P Global Manufacturing PMI,Growth,3,21,-0.286990,0.286990,low_sample_and_low_correlation,2026-04-25T22:25:54.019571+00:00
4380,US,USD,CPI,cpi_headline_mom,38,sp_global_manufacturing_pmi,S&P Global Manufacturing PMI,Growth,5,34,0.271797,0.271797,low_correlation,2026-04-25T22:25:54.019571+00:00
4381,US,USD,CPI,cpi_headline_mom,38,sp_global_manufacturing_pmi,S&P Global Manufacturing PMI,Growth,4,28,0.139892,0.139892,low_correlation,2026-04-25T22:25:54.019571+00:00
4382,US,USD,CPI,cpi_headline_mom,38,sp_global_manufacturing_pmi,S&P Global Manufacturing PMI,Growth,0,39,-0.076475,0.076475,low_correlation,2026-04-25T22:25:54.019571+00:00
4383,US,USD,CPI,cpi_headline_mom,38,sp_global_manufacturing_pmi,S&P Global Manufacturing PMI,Growth,2,22,-0.070931,0.070931,low_sample_and_low_correlation,2026-04-25T22:25:54.019571+00:00
4384,US,USD,CPI,cpi_headline_mom,39,sp_global_services_pmi,S&P Global Services PMI,Growth,4,29,-0.355469,0.355469,low_correlation,2026-04-25T22:25:54.019571+00:00
4385,US,USD,CPI,cpi_headline_mom,39,sp_global_services_pmi,S&P Global Services PMI,Growth,3,24,-0.353359,0.353359,low_correlation,2026-04-25T22:25:54.019571+00:00
4386,US,USD,CPI,cpi_headline_mom,39,sp_global_services_pmi,S&P Global Services PMI,Growth,0,42,-0.318681,0.318681,low_correlation,2026-04-25T22:25:54.019571+00:00
4387,US,USD,CPI,cpi_headline_mom,39,sp_global_services_pmi,S&P Global Services PMI,Growth,1,33,0.155020,0.155020,low_correlation,2026-04-25T22:25:54.019571+00:00
4388,US,USD,CPI,cpi_headline_mom,39,sp_global_services_pmi,S&P Global Services PMI,Growth,2,26,0.101815,0.101815,low_correlation,2026-04-25T22:25:54.019571+00:00
4389,US,USD,CPI,cpi_headline_mom,39,sp_global_services_pmi,S&P Global Services PMI,Growth,5,35,-0.059595,0.059595,low_correlation,2026-04-25T22:25:54.019571+00:00
4390,US,USD,CPI,cpi_headline_mom,39,sp_global_services_pmi,S&P Global Services PMI,Growth,6,35,0.005081,0.005081,low_correlation,2026-04-25T22:25:54.019571+00:00
4391,US,USD,CPI,cpi_headline_mom,40,sp_global_composite_pmi,S&P Global Composite PMI,Growth,0,42,-0.378422,0.378422,low_correlation,2026-04-25T22:25:54.019571+00:00
4392,US,USD,CPI,cpi_headline_mom,40,sp_global_composite_pmi,S&P Global Composite PMI,Growth,4,29,-0.249102,0.249102,low_correlation,2026-04-25T22:25:54.019571+00:00
4393,US,USD,CPI,cpi_headline_mom,40,sp_global_composite_pmi,S&P Global Composite PMI,Growth,1,33,0.135273,0.135273,low_correlation,2026-04-25T22:25:54.019571+00:00
4394,US,USD,CPI,cpi_headline_mom,40,sp_global_composite_pmi,S&P Global Composite PMI,Growth,2,26,0.066773,0.066773,low_correlation,2026-04-25T22:25:54.019571+00:00
4395,US,USD,CPI,cpi_headline_mom,40,sp_global_composite_pmi,S&P Global Composite PMI,Growth,6,35,0.049582,0.049582,low_correlation,2026-04-25T22:25:54.019571+00:00
4396,US,USD,CPI,cpi_headline_mom,40,sp_global_composite_pmi,S&P Global Composite PMI,Growth,5,35,-0.029841,0.029841,low_correlation,2026-04-25T22:25:54.019571+00:00
4397,US,USD,CPI,cpi_headline_mom,41,retail_sales_mom,Retail Sales (MoM),Growth,1,28,0.270024,0.270024,low_correlation,2026-04-25T22:25:54.019571+00:00
4398,US,USD,CPI,cpi_headline_mom,41,retail_sales_mom,Retail Sales (MoM),Growth,3,17,-0.162639,0.162639,low_sample_and_low_correlation,2026-04-25T22:25:54.019571+00:00
4399,US,USD,CPI,cpi_headline_mom,41,retail_sales_mom,Retail Sales (MoM),Growth,6,30,-0.136966,0.136966,low_correlation,2026-04-25T22:25:54.019571+00:00
4400,US,USD,CPI,cpi_headline_mom,41,retail_sales_mom,Retail Sales (MoM),Growth,2,22,0.126340,0.126340,low_sample_and_low_correlation,2026-04-25T22:25:54.019571+00:00
4401,US,USD,CPI,cpi_headline_mom,41,retail_sales_mom,Retail Sales (MoM),Growth,5,26,0.102032,0.102032,low_correlation,2026-04-25T22:25:54.019571+00:00
4402,US,USD,CPI,cpi_headline_mom,41,retail_sales_mom,Retail Sales (MoM),Growth,4,22,0.007365,0.007365,low_sample_and_low_correlation,2026-04-25T22:25:54.019571+00:00
4403,US,USD,CPI,cpi_headline_mom,42,retail_sales_yoy,Retail Sales (YoY),Growth,3,17,-0.677023,0.677023,low_sample,2026-04-25T22:25:54.019571+00:00
4404,US,USD,CPI,cpi_headline_mom,42,retail_sales_yoy,Retail Sales (YoY),Growth,4,22,-0.346501,0.346501,low_sample_and_low_correlation,2026-04-25T22:25:54.019571+00:00
4405,US,USD,CPI,cpi_headline_mom,42,retail_sales_yoy,Retail Sales (YoY),Growth,1,30,0.268936,0.268936,low_correlation,2026-04-25T22:25:54.019571+00:00
4406,US,USD,CPI,cpi_headline_mom,42,retail_sales_yoy,Retail Sales (YoY),Growth,2,23,0.142986,0.142986,low_sample_and_low_correlation,2026-04-25T22:25:54.019571+00:00
4407,US,USD,CPI,cpi_headline_mom,42,retail_sales_yoy,Retail Sales (YoY),Growth,6,33,0.125849,0.125849,low_correlation,2026-04-25T22:25:54.019571+00:00
4408,US,USD,CPI,cpi_headline_mom,42,retail_sales_yoy,Retail Sales (YoY),Growth,5,27,-0.005497,0.005497,low_correlation,2026-04-25T22:25:54.019571+00:00
4409,US,USD,CPI,cpi_headline_mom,43,ny_empire_state_mfg,NY Empire State Manufacturing Index,Growth,6,27,0.388239,0.388239,low_correlation,2026-04-25T22:25:54.019571+00:00
4410,US,USD,CPI,cpi_headline_mom,43,ny_empire_state_mfg,NY Empire State Manufacturing Index,Growth,2,17,0.149064,0.149064,low_sample_and_low_correlation,2026-04-25T22:25:54.019571+00:00
4411,US,USD,CPI,cpi_headline_mom,43,ny_empire_state_mfg,NY Empire State Manufacturing Index,Growth,1,22,0.123162,0.123162,low_sample_and_low_correlation,2026-04-25T22:25:54.019571+00:00
4412,US,USD,CPI,cpi_headline_mom,43,ny_empire_state_mfg,NY Empire State Manufacturing Index,Growth,5,32,0.116605,0.116605,low_correlation,2026-04-25T22:25:54.019571+00:00
4413,US,USD,CPI,cpi_headline_mom,43,ny_empire_state_mfg,NY Empire State Manufacturing Index,Growth,4,26,0.084718,0.084718,low_correlation,2026-04-25T22:25:54.019571+00:00
4414,US,USD,CPI,cpi_headline_mom,43,ny_empire_state_mfg,NY Empire State Manufacturing Index,Growth,3,21,-0.079899,0.079899,low_sample_and_low_correlation,2026-04-25T22:25:54.019571+00:00
4415,US,USD,CPI,cpi_headline_mom,43,ny_empire_state_mfg,NY Empire State Manufacturing Index,Growth,0,31,-0.041934,0.041934,low_correlation,2026-04-25T22:25:54.019571+00:00
4416,US,USD,CPI,cpi_headline_mom,44,philly_fed_mfg,Philadelphia Fed Manufacturing Index,Growth,2,17,0.315047,0.315047,low_sample_and_low_correlation,2026-04-25T22:25:54.019571+00:00
4417,US,USD,CPI,cpi_headline_mom,44,philly_fed_mfg,Philadelphia Fed Manufacturing Index,Growth,3,22,-0.215853,0.215853,low_sample_and_low_correlation,2026-04-25T22:25:54.019571+00:00
4418,US,USD,CPI,cpi_headline_mom,44,philly_fed_mfg,Philadelphia Fed Manufacturing Index,Growth,5,33,-0.180002,0.180002,low_correlation,2026-04-25T22:25:54.019571+00:00
4419,US,USD,CPI,cpi_headline_mom,44,philly_fed_mfg,Philadelphia Fed Manufacturing Index,Growth,6,28,0.161625,0.161625,low_correlation,2026-04-25T22:25:54.019571+00:00
4420,US,USD,CPI,cpi_headline_mom,44,philly_fed_mfg,Philadelphia Fed Manufacturing Index,Growth,1,23,0.153729,0.153729,low_sample_and_low_correlation,2026-04-25T22:25:54.019571+00:00
4421,US,USD,CPI,cpi_headline_mom,44,philly_fed_mfg,Philadelphia Fed Manufacturing Index,Growth,4,27,0.113190,0.113190,low_correlation,2026-04-25T22:25:54.019571+00:00
4422,US,USD,CPI,cpi_headline_mom,44,philly_fed_mfg,Philadelphia Fed Manufacturing Index,Growth,0,32,-0.014935,0.014935,low_correlation,2026-04-25T22:25:54.019571+00:00
4423,US,USD,CPI,cpi_headline_mom,45,umich_consumer_sentiment,UMich Consumer Sentiment,Growth,6,55,-0.243906,0.243906,low_correlation,2026-04-25T22:25:54.019571+00:00
4424,US,USD,CPI,cpi_headline_mom,45,umich_consumer_sentiment,UMich Consumer Sentiment,Growth,4,50,-0.209791,0.209791,low_correlation,2026-04-25T22:25:54.019571+00:00
4425,US,USD,CPI,cpi_headline_mom,45,umich_consumer_sentiment,UMich Consumer Sentiment,Growth,5,61,-0.172573,0.172573,low_correlation,2026-04-25T22:25:54.019571+00:00
4426,US,USD,CPI,cpi_headline_mom,45,umich_consumer_sentiment,UMich Consumer Sentiment,Growth,1,47,0.160025,0.160025,low_correlation,2026-04-25T22:25:54.019571+00:00
4427,US,USD,CPI,cpi_headline_mom,45,umich_consumer_sentiment,UMich Consumer Sentiment,Growth,0,59,0.102075,0.102075,low_correlation,2026-04-25T22:25:54.019571+00:00
4428,US,USD,CPI,cpi_headline_mom,45,umich_consumer_sentiment,UMich Consumer Sentiment,Growth,2,36,-0.041954,0.041954,low_correlation,2026-04-25T22:25:54.019571+00:00
4429,US,USD,CPI,cpi_headline_mom,45,umich_consumer_sentiment,UMich Consumer Sentiment,Growth,3,39,0.016815,0.016815,low_correlation,2026-04-25T22:25:54.019571+00:00
4430,US,USD,CPI,cpi_headline_mom,46,nfib_business_optimism,NFIB Business Optimism Index,Growth,4,21,-0.423935,0.423935,low_sample,2026-04-25T22:25:54.019571+00:00
4431,US,USD,CPI,cpi_headline_mom,46,nfib_business_optimism,NFIB Business Optimism Index,Growth,2,21,-0.284637,0.284637,low_sample_and_low_correlation,2026-04-25T22:25:54.019571+00:00
4432,US,USD,CPI,cpi_headline_mom,46,nfib_business_optimism,NFIB Business Optimism Index,Growth,0,34,-0.243765,0.243765,low_correlation,2026-04-25T22:25:54.019571+00:00
4433,US,USD,CPI,cpi_headline_mom,46,nfib_business_optimism,NFIB Business Optimism Index,Growth,6,32,-0.138528,0.138528,low_correlation,2026-04-25T22:25:54.019571+00:00
4434,US,USD,CPI,cpi_headline_mom,46,nfib_business_optimism,NFIB Business Optimism Index,Growth,1,28,-0.070027,0.070027,low_correlation,2026-04-25T22:25:54.019571+00:00
4435,US,USD,CPI,cpi_headline_mom,46,nfib_business_optimism,NFIB Business Optimism Index,Growth,3,15,-0.042129,0.042129,low_sample_and_low_correlation,2026-04-25T22:25:54.019571+00:00
4436,US,USD,CPI,cpi_headline_mom,178,continuing_jobless_claims,Continuing Jobless Claims,Labor,0,152,-0.397420,0.397420,low_correlation,2026-04-25T22:25:54.019571+00:00
4437,US,USD,CPI,cpi_headline_mom,178,continuing_jobless_claims,Continuing Jobless Claims,Labor,4,112,-0.353229,0.353229,low_correlation,2026-04-25T22:25:54.019571+00:00
4438,US,USD,CPI,cpi_headline_mom,178,continuing_jobless_claims,Continuing Jobless Claims,Labor,2,88,-0.346555,0.346555,low_correlation,2026-04-25T22:25:54.019571+00:00
4439,US,USD,CPI,cpi_headline_mom,178,continuing_jobless_claims,Continuing Jobless Claims,Labor,6,135,-0.279347,0.279347,low_correlation,2026-04-25T22:25:54.019571+00:00
4440,US,USD,CPI,cpi_headline_mom,178,continuing_jobless_claims,Continuing Jobless Claims,Labor,3,81,-0.188859,0.188859,low_correlation,2026-04-25T22:25:54.019571+00:00
4441,US,USD,CPI,cpi_headline_mom,178,continuing_jobless_claims,Continuing Jobless Claims,Labor,5,137,-0.143130,0.143130,low_correlation,2026-04-25T22:25:54.019571+00:00
4442,US,USD,CPI,cpi_headline_mom,179,jobless_claims_4week_average,Jobless Claims 4-Week Average,Labor,5,140,-0.342486,0.342486,low_correlation,2026-04-25T22:25:54.019571+00:00
4443,US,USD,CPI,cpi_headline_mom,179,jobless_claims_4week_average,Jobless Claims 4-Week Average,Labor,6,124,-0.225297,0.225297,low_correlation,2026-04-25T22:25:54.019571+00:00
4444,US,USD,CPI,cpi_headline_mom,179,jobless_claims_4week_average,Jobless Claims 4-Week Average,Labor,0,147,-0.194353,0.194353,low_correlation,2026-04-25T22:25:54.019571+00:00
4445,US,USD,CPI,cpi_headline_mom,179,jobless_claims_4week_average,Jobless Claims 4-Week Average,Labor,1,111,-0.156175,0.156175,low_correlation,2026-04-25T22:25:54.019571+00:00
4446,US,USD,CPI,cpi_headline_mom,179,jobless_claims_4week_average,Jobless Claims 4-Week Average,Labor,4,117,-0.070196,0.070196,low_correlation,2026-04-25T22:25:54.019571+00:00
4447,US,USD,CPI,cpi_headline_mom,179,jobless_claims_4week_average,Jobless Claims 4-Week Average,Labor,3,89,-0.026820,0.026820,low_correlation,2026-04-25T22:25:54.019571+00:00
4448,US,USD,CPI,cpi_headline_mom,179,jobless_claims_4week_average,Jobless Claims 4-Week Average,Labor,2,80,-0.015595,0.015595,low_correlation,2026-04-25T22:25:54.019571+00:00
4449,US,USD,CPI,cpi_headline_mom,180,ism_services_business_activity,ISM Services Business Activity,Growth,6,14,-0.534379,0.534379,low_sample,2026-04-25T22:25:54.019571+00:00
4450,US,USD,CPI,cpi_headline_mom,180,ism_services_business_activity,ISM Services Business Activity,Growth,1,16,0.407292,0.407292,low_sample,2026-04-25T22:25:54.019571+00:00
4451,US,USD,CPI,cpi_headline_mom,180,ism_services_business_activity,ISM Services Business Activity,Growth,3,14,0.372746,0.372746,low_sample_and_low_correlation,2026-04-25T22:25:54.019571+00:00
4452,US,USD,CPI,cpi_headline_mom,180,ism_services_business_activity,ISM Services Business Activity,Growth,5,14,0.231074,0.231074,low_sample_and_low_correlation,2026-04-25T22:25:54.019571+00:00
4453,US,USD,CPI,cpi_headline_mom,180,ism_services_business_activity,ISM Services Business Activity,Growth,4,13,0.184561,0.184561,low_sample_and_low_correlation,2026-04-25T22:25:54.019571+00:00
4454,US,USD,CPI,cpi_headline_mom,180,ism_services_business_activity,ISM Services Business Activity,Growth,2,15,-0.109415,0.109415,low_sample_and_low_correlation,2026-04-25T22:25:54.019571+00:00
4455,US,USD,CPI,cpi_headline_mom,180,ism_services_business_activity,ISM Services Business Activity,Growth,0,20,0.068650,0.068650,low_sample_and_low_correlation,2026-04-25T22:25:54.019571+00:00
4456,US,USD,CPI,cpi_headline_mom,181,ism_services_employment,ISM Services Employment,Labor,3,14,0.536028,0.536028,low_sample,2026-04-25T22:25:54.019571+00:00
4457,US,USD,CPI,cpi_headline_mom,181,ism_services_employment,ISM Services Employment,Labor,4,19,0.357893,0.357893,low_sample_and_low_correlation,2026-04-25T22:25:54.019571+00:00
4458,US,USD,CPI,cpi_headline_mom,181,ism_services_employment,ISM Services Employment,Labor,6,27,0.224406,0.224406,low_correlation,2026-04-25T22:25:54.019571+00:00
4459,US,USD,CPI,cpi_headline_mom,181,ism_services_employment,ISM Services Employment,Labor,5,22,0.150689,0.150689,low_sample_and_low_correlation,2026-04-25T22:25:54.019571+00:00
4460,US,USD,CPI,cpi_headline_mom,181,ism_services_employment,ISM Services Employment,Labor,0,32,0.133145,0.133145,low_correlation,2026-04-25T22:25:54.019571+00:00
4461,US,USD,CPI,cpi_headline_mom,181,ism_services_employment,ISM Services Employment,Labor,1,24,0.083961,0.083961,low_correlation,2026-04-25T22:25:54.019571+00:00
4462,US,USD,CPI,cpi_headline_mom,181,ism_services_employment,ISM Services Employment,Labor,2,18,0.010872,0.010872,low_sample_and_low_correlation,2026-04-25T22:25:54.019571+00:00
4463,US,USD,CPI,cpi_headline_mom,182,new_home_sales,New Home Sales,Growth,3,20,-0.609045,0.609045,low_sample,2026-04-25T22:25:54.019571+00:00
4464,US,USD,CPI,cpi_headline_mom,182,new_home_sales,New Home Sales,Growth,2,25,0.089443,0.089443,low_correlation,2026-04-25T22:25:54.019571+00:00
4465,US,USD,CPI,cpi_headline_mom,182,new_home_sales,New Home Sales,Growth,5,26,-0.075931,0.075931,low_correlation,2026-04-25T22:25:54.019571+00:00
4466,US,USD,CPI,cpi_headline_mom,182,new_home_sales,New Home Sales,Growth,6,31,-0.072687,0.072687,low_correlation,2026-04-25T22:25:54.019571+00:00
4467,US,USD,CPI,cpi_headline_mom,182,new_home_sales,New Home Sales,Growth,4,23,-0.047144,0.047144,low_sample_and_low_correlation,2026-04-25T22:25:54.019571+00:00
4468,US,USD,CPI,cpi_headline_mom,182,new_home_sales,New Home Sales,Growth,1,32,-0.031938,0.031938,low_correlation,2026-04-25T22:25:54.019571+00:00
4469,US,USD,CPI,cpi_headline_mom,184,redbook_yoy,Redbook Retail Sales (YoY),Growth,4,119,0.228668,0.228668,low_correlation,2026-04-25T22:25:54.019571+00:00
4470,US,USD,CPI,cpi_headline_mom,184,redbook_yoy,Redbook Retail Sales (YoY),Growth,3,91,0.186892,0.186892,low_correlation,2026-04-25T22:25:54.019571+00:00
4471,US,USD,CPI,cpi_headline_mom,184,redbook_yoy,Redbook Retail Sales (YoY),Growth,1,111,0.134095,0.134095,low_correlation,2026-04-25T22:25:54.019571+00:00
4472,US,USD,CPI,cpi_headline_mom,184,redbook_yoy,Redbook Retail Sales (YoY),Growth,6,124,0.121210,0.121210,low_correlation,2026-04-25T22:25:54.019571+00:00
4473,US,USD,CPI,cpi_headline_mom,184,redbook_yoy,Redbook Retail Sales (YoY),Growth,5,145,0.105309,0.105309,low_correlation,2026-04-25T22:25:54.019571+00:00
4474,US,USD,CPI,cpi_headline_mom,184,redbook_yoy,Redbook Retail Sales (YoY),Growth,0,146,0.095648,0.095648,low_correlation,2026-04-25T22:25:54.019571+00:00
4475,US,USD,CPI,cpi_headline_mom,184,redbook_yoy,Redbook Retail Sales (YoY),Growth,2,79,-0.073143,0.073143,low_correlation,2026-04-25T22:25:54.019571+00:00
4476,US,USD,CPI,cpi_headline_mom,218,cpi_index,CPI Index,Inflation,3,13,-0.730264,0.730264,low_sample,2026-04-25T22:25:54.019571+00:00
4477,US,USD,CPI,cpi_headline_mom,218,cpi_index,CPI Index,Inflation,1,24,0.579797,0.579797,not_best_lag,2026-04-25T22:25:54.019571+00:00
4478,US,USD,CPI,cpi_headline_mom,218,cpi_index,CPI Index,Inflation,2,17,0.483072,0.483072,low_sample,2026-04-25T22:25:54.019571+00:00
4479,US,USD,CPI,cpi_headline_mom,218,cpi_index,CPI Index,Inflation,0,31,0.431556,0.431556,not_best_lag,2026-04-25T22:25:54.019571+00:00
4480,US,USD,CPI,cpi_headline_mom,218,cpi_index,CPI Index,Inflation,6,26,0.365122,0.365122,low_correlation,2026-04-25T22:25:54.019571+00:00
4481,US,USD,CPI,cpi_headline_mom,218,cpi_index,CPI Index,Inflation,5,20,0.288149,0.288149,low_sample_and_low_correlation,2026-04-25T22:25:54.019571+00:00
4482,US,USD,CPI,cpi_headline_mom,218,cpi_index,CPI Index,Inflation,4,17,-0.237355,0.237355,low_sample_and_low_correlation,2026-04-25T22:25:54.019571+00:00
4483,US,USD,CPI,cpi_headline_mom,219,cpi_sa_index,CPI SA Index,Inflation,0,19,0.588121,0.588121,low_sample,2026-04-25T22:25:54.019571+00:00
4484,US,USD,CPI,cpi_headline_mom,219,cpi_sa_index,CPI SA Index,Inflation,6,15,0.216205,0.216205,low_sample_and_low_correlation,2026-04-25T22:25:54.019571+00:00
4485,US,USD,CPI,cpi_headline_mom,219,cpi_sa_index,CPI SA Index,Inflation,2,13,-0.206453,0.206453,low_sample_and_low_correlation,2026-04-25T22:25:54.019571+00:00
4486,US,USD,CPI,cpi_headline_mom,219,cpi_sa_index,CPI SA Index,Inflation,1,16,0.169703,0.169703,low_sample_and_low_correlation,2026-04-25T22:25:54.019571+00:00
4487,US,USD,CPI,cpi_headline_mom,219,cpi_sa_index,CPI SA Index,Inflation,5,12,-0.130757,0.130757,low_sample_and_low_correlation,2026-04-25T22:25:54.019571+00:00
4488,US,USD,CPI,cpi_headline_mom,219,cpi_sa_index,CPI SA Index,Inflation,3,13,0.077552,0.077552,low_sample_and_low_correlation,2026-04-25T22:25:54.019571+00:00
4489,US,USD,CPI,cpi_headline_mom,219,cpi_sa_index,CPI SA Index,Inflation,4,13,0.020611,0.020611,low_sample_and_low_correlation,2026-04-25T22:25:54.019571+00:00
4490,US,USD,CPI,cpi_headline_mom,220,core_pce_price_index_mom,Core PCE Price Index (MoM),Inflation,3,20,0.356087,0.356087,low_sample_and_low_correlation,2026-04-25T22:25:54.019571+00:00
4491,US,USD,CPI,cpi_headline_mom,220,core_pce_price_index_mom,Core PCE Price Index (MoM),Inflation,1,31,0.143857,0.143857,low_correlation,2026-04-25T22:25:54.019571+00:00
4492,US,USD,CPI,cpi_headline_mom,220,core_pce_price_index_mom,Core PCE Price Index (MoM),Inflation,6,30,0.108791,0.108791,low_correlation,2026-04-25T22:25:54.019571+00:00
4493,US,USD,CPI,cpi_headline_mom,220,core_pce_price_index_mom,Core PCE Price Index (MoM),Inflation,2,24,-0.084636,0.084636,low_correlation,2026-04-25T22:25:54.019571+00:00
4494,US,USD,CPI,cpi_headline_mom,220,core_pce_price_index_mom,Core PCE Price Index (MoM),Inflation,5,22,0.082155,0.082155,low_sample_and_low_correlation,2026-04-25T22:25:54.019571+00:00
4495,US,USD,CPI,cpi_headline_mom,220,core_pce_price_index_mom,Core PCE Price Index (MoM),Inflation,4,19,0.039183,0.039183,low_sample_and_low_correlation,2026-04-25T22:25:54.019571+00:00
4496,US,USD,CPI,cpi_headline_mom,221,core_pce_price_index_yoy,Core PCE Price Index (YoY),Inflation,3,22,0.482210,0.482210,low_sample,2026-04-25T22:25:54.019571+00:00
4497,US,USD,CPI,cpi_headline_mom,221,core_pce_price_index_yoy,Core PCE Price Index (YoY),Inflation,6,33,0.464912,0.464912,not_best_lag,2026-04-25T22:25:54.019571+00:00
4498,US,USD,CPI,cpi_headline_mom,238,government_payrolls,Government Payrolls,Labor,1,28,0.319470,0.319470,low_correlation,2026-04-25T22:25:54.019571+00:00
4499,US,USD,CPI,cpi_headline_mom,221,core_pce_price_index_yoy,Core PCE Price Index (YoY),Inflation,1,33,0.374093,0.374093,low_correlation,2026-04-25T22:25:54.019571+00:00
4500,US,USD,CPI,cpi_headline_mom,221,core_pce_price_index_yoy,Core PCE Price Index (YoY),Inflation,4,22,0.177026,0.177026,low_sample_and_low_correlation,2026-04-25T22:25:54.019571+00:00
4501,US,USD,CPI,cpi_headline_mom,221,core_pce_price_index_yoy,Core PCE Price Index (YoY),Inflation,5,27,0.113115,0.113115,low_correlation,2026-04-25T22:25:54.019571+00:00
4502,US,USD,CPI,cpi_headline_mom,222,pce_price_index_mom,PCE Price Index (MoM),Inflation,3,21,0.453307,0.453307,low_sample,2026-04-25T22:25:54.019571+00:00
4503,US,USD,CPI,cpi_headline_mom,222,pce_price_index_mom,PCE Price Index (MoM),Inflation,6,28,0.252149,0.252149,low_correlation,2026-04-25T22:25:54.019571+00:00
4504,US,USD,CPI,cpi_headline_mom,222,pce_price_index_mom,PCE Price Index (MoM),Inflation,2,24,0.212423,0.212423,low_correlation,2026-04-25T22:25:54.019571+00:00
4505,US,USD,CPI,cpi_headline_mom,222,pce_price_index_mom,PCE Price Index (MoM),Inflation,5,23,0.161274,0.161274,low_sample_and_low_correlation,2026-04-25T22:25:54.019571+00:00
4506,US,USD,CPI,cpi_headline_mom,222,pce_price_index_mom,PCE Price Index (MoM),Inflation,1,30,0.136952,0.136952,low_correlation,2026-04-25T22:25:54.019571+00:00
4507,US,USD,CPI,cpi_headline_mom,222,pce_price_index_mom,PCE Price Index (MoM),Inflation,4,20,-0.078753,0.078753,low_sample_and_low_correlation,2026-04-25T22:25:54.019571+00:00
4508,US,USD,CPI,cpi_headline_mom,223,pce_price_index_yoy,PCE Price Index (YoY),Inflation,3,22,0.602428,0.602428,low_sample,2026-04-25T22:25:54.019571+00:00
4509,US,USD,CPI,cpi_headline_mom,223,pce_price_index_yoy,PCE Price Index (YoY),Inflation,1,33,0.537650,0.537650,not_best_lag,2026-04-25T22:25:54.019571+00:00
4510,US,USD,CPI,cpi_headline_mom,223,pce_price_index_yoy,PCE Price Index (YoY),Inflation,6,33,0.534118,0.534118,not_best_lag,2026-04-25T22:25:54.019571+00:00
4511,US,USD,CPI,cpi_headline_mom,223,pce_price_index_yoy,PCE Price Index (YoY),Inflation,4,22,0.372919,0.372919,low_sample_and_low_correlation,2026-04-25T22:25:54.019571+00:00
4512,US,USD,CPI,cpi_headline_mom,223,pce_price_index_yoy,PCE Price Index (YoY),Inflation,2,25,0.352272,0.352272,low_correlation,2026-04-25T22:25:54.019571+00:00
4513,US,USD,CPI,cpi_headline_mom,223,pce_price_index_yoy,PCE Price Index (YoY),Inflation,5,27,0.305791,0.305791,low_correlation,2026-04-25T22:25:54.019571+00:00
4514,US,USD,CPI,cpi_headline_mom,224,core_pce_prices_qoq,Core PCE Prices (QoQ),Inflation,3,8,0.352211,0.352211,low_sample_and_low_correlation,2026-04-25T22:25:54.019571+00:00
4515,US,USD,CPI,cpi_headline_mom,224,core_pce_prices_qoq,Core PCE Prices (QoQ),Inflation,4,21,0.150489,0.150489,low_sample_and_low_correlation,2026-04-25T22:25:54.019571+00:00
4516,US,USD,CPI,cpi_headline_mom,224,core_pce_prices_qoq,Core PCE Prices (QoQ),Inflation,6,12,0.127103,0.127103,low_sample_and_low_correlation,2026-04-25T22:25:54.019571+00:00
4517,US,USD,CPI,cpi_headline_mom,224,core_pce_prices_qoq,Core PCE Prices (QoQ),Inflation,5,15,0.118008,0.118008,low_sample_and_low_correlation,2026-04-25T22:25:54.019571+00:00
4518,US,USD,CPI,cpi_headline_mom,225,pce_prices_qoq,PCE Prices (QoQ),Inflation,4,21,0.345856,0.345856,low_sample_and_low_correlation,2026-04-25T22:25:54.019571+00:00
4519,US,USD,CPI,cpi_headline_mom,225,pce_prices_qoq,PCE Prices (QoQ),Inflation,3,8,0.276225,0.276225,low_sample_and_low_correlation,2026-04-25T22:25:54.019571+00:00
4520,US,USD,CPI,cpi_headline_mom,225,pce_prices_qoq,PCE Prices (QoQ),Inflation,5,15,0.166250,0.166250,low_sample_and_low_correlation,2026-04-25T22:25:54.019571+00:00
4521,US,USD,CPI,cpi_headline_mom,225,pce_prices_qoq,PCE Prices (QoQ),Inflation,6,12,-0.078486,0.078486,low_sample_and_low_correlation,2026-04-25T22:25:54.019571+00:00
4522,US,USD,CPI,cpi_headline_mom,226,core_ppi_mom,Core PPI (MoM),Inflation,3,14,0.685305,0.685305,low_sample,2026-04-25T22:25:54.019571+00:00
4523,US,USD,CPI,cpi_headline_mom,226,core_ppi_mom,Core PPI (MoM),Inflation,2,18,0.343028,0.343028,low_sample_and_low_correlation,2026-04-25T22:25:54.019571+00:00
4524,US,USD,CPI,cpi_headline_mom,226,core_ppi_mom,Core PPI (MoM),Inflation,1,24,0.321460,0.321460,low_correlation,2026-04-25T22:25:54.019571+00:00
4525,US,USD,CPI,cpi_headline_mom,226,core_ppi_mom,Core PPI (MoM),Inflation,4,19,0.225058,0.225058,low_sample_and_low_correlation,2026-04-25T22:25:54.019571+00:00
4526,US,USD,CPI,cpi_headline_mom,226,core_ppi_mom,Core PPI (MoM),Inflation,6,27,0.129962,0.129962,low_correlation,2026-04-25T22:25:54.019571+00:00
4527,US,USD,CPI,cpi_headline_mom,226,core_ppi_mom,Core PPI (MoM),Inflation,5,23,0.072345,0.072345,low_sample_and_low_correlation,2026-04-25T22:25:54.019571+00:00
4528,US,USD,CPI,cpi_headline_mom,227,export_prices_mom,Export Prices (MoM),Inflation,2,18,0.436077,0.436077,low_sample,2026-04-25T22:25:54.019571+00:00
4529,US,USD,CPI,cpi_headline_mom,227,export_prices_mom,Export Prices (MoM),Inflation,1,28,0.423904,0.423904,not_best_lag,2026-04-25T22:25:54.019571+00:00
4530,US,USD,CPI,cpi_headline_mom,227,export_prices_mom,Export Prices (MoM),Inflation,3,11,0.191823,0.191823,low_sample_and_low_correlation,2026-04-25T22:25:54.019571+00:00
4531,US,USD,CPI,cpi_headline_mom,227,export_prices_mom,Export Prices (MoM),Inflation,4,16,-0.184693,0.184693,low_sample_and_low_correlation,2026-04-25T22:25:54.019571+00:00
4532,US,USD,CPI,cpi_headline_mom,227,export_prices_mom,Export Prices (MoM),Inflation,5,22,0.166555,0.166555,low_sample_and_low_correlation,2026-04-25T22:25:54.019571+00:00
4533,US,USD,CPI,cpi_headline_mom,227,export_prices_mom,Export Prices (MoM),Inflation,6,29,-0.005182,0.005182,low_correlation,2026-04-25T22:25:54.019571+00:00
4534,US,USD,CPI,cpi_headline_mom,228,export_prices_yoy,Export Prices (YoY),Inflation,6,33,0.260936,0.260936,low_correlation,2026-04-25T22:25:54.019571+00:00
4535,US,USD,CPI,cpi_headline_mom,228,export_prices_yoy,Export Prices (YoY),Inflation,2,21,0.246274,0.246274,low_sample_and_low_correlation,2026-04-25T22:25:54.019571+00:00
4536,US,USD,CPI,cpi_headline_mom,228,export_prices_yoy,Export Prices (YoY),Inflation,5,25,0.220034,0.220034,low_correlation,2026-04-25T22:25:54.019571+00:00
4537,US,USD,CPI,cpi_headline_mom,228,export_prices_yoy,Export Prices (YoY),Inflation,3,16,-0.191542,0.191542,low_sample_and_low_correlation,2026-04-25T22:25:54.019571+00:00
4538,US,USD,CPI,cpi_headline_mom,228,export_prices_yoy,Export Prices (YoY),Inflation,1,29,0.118711,0.118711,low_correlation,2026-04-25T22:25:54.019571+00:00
4539,US,USD,CPI,cpi_headline_mom,228,export_prices_yoy,Export Prices (YoY),Inflation,4,21,-0.058430,0.058430,low_sample_and_low_correlation,2026-04-25T22:25:54.019571+00:00
4540,US,USD,CPI,cpi_headline_mom,229,michigan_inflation_expectations,Michigan Inflation Expectations,Inflation,3,39,-0.290631,0.290631,low_correlation,2026-04-25T22:25:54.019571+00:00
4541,US,USD,CPI,cpi_headline_mom,229,michigan_inflation_expectations,Michigan Inflation Expectations,Inflation,2,36,0.243812,0.243812,low_correlation,2026-04-25T22:25:54.019571+00:00
4542,US,USD,CPI,cpi_headline_mom,229,michigan_inflation_expectations,Michigan Inflation Expectations,Inflation,6,56,0.151839,0.151839,low_correlation,2026-04-25T22:25:54.019571+00:00
4543,US,USD,CPI,cpi_headline_mom,229,michigan_inflation_expectations,Michigan Inflation Expectations,Inflation,0,60,0.139926,0.139926,low_correlation,2026-04-25T22:25:54.019571+00:00
4544,US,USD,CPI,cpi_headline_mom,229,michigan_inflation_expectations,Michigan Inflation Expectations,Inflation,4,50,-0.133172,0.133172,low_correlation,2026-04-25T22:25:54.019571+00:00
4545,US,USD,CPI,cpi_headline_mom,229,michigan_inflation_expectations,Michigan Inflation Expectations,Inflation,5,61,0.101564,0.101564,low_correlation,2026-04-25T22:25:54.019571+00:00
4546,US,USD,CPI,cpi_headline_mom,229,michigan_inflation_expectations,Michigan Inflation Expectations,Inflation,1,47,-0.065321,0.065321,low_correlation,2026-04-25T22:25:54.019571+00:00
4547,US,USD,CPI,cpi_headline_mom,230,import_prices_mom,Import Prices (MoM),Inflation,2,19,0.436427,0.436427,low_sample,2026-04-25T22:25:54.019571+00:00
4548,US,USD,CPI,cpi_headline_mom,230,import_prices_mom,Import Prices (MoM),Inflation,4,17,-0.288005,0.288005,low_sample_and_low_correlation,2026-04-25T22:25:54.019571+00:00
4549,US,USD,CPI,cpi_headline_mom,230,import_prices_mom,Import Prices (MoM),Inflation,5,23,0.147290,0.147290,low_sample_and_low_correlation,2026-04-25T22:25:54.019571+00:00
4550,US,USD,CPI,cpi_headline_mom,230,import_prices_mom,Import Prices (MoM),Inflation,3,12,-0.122217,0.122217,low_sample_and_low_correlation,2026-04-25T22:25:54.019571+00:00
4551,US,USD,CPI,cpi_headline_mom,230,import_prices_mom,Import Prices (MoM),Inflation,6,30,-0.000439,0.000439,low_correlation,2026-04-25T22:25:54.019571+00:00
4552,US,USD,CPI,cpi_headline_mom,231,consumer_inflation_expectations,Consumer Inflation Expectations,Inflation,6,32,0.369814,0.369814,low_correlation,2026-04-25T22:25:54.019571+00:00
4553,US,USD,CPI,cpi_headline_mom,231,consumer_inflation_expectations,Consumer Inflation Expectations,Inflation,1,28,0.211921,0.211921,low_correlation,2026-04-25T22:25:54.019571+00:00
4554,US,USD,CPI,cpi_headline_mom,231,consumer_inflation_expectations,Consumer Inflation Expectations,Inflation,0,31,0.169266,0.169266,low_correlation,2026-04-25T22:25:54.019571+00:00
4555,US,USD,CPI,cpi_headline_mom,231,consumer_inflation_expectations,Consumer Inflation Expectations,Inflation,2,21,0.161290,0.161290,low_sample_and_low_correlation,2026-04-25T22:25:54.019571+00:00
4556,US,USD,CPI,cpi_headline_mom,231,consumer_inflation_expectations,Consumer Inflation Expectations,Inflation,3,16,0.120480,0.120480,low_sample_and_low_correlation,2026-04-25T22:25:54.019571+00:00
4557,US,USD,CPI,cpi_headline_mom,231,consumer_inflation_expectations,Consumer Inflation Expectations,Inflation,4,20,0.046899,0.046899,low_sample_and_low_correlation,2026-04-25T22:25:54.019571+00:00
4558,US,USD,CPI,cpi_headline_mom,232,inflation_expectations,Inflation Expectations,Inflation,1,21,-0.548904,0.548904,low_sample,2026-04-25T22:25:54.019571+00:00
4559,US,USD,CPI,cpi_headline_mom,232,inflation_expectations,Inflation Expectations,Inflation,0,21,-0.316391,0.316391,low_sample_and_low_correlation,2026-04-25T22:25:54.019571+00:00
4560,US,USD,CPI,cpi_headline_mom,232,inflation_expectations,Inflation Expectations,Inflation,2,21,-0.289938,0.289938,low_sample_and_low_correlation,2026-04-25T22:25:54.019571+00:00
4561,US,USD,CPI,cpi_headline_mom,232,inflation_expectations,Inflation Expectations,Inflation,6,18,0.249060,0.249060,low_sample_and_low_correlation,2026-04-25T22:25:54.019571+00:00
4562,US,USD,CPI,cpi_headline_mom,232,inflation_expectations,Inflation Expectations,Inflation,5,21,0.166891,0.166891,low_sample_and_low_correlation,2026-04-25T22:25:54.019571+00:00
4563,US,USD,CPI,cpi_headline_mom,232,inflation_expectations,Inflation Expectations,Inflation,4,23,0.135590,0.135590,low_sample_and_low_correlation,2026-04-25T22:25:54.019571+00:00
4564,US,USD,CPI,cpi_headline_mom,233,ppi_ex_food_energy_trade_mom,"PPI Ex Food, Energy and Trade (MoM)",Inflation,1,12,0.402027,0.402027,low_sample,2026-04-25T22:25:54.019571+00:00
4565,US,USD,CPI,cpi_headline_mom,233,ppi_ex_food_energy_trade_mom,"PPI Ex Food, Energy and Trade (MoM)",Inflation,6,10,-0.289963,0.289963,low_sample_and_low_correlation,2026-04-25T22:25:54.019571+00:00
4566,US,USD,CPI,cpi_headline_mom,233,ppi_ex_food_energy_trade_mom,"PPI Ex Food, Energy and Trade (MoM)",Inflation,3,13,0.249991,0.249991,low_sample_and_low_correlation,2026-04-25T22:25:54.019571+00:00
4567,US,USD,CPI,cpi_headline_mom,233,ppi_ex_food_energy_trade_mom,"PPI Ex Food, Energy and Trade (MoM)",Inflation,5,13,0.234298,0.234298,low_sample_and_low_correlation,2026-04-25T22:25:54.019571+00:00
4568,US,USD,CPI,cpi_headline_mom,233,ppi_ex_food_energy_trade_mom,"PPI Ex Food, Energy and Trade (MoM)",Inflation,4,13,-0.160322,0.160322,low_sample_and_low_correlation,2026-04-25T22:25:54.019571+00:00
4569,US,USD,CPI,cpi_headline_mom,233,ppi_ex_food_energy_trade_mom,"PPI Ex Food, Energy and Trade (MoM)",Inflation,2,11,-0.044594,0.044594,low_sample_and_low_correlation,2026-04-25T22:25:54.019571+00:00
4570,US,USD,CPI,cpi_headline_mom,234,ppi_ex_food_energy_trade_yoy,"PPI Ex Food, Energy and Trade (YoY)",Inflation,5,14,0.402071,0.402071,low_sample,2026-04-25T22:25:54.019571+00:00
4571,US,USD,CPI,cpi_headline_mom,234,ppi_ex_food_energy_trade_yoy,"PPI Ex Food, Energy and Trade (YoY)",Inflation,1,13,0.326708,0.326708,low_sample_and_low_correlation,2026-04-25T22:25:54.019571+00:00
4572,US,USD,CPI,cpi_headline_mom,234,ppi_ex_food_energy_trade_yoy,"PPI Ex Food, Energy and Trade (YoY)",Inflation,3,14,0.219742,0.219742,low_sample_and_low_correlation,2026-04-25T22:25:54.019571+00:00
4573,US,USD,CPI,cpi_headline_mom,234,ppi_ex_food_energy_trade_yoy,"PPI Ex Food, Energy and Trade (YoY)",Inflation,2,12,0.138733,0.138733,low_sample_and_low_correlation,2026-04-25T22:25:54.019571+00:00
4574,US,USD,CPI,cpi_headline_mom,234,ppi_ex_food_energy_trade_yoy,"PPI Ex Food, Energy and Trade (YoY)",Inflation,6,13,0.121606,0.121606,low_sample_and_low_correlation,2026-04-25T22:25:54.019571+00:00
4575,US,USD,CPI,cpi_headline_mom,234,ppi_ex_food_energy_trade_yoy,"PPI Ex Food, Energy and Trade (YoY)",Inflation,4,13,0.081475,0.081475,low_sample_and_low_correlation,2026-04-25T22:25:54.019571+00:00
4576,US,USD,CPI,cpi_headline_mom,235,ppi_mom,PPI (MoM),Inflation,2,19,0.526865,0.526865,low_sample,2026-04-25T22:25:54.019571+00:00
4577,US,USD,CPI,cpi_headline_mom,235,ppi_mom,PPI (MoM),Inflation,1,26,0.345985,0.345985,low_correlation,2026-04-25T22:25:54.019571+00:00
4578,US,USD,CPI,cpi_headline_mom,235,ppi_mom,PPI (MoM),Inflation,3,15,0.288925,0.288925,low_sample_and_low_correlation,2026-04-25T22:25:54.019571+00:00
4579,US,USD,CPI,cpi_headline_mom,235,ppi_mom,PPI (MoM),Inflation,6,30,0.093186,0.093186,low_correlation,2026-04-25T22:25:54.019571+00:00
4580,US,USD,CPI,cpi_headline_mom,235,ppi_mom,PPI (MoM),Inflation,5,25,0.064832,0.064832,low_correlation,2026-04-25T22:25:54.019571+00:00
4581,US,USD,CPI,cpi_headline_mom,235,ppi_mom,PPI (MoM),Inflation,4,21,-0.010610,0.010610,low_sample_and_low_correlation,2026-04-25T22:25:54.019571+00:00
4582,US,USD,CPI,cpi_headline_mom,236,ppi_index,PPI Index,Inflation,5,12,-0.503014,0.503014,low_sample,2026-04-25T22:25:54.019571+00:00
4583,US,USD,CPI,cpi_headline_mom,236,ppi_index,PPI Index,Inflation,2,12,0.224336,0.224336,low_sample_and_low_correlation,2026-04-25T22:25:54.019571+00:00
4584,US,USD,CPI,cpi_headline_mom,236,ppi_index,PPI Index,Inflation,6,11,-0.212357,0.212357,low_sample_and_low_correlation,2026-04-25T22:25:54.019571+00:00
4585,US,USD,CPI,cpi_headline_mom,236,ppi_index,PPI Index,Inflation,3,14,0.170564,0.170564,low_sample_and_low_correlation,2026-04-25T22:25:54.019571+00:00
4586,US,USD,CPI,cpi_headline_mom,236,ppi_index,PPI Index,Inflation,4,13,-0.135936,0.135936,low_sample_and_low_correlation,2026-04-25T22:25:54.019571+00:00
4587,US,USD,CPI,cpi_headline_mom,236,ppi_index,PPI Index,Inflation,1,13,-0.018565,0.018565,low_sample_and_low_correlation,2026-04-25T22:25:54.019571+00:00
4588,US,USD,CPI,cpi_headline_mom,238,government_payrolls,Government Payrolls,Labor,3,13,0.192595,0.192595,low_sample_and_low_correlation,2026-04-25T22:25:54.019571+00:00
4589,US,USD,CPI,cpi_headline_mom,238,government_payrolls,Government Payrolls,Labor,2,21,0.133049,0.133049,low_sample_and_low_correlation,2026-04-25T22:25:54.019571+00:00
4590,US,USD,CPI,cpi_headline_mom,238,government_payrolls,Government Payrolls,Labor,5,25,0.099409,0.099409,low_correlation,2026-04-25T22:25:54.019571+00:00
4591,US,USD,CPI,cpi_headline_mom,238,government_payrolls,Government Payrolls,Labor,6,30,-0.063782,0.063782,low_correlation,2026-04-25T22:25:54.019571+00:00
4592,US,USD,CPI,cpi_headline_mom,238,government_payrolls,Government Payrolls,Labor,4,20,0.013118,0.013118,low_sample_and_low_correlation,2026-04-25T22:25:54.019571+00:00
4593,US,USD,CPI,cpi_headline_mom,239,manufacturing_payrolls,Manufacturing Payrolls,Labor,2,21,0.604832,0.604832,low_sample,2026-04-25T22:25:54.019571+00:00
4594,US,USD,CPI,cpi_headline_mom,239,manufacturing_payrolls,Manufacturing Payrolls,Labor,0,38,0.556399,0.556399,not_best_lag,2026-04-25T22:25:54.019571+00:00
4595,US,USD,CPI,cpi_headline_mom,239,manufacturing_payrolls,Manufacturing Payrolls,Labor,1,28,0.308043,0.308043,low_correlation,2026-04-25T22:25:54.019571+00:00
4596,US,USD,CPI,cpi_headline_mom,239,manufacturing_payrolls,Manufacturing Payrolls,Labor,6,30,0.200997,0.200997,low_correlation,2026-04-25T22:25:54.019571+00:00
4597,US,USD,CPI,cpi_headline_mom,239,manufacturing_payrolls,Manufacturing Payrolls,Labor,5,25,0.179311,0.179311,low_correlation,2026-04-25T22:25:54.019571+00:00
4598,US,USD,CPI,cpi_headline_mom,239,manufacturing_payrolls,Manufacturing Payrolls,Labor,3,13,-0.094411,0.094411,low_sample_and_low_correlation,2026-04-25T22:25:54.019571+00:00
4599,US,USD,CPI,cpi_headline_mom,239,manufacturing_payrolls,Manufacturing Payrolls,Labor,4,20,0.027603,0.027603,low_sample_and_low_correlation,2026-04-25T22:25:54.019571+00:00
4600,US,USD,CPI,cpi_headline_mom,240,private_nonfarm_payrolls,Private Nonfarm Payrolls,Labor,2,19,0.533922,0.533922,low_sample,2026-04-25T22:25:54.019571+00:00
4601,US,USD,CPI,cpi_headline_mom,240,private_nonfarm_payrolls,Private Nonfarm Payrolls,Labor,3,12,-0.427960,0.427960,low_sample,2026-04-25T22:25:54.019571+00:00
4602,US,USD,CPI,cpi_headline_mom,240,private_nonfarm_payrolls,Private Nonfarm Payrolls,Labor,1,28,0.256694,0.256694,low_correlation,2026-04-25T22:25:54.019571+00:00
4603,US,USD,CPI,cpi_headline_mom,240,private_nonfarm_payrolls,Private Nonfarm Payrolls,Labor,5,23,0.221061,0.221061,low_sample_and_low_correlation,2026-04-25T22:25:54.019571+00:00
4604,US,USD,CPI,cpi_headline_mom,240,private_nonfarm_payrolls,Private Nonfarm Payrolls,Labor,6,30,0.028698,0.028698,low_correlation,2026-04-25T22:25:54.019571+00:00
4605,US,USD,CPI,cpi_headline_mom,240,private_nonfarm_payrolls,Private Nonfarm Payrolls,Labor,4,19,-0.020090,0.020090,low_sample_and_low_correlation,2026-04-25T22:25:54.019571+00:00
4606,US,USD,CPI,cpi_headline_mom,242,average_weekly_hours,Average Weekly Hours,Labor,6,30,0.359086,0.359086,low_correlation,2026-04-25T22:25:54.019571+00:00
4607,US,USD,CPI,cpi_headline_mom,242,average_weekly_hours,Average Weekly Hours,Labor,4,20,0.302727,0.302727,low_sample_and_low_correlation,2026-04-25T22:25:54.019571+00:00
4608,US,USD,CPI,cpi_headline_mom,242,average_weekly_hours,Average Weekly Hours,Labor,2,21,0.297848,0.297848,low_sample_and_low_correlation,2026-04-25T22:25:54.019571+00:00
4609,US,USD,CPI,cpi_headline_mom,242,average_weekly_hours,Average Weekly Hours,Labor,0,38,-0.186759,0.186759,low_correlation,2026-04-25T22:25:54.019571+00:00
4610,US,USD,CPI,cpi_headline_mom,242,average_weekly_hours,Average Weekly Hours,Labor,1,28,0.175579,0.175579,low_correlation,2026-04-25T22:25:54.019571+00:00
4611,US,USD,CPI,cpi_headline_mom,242,average_weekly_hours,Average Weekly Hours,Labor,3,13,0.095416,0.095416,low_sample_and_low_correlation,2026-04-25T22:25:54.019571+00:00
4612,US,USD,CPI,cpi_headline_mom,242,average_weekly_hours,Average Weekly Hours,Labor,5,25,0.000812,0.000812,low_correlation,2026-04-25T22:25:54.019571+00:00
4613,US,USD,CPI,cpi_headline_mom,243,challenger_job_cuts,Challenger Job Cuts,Labor,1,28,-0.389637,0.389637,low_correlation,2026-04-25T22:25:54.019571+00:00
4614,US,USD,CPI,cpi_headline_mom,243,challenger_job_cuts,Challenger Job Cuts,Labor,3,15,-0.375308,0.375308,low_sample_and_low_correlation,2026-04-25T22:25:54.019571+00:00
4615,US,USD,CPI,cpi_headline_mom,243,challenger_job_cuts,Challenger Job Cuts,Labor,0,39,-0.299279,0.299279,low_correlation,2026-04-25T22:25:54.019571+00:00
4616,US,USD,CPI,cpi_headline_mom,243,challenger_job_cuts,Challenger Job Cuts,Labor,6,32,-0.245106,0.245106,low_correlation,2026-04-25T22:25:54.019571+00:00
4617,US,USD,CPI,cpi_headline_mom,243,challenger_job_cuts,Challenger Job Cuts,Labor,4,21,-0.243604,0.243604,low_sample_and_low_correlation,2026-04-25T22:25:54.019571+00:00
4618,US,USD,CPI,cpi_headline_mom,243,challenger_job_cuts,Challenger Job Cuts,Labor,2,21,-0.193206,0.193206,low_sample_and_low_correlation,2026-04-25T22:25:54.019571+00:00
4619,US,USD,CPI,cpi_headline_mom,243,challenger_job_cuts,Challenger Job Cuts,Labor,5,26,-0.082693,0.082693,low_correlation,2026-04-25T22:25:54.019571+00:00
4620,US,USD,CPI,cpi_headline_mom,244,employment_cost_index_qoq,Employment Cost Index (QoQ),Inflation,3,10,0.723991,0.723991,low_sample,2026-04-25T22:25:54.019571+00:00
4621,US,USD,CPI,cpi_headline_mom,244,employment_cost_index_qoq,Employment Cost Index (QoQ),Inflation,4,10,0.555975,0.555975,low_sample,2026-04-25T22:25:54.019571+00:00
4622,US,USD,CPI,cpi_headline_mom,245,employment_cost_wages_qoq,Employment Cost - Wages (QoQ),Inflation,3,10,0.662590,0.662590,low_sample,2026-04-25T22:25:54.019571+00:00
4623,US,USD,CPI,cpi_headline_mom,245,employment_cost_wages_qoq,Employment Cost - Wages (QoQ),Inflation,4,10,0.370428,0.370428,low_sample_and_low_correlation,2026-04-25T22:25:54.019571+00:00
4624,US,USD,CPI,cpi_headline_mom,246,employment_cost_benefits_qoq,Employment Cost - Benefits (QoQ),Inflation,4,10,0.719526,0.719526,low_sample,2026-04-25T22:25:54.019571+00:00
4625,US,USD,CPI,cpi_headline_mom,246,employment_cost_benefits_qoq,Employment Cost - Benefits (QoQ),Inflation,3,10,0.351223,0.351223,low_sample_and_low_correlation,2026-04-25T22:25:54.019571+00:00
4626,US,USD,UNEMPLOYMENT,unemployment_rate,26,nfp,Non-Farm Payrolls,Labor,0,40,-0.611221,0.611221,not_best_lag,2026-04-25T22:25:54.019571+00:00
4627,US,USD,UNEMPLOYMENT,unemployment_rate,26,nfp,Non-Farm Payrolls,Labor,5,26,-0.593398,0.593398,not_best_lag,2026-04-25T22:25:54.019571+00:00
4628,US,USD,UNEMPLOYMENT,unemployment_rate,26,nfp,Non-Farm Payrolls,Labor,6,33,-0.441771,0.441771,not_best_lag,2026-04-25T22:25:54.019571+00:00
4629,US,USD,UNEMPLOYMENT,unemployment_rate,26,nfp,Non-Farm Payrolls,Labor,3,12,-0.210120,0.210120,low_sample_and_low_correlation,2026-04-25T22:25:54.019571+00:00
4630,US,USD,UNEMPLOYMENT,unemployment_rate,26,nfp,Non-Farm Payrolls,Labor,2,19,0.082640,0.082640,low_sample_and_low_correlation,2026-04-25T22:25:54.019571+00:00
4631,US,USD,UNEMPLOYMENT,unemployment_rate,26,nfp,Non-Farm Payrolls,Labor,4,18,0.026327,0.026327,low_sample_and_low_correlation,2026-04-25T22:25:54.019571+00:00
4632,US,USD,UNEMPLOYMENT,unemployment_rate,30,participation_rate,Labor Force Participation Rate,Labor,5,25,-0.495698,0.495698,not_best_lag,2026-04-25T22:25:54.019571+00:00
4633,US,USD,UNEMPLOYMENT,unemployment_rate,30,participation_rate,Labor Force Participation Rate,Labor,6,33,-0.448582,0.448582,not_best_lag,2026-04-25T22:25:54.019571+00:00
4634,US,USD,UNEMPLOYMENT,unemployment_rate,30,participation_rate,Labor Force Participation Rate,Labor,0,40,-0.387681,0.387681,low_correlation,2026-04-25T22:25:54.019571+00:00
4635,US,USD,UNEMPLOYMENT,unemployment_rate,30,participation_rate,Labor Force Participation Rate,Labor,2,18,-0.288270,0.288270,low_sample_and_low_correlation,2026-04-25T22:25:54.019571+00:00
4636,US,USD,UNEMPLOYMENT,unemployment_rate,30,participation_rate,Labor Force Participation Rate,Labor,4,17,-0.141970,0.141970,low_sample_and_low_correlation,2026-04-25T22:25:54.019571+00:00
4637,US,USD,UNEMPLOYMENT,unemployment_rate,30,participation_rate,Labor Force Participation Rate,Labor,3,11,0.063748,0.063748,low_sample_and_low_correlation,2026-04-25T22:25:54.019571+00:00
4638,US,USD,UNEMPLOYMENT,unemployment_rate,31,u6_unemployment_rate,U-6 Underemployment Rate,Labor,1,13,0.410136,0.410136,low_sample,2026-04-25T22:25:54.019571+00:00
4639,US,USD,UNEMPLOYMENT,unemployment_rate,31,u6_unemployment_rate,U-6 Underemployment Rate,Labor,0,17,0.328607,0.328607,low_sample_and_low_correlation,2026-04-25T22:25:54.019571+00:00
4640,US,USD,UNEMPLOYMENT,unemployment_rate,31,u6_unemployment_rate,U-6 Underemployment Rate,Labor,3,11,0.216711,0.216711,low_sample_and_low_correlation,2026-04-25T22:25:54.019571+00:00
4641,US,USD,UNEMPLOYMENT,unemployment_rate,31,u6_unemployment_rate,U-6 Underemployment Rate,Labor,4,10,-0.150685,0.150685,low_sample_and_low_correlation,2026-04-25T22:25:54.019571+00:00
4642,US,USD,UNEMPLOYMENT,unemployment_rate,31,u6_unemployment_rate,U-6 Underemployment Rate,Labor,5,11,-0.135649,0.135649,low_sample_and_low_correlation,2026-04-25T22:25:54.019571+00:00
4643,US,USD,UNEMPLOYMENT,unemployment_rate,31,u6_unemployment_rate,U-6 Underemployment Rate,Labor,6,11,-0.034518,0.034518,low_sample_and_low_correlation,2026-04-25T22:25:54.019571+00:00
4644,US,USD,UNEMPLOYMENT,unemployment_rate,31,u6_unemployment_rate,U-6 Underemployment Rate,Labor,2,11,-0.009895,0.009895,low_sample_and_low_correlation,2026-04-25T22:25:54.019571+00:00
4645,US,USD,UNEMPLOYMENT,unemployment_rate,32,adp_employment_change,ADP Employment Change,Labor,2,20,0.461746,0.461746,low_sample,2026-04-25T22:25:54.019571+00:00
4646,US,USD,UNEMPLOYMENT,unemployment_rate,32,adp_employment_change,ADP Employment Change,Labor,1,29,0.333163,0.333163,low_correlation,2026-04-25T22:25:54.019571+00:00
4647,US,USD,UNEMPLOYMENT,unemployment_rate,32,adp_employment_change,ADP Employment Change,Labor,4,20,0.307007,0.307007,low_sample_and_low_correlation,2026-04-25T22:25:54.019571+00:00
4648,US,USD,UNEMPLOYMENT,unemployment_rate,32,adp_employment_change,ADP Employment Change,Labor,6,33,0.297029,0.297029,low_correlation,2026-04-25T22:25:54.019571+00:00
4649,US,USD,UNEMPLOYMENT,unemployment_rate,32,adp_employment_change,ADP Employment Change,Labor,5,27,0.283967,0.283967,low_correlation,2026-04-25T22:25:54.019571+00:00
4650,US,USD,UNEMPLOYMENT,unemployment_rate,32,adp_employment_change,ADP Employment Change,Labor,0,40,0.280649,0.280649,low_correlation,2026-04-25T22:25:54.019571+00:00
4651,US,USD,UNEMPLOYMENT,unemployment_rate,32,adp_employment_change,ADP Employment Change,Labor,3,14,-0.136118,0.136118,low_sample_and_low_correlation,2026-04-25T22:25:54.019571+00:00
4652,US,USD,UNEMPLOYMENT,unemployment_rate,33,initial_jobless_claims,Initial Jobless Claims,Labor,1,119,0.450194,0.450194,not_best_lag,2026-04-25T22:25:54.019571+00:00
4653,US,USD,UNEMPLOYMENT,unemployment_rate,33,initial_jobless_claims,Initial Jobless Claims,Labor,6,138,0.315961,0.315961,low_correlation,2026-04-25T22:25:54.019571+00:00
4654,US,USD,UNEMPLOYMENT,unemployment_rate,33,initial_jobless_claims,Initial Jobless Claims,Labor,4,115,-0.162214,0.162214,low_correlation,2026-04-25T22:25:54.019571+00:00
4655,US,USD,UNEMPLOYMENT,unemployment_rate,33,initial_jobless_claims,Initial Jobless Claims,Labor,5,150,-0.132971,0.132971,low_correlation,2026-04-25T22:25:54.019571+00:00
4656,US,USD,UNEMPLOYMENT,unemployment_rate,33,initial_jobless_claims,Initial Jobless Claims,Labor,0,163,-0.065702,0.065702,low_correlation,2026-04-25T22:25:54.019571+00:00
4657,US,USD,UNEMPLOYMENT,unemployment_rate,33,initial_jobless_claims,Initial Jobless Claims,Labor,3,81,-0.047696,0.047696,low_correlation,2026-04-25T22:25:54.019571+00:00
4658,US,USD,UNEMPLOYMENT,unemployment_rate,34,ism_manufacturing_pmi,ISM Manufacturing PMI,Growth,2,19,0.420162,0.420162,low_sample,2026-04-25T22:25:54.019571+00:00
4659,US,USD,UNEMPLOYMENT,unemployment_rate,34,ism_manufacturing_pmi,ISM Manufacturing PMI,Growth,6,33,0.368588,0.368588,low_correlation,2026-04-25T22:25:54.019571+00:00
4660,US,USD,UNEMPLOYMENT,unemployment_rate,34,ism_manufacturing_pmi,ISM Manufacturing PMI,Growth,1,28,0.363860,0.363860,low_correlation,2026-04-25T22:25:54.019571+00:00
4661,US,USD,UNEMPLOYMENT,unemployment_rate,34,ism_manufacturing_pmi,ISM Manufacturing PMI,Growth,0,36,0.190018,0.190018,low_correlation,2026-04-25T22:25:54.019571+00:00
4662,US,USD,UNEMPLOYMENT,unemployment_rate,34,ism_manufacturing_pmi,ISM Manufacturing PMI,Growth,4,19,0.147120,0.147120,low_sample_and_low_correlation,2026-04-25T22:25:54.019571+00:00
4663,US,USD,UNEMPLOYMENT,unemployment_rate,34,ism_manufacturing_pmi,ISM Manufacturing PMI,Growth,3,13,-0.024848,0.024848,low_sample_and_low_correlation,2026-04-25T22:25:54.019571+00:00
4664,US,USD,UNEMPLOYMENT,unemployment_rate,36,ism_manufacturing_employment,ISM Manufacturing Employment,Labor,2,19,0.410945,0.410945,low_sample,2026-04-25T22:25:54.019571+00:00
4665,US,USD,UNEMPLOYMENT,unemployment_rate,36,ism_manufacturing_employment,ISM Manufacturing Employment,Labor,1,28,0.399451,0.399451,low_correlation,2026-04-25T22:25:54.019571+00:00
4666,US,USD,UNEMPLOYMENT,unemployment_rate,36,ism_manufacturing_employment,ISM Manufacturing Employment,Labor,6,33,0.303386,0.303386,low_correlation,2026-04-25T22:25:54.019571+00:00
4667,US,USD,UNEMPLOYMENT,unemployment_rate,36,ism_manufacturing_employment,ISM Manufacturing Employment,Labor,5,26,0.198924,0.198924,low_correlation,2026-04-25T22:25:54.019571+00:00
4668,US,USD,UNEMPLOYMENT,unemployment_rate,36,ism_manufacturing_employment,ISM Manufacturing Employment,Labor,0,36,0.184285,0.184285,low_correlation,2026-04-25T22:25:54.019571+00:00
4669,US,USD,UNEMPLOYMENT,unemployment_rate,36,ism_manufacturing_employment,ISM Manufacturing Employment,Labor,4,19,0.063565,0.063565,low_sample_and_low_correlation,2026-04-25T22:25:54.019571+00:00
4670,US,USD,UNEMPLOYMENT,unemployment_rate,36,ism_manufacturing_employment,ISM Manufacturing Employment,Labor,3,13,0.054981,0.054981,low_sample_and_low_correlation,2026-04-25T22:25:54.019571+00:00
4671,US,USD,UNEMPLOYMENT,unemployment_rate,37,ism_manufacturing_new_orders,ISM Manufacturing New Orders,Growth,2,19,0.557104,0.557104,low_sample,2026-04-25T22:25:54.019571+00:00
4672,US,USD,UNEMPLOYMENT,unemployment_rate,37,ism_manufacturing_new_orders,ISM Manufacturing New Orders,Growth,6,33,0.487507,0.487507,not_best_lag,2026-04-25T22:25:54.019571+00:00
4673,US,USD,UNEMPLOYMENT,unemployment_rate,37,ism_manufacturing_new_orders,ISM Manufacturing New Orders,Growth,1,28,0.442123,0.442123,not_best_lag,2026-04-25T22:25:54.019571+00:00
4674,US,USD,UNEMPLOYMENT,unemployment_rate,37,ism_manufacturing_new_orders,ISM Manufacturing New Orders,Growth,3,13,0.343203,0.343203,low_sample_and_low_correlation,2026-04-25T22:25:54.019571+00:00
4675,US,USD,UNEMPLOYMENT,unemployment_rate,37,ism_manufacturing_new_orders,ISM Manufacturing New Orders,Growth,5,26,0.316623,0.316623,low_correlation,2026-04-25T22:25:54.019571+00:00
4676,US,USD,UNEMPLOYMENT,unemployment_rate,37,ism_manufacturing_new_orders,ISM Manufacturing New Orders,Growth,0,36,0.190133,0.190133,low_correlation,2026-04-25T22:25:54.019571+00:00
4677,US,USD,UNEMPLOYMENT,unemployment_rate,37,ism_manufacturing_new_orders,ISM Manufacturing New Orders,Growth,4,19,0.133727,0.133727,low_sample_and_low_correlation,2026-04-25T22:25:54.019571+00:00
4678,US,USD,UNEMPLOYMENT,unemployment_rate,38,sp_global_manufacturing_pmi,S&P Global Manufacturing PMI,Growth,3,20,0.786881,0.786881,low_sample,2026-04-25T22:25:54.019571+00:00
4679,US,USD,UNEMPLOYMENT,unemployment_rate,38,sp_global_manufacturing_pmi,S&P Global Manufacturing PMI,Growth,4,28,0.575503,0.575503,not_best_lag,2026-04-25T22:25:54.019571+00:00
4680,US,USD,UNEMPLOYMENT,unemployment_rate,38,sp_global_manufacturing_pmi,S&P Global Manufacturing PMI,Growth,6,37,0.462315,0.462315,not_best_lag,2026-04-25T22:25:54.019571+00:00
4681,US,USD,UNEMPLOYMENT,unemployment_rate,38,sp_global_manufacturing_pmi,S&P Global Manufacturing PMI,Growth,5,35,0.417717,0.417717,not_best_lag,2026-04-25T22:25:54.019571+00:00
4682,US,USD,UNEMPLOYMENT,unemployment_rate,38,sp_global_manufacturing_pmi,S&P Global Manufacturing PMI,Growth,2,22,0.123908,0.123908,low_sample_and_low_correlation,2026-04-25T22:25:54.019571+00:00
4683,US,USD,UNEMPLOYMENT,unemployment_rate,38,sp_global_manufacturing_pmi,S&P Global Manufacturing PMI,Growth,1,32,-0.110079,0.110079,low_correlation,2026-04-25T22:25:54.019571+00:00
4684,US,USD,UNEMPLOYMENT,unemployment_rate,38,sp_global_manufacturing_pmi,S&P Global Manufacturing PMI,Growth,0,41,0.097584,0.097584,low_correlation,2026-04-25T22:25:54.019571+00:00
4685,US,USD,UNEMPLOYMENT,unemployment_rate,39,sp_global_services_pmi,S&P Global Services PMI,Growth,4,30,0.336376,0.336376,low_correlation,2026-04-25T22:25:54.019571+00:00
4686,US,USD,UNEMPLOYMENT,unemployment_rate,39,sp_global_services_pmi,S&P Global Services PMI,Growth,5,36,0.273288,0.273288,low_correlation,2026-04-25T22:25:54.019571+00:00
4687,US,USD,UNEMPLOYMENT,unemployment_rate,39,sp_global_services_pmi,S&P Global Services PMI,Growth,6,39,0.237240,0.237240,low_correlation,2026-04-25T22:25:54.019571+00:00
4688,US,USD,UNEMPLOYMENT,unemployment_rate,39,sp_global_services_pmi,S&P Global Services PMI,Growth,1,34,-0.138961,0.138961,low_correlation,2026-04-25T22:25:54.019571+00:00
4689,US,USD,UNEMPLOYMENT,unemployment_rate,39,sp_global_services_pmi,S&P Global Services PMI,Growth,3,22,0.066620,0.066620,low_sample_and_low_correlation,2026-04-25T22:25:54.019571+00:00
4690,US,USD,UNEMPLOYMENT,unemployment_rate,39,sp_global_services_pmi,S&P Global Services PMI,Growth,2,25,-0.039302,0.039302,low_correlation,2026-04-25T22:25:54.019571+00:00
4691,US,USD,UNEMPLOYMENT,unemployment_rate,39,sp_global_services_pmi,S&P Global Services PMI,Growth,0,36,0.008172,0.008172,low_correlation,2026-04-25T22:25:54.019571+00:00
4692,US,USD,UNEMPLOYMENT,unemployment_rate,40,sp_global_composite_pmi,S&P Global Composite PMI,Growth,5,36,0.302879,0.302879,low_correlation,2026-04-25T22:25:54.019571+00:00
4693,US,USD,UNEMPLOYMENT,unemployment_rate,40,sp_global_composite_pmi,S&P Global Composite PMI,Growth,6,39,0.249445,0.249445,low_correlation,2026-04-25T22:25:54.019571+00:00
4694,US,USD,UNEMPLOYMENT,unemployment_rate,40,sp_global_composite_pmi,S&P Global Composite PMI,Growth,3,22,0.211761,0.211761,low_sample_and_low_correlation,2026-04-25T22:25:54.019571+00:00
4695,US,USD,UNEMPLOYMENT,unemployment_rate,40,sp_global_composite_pmi,S&P Global Composite PMI,Growth,1,34,-0.123993,0.123993,low_correlation,2026-04-25T22:25:54.019571+00:00
4696,US,USD,UNEMPLOYMENT,unemployment_rate,40,sp_global_composite_pmi,S&P Global Composite PMI,Growth,2,25,0.016015,0.016015,low_correlation,2026-04-25T22:25:54.019571+00:00
4697,US,USD,UNEMPLOYMENT,unemployment_rate,40,sp_global_composite_pmi,S&P Global Composite PMI,Growth,0,36,-0.007445,0.007445,low_correlation,2026-04-25T22:25:54.019571+00:00
4698,US,USD,UNEMPLOYMENT,unemployment_rate,41,retail_sales_mom,Retail Sales (MoM),Growth,4,20,0.458735,0.458735,low_sample,2026-04-25T22:25:54.019571+00:00
4699,US,USD,UNEMPLOYMENT,unemployment_rate,41,retail_sales_mom,Retail Sales (MoM),Growth,2,23,0.196512,0.196512,low_sample_and_low_correlation,2026-04-25T22:25:54.019571+00:00
4700,US,USD,UNEMPLOYMENT,unemployment_rate,41,retail_sales_mom,Retail Sales (MoM),Growth,6,32,0.170259,0.170259,low_correlation,2026-04-25T22:25:54.019571+00:00
4701,US,USD,UNEMPLOYMENT,unemployment_rate,41,retail_sales_mom,Retail Sales (MoM),Growth,1,30,-0.097189,0.097189,low_correlation,2026-04-25T22:25:54.019571+00:00
4702,US,USD,UNEMPLOYMENT,unemployment_rate,41,retail_sales_mom,Retail Sales (MoM),Growth,5,27,0.079056,0.079056,low_correlation,2026-04-25T22:25:54.019571+00:00
4703,US,USD,UNEMPLOYMENT,unemployment_rate,41,retail_sales_mom,Retail Sales (MoM),Growth,3,15,0.003735,0.003735,low_sample_and_low_correlation,2026-04-25T22:25:54.019571+00:00
4704,US,USD,UNEMPLOYMENT,unemployment_rate,42,retail_sales_yoy,Retail Sales (YoY),Growth,4,20,0.246306,0.246306,low_sample_and_low_correlation,2026-04-25T22:25:54.019571+00:00
4705,US,USD,UNEMPLOYMENT,unemployment_rate,42,retail_sales_yoy,Retail Sales (YoY),Growth,6,35,0.171232,0.171232,low_correlation,2026-04-25T22:25:54.019571+00:00
4706,US,USD,UNEMPLOYMENT,unemployment_rate,42,retail_sales_yoy,Retail Sales (YoY),Growth,3,15,0.147901,0.147901,low_sample_and_low_correlation,2026-04-25T22:25:54.019571+00:00
4707,US,USD,UNEMPLOYMENT,unemployment_rate,42,retail_sales_yoy,Retail Sales (YoY),Growth,1,33,0.123063,0.123063,low_correlation,2026-04-25T22:25:54.019571+00:00
4708,US,USD,UNEMPLOYMENT,unemployment_rate,42,retail_sales_yoy,Retail Sales (YoY),Growth,5,28,0.035745,0.035745,low_correlation,2026-04-25T22:25:54.019571+00:00
4709,US,USD,UNEMPLOYMENT,unemployment_rate,43,ny_empire_state_mfg,NY Empire State Manufacturing Index,Growth,1,23,0.471642,0.471642,low_sample,2026-04-25T22:25:54.019571+00:00
4710,US,USD,UNEMPLOYMENT,unemployment_rate,43,ny_empire_state_mfg,NY Empire State Manufacturing Index,Growth,2,15,0.254601,0.254601,low_sample_and_low_correlation,2026-04-25T22:25:54.019571+00:00
4711,US,USD,UNEMPLOYMENT,unemployment_rate,43,ny_empire_state_mfg,NY Empire State Manufacturing Index,Growth,3,19,0.248382,0.248382,low_sample_and_low_correlation,2026-04-25T22:25:54.019571+00:00
4712,US,USD,UNEMPLOYMENT,unemployment_rate,43,ny_empire_state_mfg,NY Empire State Manufacturing Index,Growth,6,28,0.226182,0.226182,low_correlation,2026-04-25T22:25:54.019571+00:00
4713,US,USD,UNEMPLOYMENT,unemployment_rate,43,ny_empire_state_mfg,NY Empire State Manufacturing Index,Growth,4,27,0.224222,0.224222,low_correlation,2026-04-25T22:25:54.019571+00:00
4714,US,USD,UNEMPLOYMENT,unemployment_rate,43,ny_empire_state_mfg,NY Empire State Manufacturing Index,Growth,5,34,0.200836,0.200836,low_correlation,2026-04-25T22:25:54.019571+00:00
4715,US,USD,UNEMPLOYMENT,unemployment_rate,43,ny_empire_state_mfg,NY Empire State Manufacturing Index,Growth,0,33,0.195808,0.195808,low_correlation,2026-04-25T22:25:54.019571+00:00
4716,US,USD,UNEMPLOYMENT,unemployment_rate,44,philly_fed_mfg,Philadelphia Fed Manufacturing Index,Growth,3,20,0.539218,0.539218,low_sample,2026-04-25T22:25:54.019571+00:00
4717,US,USD,UNEMPLOYMENT,unemployment_rate,44,philly_fed_mfg,Philadelphia Fed Manufacturing Index,Growth,2,15,0.493045,0.493045,low_sample,2026-04-25T22:25:54.019571+00:00
4718,US,USD,UNEMPLOYMENT,unemployment_rate,44,philly_fed_mfg,Philadelphia Fed Manufacturing Index,Growth,5,35,0.469644,0.469644,not_best_lag,2026-04-25T22:25:54.019571+00:00
4719,US,USD,UNEMPLOYMENT,unemployment_rate,44,philly_fed_mfg,Philadelphia Fed Manufacturing Index,Growth,4,28,0.376134,0.376134,low_correlation,2026-04-25T22:25:54.019571+00:00
4720,US,USD,UNEMPLOYMENT,unemployment_rate,44,philly_fed_mfg,Philadelphia Fed Manufacturing Index,Growth,1,24,0.241312,0.241312,low_correlation,2026-04-25T22:25:54.019571+00:00
4721,US,USD,UNEMPLOYMENT,unemployment_rate,44,philly_fed_mfg,Philadelphia Fed Manufacturing Index,Growth,6,29,0.190825,0.190825,low_correlation,2026-04-25T22:25:54.019571+00:00
4722,US,USD,UNEMPLOYMENT,unemployment_rate,44,philly_fed_mfg,Philadelphia Fed Manufacturing Index,Growth,0,34,0.067656,0.067656,low_correlation,2026-04-25T22:25:54.019571+00:00
4723,US,USD,UNEMPLOYMENT,unemployment_rate,45,umich_consumer_sentiment,UMich Consumer Sentiment,Growth,2,33,0.219700,0.219700,low_correlation,2026-04-25T22:25:54.019571+00:00
4724,US,USD,UNEMPLOYMENT,unemployment_rate,45,umich_consumer_sentiment,UMich Consumer Sentiment,Growth,3,36,0.204154,0.204154,low_correlation,2026-04-25T22:25:54.019571+00:00
4725,US,USD,UNEMPLOYMENT,unemployment_rate,45,umich_consumer_sentiment,UMich Consumer Sentiment,Growth,1,50,-0.131881,0.131881,low_correlation,2026-04-25T22:25:54.019571+00:00
4726,US,USD,UNEMPLOYMENT,unemployment_rate,45,umich_consumer_sentiment,UMich Consumer Sentiment,Growth,0,63,-0.126594,0.126594,low_correlation,2026-04-25T22:25:54.019571+00:00
4727,US,USD,UNEMPLOYMENT,unemployment_rate,45,umich_consumer_sentiment,UMich Consumer Sentiment,Growth,4,50,0.103313,0.103313,low_correlation,2026-04-25T22:25:54.019571+00:00
4728,US,USD,UNEMPLOYMENT,unemployment_rate,45,umich_consumer_sentiment,UMich Consumer Sentiment,Growth,5,65,-0.051660,0.051660,low_correlation,2026-04-25T22:25:54.019571+00:00
4729,US,USD,UNEMPLOYMENT,unemployment_rate,45,umich_consumer_sentiment,UMich Consumer Sentiment,Growth,6,58,0.026614,0.026614,low_correlation,2026-04-25T22:25:54.019571+00:00
4730,US,USD,UNEMPLOYMENT,unemployment_rate,46,nfib_business_optimism,NFIB Business Optimism Index,Growth,3,13,-0.535243,0.535243,low_sample,2026-04-25T22:25:54.019571+00:00
4731,US,USD,UNEMPLOYMENT,unemployment_rate,46,nfib_business_optimism,NFIB Business Optimism Index,Growth,2,20,0.243441,0.243441,low_sample_and_low_correlation,2026-04-25T22:25:54.019571+00:00
4732,US,USD,UNEMPLOYMENT,unemployment_rate,46,nfib_business_optimism,NFIB Business Optimism Index,Growth,6,34,0.176390,0.176390,low_correlation,2026-04-25T22:25:54.019571+00:00
4733,US,USD,UNEMPLOYMENT,unemployment_rate,46,nfib_business_optimism,NFIB Business Optimism Index,Growth,4,19,-0.052101,0.052101,low_sample_and_low_correlation,2026-04-25T22:25:54.019571+00:00
4734,US,USD,UNEMPLOYMENT,unemployment_rate,46,nfib_business_optimism,NFIB Business Optimism Index,Growth,1,30,0.035932,0.035932,low_correlation,2026-04-25T22:25:54.019571+00:00
4735,US,USD,UNEMPLOYMENT,unemployment_rate,46,nfib_business_optimism,NFIB Business Optimism Index,Growth,5,27,-0.022198,0.022198,low_correlation,2026-04-25T22:25:54.019571+00:00
4736,US,USD,UNEMPLOYMENT,unemployment_rate,178,continuing_jobless_claims,Continuing Jobless Claims,Labor,1,126,0.365108,0.365108,low_correlation,2026-04-25T22:25:54.019571+00:00
4737,US,USD,UNEMPLOYMENT,unemployment_rate,178,continuing_jobless_claims,Continuing Jobless Claims,Labor,6,145,0.226279,0.226279,low_correlation,2026-04-25T22:25:54.019571+00:00
4738,US,USD,UNEMPLOYMENT,unemployment_rate,178,continuing_jobless_claims,Continuing Jobless Claims,Labor,3,74,-0.160879,0.160879,low_correlation,2026-04-25T22:25:54.019571+00:00
4739,US,USD,UNEMPLOYMENT,unemployment_rate,178,continuing_jobless_claims,Continuing Jobless Claims,Labor,4,107,-0.050603,0.050603,low_correlation,2026-04-25T22:25:54.019571+00:00
4740,US,USD,UNEMPLOYMENT,unemployment_rate,178,continuing_jobless_claims,Continuing Jobless Claims,Labor,5,142,0.003809,0.003809,low_correlation,2026-04-25T22:25:54.019571+00:00
4741,US,USD,UNEMPLOYMENT,unemployment_rate,178,continuing_jobless_claims,Continuing Jobless Claims,Labor,0,141,-0.000299,0.000299,low_correlation,2026-04-25T22:25:54.019571+00:00
4742,US,USD,UNEMPLOYMENT,unemployment_rate,179,jobless_claims_4week_average,Jobless Claims 4-Week Average,Labor,0,158,-0.122530,0.122530,low_correlation,2026-04-25T22:25:54.019571+00:00
4743,US,USD,UNEMPLOYMENT,unemployment_rate,179,jobless_claims_4week_average,Jobless Claims 4-Week Average,Labor,4,115,-0.116568,0.116568,low_correlation,2026-04-25T22:25:54.019571+00:00
4744,US,USD,UNEMPLOYMENT,unemployment_rate,179,jobless_claims_4week_average,Jobless Claims 4-Week Average,Labor,6,133,-0.112275,0.112275,low_correlation,2026-04-25T22:25:54.019571+00:00
4745,US,USD,UNEMPLOYMENT,unemployment_rate,179,jobless_claims_4week_average,Jobless Claims 4-Week Average,Labor,5,149,-0.070717,0.070717,low_correlation,2026-04-25T22:25:54.019571+00:00
4746,US,USD,UNEMPLOYMENT,unemployment_rate,179,jobless_claims_4week_average,Jobless Claims 4-Week Average,Labor,2,72,-0.036673,0.036673,low_correlation,2026-04-25T22:25:54.019571+00:00
4747,US,USD,UNEMPLOYMENT,unemployment_rate,179,jobless_claims_4week_average,Jobless Claims 4-Week Average,Labor,1,114,0.010681,0.010681,low_correlation,2026-04-25T22:25:54.019571+00:00
4748,US,USD,UNEMPLOYMENT,unemployment_rate,179,jobless_claims_4week_average,Jobless Claims 4-Week Average,Labor,3,81,-0.009857,0.009857,low_correlation,2026-04-25T22:25:54.019571+00:00
4749,US,USD,UNEMPLOYMENT,unemployment_rate,180,ism_services_business_activity,ISM Services Business Activity,Growth,2,14,-0.663010,0.663010,low_sample,2026-04-25T22:25:54.019571+00:00
4750,US,USD,UNEMPLOYMENT,unemployment_rate,180,ism_services_business_activity,ISM Services Business Activity,Growth,6,14,-0.460085,0.460085,low_sample,2026-04-25T22:25:54.019571+00:00
4751,US,USD,UNEMPLOYMENT,unemployment_rate,180,ism_services_business_activity,ISM Services Business Activity,Growth,0,14,-0.409820,0.409820,low_sample,2026-04-25T22:25:54.019571+00:00
4752,US,USD,UNEMPLOYMENT,unemployment_rate,180,ism_services_business_activity,ISM Services Business Activity,Growth,5,13,-0.343460,0.343460,low_sample_and_low_correlation,2026-04-25T22:25:54.019571+00:00
4753,US,USD,UNEMPLOYMENT,unemployment_rate,180,ism_services_business_activity,ISM Services Business Activity,Growth,1,17,-0.242396,0.242396,low_sample_and_low_correlation,2026-04-25T22:25:54.019571+00:00
4754,US,USD,UNEMPLOYMENT,unemployment_rate,180,ism_services_business_activity,ISM Services Business Activity,Growth,4,12,-0.177720,0.177720,low_sample_and_low_correlation,2026-04-25T22:25:54.019571+00:00
4755,US,USD,UNEMPLOYMENT,unemployment_rate,180,ism_services_business_activity,ISM Services Business Activity,Growth,3,13,0.068027,0.068027,low_sample_and_low_correlation,2026-04-25T22:25:54.019571+00:00
4756,US,USD,UNEMPLOYMENT,unemployment_rate,181,ism_services_employment,ISM Services Employment,Labor,0,22,-0.278838,0.278838,low_sample_and_low_correlation,2026-04-25T22:25:54.019571+00:00
4757,US,USD,UNEMPLOYMENT,unemployment_rate,181,ism_services_employment,ISM Services Employment,Labor,1,24,-0.216923,0.216923,low_correlation,2026-04-25T22:25:54.019571+00:00
4758,US,USD,UNEMPLOYMENT,unemployment_rate,181,ism_services_employment,ISM Services Employment,Labor,3,12,0.184947,0.184947,low_sample_and_low_correlation,2026-04-25T22:25:54.019571+00:00
4759,US,USD,UNEMPLOYMENT,unemployment_rate,181,ism_services_employment,ISM Services Employment,Labor,2,18,0.166562,0.166562,low_sample_and_low_correlation,2026-04-25T22:25:54.019571+00:00
4760,US,USD,UNEMPLOYMENT,unemployment_rate,181,ism_services_employment,ISM Services Employment,Labor,5,22,-0.132488,0.132488,low_sample_and_low_correlation,2026-04-25T22:25:54.019571+00:00
4761,US,USD,UNEMPLOYMENT,unemployment_rate,181,ism_services_employment,ISM Services Employment,Labor,6,27,-0.050190,0.050190,low_correlation,2026-04-25T22:25:54.019571+00:00
4762,US,USD,UNEMPLOYMENT,unemployment_rate,181,ism_services_employment,ISM Services Employment,Labor,4,17,-0.042034,0.042034,low_sample_and_low_correlation,2026-04-25T22:25:54.019571+00:00
4763,US,USD,UNEMPLOYMENT,unemployment_rate,182,new_home_sales,New Home Sales,Growth,4,20,0.451617,0.451617,low_sample,2026-04-25T22:25:54.019571+00:00
4764,US,USD,UNEMPLOYMENT,unemployment_rate,182,new_home_sales,New Home Sales,Growth,5,27,0.276814,0.276814,low_correlation,2026-04-25T22:25:54.019571+00:00
4765,US,USD,UNEMPLOYMENT,unemployment_rate,182,new_home_sales,New Home Sales,Growth,6,34,0.273476,0.273476,low_correlation,2026-04-25T22:25:54.019571+00:00
4766,US,USD,UNEMPLOYMENT,unemployment_rate,182,new_home_sales,New Home Sales,Growth,2,26,-0.080624,0.080624,low_correlation,2026-04-25T22:25:54.019571+00:00
4767,US,USD,UNEMPLOYMENT,unemployment_rate,182,new_home_sales,New Home Sales,Growth,1,34,-0.072001,0.072001,low_correlation,2026-04-25T22:25:54.019571+00:00
4768,US,USD,UNEMPLOYMENT,unemployment_rate,182,new_home_sales,New Home Sales,Growth,3,19,-0.007169,0.007169,low_sample_and_low_correlation,2026-04-25T22:25:54.019571+00:00
4769,US,USD,UNEMPLOYMENT,unemployment_rate,184,redbook_yoy,Redbook Retail Sales (YoY),Growth,1,113,-0.113155,0.113155,low_correlation,2026-04-25T22:25:54.019571+00:00
4770,US,USD,UNEMPLOYMENT,unemployment_rate,184,redbook_yoy,Redbook Retail Sales (YoY),Growth,4,117,0.105630,0.105630,low_correlation,2026-04-25T22:25:54.019571+00:00
4771,US,USD,UNEMPLOYMENT,unemployment_rate,184,redbook_yoy,Redbook Retail Sales (YoY),Growth,6,134,0.090610,0.090610,low_correlation,2026-04-25T22:25:54.019571+00:00
4772,US,USD,UNEMPLOYMENT,unemployment_rate,184,redbook_yoy,Redbook Retail Sales (YoY),Growth,2,71,0.089395,0.089395,low_correlation,2026-04-25T22:25:54.019571+00:00
4773,US,USD,UNEMPLOYMENT,unemployment_rate,184,redbook_yoy,Redbook Retail Sales (YoY),Growth,3,83,0.082482,0.082482,low_correlation,2026-04-25T22:25:54.019571+00:00
4774,US,USD,UNEMPLOYMENT,unemployment_rate,184,redbook_yoy,Redbook Retail Sales (YoY),Growth,0,156,-0.060120,0.060120,low_correlation,2026-04-25T22:25:54.019571+00:00
4775,US,USD,UNEMPLOYMENT,unemployment_rate,184,redbook_yoy,Redbook Retail Sales (YoY),Growth,5,152,0.001930,0.001930,low_correlation,2026-04-25T22:25:54.019571+00:00
4776,US,USD,UNEMPLOYMENT,unemployment_rate,238,government_payrolls,Government Payrolls,Labor,0,40,-0.667764,0.667764,not_best_lag,2026-04-25T22:25:54.019571+00:00
4777,US,USD,UNEMPLOYMENT,unemployment_rate,238,government_payrolls,Government Payrolls,Labor,5,26,-0.629718,0.629718,not_best_lag,2026-04-25T22:25:54.019571+00:00
4778,US,USD,UNEMPLOYMENT,unemployment_rate,238,government_payrolls,Government Payrolls,Labor,6,33,-0.489054,0.489054,not_best_lag,2026-04-25T22:25:54.019571+00:00
4779,US,USD,UNEMPLOYMENT,unemployment_rate,238,government_payrolls,Government Payrolls,Labor,3,12,0.137530,0.137530,low_sample_and_low_correlation,2026-04-25T22:25:54.019571+00:00
4780,US,USD,UNEMPLOYMENT,unemployment_rate,238,government_payrolls,Government Payrolls,Labor,2,19,0.068737,0.068737,low_sample_and_low_correlation,2026-04-25T22:25:54.019571+00:00
4781,US,USD,UNEMPLOYMENT,unemployment_rate,238,government_payrolls,Government Payrolls,Labor,4,18,-0.055787,0.055787,low_sample_and_low_correlation,2026-04-25T22:25:54.019571+00:00
4782,US,USD,UNEMPLOYMENT,unemployment_rate,239,manufacturing_payrolls,Manufacturing Payrolls,Labor,0,40,-0.645983,0.645983,not_best_lag,2026-04-25T22:25:54.019571+00:00
4783,US,USD,UNEMPLOYMENT,unemployment_rate,239,manufacturing_payrolls,Manufacturing Payrolls,Labor,5,26,-0.629970,0.629970,not_best_lag,2026-04-25T22:25:54.019571+00:00
4784,US,USD,UNEMPLOYMENT,unemployment_rate,239,manufacturing_payrolls,Manufacturing Payrolls,Labor,6,33,-0.467910,0.467910,not_best_lag,2026-04-25T22:25:54.019571+00:00
4785,US,USD,UNEMPLOYMENT,unemployment_rate,239,manufacturing_payrolls,Manufacturing Payrolls,Labor,4,18,0.365560,0.365560,low_sample_and_low_correlation,2026-04-25T22:25:54.019571+00:00
4786,US,USD,UNEMPLOYMENT,unemployment_rate,239,manufacturing_payrolls,Manufacturing Payrolls,Labor,2,19,0.117785,0.117785,low_sample_and_low_correlation,2026-04-25T22:25:54.019571+00:00
4787,US,USD,UNEMPLOYMENT,unemployment_rate,239,manufacturing_payrolls,Manufacturing Payrolls,Labor,3,12,-0.015150,0.015150,low_sample_and_low_correlation,2026-04-25T22:25:54.019571+00:00
4788,US,USD,UNEMPLOYMENT,unemployment_rate,240,private_nonfarm_payrolls,Private Nonfarm Payrolls,Labor,0,40,-0.596910,0.596910,not_best_lag,2026-04-25T22:25:54.019571+00:00
4789,US,USD,UNEMPLOYMENT,unemployment_rate,240,private_nonfarm_payrolls,Private Nonfarm Payrolls,Labor,5,25,-0.592698,0.592698,not_best_lag,2026-04-25T22:25:54.019571+00:00
4790,US,USD,UNEMPLOYMENT,unemployment_rate,240,private_nonfarm_payrolls,Private Nonfarm Payrolls,Labor,6,33,-0.421730,0.421730,not_best_lag,2026-04-25T22:25:54.019571+00:00
4791,US,USD,UNEMPLOYMENT,unemployment_rate,240,private_nonfarm_payrolls,Private Nonfarm Payrolls,Labor,4,17,0.313852,0.313852,low_sample_and_low_correlation,2026-04-25T22:25:54.019571+00:00
4792,US,USD,UNEMPLOYMENT,unemployment_rate,240,private_nonfarm_payrolls,Private Nonfarm Payrolls,Labor,3,11,-0.230577,0.230577,low_sample_and_low_correlation,2026-04-25T22:25:54.019571+00:00
4793,US,USD,UNEMPLOYMENT,unemployment_rate,240,private_nonfarm_payrolls,Private Nonfarm Payrolls,Labor,2,18,0.091486,0.091486,low_sample_and_low_correlation,2026-04-25T22:25:54.019571+00:00
4794,US,USD,UNEMPLOYMENT,unemployment_rate,242,average_weekly_hours,Average Weekly Hours,Labor,4,18,0.677155,0.677155,low_sample,2026-04-25T22:25:54.019571+00:00
4795,US,USD,UNEMPLOYMENT,unemployment_rate,242,average_weekly_hours,Average Weekly Hours,Labor,6,33,0.606915,0.606915,not_best_lag,2026-04-25T22:25:54.019571+00:00
4796,US,USD,UNEMPLOYMENT,unemployment_rate,242,average_weekly_hours,Average Weekly Hours,Labor,5,26,0.519592,0.519592,not_best_lag,2026-04-25T22:25:54.019571+00:00
4797,US,USD,UNEMPLOYMENT,unemployment_rate,242,average_weekly_hours,Average Weekly Hours,Labor,0,40,0.453354,0.453354,not_best_lag,2026-04-25T22:25:54.019571+00:00
4798,US,USD,UNEMPLOYMENT,unemployment_rate,242,average_weekly_hours,Average Weekly Hours,Labor,2,19,0.433534,0.433534,low_sample,2026-04-25T22:25:54.019571+00:00
4799,US,USD,UNEMPLOYMENT,unemployment_rate,242,average_weekly_hours,Average Weekly Hours,Labor,1,30,0.243068,0.243068,low_correlation,2026-04-25T22:25:54.019571+00:00
4800,US,USD,UNEMPLOYMENT,unemployment_rate,242,average_weekly_hours,Average Weekly Hours,Labor,3,12,0.126797,0.126797,low_sample_and_low_correlation,2026-04-25T22:25:54.019571+00:00
4801,US,USD,UNEMPLOYMENT,unemployment_rate,243,challenger_job_cuts,Challenger Job Cuts,Labor,3,13,-0.226596,0.226596,low_sample_and_low_correlation,2026-04-25T22:25:54.019571+00:00
4802,US,USD,UNEMPLOYMENT,unemployment_rate,243,challenger_job_cuts,Challenger Job Cuts,Labor,4,19,-0.184597,0.184597,low_sample_and_low_correlation,2026-04-25T22:25:54.019571+00:00
4803,US,USD,UNEMPLOYMENT,unemployment_rate,243,challenger_job_cuts,Challenger Job Cuts,Labor,2,20,-0.150963,0.150963,low_sample_and_low_correlation,2026-04-25T22:25:54.019571+00:00
4804,US,USD,UNEMPLOYMENT,unemployment_rate,243,challenger_job_cuts,Challenger Job Cuts,Labor,1,30,0.090460,0.090460,low_correlation,2026-04-25T22:25:54.019571+00:00
4805,US,USD,UNEMPLOYMENT,unemployment_rate,243,challenger_job_cuts,Challenger Job Cuts,Labor,5,27,-0.036794,0.036794,low_correlation,2026-04-25T22:25:54.019571+00:00
4806,US,USD,UNEMPLOYMENT,unemployment_rate,243,challenger_job_cuts,Challenger Job Cuts,Labor,6,34,-0.025743,0.025743,low_correlation,2026-04-25T22:25:54.019571+00:00
4807,US,USD,UNEMPLOYMENT,unemployment_rate,243,challenger_job_cuts,Challenger Job Cuts,Labor,0,41,0.018976,0.018976,low_correlation,2026-04-25T22:25:54.019571+00:00
