central_bank_code,left_indicator_key,left_indicator,left_category,left_importance,right_indicator_key,right_indicator,right_category,right_importance,observations,correlation,abs_correlation
BOC,new_motor_vehicle_sales,New Motor Vehicle Sales,Growth,3,vehicle_sales_mom,Vehicle Sales (MoM),Growth,3,20,0.9999999002555365,0.9999999002555365
FED,nfp,Non-Farm Payrolls,Labor,1,private_nonfarm_payrolls,Private Nonfarm Payrolls,Labor,2,37,0.9991234239868816,0.9991234239868816
RBA,composite_pmi,Composite PMI,Growth,2,services_pmi,Services PMI,Growth,2,57,0.9983988835586557,0.9983988835586557
FED,manufacturing_payrolls,Manufacturing Payrolls,Labor,2,private_nonfarm_payrolls,Private Nonfarm Payrolls,Labor,2,37,0.997248703108172,0.997248703108172
BOE,core_rpi_mom,Core RPI (MoM),Inflation,3,retail_price_index_mom,Retail Price Index (MoM),Inflation,3,22,0.9967221429011069,0.9967221429011069
FED,manufacturing_payrolls,Manufacturing Payrolls,Labor,2,nfp,Non-Farm Payrolls,Labor,1,37,0.9958420019590116,0.9958420019590116
BOE,cpi_headline_yoy,Headline CPI (YoY),Inflation,1,retail_price_index_yoy,Retail Price Index (YoY),Inflation,3,76,0.9957769964407341,0.9957769964407341
BOE,retail_sales_ex_fuel_mom,Retail Sales Ex Fuel (MoM),Growth,2,retail_sales_mom,Retail Sales (MoM),Growth,1,73,0.9916696892319279,0.9916696892319279
FED,cpi_headline_yoy,Headline CPI (YoY),Inflation,1,pce_price_index_yoy,PCE Price Index (YoY),Inflation,1,34,0.9907273833759487,0.9907273833759487
BOC,composite_pmi,Composite PMI,Growth,2,services_pmi,Services PMI,Growth,2,29,0.9884807185241847,0.9884807185241847
FED,sp_global_composite_pmi,S&P Global Composite PMI,Growth,2,sp_global_services_pmi,S&P Global Services PMI,Growth,2,31,0.9877561839302889,0.9877561839302889
BOE,retail_sales_ex_fuel_yoy,Retail Sales Ex Fuel (YoY),Growth,2,retail_sales_yoy,Retail Sales (YoY),Growth,1,73,0.9838473025619178,0.9838473025619178
FED,core_ppi_yoy,Core PPI (YoY),Inflation,2,ppi_yoy,PPI (YoY),Inflation,2,36,0.9826278318955417,0.9826278318955417
BOE,ppi_core_output_yoy,PPI Core Output (YoY),Inflation,3,ppi_output_yoy,PPI Output (YoY),Inflation,3,67,0.9822410699384901,0.9822410699384901
BOJ,tankan_large_non_manufacturing_index,Tankan Large Non-Manufacturing Index,Sentiment,2,tankan_non_manufacturing_outlook,Tankan Non-Manufacturing Outlook,Sentiment,2,25,0.9818459791824373,0.9818459791824373
FED,export_prices_yoy,Export Prices (YoY),Inflation,3,import_prices_yoy,Import Prices (YoY),Inflation,3,38,0.9791732293806074,0.9791732293806074
RBA,rba_trimmed_mean_cpi_yoy,RBA Trimmed Mean CPI (YoY),Inflation,1,rba_weighted_median_cpi_yoy,RBA Weighted Median CPI (YoY),Inflation,1,24,0.9789547096626612,0.9789547096626612
BOJ,tankan_large_manufacturers_index,Tankan Large Manufacturers Index,Sentiment,2,tankan_large_manufacturing_outlook,Tankan Large Manufacturing Outlook,Sentiment,2,25,0.9784132119121455,0.9784132119121455
BOJ,composite_pmi,S&P Global Composite PMI,Growth,2,services_pmi,S&P Global Services PMI,Growth,2,74,0.9739490960946829,0.9739490960946829
FED,core_cpi_yoy,Core CPI (YoY),Inflation,1,core_pce_price_index_yoy,Core PCE Price Index (YoY),Inflation,1,34,0.9714440755849151,0.9714440755849151
ECB,composite_pmi,Composite PMI,Growth,2,services_pmi,Services PMI,Growth,2,19,0.9713750149304003,0.9713750149304003
FED,avg_hourly_earnings_mom,Average Hourly Earnings (MoM),Labor,2,private_nonfarm_payrolls,Private Nonfarm Payrolls,Labor,2,37,-0.9710824238299942,0.9710824238299942
FED,avg_hourly_earnings_mom,Average Hourly Earnings (MoM),Labor,2,manufacturing_payrolls,Manufacturing Payrolls,Labor,2,37,-0.9701707297885755,0.9701707297885755
FED,adp_employment_change,ADP Employment Change,Labor,2,nfp,Non-Farm Payrolls,Labor,1,34,0.9658566343777858,0.9658566343777858
FED,avg_hourly_earnings_mom,Average Hourly Earnings (MoM),Labor,2,nfp,Non-Farm Payrolls,Labor,1,37,-0.9655433125532886,0.9655433125532886
BOJ,core_cpi_yoy,Core CPI (YoY),Inflation,1,cpi_headline_yoy,Headline CPI (YoY),Inflation,1,73,0.9641675761607627,0.9641675761607627
FED,cpi_headline_mom,Headline CPI (MoM),Inflation,2,pce_price_index_mom,PCE Price Index (MoM),Inflation,1,30,0.9626666913003585,0.9626666913003585
RBA,rba_trimmed_mean_cpi_qoq,RBA Trimmed Mean CPI (QoQ),Inflation,1,rba_weighted_median_cpi_qoq,RBA Weighted Median CPI (QoQ),Inflation,1,24,0.9594763011458805,0.9594763011458805
BOC,core_cpi_yoy,Core CPI (YoY),Inflation,1,cpi_headline_yoy,Headline CPI (YoY),Inflation,1,76,0.95796432453151,0.95796432453151
FED,adp_employment_change,ADP Employment Change,Labor,2,private_nonfarm_payrolls,Private Nonfarm Payrolls,Labor,2,34,0.9565535746032486,0.9565535746032486
FED,average_weekly_hours,Average Weekly Hours,Labor,2,cpi_index,CPI Index,Inflation,2,28,-0.9544841114476199,0.9544841114476199
FED,core_pce_price_index_yoy,Core PCE Price Index (YoY),Inflation,1,pce_price_index_yoy,PCE Price Index (YoY),Inflation,1,45,0.9542179865159299,0.9542179865159299
BOC,exports,Exports,Trade,2,imports,Imports,Trade,2,76,0.9541339799937731,0.9541339799937731
BOJ,tankan_large_manufacturers_index,Tankan Large Manufacturers Index,Sentiment,2,tankan_small_manufacturers_index,Tankan Small Manufacturers Index,Sentiment,2,24,0.9533973240060257,0.9533973240060257
BOJ,coincident_index,Coincident Index,Growth,2,tankan_large_non_manufacturing_index,Tankan Large Non-Manufacturing Index,Sentiment,2,25,0.9533142594716597,0.9533142594716597
BOE,ppi_input_yoy,PPI Input (YoY),Inflation,3,ppi_output_yoy,PPI Output (YoY),Inflation,3,68,0.9514790693997329,0.9514790693997329
FED,adp_employment_change,ADP Employment Change,Labor,2,manufacturing_payrolls,Manufacturing Payrolls,Labor,2,34,0.9505246129832855,0.9505246129832855
BOC,employment_change,Employment Change,Labor,1,full_time_employment_change,Full-Time Employment Change,Labor,1,76,0.9483995877440757,0.9483995877440757
BOE,composite_pmi,Composite PMI,Growth,2,services_pmi,Services PMI,Growth,1,29,0.9480665259598817,0.9480665259598817
FED,consumer_inflation_expectations,Consumer Inflation Expectations,Inflation,2,cpi_headline_yoy,Headline CPI (YoY),Inflation,1,36,0.9478638112885828,0.9478638112885828
BOE,cpi_headline_mom,Headline CPI (MoM),Inflation,2,retail_price_index_mom,Retail Price Index (MoM),Inflation,3,65,0.9476515900395481,0.9476515900395481
BOE,gdp_qoq,GDP (QoQ),Growth,1,niesr_monthly_gdp_tracker,NIESR Monthly GDP Tracker,Growth,2,22,0.9473166529371374,0.9473166529371374
BOC,retail_sales_ex_autos_mom,Retail Sales Ex Autos (MoM),Growth,2,retail_sales_mom,Retail Sales (MoM),Growth,1,70,0.9446829115549438,0.9446829115549438
BOC,employment_change,Employment Change,Labor,1,gdp_mom,GDP (MoM),Growth,1,70,0.9443892666672628,0.9443892666672628
FED,consumer_inflation_expectations,Consumer Inflation Expectations,Inflation,2,pce_price_index_yoy,PCE Price Index (YoY),Inflation,1,34,0.9428691365990058,0.9428691365990058
RBA,ai_group_construction_index,Ai Group Construction Index,Growth,3,ai_group_manufacturing_index,Ai Group Manufacturing Index,Growth,3,70,0.9421482208932639,0.9421482208932639
BOE,gdp_mom,GDP (MoM),Growth,1,gdp_qoq,GDP (QoQ),Growth,1,20,0.9419237628853139,0.9419237628853139
BOE,core_rpi_mom,Core RPI (MoM),Inflation,3,cpi_headline_mom,Headline CPI (MoM),Inflation,2,20,0.9416770133837701,0.9416770133837701
BOE,house_price_index_yoy,House Price Index (YoY),Housing,3,nationwide_hpi_yoy,Nationwide House Prices (YoY),Housing,3,72,0.9382424540651807,0.9382424540651807
BOE,core_rpi_yoy,Core RPI (YoY),Inflation,3,cpi_headline_yoy,Headline CPI (YoY),Inflation,1,24,0.9378150386525164,0.9378150386525164
BOJ,tankan_large_manufacturing_outlook,Tankan Large Manufacturing Outlook,Sentiment,2,tankan_small_manufacturers_index,Tankan Small Manufacturers Index,Sentiment,2,24,0.9377297248498598,0.9377297248498598
FED,core_cpi_yoy,Core CPI (YoY),Inflation,1,pce_price_index_yoy,PCE Price Index (YoY),Inflation,1,34,0.9375989633372209,0.9375989633372209
FED,core_ppi_yoy,Core PPI (YoY),Inflation,2,pce_price_index_yoy,PCE Price Index (YoY),Inflation,1,35,0.9359769306887705,0.9359769306887705
FED,core_ppi_yoy,Core PPI (YoY),Inflation,2,cpi_headline_yoy,Headline CPI (YoY),Inflation,1,34,0.9339397590194343,0.9339397590194343
BOJ,coincident_index,Coincident Index,Growth,2,tankan_non_manufacturing_outlook,Tankan Non-Manufacturing Outlook,Sentiment,2,25,0.9325273219582091,0.9325273219582091
FED,core_cpi_yoy,Core CPI (YoY),Inflation,1,cpi_headline_yoy,Headline CPI (YoY),Inflation,1,36,0.9323845979695298,0.9323845979695298
BOC,ppi_yoy,PPI (YoY),Inflation,2,raw_materials_prices_yoy,Raw Materials Prices (YoY),Inflation,3,75,0.9322561470215972,0.9322561470215972
FED,ism_manufacturing_new_orders,ISM Manufacturing New Orders,Growth,2,ism_manufacturing_pmi,ISM Manufacturing PMI,Growth,1,33,0.9319330855499426,0.9319330855499426
BOE,gdp_yoy,GDP (YoY),Growth,1,industrial_production_yoy,Industrial Production (YoY),Growth,2,73,0.9296197876439962,0.9296197876439962
RBA,cpi_headline_yoy,Headline CPI (YoY),Inflation,1,rba_trimmed_mean_cpi_yoy,RBA Trimmed Mean CPI (YoY),Inflation,1,25,0.9285343013664856,0.9285343013664856
BOJ,reuters_tankan_index,Reuters Tankan Index,Sentiment,2,tankan_large_manufacturers_index,Tankan Large Manufacturers Index,Sentiment,2,25,0.9271820354289594,0.9271820354289594
FED,consumer_inflation_expectations,Consumer Inflation Expectations,Inflation,2,core_ppi_yoy,Core PPI (YoY),Inflation,2,34,0.9262773345853473,0.9262773345853473
BOE,ppi_core_output_yoy,PPI Core Output (YoY),Inflation,3,ppi_input_yoy,PPI Input (YoY),Inflation,3,67,0.9235506971886969,0.9235506971886969
BOE,avg_earnings_excl_bonus,Average Earnings (excl. Bonus),Labor,1,avg_earnings_incl_bonus,Average Earnings (incl. Bonus),Labor,2,73,0.9230899656844143,0.9230899656844143
RBA,producer_price_index_yoy,Producer Price Index (YoY),Inflation,2,unemployment_rate,Unemployment Rate,Labor,1,24,-0.9212520148338866,0.9212520148338866
FED,ism_manufacturing_employment,ISM Manufacturing Employment,Growth,2,ism_services_employment,ISM Services Employment,Growth,2,25,0.9210945108534937,0.9210945108534937
FED,ism_manufacturing_new_orders,ISM Manufacturing New Orders,Growth,2,philly_fed_mfg,Philadelphia Fed Manufacturing Index,Growth,2,27,0.9192527951593121,0.9192527951593121
FED,core_pce_price_index_yoy,Core PCE Price Index (YoY),Inflation,1,cpi_headline_yoy,Headline CPI (YoY),Inflation,1,34,0.9190355429232957,0.9190355429232957
RBA,cpi_headline_yoy,Headline CPI (YoY),Inflation,1,rba_weighted_median_cpi_qoq,RBA Weighted Median CPI (QoQ),Inflation,1,24,0.9187466941855446,0.9187466941855446
FED,government_payrolls,Government Payrolls,Labor,2,unemployment_rate,Unemployment Rate,Labor,1,36,-0.9179791207602105,0.9179791207602105
BOC,gdp_mom,GDP (MoM),Growth,1,manufacturing_sales_mom,Manufacturing Sales (MoM),Growth,2,69,0.917478750507529,0.917478750507529
FED,export_prices_yoy,Export Prices (YoY),Inflation,3,ppi_yoy,PPI (YoY),Inflation,2,36,0.9148888222146353,0.9148888222146353
RBA,cpi_headline_yoy,Headline CPI (YoY),Inflation,1,rba_trimmed_mean_cpi_qoq,RBA Trimmed Mean CPI (QoQ),Inflation,1,25,0.9147405091064484,0.9147405091064484
BOC,new_housing_price_index_yoy,New Housing Price Index (YoY),Housing,2,ppi_yoy,PPI (YoY),Inflation,2,62,0.9142510158989315,0.9142510158989315
BOC,manufacturing_sales_mom,Manufacturing Sales (MoM),Growth,2,wholesale_sales_mom,Wholesale Sales (MoM),Growth,2,74,0.9142128690713248,0.9142128690713248
FED,cpi_headline_yoy,Headline CPI (YoY),Inflation,1,ppi_yoy,PPI (YoY),Inflation,2,34,0.9130986762824919,0.9130986762824919
BOE,core_cpi_yoy,Core CPI (YoY),Inflation,1,cpi_headline_yoy,Headline CPI (YoY),Inflation,1,76,0.9122671361276945,0.9122671361276945
FED,core_pce_prices_qoq,Core PCE Prices (QoQ),Inflation,2,pce_prices_qoq,PCE Prices (QoQ),Inflation,2,20,0.9121818229865838,0.9121818229865838
BOJ,leading_economic_index,Leading Economic Index,Growth,2,tankan_large_manufacturing_outlook,Tankan Large Manufacturing Outlook,Sentiment,2,25,0.9113692755594799,0.9113692755594799
FED,initial_jobless_claims,Initial Jobless Claims,Labor,2,jobless_claims_4week_average,Jobless Claims 4-Week Average,Labor,2,176,0.9106571047435849,0.9106571047435849
BOJ,coincident_indicator_mom,Coincident Indicator (MoM),Growth,2,industrial_production_mom,Industrial Production (MoM),Growth,2,22,0.9103552937004376,0.9103552937004376
FED,import_prices_yoy,Import Prices (YoY),Inflation,3,ppi_yoy,PPI (YoY),Inflation,2,36,0.903712090096118,0.903712090096118
BOE,core_cpi_yoy,Core CPI (YoY),Inflation,1,retail_price_index_yoy,Retail Price Index (YoY),Inflation,3,76,0.9021028023622281,0.9021028023622281
RBNZ,labour_cost_index_yoy,Labour Cost Index (YoY),Labor,2,participation_rate,Labor Force Participation Rate,Labor,1,25,0.9013883026421741,0.9013883026421741
FED,pce_price_index_yoy,PCE Price Index (YoY),Inflation,1,ppi_yoy,PPI (YoY),Inflation,2,35,0.90065481020422,0.90065481020422
FED,challenger_job_cuts,Challenger Job Cuts,Labor,3,government_payrolls,Government Payrolls,Labor,2,35,-0.8993688444565783,0.8993688444565783
FED,export_prices_mom,Export Prices (MoM),Inflation,3,import_prices_mom,Import Prices (MoM),Inflation,3,35,0.8992407563233011,0.8992407563233011
RBA,rba_trimmed_mean_cpi_yoy,RBA Trimmed Mean CPI (YoY),Inflation,1,rba_weighted_median_cpi_qoq,RBA Weighted Median CPI (QoQ),Inflation,1,24,0.8989674073555569,0.8989674073555569
BOC,full_time_employment_change,Full-Time Employment Change,Labor,1,gdp_mom,GDP (MoM),Growth,1,70,0.8967413612954868,0.8967413612954868
BOJ,leading_economic_index,Leading Economic Index,Growth,2,tankan_large_manufacturers_index,Tankan Large Manufacturers Index,Sentiment,2,25,0.8964224525026748,0.8964224525026748
BOC,gdp_mom,GDP (MoM),Growth,1,retail_sales_mom,Retail Sales (MoM),Growth,1,68,0.8962279805045776,0.8962279805045776
FED,consumer_inflation_expectations,Consumer Inflation Expectations,Inflation,2,ppi_yoy,PPI (YoY),Inflation,2,34,0.8940241933974094,0.8940241933974094
FED,adp_employment_change,ADP Employment Change,Labor,2,challenger_job_cuts,Challenger Job Cuts,Labor,3,34,-0.8917297938051666,0.8917297938051666
FED,ism_services_employment,ISM Services Employment,Growth,2,ny_empire_state_mfg,NY Empire State Manufacturing Index,Growth,2,20,0.8885792463021278,0.8885792463021278
FED,ism_manufacturing_pmi,ISM Manufacturing PMI,Growth,1,philly_fed_mfg,Philadelphia Fed Manufacturing Index,Growth,2,27,0.8884385268014456,0.8884385268014456
BOJ,capacity_utilization,Capacity Utilization,Growth,2,industrial_production_mom,Industrial Production (MoM),Growth,2,75,0.8870835563577909,0.8870835563577909
FED,challenger_job_cuts,Challenger Job Cuts,Labor,3,ism_services_employment,ISM Services Employment,Growth,2,26,-0.8861428477790319,0.8861428477790319
BOJ,leading_economic_index,Leading Economic Index,Growth,2,tankan_non_manufacturing_outlook,Tankan Non-Manufacturing Outlook,Sentiment,2,25,0.8856552284774267,0.8856552284774267
BOE,core_rpi_yoy,Core RPI (YoY),Inflation,3,retail_price_index_yoy,Retail Price Index (YoY),Inflation,3,24,0.8846873931443741,0.8846873931443741
FED,ism_manufacturing_pmi,ISM Manufacturing PMI,Growth,1,sp_global_manufacturing_pmi,S&P Global Manufacturing PMI,Growth,2,21,0.884229740161183,0.884229740161183
BOJ,leading_economic_index,Leading Economic Index,Growth,2,tankan_small_manufacturers_index,Tankan Small Manufacturers Index,Sentiment,2,24,0.8836365042441288,0.8836365042441288
RBA,commodity_prices_yoy,Commodity Prices (YoY),Inflation,3,corelogic_dwelling_prices_mom,CoreLogic Dwelling Prices (MoM),Housing,2,31,-0.8829742758271106,0.8829742758271106
FED,adp_employment_change,ADP Employment Change,Labor,2,avg_hourly_earnings_mom,Average Hourly Earnings (MoM),Labor,2,34,-0.882581941631735,0.882581941631735
RBA,producer_price_index_yoy,Producer Price Index (YoY),Inflation,2,rba_trimmed_mean_cpi_qoq,RBA Trimmed Mean CPI (QoQ),Inflation,1,25,0.8791464191429693,0.8791464191429693
BOJ,reuters_tankan_index,Reuters Tankan Index,Sentiment,2,tankan_large_manufacturing_outlook,Tankan Large Manufacturing Outlook,Sentiment,2,25,0.878510660675859,0.878510660675859
RBA,producer_price_index_yoy,Producer Price Index (YoY),Inflation,2,rba_weighted_median_cpi_qoq,RBA Weighted Median CPI (QoQ),Inflation,1,24,0.8745033843166353,0.8745033843166353
BOC,manufacturing_sales_mom,Manufacturing Sales (MoM),Growth,2,retail_sales_mom,Retail Sales (MoM),Growth,1,71,0.8729672040528331,0.8729672040528331
FED,adp_employment_change,ADP Employment Change,Labor,2,cpi_index,CPI Index,Inflation,2,28,-0.8729099398349731,0.8729099398349731
RBA,cpi_headline_yoy,Headline CPI (YoY),Inflation,1,rba_weighted_median_cpi_yoy,RBA Weighted Median CPI (YoY),Inflation,1,24,0.872190903505899,0.872190903505899
BOJ,tankan_non_manufacturing_outlook,Tankan Non-Manufacturing Outlook,Sentiment,2,tankan_small_manufacturers_index,Tankan Small Manufacturers Index,Sentiment,2,24,0.8719681548211711,0.8719681548211711
BOJ,reuters_tankan_index,Reuters Tankan Index,Sentiment,2,tankan_small_manufacturers_index,Tankan Small Manufacturers Index,Sentiment,2,24,0.8706774406268596,0.8706774406268596
BOJ,eco_watchers_current,Eco Watchers Survey Current,Sentiment,2,services_pmi,S&P Global Services PMI,Growth,2,76,0.8703015986175363,0.8703015986175363
RBA,rba_weighted_median_cpi_qoq,RBA Weighted Median CPI (QoQ),Inflation,1,rba_weighted_median_cpi_yoy,RBA Weighted Median CPI (YoY),Inflation,1,24,0.8699975797002383,0.8699975797002383
FED,consumer_inflation_expectations,Consumer Inflation Expectations,Inflation,2,core_cpi_yoy,Core CPI (YoY),Inflation,1,36,0.8694858285059952,0.8694858285059952
BOJ,core_cpi_yoy,Core CPI (YoY),Inflation,1,cpi_ex_food_energy_yoy,CPI Ex Food and Energy (YoY),Inflation,1,73,0.868970757094431,0.868970757094431
SNB,cpi_headline_yoy,Headline CPI (YoY),Inflation,1,unemployment_rate,Unemployment Rate,Labor,2,74,-0.8688063720500115,0.8688063720500115
RBA,cpi_headline_yoy,Headline CPI (YoY),Inflation,1,producer_price_index_yoy,Producer Price Index (YoY),Inflation,2,25,0.8682017160814695,0.8682017160814695
FED,export_prices_mom,Export Prices (MoM),Inflation,3,ppi_mom,PPI (MoM),Inflation,2,33,0.8678299319452943,0.8678299319452943
FED,core_cpi_mom,Core CPI (MoM),Inflation,1,core_pce_price_index_mom,Core PCE Price Index (MoM),Inflation,1,32,0.8663916158293616,0.8663916158293616
BOJ,coincident_index,Coincident Index,Growth,2,leading_economic_index,Leading Economic Index,Growth,2,76,0.8646850130905858,0.8646850130905858
BOC,employment_change,Employment Change,Labor,1,part_time_employment_change,Part-Time Employment Change,Labor,1,76,0.864213922979389,0.864213922979389
BOJ,eco_watchers_current,Eco Watchers Survey Current,Sentiment,2,eco_watchers_outlook,Eco Watchers Survey Outlook,Sentiment,2,76,0.863586978433108,0.863586978433108
BOE,ppi_core_output_mom,PPI Core Output (MoM),Inflation,3,ppi_output_mom,PPI Output (MoM),Inflation,3,47,0.8635409471967397,0.8635409471967397
FED,continuing_jobless_claims,Continuing Jobless Claims,Labor,2,jobless_claims_4week_average,Jobless Claims 4-Week Average,Labor,2,163,0.8614645693154444,0.8614645693154444
RBA,producer_price_index_yoy,Producer Price Index (YoY),Inflation,2,rba_trimmed_mean_cpi_yoy,RBA Trimmed Mean CPI (YoY),Inflation,1,25,0.8609966990491904,0.8609966990491904
FED,challenger_job_cuts,Challenger Job Cuts,Labor,3,ism_manufacturing_employment,ISM Manufacturing Employment,Growth,2,33,-0.8588262889501024,0.8588262889501024
FED,consumer_inflation_expectations,Consumer Inflation Expectations,Inflation,2,core_pce_price_index_yoy,Core PCE Price Index (YoY),Inflation,1,34,0.8581723536470488,0.8581723536470488
BOC,employment_change,Employment Change,Labor,1,manufacturing_sales_mom,Manufacturing Sales (MoM),Growth,2,74,0.8573172916288919,0.8573172916288919
RBA,private_sector_credit_yoy,Private Sector Credit (YoY),Growth,3,producer_price_index_yoy,Producer Price Index (YoY),Inflation,2,24,0.8560247144059371,0.8560247144059371
FED,import_prices_yoy,Import Prices (YoY),Inflation,3,sp_global_manufacturing_pmi,S&P Global Manufacturing PMI,Growth,2,20,0.855758921623286,0.855758921623286
BOE,core_cpi_mom,Core CPI (MoM),Inflation,2,core_rpi_mom,Core RPI (MoM),Inflation,3,21,0.8543896835540414,0.8543896835540414
BOJ,exports_yoy,Exports (YoY),Growth,2,industrial_production_yoy,Industrial Production (YoY),Growth,2,75,0.8535640162120188,0.8535640162120188
RBA,producer_price_index_yoy,Producer Price Index (YoY),Inflation,2,rba_weighted_median_cpi_yoy,RBA Weighted Median CPI (YoY),Inflation,1,24,0.8520374088619904,0.8520374088619904
FED,challenger_job_cuts,Challenger Job Cuts,Labor,3,unemployment_rate,Unemployment Rate,Labor,1,35,0.8513064761078252,0.8513064761078252
RBA,ai_group_manufacturing_index,Ai Group Manufacturing Index,Growth,3,commodity_prices_yoy,Commodity Prices (YoY),Inflation,3,47,0.8512473072887463,0.8512473072887463
BOC,gdp_mom,GDP (MoM),Growth,1,wholesale_sales_mom,Wholesale Sales (MoM),Growth,2,70,0.8489873730529134,0.8489873730529134
FED,ism_services_employment,ISM Services Employment,Growth,2,philly_fed_mfg,Philadelphia Fed Manufacturing Index,Growth,2,20,0.8482300310771567,0.8482300310771567
BOC,retail_sales_mom,Retail Sales (MoM),Growth,1,wholesale_sales_mom,Wholesale Sales (MoM),Growth,2,72,0.848229664538255,0.848229664538255
RBA,rba_weighted_median_cpi_yoy,RBA Weighted Median CPI (YoY),Inflation,1,unemployment_rate,Unemployment Rate,Labor,1,23,-0.8481459345249301,0.8481459345249301
RBA,employment_change,Employment Change,Labor,1,part_time_employment_change,Part-Time Employment Change,Labor,1,76,0.8478648367508066,0.8478648367508066
FED,ism_manufacturing_pmi,ISM Manufacturing PMI,Growth,1,ism_manufacturing_prices,ISM Manufacturing Prices Paid,Growth,2,33,0.8472858590738663,0.8472858590738663
BOJ,composite_pmi,S&P Global Composite PMI,Growth,2,eco_watchers_current,Eco Watchers Survey Current,Sentiment,2,73,0.8468132813202657,0.8468132813202657
FED,adp_employment_change,ADP Employment Change,Labor,2,government_payrolls,Government Payrolls,Labor,2,34,0.8455002577899281,0.8455002577899281
FED,cpi_headline_mom,Headline CPI (MoM),Inflation,2,export_prices_mom,Export Prices (MoM),Inflation,3,31,0.8450737655853643,0.8450737655853643
FED,ism_manufacturing_prices,ISM Manufacturing Prices Paid,Growth,2,sp_global_manufacturing_pmi,S&P Global Manufacturing PMI,Growth,2,21,0.8448320720278362,0.8448320720278362
BOJ,cpi_ex_food_energy_yoy,CPI Ex Food and Energy (YoY),Inflation,1,cpi_headline_yoy,Headline CPI (YoY),Inflation,1,75,0.8443729603208108,0.8443729603208108
FED,export_prices_yoy,Export Prices (YoY),Inflation,3,sp_global_manufacturing_pmi,S&P Global Manufacturing PMI,Growth,2,21,0.8442211772972412,0.8442211772972412
FED,core_ppi_yoy,Core PPI (YoY),Inflation,2,export_prices_yoy,Export Prices (YoY),Inflation,3,36,0.844182455194601,0.844182455194601
FED,export_prices_mom,Export Prices (MoM),Inflation,3,pce_price_index_mom,PCE Price Index (MoM),Inflation,1,32,0.8433088724044138,0.8433088724044138
RBA,ai_group_construction_index,Ai Group Construction Index,Growth,3,ai_group_services_index,Ai Group Services Index,Growth,3,33,0.8432765753314697,0.8432765753314697
BOC,employment_change,Employment Change,Labor,1,retail_sales_mom,Retail Sales (MoM),Growth,1,72,0.842308422061844,0.842308422061844
RBA,rba_trimmed_mean_cpi_qoq,RBA Trimmed Mean CPI (QoQ),Inflation,1,rba_trimmed_mean_cpi_yoy,RBA Trimmed Mean CPI (YoY),Inflation,1,25,0.8422171437515962,0.8422171437515962
FED,pce_price_index_mom,PCE Price Index (MoM),Inflation,1,ppi_mom,PPI (MoM),Inflation,2,30,0.8392000262294967,0.8392000262294967
BOC,new_housing_price_index_yoy,New Housing Price Index (YoY),Housing,2,raw_materials_prices_yoy,Raw Materials Prices (YoY),Inflation,3,62,0.838525083681885,0.838525083681885
BOE,gdp_qoq,GDP (QoQ),Growth,1,ppi_input_mom,PPI Input (MoM),Inflation,3,22,0.8385065504774318,0.8385065504774318
BOC,retail_sales_ex_autos_mom,Retail Sales Ex Autos (MoM),Growth,2,wholesale_sales_mom,Wholesale Sales (MoM),Growth,2,71,0.8366878225054818,0.8366878225054818
FED,government_payrolls,Government Payrolls,Labor,2,ism_services_employment,ISM Services Employment,Growth,2,26,0.8365689984802875,0.8365689984802875
FED,participation_rate,Labor Force Participation Rate,Labor,2,unemployment_rate,Unemployment Rate,Labor,1,36,-0.834547919644811,0.834547919644811
BOC,manufacturing_sales_mom,Manufacturing Sales (MoM),Growth,2,retail_sales_ex_autos_mom,Retail Sales Ex Autos (MoM),Growth,2,70,0.8339094577131831,0.8339094577131831
FED,core_ppi_mom,Core PPI (MoM),Inflation,2,ppi_mom,PPI (MoM),Inflation,2,32,0.8304881566001641,0.8304881566001641
FED,core_ppi_yoy,Core PPI (YoY),Inflation,2,import_prices_yoy,Import Prices (YoY),Inflation,3,36,0.8304878831004571,0.8304878831004571
FED,import_prices_yoy,Import Prices (YoY),Inflation,3,ism_manufacturing_prices,ISM Manufacturing Prices Paid,Growth,2,32,0.8296095819188236,0.8296095819188236
BOJ,tankan_large_non_manufacturing_index,Tankan Large Non-Manufacturing Index,Sentiment,2,tankan_small_manufacturers_index,Tankan Small Manufacturers Index,Sentiment,2,24,0.8292137035474162,0.8292137035474162
FED,ism_manufacturing_prices,ISM Manufacturing Prices Paid,Growth,2,philly_fed_mfg,Philadelphia Fed Manufacturing Index,Growth,2,27,0.8279023469976938,0.8279023469976938
RBA,rba_trimmed_mean_cpi_yoy,RBA Trimmed Mean CPI (YoY),Inflation,1,unemployment_rate,Unemployment Rate,Labor,1,24,-0.8264333773374086,0.8264333773374086
BOE,cpi_headline_yoy,Headline CPI (YoY),Inflation,1,ppi_core_output_yoy,PPI Core Output (YoY),Inflation,3,67,0.8247479072020437,0.8247479072020437
RBA,monthly_cpi_indicator,Monthly CPI Indicator,Inflation,1,unemployment_rate,Unemployment Rate,Labor,1,38,-0.8245198500425901,0.8245198500425901
BOJ,leading_economic_index,Leading Economic Index,Growth,2,tankan_large_non_manufacturing_index,Tankan Large Non-Manufacturing Index,Sentiment,2,25,0.8238987446157833,0.8238987446157833
BOE,gdp_mom,GDP (MoM),Growth,1,retail_sales_mom,Retail Sales (MoM),Growth,1,66,0.8236664525026725,0.8236664525026725
BOE,ppi_core_output_yoy,PPI Core Output (YoY),Inflation,3,retail_price_index_yoy,Retail Price Index (YoY),Inflation,3,67,0.8218773984220312,0.8218773984220312
FED,export_prices_yoy,Export Prices (YoY),Inflation,3,ism_manufacturing_prices,ISM Manufacturing Prices Paid,Growth,2,32,0.8216639499079893,0.8216639499079893
BOC,gdp_mom,GDP (MoM),Growth,1,part_time_employment_change,Part-Time Employment Change,Labor,1,70,0.8207653530003992,0.8207653530003992
RBA,consumer_inflation_expectation,Consumer Inflation Expectation,Inflation,2,rba_trimmed_mean_cpi_yoy,RBA Trimmed Mean CPI (YoY),Inflation,1,24,0.8200433932024374,0.8200433932024374
RBA,cpi_headline_qoq,Headline CPI (QoQ),Inflation,1,retail_sales_mom,Retail Sales (MoM),Growth,1,20,0.8196148779477881,0.8196148779477881
BOJ,tankan_large_manufacturing_outlook,Tankan Large Manufacturing Outlook,Sentiment,2,tankan_non_manufacturing_outlook,Tankan Non-Manufacturing Outlook,Sentiment,2,25,0.8175292092112965,0.8175292092112965
FED,cpi_index,CPI Index,Inflation,2,ism_manufacturing_pmi,ISM Manufacturing PMI,Growth,1,27,-0.8170949463196437,0.8170949463196437
BOC,full_time_employment_change,Full-Time Employment Change,Labor,1,manufacturing_sales_mom,Manufacturing Sales (MoM),Growth,2,74,0.8170041396824994,0.8170041396824994
RBNZ,cpi_headline_yoy,Headline CPI (YoY),Inflation,1,labour_cost_index_qoq,Labour Cost Index (QoQ),Labor,2,25,0.8167562375805425,0.8167562375805425
RBA,ai_group_construction_index,Ai Group Construction Index,Growth,3,current_account,Current Account,Trade,2,23,0.8167295360799707,0.8167295360799707
BOE,cbi_industrial_trends_orders,CBI Industrial Trends Orders,Sentiment,3,ppi_input_yoy,PPI Input (YoY),Inflation,3,67,0.8164136921251082,0.8164136921251082
FED,average_weekly_hours,Average Weekly Hours,Labor,2,ism_manufacturing_pmi,ISM Manufacturing PMI,Growth,1,33,0.8159549835962866,0.8159549835962866
FED,core_pce_price_index_yoy,Core PCE Price Index (YoY),Inflation,1,core_ppi_yoy,Core PPI (YoY),Inflation,2,35,0.8158587188122304,0.8158587188122304
ECB,core_cpi_yoy,Core HICP (YoY),Inflation,1,cpi_headline_yoy,Headline HICP (YoY),Inflation,1,76,0.814561578889408,0.814561578889408
BOJ,imports_yoy,Imports (YoY),Growth,2,ppi_yoy,PPI (YoY),Inflation,2,75,0.8127564261373409,0.8127564261373409
BOE,industrial_production_yoy,Industrial Production (YoY),Growth,2,retail_sales_yoy,Retail Sales (YoY),Growth,1,73,0.8122873929128226,0.8122873929128226
FED,import_prices_mom,Import Prices (MoM),Inflation,3,pce_price_index_mom,PCE Price Index (MoM),Inflation,1,31,0.8113784635527997,0.8113784635527997
RBA,private_sector_credit_yoy,Private Sector Credit (YoY),Growth,3,rba_trimmed_mean_cpi_qoq,RBA Trimmed Mean CPI (QoQ),Inflation,1,24,0.8105747543059385,0.8105747543059385
FED,import_prices_mom,Import Prices (MoM),Inflation,3,ppi_mom,PPI (MoM),Inflation,2,32,0.8103470053615741,0.8103470053615741
RBA,commodity_prices_yoy,Commodity Prices (YoY),Inflation,3,private_sector_credit_yoy,Private Sector Credit (YoY),Growth,3,51,0.8096994791417961,0.8096994791417961
RBA,private_sector_credit_yoy,Private Sector Credit (YoY),Growth,3,rba_trimmed_mean_cpi_yoy,RBA Trimmed Mean CPI (YoY),Inflation,1,24,0.80827336794628,0.80827336794628
FED,challenger_job_cuts,Challenger Job Cuts,Labor,3,ny_empire_state_mfg,NY Empire State Manufacturing Index,Growth,2,26,-0.8067671848335275,0.8067671848335275
BOC,employment_change,Employment Change,Labor,1,retail_sales_ex_autos_mom,Retail Sales Ex Autos (MoM),Growth,2,71,0.8058213120539623,0.8058213120539623
BOC,gdp_mom,GDP (MoM),Growth,1,retail_sales_ex_autos_mom,Retail Sales Ex Autos (MoM),Growth,2,68,0.8056575920804453,0.8056575920804453
RBNZ,cpi_headline_yoy,Headline CPI (YoY),Inflation,1,unemployment_rate,Unemployment Rate,Labor,1,25,-0.8028052560714168,0.8028052560714168
FED,cpi_headline_mom,Headline CPI (MoM),Inflation,2,ppi_mom,PPI (MoM),Inflation,2,30,0.8017981262613458,0.8017981262613458
BOC,full_time_employment_change,Full-Time Employment Change,Labor,1,retail_sales_mom,Retail Sales (MoM),Growth,1,72,0.801682752386186,0.801682752386186
RBA,balance_of_trade,Balance of Trade,Trade,2,monthly_cpi_indicator,Monthly CPI Indicator,Inflation,1,38,0.7984477904170926,0.7984477904170926
BOE,gdp_qoq,GDP (QoQ),Growth,1,retail_sales_mom,Retail Sales (MoM),Growth,1,24,0.7976896697116783,0.7976896697116783
RBA,commodity_prices_yoy,Commodity Prices (YoY),Inflation,3,manufacturing_pmi,Manufacturing PMI,Growth,2,48,0.7976757980594441,0.7976757980594441
RBA,ai_group_manufacturing_index,Ai Group Manufacturing Index,Growth,3,current_account,Current Account,Trade,2,23,0.7972940962845448,0.7972940962845448
RBNZ,labour_cost_index_qoq,Labour Cost Index (QoQ),Labor,2,labour_cost_index_yoy,Labour Cost Index (YoY),Labor,2,25,0.7967658659773971,0.7967658659773971
FED,ism_manufacturing_employment,ISM Manufacturing Employment,Growth,2,philly_fed_mfg,Philadelphia Fed Manufacturing Index,Growth,2,27,0.7965189905396698,0.7965189905396698
BOE,cpi_headline_yoy,Headline CPI (YoY),Inflation,1,ppi_output_yoy,PPI Output (YoY),Inflation,3,68,0.7951982615553822,0.7951982615553822
RBA,private_sector_credit_yoy,Private Sector Credit (YoY),Growth,3,rba_weighted_median_cpi_qoq,RBA Weighted Median CPI (QoQ),Inflation,1,23,0.7937662485641468,0.7937662485641468
FED,avg_hourly_earnings_mom,Average Hourly Earnings (MoM),Labor,2,retail_sales_mom,Retail Sales (MoM),Growth,1,33,-0.7935623751115309,0.7935623751115309
BOE,ppi_output_yoy,PPI Output (YoY),Inflation,3,retail_price_index_yoy,Retail Price Index (YoY),Inflation,3,68,0.7927442370374145,0.7927442370374145
FED,ism_manufacturing_new_orders,ISM Manufacturing New Orders,Growth,2,ism_services_employment,ISM Services Employment,Growth,2,25,0.7923998435698336,0.7923998435698336
BOC,employment_change,Employment Change,Labor,1,wholesale_sales_mom,Wholesale Sales (MoM),Growth,2,74,0.7912124461909049,0.7912124461909049
BOC,full_time_employment_change,Full-Time Employment Change,Labor,1,wholesale_sales_mom,Wholesale Sales (MoM),Growth,2,74,0.7907840745452757,0.7907840745452757
BOJ,composite_pmi,S&P Global Composite PMI,Growth,2,tankan_large_manufacturing_outlook,Tankan Large Manufacturing Outlook,Sentiment,2,24,0.7893366401028197,0.7893366401028197
BOC,full_time_employment_change,Full-Time Employment Change,Labor,1,retail_sales_ex_autos_mom,Retail Sales Ex Autos (MoM),Growth,2,71,0.7884107193947016,0.7884107193947016
RBA,housing_credit_mom,Housing Credit (MoM),Growth,3,westpac_consumer_confidence_index,Westpac Consumer Confidence Index,Sentiment,2,41,0.7881436165708187,0.7881436165708187
RBA,consumer_inflation_expectation,Consumer Inflation Expectation,Inflation,2,monthly_cpi_indicator,Monthly CPI Indicator,Inflation,1,36,0.7876838021304928,0.7876838021304928
BOC,exports,Exports,Trade,2,unemployment_rate,Unemployment Rate,Labor,1,75,-0.7875321295728703,0.7875321295728703
FED,core_cpi_yoy,Core CPI (YoY),Inflation,1,core_ppi_yoy,Core PPI (YoY),Inflation,2,34,0.786539216551871,0.786539216551871
FED,ism_manufacturing_new_orders,ISM Manufacturing New Orders,Growth,2,ny_empire_state_mfg,NY Empire State Manufacturing Index,Growth,2,26,0.7863886852016464,0.7863886852016464
BOJ,composite_pmi,S&P Global Composite PMI,Growth,2,tankan_small_manufacturers_index,Tankan Small Manufacturers Index,Sentiment,2,23,0.7849656947684178,0.7849656947684178
BOJ,coincident_index,Coincident Index,Growth,2,tankan_small_manufacturers_index,Tankan Small Manufacturers Index,Sentiment,2,24,0.7848936735006501,0.7848936735006501
FED,philly_fed_mfg,Philadelphia Fed Manufacturing Index,Growth,2,retail_sales_yoy,Retail Sales (YoY),Growth,2,27,0.7844468437549765,0.7844468437549765
BOC,core_cpi_mom,Core CPI (MoM),Inflation,2,cpi_headline_mom,Headline CPI (MoM),Inflation,2,42,0.7840327311611475,0.7840327311611475
FED,cpi_headline_mom,Headline CPI (MoM),Inflation,2,import_prices_mom,Import Prices (MoM),Inflation,3,30,0.7839113988604873,0.7839113988604873
RBA,cpi_headline_qoq,Headline CPI (QoQ),Inflation,1,producer_price_index_qoq,Producer Price Index (QoQ),Inflation,2,24,0.7828344517070259,0.7828344517070259
BOJ,cpi_ex_food_energy_yoy,CPI Ex Food and Energy (YoY),Inflation,1,tankan_large_non_manufacturing_index,Tankan Large Non-Manufacturing Index,Sentiment,2,25,0.7821923282501125,0.7821923282501125
FED,challenger_job_cuts,Challenger Job Cuts,Labor,3,nfp,Non-Farm Payrolls,Labor,1,35,-0.78214965334775,0.78214965334775
RBA,producer_price_index_qoq,Producer Price Index (QoQ),Inflation,2,rba_trimmed_mean_cpi_qoq,RBA Trimmed Mean CPI (QoQ),Inflation,1,25,0.7812618939838819,0.7812618939838819
RBA,cpi_headline_qoq,Headline CPI (QoQ),Inflation,1,manufacturing_pmi,Manufacturing PMI,Growth,2,18,0.7806219999040701,0.7806219999040701
RBA,rba_trimmed_mean_cpi_qoq,RBA Trimmed Mean CPI (QoQ),Inflation,1,rba_weighted_median_cpi_yoy,RBA Weighted Median CPI (YoY),Inflation,1,24,0.7802220308857916,0.7802220308857916
RBA,composite_pmi,Composite PMI,Growth,2,employment_change,Employment Change,Labor,1,56,0.7800685586350831,0.7800685586350831
RBA,cpi_headline_qoq,Headline CPI (QoQ),Inflation,1,services_pmi,Services PMI,Growth,2,19,0.7789993652042237,0.7789993652042237
RBA,employment_change,Employment Change,Labor,1,services_pmi,Services PMI,Growth,2,59,0.7783732392045474,0.7783732392045474
RBA,private_sector_credit_yoy,Private Sector Credit (YoY),Growth,3,unemployment_rate,Unemployment Rate,Labor,1,75,-0.7778064289252058,0.7778064289252058
BOJ,capacity_utilization,Capacity Utilization,Growth,2,coincident_indicator_mom,Coincident Indicator (MoM),Growth,2,22,0.7774049687845364,0.7774049687845364
FED,core_cpi_mom,Core CPI (MoM),Inflation,1,retail_sales_yoy,Retail Sales (YoY),Growth,2,34,0.7769191312521515,0.7769191312521515
BOJ,cpi_headline_yoy,Headline CPI (YoY),Inflation,1,tankan_large_non_manufacturing_index,Tankan Large Non-Manufacturing Index,Sentiment,2,25,0.7768721553927066,0.7768721553927066
RBNZ,labour_cost_index_qoq,Labour Cost Index (QoQ),Labor,2,participation_rate,Labor Force Participation Rate,Labor,1,25,0.7764976895063378,0.7764976895063378
BOE,gdp_mom,GDP (MoM),Growth,1,retail_sales_ex_fuel_mom,Retail Sales Ex Fuel (MoM),Growth,2,68,0.7762232366005215,0.7762232366005215
BOJ,exports_yoy,Exports (YoY),Growth,2,machine_tool_orders_yoy,Machine Tool Orders (YoY),Growth,3,76,0.7753508370027417,0.7753508370027417
FED,cpi_index,CPI Index,Inflation,2,retail_sales_yoy,Retail Sales (YoY),Growth,2,27,-0.7741578805270684,0.7741578805270684
FED,import_prices_yoy,Import Prices (YoY),Inflation,3,ism_manufacturing_pmi,ISM Manufacturing PMI,Growth,1,32,0.7737439206590215,0.7737439206590215
BOJ,composite_pmi,S&P Global Composite PMI,Growth,2,tankan_large_manufacturers_index,Tankan Large Manufacturers Index,Sentiment,2,24,0.7736267048672253,0.7736267048672253
FED,ism_manufacturing_new_orders,ISM Manufacturing New Orders,Growth,2,ism_manufacturing_prices,ISM Manufacturing Prices Paid,Growth,2,33,0.7731504774199964,0.7731504774199964
RBA,rba_weighted_median_cpi_qoq,RBA Weighted Median CPI (QoQ),Inflation,1,unemployment_rate,Unemployment Rate,Labor,1,23,-0.7729628982752099,0.7729628982752099
BOJ,capacity_utilization,Capacity Utilization,Growth,2,gdp_qoq,GDP (QoQ),Growth,1,23,0.7716703300996122,0.7716703300996122
FED,ppi_yoy,PPI (YoY),Inflation,2,sp_global_manufacturing_pmi,S&P Global Manufacturing PMI,Growth,2,20,0.7713201002110719,0.7713201002110719
RBA,consumer_inflation_expectation,Consumer Inflation Expectation,Inflation,2,rba_weighted_median_cpi_yoy,RBA Weighted Median CPI (YoY),Inflation,1,23,0.7710077300408456,0.7710077300408456
BOE,core_cpi_mom,Core CPI (MoM),Inflation,2,cpi_headline_mom,Headline CPI (MoM),Inflation,2,66,0.7705566905074032,0.7705566905074032
BOJ,tankan_large_manufacturers_index,Tankan Large Manufacturers Index,Sentiment,2,tankan_non_manufacturing_outlook,Tankan Non-Manufacturing Outlook,Sentiment,2,25,0.7703308326063693,0.7703308326063693
RBA,cpi_headline_qoq,Headline CPI (QoQ),Inflation,1,rba_trimmed_mean_cpi_qoq,RBA Trimmed Mean CPI (QoQ),Inflation,1,24,0.7697257731576354,0.7697257731576354
FED,cpi_headline_mom,Headline CPI (MoM),Inflation,2,ism_manufacturing_prices,ISM Manufacturing Prices Paid,Growth,2,29,0.7696388038256753,0.7696388038256753
FED,cpi_index,CPI Index,Inflation,2,ism_services_employment,ISM Services Employment,Growth,2,19,-0.7693545827632445,0.7693545827632445
BOJ,composite_pmi,S&P Global Composite PMI,Growth,2,leading_economic_index,Leading Economic Index,Growth,2,72,0.7671447770148448,0.7671447770148448
BOJ,services_pmi,S&P Global Services PMI,Growth,2,tankan_non_manufacturing_outlook,Tankan Non-Manufacturing Outlook,Sentiment,2,25,0.7666329932076057,0.7666329932076057
RBA,consumer_inflation_expectation,Consumer Inflation Expectation,Inflation,2,private_sector_credit_yoy,Private Sector Credit (YoY),Growth,3,72,0.7662362245347842,0.7662362245347842
FED,cpi_headline_mom,Headline CPI (MoM),Inflation,2,ism_manufacturing_employment,ISM Manufacturing Employment,Growth,2,29,0.7661086910907019,0.7661086910907019
FED,core_pce_price_index_mom,Core PCE Price Index (MoM),Inflation,1,ism_services_employment,ISM Services Employment,Growth,2,22,0.766011670803957,0.766011670803957
FED,cpi_headline_mom,Headline CPI (MoM),Inflation,2,import_prices_yoy,Import Prices (YoY),Inflation,3,32,0.7658749235576874,0.7658749235576874
BOJ,manufacturing_pmi,S&P Global Manufacturing PMI,Growth,2,reuters_tankan_index,Reuters Tankan Index,Sentiment,2,76,0.7658218068699971,0.7658218068699971
FED,ism_manufacturing_employment,ISM Manufacturing Employment,Growth,2,ism_manufacturing_new_orders,ISM Manufacturing New Orders,Growth,2,33,0.7643845818928714,0.7643845818928714
RBA,housing_credit_mom,Housing Credit (MoM),Growth,3,unemployment_rate,Unemployment Rate,Labor,1,41,0.7620600081951721,0.7620600081951721
RBA,private_sector_credit_yoy,Private Sector Credit (YoY),Growth,3,rba_weighted_median_cpi_yoy,RBA Weighted Median CPI (YoY),Inflation,1,23,0.7620290828017815,0.7620290828017815
FED,core_ppi_yoy,Core PPI (YoY),Inflation,2,sp_global_manufacturing_pmi,S&P Global Manufacturing PMI,Growth,2,20,0.7618415776352319,0.7618415776352319
RBA,housing_credit_mom,Housing Credit (MoM),Growth,3,private_sector_credit_mom,Private Sector Credit (MoM),Growth,3,41,0.7617986314921111,0.7617986314921111
FED,challenger_job_cuts,Challenger Job Cuts,Labor,3,private_nonfarm_payrolls,Private Nonfarm Payrolls,Labor,2,35,-0.7615959487357544,0.7615959487357544
FED,core_pce_price_index_mom,Core PCE Price Index (MoM),Inflation,1,cpi_headline_mom,Headline CPI (MoM),Inflation,2,30,0.7597409242187579,0.7597409242187579
FED,ism_manufacturing_employment,ISM Manufacturing Employment,Growth,2,pce_price_index_mom,PCE Price Index (MoM),Inflation,1,27,0.7579027082470805,0.7579027082470805
FED,export_prices_yoy,Export Prices (YoY),Inflation,3,ism_manufacturing_pmi,ISM Manufacturing PMI,Growth,1,32,0.757665482708657,0.757665482708657
BOJ,coincident_index,Coincident Index,Growth,2,cpi_ex_food_energy_yoy,CPI Ex Food and Energy (YoY),Inflation,1,74,0.7572481500896164,0.7572481500896164
RBA,cpi_headline_yoy,Headline CPI (YoY),Inflation,1,unemployment_rate,Unemployment Rate,Labor,1,28,-0.7566200019470932,0.7566200019470932
FED,ism_manufacturing_pmi,ISM Manufacturing PMI,Growth,1,retail_sales_yoy,Retail Sales (YoY),Growth,2,32,0.7552079704875287,0.7552079704875287
FED,government_payrolls,Government Payrolls,Labor,2,ism_manufacturing_employment,ISM Manufacturing Employment,Growth,2,33,0.7544394261203179,0.7544394261203179
BOJ,exports_yoy,Exports (YoY),Growth,2,manufacturing_pmi,S&P Global Manufacturing PMI,Growth,2,76,0.7538131101803246,0.7538131101803246
RBNZ,cpi_headline_qoq,Headline CPI (QoQ),Inflation,1,cpi_headline_yoy,Headline CPI (YoY),Inflation,1,26,0.7537695100699836,0.7537695100699836
FED,ism_manufacturing_employment,ISM Manufacturing Employment,Growth,2,ny_empire_state_mfg,NY Empire State Manufacturing Index,Growth,2,26,0.7532556350645429,0.7532556350645429
FED,ism_services_employment,ISM Services Employment,Growth,2,unemployment_rate,Unemployment Rate,Labor,1,26,-0.7524092473946232,0.7524092473946232
FED,cpi_index,CPI Index,Inflation,2,private_nonfarm_payrolls,Private Nonfarm Payrolls,Labor,2,28,-0.7515014494176125,0.7515014494176125
RBA,corelogic_dwelling_prices_mom,CoreLogic Dwelling Prices (MoM),Housing,2,private_sector_credit_yoy,Private Sector Credit (YoY),Growth,3,31,-0.7508296599016694,0.7508296599016694
FED,challenger_job_cuts,Challenger Job Cuts,Labor,3,manufacturing_payrolls,Manufacturing Payrolls,Labor,2,35,-0.7506420536313945,0.7506420536313945
FED,core_pce_price_index_mom,Core PCE Price Index (MoM),Inflation,1,retail_sales_yoy,Retail Sales (YoY),Growth,2,37,0.7500225343756953,0.7500225343756953
BOE,claimant_count_change,Claimant Count Change,Labor,2,niesr_monthly_gdp_tracker,NIESR Monthly GDP Tracker,Growth,2,64,-0.7493691720514397,0.7493691720514397
RBA,balance_of_trade,Balance of Trade,Trade,2,housing_credit_mom,Housing Credit (MoM),Growth,3,41,-0.7490608906589978,0.7490608906589978
BOJ,composite_pmi,S&P Global Composite PMI,Growth,2,retail_sales_yoy,Retail Sales (YoY),Growth,2,72,0.7483222074705446,0.7483222074705446
BOJ,services_pmi,S&P Global Services PMI,Growth,2,tankan_small_manufacturers_index,Tankan Small Manufacturers Index,Sentiment,2,24,0.7483139994733115,0.7483139994733115
BOJ,exports_yoy,Exports (YoY),Growth,2,reuters_tankan_index,Reuters Tankan Index,Sentiment,2,75,0.7469913119447263,0.7469913119447263
FED,cpi_index,CPI Index,Inflation,2,ism_manufacturing_new_orders,ISM Manufacturing New Orders,Growth,2,27,-0.7466435420394933,0.7466435420394933
RBA,ai_group_construction_index,Ai Group Construction Index,Growth,3,commodity_prices_yoy,Commodity Prices (YoY),Inflation,3,47,0.7465799348060409,0.7465799348060409
FED,government_payrolls,Government Payrolls,Labor,2,participation_rate,Labor Force Participation Rate,Labor,2,36,0.7464736920748252,0.7464736920748252
BOJ,industrial_production_yoy,Industrial Production (YoY),Growth,2,reuters_tankan_index,Reuters Tankan Index,Sentiment,2,74,0.7446753782704506,0.7446753782704506
FED,core_ppi_mom,Core PPI (MoM),Inflation,2,philly_fed_mfg,Philadelphia Fed Manufacturing Index,Growth,2,22,0.7441194338991374,0.7441194338991374
BOJ,composite_pmi,S&P Global Composite PMI,Growth,2,tankan_non_manufacturing_outlook,Tankan Non-Manufacturing Outlook,Sentiment,2,24,0.7440319238969435,0.7440319238969435
FED,adp_employment_change,ADP Employment Change,Labor,2,ism_services_employment,ISM Services Employment,Growth,2,25,0.7436916375412992,0.7436916375412992
FED,ism_services_employment,ISM Services Employment,Growth,2,retail_sales_yoy,Retail Sales (YoY),Growth,2,25,0.7429626535305202,0.7429626535305202
RBA,consumer_inflation_expectation,Consumer Inflation Expectation,Inflation,2,rba_weighted_median_cpi_qoq,RBA Weighted Median CPI (QoQ),Inflation,1,23,0.7411030213094686,0.7411030213094686
FED,core_pce_price_index_yoy,Core PCE Price Index (YoY),Inflation,1,ppi_yoy,PPI (YoY),Inflation,2,35,0.7407431781620194,0.7407431781620194
FED,core_pce_price_index_mom,Core PCE Price Index (MoM),Inflation,1,pce_price_index_mom,PCE Price Index (MoM),Inflation,1,40,0.7401818289192185,0.7401818289192185
BOE,nationwide_hpi_yoy,Nationwide House Prices (YoY),Housing,3,ppi_core_output_mom,PPI Core Output (MoM),Inflation,3,55,0.7399354672894253,0.7399354672894253
FED,export_prices_mom,Export Prices (MoM),Inflation,3,ism_manufacturing_prices,ISM Manufacturing Prices Paid,Growth,2,31,0.7398747901853493,0.7398747901853493
BOJ,eco_watchers_outlook,Eco Watchers Survey Outlook,Sentiment,2,tankan_large_manufacturing_outlook,Tankan Large Manufacturing Outlook,Sentiment,2,25,0.7398316808850852,0.7398316808850852
FED,average_weekly_hours,Average Weekly Hours,Labor,2,ism_manufacturing_new_orders,ISM Manufacturing New Orders,Growth,2,33,0.7395961338951101,0.7395961338951101
FED,ism_manufacturing_new_orders,ISM Manufacturing New Orders,Growth,2,retail_sales_yoy,Retail Sales (YoY),Growth,2,32,0.7395716145340973,0.7395716145340973
ECB,composite_pmi,Composite PMI,Growth,2,manufacturing_pmi,Manufacturing PMI,Growth,2,19,0.7395615791720896,0.7395615791720896
SNB,cpi_headline_yoy,Headline CPI (YoY),Inflation,1,producer_import_prices_yoy,Producer & Import Prices (YoY),Inflation,2,74,0.7384398451502653,0.7384398451502653
BOJ,services_pmi,S&P Global Services PMI,Growth,2,tankan_large_manufacturing_outlook,Tankan Large Manufacturing Outlook,Sentiment,2,25,0.7383139412138991,0.7383139412138991
BOJ,core_cpi_yoy,Core CPI (YoY),Inflation,1,tankan_large_non_manufacturing_index,Tankan Large Non-Manufacturing Index,Sentiment,2,25,0.7379314984256867,0.7379314984256867
FED,adp_employment_change,ADP Employment Change,Labor,2,unemployment_rate,Unemployment Rate,Labor,1,34,-0.737359593912692,0.737359593912692
RBA,consumer_inflation_expectation,Consumer Inflation Expectation,Inflation,2,unemployment_rate,Unemployment Rate,Labor,1,73,-0.7373393958323646,0.7373393958323646
BOC,manufacturing_sales_mom,Manufacturing Sales (MoM),Growth,2,part_time_employment_change,Part-Time Employment Change,Labor,1,74,0.7365916144081219,0.7365916144081219
FED,import_prices_mom,Import Prices (MoM),Inflation,3,ism_manufacturing_prices,ISM Manufacturing Prices Paid,Growth,2,30,0.7361299895521025,0.7361299895521025
RBA,export_price_index_qoq,Export Price Index (QoQ),Inflation,2,westpac_consumer_confidence_index,Westpac Consumer Confidence Index,Sentiment,2,24,0.7355917396918744,0.7355917396918744
RBA,ai_group_manufacturing_index,Ai Group Manufacturing Index,Growth,3,ai_group_services_index,Ai Group Services Index,Growth,3,33,0.7326484477344845,0.7326484477344845
FED,core_cpi_mom,Core CPI (MoM),Inflation,1,ny_empire_state_mfg,NY Empire State Manufacturing Index,Growth,2,24,0.7322605187934166,0.7322605187934166
BOJ,coincident_index,Coincident Index,Growth,2,cpi_headline_yoy,Headline CPI (YoY),Inflation,1,74,0.7317985623910732,0.7317985623910732
BOJ,retail_sales_mom,Retail Sales (MoM),Growth,2,tertiary_industry_index_mom,Tertiary Industry Index (MoM),Growth,2,74,0.7317012939683298,0.7317012939683298
FED,core_pce_price_index_mom,Core PCE Price Index (MoM),Inflation,1,philly_fed_mfg,Philadelphia Fed Manufacturing Index,Growth,2,24,0.7315665518341817,0.7315665518341817
RBA,ai_group_services_index,Ai Group Services Index,Growth,3,manufacturing_pmi,Manufacturing PMI,Growth,2,19,0.7313284445836605,0.7313284445836605
BOJ,leading_economic_index,Leading Economic Index,Growth,2,services_pmi,S&P Global Services PMI,Growth,2,75,0.7313028067919914,0.7313028067919914
BOJ,cpi_headline_yoy,Headline CPI (YoY),Inflation,1,cpi_index,Consumer Price Index,Inflation,2,69,0.7308599180842273,0.7308599180842273
FED,core_pce_price_index_mom,Core PCE Price Index (MoM),Inflation,1,ism_manufacturing_employment,ISM Manufacturing Employment,Growth,2,29,0.7308498038834369,0.7308498038834369
FED,ism_manufacturing_prices,ISM Manufacturing Prices Paid,Growth,2,pce_price_index_mom,PCE Price Index (MoM),Inflation,1,27,0.730662235690753,0.730662235690753
RBA,producer_price_index_qoq,Producer Price Index (QoQ),Inflation,2,producer_price_index_yoy,Producer Price Index (YoY),Inflation,2,25,0.7306343830941171,0.7306343830941171
RBNZ,cpi_headline_yoy,Headline CPI (YoY),Inflation,1,labour_cost_index_yoy,Labour Cost Index (YoY),Labor,2,25,0.7304714542246333,0.7304714542246333
BOJ,industrial_production_yoy,Industrial Production (YoY),Growth,2,tankan_large_manufacturers_index,Tankan Large Manufacturers Index,Sentiment,2,25,0.7304701711621723,0.7304701711621723
BOJ,cpi_headline_yoy,Headline CPI (YoY),Inflation,1,tankan_non_manufacturing_outlook,Tankan Non-Manufacturing Outlook,Sentiment,2,25,0.7304101554460202,0.7304101554460202
FED,challenger_job_cuts,Challenger Job Cuts,Labor,3,core_cpi_mom,Core CPI (MoM),Inflation,1,33,-0.730089965556787,0.730089965556787
BOJ,leading_economic_index,Leading Economic Index,Growth,2,reuters_tankan_index,Reuters Tankan Index,Sentiment,2,74,0.7298232348602248,0.7298232348602248
BOJ,retail_sales_yoy,Retail Sales (YoY),Growth,2,services_pmi,S&P Global Services PMI,Growth,2,75,0.7294812326402507,0.7294812326402507
FED,ism_manufacturing_pmi,ISM Manufacturing PMI,Growth,1,ism_services_employment,ISM Services Employment,Growth,2,25,0.7286456911562729,0.7286456911562729
FED,cpi_headline_mom,Headline CPI (MoM),Inflation,2,export_prices_yoy,Export Prices (YoY),Inflation,3,32,0.7281233108116955,0.7281233108116955
BOE,gdp_qoq,GDP (QoQ),Growth,1,retail_sales_ex_fuel_mom,Retail Sales Ex Fuel (MoM),Growth,2,24,0.7278607322492898,0.7278607322492898
BOJ,eco_watchers_outlook,Eco Watchers Survey Outlook,Sentiment,2,tankan_small_manufacturers_index,Tankan Small Manufacturers Index,Sentiment,2,24,0.7276896674024378,0.7276896674024378
FED,adp_employment_change,ADP Employment Change,Labor,2,ism_manufacturing_employment,ISM Manufacturing Employment,Growth,2,33,0.7272895415319718,0.7272895415319718
BOJ,cpi_ex_food_energy_yoy,CPI Ex Food and Energy (YoY),Inflation,1,tankan_non_manufacturing_outlook,Tankan Non-Manufacturing Outlook,Sentiment,2,25,0.7264215350603843,0.7264215350603843
BOC,part_time_employment_change,Part-Time Employment Change,Labor,1,retail_sales_mom,Retail Sales (MoM),Growth,1,72,0.7263637064643182,0.7263637064643182
BOJ,machine_tool_orders_yoy,Machine Tool Orders (YoY),Growth,3,manufacturing_pmi,S&P Global Manufacturing PMI,Growth,2,76,0.7259480074766962,0.7259480074766962
BOJ,tankan_large_manufacturing_outlook,Tankan Large Manufacturing Outlook,Sentiment,2,tankan_large_non_manufacturing_index,Tankan Large Non-Manufacturing Index,Sentiment,2,25,0.7253731743020265,0.7253731743020265
FED,government_payrolls,Government Payrolls,Labor,2,nfp,Non-Farm Payrolls,Labor,1,37,0.7253509590452639,0.7253509590452639
FED,core_ppi_mom,Core PPI (MoM),Inflation,2,pce_price_index_mom,PCE Price Index (MoM),Inflation,1,29,0.7249231040352615,0.7249231040352615
RBA,employment_change,Employment Change,Labor,1,full_time_employment_change,Full-Time Employment Change,Labor,1,76,0.7243782060734494,0.7243782060734494
FED,challenger_job_cuts,Challenger Job Cuts,Labor,3,cpi_index,CPI Index,Inflation,2,28,0.724136331922784,0.724136331922784
FED,challenger_job_cuts,Challenger Job Cuts,Labor,3,core_pce_price_index_mom,Core PCE Price Index (MoM),Inflation,1,31,-0.7232096932531688,0.7232096932531688
FED,cpi_index,CPI Index,Inflation,2,ism_manufacturing_employment,ISM Manufacturing Employment,Growth,2,27,-0.7230068482401922,0.7230068482401922
BOJ,eco_watchers_outlook,Eco Watchers Survey Outlook,Sentiment,2,services_pmi,S&P Global Services PMI,Growth,2,76,0.723006222977183,0.723006222977183
BOC,manufacturing_pmi,Manufacturing PMI,Growth,2,new_housing_price_index_yoy,New Housing Price Index (YoY),Housing,2,36,0.7229431883372933,0.7229431883372933
BOJ,core_cpi_yoy,Core CPI (YoY),Inflation,1,cpi_index,Consumer Price Index,Inflation,2,69,0.7226233710750241,0.7226233710750241
FED,core_pce_price_index_mom,Core PCE Price Index (MoM),Inflation,1,ny_empire_state_mfg,NY Empire State Manufacturing Index,Growth,2,23,0.72240301167459,0.72240301167459
BOJ,exports_yoy,Exports (YoY),Growth,2,imports_yoy,Imports (YoY),Growth,2,76,0.7223572910430776,0.7223572910430776
BOJ,gdp_qoq,GDP (QoQ),Growth,1,industrial_production_mom,Industrial Production (MoM),Growth,2,24,0.721812746213956,0.721812746213956
BOC,composite_pmi,Composite PMI,Growth,2,manufacturing_pmi,Manufacturing PMI,Growth,2,29,0.7215631165604722,0.7215631165604722
BOE,industrial_production_yoy,Industrial Production (YoY),Growth,2,retail_sales_ex_fuel_yoy,Retail Sales Ex Fuel (YoY),Growth,2,75,0.7215601846340652,0.7215601846340652
FED,challenger_job_cuts,Challenger Job Cuts,Labor,3,cpi_headline_mom,Headline CPI (MoM),Inflation,2,31,-0.7215528348770891,0.7215528348770891
BOJ,coincident_index,Coincident Index,Growth,2,coincident_indicator_mom,Coincident Indicator (MoM),Growth,2,22,0.7205877525964577,0.7205877525964577
BOJ,eco_watchers_outlook,Eco Watchers Survey Outlook,Sentiment,2,tankan_large_manufacturers_index,Tankan Large Manufacturers Index,Sentiment,2,25,0.7198466364091576,0.7198466364091576
FED,ism_manufacturing_employment,ISM Manufacturing Employment,Growth,2,ism_manufacturing_pmi,ISM Manufacturing PMI,Growth,1,33,0.7197263633582909,0.7197263633582909
RBA,producer_price_index_qoq,Producer Price Index (QoQ),Inflation,2,rba_weighted_median_cpi_qoq,RBA Weighted Median CPI (QoQ),Inflation,1,24,0.7193628780291147,0.7193628780291147
FED,manufacturing_payrolls,Manufacturing Payrolls,Labor,2,retail_sales_mom,Retail Sales (MoM),Growth,1,33,0.7188086410578582,0.7188086410578582
FED,ny_empire_state_mfg,NY Empire State Manufacturing Index,Growth,2,ppi_mom,PPI (MoM),Inflation,2,24,0.718227789853548,0.718227789853548
FED,private_nonfarm_payrolls,Private Nonfarm Payrolls,Labor,2,retail_sales_mom,Retail Sales (MoM),Growth,1,33,0.7179386520627216,0.7179386520627216
RBA,consumer_inflation_expectation,Consumer Inflation Expectation,Inflation,2,cpi_headline_yoy,Headline CPI (YoY),Inflation,1,28,0.7179033403810898,0.7179033403810898
FED,core_cpi_yoy,Core CPI (YoY),Inflation,1,ppi_yoy,PPI (YoY),Inflation,2,34,0.7178795254815742,0.7178795254815742
FED,cpi_headline_mom,Headline CPI (MoM),Inflation,2,ppi_yoy,PPI (YoY),Inflation,2,31,0.7176628854505662,0.7176628854505662
FED,cpi_index,CPI Index,Inflation,2,nfp,Non-Farm Payrolls,Labor,1,28,-0.7171882907646103,0.7171882907646103
RBNZ,business_confidence,Business Confidence,Growth,3,unemployment_rate,Unemployment Rate,Labor,1,25,0.7168948289757997,0.7168948289757997
RBA,rba_trimmed_mean_cpi_qoq,RBA Trimmed Mean CPI (QoQ),Inflation,1,unemployment_rate,Unemployment Rate,Labor,1,24,-0.7157298438221605,0.7157298438221605
FED,core_cpi_mom,Core CPI (MoM),Inflation,1,ism_services_employment,ISM Services Employment,Growth,2,24,0.7144832068341623,0.7144832068341623
FED,cpi_headline_yoy,Headline CPI (YoY),Inflation,1,import_prices_yoy,Import Prices (YoY),Inflation,3,35,0.7140493922921303,0.7140493922921303
BOC,imports,Imports,Trade,2,unemployment_rate,Unemployment Rate,Labor,1,75,-0.7133939299456561,0.7133939299456561
ECB,cpi_headline_yoy,Headline HICP (YoY),Inflation,1,zew_economic_sentiment,ZEW Economic Sentiment Index,Sentiment,2,75,-0.7131832499567526,0.7131832499567526
FED,core_cpi_mom,Core CPI (MoM),Inflation,1,cpi_headline_mom,Headline CPI (MoM),Inflation,2,32,0.7131817279361105,0.7131817279361105
RBA,producer_price_index_qoq,Producer Price Index (QoQ),Inflation,2,retail_sales_mom,Retail Sales (MoM),Growth,1,20,0.7130001233595225,0.7130001233595225
FED,import_prices_yoy,Import Prices (YoY),Inflation,3,pce_price_index_mom,PCE Price Index (MoM),Inflation,1,33,0.7126007434717412,0.7126007434717412
RBA,ai_group_services_index,Ai Group Services Index,Growth,3,nab_business_confidence,NAB Business Confidence,Sentiment,2,33,0.7119776973005855,0.7119776973005855
BOJ,manufacturing_pmi,S&P Global Manufacturing PMI,Growth,2,tankan_large_manufacturers_index,Tankan Large Manufacturers Index,Sentiment,2,25,0.7112572442496393,0.7112572442496393
BOE,gdp_yoy,GDP (YoY),Growth,1,retail_sales_yoy,Retail Sales (YoY),Growth,1,70,0.7104520019745211,0.7104520019745211
RBA,ai_group_services_index,Ai Group Services Index,Growth,3,services_pmi,Services PMI,Growth,2,19,0.7103145057837975,0.7103145057837975
BOJ,services_pmi,S&P Global Services PMI,Growth,2,tankan_large_manufacturers_index,Tankan Large Manufacturers Index,Sentiment,2,25,0.710216435438792,0.710216435438792
SNB,economic_sentiment_index,Economic Sentiment Index,Sentiment,2,unemployment_rate,Unemployment Rate,Labor,2,74,0.7101480721424649,0.7101480721424649
RBA,ai_group_services_index,Ai Group Services Index,Growth,3,composite_pmi,Composite PMI,Growth,2,19,0.709603391505048,0.709603391505048
FED,cpi_headline_yoy,Headline CPI (YoY),Inflation,1,export_prices_yoy,Export Prices (YoY),Inflation,3,35,0.7087991609890287,0.7087991609890287
BOE,house_price_index_yoy,House Price Index (YoY),Housing,3,ppi_core_output_mom,PPI Core Output (MoM),Inflation,3,52,0.7077104711104973,0.7077104711104973
FED,cpi_headline_mom,Headline CPI (MoM),Inflation,2,philly_fed_mfg,Philadelphia Fed Manufacturing Index,Growth,2,23,0.7075514414528491,0.7075514414528491
FED,cpi_index,CPI Index,Inflation,2,import_prices_yoy,Import Prices (YoY),Inflation,3,27,-0.7074824467990604,0.7074824467990604
BOC,ppi_mom,PPI (MoM),Inflation,2,raw_materials_prices_mom,Raw Materials Prices (MoM),Inflation,3,71,0.7073378619767998,0.7073378619767998
RBA,consumer_inflation_expectation,Consumer Inflation Expectation,Inflation,2,rba_trimmed_mean_cpi_qoq,RBA Trimmed Mean CPI (QoQ),Inflation,1,24,0.7071475338576122,0.7071475338576122
BOJ,composite_pmi,S&P Global Composite PMI,Growth,2,eco_watchers_outlook,Eco Watchers Survey Outlook,Sentiment,2,73,0.7070327180623852,0.7070327180623852
FED,average_weekly_hours,Average Weekly Hours,Labor,2,retail_sales_yoy,Retail Sales (YoY),Growth,2,36,0.7068983228137672,0.7068983228137672
BOE,house_price_index_yoy,House Price Index (YoY),Housing,3,ppi_input_yoy,PPI Input (YoY),Inflation,3,65,0.706819061302071,0.706819061302071
FED,core_ppi_mom,Core PPI (MoM),Inflation,2,ny_empire_state_mfg,NY Empire State Manufacturing Index,Growth,2,21,0.7060489202535405,0.7060489202535405
BOE,claimant_count_change,Claimant Count Change,Labor,2,gdp_qoq,GDP (QoQ),Growth,1,24,-0.7056477643225214,0.7056477643225214
BOE,ppi_core_output_mom,PPI Core Output (MoM),Inflation,3,ppi_input_yoy,PPI Input (YoY),Inflation,3,55,0.7055874335503866,0.7055874335503866
FED,ism_manufacturing_pmi,ISM Manufacturing PMI,Growth,1,pce_price_index_mom,PCE Price Index (MoM),Inflation,1,27,0.705300464650662,0.705300464650662
FED,adp_employment_change,ADP Employment Change,Labor,2,ny_empire_state_mfg,NY Empire State Manufacturing Index,Growth,2,27,0.7051569037877616,0.7051569037877616
BOJ,gdp_qoq,GDP (QoQ),Growth,1,tertiary_industry_index_mom,Tertiary Industry Index (MoM),Growth,2,24,0.7051276770984002,0.7051276770984002
BOJ,industrial_production_yoy,Industrial Production (YoY),Growth,2,machine_tool_orders_yoy,Machine Tool Orders (YoY),Growth,3,75,0.7048405483509319,0.7048405483509319
BOC,raw_materials_prices_yoy,Raw Materials Prices (YoY),Inflation,3,retail_sales_yoy,Retail Sales (YoY),Growth,2,73,0.7047324051343177,0.7047324051343177
FED,consumer_inflation_expectations,Consumer Inflation Expectations,Inflation,2,export_prices_yoy,Export Prices (YoY),Inflation,3,35,0.7045870738254711,0.7045870738254711
FED,import_prices_yoy,Import Prices (YoY),Inflation,3,ppi_mom,PPI (MoM),Inflation,2,35,0.7042587051145066,0.7042587051145066
BOC,cpi_headline_yoy,Headline CPI (YoY),Inflation,1,unemployment_rate,Unemployment Rate,Labor,1,76,-0.7034072156550025,0.7034072156550025
RBA,ai_group_manufacturing_index,Ai Group Manufacturing Index,Growth,3,monthly_cpi_indicator,Monthly CPI Indicator,Inflation,1,34,0.7032098580751104,0.7032098580751104
FED,ism_manufacturing_prices,ISM Manufacturing Prices Paid,Growth,2,retail_sales_yoy,Retail Sales (YoY),Growth,2,32,0.7028359226523355,0.7028359226523355
BOE,cbi_industrial_trends_orders,CBI Industrial Trends Orders,Sentiment,3,ppi_core_output_mom,PPI Core Output (MoM),Inflation,3,54,0.7025845893449036,0.7025845893449036
FED,core_cpi_mom,Core CPI (MoM),Inflation,1,ism_manufacturing_employment,ISM Manufacturing Employment,Growth,2,31,0.7013364383009754,0.7013364383009754
BOJ,coincident_index,Coincident Index,Growth,2,tankan_large_manufacturing_outlook,Tankan Large Manufacturing Outlook,Sentiment,2,25,0.7006214322771475,0.7006214322771475
FED,nfp,Non-Farm Payrolls,Labor,1,retail_sales_mom,Retail Sales (MoM),Growth,1,33,0.7001238034184964,0.7001238034184964
FED,import_prices_yoy,Import Prices (YoY),Inflation,3,retail_sales_yoy,Retail Sales (YoY),Growth,2,38,0.7000877251750169,0.7000877251750169
BOE,gdp_mom,GDP (MoM),Growth,1,niesr_monthly_gdp_tracker,NIESR Monthly GDP Tracker,Growth,2,57,0.6995482984012538,0.6995482984012538
BOJ,industrial_production_yoy,Industrial Production (YoY),Growth,2,tankan_large_manufacturing_outlook,Tankan Large Manufacturing Outlook,Sentiment,2,25,0.6990422567535145,0.6990422567535145
RBA,nab_business_confidence,NAB Business Confidence,Sentiment,2,services_pmi,Services PMI,Growth,2,55,0.6986414739466054,0.6986414739466054
BOJ,eco_watchers_outlook,Eco Watchers Survey Outlook,Sentiment,2,tankan_non_manufacturing_outlook,Tankan Non-Manufacturing Outlook,Sentiment,2,25,0.698206894206545,0.698206894206545
FED,ism_manufacturing_employment,ISM Manufacturing Employment,Growth,2,retail_sales_yoy,Retail Sales (YoY),Growth,2,32,0.6975239217524113,0.6975239217524113
FED,continuing_jobless_claims,Continuing Jobless Claims,Labor,2,initial_jobless_claims,Initial Jobless Claims,Labor,2,167,0.6974482014942115,0.6974482014942115
FED,ny_empire_state_mfg,NY Empire State Manufacturing Index,Growth,2,philly_fed_mfg,Philadelphia Fed Manufacturing Index,Growth,2,39,0.6972470743734437,0.6972470743734437
BOJ,core_cpi_yoy,Core CPI (YoY),Inflation,1,tankan_non_manufacturing_outlook,Tankan Non-Manufacturing Outlook,Sentiment,2,25,0.6972120417190931,0.6972120417190931
BOJ,services_pmi,S&P Global Services PMI,Growth,2,tankan_large_non_manufacturing_index,Tankan Large Non-Manufacturing Index,Sentiment,2,25,0.696680277823588,0.696680277823588
FED,cpi_headline_mom,Headline CPI (MoM),Inflation,2,ism_manufacturing_pmi,ISM Manufacturing PMI,Growth,1,29,0.6960674686373035,0.6960674686373035
FED,government_payrolls,Government Payrolls,Labor,2,private_nonfarm_payrolls,Private Nonfarm Payrolls,Labor,2,37,0.6958985586649679,0.6958985586649679
FED,ny_empire_state_mfg,NY Empire State Manufacturing Index,Growth,2,retail_sales_yoy,Retail Sales (YoY),Growth,2,26,0.6957428154063637,0.6957428154063637
BOJ,consumer_confidence,Consumer Confidence,Sentiment,2,leading_economic_index,Leading Economic Index,Growth,2,75,0.695588951590767,0.695588951590767
RBNZ,cpi_headline_yoy,Headline CPI (YoY),Inflation,1,participation_rate,Labor Force Participation Rate,Labor,1,25,0.6948368285605813,0.6948368285605813
FED,pce_price_index_mom,PCE Price Index (MoM),Inflation,1,philly_fed_mfg,Philadelphia Fed Manufacturing Index,Growth,2,22,0.694571850427133,0.694571850427133
FED,cpi_headline_mom,Headline CPI (MoM),Inflation,2,sp_global_manufacturing_pmi,S&P Global Manufacturing PMI,Growth,2,18,0.6944509796315113,0.6944509796315113
BOC,gdp_mom,GDP (MoM),Growth,1,raw_materials_prices_mom,Raw Materials Prices (MoM),Inflation,3,69,0.6936077557161494,0.6936077557161494
RBA,composite_pmi,Composite PMI,Growth,2,nab_business_confidence,NAB Business Confidence,Sentiment,2,52,0.6932116240303844,0.6932116240303844
BOC,budget_balance,Budget Balance,Growth,3,unemployment_rate,Unemployment Rate,Labor,1,73,-0.6927581555027283,0.6927581555027283
BOC,cfib_business_barometer,CFIB Business Barometer,Sentiment,2,vehicle_sales_mom,Vehicle Sales (MoM),Growth,3,20,-0.6921285792775009,0.6921285792775009
RBA,cpi_headline_yoy,Headline CPI (YoY),Inflation,1,private_sector_credit_yoy,Private Sector Credit (YoY),Growth,3,28,0.6920970840794803,0.6920970840794803
BOJ,cpi_ex_food_energy_yoy,CPI Ex Food and Energy (YoY),Inflation,1,cpi_index,Consumer Price Index,Inflation,2,69,0.6914166788159538,0.6914166788159538
RBA,consumer_inflation_expectation,Consumer Inflation Expectation,Inflation,2,producer_price_index_yoy,Producer Price Index (YoY),Inflation,2,24,0.6913307552328128,0.6913307552328128
BOE,cbi_industrial_trends_orders,CBI Industrial Trends Orders,Sentiment,3,gdp_yoy,GDP (YoY),Growth,1,71,0.6903285200199998,0.6903285200199998
BOJ,coincident_index,Coincident Index,Growth,2,core_cpi_yoy,Core CPI (YoY),Inflation,1,73,0.6895710866559835,0.6895710866559835
BOJ,tankan_large_manufacturers_index,Tankan Large Manufacturers Index,Sentiment,2,tankan_large_non_manufacturing_index,Tankan Large Non-Manufacturing Index,Sentiment,2,25,0.6881365085425827,0.6881365085425827
FED,core_ppi_mom,Core PPI (MoM),Inflation,2,ism_manufacturing_employment,ISM Manufacturing Employment,Growth,2,28,0.6872708701207325,0.6872708701207325
RBA,private_sector_credit_mom,Private Sector Credit (MoM),Growth,3,producer_price_index_yoy,Producer Price Index (YoY),Inflation,2,22,0.6869173965818632,0.6869173965818632
FED,ism_manufacturing_pmi,ISM Manufacturing PMI,Growth,1,ppi_mom,PPI (MoM),Inflation,2,31,0.6868871727822948,0.6868871727822948
BOE,cbi_industrial_trends_orders,CBI Industrial Trends Orders,Sentiment,3,ppi_output_yoy,PPI Output (YoY),Inflation,3,67,0.6863978946353863,0.6863978946353863
BOC,raw_materials_prices_yoy,Raw Materials Prices (YoY),Inflation,3,vehicle_sales_mom,Vehicle Sales (MoM),Growth,3,20,-0.6862522507786977,0.6862522507786977
BOE,nationwide_hpi_yoy,Nationwide House Prices (YoY),Housing,3,ppi_input_yoy,PPI Input (YoY),Inflation,3,67,0.6859939616082509,0.6859939616082509
FED,import_prices_yoy,Import Prices (YoY),Inflation,3,philly_fed_mfg,Philadelphia Fed Manufacturing Index,Growth,2,26,0.6853556041063454,0.6853556041063454
FED,ism_manufacturing_new_orders,ISM Manufacturing New Orders,Growth,2,pce_price_index_mom,PCE Price Index (MoM),Inflation,1,27,0.6850643184060388,0.6850643184060388
FED,core_pce_price_index_mom,Core PCE Price Index (MoM),Inflation,1,ism_manufacturing_new_orders,ISM Manufacturing New Orders,Growth,2,29,0.6849055013245803,0.6849055013245803
FED,government_payrolls,Government Payrolls,Labor,2,manufacturing_payrolls,Manufacturing Payrolls,Labor,2,37,0.6848481842015925,0.6848481842015925
FED,core_cpi_mom,Core CPI (MoM),Inflation,1,pce_price_index_mom,PCE Price Index (MoM),Inflation,1,30,0.6843037870181997,0.6843037870181997
BOJ,exports_yoy,Exports (YoY),Growth,2,tankan_large_manufacturers_index,Tankan Large Manufacturers Index,Sentiment,2,25,0.6839314628346275,0.6839314628346275
BOE,ppi_input_yoy,PPI Input (YoY),Inflation,3,retail_price_index_yoy,Retail Price Index (YoY),Inflation,3,68,0.6828444257696492,0.6828444257696492
FED,consumer_inflation_expectations,Consumer Inflation Expectations,Inflation,2,import_prices_yoy,Import Prices (YoY),Inflation,3,35,0.6828126810474611,0.6828126810474611
FED,export_prices_yoy,Export Prices (YoY),Inflation,3,pce_price_index_yoy,PCE Price Index (YoY),Inflation,1,38,0.682511371495019,0.682511371495019
FED,philly_fed_mfg,Philadelphia Fed Manufacturing Index,Growth,2,ppi_mom,PPI (MoM),Inflation,2,25,0.6823057831298224,0.6823057831298224
RBA,export_price_index_qoq,Export Price Index (QoQ),Inflation,2,exports_mom,Exports (MoM),Trade,2,24,0.6822760986715534,0.6822760986715534
FED,import_prices_yoy,Import Prices (YoY),Inflation,3,pce_price_index_yoy,PCE Price Index (YoY),Inflation,1,37,0.6819975571839959,0.6819975571839959
ECB,core_cpi_yoy,Core HICP (YoY),Inflation,1,unemployment_rate,Unemployment Rate,Labor,1,75,-0.6806525771202744,0.6806525771202744
FED,core_cpi_mom,Core CPI (MoM),Inflation,1,philly_fed_mfg,Philadelphia Fed Manufacturing Index,Growth,2,25,0.6806166268766364,0.6806166268766364
BOJ,eco_watchers_current,Eco Watchers Survey Current,Sentiment,2,gdp_qoq,GDP (QoQ),Growth,1,24,0.6805135040071632,0.6805135040071632
FED,cpi_headline_mom,Headline CPI (MoM),Inflation,2,ny_empire_state_mfg,NY Empire State Manufacturing Index,Growth,2,22,0.6804548998496188,0.6804548998496188
BOC,cfib_business_barometer,CFIB Business Barometer,Sentiment,2,manufacturing_pmi,Manufacturing PMI,Growth,2,49,0.6802131429131967,0.6802131429131967
SNB,cpi_headline_yoy,Headline CPI (YoY),Inflation,1,economic_sentiment_index,Economic Sentiment Index,Sentiment,2,72,-0.6797386383444549,0.6797386383444549
RBA,housing_credit_mom,Housing Credit (MoM),Growth,3,monthly_cpi_indicator,Monthly CPI Indicator,Inflation,1,37,-0.6795730463365571,0.6795730463365571
FED,export_prices_yoy,Export Prices (YoY),Inflation,3,ppi_mom,PPI (MoM),Inflation,2,35,0.6794157261433655,0.6794157261433655
FED,cpi_index,CPI Index,Inflation,2,participation_rate,Labor Force Participation Rate,Labor,2,28,0.6772962251609531,0.6772962251609531
BOJ,retail_sales_mom,Retail Sales (MoM),Growth,2,tankan_small_manufacturers_index,Tankan Small Manufacturers Index,Sentiment,2,24,0.6771591350268731,0.6771591350268731
FED,core_ppi_yoy,Core PPI (YoY),Inflation,2,cpi_headline_mom,Headline CPI (MoM),Inflation,2,31,0.6771579672103372,0.6771579672103372
BOE,cpi_headline_yoy,Headline CPI (YoY),Inflation,1,ppi_input_yoy,PPI Input (YoY),Inflation,3,68,0.6761550307011778,0.6761550307011778
BOJ,imports_yoy,Imports (YoY),Growth,2,manufacturing_pmi,S&P Global Manufacturing PMI,Growth,2,76,0.6758559744293257,0.6758559744293257
BOJ,coincident_index,Coincident Index,Growth,2,tankan_large_manufacturers_index,Tankan Large Manufacturers Index,Sentiment,2,25,0.6754137572361032,0.6754137572361032
BOJ,industrial_production_yoy,Industrial Production (YoY),Growth,2,manufacturing_pmi,S&P Global Manufacturing PMI,Growth,2,75,0.6748135725526789,0.6748135725526789
FED,pce_price_index_mom,PCE Price Index (MoM),Inflation,1,ppi_yoy,PPI (YoY),Inflation,2,31,0.673767545951557,0.673767545951557
FED,challenger_job_cuts,Challenger Job Cuts,Labor,3,philly_fed_mfg,Philadelphia Fed Manufacturing Index,Growth,2,27,-0.6730358233721695,0.6730358233721695
FED,average_weekly_hours,Average Weekly Hours,Labor,2,sp_global_manufacturing_pmi,S&P Global Manufacturing PMI,Growth,2,21,0.6723654195915407,0.6723654195915407
ECB,consumer_confidence,Consumer Confidence,Sentiment,2,zew_economic_sentiment,ZEW Economic Sentiment Index,Sentiment,2,76,0.6721724352934656,0.6721724352934656
BOE,nationwide_hpi_yoy,Nationwide House Prices (YoY),Housing,3,services_pmi,Services PMI,Growth,1,27,-0.671790334087534,0.671790334087534
FED,cpi_headline_mom,Headline CPI (MoM),Inflation,2,ism_manufacturing_new_orders,ISM Manufacturing New Orders,Growth,2,29,0.6716876879126938,0.6716876879126938
FED,ism_manufacturing_prices,ISM Manufacturing Prices Paid,Growth,2,ppi_mom,PPI (MoM),Inflation,2,31,0.6714288271835924,0.6714288271835924
FED,export_prices_yoy,Export Prices (YoY),Inflation,3,pce_price_index_mom,PCE Price Index (MoM),Inflation,1,34,0.6709178460076706,0.6709178460076706
FED,ism_manufacturing_new_orders,ISM Manufacturing New Orders,Growth,2,sp_global_manufacturing_pmi,S&P Global Manufacturing PMI,Growth,2,21,0.6708170448032276,0.6708170448032276
BOJ,consumer_confidence,Consumer Confidence,Sentiment,2,tankan_large_manufacturers_index,Tankan Large Manufacturers Index,Sentiment,2,25,0.6708081049328491,0.6708081049328491
FED,export_prices_mom,Export Prices (MoM),Inflation,3,sp_global_manufacturing_pmi,S&P Global Manufacturing PMI,Growth,2,20,0.6708007870755369,0.6708007870755369
FED,ism_manufacturing_pmi,ISM Manufacturing PMI,Growth,1,ny_empire_state_mfg,NY Empire State Manufacturing Index,Growth,2,26,0.6707734359394937,0.6707734359394937
FED,challenger_job_cuts,Challenger Job Cuts,Labor,3,pce_price_index_mom,PCE Price Index (MoM),Inflation,1,29,-0.6704721600063086,0.6704721600063086
BOE,composite_pmi,Composite PMI,Growth,2,nationwide_hpi_yoy,Nationwide House Prices (YoY),Housing,3,27,-0.6696971314719274,0.6696971314719274
FED,ism_manufacturing_employment,ISM Manufacturing Employment,Growth,2,unemployment_rate,Unemployment Rate,Labor,1,33,-0.6691841453494806,0.6691841453494806
BOE,ppi_input_mom,PPI Input (MoM),Inflation,3,ppi_output_mom,PPI Output (MoM),Inflation,3,56,0.6686549942192945,0.6686549942192945
FED,government_payrolls,Government Payrolls,Labor,2,ny_empire_state_mfg,NY Empire State Manufacturing Index,Growth,2,26,0.667516637339381,0.667516637339381
RBA,cpi_headline_qoq,Headline CPI (QoQ),Inflation,1,rba_weighted_median_cpi_qoq,RBA Weighted Median CPI (QoQ),Inflation,1,24,0.6673387001564731,0.6673387001564731
RBA,producer_price_index_qoq,Producer Price Index (QoQ),Inflation,2,services_pmi,Services PMI,Growth,2,18,0.6661968953441988,0.6661968953441988
BOE,cbi_business_optimism,CBI Business Optimism Index,Sentiment,3,industrial_production_yoy,Industrial Production (YoY),Growth,2,24,0.6647788002822492,0.6647788002822492
FED,michigan_inflation_expectations,Michigan Inflation Expectations,Inflation,2,umich_inflation_exp_5y,UMich 5Y Inflation Expectations,Inflation,2,46,0.6640565809591161,0.6640565809591161
FED,cpi_index,CPI Index,Inflation,2,export_prices_yoy,Export Prices (YoY),Inflation,3,27,-0.6637183762771194,0.6637183762771194
FED,cpi_index,CPI Index,Inflation,2,umich_consumer_sentiment,UMich Consumer Sentiment,Sentiment,2,27,-0.663347400323358,0.663347400323358
FED,continuing_jobless_claims,Continuing Jobless Claims,Labor,2,redbook_yoy,Redbook Retail Sales (YoY),Growth,3,154,-0.6628271825029167,0.6628271825029167
RBA,cpi_headline_qoq,Headline CPI (QoQ),Inflation,1,part_time_employment_change,Part-Time Employment Change,Labor,1,25,0.6626651648546842,0.6626651648546842
FED,core_cpi_mom,Core CPI (MoM),Inflation,1,import_prices_yoy,Import Prices (YoY),Inflation,3,34,0.6610956257855077,0.6610956257855077
FED,core_ppi_mom,Core PPI (MoM),Inflation,2,import_prices_yoy,Import Prices (YoY),Inflation,3,32,0.6605986405824168,0.6605986405824168
BOC,part_time_employment_change,Part-Time Employment Change,Labor,1,retail_sales_ex_autos_mom,Retail Sales Ex Autos (MoM),Growth,2,71,0.6605495832788884,0.6605495832788884
BOC,full_time_employment_change,Full-Time Employment Change,Labor,1,part_time_employment_change,Part-Time Employment Change,Labor,1,76,0.6600906964622587,0.6600906964622587
FED,export_prices_mom,Export Prices (MoM),Inflation,3,import_prices_yoy,Import Prices (YoY),Inflation,3,36,0.6599305085861656,0.6599305085861656
FED,ism_manufacturing_new_orders,ISM Manufacturing New Orders,Growth,2,nfib_business_optimism,NFIB Business Optimism Index,Sentiment,3,33,0.6594406426676536,0.6594406426676536
RBA,monthly_cpi_indicator,Monthly CPI Indicator,Inflation,1,westpac_consumer_confidence_index,Westpac Consumer Confidence Index,Sentiment,2,38,-0.6594098218636021,0.6594098218636021
BOJ,composite_pmi,S&P Global Composite PMI,Growth,2,manufacturing_pmi,S&P Global Manufacturing PMI,Growth,2,74,0.6584890750829346,0.6584890750829346
FED,core_ppi_mom,Core PPI (MoM),Inflation,2,export_prices_mom,Export Prices (MoM),Inflation,3,30,0.6571528083820369,0.6571528083820369
BOJ,composite_pmi,S&P Global Composite PMI,Growth,2,tankan_large_non_manufacturing_index,Tankan Large Non-Manufacturing Index,Sentiment,2,24,0.6564021965129077,0.6564021965129077
BOE,cbi_industrial_trends_orders,CBI Industrial Trends Orders,Sentiment,3,ppi_core_output_yoy,PPI Core Output (YoY),Inflation,3,66,0.6563498079158981,0.6563498079158981
BOJ,exports_yoy,Exports (YoY),Growth,2,tankan_large_manufacturing_outlook,Tankan Large Manufacturing Outlook,Sentiment,2,25,0.6563134632373196,0.6563134632373196
BOE,cbi_business_optimism,CBI Business Optimism Index,Sentiment,3,gdp_mom,GDP (MoM),Growth,1,19,0.65604843090312,0.65604843090312
FED,adp_employment_change,ADP Employment Change,Labor,2,core_pce_price_index_mom,Core PCE Price Index (MoM),Inflation,1,30,0.6556906114171981,0.6556906114171981
BOE,core_cpi_mom,Core CPI (MoM),Inflation,2,retail_price_index_mom,Retail Price Index (MoM),Inflation,3,66,0.655512809945377,0.655512809945377
BOJ,industrial_production_yoy,Industrial Production (YoY),Growth,2,tankan_small_manufacturers_index,Tankan Small Manufacturers Index,Sentiment,2,24,0.65499574254151,0.65499574254151
ECB,core_cpi_yoy,Core HICP (YoY),Inflation,1,zew_economic_sentiment,ZEW Economic Sentiment Index,Sentiment,2,75,-0.6548612845158892,0.6548612845158892
FED,challenger_job_cuts,Challenger Job Cuts,Labor,3,ism_manufacturing_new_orders,ISM Manufacturing New Orders,Growth,2,33,-0.6547448157100724,0.6547448157100724
BOJ,manufacturing_pmi,S&P Global Manufacturing PMI,Growth,2,tankan_large_manufacturing_outlook,Tankan Large Manufacturing Outlook,Sentiment,2,25,0.6545981678596852,0.6545981678596852
RBA,cpi_headline_yoy,Headline CPI (YoY),Inflation,1,producer_price_index_qoq,Producer Price Index (QoQ),Inflation,2,25,0.6539528798315897,0.6539528798315897
BOJ,machinery_orders_yoy,Machinery Orders (YoY),Growth,2,reuters_tankan_index,Reuters Tankan Index,Sentiment,2,74,0.6537289153769372,0.6537289153769372
RBA,cpi_headline_qoq,Headline CPI (QoQ),Inflation,1,employment_change,Employment Change,Labor,1,25,0.6527369076114675,0.6527369076114675
SNB,gdp_qoq,GDP (QoQ),Growth,1,retail_sales_mom,Retail Sales (MoM),Growth,2,22,0.6521957993945072,0.6521957993945072
FED,export_prices_mom,Export Prices (MoM),Inflation,3,philly_fed_mfg,Philadelphia Fed Manufacturing Index,Growth,2,26,0.6521757982039662,0.6521757982039662
BOC,raw_materials_prices_mom,Raw Materials Prices (MoM),Inflation,3,retail_sales_mom,Retail Sales (MoM),Growth,1,72,0.6514146293204655,0.6514146293204655
FED,cpi_headline_mom,Headline CPI (MoM),Inflation,2,pce_price_index_yoy,PCE Price Index (YoY),Inflation,1,31,0.6508729108024628,0.6508729108024628
BOJ,household_spending_yoy,Household Spending (YoY),Growth,2,retail_sales_yoy,Retail Sales (YoY),Growth,2,75,0.6505395829068733,0.6505395829068733
BOC,manufacturing_pmi,Manufacturing PMI,Growth,2,vehicle_sales_mom,Vehicle Sales (MoM),Growth,3,20,-0.6503037878117849,0.6503037878117849
BOJ,eco_watchers_current,Eco Watchers Survey Current,Sentiment,2,retail_sales_yoy,Retail Sales (YoY),Growth,2,75,0.6499599519479072,0.6499599519479072
BOE,cbi_industrial_trends_orders,CBI Industrial Trends Orders,Sentiment,3,nationwide_hpi_yoy,Nationwide House Prices (YoY),Housing,3,74,0.6497907962332485,0.6497907962332485
FED,avg_hourly_earnings_yoy,Average Hourly Earnings (YoY),Labor,1,ism_services_employment,ISM Services Employment,Growth,2,26,-0.6492885555500333,0.6492885555500333
FED,export_prices_mom,Export Prices (MoM),Inflation,3,export_prices_yoy,Export Prices (YoY),Inflation,3,37,0.6490944629237082,0.6490944629237082
ECB,manufacturing_pmi,Manufacturing PMI,Growth,2,services_pmi,Services PMI,Growth,2,19,0.6487406895688862,0.6487406895688862
RBA,part_time_employment_change,Part-Time Employment Change,Labor,1,services_pmi,Services PMI,Growth,2,59,0.6486384571963059,0.6486384571963059
FED,umich_consumer_sentiment,UMich Consumer Sentiment,Sentiment,2,umich_inflation_exp_5y,UMich 5Y Inflation Expectations,Inflation,2,46,-0.6482142716785276,0.6482142716785276
RBA,nab_business_confidence,NAB Business Confidence,Sentiment,2,producer_price_index_qoq,Producer Price Index (QoQ),Inflation,2,22,0.6479975931524451,0.6479975931524451
FED,consumer_inflation_expectations,Consumer Inflation Expectations,Inflation,2,michigan_inflation_expectations,Michigan Inflation Expectations,Inflation,2,33,0.6477062692205369,0.6477062692205369
RBA,composite_pmi,Composite PMI,Growth,2,part_time_employment_change,Part-Time Employment Change,Labor,1,56,0.6474848034051145,0.6474848034051145
BOJ,tankan_non_manufacturing_outlook,Tankan Non-Manufacturing Outlook,Sentiment,2,tertiary_industry_index_mom,Tertiary Industry Index (MoM),Growth,2,25,0.6473992816939714,0.6473992816939714
BOJ,cpi_headline_yoy,Headline CPI (YoY),Inflation,1,unemployment_rate,Unemployment Rate,Labor,2,74,-0.6467461333494562,0.6467461333494562
BOJ,gdp_qoq,GDP (QoQ),Growth,1,services_pmi,S&P Global Services PMI,Growth,2,24,0.646416284436085,0.646416284436085
BOC,core_cpi_yoy,Core CPI (YoY),Inflation,1,unemployment_rate,Unemployment Rate,Labor,1,76,-0.6459093791012586,0.6459093791012586
BOE,claimant_count_change,Claimant Count Change,Labor,2,gdp_yoy,GDP (YoY),Growth,1,72,-0.6458550707976032,0.6458550707976032
FED,import_prices_mom,Import Prices (MoM),Inflation,3,sp_global_manufacturing_pmi,S&P Global Manufacturing PMI,Growth,2,19,0.645217956912507,0.645217956912507
BOJ,composite_pmi,S&P Global Composite PMI,Growth,2,consumer_confidence,Consumer Confidence,Sentiment,2,73,0.6448486195950448,0.6448486195950448
FED,core_ppi_mom,Core PPI (MoM),Inflation,2,cpi_headline_mom,Headline CPI (MoM),Inflation,2,29,0.6447299172557049,0.6447299172557049
FED,cpi_headline_mom,Headline CPI (MoM),Inflation,2,retail_sales_yoy,Retail Sales (YoY),Growth,2,32,0.6444409154030285,0.6444409154030285
FED,ism_services_employment,ISM Services Employment,Growth,2,pce_price_index_mom,PCE Price Index (MoM),Inflation,1,22,0.6442253542259001,0.6442253542259001
FED,core_cpi_mom,Core CPI (MoM),Inflation,1,cpi_index,CPI Index,Inflation,2,27,-0.644167250035508,0.644167250035508
BOE,consumer_confidence,Consumer Confidence,Sentiment,3,cpi_headline_yoy,Headline CPI (YoY),Inflation,1,75,-0.6440306499606807,0.6440306499606807
BOE,avg_earnings_incl_bonus,Average Earnings (incl. Bonus),Labor,2,gdp_yoy,GDP (YoY),Growth,1,72,0.6437238618639081,0.6437238618639081
FED,ism_manufacturing_new_orders,ISM Manufacturing New Orders,Growth,2,ppi_mom,PPI (MoM),Inflation,2,31,0.6435419951547202,0.6435419951547202
BOE,claimant_count_change,Claimant Count Change,Labor,2,gdp_mom,GDP (MoM),Growth,1,68,-0.6435285299415803,0.6435285299415803
FED,core_ppi_yoy,Core PPI (YoY),Inflation,2,michigan_inflation_expectations,Michigan Inflation Expectations,Inflation,2,32,0.643412179379321,0.643412179379321
FED,core_pce_price_index_yoy,Core PCE Price Index (YoY),Inflation,1,unemployment_rate,Unemployment Rate,Labor,1,34,-0.6431087530538449,0.6431087530538449
FED,import_prices_yoy,Import Prices (YoY),Inflation,3,ism_manufacturing_new_orders,ISM Manufacturing New Orders,Growth,2,32,0.6426805129847922,0.6426805129847922
FED,core_ppi_mom,Core PPI (MoM),Inflation,2,ism_manufacturing_pmi,ISM Manufacturing PMI,Growth,1,28,0.6426672321184868,0.6426672321184868
BOE,claimant_count_change,Claimant Count Change,Labor,2,industrial_production_yoy,Industrial Production (YoY),Growth,2,75,-0.6420505353829,0.6420505353829
BOC,manufacturing_pmi,Manufacturing PMI,Growth,2,new_housing_price_index_mom,New Housing Price Index (MoM),Housing,2,40,0.641717338893066,0.641717338893066
BOJ,composite_pmi,S&P Global Composite PMI,Growth,2,gdp_qoq,GDP (QoQ),Growth,1,23,0.641519312425217,0.641519312425217
BOJ,eco_watchers_current,Eco Watchers Survey Current,Sentiment,2,leading_economic_index,Leading Economic Index,Growth,2,75,0.6411314644724476,0.6411314644724476
BOE,cbi_business_optimism,CBI Business Optimism Index,Sentiment,3,niesr_monthly_gdp_tracker,NIESR Monthly GDP Tracker,Growth,2,22,0.6407595679528253,0.6407595679528253
FED,michigan_inflation_expectations,Michigan Inflation Expectations,Inflation,2,umich_consumer_sentiment,UMich Consumer Sentiment,Sentiment,2,46,-0.64056406923715,0.64056406923715
FED,avg_hourly_earnings_yoy,Average Hourly Earnings (YoY),Labor,1,retail_sales_yoy,Retail Sales (YoY),Growth,2,35,-0.6405030778803316,0.6405030778803316
BOJ,eco_watchers_outlook,Eco Watchers Survey Outlook,Sentiment,2,leading_economic_index,Leading Economic Index,Growth,2,75,0.6401366032106631,0.6401366032106631
FED,export_prices_yoy,Export Prices (YoY),Inflation,3,retail_sales_yoy,Retail Sales (YoY),Growth,2,39,0.6394341826432896,0.6394341826432896
BOJ,machinery_orders_yoy,Machinery Orders (YoY),Growth,2,tankan_large_manufacturers_index,Tankan Large Manufacturers Index,Sentiment,2,25,0.6392663939366817,0.6392663939366817
BOE,gdp_mom,GDP (MoM),Growth,1,ppi_input_mom,PPI Input (MoM),Inflation,3,59,0.6391738158960243,0.6391738158960243
RBA,cpi_headline_qoq,Headline CPI (QoQ),Inflation,1,cpi_headline_yoy,Headline CPI (YoY),Inflation,1,26,0.6391010910413403,0.6391010910413403
BOE,cbi_business_optimism,CBI Business Optimism Index,Sentiment,3,gdp_yoy,GDP (YoY),Growth,1,22,0.6387529913635339,0.6387529913635339
FED,michigan_inflation_expectations,Michigan Inflation Expectations,Inflation,2,pce_price_index_yoy,PCE Price Index (YoY),Inflation,1,32,0.6387365336318814,0.6387365336318814
BOJ,machinery_orders_yoy,Machinery Orders (YoY),Growth,2,manufacturing_pmi,S&P Global Manufacturing PMI,Growth,2,75,0.6381607143617872,0.6381607143617872
BOE,avg_earnings_incl_bonus,Average Earnings (incl. Bonus),Labor,2,manufacturing_pmi,Manufacturing PMI,Growth,2,27,-0.6379822172102195,0.6379822172102195
FED,ism_manufacturing_employment,ISM Manufacturing Employment,Growth,2,ppi_mom,PPI (MoM),Inflation,2,31,0.6373023461986498,0.6373023461986498
BOJ,gdp_qoq,GDP (QoQ),Growth,1,machinery_orders_mom,Machinery Orders (MoM),Growth,2,24,0.6372626136562074,0.6372626136562074
FED,ny_empire_state_mfg,NY Empire State Manufacturing Index,Growth,2,pce_price_index_mom,PCE Price Index (MoM),Inflation,1,21,0.6369953253004257,0.6369953253004257
FED,avg_hourly_earnings_mom,Average Hourly Earnings (MoM),Labor,2,challenger_job_cuts,Challenger Job Cuts,Labor,3,35,0.6369211904019112,0.6369211904019112
FED,import_prices_yoy,Import Prices (YoY),Inflation,3,ny_empire_state_mfg,NY Empire State Manufacturing Index,Growth,2,25,0.6369023329807177,0.6369023329807177
RBA,part_time_employment_change,Part-Time Employment Change,Labor,1,producer_price_index_qoq,Producer Price Index (QoQ),Inflation,2,24,0.636270341201979,0.636270341201979
BOE,avg_earnings_excl_bonus,Average Earnings (excl. Bonus),Labor,1,core_cpi_yoy,Core CPI (YoY),Inflation,1,73,0.6361674096983324,0.6361674096983324
RBNZ,labour_cost_index_qoq,Labour Cost Index (QoQ),Labor,2,unemployment_rate,Unemployment Rate,Labor,1,25,-0.635992059626657,0.635992059626657
BOJ,composite_pmi,S&P Global Composite PMI,Growth,2,reuters_tankan_index,Reuters Tankan Index,Sentiment,2,73,0.6357354058045562,0.6357354058045562
BOC,cfib_business_barometer,CFIB Business Barometer,Sentiment,2,composite_pmi,Composite PMI,Growth,2,29,0.6347988803741554,0.6347988803741554
FED,export_prices_mom,Export Prices (MoM),Inflation,3,ny_empire_state_mfg,NY Empire State Manufacturing Index,Growth,2,25,0.6347617683315222,0.6347617683315222
FED,consumer_inflation_expectations,Consumer Inflation Expectations,Inflation,2,sp_global_manufacturing_pmi,S&P Global Manufacturing PMI,Growth,2,21,0.6333341812692449,0.6333341812692449
BOJ,coincident_index,Coincident Index,Growth,2,services_pmi,S&P Global Services PMI,Growth,2,75,0.6330089384343067,0.6330089384343067
FED,core_ppi_yoy,Core PPI (YoY),Inflation,2,pce_price_index_mom,PCE Price Index (MoM),Inflation,1,31,0.6328000046372452,0.6328000046372452
RBA,ai_group_services_index,Ai Group Services Index,Growth,3,full_time_employment_change,Full-Time Employment Change,Labor,1,34,0.6327742215135376,0.6327742215135376
BOJ,retail_sales_mom,Retail Sales (MoM),Growth,2,tankan_non_manufacturing_outlook,Tankan Non-Manufacturing Outlook,Sentiment,2,25,0.6327322617643186,0.6327322617643186
FED,core_pce_price_index_yoy,Core PCE Price Index (YoY),Inflation,1,michigan_inflation_expectations,Michigan Inflation Expectations,Inflation,2,32,0.6322152484908008,0.6322152484908008
FED,core_pce_price_index_mom,Core PCE Price Index (MoM),Inflation,1,core_ppi_mom,Core PPI (MoM),Inflation,2,29,0.6319840405486481,0.6319840405486481
FED,avg_hourly_earnings_yoy,Average Hourly Earnings (YoY),Labor,1,government_payrolls,Government Payrolls,Labor,2,36,-0.6318134777917872,0.6318134777917872
BOJ,machine_tool_orders_yoy,Machine Tool Orders (YoY),Growth,3,reuters_tankan_index,Reuters Tankan Index,Sentiment,2,75,0.6314254087570874,0.6314254087570874
BOE,nationwide_hpi_yoy,Nationwide House Prices (YoY),Housing,3,ppi_output_mom,PPI Output (MoM),Inflation,3,57,0.6312104219713641,0.6312104219713641
FED,ism_manufacturing_prices,ISM Manufacturing Prices Paid,Growth,2,ny_empire_state_mfg,NY Empire State Manufacturing Index,Growth,2,26,0.6306371405969948,0.6306371405969948
RBA,cpi_headline_qoq,Headline CPI (QoQ),Inflation,1,nab_business_confidence,NAB Business Confidence,Sentiment,2,23,0.6305891079197733,0.6305891079197733
BOE,consumer_confidence,Consumer Confidence,Sentiment,3,retail_price_index_yoy,Retail Price Index (YoY),Inflation,3,75,-0.6303353108088491,0.6303353108088491
FED,pce_price_index_mom,PCE Price Index (MoM),Inflation,1,sp_global_manufacturing_pmi,S&P Global Manufacturing PMI,Growth,2,18,0.6302373013239527,0.6302373013239527
FED,export_prices_mom,Export Prices (MoM),Inflation,3,ism_manufacturing_pmi,ISM Manufacturing PMI,Growth,1,31,0.6296703743704603,0.6296703743704603
FED,pce_price_index_mom,PCE Price Index (MoM),Inflation,1,retail_sales_yoy,Retail Sales (YoY),Growth,2,35,0.6282615242229811,0.6282615242229811
FED,core_cpi_mom,Core CPI (MoM),Inflation,1,ppi_yoy,PPI (YoY),Inflation,2,33,0.627979224788954,0.627979224788954
RBA,cpi_headline_qoq,Headline CPI (QoQ),Inflation,1,leading_index_mom,Leading Index (MoM),Growth,3,19,0.6279231035672156,0.6279231035672156
BOE,ppi_core_output_mom,PPI Core Output (MoM),Inflation,3,ppi_core_output_yoy,PPI Core Output (YoY),Inflation,3,54,0.6277408430022813,0.6277408430022813
RBA,ai_group_construction_index,Ai Group Construction Index,Growth,3,monthly_cpi_indicator,Monthly CPI Indicator,Inflation,1,34,0.6270219491362553,0.6270219491362553
FED,average_weekly_hours,Average Weekly Hours,Labor,2,philly_fed_mfg,Philadelphia Fed Manufacturing Index,Growth,2,27,0.6269991184261287,0.6269991184261287
FED,core_pce_price_index_mom,Core PCE Price Index (MoM),Inflation,1,ppi_mom,PPI (MoM),Inflation,2,32,0.6268522704615291,0.6268522704615291
RBA,building_permits,Building Permits,Housing,2,private_house_approvals_mom,Private House Approvals (MoM),Housing,2,48,0.6267690672785153,0.6267690672785153
BOJ,consumer_confidence,Consumer Confidence,Sentiment,2,tankan_small_manufacturers_index,Tankan Small Manufacturers Index,Sentiment,2,24,0.6266124849586845,0.6266124849586845
FED,ism_manufacturing_prices,ISM Manufacturing Prices Paid,Growth,2,ppi_yoy,PPI (YoY),Inflation,2,32,0.6252445835461983,0.6252445835461983
BOC,new_housing_price_index_mom,New Housing Price Index (MoM),Housing,2,new_housing_price_index_yoy,New Housing Price Index (YoY),Housing,2,54,0.6250316978070954,0.6250316978070954
FED,core_pce_price_index_mom,Core PCE Price Index (MoM),Inflation,1,ism_manufacturing_pmi,ISM Manufacturing PMI,Growth,1,29,0.6238235694701302,0.6238235694701302
BOE,ppi_input_yoy,PPI Input (YoY),Inflation,3,ppi_output_mom,PPI Output (MoM),Inflation,3,58,0.6237651082555454,0.6237651082555454
BOJ,exports_yoy,Exports (YoY),Growth,2,machinery_orders_yoy,Machinery Orders (YoY),Growth,2,75,0.6227068111591929,0.6227068111591929
FED,core_cpi_mom,Core CPI (MoM),Inflation,1,pce_price_index_yoy,PCE Price Index (YoY),Inflation,1,33,0.6224468157161291,0.6224468157161291
BOJ,consumer_confidence,Consumer Confidence,Sentiment,2,tankan_large_manufacturing_outlook,Tankan Large Manufacturing Outlook,Sentiment,2,25,0.6218409952701096,0.6218409952701096
BOC,balance_of_trade,Balance of Trade,Trade,2,cpi_headline_yoy,Headline CPI (YoY),Inflation,1,75,0.6209907238620861,0.6209907238620861
BOC,part_time_employment_change,Part-Time Employment Change,Labor,1,wholesale_sales_mom,Wholesale Sales (MoM),Growth,2,74,0.6208016927594523,0.6208016927594523
FED,average_weekly_hours,Average Weekly Hours,Labor,2,ism_manufacturing_prices,ISM Manufacturing Prices Paid,Growth,2,33,0.620047388117314,0.620047388117314
BOJ,retail_sales_mom,Retail Sales (MoM),Growth,2,tankan_large_manufacturers_index,Tankan Large Manufacturers Index,Sentiment,2,25,0.6198328416321586,0.6198328416321586
BOE,ppi_core_output_mom,PPI Core Output (MoM),Inflation,3,ppi_output_yoy,PPI Output (YoY),Inflation,3,55,0.6197588096679102,0.6197588096679102
FED,ism_manufacturing_prices,ISM Manufacturing Prices Paid,Growth,2,ism_services_employment,ISM Services Employment,Growth,2,25,0.6192990651582588,0.6192990651582588
BOE,retail_price_index_yoy,Retail Price Index (YoY),Inflation,3,unemployment_rate,Unemployment Rate,Labor,1,75,-0.6191658332230279,0.6191658332230279
BOC,cpi_headline_yoy,Headline CPI (YoY),Inflation,1,ppi_yoy,PPI (YoY),Inflation,2,75,0.6191265843327677,0.6191265843327677
BOJ,machinery_orders_yoy,Machinery Orders (YoY),Growth,2,tankan_small_manufacturers_index,Tankan Small Manufacturers Index,Sentiment,2,24,0.618529999782491,0.618529999782491
BOE,cbi_industrial_trends_orders,CBI Industrial Trends Orders,Sentiment,3,ppi_output_mom,PPI Output (MoM),Inflation,3,58,0.6184772194661416,0.6184772194661416
BOC,manufacturing_pmi,Manufacturing PMI,Growth,2,services_pmi,Services PMI,Growth,2,30,0.6184519891473713,0.6184519891473713
BOJ,machinery_orders_yoy,Machinery Orders (YoY),Growth,2,tankan_large_manufacturing_outlook,Tankan Large Manufacturing Outlook,Sentiment,2,25,0.6172213414302445,0.6172213414302445
BOC,manufacturing_pmi,Manufacturing PMI,Growth,2,ppi_yoy,PPI (YoY),Inflation,2,49,0.6171603859487591,0.6171603859487591
BOJ,manufacturing_pmi,S&P Global Manufacturing PMI,Growth,2,ppi_yoy,PPI (YoY),Inflation,2,75,0.6171170022477839,0.6171170022477839
BOJ,retail_sales_mom,Retail Sales (MoM),Growth,2,tankan_large_manufacturing_outlook,Tankan Large Manufacturing Outlook,Sentiment,2,25,0.6167224162821577,0.6167224162821577
FED,cpi_headline_yoy,Headline CPI (YoY),Inflation,1,michigan_inflation_expectations,Michigan Inflation Expectations,Inflation,2,33,0.6166827369969161,0.6166827369969161
BOJ,consumer_confidence,Consumer Confidence,Sentiment,2,reuters_tankan_index,Reuters Tankan Index,Sentiment,2,75,0.6166118691547788,0.6166118691547788
BOJ,eco_watchers_current,Eco Watchers Survey Current,Sentiment,2,tankan_non_manufacturing_outlook,Tankan Non-Manufacturing Outlook,Sentiment,2,25,0.6159778534190157,0.6159778534190157
BOE,avg_earnings_incl_bonus,Average Earnings (incl. Bonus),Labor,2,core_cpi_yoy,Core CPI (YoY),Inflation,1,74,0.6157718559452762,0.6157718559452762
BOE,gdp_qoq,GDP (QoQ),Growth,1,house_price_index_mom,House Price Index (MoM),Housing,3,23,0.6155027565430369,0.6155027565430369
BOJ,eco_watchers_outlook,Eco Watchers Survey Outlook,Sentiment,2,tankan_large_non_manufacturing_index,Tankan Large Non-Manufacturing Index,Sentiment,2,25,0.6154585740854773,0.6154585740854773
FED,ppi_mom,PPI (MoM),Inflation,2,sp_global_manufacturing_pmi,S&P Global Manufacturing PMI,Growth,2,19,0.6153847329985727,0.6153847329985727
FED,core_cpi_mom,Core CPI (MoM),Inflation,1,government_payrolls,Government Payrolls,Labor,2,33,0.6153778376050255,0.6153778376050255
FED,ism_manufacturing_employment,ISM Manufacturing Employment,Growth,2,ism_manufacturing_prices,ISM Manufacturing Prices Paid,Growth,2,33,0.6152319003318686,0.6152319003318686
BOJ,industrial_production_yoy,Industrial Production (YoY),Growth,2,machinery_orders_yoy,Machinery Orders (YoY),Growth,2,76,0.6151210553384802,0.6151210553384802
BOJ,retail_sales_yoy,Retail Sales (YoY),Growth,2,tankan_large_manufacturing_outlook,Tankan Large Manufacturing Outlook,Sentiment,2,25,0.6145852816403226,0.6145852816403226
FED,cpi_index,CPI Index,Inflation,2,ppi_yoy,PPI (YoY),Inflation,2,27,-0.6140175267690328,0.6140175267690328
RBNZ,imports,Imports,Growth,2,labour_cost_index_yoy,Labour Cost Index (YoY),Labor,2,24,0.6132845793253403,0.6132845793253403
FED,core_cpi_mom,Core CPI (MoM),Inflation,1,cpi_headline_yoy,Headline CPI (YoY),Inflation,1,34,0.6130800314746613,0.6130800314746613
BOJ,eco_watchers_current,Eco Watchers Survey Current,Sentiment,2,tankan_large_manufacturing_outlook,Tankan Large Manufacturing Outlook,Sentiment,2,25,0.6126132527341873,0.6126132527341873
BOJ,coincident_index,Coincident Index,Growth,2,composite_pmi,S&P Global Composite PMI,Growth,2,72,0.6120808941803324,0.6120808941803324
BOE,house_price_index_yoy,House Price Index (YoY),Housing,3,ppi_output_mom,PPI Output (MoM),Inflation,3,56,0.6115783118004926,0.6115783118004926
BOE,cbi_business_optimism,CBI Business Optimism Index,Sentiment,3,retail_sales_yoy,Retail Sales (YoY),Growth,1,24,0.6104462925095827,0.6104462925095827
FED,ppi_mom,PPI (MoM),Inflation,2,ppi_yoy,PPI (YoY),Inflation,2,35,0.6095347895032059,0.6095347895032059
FED,cpi_headline_mom,Headline CPI (MoM),Inflation,2,ism_services_employment,ISM Services Employment,Growth,2,24,0.608395195283761,0.608395195283761
BOJ,core_cpi_yoy,Core CPI (YoY),Inflation,1,unemployment_rate,Unemployment Rate,Labor,2,73,-0.6074647906394112,0.6074647906394112
RBNZ,cpi_headline_qoq,Headline CPI (QoQ),Inflation,1,unemployment_rate,Unemployment Rate,Labor,1,25,-0.6072164139069234,0.6072164139069234
FED,core_ppi_mom,Core PPI (MoM),Inflation,2,export_prices_yoy,Export Prices (YoY),Inflation,3,32,0.607030058549443,0.607030058549443
FED,core_pce_price_index_mom,Core PCE Price Index (MoM),Inflation,1,ism_manufacturing_prices,ISM Manufacturing Prices Paid,Growth,2,29,0.6067942679579601,0.6067942679579601
FED,core_pce_price_index_mom,Core PCE Price Index (MoM),Inflation,1,nfp,Non-Farm Payrolls,Labor,1,32,0.6065369753262823,0.6065369753262823
FED,ism_manufacturing_employment,ISM Manufacturing Employment,Growth,2,nfp,Non-Farm Payrolls,Labor,1,33,0.6047692762958872,0.6047692762958872
FED,import_prices_yoy,Import Prices (YoY),Inflation,3,ism_services_employment,ISM Services Employment,Growth,2,25,0.6039195386959291,0.6039195386959291
FED,export_prices_yoy,Export Prices (YoY),Inflation,3,philly_fed_mfg,Philadelphia Fed Manufacturing Index,Growth,2,27,0.6038072185788154,0.6038072185788154
BOE,cpi_headline_yoy,Headline CPI (YoY),Inflation,1,unemployment_rate,Unemployment Rate,Labor,1,75,-0.6037286030871221,0.6037286030871221
BOC,imports,Imports,Trade,2,new_housing_price_index_mom,New Housing Price Index (MoM),Housing,2,64,-0.6034335283673123,0.6034335283673123
RBA,ai_group_construction_index,Ai Group Construction Index,Growth,3,ai_group_industry_index,Ai Group Industry Index,Growth,3,34,0.6028162657784368,0.6028162657784368
FED,michigan_inflation_expectations,Michigan Inflation Expectations,Inflation,2,ppi_yoy,PPI (YoY),Inflation,2,32,0.6003814789087885,0.6003814789087885
BOC,cfib_business_barometer,CFIB Business Barometer,Sentiment,2,new_housing_price_index_mom,New Housing Price Index (MoM),Housing,2,45,0.6002929010768558,0.6002929010768558
FED,core_cpi_mom,Core CPI (MoM),Inflation,1,ism_manufacturing_new_orders,ISM Manufacturing New Orders,Growth,2,31,0.6000789034459253,0.6000789034459253
FED,ism_manufacturing_pmi,ISM Manufacturing PMI,Growth,1,nfib_business_optimism,NFIB Business Optimism Index,Sentiment,3,33,0.5991861252524706,0.5991861252524706
FED,export_prices_yoy,Export Prices (YoY),Inflation,3,ism_manufacturing_new_orders,ISM Manufacturing New Orders,Growth,2,32,0.5986349360896361,0.5986349360896361
FED,challenger_job_cuts,Challenger Job Cuts,Labor,3,retail_sales_yoy,Retail Sales (YoY),Growth,2,34,-0.5986062417873664,0.5986062417873664
FED,core_pce_price_index_mom,Core PCE Price Index (MoM),Inflation,1,private_nonfarm_payrolls,Private Nonfarm Payrolls,Labor,2,32,0.5983461953091096,0.5983461953091096
BOC,cpi_headline_mom,Headline CPI (MoM),Inflation,2,ppi_mom,PPI (MoM),Inflation,2,69,0.5980941698506602,0.5980941698506602
FED,nfp,Non-Farm Payrolls,Labor,1,ny_empire_state_mfg,NY Empire State Manufacturing Index,Growth,2,26,0.5978537759925044,0.5978537759925044
BOJ,tankan_large_manufacturing_outlook,Tankan Large Manufacturing Outlook,Sentiment,2,tertiary_industry_index_mom,Tertiary Industry Index (MoM),Growth,2,25,0.5974078039816759,0.5974078039816759
BOE,consumer_confidence,Consumer Confidence,Sentiment,3,ppi_core_output_yoy,PPI Core Output (YoY),Inflation,3,66,-0.5970825651611289,0.5970825651611289
BOC,manufacturing_sales_mom,Manufacturing Sales (MoM),Growth,2,raw_materials_prices_mom,Raw Materials Prices (MoM),Inflation,3,74,0.5970674347584245,0.5970674347584245
BOE,core_cpi_yoy,Core CPI (YoY),Inflation,1,ppi_core_output_yoy,PPI Core Output (YoY),Inflation,3,67,0.5967699941905835,0.5967699941905835
BOE,ppi_output_yoy,PPI Output (YoY),Inflation,3,retail_price_index_mom,Retail Price Index (MoM),Inflation,3,64,0.5965113768635953,0.5965113768635953
BOJ,exports_yoy,Exports (YoY),Growth,2,ppi_yoy,PPI (YoY),Inflation,2,75,0.5963918683196885,0.5963918683196885
BOE,core_rpi_mom,Core RPI (MoM),Inflation,3,niesr_monthly_gdp_tracker,NIESR Monthly GDP Tracker,Growth,2,21,0.5953974256673835,0.5953974256673835
FED,avg_hourly_earnings_mom,Average Hourly Earnings (MoM),Labor,2,government_payrolls,Government Payrolls,Labor,2,37,-0.5953534996346276,0.5953534996346276
RBA,leading_index_mom,Leading Index (MoM),Growth,3,nab_business_confidence,NAB Business Confidence,Sentiment,2,59,0.5948839167414348,0.5948839167414348
BOJ,eco_watchers_current,Eco Watchers Survey Current,Sentiment,2,tankan_small_manufacturers_index,Tankan Small Manufacturers Index,Sentiment,2,24,0.594846038911634,0.594846038911634
BOJ,consumer_confidence,Consumer Confidence,Sentiment,2,services_pmi,S&P Global Services PMI,Growth,2,76,0.5946333835635632,0.5946333835635632
RBNZ,imports,Imports,Growth,2,participation_rate,Labor Force Participation Rate,Labor,1,24,0.593705499685411,0.593705499685411
FED,nfp,Non-Farm Payrolls,Labor,1,unemployment_rate,Unemployment Rate,Labor,1,36,-0.5934578495738119,0.5934578495738119
BOJ,tankan_small_manufacturers_index,Tankan Small Manufacturers Index,Sentiment,2,tertiary_industry_index_mom,Tertiary Industry Index (MoM),Growth,2,24,0.5928206150751122,0.5928206150751122
BOC,budget_balance,Budget Balance,Growth,3,exports,Exports,Trade,2,74,0.5928007281065416,0.5928007281065416
FED,import_prices_mom,Import Prices (MoM),Inflation,3,retail_sales_mom,Retail Sales (MoM),Growth,1,33,0.5920220956869973,0.5920220956869973
BOJ,coincident_index,Coincident Index,Growth,2,unemployment_rate,Unemployment Rate,Labor,2,75,-0.5918649726161849,0.5918649726161849
FED,import_prices_yoy,Import Prices (YoY),Inflation,3,ism_manufacturing_employment,ISM Manufacturing Employment,Growth,2,32,0.5916861143919365,0.5916861143919365
RBA,employment_change,Employment Change,Labor,1,leading_index_mom,Leading Index (MoM),Growth,3,62,0.5913209673567722,0.5913209673567722
BOE,ppi_input_yoy,PPI Input (YoY),Inflation,3,retail_price_index_mom,Retail Price Index (MoM),Inflation,3,64,0.5912621379527252,0.5912621379527252
BOJ,retail_sales_mom,Retail Sales (MoM),Growth,2,tankan_large_non_manufacturing_index,Tankan Large Non-Manufacturing Index,Sentiment,2,25,0.5911271054006358,0.5911271054006358
BOE,cbi_business_optimism,CBI Business Optimism Index,Sentiment,3,ppi_input_mom,PPI Input (MoM),Inflation,3,22,0.5911216957150293,0.5911216957150293
FED,core_ppi_mom,Core PPI (MoM),Inflation,2,ppi_yoy,PPI (YoY),Inflation,2,32,0.590664947790142,0.590664947790142
FED,pce_price_index_yoy,PCE Price Index (YoY),Inflation,1,sp_global_manufacturing_pmi,S&P Global Manufacturing PMI,Growth,2,20,0.5902919138219916,0.5902919138219916
RBA,ai_group_services_index,Ai Group Services Index,Growth,3,westpac_consumer_confidence_index,Westpac Consumer Confidence Index,Sentiment,2,33,0.5902667321094482,0.5902667321094482
BOE,cbi_business_optimism,CBI Business Optimism Index,Sentiment,3,retail_sales_ex_fuel_yoy,Retail Sales Ex Fuel (YoY),Growth,2,24,0.5900945504888304,0.5900945504888304
BOE,house_price_index_yoy,House Price Index (YoY),Housing,3,ppi_output_yoy,PPI Output (YoY),Inflation,3,65,0.5898490953198788,0.5898490953198788
FED,import_prices_mom,Import Prices (MoM),Inflation,3,philly_fed_mfg,Philadelphia Fed Manufacturing Index,Growth,2,25,0.5898310763497511,0.5898310763497511
FED,avg_hourly_earnings_yoy,Average Hourly Earnings (YoY),Labor,1,philly_fed_mfg,Philadelphia Fed Manufacturing Index,Growth,2,26,-0.5896482571491792,0.5896482571491792
FED,export_prices_mom,Export Prices (MoM),Inflation,3,ism_manufacturing_new_orders,ISM Manufacturing New Orders,Growth,2,31,0.5887654831570988,0.5887654831570988
FED,core_cpi_yoy,Core CPI (YoY),Inflation,1,unemployment_rate,Unemployment Rate,Labor,1,35,-0.5886441557916292,0.5886441557916292
FED,core_cpi_yoy,Core CPI (YoY),Inflation,1,michigan_inflation_expectations,Michigan Inflation Expectations,Inflation,2,33,0.5883586770619542,0.5883586770619542
FED,adp_employment_change,ADP Employment Change,Labor,2,core_cpi_mom,Core CPI (MoM),Inflation,1,32,0.5880877130454183,0.5880877130454183
BOJ,manufacturing_pmi,S&P Global Manufacturing PMI,Growth,2,tankan_small_manufacturers_index,Tankan Small Manufacturers Index,Sentiment,2,24,0.5879325565008015,0.5879325565008015
FED,cpi_index,CPI Index,Inflation,2,philly_fed_mfg,Philadelphia Fed Manufacturing Index,Growth,2,21,-0.5877613917248325,0.5877613917248325
FED,core_cpi_mom,Core CPI (MoM),Inflation,1,export_prices_yoy,Export Prices (YoY),Inflation,3,34,0.5877112187160678,0.5877112187160678
FED,core_pce_price_index_mom,Core PCE Price Index (MoM),Inflation,1,government_payrolls,Government Payrolls,Labor,2,32,0.5875848385547845,0.5875848385547845
FED,average_weekly_hours,Average Weekly Hours,Labor,2,import_prices_yoy,Import Prices (YoY),Inflation,3,35,0.5874013889186955,0.5874013889186955
BOJ,retail_sales_yoy,Retail Sales (YoY),Growth,2,tankan_large_manufacturers_index,Tankan Large Manufacturers Index,Sentiment,2,25,0.5873119900776597,0.5873119900776597
FED,pce_price_index_mom,PCE Price Index (MoM),Inflation,1,pce_price_index_yoy,PCE Price Index (YoY),Inflation,1,40,0.5873074369888955,0.5873074369888955
BOJ,tankan_large_non_manufacturing_index,Tankan Large Non-Manufacturing Index,Sentiment,2,unemployment_rate,Unemployment Rate,Labor,2,25,-0.5872845587398267,0.5872845587398267
RBA,balance_of_trade,Balance of Trade,Trade,2,current_account,Current Account,Trade,2,24,0.5867508298772246,0.5867508298772246
BOJ,machine_tool_orders_yoy,Machine Tool Orders (YoY),Growth,3,ppi_mom,PPI (MoM),Inflation,2,68,0.5866877541312112,0.5866877541312112
BOC,manufacturing_pmi,Manufacturing PMI,Growth,2,raw_materials_prices_yoy,Raw Materials Prices (YoY),Inflation,3,48,0.5865706844666997,0.5865706844666997
BOJ,reuters_tankan_index,Reuters Tankan Index,Sentiment,2,tankan_non_manufacturing_outlook,Tankan Non-Manufacturing Outlook,Sentiment,2,25,0.5865407093055719,0.5865407093055719
FED,core_cpi_mom,Core CPI (MoM),Inflation,1,ism_manufacturing_prices,ISM Manufacturing Prices Paid,Growth,2,31,0.5862181010094007,0.5862181010094007
FED,challenger_job_cuts,Challenger Job Cuts,Labor,3,sp_global_manufacturing_pmi,S&P Global Manufacturing PMI,Growth,2,21,-0.5858165020721595,0.5858165020721595
ECB,construction_output_yoy,Construction Output (YoY),Growth,2,manufacturing_pmi,Manufacturing PMI,Growth,2,66,0.5857406973141004,0.5857406973141004
FED,ism_manufacturing_employment,ISM Manufacturing Employment,Growth,2,private_nonfarm_payrolls,Private Nonfarm Payrolls,Labor,2,33,0.5853708285718214,0.5853708285718214
FED,core_cpi_mom,Core CPI (MoM),Inflation,1,core_ppi_yoy,Core PPI (YoY),Inflation,2,33,0.5847774445465858,0.5847774445465858
BOJ,imports_yoy,Imports (YoY),Growth,2,machine_tool_orders_yoy,Machine Tool Orders (YoY),Growth,3,76,0.5843526209622995,0.5843526209622995
BOJ,household_spending_yoy,Household Spending (YoY),Growth,2,industrial_production_yoy,Industrial Production (YoY),Growth,2,76,0.5843250794957259,0.5843250794957259
BOJ,machine_tool_orders_yoy,Machine Tool Orders (YoY),Growth,3,machinery_orders_yoy,Machinery Orders (YoY),Growth,2,75,0.5843180563027293,0.5843180563027293
FED,core_cpi_mom,Core CPI (MoM),Inflation,1,core_pce_price_index_yoy,Core PCE Price Index (YoY),Inflation,1,33,0.5840967675043788,0.5840967675043788
FED,avg_hourly_earnings_yoy,Average Hourly Earnings (YoY),Labor,1,sp_global_manufacturing_pmi,S&P Global Manufacturing PMI,Growth,2,20,0.5840807107432837,0.5840807107432837
FED,cpi_headline_mom,Headline CPI (MoM),Inflation,2,cpi_headline_yoy,Headline CPI (YoY),Inflation,1,32,0.5840445045815764,0.5840445045815764
BOJ,tankan_large_non_manufacturing_index,Tankan Large Non-Manufacturing Index,Sentiment,2,tertiary_industry_index_mom,Tertiary Industry Index (MoM),Growth,2,25,0.5839517126343077,0.5839517126343077
FED,ny_empire_state_mfg,NY Empire State Manufacturing Index,Growth,2,private_nonfarm_payrolls,Private Nonfarm Payrolls,Labor,2,26,0.5837912717517915,0.5837912717517915
BOJ,eco_watchers_current,Eco Watchers Survey Current,Sentiment,2,tankan_large_manufacturers_index,Tankan Large Manufacturers Index,Sentiment,2,25,0.5837906999723305,0.5837906999723305
FED,manufacturing_payrolls,Manufacturing Payrolls,Labor,2,ny_empire_state_mfg,NY Empire State Manufacturing Index,Growth,2,26,0.5836356878229605,0.5836356878229605
BOJ,machine_tool_orders_yoy,Machine Tool Orders (YoY),Growth,3,tankan_large_manufacturers_index,Tankan Large Manufacturers Index,Sentiment,2,25,0.5832955801718511,0.5832955801718511
FED,core_ppi_mom,Core PPI (MoM),Inflation,2,ism_manufacturing_prices,ISM Manufacturing Prices Paid,Growth,2,28,0.5826511785569584,0.5826511785569584
BOE,cbi_industrial_trends_orders,CBI Industrial Trends Orders,Sentiment,3,house_price_index_yoy,House Price Index (YoY),Housing,3,72,0.5823484214804802,0.5823484214804802
BOE,gdp_yoy,GDP (YoY),Growth,1,retail_sales_ex_fuel_yoy,Retail Sales Ex Fuel (YoY),Growth,2,72,0.5822857269186309,0.5822857269186309
RBA,leading_index_mom,Leading Index (MoM),Growth,3,producer_price_index_qoq,Producer Price Index (QoQ),Inflation,2,19,0.5821591556195195,0.5821591556195195
FED,average_weekly_hours,Average Weekly Hours,Labor,2,pce_price_index_mom,PCE Price Index (MoM),Inflation,1,30,0.5821562261988591,0.5821562261988591
FED,ism_services_employment,ISM Services Employment,Growth,2,nfp,Non-Farm Payrolls,Labor,1,26,0.5821232577591282,0.5821232577591282
BOE,house_price_index_yoy,House Price Index (YoY),Housing,3,ppi_core_output_yoy,PPI Core Output (YoY),Inflation,3,64,0.580704244429961,0.580704244429961
FED,adp_employment_change,ADP Employment Change,Labor,2,cpi_headline_mom,Headline CPI (MoM),Inflation,2,30,0.580676154241064,0.580676154241064
FED,average_weekly_hours,Average Weekly Hours,Labor,2,core_pce_price_index_mom,Core PCE Price Index (MoM),Inflation,1,32,0.5799574335602996,0.5799574335602996
RBA,leading_index_mom,Leading Index (MoM),Growth,3,services_pmi,Services PMI,Growth,2,45,0.5796191744313085,0.5796191744313085
RBA,thomson_reuters_ipsos_pcsi,Thomson Reuters IPSOS PCSI,Sentiment,3,westpac_consumer_confidence_index,Westpac Consumer Confidence Index,Sentiment,2,21,0.5795537656048703,0.5795537656048703
FED,ism_manufacturing_employment,ISM Manufacturing Employment,Growth,2,manufacturing_payrolls,Manufacturing Payrolls,Labor,2,33,0.5794817695359947,0.5794817695359947
BOE,cbi_business_optimism,CBI Business Optimism Index,Sentiment,3,retail_sales_mom,Retail Sales (MoM),Growth,1,24,0.5788132038303747,0.5788132038303747
FED,core_pce_price_index_mom,Core PCE Price Index (MoM),Inflation,1,manufacturing_payrolls,Manufacturing Payrolls,Labor,2,32,0.5787297921403053,0.5787297921403053
BOJ,gdp_qoq,GDP (QoQ),Growth,1,ppi_mom,PPI (MoM),Inflation,2,22,0.5784986717470206,0.5784986717470206
FED,adp_employment_change,ADP Employment Change,Labor,2,participation_rate,Labor Force Participation Rate,Labor,2,34,0.5783816686198886,0.5783816686198886
BOJ,exports_yoy,Exports (YoY),Growth,2,tankan_small_manufacturers_index,Tankan Small Manufacturers Index,Sentiment,2,24,0.5778748934017369,0.5778748934017369
BOC,budget_balance,Budget Balance,Growth,3,imports,Imports,Trade,2,74,0.5773033385968724,0.5773033385968724
FED,ny_empire_state_mfg,NY Empire State Manufacturing Index,Growth,2,unemployment_rate,Unemployment Rate,Labor,1,26,-0.5763648057029678,0.5763648057029678
RBNZ,cpi_headline_qoq,Headline CPI (QoQ),Inflation,1,labour_cost_index_qoq,Labour Cost Index (QoQ),Labor,2,25,0.5761610882458641,0.5761610882458641
BOC,ppi_yoy,PPI (YoY),Inflation,2,vehicle_sales_mom,Vehicle Sales (MoM),Growth,3,20,-0.5760397016035675,0.5760397016035675
FED,import_prices_mom,Import Prices (MoM),Inflation,3,ny_empire_state_mfg,NY Empire State Manufacturing Index,Growth,2,24,0.5759575244005664,0.5759575244005664
FED,private_nonfarm_payrolls,Private Nonfarm Payrolls,Labor,2,sp_global_manufacturing_pmi,S&P Global Manufacturing PMI,Growth,2,21,0.5754272407717007,0.5754272407717007
FED,avg_hourly_earnings_yoy,Average Hourly Earnings (YoY),Labor,1,ny_empire_state_mfg,NY Empire State Manufacturing Index,Growth,2,25,-0.5749311259153761,0.5749311259153761
BOJ,exports_yoy,Exports (YoY),Growth,2,household_spending_yoy,Household Spending (YoY),Growth,2,75,0.5736882225272063,0.5736882225272063
FED,retail_sales_yoy,Retail Sales (YoY),Growth,2,sp_global_manufacturing_pmi,S&P Global Manufacturing PMI,Growth,2,21,0.5733693317117136,0.5733693317117136
BOC,raw_materials_prices_mom,Raw Materials Prices (MoM),Inflation,3,retail_sales_ex_autos_mom,Retail Sales Ex Autos (MoM),Growth,2,70,0.5724924414055887,0.5724924414055887
BOE,ppi_core_output_yoy,PPI Core Output (YoY),Inflation,3,retail_price_index_mom,Retail Price Index (MoM),Inflation,3,63,0.5720226359084901,0.5720226359084901
RBA,composite_pmi,Composite PMI,Growth,2,full_time_employment_change,Full-Time Employment Change,Labor,1,56,0.5714647165401774,0.5714647165401774
FED,cpi_headline_yoy,Headline CPI (YoY),Inflation,1,sp_global_manufacturing_pmi,S&P Global Manufacturing PMI,Growth,2,21,0.5714553303807016,0.5714553303807016
BOC,employment_change,Employment Change,Labor,1,ivey_pmi_sa,Ivey PMI s.a.,Growth,2,72,0.5712048393477713,0.5712048393477713
RBA,ai_group_construction_index,Ai Group Construction Index,Growth,3,manufacturing_pmi,Manufacturing PMI,Growth,2,53,0.5708921801692549,0.5708921801692549
BOE,avg_earnings_incl_bonus,Average Earnings (incl. Bonus),Labor,2,industrial_production_yoy,Industrial Production (YoY),Growth,2,75,0.5705017776647723,0.5705017776647723
FED,core_cpi_mom,Core CPI (MoM),Inflation,1,ism_manufacturing_pmi,ISM Manufacturing PMI,Growth,1,31,0.5700921584316953,0.5700921584316953
RBA,composite_pmi,Composite PMI,Growth,2,leading_index_mom,Leading Index (MoM),Growth,3,42,0.5699656960066432,0.5699656960066432
BOE,cbi_business_optimism,CBI Business Optimism Index,Sentiment,3,gdp_qoq,GDP (QoQ),Growth,1,23,0.5695080710189045,0.5695080710189045
RBA,producer_price_index_qoq,Producer Price Index (QoQ),Inflation,2,unemployment_rate,Unemployment Rate,Labor,1,24,-0.5691338853972671,0.5691338853972671
FED,consumer_inflation_expectations,Consumer Inflation Expectations,Inflation,2,cpi_headline_mom,Headline CPI (MoM),Inflation,2,32,0.5690225136680239,0.5690225136680239
FED,adp_employment_change,ADP Employment Change,Labor,2,avg_hourly_earnings_yoy,Average Hourly Earnings (YoY),Labor,1,33,-0.5687409246363624,0.5687409246363624
RBA,private_sector_credit_mom,Private Sector Credit (MoM),Growth,3,private_sector_credit_yoy,Private Sector Credit (YoY),Growth,3,72,0.5683447758575153,0.5683447758575153
FED,adp_employment_change,ADP Employment Change,Labor,2,ppi_mom,PPI (MoM),Inflation,2,32,0.567633161838059,0.567633161838059
BOJ,tankan_large_manufacturers_index,Tankan Large Manufacturers Index,Sentiment,2,tertiary_industry_index_mom,Tertiary Industry Index (MoM),Growth,2,25,0.5675931099625989,0.5675931099625989
FED,philly_fed_mfg,Philadelphia Fed Manufacturing Index,Growth,2,sp_global_manufacturing_pmi,S&P Global Manufacturing PMI,Growth,2,24,0.567002608789501,0.567002608789501
BOC,core_cpi_yoy,Core CPI (YoY),Inflation,1,ppi_yoy,PPI (YoY),Inflation,2,75,0.566832381065192,0.566832381065192
BOJ,balance_of_trade,Balance of Trade,Growth,2,current_account,Current Account,Growth,2,75,0.5667307633984636,0.5667307633984636
FED,export_prices_yoy,Export Prices (YoY),Inflation,3,ny_empire_state_mfg,NY Empire State Manufacturing Index,Growth,2,26,0.5664989923845313,0.5664989923845313
FED,core_ppi_mom,Core PPI (MoM),Inflation,2,ism_services_employment,ISM Services Employment,Growth,2,24,0.5663233198611911,0.5663233198611911
RBA,full_time_employment_change,Full-Time Employment Change,Labor,1,services_pmi,Services PMI,Growth,2,59,0.5659318336641233,0.5659318336641233
BOC,cfib_business_barometer,CFIB Business Barometer,Sentiment,2,services_pmi,Services PMI,Growth,2,30,0.5658205243321064,0.5658205243321064
BOE,cbi_business_optimism,CBI Business Optimism Index,Sentiment,3,retail_sales_ex_fuel_mom,Retail Sales Ex Fuel (MoM),Growth,2,24,0.5649891625491347,0.5649891625491347
RBNZ,imports,Imports,Growth,2,labour_cost_index_qoq,Labour Cost Index (QoQ),Labor,2,24,0.5644535242246863,0.5644535242246863
FED,ism_manufacturing_pmi,ISM Manufacturing PMI,Growth,1,ppi_yoy,PPI (YoY),Inflation,2,32,0.564216103058257,0.564216103058257
BOJ,consumer_confidence,Consumer Confidence,Sentiment,2,tankan_non_manufacturing_outlook,Tankan Non-Manufacturing Outlook,Sentiment,2,25,0.5641245970399895,0.5641245970399895
BOJ,imports_yoy,Imports (YoY),Growth,2,reuters_tankan_index,Reuters Tankan Index,Sentiment,2,75,0.5640276432071936,0.5640276432071936
FED,pce_price_index_yoy,PCE Price Index (YoY),Inflation,1,unemployment_rate,Unemployment Rate,Labor,1,34,-0.5637053356610547,0.5637053356610547
FED,private_nonfarm_payrolls,Private Nonfarm Payrolls,Labor,2,unemployment_rate,Unemployment Rate,Labor,1,36,-0.5635681171355305,0.5635681171355305
FED,cpi_headline_yoy,Headline CPI (YoY),Inflation,1,pce_price_index_mom,PCE Price Index (MoM),Inflation,1,30,0.5628181626671082,0.5628181626671082
FED,core_ppi_mom,Core PPI (MoM),Inflation,2,ism_manufacturing_new_orders,ISM Manufacturing New Orders,Growth,2,28,0.5623891063606048,0.5623891063606048
FED,core_cpi_yoy,Core CPI (YoY),Inflation,1,nfib_business_optimism,NFIB Business Optimism Index,Sentiment,3,35,-0.5620816937079451,0.5620816937079451
RBNZ,labour_cost_index_yoy,Labour Cost Index (YoY),Labor,2,unemployment_rate,Unemployment Rate,Labor,1,25,-0.5618950314583145,0.5618950314583145
BOJ,ppi_mom,PPI (MoM),Inflation,2,tankan_large_manufacturing_outlook,Tankan Large Manufacturing Outlook,Sentiment,2,23,0.5613151612383193,0.5613151612383193
ECB,consumer_confidence,Consumer Confidence,Sentiment,2,cpi_headline_yoy,Headline HICP (YoY),Inflation,1,76,-0.5612928908609021,0.5612928908609021
RBA,ai_group_construction_index,Ai Group Construction Index,Growth,3,export_price_index_qoq,Export Price Index (QoQ),Inflation,2,23,0.5611177052757801,0.5611177052757801
FED,core_ppi_mom,Core PPI (MoM),Inflation,2,retail_sales_yoy,Retail Sales (YoY),Growth,2,32,0.5610870067758087,0.5610870067758087
BOE,cbi_business_optimism,CBI Business Optimism Index,Sentiment,3,claimant_count_change,Claimant Count Change,Labor,2,24,-0.5610770297745541,0.5610770297745541
BOE,avg_earnings_excl_bonus,Average Earnings (excl. Bonus),Labor,1,gdp_yoy,GDP (YoY),Growth,1,71,0.5610755479881655,0.5610755479881655
FED,challenger_job_cuts,Challenger Job Cuts,Labor,3,participation_rate,Labor Force Participation Rate,Labor,2,35,-0.5608841982520699,0.5608841982520699
FED,nfib_business_optimism,NFIB Business Optimism Index,Sentiment,3,philly_fed_mfg,Philadelphia Fed Manufacturing Index,Growth,2,27,0.5608683945147752,0.5608683945147752
FED,export_prices_mom,Export Prices (MoM),Inflation,3,ism_manufacturing_employment,ISM Manufacturing Employment,Growth,2,31,0.560009066193432,0.560009066193432
ECB,consumer_confidence,Consumer Confidence,Sentiment,2,core_cpi_yoy,Core HICP (YoY),Inflation,1,76,-0.5597588202181725,0.5597588202181725
FED,adp_employment_change,ADP Employment Change,Labor,2,philly_fed_mfg,Philadelphia Fed Manufacturing Index,Growth,2,28,0.5592014009524561,0.5592014009524561
FED,core_ppi_mom,Core PPI (MoM),Inflation,2,core_ppi_yoy,Core PPI (YoY),Inflation,2,32,0.5589243224092069,0.5589243224092069
FED,adp_employment_change,ADP Employment Change,Labor,2,pce_price_index_mom,PCE Price Index (MoM),Inflation,1,28,0.5589127527933064,0.5589127527933064
FED,manufacturing_payrolls,Manufacturing Payrolls,Labor,2,ppi_mom,PPI (MoM),Inflation,2,34,0.5582550547310128,0.5582550547310128
RBA,cpi_headline_qoq,Headline CPI (QoQ),Inflation,1,producer_price_index_yoy,Producer Price Index (YoY),Inflation,2,24,0.5578330505889477,0.5578330505889477
BOJ,cpi_headline_yoy,Headline CPI (YoY),Inflation,1,services_pmi,S&P Global Services PMI,Growth,2,75,0.5578251298923901,0.5578251298923901
FED,average_weekly_hours,Average Weekly Hours,Labor,2,export_prices_yoy,Export Prices (YoY),Inflation,3,35,0.5577710639798967,0.5577710639798967
FED,ism_services_employment,ISM Services Employment,Growth,2,private_nonfarm_payrolls,Private Nonfarm Payrolls,Labor,2,26,0.557597478856857,0.557597478856857
FED,import_prices_mom,Import Prices (MoM),Inflation,3,import_prices_yoy,Import Prices (YoY),Inflation,3,35,0.5568264091139606,0.5568264091139606
BOJ,ppi_mom,PPI (MoM),Inflation,2,tankan_large_manufacturers_index,Tankan Large Manufacturers Index,Sentiment,2,23,0.5566998765176108,0.5566998765176108
FED,manufacturing_payrolls,Manufacturing Payrolls,Labor,2,unemployment_rate,Unemployment Rate,Labor,1,36,-0.5566604414532774,0.5566604414532774
BOE,core_cpi_yoy,Core CPI (YoY),Inflation,1,ppi_output_yoy,PPI Output (YoY),Inflation,3,68,0.5566419346689481,0.5566419346689481
BOE,consumer_confidence,Consumer Confidence,Sentiment,3,hmrc_payrolls_change,HMRC Payrolls Change,Labor,2,41,-0.5563003185628103,0.5563003185628103
BOE,core_cpi_yoy,Core CPI (YoY),Inflation,1,unemployment_rate,Unemployment Rate,Labor,1,75,-0.5562877493524584,0.5562877493524584
ECB,consumer_inflation_expectation,Consumer Inflation Expectation,Inflation,2,cpi_index,Consumer Price Index,Inflation,2,50,-0.5561942596469371,0.5561942596469371
BOJ,household_spending_yoy,Household Spending (YoY),Growth,2,machine_tool_orders_yoy,Machine Tool Orders (YoY),Growth,3,75,0.5561931700941886,0.5561931700941886
FED,core_ppi_mom,Core PPI (MoM),Inflation,2,import_prices_mom,Import Prices (MoM),Inflation,3,29,0.5556222979781434,0.5556222979781434
RBA,rba_weighted_median_cpi_yoy,RBA Weighted Median CPI (YoY),Inflation,1,westpac_consumer_confidence_index,Westpac Consumer Confidence Index,Sentiment,2,23,-0.5554073358932832,0.5554073358932832
BOC,employment_change,Employment Change,Labor,1,raw_materials_prices_mom,Raw Materials Prices (MoM),Inflation,3,74,0.5552630621502351,0.5552630621502351
BOJ,balance_of_trade,Balance of Trade,Growth,2,ppi_yoy,PPI (YoY),Inflation,2,75,-0.5544093980222061,0.5544093980222061
BOJ,core_cpi_yoy,Core CPI (YoY),Inflation,1,services_pmi,S&P Global Services PMI,Growth,2,74,0.5538044393233368,0.5538044393233368
FED,ppi_mom,PPI (MoM),Inflation,2,retail_sales_yoy,Retail Sales (YoY),Growth,2,35,0.5536259032427148,0.5536259032427148
FED,core_ppi_yoy,Core PPI (YoY),Inflation,2,ppi_mom,PPI (MoM),Inflation,2,35,0.5532492495041365,0.5532492495041365
RBA,leading_index_mom,Leading Index (MoM),Growth,3,private_sector_credit_mom,Private Sector Credit (MoM),Growth,3,59,-0.5529975474269857,0.5529975474269857
BOC,ivey_pmi_sa,Ivey PMI s.a.,Growth,2,part_time_employment_change,Part-Time Employment Change,Labor,1,72,0.5522130619725834,0.5522130619725834
BOC,raw_materials_prices_mom,Raw Materials Prices (MoM),Inflation,3,vehicle_sales_mom,Vehicle Sales (MoM),Growth,3,20,-0.5518711589810069,0.5518711589810069
RBA,private_sector_credit_mom,Private Sector Credit (MoM),Growth,3,unemployment_rate,Unemployment Rate,Labor,1,73,-0.5518679199405822,0.5518679199405822
BOJ,gdp_qoq,GDP (QoQ),Growth,1,retail_sales_yoy,Retail Sales (YoY),Growth,2,24,0.5518438883032651,0.5518438883032651
BOJ,imports_yoy,Imports (YoY),Growth,2,machinery_orders_yoy,Machinery Orders (YoY),Growth,2,75,0.5515185284371108,0.5515185284371108
BOJ,retail_sales_yoy,Retail Sales (YoY),Growth,2,tankan_small_manufacturers_index,Tankan Small Manufacturers Index,Sentiment,2,24,0.5513344676450695,0.5513344676450695
FED,challenger_job_cuts,Challenger Job Cuts,Labor,3,ppi_mom,PPI (MoM),Inflation,2,33,-0.5503878893457306,0.5503878893457306
BOJ,household_spending_yoy,Household Spending (YoY),Growth,2,manufacturing_pmi,S&P Global Manufacturing PMI,Growth,2,75,0.550197068362362,0.550197068362362
RBA,composite_pmi,Composite PMI,Growth,2,manufacturing_pmi,Manufacturing PMI,Growth,2,57,0.5500513108036246,0.5500513108036246
BOE,avg_earnings_incl_bonus,Average Earnings (incl. Bonus),Labor,2,cbi_industrial_trends_orders,CBI Industrial Trends Orders,Sentiment,3,73,0.5487952308593814,0.5487952308593814
FED,cpi_index,CPI Index,Inflation,2,ism_manufacturing_prices,ISM Manufacturing Prices Paid,Growth,2,27,-0.5487951123801337,0.5487951123801337
SNB,consumer_confidence,Consumer Confidence,Sentiment,2,producer_import_prices_mom,Producer & Import Prices (MoM),Inflation,2,37,0.5486957250905277,0.5486957250905277
FED,consumer_inflation_expectations,Consumer Inflation Expectations,Inflation,2,pce_price_index_mom,PCE Price Index (MoM),Inflation,1,30,0.5486811768582097,0.5486811768582097
FED,import_prices_mom,Import Prices (MoM),Inflation,3,ism_manufacturing_pmi,ISM Manufacturing PMI,Growth,1,30,0.5479093740868919,0.5479093740868919
FED,core_pce_price_index_mom,Core PCE Price Index (MoM),Inflation,1,import_prices_yoy,Import Prices (YoY),Inflation,3,35,0.5477542294350106,0.5477542294350106
FED,avg_hourly_earnings_yoy,Average Hourly Earnings (YoY),Labor,1,challenger_job_cuts,Challenger Job Cuts,Labor,3,34,0.5474611489353827,0.5474611489353827
BOC,ivey_pmi_sa,Ivey PMI s.a.,Growth,2,raw_materials_prices_yoy,Raw Materials Prices (YoY),Inflation,3,71,0.5470935960431537,0.5470935960431537
BOJ,leading_economic_index,Leading Economic Index,Growth,2,retail_sales_yoy,Retail Sales (YoY),Growth,2,75,0.5466650402017457,0.5466650402017457
BOC,balance_of_trade,Balance of Trade,Trade,2,manufacturing_pmi,Manufacturing PMI,Growth,2,48,0.5462781467639933,0.5462781467639933
BOE,nationwide_hpi_yoy,Nationwide House Prices (YoY),Housing,3,ppi_output_yoy,PPI Output (YoY),Inflation,3,67,0.545539853027125,0.545539853027125
RBNZ,cpi_headline_qoq,Headline CPI (QoQ),Inflation,1,employment_change_qoq,Employment Change (QoQ),Labor,1,22,0.545176600718127,0.545176600718127
FED,cpi_index,CPI Index,Inflation,2,umich_inflation_exp_5y,UMich 5Y Inflation Expectations,Inflation,2,27,0.5449036246465221,0.5449036246465221
FED,export_prices_mom,Export Prices (MoM),Inflation,3,ppi_yoy,PPI (YoY),Inflation,2,34,0.5448773426240247,0.5448773426240247
BOJ,cpi_ex_food_energy_yoy,CPI Ex Food and Energy (YoY),Inflation,1,unemployment_rate,Unemployment Rate,Labor,2,74,-0.5448170361976659,0.5448170361976659
BOC,cpi_headline_yoy,Headline CPI (YoY),Inflation,1,manufacturing_pmi,Manufacturing PMI,Growth,2,49,0.5443208054147515,0.5443208054147515
FED,import_prices_mom,Import Prices (MoM),Inflation,3,ism_manufacturing_new_orders,ISM Manufacturing New Orders,Growth,2,30,0.5441919110950473,0.5441919110950473
FED,core_pce_price_index_yoy,Core PCE Price Index (YoY),Inflation,1,cpi_headline_mom,Headline CPI (MoM),Inflation,2,31,0.5439508060427372,0.5439508060427372
BOE,core_rpi_yoy,Core RPI (YoY),Inflation,3,unemployment_rate,Unemployment Rate,Labor,1,23,0.543893096897281,0.543893096897281
FED,core_ppi_yoy,Core PPI (YoY),Inflation,2,ism_manufacturing_prices,ISM Manufacturing Prices Paid,Growth,2,32,0.543891878959598,0.543891878959598
RBA,leading_index_mom,Leading Index (MoM),Growth,3,part_time_employment_change,Part-Time Employment Change,Labor,1,62,0.5436222017197829,0.5436222017197829
BOE,gdp_yoy,GDP (YoY),Growth,1,ppi_input_yoy,PPI Input (YoY),Inflation,3,64,0.5434789361674808,0.5434789361674808
FED,ism_services_employment,ISM Services Employment,Growth,2,manufacturing_payrolls,Manufacturing Payrolls,Labor,2,26,0.5434303234966666,0.5434303234966666
FED,core_cpi_mom,Core CPI (MoM),Inflation,1,core_ppi_mom,Core PPI (MoM),Inflation,2,29,0.5431411941084473,0.5431411941084473
FED,core_pce_price_index_mom,Core PCE Price Index (MoM),Inflation,1,cpi_index,CPI Index,Inflation,2,26,-0.5431263839067819,0.5431263839067819
BOJ,exports_yoy,Exports (YoY),Growth,2,ppi_mom,PPI (MoM),Inflation,2,68,0.5428778999445789,0.5428778999445789
BOC,cpi_headline_mom,Headline CPI (MoM),Inflation,2,raw_materials_prices_mom,Raw Materials Prices (MoM),Inflation,3,70,0.5427879805423499,0.5427879805423499
FED,ppi_mom,PPI (MoM),Inflation,2,private_nonfarm_payrolls,Private Nonfarm Payrolls,Labor,2,34,0.5426521824612408,0.5426521824612408
FED,nfp,Non-Farm Payrolls,Labor,1,ppi_mom,PPI (MoM),Inflation,2,34,0.5420295191403184,0.5420295191403184
FED,cpi_headline_mom,Headline CPI (MoM),Inflation,2,government_payrolls,Government Payrolls,Labor,2,31,0.5417846725994424,0.5417846725994424
RBA,cpi_headline_qoq,Headline CPI (QoQ),Inflation,1,imports_mom,Imports (MoM),Trade,2,25,0.5415537594508333,0.5415537594508333
FED,manufacturing_payrolls,Manufacturing Payrolls,Labor,2,sp_global_manufacturing_pmi,S&P Global Manufacturing PMI,Growth,2,21,0.5412188194192287,0.5412188194192287
FED,cpi_index,CPI Index,Inflation,2,pce_price_index_mom,PCE Price Index (MoM),Inflation,1,24,-0.5412015121619329,0.5412015121619329
BOJ,ppi_yoy,PPI (YoY),Inflation,2,reuters_tankan_index,Reuters Tankan Index,Sentiment,2,74,0.5411479095524393,0.5411479095524393
FED,cpi_headline_yoy,Headline CPI (YoY),Inflation,1,cpi_index,CPI Index,Inflation,2,28,-0.5409866883748096,0.5409866883748096
BOJ,machine_tool_orders_yoy,Machine Tool Orders (YoY),Growth,3,tankan_large_manufacturing_outlook,Tankan Large Manufacturing Outlook,Sentiment,2,25,0.5404728680694315,0.5404728680694315
BOE,niesr_monthly_gdp_tracker,NIESR Monthly GDP Tracker,Growth,2,retail_sales_yoy,Retail Sales (YoY),Growth,1,61,0.5402634648049863,0.5402634648049863
FED,challenger_job_cuts,Challenger Job Cuts,Labor,3,import_prices_yoy,Import Prices (YoY),Inflation,3,34,-0.5394176836799979,0.5394176836799979
FED,adp_employment_change,ADP Employment Change,Labor,2,ism_manufacturing_new_orders,ISM Manufacturing New Orders,Growth,2,33,0.5393694407589882,0.5393694407589882
FED,challenger_job_cuts,Challenger Job Cuts,Labor,3,pce_price_index_yoy,PCE Price Index (YoY),Inflation,1,33,-0.5393401871637873,0.5393401871637873
SNB,consumer_confidence,Consumer Confidence,Sentiment,2,economic_sentiment_index,Economic Sentiment Index,Sentiment,2,43,0.5391617522329075,0.5391617522329075
BOJ,household_spending_yoy,Household Spending (YoY),Growth,2,tankan_large_manufacturers_index,Tankan Large Manufacturers Index,Sentiment,2,25,0.5389896577645159,0.5389896577645159
FED,core_pce_price_index_mom,Core PCE Price Index (MoM),Inflation,1,pce_price_index_yoy,PCE Price Index (YoY),Inflation,1,42,0.5389822415132477,0.5389822415132477
BOJ,cpi_index,Consumer Price Index,Inflation,2,tankan_large_non_manufacturing_index,Tankan Large Non-Manufacturing Index,Sentiment,2,24,0.538552538266351,0.538552538266351
FED,core_pce_price_index_mom,Core PCE Price Index (MoM),Inflation,1,import_prices_mom,Import Prices (MoM),Inflation,3,33,0.5384001580467637,0.5384001580467637
BOE,gdp_qoq,GDP (QoQ),Growth,1,retail_sales_yoy,Retail Sales (YoY),Growth,1,24,0.5376298308972484,0.5376298308972484
FED,export_prices_yoy,Export Prices (YoY),Inflation,3,ism_services_employment,ISM Services Employment,Growth,2,25,0.5375615043993851,0.5375615043993851
BOJ,eco_watchers_outlook,Eco Watchers Survey Outlook,Sentiment,2,gdp_qoq,GDP (QoQ),Growth,1,24,0.5373654190448626,0.5373654190448626
RBA,consumer_inflation_expectation,Consumer Inflation Expectation,Inflation,2,westpac_consumer_confidence_index,Westpac Consumer Confidence Index,Sentiment,2,74,-0.5365756592722035,0.5365756592722035
BOJ,eco_watchers_current,Eco Watchers Survey Current,Sentiment,2,tankan_large_non_manufacturing_index,Tankan Large Non-Manufacturing Index,Sentiment,2,25,0.5365419090246262,0.5365419090246262
BOJ,leading_economic_index,Leading Economic Index,Growth,2,leading_index_mom,Leading Index (MoM),Growth,2,22,0.536185337879387,0.536185337879387
BOC,new_housing_price_index_mom,New Housing Price Index (MoM),Housing,2,retail_sales_yoy,Retail Sales (YoY),Growth,2,62,0.5360557720729,0.5360557720729
RBA,producer_price_index_qoq,Producer Price Index (QoQ),Inflation,2,rba_weighted_median_cpi_yoy,RBA Weighted Median CPI (YoY),Inflation,1,24,0.535877373815066,0.535877373815066
FED,challenger_job_cuts,Challenger Job Cuts,Labor,3,core_pce_price_index_yoy,Core PCE Price Index (YoY),Inflation,1,33,-0.5358081400184745,0.5358081400184745
FED,core_pce_price_index_yoy,Core PCE Price Index (YoY),Inflation,1,umich_consumer_sentiment,UMich Consumer Sentiment,Sentiment,2,32,-0.5353859230160877,0.5353859230160877
RBA,producer_price_index_qoq,Producer Price Index (QoQ),Inflation,2,rba_trimmed_mean_cpi_yoy,RBA Trimmed Mean CPI (YoY),Inflation,1,25,0.5344653853206777,0.5344653853206777
BOE,consumer_confidence,Consumer Confidence,Sentiment,3,unemployment_rate,Unemployment Rate,Labor,1,74,0.5343141542286793,0.5343141542286793
BOE,cbi_industrial_trends_orders,CBI Industrial Trends Orders,Sentiment,3,industrial_production_yoy,Industrial Production (YoY),Growth,2,74,0.5338874993346119,0.5338874993346119
RBA,employment_change,Employment Change,Labor,1,producer_price_index_qoq,Producer Price Index (QoQ),Inflation,2,24,0.5329764200702239,0.5329764200702239
FED,average_weekly_hours,Average Weekly Hours,Labor,2,umich_consumer_sentiment,UMich Consumer Sentiment,Sentiment,2,33,0.5329657600010379,0.5329657600010379
FED,cpi_headline_yoy,Headline CPI (YoY),Inflation,1,unemployment_rate,Unemployment Rate,Labor,1,35,-0.5327349228268373,0.5327349228268373
BOE,cpi_headline_mom,Headline CPI (MoM),Inflation,2,ppi_input_yoy,PPI Input (YoY),Inflation,3,60,0.5326044654445545,0.5326044654445545
RBNZ,balance_of_trade,Balance of Trade,Growth,2,cpi_headline_qoq,Headline CPI (QoQ),Inflation,1,25,-0.5318914281850583,0.5318914281850583
BOC,cfib_business_barometer,CFIB Business Barometer,Sentiment,2,new_housing_price_index_yoy,New Housing Price Index (YoY),Housing,2,41,0.5314265798477816,0.5314265798477816
FED,import_prices_mom,Import Prices (MoM),Inflation,3,private_nonfarm_payrolls,Private Nonfarm Payrolls,Labor,2,32,0.531374143641059,0.531374143641059
BOE,gdp_qoq,GDP (QoQ),Growth,1,retail_sales_ex_fuel_yoy,Retail Sales Ex Fuel (YoY),Growth,2,24,0.531143414165677,0.531143414165677
BOJ,manufacturing_pmi,S&P Global Manufacturing PMI,Growth,2,ppi_mom,PPI (MoM),Inflation,2,68,0.5310456509959033,0.5310456509959033
FED,import_prices_mom,Import Prices (MoM),Inflation,3,manufacturing_payrolls,Manufacturing Payrolls,Labor,2,32,0.5302955232900234,0.5302955232900234
FED,jobless_claims_4week_average,Jobless Claims 4-Week Average,Labor,2,redbook_yoy,Redbook Retail Sales (YoY),Growth,3,164,-0.5300036626224791,0.5300036626224791
BOJ,consumer_confidence,Consumer Confidence,Sentiment,2,eco_watchers_outlook,Eco Watchers Survey Outlook,Sentiment,2,76,0.5294896622058938,0.5294896622058938
BOJ,industrial_production_yoy,Industrial Production (YoY),Growth,2,retail_sales_yoy,Retail Sales (YoY),Growth,2,75,0.5291881029540321,0.5291881029540321
BOJ,ppi_yoy,PPI (YoY),Inflation,2,tankan_large_all_industry_capex,Tankan Large All Industry Capex,Sentiment,2,25,0.5290401835076389,0.5290401835076389
FED,import_prices_mom,Import Prices (MoM),Inflation,3,ism_manufacturing_employment,ISM Manufacturing Employment,Growth,2,30,0.5288780074180878,0.5288780074180878
BOC,cpi_headline_yoy,Headline CPI (YoY),Inflation,1,exports,Exports,Trade,2,75,0.5277422529062489,0.5277422529062489
FED,core_pce_price_index_mom,Core PCE Price Index (MoM),Inflation,1,export_prices_mom,Export Prices (MoM),Inflation,3,34,0.5277176891503931,0.5277176891503931
BOJ,eco_watchers_outlook,Eco Watchers Survey Outlook,Sentiment,2,retail_sales_yoy,Retail Sales (YoY),Growth,2,75,0.5276141597095426,0.5276141597095426
FED,import_prices_mom,Import Prices (MoM),Inflation,3,nfp,Non-Farm Payrolls,Labor,1,32,0.5272135469307728,0.5272135469307728
BOE,consumer_confidence,Consumer Confidence,Sentiment,3,retail_sales_yoy,Retail Sales (YoY),Growth,1,72,0.5271832989273036,0.5271832989273036
SNB,producer_import_prices_mom,Producer & Import Prices (MoM),Inflation,2,producer_import_prices_yoy,Producer & Import Prices (YoY),Inflation,2,68,0.5266311085087038,0.5266311085087038
FED,adp_employment_change,ADP Employment Change,Labor,2,retail_sales_mom,Retail Sales (MoM),Growth,1,30,0.5264577599261564,0.5264577599261564
FED,core_cpi_mom,Core CPI (MoM),Inflation,1,ppi_mom,PPI (MoM),Inflation,2,32,0.5263896071470682,0.5263896071470682
BOJ,consumer_confidence,Consumer Confidence,Sentiment,2,eco_watchers_current,Eco Watchers Survey Current,Sentiment,2,76,0.5258527748813416,0.5258527748813416
FED,core_cpi_mom,Core CPI (MoM),Inflation,1,unemployment_rate,Unemployment Rate,Labor,1,33,-0.525755929971193,0.525755929971193
FED,nfp,Non-Farm Payrolls,Labor,1,pce_price_index_mom,PCE Price Index (MoM),Inflation,1,30,0.5256350520790545,0.5256350520790545
BOJ,cpi_headline_yoy,Headline CPI (YoY),Inflation,1,tankan_small_manufacturers_index,Tankan Small Manufacturers Index,Sentiment,2,24,0.5254346394678546,0.5254346394678546
FED,cpi_headline_mom,Headline CPI (MoM),Inflation,2,nfp,Non-Farm Payrolls,Labor,1,31,0.5253327467389477,0.5253327467389477
FED,average_weekly_hours,Average Weekly Hours,Labor,2,ppi_mom,PPI (MoM),Inflation,2,34,0.5253211044038603,0.5253211044038603
ECB,construction_output_yoy,Construction Output (YoY),Growth,2,economic_sentiment,Economic Sentiment,Sentiment,2,74,0.5252307624120944,0.5252307624120944
BOJ,core_cpi_yoy,Core CPI (YoY),Inflation,1,tankan_small_manufacturers_index,Tankan Small Manufacturers Index,Sentiment,2,24,0.5251393473607148,0.5251393473607148
FED,export_prices_yoy,Export Prices (YoY),Inflation,3,import_prices_mom,Import Prices (MoM),Inflation,3,36,0.5245135621642432,0.5245135621642432
BOC,ppi_yoy,PPI (YoY),Inflation,2,retail_sales_yoy,Retail Sales (YoY),Growth,2,73,0.5241653293313346,0.5241653293313346
BOJ,reuters_tankan_index,Reuters Tankan Index,Sentiment,2,services_pmi,S&P Global Services PMI,Growth,2,76,0.5239454375657062,0.5239454375657062
BOJ,reuters_tankan_index,Reuters Tankan Index,Sentiment,2,tankan_large_non_manufacturing_index,Tankan Large Non-Manufacturing Index,Sentiment,2,25,0.5239434890301027,0.5239434890301027
BOJ,household_spending_mom,Household Spending (MoM),Growth,2,tertiary_industry_index_mom,Tertiary Industry Index (MoM),Growth,2,75,0.5238085706387728,0.5238085706387728
BOE,consumer_confidence,Consumer Confidence,Sentiment,3,ppi_output_yoy,PPI Output (YoY),Inflation,3,67,-0.5223874271466723,0.5223874271466723
FED,consumer_inflation_expectations,Consumer Inflation Expectations,Inflation,2,cpi_index,CPI Index,Inflation,2,28,-0.5221168074553747,0.5221168074553747
BOE,industrial_production_yoy,Industrial Production (YoY),Growth,2,niesr_monthly_gdp_tracker,NIESR Monthly GDP Tracker,Growth,2,63,0.5214340313868104,0.5214340313868104
BOE,nationwide_hpi_yoy,Nationwide House Prices (YoY),Housing,3,ppi_core_output_yoy,PPI Core Output (YoY),Inflation,3,66,0.5212436892250503,0.5212436892250503
FED,nfib_business_optimism,NFIB Business Optimism Index,Sentiment,3,ny_empire_state_mfg,NY Empire State Manufacturing Index,Growth,2,26,0.5211702732701888,0.5211702732701888
FED,avg_hourly_earnings_yoy,Average Hourly Earnings (YoY),Labor,1,core_pce_price_index_mom,Core PCE Price Index (MoM),Inflation,1,31,-0.5210815112505793,0.5210815112505793
FED,average_weekly_hours,Average Weekly Hours,Labor,2,core_cpi_mom,Core CPI (MoM),Inflation,1,33,0.5207146631901406,0.5207146631901406
FED,core_ppi_mom,Core PPI (MoM),Inflation,2,pce_price_index_yoy,PCE Price Index (YoY),Inflation,1,31,0.5206429887276919,0.5206429887276919
BOE,avg_earnings_incl_bonus,Average Earnings (incl. Bonus),Labor,2,retail_price_index_yoy,Retail Price Index (YoY),Inflation,3,74,0.5206284432186569,0.5206284432186569
FED,pce_price_index_mom,PCE Price Index (MoM),Inflation,1,private_nonfarm_payrolls,Private Nonfarm Payrolls,Labor,2,30,0.5205561800526594,0.5205561800526594
BOE,niesr_monthly_gdp_tracker,NIESR Monthly GDP Tracker,Growth,2,retail_sales_ex_fuel_yoy,Retail Sales Ex Fuel (YoY),Growth,2,63,0.5204788166766237,0.5204788166766237
FED,core_pce_price_index_mom,Core PCE Price Index (MoM),Inflation,1,ppi_yoy,PPI (YoY),Inflation,2,33,0.520460029842802,0.520460029842802
SNB,gdp_qoq,GDP (QoQ),Growth,1,retail_sales_yoy,Retail Sales (YoY),Growth,2,22,0.5201598732438439,0.5201598732438439
BOE,ppi_core_output_yoy,PPI Core Output (YoY),Inflation,3,ppi_output_mom,PPI Output (MoM),Inflation,3,58,0.5200212324683978,0.5200212324683978
BOE,avg_earnings_excl_bonus,Average Earnings (excl. Bonus),Labor,1,industrial_production_yoy,Industrial Production (YoY),Growth,2,74,0.5198271421095437,0.5198271421095437
RBA,import_price_index_qoq,Import Price Index (QoQ),Inflation,2,producer_price_index_qoq,Producer Price Index (QoQ),Inflation,2,25,0.5195030517518673,0.5195030517518673
RBA,ai_group_construction_index,Ai Group Construction Index,Growth,3,westpac_consumer_confidence_index,Westpac Consumer Confidence Index,Sentiment,2,69,0.519471445498619,0.519471445498619
BOC,gdp_mom,GDP (MoM),Growth,1,ivey_pmi_sa,Ivey PMI s.a.,Growth,2,67,0.5193426799809948,0.5193426799809948
BOE,cbi_industrial_trends_orders,CBI Industrial Trends Orders,Sentiment,3,retail_price_index_yoy,Retail Price Index (YoY),Inflation,3,75,0.5185106152248318,0.5185106152248318
BOE,composite_pmi,Composite PMI,Growth,2,manufacturing_pmi,Manufacturing PMI,Growth,2,29,0.5172412783971417,0.5172412783971417
FED,government_payrolls,Government Payrolls,Labor,2,philly_fed_mfg,Philadelphia Fed Manufacturing Index,Growth,2,27,0.5168424844317805,0.5168424844317805
BOC,full_time_employment_change,Full-Time Employment Change,Labor,1,raw_materials_prices_mom,Raw Materials Prices (MoM),Inflation,3,74,0.5167833501804996,0.5167833501804996
BOJ,coincident_index,Coincident Index,Growth,2,reuters_tankan_index,Reuters Tankan Index,Sentiment,2,74,0.5167201693375533,0.5167201693375533
BOE,manufacturing_pmi,Manufacturing PMI,Growth,2,public_sector_net_borrowing,Public Sector Net Borrowing,Growth,3,23,-0.516679893886805,0.516679893886805
BOC,ivey_pmi_sa,Ivey PMI s.a.,Growth,2,manufacturing_pmi,Manufacturing PMI,Growth,2,45,0.5166200419241599,0.5166200419241599
FED,import_prices_mom,Import Prices (MoM),Inflation,3,sp_global_composite_pmi,S&P Global Composite PMI,Growth,2,20,0.5165397192835651,0.5165397192835651
BOJ,household_spending_mom,Household Spending (MoM),Growth,2,retail_sales_mom,Retail Sales (MoM),Growth,2,75,0.5162997099347445,0.5162997099347445
FED,cpi_headline_mom,Headline CPI (MoM),Inflation,2,private_nonfarm_payrolls,Private Nonfarm Payrolls,Labor,2,31,0.5162843201482267,0.5162843201482267
ECB,gdp_qoq,GDP (QoQ),Growth,1,manufacturing_pmi,Manufacturing PMI,Growth,2,21,0.5162218925829313,0.5162218925829313
RBA,private_sector_credit_mom,Private Sector Credit (MoM),Growth,3,rba_trimmed_mean_cpi_qoq,RBA Trimmed Mean CPI (QoQ),Inflation,1,22,0.5159964756310983,0.5159964756310983
RBA,commodity_prices_yoy,Commodity Prices (YoY),Inflation,3,private_sector_credit_mom,Private Sector Credit (MoM),Growth,3,52,0.5154739772515663,0.5154739772515663
RBA,housing_credit_mom,Housing Credit (MoM),Growth,3,thomson_reuters_ipsos_pcsi,Thomson Reuters IPSOS PCSI,Sentiment,3,19,0.5152349500013018,0.5152349500013018
FED,core_cpi_mom,Core CPI (MoM),Inflation,1,core_cpi_yoy,Core CPI (YoY),Inflation,1,34,0.5152023024870142,0.5152023024870142
BOJ,cpi_ex_food_energy_yoy,CPI Ex Food and Energy (YoY),Inflation,1,services_pmi,S&P Global Services PMI,Growth,2,75,0.5149448177438398,0.5149448177438398
SNB,cpi_headline_mom,Headline CPI (MoM),Inflation,2,producer_import_prices_mom,Producer & Import Prices (MoM),Inflation,2,51,0.5147441006479658,0.5147441006479658
BOE,cpi_headline_mom,Headline CPI (MoM),Inflation,2,ppi_output_yoy,PPI Output (YoY),Inflation,3,60,0.5145242546686917,0.5145242546686917
FED,cpi_index,CPI Index,Inflation,2,manufacturing_payrolls,Manufacturing Payrolls,Labor,2,28,-0.514414597221528,0.514414597221528
BOE,gdp_qoq,GDP (QoQ),Growth,1,industrial_production_yoy,Industrial Production (YoY),Growth,2,24,0.5141254663100756,0.5141254663100756
FED,ism_services_employment,ISM Services Employment,Growth,2,participation_rate,Labor Force Participation Rate,Labor,2,26,0.5137947514341894,0.5137947514341894
BOC,cpi_headline_yoy,Headline CPI (YoY),Inflation,1,raw_materials_prices_yoy,Raw Materials Prices (YoY),Inflation,3,75,0.5135479110945753,0.5135479110945753
FED,challenger_job_cuts,Challenger Job Cuts,Labor,3,ism_manufacturing_pmi,ISM Manufacturing PMI,Growth,1,33,-0.5133953239713998,0.5133953239713998
FED,ism_manufacturing_employment,ISM Manufacturing Employment,Growth,2,ppi_yoy,PPI (YoY),Inflation,2,32,0.5131459930115518,0.5131459930115518
BOE,ppi_output_mom,PPI Output (MoM),Inflation,3,ppi_output_yoy,PPI Output (YoY),Inflation,3,58,0.5127275089050902,0.5127275089050902
RBA,manufacturing_pmi,Manufacturing PMI,Growth,2,services_pmi,Services PMI,Growth,2,59,0.512402510832783,0.512402510832783
BOE,ppi_core_output_yoy,PPI Core Output (YoY),Inflation,3,services_pmi,Services PMI,Growth,1,21,-0.5123269768607149,0.5123269768607149
ECB,consumer_inflation_expectation,Consumer Inflation Expectation,Inflation,2,cpi_headline_yoy,Headline HICP (YoY),Inflation,1,76,0.5123233005125636,0.5123233005125636
FED,challenger_job_cuts,Challenger Job Cuts,Labor,3,cpi_headline_yoy,Headline CPI (YoY),Inflation,1,35,-0.5120041855551989,0.5120041855551989
FED,cpi_headline_mom,Headline CPI (MoM),Inflation,2,manufacturing_payrolls,Manufacturing Payrolls,Labor,2,31,0.5118114333832344,0.5118114333832344
FED,manufacturing_payrolls,Manufacturing Payrolls,Labor,2,pce_price_index_mom,PCE Price Index (MoM),Inflation,1,30,0.5116467603935274,0.5116467603935274
BOC,exports,Exports,Trade,2,vehicle_sales_mom,Vehicle Sales (MoM),Growth,3,20,-0.510379243303689,0.510379243303689
BOJ,household_spending_yoy,Household Spending (YoY),Growth,2,tankan_large_manufacturing_outlook,Tankan Large Manufacturing Outlook,Sentiment,2,25,0.5102053188167599,0.5102053188167599
BOE,ppi_core_output_yoy,PPI Core Output (YoY),Inflation,3,unemployment_rate,Unemployment Rate,Labor,1,66,-0.5094652644539993,0.5094652644539993
FED,challenger_job_cuts,Challenger Job Cuts,Labor,3,ppi_yoy,PPI (YoY),Inflation,2,34,-0.5093894410040315,0.5093894410040315
BOC,balance_of_trade,Balance of Trade,Trade,2,core_cpi_yoy,Core CPI (YoY),Inflation,1,75,0.5091802690711108,0.5091802690711108
FED,core_pce_price_index_mom,Core PCE Price Index (MoM),Inflation,1,core_pce_price_index_yoy,Core PCE Price Index (YoY),Inflation,1,42,0.5087092087796947,0.5087092087796947
BOJ,consumer_confidence,Consumer Confidence,Sentiment,2,tankan_large_non_manufacturing_index,Tankan Large Non-Manufacturing Index,Sentiment,2,25,0.5086802374240764,0.5086802374240764
BOC,exports,Exports,Trade,2,new_housing_price_index_mom,New Housing Price Index (MoM),Housing,2,64,-0.5085985277009418,0.5085985277009418
RBA,commodity_prices_yoy,Commodity Prices (YoY),Inflation,3,cpi_headline_yoy,Headline CPI (YoY),Inflation,1,20,0.5084359702815391,0.5084359702815391
BOE,avg_earnings_incl_bonus,Average Earnings (incl. Bonus),Labor,2,cpi_headline_yoy,Headline CPI (YoY),Inflation,1,74,0.5072715927350978,0.5072715927350978
BOJ,composite_pmi,S&P Global Composite PMI,Growth,2,industrial_production_yoy,Industrial Production (YoY),Growth,2,72,0.5072517169307109,0.5072517169307109
FED,export_prices_yoy,Export Prices (YoY),Inflation,3,ism_manufacturing_employment,ISM Manufacturing Employment,Growth,2,32,0.5072489526096197,0.5072489526096197
BOC,full_time_employment_change,Full-Time Employment Change,Labor,1,ivey_pmi_sa,Ivey PMI s.a.,Growth,2,72,0.5065220909927396,0.5065220909927396
BOC,raw_materials_prices_mom,Raw Materials Prices (MoM),Inflation,3,wholesale_sales_mom,Wholesale Sales (MoM),Growth,2,73,0.5063434833303949,0.5063434833303949
BOJ,core_cpi_yoy,Core CPI (YoY),Inflation,1,tankan_large_all_industry_capex,Tankan Large All Industry Capex,Sentiment,2,25,0.5060048617068248,0.5060048617068248
RBA,private_sector_credit_mom,Private Sector Credit (MoM),Growth,3,rba_weighted_median_cpi_qoq,RBA Weighted Median CPI (QoQ),Inflation,1,21,0.5059916583594769,0.5059916583594769
BOJ,imports_yoy,Imports (YoY),Growth,2,ppi_mom,PPI (MoM),Inflation,2,68,0.5052377428403712,0.5052377428403712
FED,ny_empire_state_mfg,NY Empire State Manufacturing Index,Growth,2,ppi_yoy,PPI (YoY),Inflation,2,25,0.5051064350468749,0.5051064350468749
ECB,manufacturing_pmi,Manufacturing PMI,Growth,2,unemployment_rate,Unemployment Rate,Labor,1,67,0.5050464140122023,0.5050464140122023
BOJ,tankan_non_manufacturing_outlook,Tankan Non-Manufacturing Outlook,Sentiment,2,unemployment_rate,Unemployment Rate,Labor,2,25,-0.5049405882607508,0.5049405882607508
FED,core_ppi_yoy,Core PPI (YoY),Inflation,2,cpi_index,CPI Index,Inflation,2,27,-0.5048453483972464,0.5048453483972464
SNB,gdp_qoq,GDP (QoQ),Growth,1,producer_import_prices_mom,Producer & Import Prices (MoM),Inflation,2,19,0.5048248378160436,0.5048248378160436
BOJ,eco_watchers_current,Eco Watchers Survey Current,Sentiment,2,tertiary_industry_index_mom,Tertiary Industry Index (MoM),Growth,2,74,0.5041426179214983,0.5041426179214983
BOE,cpi_headline_mom,Headline CPI (MoM),Inflation,2,ppi_core_output_yoy,PPI Core Output (YoY),Inflation,3,59,0.5041390414478236,0.5041390414478236
BOJ,imports_yoy,Imports (YoY),Growth,2,industrial_production_yoy,Industrial Production (YoY),Growth,2,75,0.5039825166055413,0.5039825166055413
RBA,ai_group_manufacturing_index,Ai Group Manufacturing Index,Growth,3,manufacturing_pmi,Manufacturing PMI,Growth,2,53,0.5039737046853148,0.5039737046853148
FED,core_pce_price_index_yoy,Core PCE Price Index (YoY),Inflation,1,pce_price_index_mom,PCE Price Index (MoM),Inflation,1,40,0.5039450265871451,0.5039450265871451
RBA,ai_group_manufacturing_index,Ai Group Manufacturing Index,Growth,3,export_price_index_qoq,Export Price Index (QoQ),Inflation,2,23,0.503850003155766,0.503850003155766
FED,core_cpi_mom,Core CPI (MoM),Inflation,1,nfp,Non-Farm Payrolls,Labor,1,33,0.5037939495679121,0.5037939495679121
BOC,core_cpi_yoy,Core CPI (YoY),Inflation,1,exports,Exports,Trade,2,75,0.5037036376149876,0.5037036376149876
FED,challenger_job_cuts,Challenger Job Cuts,Labor,3,ism_manufacturing_prices,ISM Manufacturing Prices Paid,Growth,2,33,-0.5031148896528357,0.5031148896528357
BOE,avg_earnings_excl_bonus,Average Earnings (excl. Bonus),Labor,1,retail_price_index_yoy,Retail Price Index (YoY),Inflation,3,73,0.502718286781946,0.502718286781946
RBA,composite_pmi,Composite PMI,Growth,2,housing_credit_mom,Housing Credit (MoM),Growth,3,38,0.5022985754822242,0.5022985754822242
BOJ,household_spending_yoy,Household Spending (YoY),Growth,2,reuters_tankan_index,Reuters Tankan Index,Sentiment,2,74,0.5021976807161428,0.5021976807161428
BOJ,cpi_ex_food_energy_yoy,CPI Ex Food and Energy (YoY),Inflation,1,leading_economic_index,Leading Economic Index,Growth,2,74,0.5020690584317193,0.5020690584317193
FED,ism_manufacturing_employment,ISM Manufacturing Employment,Growth,2,sp_global_manufacturing_pmi,S&P Global Manufacturing PMI,Growth,2,21,0.5020483234623166,0.5020483234623166
BOJ,consumer_confidence,Consumer Confidence,Sentiment,2,manufacturing_pmi,S&P Global Manufacturing PMI,Growth,2,76,0.5018181207872278,0.5018181207872278
RBNZ,balance_of_trade,Balance of Trade,Growth,2,cpi_headline_yoy,Headline CPI (YoY),Inflation,1,25,-0.5016265424346941,0.5016265424346941
RBA,rba_trimmed_mean_cpi_yoy,RBA Trimmed Mean CPI (YoY),Inflation,1,westpac_consumer_confidence_index,Westpac Consumer Confidence Index,Sentiment,2,24,-0.5013141644998965,0.5013141644998965
RBA,private_sector_credit_yoy,Private Sector Credit (YoY),Growth,3,producer_price_index_qoq,Producer Price Index (QoQ),Inflation,2,24,0.5010535920920324,0.5010535920920324
FED,adp_employment_change,ADP Employment Change,Labor,2,retail_sales_yoy,Retail Sales (YoY),Growth,2,33,0.5006415891969583,0.5006415891969583
FED,ism_manufacturing_prices,ISM Manufacturing Prices Paid,Growth,2,sp_global_composite_pmi,S&P Global Composite PMI,Growth,2,21,0.5005704208097672,0.5005704208097672
BOC,new_housing_price_index_mom,New Housing Price Index (MoM),Housing,2,raw_materials_prices_yoy,Raw Materials Prices (YoY),Inflation,3,64,0.5001508342421478,0.5001508342421478
BOC,cpi_headline_mom,Headline CPI (MoM),Inflation,2,ivey_pmi_sa,Ivey PMI s.a.,Growth,2,69,0.4999071012076347,0.4999071012076347
RBA,composite_pmi,Composite PMI,Growth,2,thomson_reuters_ipsos_pcsi,Thomson Reuters IPSOS PCSI,Sentiment,3,18,0.4998994258030544,0.4998994258030544
FED,avg_hourly_earnings_mom,Average Hourly Earnings (MoM),Labor,2,import_prices_mom,Import Prices (MoM),Inflation,3,32,-0.4997544589662501,0.4997544589662501
FED,core_pce_price_index_yoy,Core PCE Price Index (YoY),Inflation,1,government_payrolls,Government Payrolls,Labor,2,34,0.49957324773285694,0.49957324773285694
FED,avg_hourly_earnings_yoy,Average Hourly Earnings (YoY),Labor,1,core_cpi_mom,Core CPI (MoM),Inflation,1,32,-0.49940753690996564,0.49940753690996564
FED,ppi_yoy,PPI (YoY),Inflation,2,retail_sales_yoy,Retail Sales (YoY),Growth,2,36,0.499270715373081,0.499270715373081
BOJ,coincident_index,Coincident Index,Growth,2,consumer_confidence,Consumer Confidence,Sentiment,2,75,0.499059544346417,0.499059544346417
FED,ism_services_employment,ISM Services Employment,Growth,2,ppi_mom,PPI (MoM),Inflation,2,25,0.49861500863742625,0.49861500863742625
BOE,ppi_output_yoy,PPI Output (YoY),Inflation,3,unemployment_rate,Unemployment Rate,Labor,1,67,-0.497719743451131,0.497719743451131
FED,avg_hourly_earnings_mom,Average Hourly Earnings (MoM),Labor,2,core_pce_price_index_mom,Core PCE Price Index (MoM),Inflation,1,32,-0.4975517888546443,0.4975517888546443
BOE,consumer_confidence,Consumer Confidence,Sentiment,3,retail_sales_ex_fuel_yoy,Retail Sales Ex Fuel (YoY),Growth,2,74,0.4975397065374986,0.4975397065374986
BOJ,eco_watchers_outlook,Eco Watchers Survey Outlook,Sentiment,2,tertiary_industry_index_mom,Tertiary Industry Index (MoM),Growth,2,74,0.4973060721895074,0.4973060721895074
FED,challenger_job_cuts,Challenger Job Cuts,Labor,3,export_prices_mom,Export Prices (MoM),Inflation,3,33,-0.49706896056522376,0.49706896056522376
BOC,balance_of_trade,Balance of Trade,Trade,2,ppi_yoy,PPI (YoY),Inflation,2,75,0.4968849301323377,0.4968849301323377
FED,ism_manufacturing_employment,ISM Manufacturing Employment,Growth,2,pce_price_index_yoy,PCE Price Index (YoY),Inflation,1,31,0.49684500777771856,0.49684500777771856
BOC,part_time_employment_change,Part-Time Employment Change,Labor,1,raw_materials_prices_mom,Raw Materials Prices (MoM),Inflation,3,74,0.4965580365859682,0.4965580365859682
BOJ,cpi_headline_yoy,Headline CPI (YoY),Inflation,1,tankan_large_all_industry_capex,Tankan Large All Industry Capex,Sentiment,2,25,0.49638086457032415,0.49638086457032415
BOJ,balance_of_trade,Balance of Trade,Growth,2,imports_yoy,Imports (YoY),Growth,2,76,-0.49615748775200574,0.49615748775200574
RBA,export_price_index_qoq,Export Price Index (QoQ),Inflation,2,import_price_index_qoq,Import Price Index (QoQ),Inflation,2,25,0.49575615365114784,0.49575615365114784
BOJ,reuters_tankan_index,Reuters Tankan Index,Sentiment,2,tankan_large_all_industry_capex,Tankan Large All Industry Capex,Sentiment,2,25,0.4957047274423765,0.4957047274423765
BOE,consumer_confidence,Consumer Confidence,Sentiment,3,core_cpi_yoy,Core CPI (YoY),Inflation,1,75,-0.4950075252279345,0.4950075252279345
FED,consumer_inflation_expectations,Consumer Inflation Expectations,Inflation,2,core_cpi_mom,Core CPI (MoM),Inflation,1,34,0.4949890863053725,0.4949890863053725
FED,challenger_job_cuts,Challenger Job Cuts,Labor,3,import_prices_mom,Import Prices (MoM),Inflation,3,32,-0.49480420989802304,0.49480420989802304
BOE,cpi_headline_yoy,Headline CPI (YoY),Inflation,1,manufacturing_pmi,Manufacturing PMI,Growth,2,28,-0.4946036330703167,0.4946036330703167
BOJ,cpi_index,Consumer Price Index,Inflation,2,tankan_non_manufacturing_outlook,Tankan Non-Manufacturing Outlook,Sentiment,2,24,0.4942579072970215,0.4942579072970215
BOC,core_cpi_mom,Core CPI (MoM),Inflation,2,new_housing_price_index_yoy,New Housing Price Index (YoY),Housing,2,33,0.4937382955180063,0.4937382955180063
BOJ,composite_pmi,S&P Global Composite PMI,Growth,2,household_spending_yoy,Household Spending (YoY),Growth,2,72,0.49364446446745086,0.49364446446745086
BOJ,industrial_production_yoy,Industrial Production (YoY),Growth,2,leading_economic_index,Leading Economic Index,Growth,2,76,0.4933209297692297,0.4933209297692297
BOJ,tankan_large_all_industry_capex,Tankan Large All Industry Capex,Sentiment,2,tankan_large_manufacturing_outlook,Tankan Large Manufacturing Outlook,Sentiment,2,25,0.4931092934755558,0.4931092934755558
ECB,cpi_index,Consumer Price Index,Inflation,2,economic_sentiment,Economic Sentiment,Sentiment,2,50,-0.4930059643144641,0.4930059643144641
FED,ppi_mom,PPI (MoM),Inflation,2,retail_sales_mom,Retail Sales (MoM),Growth,1,32,0.4927239933374742,0.4927239933374742
BOE,ppi_input_mom,PPI Input (MoM),Inflation,3,retail_sales_mom,Retail Sales (MoM),Growth,1,63,0.4926923485137147,0.4926923485137147
BOJ,ppi_yoy,PPI (YoY),Inflation,2,tankan_small_manufacturers_index,Tankan Small Manufacturers Index,Sentiment,2,24,0.49261876208997735,0.49261876208997735
RBA,ai_group_manufacturing_index,Ai Group Manufacturing Index,Growth,3,westpac_consumer_confidence_index,Westpac Consumer Confidence Index,Sentiment,2,69,0.49261037115194567,0.49261037115194567
RBA,balance_of_trade,Balance of Trade,Trade,2,rba_weighted_median_cpi_qoq,RBA Weighted Median CPI (QoQ),Inflation,1,23,0.4925397064317769,0.4925397064317769
FED,adp_employment_change,ADP Employment Change,Labor,2,import_prices_mom,Import Prices (MoM),Inflation,3,31,0.4925140197776932,0.4925140197776932
BOJ,manufacturing_pmi,S&P Global Manufacturing PMI,Growth,2,services_pmi,S&P Global Services PMI,Growth,2,77,0.4922511522948311,0.4922511522948311
FED,core_ppi_yoy,Core PPI (YoY),Inflation,2,export_prices_mom,Export Prices (MoM),Inflation,3,34,0.4922348264276876,0.4922348264276876
FED,challenger_job_cuts,Challenger Job Cuts,Labor,3,core_ppi_mom,Core PPI (MoM),Inflation,2,30,-0.4921112156859225,0.4921112156859225
BOC,ivey_pmi_sa,Ivey PMI s.a.,Growth,2,retail_sales_yoy,Retail Sales (YoY),Growth,2,72,0.49186636294247904,0.49186636294247904
BOJ,cpi_headline_yoy,Headline CPI (YoY),Inflation,1,leading_economic_index,Leading Economic Index,Growth,2,74,0.4915782262191398,0.4915782262191398
FED,challenger_job_cuts,Challenger Job Cuts,Labor,3,core_ppi_yoy,Core PPI (YoY),Inflation,2,34,-0.4902514314401945,0.4902514314401945
BOE,retail_price_index_mom,Retail Price Index (MoM),Inflation,3,retail_price_index_yoy,Retail Price Index (YoY),Inflation,3,72,0.49021467126491,0.49021467126491
BOE,retail_sales_ex_fuel_yoy,Retail Sales Ex Fuel (YoY),Growth,2,unemployment_rate,Unemployment Rate,Labor,1,75,0.4901345022152529,0.4901345022152529
ECB,consumer_confidence,Consumer Confidence,Sentiment,2,manufacturing_pmi,Manufacturing PMI,Growth,2,69,0.4900788041845952,0.4900788041845952
FED,core_ppi_mom,Core PPI (MoM),Inflation,2,cpi_headline_yoy,Headline CPI (YoY),Inflation,1,30,0.4897649606368018,0.4897649606368018
FED,nfp,Non-Farm Payrolls,Labor,1,sp_global_manufacturing_pmi,S&P Global Manufacturing PMI,Growth,2,21,0.48943993705043304,0.48943993705043304
BOJ,cpi_ex_food_energy_yoy,CPI Ex Food and Energy (YoY),Inflation,1,machine_tool_orders_yoy,Machine Tool Orders (YoY),Growth,3,75,-0.4893433268293361,0.4893433268293361
FED,core_cpi_mom,Core CPI (MoM),Inflation,1,private_nonfarm_payrolls,Private Nonfarm Payrolls,Labor,2,33,0.4893428376903306,0.4893428376903306
FED,avg_hourly_earnings_mom,Average Hourly Earnings (MoM),Labor,2,ppi_mom,PPI (MoM),Inflation,2,34,-0.48871166797018717,0.48871166797018717
BOE,cbi_industrial_trends_orders,CBI Industrial Trends Orders,Sentiment,3,cpi_headline_yoy,Headline CPI (YoY),Inflation,1,75,0.48851187636045285,0.48851187636045285
RBA,ai_group_services_index,Ai Group Services Index,Growth,3,imports_mom,Imports (MoM),Trade,2,34,0.4881598059097761,0.4881598059097761
FED,core_pce_price_index_yoy,Core PCE Price Index (YoY),Inflation,1,nfib_business_optimism,NFIB Business Optimism Index,Sentiment,3,33,-0.4881160502982046,0.4881160502982046
FED,core_pce_price_index_mom,Core PCE Price Index (MoM),Inflation,1,export_prices_yoy,Export Prices (YoY),Inflation,3,36,0.4879940435797436,0.4879940435797436
BOE,ppi_input_yoy,PPI Input (YoY),Inflation,3,services_pmi,Services PMI,Growth,1,21,-0.4878404133187867,0.4878404133187867
BOJ,industrial_production_mom,Industrial Production (MoM),Growth,2,leading_index_mom,Leading Index (MoM),Growth,2,22,0.48767952088715355,0.48767952088715355
BOJ,coincident_indicator_mom,Coincident Indicator (MoM),Growth,2,machinery_orders_yoy,Machinery Orders (YoY),Growth,2,22,0.4876018262754023,0.4876018262754023
BOE,ppi_core_output_mom,PPI Core Output (MoM),Inflation,3,ppi_input_mom,PPI Input (MoM),Inflation,3,54,0.48734124305422605,0.48734124305422605
FED,government_payrolls,Government Payrolls,Labor,2,retail_sales_yoy,Retail Sales (YoY),Growth,2,36,0.4871255023035043,0.4871255023035043
FED,average_weekly_hours,Average Weekly Hours,Labor,2,participation_rate,Labor Force Participation Rate,Labor,2,36,-0.4868584632983815,0.4868584632983815
BOE,avg_earnings_excl_bonus,Average Earnings (excl. Bonus),Labor,1,cpi_headline_yoy,Headline CPI (YoY),Inflation,1,73,0.486419451892151,0.486419451892151
ECB,cpi_index,Consumer Price Index,Inflation,2,manufacturing_pmi,Manufacturing PMI,Growth,2,42,-0.4861944911518987,0.4861944911518987
BOJ,exports_yoy,Exports (YoY),Growth,2,retail_sales_yoy,Retail Sales (YoY),Growth,2,75,0.48545120330640534,0.48545120330640534
BOE,ppi_output_mom,PPI Output (MoM),Inflation,3,retail_price_index_mom,Retail Price Index (MoM),Inflation,3,55,0.48534383467880554,0.48534383467880554
BOE,cbi_industrial_trends_orders,CBI Industrial Trends Orders,Sentiment,3,claimant_count_change,Claimant Count Change,Labor,2,75,-0.48510885214338323,0.48510885214338323
FED,average_weekly_hours,Average Weekly Hours,Labor,2,export_prices_mom,Export Prices (MoM),Inflation,3,33,0.4846589336642827,0.4846589336642827
FED,core_pce_price_index_mom,Core PCE Price Index (MoM),Inflation,1,core_ppi_yoy,Core PPI (YoY),Inflation,2,33,0.48442179907008814,0.48442179907008814
RBA,cpi_headline_qoq,Headline CPI (QoQ),Inflation,1,rba_trimmed_mean_cpi_yoy,RBA Trimmed Mean CPI (YoY),Inflation,1,24,0.4844058186680366,0.4844058186680366
ECB,unemployment_rate,Unemployment Rate,Labor,1,zew_economic_sentiment,ZEW Economic Sentiment Index,Sentiment,2,74,0.48403670245737834,0.48403670245737834
FED,avg_hourly_earnings_yoy,Average Hourly Earnings (YoY),Labor,1,ism_manufacturing_employment,ISM Manufacturing Employment,Growth,2,32,-0.4836736474315787,0.4836736474315787
BOE,cpi_headline_yoy,Headline CPI (YoY),Inflation,1,retail_price_index_mom,Retail Price Index (MoM),Inflation,3,72,0.48313214461506304,0.48313214461506304
BOJ,leading_economic_index,Leading Economic Index,Growth,2,manufacturing_pmi,S&P Global Manufacturing PMI,Growth,2,75,0.4830165286033995,0.4830165286033995
ECB,consumer_inflation_expectation,Consumer Inflation Expectation,Inflation,2,cpi_headline_mom,Headline HICP (MoM),Inflation,2,72,0.4829945270207617,0.4829945270207617
FED,export_prices_yoy,Export Prices (YoY),Inflation,3,michigan_inflation_expectations,Michigan Inflation Expectations,Inflation,2,33,0.48220494146827836,0.48220494146827836
FED,average_weekly_hours,Average Weekly Hours,Labor,2,cpi_headline_mom,Headline CPI (MoM),Inflation,2,31,0.48217289260274704,0.48217289260274704
RBA,ai_group_manufacturing_index,Ai Group Manufacturing Index,Growth,3,unemployment_rate,Unemployment Rate,Labor,1,70,0.4819309750373471,0.4819309750373471
BOE,hmrc_payrolls_change,HMRC Payrolls Change,Labor,2,retail_price_index_yoy,Retail Price Index (YoY),Inflation,3,41,0.4815755347120806,0.4815755347120806
BOC,balance_of_trade,Balance of Trade,Trade,2,raw_materials_prices_yoy,Raw Materials Prices (YoY),Inflation,3,75,0.4814831438920457,0.4814831438920457
BOJ,cpi_headline_yoy,Headline CPI (YoY),Inflation,1,eco_watchers_current,Eco Watchers Survey Current,Sentiment,2,75,0.48077033940338354,0.48077033940338354
RBA,commodity_prices_yoy,Commodity Prices (YoY),Inflation,3,thomson_reuters_ipsos_pcsi,Thomson Reuters IPSOS PCSI,Sentiment,3,20,0.4807604885694981,0.4807604885694981
SNB,producer_import_prices_yoy,Producer & Import Prices (YoY),Inflation,2,unemployment_rate,Unemployment Rate,Labor,2,76,-0.4803760835696359,0.4803760835696359
BOJ,cpi_headline_mom,Headline CPI (MoM),Inflation,2,cpi_index,Consumer Price Index,Inflation,2,63,0.48029217505169297,0.48029217505169297
RBA,import_price_index_qoq,Import Price Index (QoQ),Inflation,2,westpac_consumer_confidence_index,Westpac Consumer Confidence Index,Sentiment,2,24,0.48024856251078746,0.48024856251078746
BOE,cpi_headline_yoy,Headline CPI (YoY),Inflation,1,hmrc_payrolls_change,HMRC Payrolls Change,Labor,2,41,0.48018562786653723,0.48018562786653723
FED,cpi_headline_yoy,Headline CPI (YoY),Inflation,1,ism_manufacturing_employment,ISM Manufacturing Employment,Growth,2,33,0.4799326266863723,0.4799326266863723
RBA,ai_group_industry_index,Ai Group Industry Index,Growth,3,monthly_cpi_indicator,Monthly CPI Indicator,Inflation,1,32,0.4787437637576898,0.4787437637576898
BOJ,coincident_index,Coincident Index,Growth,2,cpi_index,Consumer Price Index,Inflation,2,70,0.4777279010458086,0.4777279010458086
FED,ism_services_employment,ISM Services Employment,Growth,2,ppi_yoy,PPI (YoY),Inflation,2,25,0.4773973486632569,0.4773973486632569
FED,cpi_headline_mom,Headline CPI (MoM),Inflation,2,unemployment_rate,Unemployment Rate,Labor,1,31,-0.4772855375642168,0.4772855375642168
BOJ,eco_watchers_current,Eco Watchers Survey Current,Sentiment,2,manufacturing_pmi,S&P Global Manufacturing PMI,Growth,2,76,0.477052921500097,0.477052921500097
FED,core_cpi_mom,Core CPI (MoM),Inflation,1,manufacturing_payrolls,Manufacturing Payrolls,Labor,2,33,0.47654667465462264,0.47654667465462264
FED,core_pce_price_index_yoy,Core PCE Price Index (YoY),Inflation,1,import_prices_yoy,Import Prices (YoY),Inflation,3,37,0.47630615801707077,0.47630615801707077
FED,average_weekly_hours,Average Weekly Hours,Labor,2,import_prices_mom,Import Prices (MoM),Inflation,3,32,0.47622533771975406,0.47622533771975406
FED,government_payrolls,Government Payrolls,Labor,2,pce_price_index_mom,PCE Price Index (MoM),Inflation,1,30,0.4760868356591121,0.4760868356591121
RBA,cpi_headline_yoy,Headline CPI (YoY),Inflation,1,nab_business_confidence,NAB Business Confidence,Sentiment,2,26,0.47588662521578573,0.47588662521578573
BOJ,gdp_qoq,GDP (QoQ),Growth,1,retail_sales_mom,Retail Sales (MoM),Growth,2,24,0.47580525642079274,0.47580525642079274
FED,sp_global_composite_pmi,S&P Global Composite PMI,Growth,2,sp_global_manufacturing_pmi,S&P Global Manufacturing PMI,Growth,2,29,0.4754815056130273,0.4754815056130273
RBA,commodity_prices_yoy,Commodity Prices (YoY),Inflation,3,consumer_inflation_expectation,Consumer Inflation Expectation,Inflation,2,50,0.475282364497173,0.475282364497173
FED,import_prices_mom,Import Prices (MoM),Inflation,3,retail_sales_yoy,Retail Sales (YoY),Growth,2,36,0.4751263714463201,0.4751263714463201
FED,export_prices_mom,Export Prices (MoM),Inflation,3,retail_sales_yoy,Retail Sales (YoY),Growth,2,37,0.47506087841269234,0.47506087841269234
FED,cpi_index,CPI Index,Inflation,2,pce_price_index_yoy,PCE Price Index (YoY),Inflation,1,26,-0.47463143394337415,0.47463143394337415
FED,adp_employment_change,ADP Employment Change,Labor,2,export_prices_mom,Export Prices (MoM),Inflation,3,32,0.4741565235829952,0.4741565235829952
FED,cpi_index,CPI Index,Inflation,2,unemployment_rate,Unemployment Rate,Labor,1,28,-0.47353805395591597,0.47353805395591597
BOE,claimant_count_change,Claimant Count Change,Labor,2,retail_sales_yoy,Retail Sales (YoY),Growth,1,73,-0.4727762727312531,0.4727762727312531
FED,core_cpi_mom,Core CPI (MoM),Inflation,1,export_prices_mom,Export Prices (MoM),Inflation,3,33,0.47254226863537957,0.47254226863537957
FED,export_prices_mom,Export Prices (MoM),Inflation,3,manufacturing_payrolls,Manufacturing Payrolls,Labor,2,33,0.4717980947017383,0.4717980947017383
FED,ism_manufacturing_prices,ISM Manufacturing Prices Paid,Growth,2,nfib_business_optimism,NFIB Business Optimism Index,Sentiment,3,33,0.4717086338714542,0.4717086338714542
FED,avg_hourly_earnings_mom,Average Hourly Earnings (MoM),Labor,2,ny_empire_state_mfg,NY Empire State Manufacturing Index,Growth,2,26,-0.47149913334950216,0.47149913334950216
FED,import_prices_mom,Import Prices (MoM),Inflation,3,sp_global_services_pmi,S&P Global Services PMI,Growth,2,20,0.4713999819744415,0.4713999819744415
FED,core_pce_price_index_mom,Core PCE Price Index (MoM),Inflation,1,retail_sales_mom,Retail Sales (MoM),Growth,1,34,0.4711733155164579,0.4711733155164579
BOJ,eco_watchers_outlook,Eco Watchers Survey Outlook,Sentiment,2,reuters_tankan_index,Reuters Tankan Index,Sentiment,2,75,0.4702302848956294,0.4702302848956294
BOJ,core_cpi_yoy,Core CPI (YoY),Inflation,1,leading_economic_index,Leading Economic Index,Growth,2,73,0.4701793476376295,0.4701793476376295
FED,core_ppi_yoy,Core PPI (YoY),Inflation,2,ism_manufacturing_employment,ISM Manufacturing Employment,Growth,2,32,0.4691801737140366,0.4691801737140366
BOC,cpi_headline_mom,Headline CPI (MoM),Inflation,2,manufacturing_pmi,Manufacturing PMI,Growth,2,46,0.46913593214329563,0.46913593214329563
ECB,economic_sentiment,Economic Sentiment,Sentiment,2,services_pmi,Services PMI,Growth,2,19,0.4689562822266323,0.4689562822266323
BOJ,retail_sales_yoy,Retail Sales (YoY),Growth,2,tankan_non_manufacturing_outlook,Tankan Non-Manufacturing Outlook,Sentiment,2,25,0.46862627745536983,0.46862627745536983
RBNZ,participation_rate,Labor Force Participation Rate,Labor,1,unemployment_rate,Unemployment Rate,Labor,1,25,-0.4684967333555565,0.4684967333555565
FED,export_prices_mom,Export Prices (MoM),Inflation,3,nfp,Non-Farm Payrolls,Labor,1,33,0.4680161545720734,0.4680161545720734
FED,export_prices_mom,Export Prices (MoM),Inflation,3,private_nonfarm_payrolls,Private Nonfarm Payrolls,Labor,2,33,0.4671694605859674,0.4671694605859674
FED,nfp,Non-Farm Payrolls,Labor,1,participation_rate,Labor Force Participation Rate,Labor,2,36,0.4670683193310275,0.4670683193310275
BOJ,tankan_large_all_industry_capex,Tankan Large All Industry Capex,Sentiment,2,tankan_small_manufacturers_index,Tankan Small Manufacturers Index,Sentiment,2,24,0.46701754415622987,0.46701754415622987
BOE,ppi_input_mom,PPI Input (MoM),Inflation,3,retail_sales_ex_fuel_mom,Retail Sales Ex Fuel (MoM),Growth,2,65,0.4669315535087611,0.4669315535087611
FED,core_pce_price_index_yoy,Core PCE Price Index (YoY),Inflation,1,export_prices_yoy,Export Prices (YoY),Inflation,3,38,0.4659946918859123,0.4659946918859123
RBA,thomson_reuters_ipsos_pcsi,Thomson Reuters IPSOS PCSI,Sentiment,3,unemployment_rate,Unemployment Rate,Labor,1,20,0.46596495550509337,0.46596495550509337
RBA,imports_mom,Imports (MoM),Trade,2,producer_price_index_qoq,Producer Price Index (QoQ),Inflation,2,24,0.4655761513980046,0.4655761513980046
ECB,construction_output_mom,Construction Output (MoM),Growth,2,manufacturing_pmi,Manufacturing PMI,Growth,2,21,-0.4655358327258509,0.4655358327258509
BOJ,composite_pmi,S&P Global Composite PMI,Growth,2,exports_yoy,Exports (YoY),Growth,2,73,0.46522879753754826,0.46522879753754826
BOC,core_cpi_yoy,Core CPI (YoY),Inflation,1,manufacturing_pmi,Manufacturing PMI,Growth,2,49,0.46503625836244006,0.46503625836244006
FED,michigan_inflation_expectations,Michigan Inflation Expectations,Inflation,2,unemployment_rate,Unemployment Rate,Labor,1,33,-0.46477976058771586,0.46477976058771586
FED,cpi_headline_mom,Headline CPI (MoM),Inflation,2,cpi_index,CPI Index,Inflation,2,25,-0.46452235340525616,0.46452235340525616
FED,avg_hourly_earnings_yoy,Average Hourly Earnings (YoY),Labor,1,unemployment_rate,Unemployment Rate,Labor,1,35,0.4644421614976828,0.4644421614976828
RBA,building_permits,Building Permits,Housing,2,cpi_headline_yoy,Headline CPI (YoY),Inflation,1,24,-0.4639185958369327,0.4639185958369327
FED,core_ppi_mom,Core PPI (MoM),Inflation,2,cpi_index,CPI Index,Inflation,2,23,-0.4635657448126483,0.4635657448126483
RBA,ai_group_manufacturing_index,Ai Group Manufacturing Index,Growth,3,corelogic_dwelling_prices_mom,CoreLogic Dwelling Prices (MoM),Housing,2,27,-0.463294578005785,0.463294578005785
BOJ,ppi_yoy,PPI (YoY),Inflation,2,tankan_large_manufacturing_outlook,Tankan Large Manufacturing Outlook,Sentiment,2,25,0.4629672344250589,0.4629672344250589
BOE,cbi_business_optimism,CBI Business Optimism Index,Sentiment,3,consumer_confidence,Consumer Confidence,Sentiment,3,25,0.46252065303579004,0.46252065303579004
BOE,cbi_industrial_trends_orders,CBI Industrial Trends Orders,Sentiment,3,retail_price_index_mom,Retail Price Index (MoM),Inflation,3,71,0.461375881040129,0.461375881040129
BOJ,ppi_yoy,PPI (YoY),Inflation,2,tankan_large_manufacturers_index,Tankan Large Manufacturers Index,Sentiment,2,25,0.4611962193590027,0.4611962193590027
FED,avg_hourly_earnings_mom,Average Hourly Earnings (MoM),Labor,2,ism_manufacturing_employment,ISM Manufacturing Employment,Growth,2,33,-0.4611310143838749,0.4611310143838749
FED,average_weekly_hours,Average Weekly Hours,Labor,2,ny_empire_state_mfg,NY Empire State Manufacturing Index,Growth,2,26,0.46019742837719313,0.46019742837719313
FED,avg_hourly_earnings_yoy,Average Hourly Earnings (YoY),Labor,1,ism_manufacturing_new_orders,ISM Manufacturing New Orders,Growth,2,32,-0.4599135665386734,0.4599135665386734
BOJ,manufacturing_pmi,S&P Global Manufacturing PMI,Growth,2,retail_sales_yoy,Retail Sales (YoY),Growth,2,75,0.45958074136350013,0.45958074136350013
BOJ,composite_pmi,S&P Global Composite PMI,Growth,2,core_cpi_yoy,Core CPI (YoY),Inflation,1,71,0.4592894529463376,0.4592894529463376
FED,cpi_index,CPI Index,Inflation,2,ppi_mom,PPI (MoM),Inflation,2,26,-0.4589306976473038,0.4589306976473038
BOE,manufacturing_pmi,Manufacturing PMI,Growth,2,retail_price_index_yoy,Retail Price Index (YoY),Inflation,3,28,-0.45845807368050656,0.45845807368050656
FED,michigan_inflation_expectations,Michigan Inflation Expectations,Inflation,2,sp_global_manufacturing_pmi,S&P Global Manufacturing PMI,Growth,2,29,0.4582052028178899,0.4582052028178899
BOJ,imports_yoy,Imports (YoY),Growth,2,tankan_large_all_industry_capex,Tankan Large All Industry Capex,Sentiment,2,25,0.4580255082632552,0.4580255082632552
BOJ,retail_sales_yoy,Retail Sales (YoY),Growth,2,reuters_tankan_index,Reuters Tankan Index,Sentiment,2,74,0.45784501426531904,0.45784501426531904
SNB,cpi_headline_mom,Headline CPI (MoM),Inflation,2,producer_import_prices_yoy,Producer & Import Prices (YoY),Inflation,2,57,0.4574640670030975,0.4574640670030975
BOJ,coincident_index,Coincident Index,Growth,2,eco_watchers_current,Eco Watchers Survey Current,Sentiment,2,75,0.45720367307067217,0.45720367307067217
BOC,cpi_headline_yoy,Headline CPI (YoY),Inflation,1,new_housing_price_index_yoy,New Housing Price Index (YoY),Housing,2,63,0.4571976278616966,0.4571976278616966
BOJ,composite_pmi,S&P Global Composite PMI,Growth,2,cpi_headline_yoy,Headline CPI (YoY),Inflation,1,72,0.4571343384193938,0.4571343384193938
RBA,services_pmi,Services PMI,Growth,2,thomson_reuters_ipsos_pcsi,Thomson Reuters IPSOS PCSI,Sentiment,3,21,0.45705502209161875,0.45705502209161875
RBA,import_price_index_qoq,Import Price Index (QoQ),Inflation,2,private_sector_credit_mom,Private Sector Credit (MoM),Growth,3,22,0.4570192787903339,0.4570192787903339
BOC,new_housing_price_index_yoy,New Housing Price Index (YoY),Housing,2,retail_sales_yoy,Retail Sales (YoY),Growth,2,63,0.4570177723496434,0.4570177723496434
FED,core_ppi_yoy,Core PPI (YoY),Inflation,2,ny_empire_state_mfg,NY Empire State Manufacturing Index,Growth,2,25,0.456763236231996,0.456763236231996
FED,core_ppi_yoy,Core PPI (YoY),Inflation,2,ism_manufacturing_pmi,ISM Manufacturing PMI,Growth,1,32,0.4565938947873608,0.4565938947873608
FED,core_pce_price_index_mom,Core PCE Price Index (MoM),Inflation,1,unemployment_rate,Unemployment Rate,Labor,1,32,-0.45655575002960846,0.45655575002960846
FED,nfp,Non-Farm Payrolls,Labor,1,philly_fed_mfg,Philadelphia Fed Manufacturing Index,Growth,2,27,0.45613993620914767,0.45613993620914767
FED,core_pce_price_index_mom,Core PCE Price Index (MoM),Inflation,1,cpi_headline_yoy,Headline CPI (YoY),Inflation,1,32,0.4558738579827224,0.4558738579827224
FED,core_ppi_yoy,Core PPI (YoY),Inflation,2,unemployment_rate,Unemployment Rate,Labor,1,35,-0.4558116962832865,0.4558116962832865
FED,import_prices_yoy,Import Prices (YoY),Inflation,3,michigan_inflation_expectations,Michigan Inflation Expectations,Inflation,2,32,0.4552925247386455,0.4552925247386455
RBA,balance_of_trade,Balance of Trade,Trade,2,rba_trimmed_mean_cpi_qoq,RBA Trimmed Mean CPI (QoQ),Inflation,1,24,0.4548897002856001,0.4548897002856001
FED,core_cpi_yoy,Core CPI (YoY),Inflation,1,umich_consumer_sentiment,UMich Consumer Sentiment,Sentiment,2,33,-0.45486488454626584,0.45486488454626584
RBA,cpi_headline_qoq,Headline CPI (QoQ),Inflation,1,full_time_employment_change,Full-Time Employment Change,Labor,1,25,0.45474540409961156,0.45474540409961156
FED,challenger_job_cuts,Challenger Job Cuts,Labor,3,core_cpi_yoy,Core CPI (YoY),Inflation,1,35,-0.4536369330051509,0.4536369330051509
RBA,nab_business_confidence,NAB Business Confidence,Sentiment,2,rba_trimmed_mean_cpi_qoq,RBA Trimmed Mean CPI (QoQ),Inflation,1,22,0.4532616929651,0.4532616929651
RBA,housing_credit_mom,Housing Credit (MoM),Growth,3,services_pmi,Services PMI,Growth,2,41,0.4532050301007357,0.4532050301007357
BOJ,coincident_index,Coincident Index,Growth,2,retail_sales_yoy,Retail Sales (YoY),Growth,2,75,0.45302239295324565,0.45302239295324565
FED,avg_hourly_earnings_yoy,Average Hourly Earnings (YoY),Labor,1,nfp,Non-Farm Payrolls,Labor,1,36,-0.4530021891523437,0.4530021891523437
FED,core_cpi_mom,Core CPI (MoM),Inflation,1,import_prices_mom,Import Prices (MoM),Inflation,3,32,0.45268573502614773,0.45268573502614773
FED,core_cpi_mom,Core CPI (MoM),Inflation,1,sp_global_manufacturing_pmi,S&P Global Manufacturing PMI,Growth,2,20,0.4525390577891546,0.4525390577891546
RBA,housing_credit_mom,Housing Credit (MoM),Growth,3,manufacturing_pmi,Manufacturing PMI,Growth,2,40,0.45244536819290354,0.45244536819290354
RBA,private_sector_credit_yoy,Private Sector Credit (YoY),Growth,3,thomson_reuters_ipsos_pcsi,Thomson Reuters IPSOS PCSI,Sentiment,3,19,0.45241229763396124,0.45241229763396124
BOE,gdp_yoy,GDP (YoY),Growth,1,niesr_monthly_gdp_tracker,NIESR Monthly GDP Tracker,Growth,2,61,0.4522897824343427,0.4522897824343427
BOE,avg_earnings_excl_bonus,Average Earnings (excl. Bonus),Labor,1,manufacturing_pmi,Manufacturing PMI,Growth,2,27,-0.4520245815604007,0.4520245815604007
BOJ,core_cpi_yoy,Core CPI (YoY),Inflation,1,eco_watchers_current,Eco Watchers Survey Current,Sentiment,2,74,0.45201704782907665,0.45201704782907665
FED,challenger_job_cuts,Challenger Job Cuts,Labor,3,export_prices_yoy,Export Prices (YoY),Inflation,3,34,-0.45175082787890947,0.45175082787890947
RBA,imports_mom,Imports (MoM),Trade,2,services_pmi,Services PMI,Growth,2,58,0.4508951367867453,0.4508951367867453
BOJ,household_spending_yoy,Household Spending (YoY),Growth,2,machinery_orders_yoy,Machinery Orders (YoY),Growth,2,76,0.4508601666459926,0.4508601666459926
BOJ,cpi_ex_food_energy_yoy,CPI Ex Food and Energy (YoY),Inflation,1,tankan_small_manufacturers_index,Tankan Small Manufacturers Index,Sentiment,2,24,0.4505128460896753,0.4505128460896753
BOE,cpi_headline_mom,Headline CPI (MoM),Inflation,2,ppi_output_mom,PPI Output (MoM),Inflation,3,53,0.4499266739112462,0.4499266739112462
BOE,ppi_core_output_mom,PPI Core Output (MoM),Inflation,3,retail_price_index_mom,Retail Price Index (MoM),Inflation,3,51,0.449736571094274,0.449736571094274
FED,average_weekly_hours,Average Weekly Hours,Labor,2,ism_manufacturing_employment,ISM Manufacturing Employment,Growth,2,33,0.4490885494258053,0.4490885494258053
RBA,monthly_cpi_indicator,Monthly CPI Indicator,Inflation,1,private_sector_credit_yoy,Private Sector Credit (YoY),Growth,3,38,0.4488905297824957,0.4488905297824957
BOE,cbi_industrial_trends_orders,CBI Industrial Trends Orders,Sentiment,3,cpi_headline_mom,Headline CPI (MoM),Inflation,2,68,0.44846458742897577,0.44846458742897577
RBA,rba_trimmed_mean_cpi_qoq,RBA Trimmed Mean CPI (QoQ),Inflation,1,retail_sales_mom,Retail Sales (MoM),Growth,1,20,0.44828972890378854,0.44828972890378854
RBNZ,capacity_utilization,Capacity Utilization,Growth,3,exports,Exports,Growth,2,25,-0.44813840064058874,0.44813840064058874
FED,pce_price_index_yoy,PCE Price Index (YoY),Inflation,1,ppi_mom,PPI (MoM),Inflation,2,34,0.4476864896541204,0.4476864896541204
BOE,avg_earnings_incl_bonus,Average Earnings (incl. Bonus),Labor,2,claimant_count_change,Claimant Count Change,Labor,2,74,-0.4476698552686469,0.4476698552686469
RBA,consumer_inflation_expectation,Consumer Inflation Expectation,Inflation,2,private_sector_credit_mom,Private Sector Credit (MoM),Growth,3,70,0.4475014193524526,0.4475014193524526
BOE,gdp_yoy,GDP (YoY),Growth,1,services_pmi,Services PMI,Growth,1,26,-0.4473578022130727,0.4473578022130727
FED,cpi_index,CPI Index,Inflation,2,ny_empire_state_mfg,NY Empire State Manufacturing Index,Growth,2,20,-0.44703185191321737,0.44703185191321737
BOJ,cpi_index,Consumer Price Index,Inflation,2,unemployment_rate,Unemployment Rate,Labor,2,70,-0.44571584955642124,0.44571584955642124
BOJ,services_pmi,S&P Global Services PMI,Growth,2,tertiary_industry_index_mom,Tertiary Industry Index (MoM),Growth,2,74,0.44559505718437215,0.44559505718437215
RBA,composite_pmi,Composite PMI,Growth,2,imports_mom,Imports (MoM),Trade,2,55,0.4454483750227214,0.4454483750227214
RBNZ,employment_change_qoq,Employment Change (QoQ),Labor,1,unemployment_rate,Unemployment Rate,Labor,1,22,-0.4452251228706811,0.4452251228706811
FED,government_payrolls,Government Payrolls,Labor,2,pce_price_index_yoy,PCE Price Index (YoY),Inflation,1,34,0.445008642067367,0.445008642067367
FED,philly_fed_mfg,Philadelphia Fed Manufacturing Index,Growth,2,private_nonfarm_payrolls,Private Nonfarm Payrolls,Labor,2,27,0.4448948426075584,0.4448948426075584
FED,avg_hourly_earnings_mom,Average Hourly Earnings (MoM),Labor,2,unemployment_rate,Unemployment Rate,Labor,1,36,0.4446929152496863,0.4446929152496863
FED,avg_hourly_earnings_mom,Average Hourly Earnings (MoM),Labor,2,pce_price_index_mom,PCE Price Index (MoM),Inflation,1,30,-0.4441038234255352,0.4441038234255352
FED,core_cpi_yoy,Core CPI (YoY),Inflation,1,import_prices_yoy,Import Prices (YoY),Inflation,3,35,0.4440780141276671,0.4440780141276671
RBNZ,cpi_headline_yoy,Headline CPI (YoY),Inflation,1,imports,Imports,Growth,2,25,0.44392856023998123,0.44392856023998123
BOJ,ppi_mom,PPI (MoM),Inflation,2,ppi_yoy,PPI (YoY),Inflation,2,67,0.44384611237844857,0.44384611237844857
FED,cpi_headline_yoy,Headline CPI (YoY),Inflation,1,ppi_mom,PPI (MoM),Inflation,2,33,0.4436325952441388,0.4436325952441388
BOE,claimant_count_change,Claimant Count Change,Labor,2,ppi_input_mom,PPI Input (MoM),Inflation,3,66,-0.4435177328657764,0.4435177328657764
RBA,unemployment_rate,Unemployment Rate,Labor,1,westpac_consumer_confidence_index,Westpac Consumer Confidence Index,Sentiment,2,75,0.44350830843288397,0.44350830843288397
BOC,composite_pmi,Composite PMI,Growth,2,retail_sales_yoy,Retail Sales (YoY),Growth,2,26,-0.44335848080433016,0.44335848080433016
RBNZ,balance_of_trade,Balance of Trade,Growth,2,imports,Imports,Growth,2,76,-0.4426326118949759,0.4426326118949759
BOC,new_housing_price_index_mom,New Housing Price Index (MoM),Housing,2,ppi_yoy,PPI (YoY),Inflation,2,64,0.4423667526603562,0.4423667526603562
FED,participation_rate,Labor Force Participation Rate,Labor,2,private_nonfarm_payrolls,Private Nonfarm Payrolls,Labor,2,36,0.44209114472238387,0.44209114472238387
RBA,leading_index_mom,Leading Index (MoM),Growth,3,retail_sales_mom,Retail Sales (MoM),Growth,1,55,0.4417679153823938,0.4417679153823938
BOE,core_cpi_yoy,Core CPI (YoY),Inflation,1,ppi_input_yoy,PPI Input (YoY),Inflation,3,68,0.4415346104663645,0.4415346104663645
BOJ,eco_watchers_outlook,Eco Watchers Survey Outlook,Sentiment,2,manufacturing_pmi,S&P Global Manufacturing PMI,Growth,2,76,0.4413697382309144,0.4413697382309144
BOC,core_cpi_mom,Core CPI (MoM),Inflation,2,manufacturing_pmi,Manufacturing PMI,Growth,2,45,0.44124749793838247,0.44124749793838247
FED,core_pce_price_index_yoy,Core PCE Price Index (YoY),Inflation,1,ism_manufacturing_employment,ISM Manufacturing Employment,Growth,2,31,0.44124597049260467,0.44124597049260467
BOJ,coincident_index,Coincident Index,Growth,2,current_account,Current Account,Growth,2,76,0.4404813347638654,0.4404813347638654
BOE,manufacturing_pmi,Manufacturing PMI,Growth,2,nationwide_hpi_yoy,Nationwide House Prices (YoY),Housing,3,27,-0.4402876649351389,0.4402876649351389
BOJ,cpi_index,Consumer Price Index,Inflation,2,services_pmi,S&P Global Services PMI,Growth,2,70,0.4402247229096895,0.4402247229096895
RBA,rba_trimmed_mean_cpi_qoq,RBA Trimmed Mean CPI (QoQ),Inflation,1,services_pmi,Services PMI,Growth,2,18,0.43977904816899943,0.43977904816899943
FED,pce_price_index_mom,PCE Price Index (MoM),Inflation,1,retail_sales_mom,Retail Sales (MoM),Growth,1,32,0.4387610664555166,0.4387610664555166
BOC,ivey_pmi_sa,Ivey PMI s.a.,Growth,2,ppi_yoy,PPI (YoY),Inflation,2,71,0.4387148301858954,0.4387148301858954
BOJ,leading_economic_index,Leading Economic Index,Growth,2,machinery_orders_yoy,Machinery Orders (YoY),Growth,2,76,0.4378510664125146,0.4378510664125146
FED,ism_manufacturing_new_orders,ISM Manufacturing New Orders,Growth,2,nfp,Non-Farm Payrolls,Labor,1,33,0.43760595497525384,0.43760595497525384
BOJ,core_cpi_yoy,Core CPI (YoY),Inflation,1,retail_sales_yoy,Retail Sales (YoY),Growth,2,73,0.43755616987191137,0.43755616987191137
FED,export_prices_mom,Export Prices (MoM),Inflation,3,ism_services_employment,ISM Services Employment,Growth,2,24,0.4372446011798119,0.4372446011798119
BOC,cfib_business_barometer,CFIB Business Barometer,Sentiment,2,new_motor_vehicle_sales,New Motor Vehicle Sales,Growth,3,53,-0.4370453882340717,0.4370453882340717
BOE,niesr_monthly_gdp_tracker,NIESR Monthly GDP Tracker,Growth,2,ppi_input_mom,PPI Input (MoM),Inflation,3,55,0.43695739009735285,0.43695739009735285
RBNZ,business_confidence,Business Confidence,Growth,3,cpi_headline_yoy,Headline CPI (YoY),Inflation,1,26,-0.4364723632856751,0.4364723632856751
BOJ,machinery_orders_yoy,Machinery Orders (YoY),Growth,2,ppi_yoy,PPI (YoY),Inflation,2,74,0.43627084495078355,0.43627084495078355
RBNZ,cpi_headline_qoq,Headline CPI (QoQ),Inflation,1,participation_rate,Labor Force Participation Rate,Labor,1,25,0.43571193200093467,0.43571193200093467
RBA,ai_group_manufacturing_index,Ai Group Manufacturing Index,Growth,3,rba_weighted_median_cpi_yoy,RBA Weighted Median CPI (YoY),Inflation,1,22,-0.4356762899623275,0.4356762899623275
BOE,avg_earnings_excl_bonus,Average Earnings (excl. Bonus),Labor,1,core_rpi_yoy,Core RPI (YoY),Inflation,3,23,-0.435541388894456,0.435541388894456
BOJ,tankan_large_all_industry_capex,Tankan Large All Industry Capex,Sentiment,2,tankan_large_manufacturers_index,Tankan Large Manufacturers Index,Sentiment,2,25,0.4351424850337199,0.4351424850337199
FED,manufacturing_payrolls,Manufacturing Payrolls,Labor,2,philly_fed_mfg,Philadelphia Fed Manufacturing Index,Growth,2,27,0.434271111898085,0.434271111898085
RBA,current_account,Current Account,Trade,2,export_price_index_qoq,Export Price Index (QoQ),Inflation,2,25,0.4342483428151035,0.4342483428151035
FED,avg_hourly_earnings_yoy,Average Hourly Earnings (YoY),Labor,1,private_nonfarm_payrolls,Private Nonfarm Payrolls,Labor,2,36,-0.4341801496108553,0.4341801496108553
SNB,cpi_headline_mom,Headline CPI (MoM),Inflation,2,cpi_headline_yoy,Headline CPI (YoY),Inflation,1,56,0.4341751580670432,0.4341751580670432
BOJ,ppi_mom,PPI (MoM),Inflation,2,tankan_small_manufacturers_index,Tankan Small Manufacturers Index,Sentiment,2,22,0.43379134867792024,0.43379134867792024
RBA,cpi_headline_yoy,Headline CPI (YoY),Inflation,1,manufacturing_pmi,Manufacturing PMI,Growth,2,21,0.43361055309171975,0.43361055309171975
BOC,balance_of_trade,Balance of Trade,Trade,2,new_housing_price_index_yoy,New Housing Price Index (YoY),Housing,2,63,0.43247446454825605,0.43247446454825605
BOE,cpi_headline_mom,Headline CPI (MoM),Inflation,2,cpi_headline_yoy,Headline CPI (YoY),Inflation,1,68,0.43247130336433026,0.43247130336433026
BOE,core_cpi_yoy,Core CPI (YoY),Inflation,1,manufacturing_pmi,Manufacturing PMI,Growth,2,28,-0.4321071232469808,0.4321071232469808
FED,ism_manufacturing_prices,ISM Manufacturing Prices Paid,Growth,2,sp_global_services_pmi,S&P Global Services PMI,Growth,2,21,0.43188552076240805,0.43188552076240805
FED,ism_manufacturing_new_orders,ISM Manufacturing New Orders,Growth,2,private_nonfarm_payrolls,Private Nonfarm Payrolls,Labor,2,33,0.4318531499462617,0.4318531499462617
FED,core_cpi_yoy,Core CPI (YoY),Inflation,1,government_payrolls,Government Payrolls,Labor,2,35,0.43169710942164474,0.43169710942164474
FED,avg_hourly_earnings_mom,Average Hourly Earnings (MoM),Labor,2,export_prices_mom,Export Prices (MoM),Inflation,3,33,-0.43164058024329405,0.43164058024329405
RBA,ai_group_services_index,Ai Group Services Index,Growth,3,employment_change,Employment Change,Labor,1,34,0.4313799203180194,0.4313799203180194
FED,ism_services_employment,ISM Services Employment,Growth,2,pce_price_index_yoy,PCE Price Index (YoY),Inflation,1,24,0.43130110706831154,0.43130110706831154
BOC,core_cpi_yoy,Core CPI (YoY),Inflation,1,new_housing_price_index_yoy,New Housing Price Index (YoY),Housing,2,63,0.43104674504041973,0.43104674504041973
RBA,balance_of_trade,Balance of Trade,Trade,2,consumer_price_index,Consumer Price Index,Inflation,2,18,0.4307832333175309,0.4307832333175309
RBA,retail_sales_mom,Retail Sales (MoM),Growth,1,westpac_consumer_confidence_change,Westpac Consumer Confidence Change,Sentiment,2,63,0.43002413556782754,0.43002413556782754
FED,nfp,Non-Farm Payrolls,Labor,1,retail_sales_yoy,Retail Sales (YoY),Growth,2,36,0.42995519810910576,0.42995519810910576
FED,new_home_sales,New Home Sales,Housing,2,retail_sales_mom,Retail Sales (MoM),Growth,1,34,0.4299180745260071,0.4299180745260071
RBA,nab_business_confidence,NAB Business Confidence,Sentiment,2,rba_weighted_median_cpi_qoq,RBA Weighted Median CPI (QoQ),Inflation,1,21,0.42948487373072897,0.42948487373072897
FED,avg_hourly_earnings_mom,Average Hourly Earnings (MoM),Labor,2,cpi_headline_mom,Headline CPI (MoM),Inflation,2,31,-0.42935658820632444,0.42935658820632444
FED,core_pce_price_index_yoy,Core PCE Price Index (YoY),Inflation,1,core_ppi_mom,Core PPI (MoM),Inflation,2,31,0.4290100909375546,0.4290100909375546
FED,import_prices_mom,Import Prices (MoM),Inflation,3,ppi_yoy,PPI (YoY),Inflation,2,33,0.4289814608355614,0.4289814608355614
FED,ism_manufacturing_new_orders,ISM Manufacturing New Orders,Growth,2,manufacturing_payrolls,Manufacturing Payrolls,Labor,2,33,0.428930227467504,0.428930227467504
FED,manufacturing_payrolls,Manufacturing Payrolls,Labor,2,participation_rate,Labor Force Participation Rate,Labor,2,36,0.4287585556263508,0.4287585556263508
RBA,commodity_prices_yoy,Commodity Prices (YoY),Inflation,3,monthly_cpi_indicator,Monthly CPI Indicator,Inflation,1,38,0.4287493684989233,0.4287493684989233
BOE,cpi_headline_mom,Headline CPI (MoM),Inflation,2,retail_price_index_yoy,Retail Price Index (YoY),Inflation,3,68,0.4286742394454342,0.4286742394454342
BOJ,cpi_headline_yoy,Headline CPI (YoY),Inflation,1,retail_sales_yoy,Retail Sales (YoY),Growth,2,74,0.4283777226617039,0.4283777226617039
FED,avg_hourly_earnings_yoy,Average Hourly Earnings (YoY),Labor,1,participation_rate,Labor Force Participation Rate,Labor,2,35,-0.4283170205065162,0.4283170205065162
FED,consumer_inflation_expectations,Consumer Inflation Expectations,Inflation,2,ppi_mom,PPI (MoM),Inflation,2,33,0.428228693075297,0.428228693075297
BOJ,cpi_index,Consumer Price Index,Inflation,2,tankan_large_all_industry_capex,Tankan Large All Industry Capex,Sentiment,2,24,0.4279684809744356,0.4279684809744356
FED,core_cpi_yoy,Core CPI (YoY),Inflation,1,export_prices_yoy,Export Prices (YoY),Inflation,3,35,0.42785530840435176,0.42785530840435176
BOJ,household_spending_yoy,Household Spending (YoY),Growth,2,imports_yoy,Imports (YoY),Growth,2,75,0.42758604900786856,0.42758604900786856
BOJ,capacity_utilization,Capacity Utilization,Growth,2,tertiary_industry_index_mom,Tertiary Industry Index (MoM),Growth,2,74,0.42731094837649586,0.42731094837649586
FED,cpi_headline_yoy,Headline CPI (YoY),Inflation,1,ism_services_employment,ISM Services Employment,Growth,2,26,0.4267893128493349,0.4267893128493349
BOJ,tankan_small_manufacturers_index,Tankan Small Manufacturers Index,Sentiment,2,unemployment_rate,Unemployment Rate,Labor,2,24,-0.42640481683614656,0.42640481683614656
BOC,composite_pmi,Composite PMI,Growth,2,core_cpi_yoy,Core CPI (YoY),Inflation,1,29,-0.42631491832697277,0.42631491832697277
RBA,balance_of_trade,Balance of Trade,Trade,2,cpi_headline_yoy,Headline CPI (YoY),Inflation,1,28,0.4262363866121812,0.4262363866121812
RBA,cpi_headline_qoq,Headline CPI (QoQ),Inflation,1,private_sector_credit_yoy,Private Sector Credit (YoY),Growth,3,25,0.42602497454657484,0.42602497454657484
RBA,manufacturing_pmi,Manufacturing PMI,Growth,2,private_sector_credit_yoy,Private Sector Credit (YoY),Growth,3,57,0.4258867149125103,0.4258867149125103
BOC,ppi_mom,PPI (MoM),Inflation,2,ppi_yoy,PPI (YoY),Inflation,2,72,0.42547168843365796,0.42547168843365796
BOJ,coincident_indicator_mom,Coincident Indicator (MoM),Growth,2,industrial_production_yoy,Industrial Production (YoY),Growth,2,22,0.4250506126628823,0.4250506126628823
FED,average_weekly_hours,Average Weekly Hours,Labor,2,ism_services_employment,ISM Services Employment,Growth,2,26,0.42494218721300075,0.42494218721300075
FED,adp_employment_change,ADP Employment Change,Labor,2,core_ppi_mom,Core PPI (MoM),Inflation,2,29,0.4249234550530858,0.4249234550530858
RBA,ai_group_industry_index,Ai Group Industry Index,Growth,3,ai_group_manufacturing_index,Ai Group Manufacturing Index,Growth,3,34,0.42482849708575987,0.42482849708575987
BOJ,coincident_indicator_mom,Coincident Indicator (MoM),Growth,2,tertiary_industry_index_mom,Tertiary Industry Index (MoM),Growth,2,21,0.42439191807841337,0.42439191807841337
BOJ,household_spending_yoy,Household Spending (YoY),Growth,2,tankan_small_manufacturers_index,Tankan Small Manufacturers Index,Sentiment,2,24,0.4241571827423191,0.4241571827423191
FED,cpi_index,CPI Index,Inflation,2,sp_global_manufacturing_pmi,S&P Global Manufacturing PMI,Growth,2,21,-0.423979623498767,0.423979623498767
ECB,consumer_confidence,Consumer Confidence,Sentiment,2,economic_sentiment,Economic Sentiment,Sentiment,2,77,0.42338534579252635,0.42338534579252635
BOJ,capacity_utilization,Capacity Utilization,Growth,2,ppi_mom,PPI (MoM),Inflation,2,66,0.4233290501282102,0.4233290501282102
BOJ,consumer_confidence,Consumer Confidence,Sentiment,2,industrial_production_yoy,Industrial Production (YoY),Growth,2,75,0.4230335339806239,0.4230335339806239
BOJ,household_spending_mom,Household Spending (MoM),Growth,2,tankan_large_manufacturers_index,Tankan Large Manufacturers Index,Sentiment,2,25,0.4228344734117514,0.4228344734117514
BOC,ppi_mom,PPI (MoM),Inflation,2,raw_materials_prices_yoy,Raw Materials Prices (YoY),Inflation,3,72,0.4228096893531279,0.4228096893531279
RBA,producer_price_index_qoq,Producer Price Index (QoQ),Inflation,2,td_mi_inflation_gauge_mom,TD-MI Inflation Gauge (MoM),Inflation,2,24,0.42272004067887675,0.42272004067887675
FED,cpi_headline_yoy,Headline CPI (YoY),Inflation,1,government_payrolls,Government Payrolls,Labor,2,35,0.4215480785634073,0.4215480785634073
BOJ,core_cpi_yoy,Core CPI (YoY),Inflation,1,ppi_yoy,PPI (YoY),Inflation,2,73,0.42150071458221067,0.42150071458221067
SNB,retail_sales_mom,Retail Sales (MoM),Growth,2,retail_sales_yoy,Retail Sales (YoY),Growth,2,74,0.42147388988533585,0.42147388988533585
BOJ,household_spending_mom,Household Spending (MoM),Growth,2,tankan_small_manufacturers_index,Tankan Small Manufacturers Index,Sentiment,2,24,0.4214435577499892,0.4214435577499892
BOC,budget_balance,Budget Balance,Growth,3,cpi_headline_yoy,Headline CPI (YoY),Inflation,1,73,0.42122151929272456,0.42122151929272456
BOE,gdp_mom,GDP (MoM),Growth,1,retail_sales_yoy,Retail Sales (YoY),Growth,1,66,0.4206905296381041,0.4206905296381041
BOE,claimant_count_change,Claimant Count Change,Labor,2,public_sector_net_borrowing,Public Sector Net Borrowing,Growth,3,71,-0.42056376743703183,0.42056376743703183
RBA,nab_business_confidence,NAB Business Confidence,Sentiment,2,producer_price_index_yoy,Producer Price Index (YoY),Inflation,2,22,0.419788545276305,0.419788545276305
BOE,gdp_qoq,GDP (QoQ),Growth,1,gdp_yoy,GDP (YoY),Growth,1,22,0.4193260163045743,0.4193260163045743
BOJ,composite_pmi,S&P Global Composite PMI,Growth,2,ppi_yoy,PPI (YoY),Inflation,2,72,0.4191599637021983,0.4191599637021983
BOJ,industrial_production_yoy,Industrial Production (YoY),Growth,2,tankan_non_manufacturing_outlook,Tankan Non-Manufacturing Outlook,Sentiment,2,25,0.4191459596601115,0.4191459596601115
FED,private_nonfarm_payrolls,Private Nonfarm Payrolls,Labor,2,retail_sales_yoy,Retail Sales (YoY),Growth,2,36,0.4189257273132994,0.4189257273132994
FED,ism_manufacturing_pmi,ISM Manufacturing PMI,Growth,1,umich_consumer_sentiment,UMich Consumer Sentiment,Sentiment,2,33,0.4186696634859973,0.4186696634859973
BOC,cfib_business_barometer,CFIB Business Barometer,Sentiment,2,raw_materials_prices_yoy,Raw Materials Prices (YoY),Inflation,3,53,0.4186657245711045,0.4186657245711045
BOJ,cpi_index,Consumer Price Index,Inflation,2,eco_watchers_current,Eco Watchers Survey Current,Sentiment,2,70,0.4182002887055587,0.4182002887055587
BOJ,cpi_headline_mom,Headline CPI (MoM),Inflation,2,cpi_headline_yoy,Headline CPI (YoY),Inflation,1,68,0.41814421793747336,0.41814421793747336
BOE,cbi_business_optimism,CBI Business Optimism Index,Sentiment,3,cbi_industrial_trends_orders,CBI Industrial Trends Orders,Sentiment,3,25,0.41813288460186565,0.41813288460186565
RBA,ai_group_services_index,Ai Group Services Index,Growth,3,unemployment_rate,Unemployment Rate,Labor,1,34,-0.417959499162821,0.417959499162821
RBA,cpi_headline_qoq,Headline CPI (QoQ),Inflation,1,rba_weighted_median_cpi_yoy,RBA Weighted Median CPI (YoY),Inflation,1,24,0.41794148121182845,0.41794148121182845
FED,ppi_yoy,PPI (YoY),Inflation,2,unemployment_rate,Unemployment Rate,Labor,1,35,-0.4176205778251535,0.4176205778251535
RBA,consumer_price_index,Consumer Price Index,Inflation,2,westpac_consumer_confidence_index,Westpac Consumer Confidence Index,Sentiment,2,18,-0.41751369249973114,0.41751369249973114
BOE,employment_change,Employment Change,Labor,2,gdp_yoy,GDP (YoY),Growth,1,72,0.41702472811806657,0.41702472811806657
BOJ,industrial_production_yoy,Industrial Production (YoY),Growth,2,ppi_yoy,PPI (YoY),Inflation,2,74,0.41700133273050355,0.41700133273050355
FED,average_weekly_hours,Average Weekly Hours,Labor,2,core_ppi_mom,Core PPI (MoM),Inflation,2,31,0.4169821191110567,0.4169821191110567
RBA,full_time_employment_change,Full-Time Employment Change,Labor,1,private_house_approvals_mom,Private House Approvals (MoM),Housing,2,52,0.416967071033783,0.416967071033783
FED,export_prices_mom,Export Prices (MoM),Inflation,3,sp_global_composite_pmi,S&P Global Composite PMI,Growth,2,21,0.4168402437508504,0.4168402437508504
BOE,cpi_headline_mom,Headline CPI (MoM),Inflation,2,ppi_core_output_mom,PPI Core Output (MoM),Inflation,3,49,0.41654500452995424,0.41654500452995424
BOJ,coincident_indicator_mom,Coincident Indicator (MoM),Growth,2,machine_tool_orders_yoy,Machine Tool Orders (YoY),Growth,3,22,0.41648125457235413,0.41648125457235413
BOC,employment_change,Employment Change,Labor,1,new_motor_vehicle_sales,New Motor Vehicle Sales,Growth,3,75,0.4159273933489855,0.4159273933489855
FED,pce_price_index_yoy,PCE Price Index (YoY),Inflation,1,umich_consumer_sentiment,UMich Consumer Sentiment,Sentiment,2,32,-0.41570973036031256,0.41570973036031256
BOE,gdp_mom,GDP (MoM),Growth,1,retail_sales_ex_fuel_yoy,Retail Sales Ex Fuel (YoY),Growth,2,68,0.41563889321935843,0.41563889321935843
BOC,core_cpi_mom,Core CPI (MoM),Inflation,2,new_housing_price_index_mom,New Housing Price Index (MoM),Housing,2,37,0.4154281262983182,0.4154281262983182
FED,ism_manufacturing_new_orders,ISM Manufacturing New Orders,Growth,2,ppi_yoy,PPI (YoY),Inflation,2,32,0.4150957160755489,0.4150957160755489
BOC,retail_sales_yoy,Retail Sales (YoY),Growth,2,services_pmi,Services PMI,Growth,2,27,-0.41470479170948515,0.41470479170948515
FED,core_ppi_yoy,Core PPI (YoY),Inflation,2,ism_services_employment,ISM Services Employment,Growth,2,25,0.41458275197338335,0.41458275197338335
RBA,ai_group_construction_index,Ai Group Construction Index,Growth,3,unemployment_rate,Unemployment Rate,Labor,1,70,0.41452539843988334,0.41452539843988334
FED,export_prices_mom,Export Prices (MoM),Inflation,3,retail_sales_mom,Retail Sales (MoM),Growth,1,34,0.4140660377434312,0.4140660377434312
BOE,composite_pmi,Composite PMI,Growth,2,consumer_confidence,Consumer Confidence,Sentiment,3,29,0.41361901640954507,0.41361901640954507
BOJ,cpi_headline_mom,Headline CPI (MoM),Inflation,2,tankan_large_all_industry_capex,Tankan Large All Industry Capex,Sentiment,2,23,0.4134381361540799,0.4134381361540799
BOJ,eco_watchers_current,Eco Watchers Survey Current,Sentiment,2,ppi_yoy,PPI (YoY),Inflation,2,75,0.41315534224528977,0.41315534224528977
BOE,claimant_count_change,Claimant Count Change,Labor,2,ppi_input_yoy,PPI Input (YoY),Inflation,3,68,-0.4130272935566248,0.4130272935566248
RBA,building_permits,Building Permits,Housing,2,export_price_index_qoq,Export Price Index (QoQ),Inflation,2,24,-0.4129434290922225,0.4129434290922225
FED,core_pce_price_index_yoy,Core PCE Price Index (YoY),Inflation,1,ism_services_employment,ISM Services Employment,Growth,2,24,0.412680143166504,0.412680143166504
BOJ,household_spending_yoy,Household Spending (YoY),Growth,2,services_pmi,S&P Global Services PMI,Growth,2,75,0.41181711124902093,0.41181711124902093
BOE,house_price_index_mom,House Price Index (MoM),Housing,3,house_price_index_yoy,House Price Index (YoY),Housing,3,68,0.411580719369871,0.411580719369871
BOC,core_cpi_yoy,Core CPI (YoY),Inflation,1,services_pmi,Services PMI,Growth,2,30,-0.41157386412591024,0.41157386412591024
BOE,consumer_confidence,Consumer Confidence,Sentiment,3,industrial_production_yoy,Industrial Production (YoY),Growth,2,74,0.4114621032673001,0.4114621032673001
BOC,ivey_pmi_sa,Ivey PMI s.a.,Growth,2,new_motor_vehicle_sales,New Motor Vehicle Sales,Growth,3,72,0.4110303387110314,0.4110303387110314
RBA,leading_index_mom,Leading Index (MoM),Growth,3,westpac_consumer_confidence_change,Westpac Consumer Confidence Change,Sentiment,2,60,0.41083093353080563,0.41083093353080563
BOJ,capacity_utilization,Capacity Utilization,Growth,2,leading_index_mom,Leading Index (MoM),Growth,2,22,0.4107801573004839,0.4107801573004839
BOC,manufacturing_pmi,Manufacturing PMI,Growth,2,unemployment_rate,Unemployment Rate,Labor,1,49,-0.4106409510171975,0.4106409510171975
FED,core_cpi_yoy,Core CPI (YoY),Inflation,1,cpi_headline_mom,Headline CPI (MoM),Inflation,2,32,0.4106262366940464,0.4106262366940464
BOJ,composite_pmi,S&P Global Composite PMI,Growth,2,ppi_mom,PPI (MoM),Inflation,2,65,0.41054074966175835,0.41054074966175835
RBA,private_sector_credit_mom,Private Sector Credit (MoM),Growth,3,producer_price_index_qoq,Producer Price Index (QoQ),Inflation,2,22,0.41051762453514407,0.41051762453514407
BOJ,eco_watchers_current,Eco Watchers Survey Current,Sentiment,2,reuters_tankan_index,Reuters Tankan Index,Sentiment,2,75,0.41050262253260106,0.41050262253260106
FED,avg_hourly_earnings_mom,Average Hourly Earnings (MoM),Labor,2,ism_services_employment,ISM Services Employment,Growth,2,26,-0.40985953070310227,0.40985953070310227
BOC,cpi_headline_mom,Headline CPI (MoM),Inflation,2,manufacturing_sales_mom,Manufacturing Sales (MoM),Growth,2,70,0.40975087822050765,0.40975087822050765
RBA,ai_group_manufacturing_index,Ai Group Manufacturing Index,Growth,3,balance_of_trade,Balance of Trade,Trade,2,69,0.4097449371135498,0.4097449371135498
BOJ,eco_watchers_outlook,Eco Watchers Survey Outlook,Sentiment,2,leading_index_mom,Leading Index (MoM),Growth,2,22,0.40973864767129575,0.40973864767129575
FED,ny_empire_state_mfg,NY Empire State Manufacturing Index,Growth,2,pce_price_index_yoy,PCE Price Index (YoY),Inflation,1,25,0.4094434660200526,0.4094434660200526
BOC,ivey_pmi_sa,Ivey PMI s.a.,Growth,2,manufacturing_sales_mom,Manufacturing Sales (MoM),Growth,2,70,0.4090157795980301,0.4090157795980301
FED,government_payrolls,Government Payrolls,Labor,2,ism_manufacturing_new_orders,ISM Manufacturing New Orders,Growth,2,33,0.40858327258086014,0.40858327258086014
BOE,retail_sales_ex_fuel_yoy,Retail Sales Ex Fuel (YoY),Growth,2,retail_sales_mom,Retail Sales (MoM),Growth,1,73,0.40847660005718334,0.40847660005718334
BOE,cbi_industrial_trends_orders,CBI Industrial Trends Orders,Sentiment,3,hmrc_payrolls_change,HMRC Payrolls Change,Labor,2,41,0.40838751135853446,0.40838751135853446
BOJ,cpi_ex_food_energy_yoy,CPI Ex Food and Energy (YoY),Inflation,1,eco_watchers_current,Eco Watchers Survey Current,Sentiment,2,75,0.4083353800557305,0.4083353800557305
BOJ,composite_pmi,S&P Global Composite PMI,Growth,2,machinery_orders_yoy,Machinery Orders (YoY),Growth,2,72,0.4082109553225958,0.4082109553225958
BOE,retail_sales_yoy,Retail Sales (YoY),Growth,1,unemployment_rate,Unemployment Rate,Labor,1,73,0.4080281961686093,0.4080281961686093
ECB,consumer_inflation_expectation,Consumer Inflation Expectation,Inflation,2,manufacturing_pmi,Manufacturing PMI,Growth,2,68,0.40801049146477886,0.40801049146477886
BOJ,ppi_yoy,PPI (YoY),Inflation,2,retail_sales_yoy,Retail Sales (YoY),Growth,2,74,0.4079406533664666,0.4079406533664666
FED,core_ppi_mom,Core PPI (MoM),Inflation,2,government_payrolls,Government Payrolls,Labor,2,31,0.40734740060577385,0.40734740060577385
BOC,cfib_business_barometer,CFIB Business Barometer,Sentiment,2,ppi_yoy,PPI (YoY),Inflation,2,54,0.40734698232160843,0.40734698232160843
FED,philly_fed_mfg,Philadelphia Fed Manufacturing Index,Growth,2,ppi_yoy,PPI (YoY),Inflation,2,26,0.4072582625555386,0.4072582625555386
FED,cpi_headline_mom,Headline CPI (MoM),Inflation,2,michigan_inflation_expectations,Michigan Inflation Expectations,Inflation,2,29,0.4072551575770173,0.4072551575770173
FED,average_weekly_hours,Average Weekly Hours,Labor,2,retail_sales_mom,Retail Sales (MoM),Growth,1,33,0.4069072357425357,0.4069072357425357
BOJ,exports_yoy,Exports (YoY),Growth,2,leading_economic_index,Leading Economic Index,Growth,2,75,0.40666372835629727,0.40666372835629727
BOJ,cpi_headline_mom,Headline CPI (MoM),Inflation,2,leading_index_mom,Leading Index (MoM),Growth,2,20,-0.40629264772957224,0.40629264772957224
ECB,economic_sentiment,Economic Sentiment,Sentiment,2,manufacturing_pmi,Manufacturing PMI,Growth,2,69,0.4061131967722298,0.4061131967722298
FED,manufacturing_payrolls,Manufacturing Payrolls,Labor,2,retail_sales_yoy,Retail Sales (YoY),Growth,2,36,0.4057734166210215,0.4057734166210215
RBA,private_sector_credit_mom,Private Sector Credit (MoM),Growth,3,rba_trimmed_mean_cpi_yoy,RBA Trimmed Mean CPI (YoY),Inflation,1,22,0.40574814028163264,0.40574814028163264
FED,avg_hourly_earnings_yoy,Average Hourly Earnings (YoY),Labor,1,manufacturing_payrolls,Manufacturing Payrolls,Labor,2,36,-0.40561229911277097,0.40561229911277097
BOC,budget_balance,Budget Balance,Growth,3,new_housing_price_index_mom,New Housing Price Index (MoM),Housing,2,62,-0.4048696776682541,0.4048696776682541
BOC,core_cpi_mom,Core CPI (MoM),Inflation,2,ivey_pmi_sa,Ivey PMI s.a.,Growth,2,41,0.40482116126182816,0.40482116126182816
BOE,retail_sales_ex_fuel_mom,Retail Sales Ex Fuel (MoM),Growth,2,retail_sales_ex_fuel_yoy,Retail Sales Ex Fuel (YoY),Growth,2,75,0.4047997091573114,0.4047997091573114
BOE,core_cpi_yoy,Core CPI (YoY),Inflation,1,hmrc_payrolls_change,HMRC Payrolls Change,Labor,2,41,0.40475373987303015,0.40475373987303015
BOJ,coincident_indicator_mom,Coincident Indicator (MoM),Growth,2,cpi_headline_mom,Headline CPI (MoM),Inflation,2,20,-0.4046692876203782,0.4046692876203782
BOE,hmrc_payrolls_change,HMRC Payrolls Change,Labor,2,retail_sales_yoy,Retail Sales (YoY),Growth,1,40,-0.4044442688560368,0.4044442688560368
BOC,core_cpi_yoy,Core CPI (YoY),Inflation,1,raw_materials_prices_yoy,Raw Materials Prices (YoY),Inflation,3,75,0.40373858789627504,0.40373858789627504
BOC,cpi_headline_yoy,Headline CPI (YoY),Inflation,1,vehicle_sales_mom,Vehicle Sales (MoM),Growth,3,20,-0.40347134822175285,0.40347134822175285
RBA,cpi_headline_qoq,Headline CPI (QoQ),Inflation,1,td_mi_inflation_gauge_mom,TD-MI Inflation Gauge (MoM),Inflation,2,25,0.4033911850926677,0.4033911850926677
FED,average_weekly_hours,Average Weekly Hours,Labor,2,ppi_yoy,PPI (YoY),Inflation,2,35,0.4032803863218064,0.4032803863218064
BOE,hmrc_payrolls_change,HMRC Payrolls Change,Labor,2,retail_sales_ex_fuel_yoy,Retail Sales Ex Fuel (YoY),Growth,2,40,-0.40271777424866767,0.40271777424866767
BOE,claimant_count_change,Claimant Count Change,Labor,2,retail_sales_ex_fuel_yoy,Retail Sales Ex Fuel (YoY),Growth,2,75,-0.4026897664466437,0.4026897664466437
FED,consumer_inflation_expectations,Consumer Inflation Expectations,Inflation,2,core_ppi_mom,Core PPI (MoM),Inflation,2,30,0.4026500885455052,0.4026500885455052
BOJ,coincident_index,Coincident Index,Growth,2,eco_watchers_outlook,Eco Watchers Survey Outlook,Sentiment,2,75,0.4023778066439702,0.4023778066439702
FED,consumer_inflation_expectations,Consumer Inflation Expectations,Inflation,2,export_prices_mom,Export Prices (MoM),Inflation,3,34,0.402138667069015,0.402138667069015
ECB,cpi_headline_yoy,Headline HICP (YoY),Inflation,1,unemployment_rate,Unemployment Rate,Labor,1,75,-0.4019956073538349,0.4019956073538349
RBA,employment_change,Employment Change,Labor,1,imports_mom,Imports (MoM),Trade,2,75,0.40192244502603786,0.40192244502603786
RBA,nab_business_confidence,NAB Business Confidence,Sentiment,2,westpac_consumer_confidence_index,Westpac Consumer Confidence Index,Sentiment,2,71,0.40169551069495396,0.40169551069495396
BOJ,household_spending_yoy,Household Spending (YoY),Growth,2,ppi_mom,PPI (MoM),Inflation,2,67,0.4014574719374148,0.4014574719374148
BOJ,capacity_utilization,Capacity Utilization,Growth,2,eco_watchers_current,Eco Watchers Survey Current,Sentiment,2,74,0.4014353122181477,0.4014353122181477
BOE,cpi_headline_yoy,Headline CPI (YoY),Inflation,1,retail_sales_ex_fuel_yoy,Retail Sales Ex Fuel (YoY),Growth,2,75,-0.40119972083622585,0.40119972083622585
BOJ,eco_watchers_outlook,Eco Watchers Survey Outlook,Sentiment,2,ppi_yoy,PPI (YoY),Inflation,2,75,0.40116848505197295,0.40116848505197295
BOE,core_cpi_yoy,Core CPI (YoY),Inflation,1,retail_sales_ex_fuel_yoy,Retail Sales Ex Fuel (YoY),Growth,2,75,-0.4007040680870246,0.4007040680870246
BOJ,cpi_headline_yoy,Headline CPI (YoY),Inflation,1,tankan_large_manufacturing_outlook,Tankan Large Manufacturing Outlook,Sentiment,2,25,0.40031052215455193,0.40031052215455193
RBA,producer_price_index_yoy,Producer Price Index (YoY),Inflation,2,services_pmi,Services PMI,Growth,2,18,0.40019559484036615,0.40019559484036615
BOJ,household_spending_yoy,Household Spending (YoY),Growth,2,ppi_yoy,PPI (YoY),Inflation,2,74,0.4000926064686107,0.4000926064686107
RBA,import_price_index_qoq,Import Price Index (QoQ),Inflation,2,rba_trimmed_mean_cpi_qoq,RBA Trimmed Mean CPI (QoQ),Inflation,1,25,0.3995574028761912,0.3995574028761912
RBA,private_sector_credit_yoy,Private Sector Credit (YoY),Growth,3,westpac_consumer_confidence_index,Westpac Consumer Confidence Index,Sentiment,2,74,-0.39939355897227447,0.39939355897227447
RBA,building_permits,Building Permits,Housing,2,monthly_cpi_indicator,Monthly CPI Indicator,Inflation,1,38,-0.39901376438909997,0.39901376438909997
RBA,balance_of_trade,Balance of Trade,Trade,2,rba_trimmed_mean_cpi_yoy,RBA Trimmed Mean CPI (YoY),Inflation,1,24,0.3988947880544958,0.3988947880544958
BOJ,leading_index_mom,Leading Index (MoM),Growth,2,tertiary_industry_index_mom,Tertiary Industry Index (MoM),Growth,2,21,0.3988640967205958,0.3988640967205958
RBA,export_price_index_qoq,Export Price Index (QoQ),Inflation,2,nab_business_confidence,NAB Business Confidence,Sentiment,2,22,0.39865028486947024,0.39865028486947024
RBNZ,credit_card_spending_yoy,Credit Card Spending (YoY),Growth,3,employment_change_qoq,Employment Change (QoQ),Labor,1,18,0.39860058584317737,0.39860058584317737
FED,nfib_business_optimism,NFIB Business Optimism Index,Sentiment,3,umich_consumer_sentiment,UMich Consumer Sentiment,Sentiment,2,33,0.39858656179075397,0.39858656179075397
BOC,cpi_headline_mom,Headline CPI (MoM),Inflation,2,raw_materials_prices_yoy,Raw Materials Prices (YoY),Inflation,3,71,0.3984580373385237,0.3984580373385237
RBNZ,exports,Exports,Growth,2,imports,Imports,Growth,2,76,0.3980578551149406,0.3980578551149406
BOC,ivey_pmi_sa,Ivey PMI s.a.,Growth,2,new_housing_price_index_yoy,New Housing Price Index (YoY),Housing,2,63,0.3977296826962714,0.3977296826962714
FED,initial_jobless_claims,Initial Jobless Claims,Labor,2,redbook_yoy,Redbook Retail Sales (YoY),Growth,3,167,-0.3977125539079292,0.3977125539079292
FED,adp_employment_change,ADP Employment Change,Labor,2,ism_manufacturing_pmi,ISM Manufacturing PMI,Growth,1,33,0.39764962714208335,0.39764962714208335
BOE,claimant_count_change,Claimant Count Change,Labor,2,manufacturing_pmi,Manufacturing PMI,Growth,2,28,0.39760917702153825,0.39760917702153825
RBA,current_account,Current Account,Trade,2,westpac_consumer_confidence_index,Westpac Consumer Confidence Index,Sentiment,2,24,0.3975756378857961,0.3975756378857961
ECB,construction_output_yoy,Construction Output (YoY),Growth,2,gdp_qoq,GDP (QoQ),Growth,1,22,0.39751409072385463,0.39751409072385463
FED,challenger_job_cuts,Challenger Job Cuts,Labor,3,michigan_inflation_expectations,Michigan Inflation Expectations,Inflation,2,33,-0.39747488122855434,0.39747488122855434
FED,ism_services_employment,ISM Services Employment,Growth,2,nfib_business_optimism,NFIB Business Optimism Index,Sentiment,3,26,0.39698414731303006,0.39698414731303006
RBA,current_account,Current Account,Trade,2,unemployment_rate,Unemployment Rate,Labor,1,24,0.3966222467963933,0.3966222467963933
BOE,house_price_index_yoy,House Price Index (YoY),Housing,3,ppi_input_mom,PPI Input (MoM),Inflation,3,63,0.3963960430620941,0.3963960430620941
BOC,budget_balance,Budget Balance,Growth,3,core_cpi_yoy,Core CPI (YoY),Inflation,1,73,0.39624715649236025,0.39624715649236025
FED,avg_hourly_earnings_mom,Average Hourly Earnings (MoM),Labor,2,participation_rate,Labor Force Participation Rate,Labor,2,36,-0.39622426973327063,0.39622426973327063
FED,average_weekly_hours,Average Weekly Hours,Labor,2,nfib_business_optimism,NFIB Business Optimism Index,Sentiment,3,36,0.39610914506364897,0.39610914506364897
FED,import_prices_mom,Import Prices (MoM),Inflation,3,ism_services_employment,ISM Services Employment,Growth,2,23,0.3959787530037926,0.3959787530037926
ECB,cpi_headline_mom,Headline HICP (MoM),Inflation,2,cpi_headline_yoy,Headline HICP (YoY),Inflation,1,72,0.39516942956504103,0.39516942956504103
BOJ,composite_pmi,S&P Global Composite PMI,Growth,2,cpi_ex_food_energy_yoy,CPI Ex Food and Energy (YoY),Inflation,1,72,0.39507169582403434,0.39507169582403434
BOJ,eco_watchers_outlook,Eco Watchers Survey Outlook,Sentiment,2,retail_sales_mom,Retail Sales (MoM),Growth,2,75,0.39471465689602947,0.39471465689602947
BOJ,industrial_production_yoy,Industrial Production (YoY),Growth,2,services_pmi,S&P Global Services PMI,Growth,2,75,0.3943515153740584,0.3943515153740584
BOJ,eco_watchers_outlook,Eco Watchers Survey Outlook,Sentiment,2,ppi_mom,PPI (MoM),Inflation,2,68,0.39423790651101737,0.39423790651101737
BOJ,core_cpi_yoy,Core CPI (YoY),Inflation,1,tankan_large_manufacturing_outlook,Tankan Large Manufacturing Outlook,Sentiment,2,25,0.39406598892312306,0.39406598892312306
FED,retail_sales_mom,Retail Sales (MoM),Growth,1,retail_sales_yoy,Retail Sales (YoY),Growth,2,38,0.3937583991324389,0.3937583991324389
BOJ,coincident_indicator_mom,Coincident Indicator (MoM),Growth,2,leading_index_mom,Leading Index (MoM),Growth,2,22,0.3936689303413651,0.3936689303413651
BOC,new_housing_price_index_yoy,New Housing Price Index (YoY),Housing,2,ppi_mom,PPI (MoM),Inflation,2,60,0.39318422879291853,0.39318422879291853
BOJ,cpi_headline_yoy,Headline CPI (YoY),Inflation,1,eco_watchers_outlook,Eco Watchers Survey Outlook,Sentiment,2,75,0.39242047995692725,0.39242047995692725
BOJ,core_cpi_yoy,Core CPI (YoY),Inflation,1,eco_watchers_outlook,Eco Watchers Survey Outlook,Sentiment,2,74,0.3919744792510959,0.3919744792510959
FED,pce_price_index_mom,PCE Price Index (MoM),Inflation,1,unemployment_rate,Unemployment Rate,Labor,1,30,-0.3919179432904828,0.3919179432904828
BOJ,balance_of_trade,Balance of Trade,Growth,2,core_cpi_yoy,Core CPI (YoY),Inflation,1,74,-0.39189595504105723,0.39189595504105723
BOC,imports,Imports,Trade,2,vehicle_sales_mom,Vehicle Sales (MoM),Growth,3,20,-0.39122429003458087,0.39122429003458087
RBA,producer_price_index_qoq,Producer Price Index (QoQ),Inflation,2,westpac_consumer_confidence_change,Westpac Consumer Confidence Change,Sentiment,2,24,0.3909012672478137,0.3909012672478137
BOE,composite_pmi,Composite PMI,Growth,2,gdp_mom,GDP (MoM),Growth,1,22,0.3902949517965657,0.3902949517965657
BOJ,cpi_ex_food_energy_yoy,CPI Ex Food and Energy (YoY),Inflation,1,retail_sales_yoy,Retail Sales (YoY),Growth,2,74,0.3902299385901253,0.3902299385901253
RBA,full_time_employment_change,Full-Time Employment Change,Labor,1,leading_index_mom,Leading Index (MoM),Growth,3,62,0.389772810652044,0.389772810652044
BOJ,cpi_ex_food_energy_yoy,CPI Ex Food and Energy (YoY),Inflation,1,imports_yoy,Imports (YoY),Growth,2,75,-0.3892631145522058,0.3892631145522058
BOE,retail_sales_mom,Retail Sales (MoM),Growth,1,retail_sales_yoy,Retail Sales (YoY),Growth,1,71,0.3891320832727718,0.3891320832727718
FED,core_cpi_yoy,Core CPI (YoY),Inflation,1,pce_price_index_mom,PCE Price Index (MoM),Inflation,1,30,0.38901119402363943,0.38901119402363943
BOC,new_housing_price_index_mom,New Housing Price Index (MoM),Housing,2,ppi_mom,PPI (MoM),Inflation,2,61,0.3889493087627773,0.3889493087627773
BOE,retail_price_index_yoy,Retail Price Index (YoY),Inflation,3,retail_sales_ex_fuel_yoy,Retail Sales Ex Fuel (YoY),Growth,2,75,-0.3889083482681937,0.3889083482681937
BOE,cbi_industrial_trends_orders,CBI Industrial Trends Orders,Sentiment,3,core_cpi_yoy,Core CPI (YoY),Inflation,1,75,0.3881459948286498,0.3881459948286498
BOE,cbi_business_optimism,CBI Business Optimism Index,Sentiment,3,house_price_index_mom,House Price Index (MoM),Housing,3,22,0.3881168929909635,0.3881168929909635
BOE,hmrc_payrolls_change,HMRC Payrolls Change,Labor,2,niesr_monthly_gdp_tracker,NIESR Monthly GDP Tracker,Growth,2,36,-0.38789032545462826,0.38789032545462826
RBA,balance_of_trade,Balance of Trade,Trade,2,commodity_prices_yoy,Commodity Prices (YoY),Inflation,3,51,0.38747761893751226,0.38747761893751226
RBA,rba_weighted_median_cpi_qoq,RBA Weighted Median CPI (QoQ),Inflation,1,retail_sales_mom,Retail Sales (MoM),Growth,1,20,0.3869110754972122,0.3869110754972122
RBA,rba_trimmed_mean_cpi_qoq,RBA Trimmed Mean CPI (QoQ),Inflation,1,td_mi_inflation_gauge_mom,TD-MI Inflation Gauge (MoM),Inflation,2,24,0.38660584797509345,0.38660584797509345
RBA,import_price_index_qoq,Import Price Index (QoQ),Inflation,2,producer_price_index_yoy,Producer Price Index (YoY),Inflation,2,25,0.3863980195597315,0.3863980195597315
BOE,composite_pmi,Composite PMI,Growth,2,gdp_yoy,GDP (YoY),Growth,1,26,-0.38635090242175796,0.38635090242175796
BOJ,tankan_large_all_industry_capex,Tankan Large All Industry Capex,Sentiment,2,tankan_non_manufacturing_outlook,Tankan Non-Manufacturing Outlook,Sentiment,2,25,0.3861049769248218,0.3861049769248218
RBNZ,balance_of_trade,Balance of Trade,Growth,2,unemployment_rate,Unemployment Rate,Labor,1,24,0.3855502559835965,0.3855502559835965
BOJ,capacity_utilization,Capacity Utilization,Growth,2,services_pmi,S&P Global Services PMI,Growth,2,74,0.3850218606261297,0.3850218606261297
BOJ,machinery_orders_yoy,Machinery Orders (YoY),Growth,2,tankan_non_manufacturing_outlook,Tankan Non-Manufacturing Outlook,Sentiment,2,25,0.38473966253562564,0.38473966253562564
BOJ,balance_of_trade,Balance of Trade,Growth,2,cpi_headline_yoy,Headline CPI (YoY),Inflation,1,75,-0.3843881990846309,0.3843881990846309
BOC,full_time_employment_change,Full-Time Employment Change,Labor,1,new_motor_vehicle_sales,New Motor Vehicle Sales,Growth,3,75,0.3842959662764952,0.3842959662764952
RBA,ai_group_construction_index,Ai Group Construction Index,Growth,3,rba_weighted_median_cpi_yoy,RBA Weighted Median CPI (YoY),Inflation,1,22,-0.38428881230353207,0.38428881230353207
FED,core_ppi_yoy,Core PPI (YoY),Inflation,2,retail_sales_yoy,Retail Sales (YoY),Growth,2,36,0.38428320398625915,0.38428320398625915
BOE,consumer_confidence,Consumer Confidence,Sentiment,3,core_rpi_mom,Core RPI (MoM),Inflation,3,22,-0.38416435536145277,0.38416435536145277
FED,pce_price_index_mom,PCE Price Index (MoM),Inflation,1,sp_global_composite_pmi,S&P Global Composite PMI,Growth,2,19,0.38407352354099983,0.38407352354099983
FED,challenger_job_cuts,Challenger Job Cuts,Labor,3,consumer_inflation_expectations,Consumer Inflation Expectations,Inflation,2,35,-0.38396808058398096,0.38396808058398096
BOC,ivey_pmi_sa,Ivey PMI s.a.,Growth,2,new_housing_price_index_mom,New Housing Price Index (MoM),Housing,2,61,0.38382369982057624,0.38382369982057624
BOJ,household_spending_yoy,Household Spending (YoY),Growth,2,leading_economic_index,Leading Economic Index,Growth,2,76,0.3838038535960318,0.3838038535960318
FED,consumer_inflation_expectations,Consumer Inflation Expectations,Inflation,2,ism_manufacturing_employment,ISM Manufacturing Employment,Growth,2,33,0.3836283338395613,0.3836283338395613
RBA,monthly_cpi_indicator,Monthly CPI Indicator,Inflation,1,services_pmi,Services PMI,Growth,2,38,-0.3833100832588485,0.3833100832588485
BOE,cbi_industrial_trends_orders,CBI Industrial Trends Orders,Sentiment,3,core_rpi_mom,Core RPI (MoM),Inflation,3,22,0.3832327692303382,0.3832327692303382
FED,participation_rate,Labor Force Participation Rate,Labor,2,umich_inflation_exp_5y,UMich 5Y Inflation Expectations,Inflation,2,33,0.38315145555514,0.38315145555514
BOE,core_rpi_yoy,Core RPI (YoY),Inflation,3,public_sector_net_borrowing,Public Sector Net Borrowing,Growth,3,19,0.382785009347039,0.382785009347039
RBA,building_permits,Building Permits,Housing,2,rba_trimmed_mean_cpi_qoq,RBA Trimmed Mean CPI (QoQ),Inflation,1,24,-0.3827077774518191,0.3827077774518191
RBA,manufacturing_pmi,Manufacturing PMI,Growth,2,nab_business_confidence,NAB Business Confidence,Sentiment,2,54,0.3826644705262113,0.3826644705262113
BOJ,consumer_confidence,Consumer Confidence,Sentiment,2,leading_index_mom,Leading Index (MoM),Growth,2,22,0.382558864262011,0.382558864262011
BOC,cfib_business_barometer,CFIB Business Barometer,Sentiment,2,imports,Imports,Trade,2,53,-0.3821652784784951,0.3821652784784951
BOC,ivey_pmi_sa,Ivey PMI s.a.,Growth,2,retail_sales_ex_autos_mom,Retail Sales Ex Autos (MoM),Growth,2,69,0.3817208503887339,0.3817208503887339
FED,core_pce_price_index_yoy,Core PCE Price Index (YoY),Inflation,1,sp_global_manufacturing_pmi,S&P Global Manufacturing PMI,Growth,2,20,0.38156631991529155,0.38156631991529155
BOC,core_cpi_mom,Core CPI (MoM),Inflation,2,core_cpi_yoy,Core CPI (YoY),Inflation,1,45,0.38153911317569483,0.38153911317569483
ECB,construction_output_mom,Construction Output (MoM),Growth,2,core_cpi_yoy,Core HICP (YoY),Inflation,1,21,0.3815177146092852,0.3815177146092852
FED,participation_rate,Labor Force Participation Rate,Labor,2,umich_consumer_sentiment,UMich Consumer Sentiment,Sentiment,2,33,-0.38146773640600645,0.38146773640600645
FED,core_ppi_yoy,Core PPI (YoY),Inflation,2,import_prices_mom,Import Prices (MoM),Inflation,3,33,0.3814530028363175,0.3814530028363175
BOJ,cpi_index,Consumer Price Index,Inflation,2,retail_sales_yoy,Retail Sales (YoY),Growth,2,70,0.3810341708465651,0.3810341708465651
BOE,manufacturing_pmi,Manufacturing PMI,Growth,2,ppi_input_yoy,PPI Input (YoY),Inflation,3,21,0.3805727749316459,0.3805727749316459
RBA,consumer_inflation_expectation,Consumer Inflation Expectation,Inflation,2,housing_credit_mom,Housing Credit (MoM),Growth,3,39,-0.38050471033413796,0.38050471033413796
BOE,composite_pmi,Composite PMI,Growth,2,ppi_core_output_yoy,PPI Core Output (YoY),Inflation,3,21,-0.3804208838551393,0.3804208838551393
FED,consumer_inflation_expectations,Consumer Inflation Expectations,Inflation,2,ism_manufacturing_prices,ISM Manufacturing Prices Paid,Growth,2,33,0.3803545995731943,0.3803545995731943
RBA,manufacturing_pmi,Manufacturing PMI,Growth,2,westpac_consumer_confidence_index,Westpac Consumer Confidence Index,Sentiment,2,58,0.38030029531190906,0.38030029531190906
BOJ,cpi_headline_yoy,Headline CPI (YoY),Inflation,1,machine_tool_orders_yoy,Machine Tool Orders (YoY),Growth,3,75,-0.379963107261173,0.379963107261173
BOC,vehicle_sales_mom,Vehicle Sales (MoM),Growth,3,wholesale_sales_mom,Wholesale Sales (MoM),Growth,2,19,-0.37990075920214644,0.37990075920214644
BOE,retail_sales_ex_fuel_mom,Retail Sales Ex Fuel (MoM),Growth,2,retail_sales_yoy,Retail Sales (YoY),Growth,1,73,0.3798237216312051,0.3798237216312051
BOE,avg_earnings_incl_bonus,Average Earnings (incl. Bonus),Labor,2,ppi_input_yoy,PPI Input (YoY),Inflation,3,66,0.3791821490159627,0.3791821490159627
BOJ,imports_yoy,Imports (YoY),Growth,2,tankan_large_manufacturers_index,Tankan Large Manufacturers Index,Sentiment,2,25,0.37883635685878847,0.37883635685878847
BOE,ppi_input_yoy,PPI Input (YoY),Inflation,3,unemployment_rate,Unemployment Rate,Labor,1,67,-0.3786308600008385,0.3786308600008385
BOC,ivey_pmi_sa,Ivey PMI s.a.,Growth,2,wholesale_sales_mom,Wholesale Sales (MoM),Growth,2,71,0.3785239882603491,0.3785239882603491
RBA,ai_group_construction_index,Ai Group Construction Index,Growth,3,balance_of_trade,Balance of Trade,Trade,2,69,0.3784413814213025,0.3784413814213025
BOC,ivey_pmi_sa,Ivey PMI s.a.,Growth,2,ppi_mom,PPI (MoM),Inflation,2,68,0.3783986424438668,0.3783986424438668
BOC,cfib_business_barometer,CFIB Business Barometer,Sentiment,2,ivey_pmi_sa,Ivey PMI s.a.,Growth,2,50,0.3783730328757448,0.3783730328757448
BOC,unemployment_rate,Unemployment Rate,Labor,1,vehicle_sales_mom,Vehicle Sales (MoM),Growth,3,20,0.37831932410701263,0.37831932410701263
BOJ,household_spending_mom,Household Spending (MoM),Growth,2,tankan_large_manufacturing_outlook,Tankan Large Manufacturing Outlook,Sentiment,2,25,0.37829479844866837,0.37829479844866837
BOE,hmrc_payrolls_change,HMRC Payrolls Change,Labor,2,unemployment_rate,Unemployment Rate,Labor,1,40,-0.37826434187872354,0.37826434187872354
BOJ,industrial_production_mom,Industrial Production (MoM),Growth,2,services_pmi,S&P Global Services PMI,Growth,2,76,0.3777578856815466,0.3777578856815466
RBA,employment_change,Employment Change,Labor,1,nab_business_confidence,NAB Business Confidence,Sentiment,2,72,0.37770739832229544,0.37770739832229544
FED,government_payrolls,Government Payrolls,Labor,2,ppi_mom,PPI (MoM),Inflation,2,34,0.3776308022907459,0.3776308022907459
BOE,gdp_yoy,GDP (YoY),Growth,1,ppi_output_yoy,PPI Output (YoY),Inflation,3,64,0.3774895275371761,0.3774895275371761
RBA,balance_of_trade,Balance of Trade,Trade,2,consumer_inflation_expectation,Consumer Inflation Expectation,Inflation,2,72,0.37739207400685243,0.37739207400685243
BOJ,cpi_headline_yoy,Headline CPI (YoY),Inflation,1,ppi_yoy,PPI (YoY),Inflation,2,74,0.3773323860430877,0.3773323860430877
BOJ,machine_tool_orders_yoy,Machine Tool Orders (YoY),Growth,3,tankan_small_manufacturers_index,Tankan Small Manufacturers Index,Sentiment,2,24,0.37715906422463047,0.37715906422463047
RBA,cpi_headline_yoy,Headline CPI (YoY),Inflation,1,private_sector_credit_mom,Private Sector Credit (MoM),Growth,3,26,0.37707441412388415,0.37707441412388415
BOJ,current_account,Current Account,Growth,2,leading_economic_index,Leading Economic Index,Growth,2,76,0.37639709002614224,0.37639709002614224
RBA,employment_change,Employment Change,Labor,1,retail_sales_mom,Retail Sales (MoM),Growth,1,65,0.3761784102169323,0.3761784102169323
BOC,new_motor_vehicle_sales,New Motor Vehicle Sales,Growth,3,part_time_employment_change,Part-Time Employment Change,Labor,1,75,0.37558069482226386,0.37558069482226386
RBA,import_price_index_qoq,Import Price Index (QoQ),Inflation,2,nab_business_confidence,NAB Business Confidence,Sentiment,2,22,0.3755539362658015,0.3755539362658015
BOC,cpi_headline_mom,Headline CPI (MoM),Inflation,2,gdp_mom,GDP (MoM),Growth,1,66,0.3754662132490514,0.3754662132490514
FED,avg_hourly_earnings_mom,Average Hourly Earnings (MoM),Labor,2,philly_fed_mfg,Philadelphia Fed Manufacturing Index,Growth,2,27,-0.3752844826145195,0.3752844826145195
BOE,ppi_input_mom,PPI Input (MoM),Inflation,3,services_pmi,Services PMI,Growth,1,19,-0.375139440861975,0.375139440861975
BOJ,current_account,Current Account,Growth,2,imports_yoy,Imports (YoY),Growth,2,75,-0.3747736078122469,0.3747736078122469
BOE,industrial_production_yoy,Industrial Production (YoY),Growth,2,ppi_input_yoy,PPI Input (YoY),Inflation,3,67,0.37427656149704136,0.37427656149704136
RBA,cpi_headline_yoy,Headline CPI (YoY),Inflation,1,retail_sales_mom,Retail Sales (MoM),Growth,1,20,0.3740647970172686,0.3740647970172686
BOJ,ppi_yoy,PPI (YoY),Inflation,2,services_pmi,S&P Global Services PMI,Growth,2,75,0.3738438130604425,0.3738438130604425
FED,umich_consumer_sentiment,UMich Consumer Sentiment,Sentiment,2,unemployment_rate,Unemployment Rate,Labor,1,33,0.37356429541219355,0.37356429541219355
FED,consumer_inflation_expectations,Consumer Inflation Expectations,Inflation,2,unemployment_rate,Unemployment Rate,Labor,1,35,-0.3735020386680318,0.3735020386680318
BOC,full_time_employment_change,Full-Time Employment Change,Labor,1,retail_sales_yoy,Retail Sales (YoY),Growth,2,73,0.3732180397966864,0.3732180397966864
BOE,house_price_index_yoy,House Price Index (YoY),Housing,3,retail_price_index_mom,Retail Price Index (MoM),Inflation,3,69,0.3731216162818269,0.3731216162818269
FED,cpi_headline_mom,Headline CPI (MoM),Inflation,2,retail_sales_mom,Retail Sales (MoM),Growth,1,29,0.3730775572485201,0.3730775572485201
ECB,consumer_inflation_expectation,Consumer Inflation Expectation,Inflation,2,economic_sentiment,Economic Sentiment,Sentiment,2,76,0.37302077523308486,0.37302077523308486
FED,ism_manufacturing_new_orders,ISM Manufacturing New Orders,Growth,2,umich_consumer_sentiment,UMich Consumer Sentiment,Sentiment,2,33,0.37273699879069233,0.37273699879069233
BOJ,ppi_mom,PPI (MoM),Inflation,2,reuters_tankan_index,Reuters Tankan Index,Sentiment,2,67,0.37249622879908956,0.37249622879908956
BOJ,consumer_confidence,Consumer Confidence,Sentiment,2,gdp_qoq,GDP (QoQ),Growth,1,24,0.37238245447701157,0.37238245447701157
BOJ,retail_sales_yoy,Retail Sales (YoY),Growth,2,tankan_large_non_manufacturing_index,Tankan Large Non-Manufacturing Index,Sentiment,2,25,0.37231665744278436,0.37231665744278436
RBA,private_sector_credit_mom,Private Sector Credit (MoM),Growth,3,rba_weighted_median_cpi_yoy,RBA Weighted Median CPI (YoY),Inflation,1,21,0.3720656493012776,0.3720656493012776
FED,ism_manufacturing_prices,ISM Manufacturing Prices Paid,Growth,2,pce_price_index_yoy,PCE Price Index (YoY),Inflation,1,31,0.3719742181930214,0.3719742181930214
RBA,current_account,Current Account,Trade,2,private_sector_credit_yoy,Private Sector Credit (YoY),Growth,3,24,-0.37155679531055213,0.37155679531055213
FED,cpi_headline_yoy,Headline CPI (YoY),Inflation,1,ny_empire_state_mfg,NY Empire State Manufacturing Index,Growth,2,26,0.37150037470859226,0.37150037470859226
BOE,gdp_mom,GDP (MoM),Growth,1,services_pmi,Services PMI,Growth,1,22,0.37124908215231833,0.37124908215231833
FED,cpi_headline_yoy,Headline CPI (YoY),Inflation,1,export_prices_mom,Export Prices (MoM),Inflation,3,34,0.3709803927781469,0.3709803927781469
RBA,thomson_reuters_ipsos_pcsi,Thomson Reuters IPSOS PCSI,Sentiment,3,westpac_consumer_confidence_change,Westpac Consumer Confidence Change,Sentiment,2,21,0.37094264891670387,0.37094264891670387
BOJ,machine_tool_orders_yoy,Machine Tool Orders (YoY),Growth,3,ppi_yoy,PPI (YoY),Inflation,2,75,0.3708983942721157,0.3708983942721157
FED,ism_manufacturing_prices,ISM Manufacturing Prices Paid,Growth,2,michigan_inflation_expectations,Michigan Inflation Expectations,Inflation,2,33,0.37077942270559544,0.37077942270559544
SNB,consumer_confidence,Consumer Confidence,Sentiment,2,producer_import_prices_yoy,Producer & Import Prices (YoY),Inflation,2,43,0.37037227957841035,0.37037227957841035
BOJ,consumer_confidence,Consumer Confidence,Sentiment,2,retail_sales_yoy,Retail Sales (YoY),Growth,2,75,0.3701892730392311,0.3701892730392311
RBA,leading_index_mom,Leading Index (MoM),Growth,3,monthly_cpi_indicator,Monthly CPI Indicator,Inflation,1,25,-0.3700721253132626,0.3700721253132626
RBA,ai_group_construction_index,Ai Group Construction Index,Growth,3,import_price_index_qoq,Import Price Index (QoQ),Inflation,2,23,0.36934001482898343,0.36934001482898343
BOC,cpi_headline_mom,Headline CPI (MoM),Inflation,2,ppi_yoy,PPI (YoY),Inflation,2,71,0.36919986881074135,0.36919986881074135
FED,avg_hourly_earnings_yoy,Average Hourly Earnings (YoY),Labor,1,nfib_business_optimism,NFIB Business Optimism Index,Sentiment,3,35,-0.36916420166437547,0.36916420166437547
BOC,retail_sales_ex_autos_mom,Retail Sales Ex Autos (MoM),Growth,2,vehicle_sales_mom,Vehicle Sales (MoM),Growth,3,19,-0.36911928865873833,0.36911928865873833
BOJ,machinery_orders_mom,Machinery Orders (MoM),Growth,2,machinery_orders_yoy,Machinery Orders (YoY),Growth,2,75,0.36897698616248187,0.36897698616248187
FED,export_prices_mom,Export Prices (MoM),Inflation,3,pce_price_index_yoy,PCE Price Index (YoY),Inflation,1,36,0.3686119624361117,0.3686119624361117
RBNZ,cpi_headline_yoy,Headline CPI (YoY),Inflation,1,employment_change_qoq,Employment Change (QoQ),Labor,1,22,0.36853928563191896,0.36853928563191896
BOC,imports,Imports,Trade,2,new_motor_vehicle_sales,New Motor Vehicle Sales,Growth,3,76,0.36810435105041966,0.36810435105041966
BOE,consumer_confidence,Consumer Confidence,Sentiment,3,gdp_yoy,GDP (YoY),Growth,1,71,0.367990854537704,0.367990854537704
BOJ,ppi_mom,PPI (MoM),Inflation,2,retail_sales_mom,Retail Sales (MoM),Growth,2,67,0.36794536562536606,0.36794536562536606
BOJ,composite_pmi,S&P Global Composite PMI,Growth,2,tertiary_industry_index_mom,Tertiary Industry Index (MoM),Growth,2,71,0.3678483372522732,0.3678483372522732
BOJ,exports_yoy,Exports (YoY),Growth,2,tankan_large_all_industry_capex,Tankan Large All Industry Capex,Sentiment,2,25,0.36741283229251476,0.36741283229251476
FED,export_prices_mom,Export Prices (MoM),Inflation,3,sp_global_services_pmi,S&P Global Services PMI,Growth,2,21,0.3674007390428641,0.3674007390428641
BOJ,composite_pmi,S&P Global Composite PMI,Growth,2,industrial_production_mom,Industrial Production (MoM),Growth,2,73,0.3673009746789826,0.3673009746789826
RBA,corelogic_dwelling_prices_mom,CoreLogic Dwelling Prices (MoM),Housing,2,leading_index_mom,Leading Index (MoM),Growth,3,20,0.3672294268275817,0.3672294268275817
BOC,core_cpi_yoy,Core CPI (YoY),Inflation,1,imports,Imports,Trade,2,75,0.36717402489569495,0.36717402489569495
BOC,ivey_pmi_sa,Ivey PMI s.a.,Growth,2,raw_materials_prices_mom,Raw Materials Prices (MoM),Inflation,3,70,0.36596570256069333,0.36596570256069333
BOJ,coincident_indicator_mom,Coincident Indicator (MoM),Growth,2,ppi_yoy,PPI (YoY),Inflation,2,21,0.3658596160333374,0.3658596160333374
BOC,cfib_business_barometer,CFIB Business Barometer,Sentiment,2,manufacturing_sales_mom,Manufacturing Sales (MoM),Growth,2,52,0.36582074376582296,0.36582074376582296
BOJ,core_cpi_yoy,Core CPI (YoY),Inflation,1,cpi_headline_mom,Headline CPI (MoM),Inflation,2,67,0.3654514393520386,0.3654514393520386
BOJ,eco_watchers_current,Eco Watchers Survey Current,Sentiment,2,ppi_mom,PPI (MoM),Inflation,2,68,0.3650894006967111,0.3650894006967111
RBA,balance_of_trade,Balance of Trade,Trade,2,import_price_index_qoq,Import Price Index (QoQ),Inflation,2,24,0.3650742311019971,0.3650742311019971
FED,government_payrolls,Government Payrolls,Labor,2,michigan_inflation_expectations,Michigan Inflation Expectations,Inflation,2,33,0.36459695751226884,0.36459695751226884
ECB,construction_output_mom,Construction Output (MoM),Growth,2,construction_output_yoy,Construction Output (YoY),Growth,2,20,0.3644922113446837,0.3644922113446837
BOJ,coincident_indicator_mom,Coincident Indicator (MoM),Growth,2,manufacturing_pmi,S&P Global Manufacturing PMI,Growth,2,22,0.36397830025752753,0.36397830025752753
BOE,gdp_yoy,GDP (YoY),Growth,1,ppi_core_output_mom,PPI Core Output (MoM),Inflation,3,52,0.3639450331166723,0.3639450331166723
BOJ,eco_watchers_current,Eco Watchers Survey Current,Sentiment,2,leading_index_mom,Leading Index (MoM),Growth,2,22,0.3637095176116668,0.3637095176116668
RBNZ,balance_of_trade,Balance of Trade,Growth,2,labour_cost_index_qoq,Labour Cost Index (QoQ),Labor,2,24,-0.3635101976668166,0.3635101976668166
BOJ,consumer_confidence,Consumer Confidence,Sentiment,2,machinery_orders_yoy,Machinery Orders (YoY),Growth,2,75,0.3632908234607662,0.3632908234607662
BOC,cfib_business_barometer,CFIB Business Barometer,Sentiment,2,gdp_mom,GDP (MoM),Growth,1,49,0.3631800636556582,0.3631800636556582
FED,core_cpi_yoy,Core CPI (YoY),Inflation,1,participation_rate,Labor Force Participation Rate,Labor,2,35,0.36313967688826215,0.36313967688826215
BOE,ppi_input_mom,PPI Input (MoM),Inflation,3,ppi_input_yoy,PPI Input (YoY),Inflation,3,66,0.36301478974324575,0.36301478974324575
RBNZ,capacity_utilization,Capacity Utilization,Growth,3,participation_rate,Labor Force Participation Rate,Labor,1,25,-0.36222524236420295,0.36222524236420295
FED,core_cpi_yoy,Core CPI (YoY),Inflation,1,ism_manufacturing_employment,ISM Manufacturing Employment,Growth,2,33,0.36210638190040445,0.36210638190040445
BOJ,ppi_mom,PPI (MoM),Inflation,2,tertiary_industry_index_mom,Tertiary Industry Index (MoM),Growth,2,67,0.3615515962764405,0.3615515962764405
FED,adp_employment_change,ADP Employment Change,Labor,2,core_pce_price_index_yoy,Core PCE Price Index (YoY),Inflation,1,32,0.3615139013379177,0.3615139013379177
FED,pce_price_index_yoy,PCE Price Index (YoY),Inflation,1,retail_sales_yoy,Retail Sales (YoY),Growth,2,39,0.36134973391563985,0.36134973391563985
FED,sp_global_manufacturing_pmi,S&P Global Manufacturing PMI,Growth,2,sp_global_services_pmi,S&P Global Services PMI,Growth,2,29,0.3611171044777113,0.3611171044777113
RBA,full_time_employment_change,Full-Time Employment Change,Labor,1,nab_business_confidence,NAB Business Confidence,Sentiment,2,72,0.36101172561025097,0.36101172561025097
RBA,corelogic_dwelling_prices_mom,CoreLogic Dwelling Prices (MoM),Housing,2,manufacturing_pmi,Manufacturing PMI,Growth,2,31,-0.3609850063597171,0.3609850063597171
BOC,composite_pmi,Composite PMI,Growth,2,vehicle_sales_mom,Vehicle Sales (MoM),Growth,3,20,-0.36064515702415967,0.36064515702415967
BOJ,cpi_index,Consumer Price Index,Inflation,2,machine_tool_orders_yoy,Machine Tool Orders (YoY),Growth,3,70,-0.3606284741663833,0.3606284741663833
BOE,core_cpi_yoy,Core CPI (YoY),Inflation,1,services_pmi,Services PMI,Growth,1,28,0.3603082884716704,0.3603082884716704
BOE,gdp_yoy,GDP (YoY),Growth,1,nationwide_hpi_yoy,Nationwide House Prices (YoY),Housing,3,72,0.36008433285935687,0.36008433285935687
BOC,manufacturing_pmi,Manufacturing PMI,Growth,2,retail_sales_yoy,Retail Sales (YoY),Growth,2,46,0.3600715759088706,0.3600715759088706
FED,core_pce_price_index_yoy,Core PCE Price Index (YoY),Inflation,1,participation_rate,Labor Force Participation Rate,Labor,2,34,0.35991258893743533,0.35991258893743533
FED,philly_fed_mfg,Philadelphia Fed Manufacturing Index,Growth,2,umich_consumer_sentiment,UMich Consumer Sentiment,Sentiment,2,40,0.3591937399903811,0.3591937399903811
RBA,balance_of_trade,Balance of Trade,Trade,2,rba_weighted_median_cpi_yoy,RBA Weighted Median CPI (YoY),Inflation,1,23,0.35912611024957397,0.35912611024957397
FED,avg_hourly_earnings_mom,Average Hourly Earnings (MoM),Labor,2,core_cpi_mom,Core CPI (MoM),Inflation,1,33,-0.3591059255006958,0.3591059255006958
BOE,core_rpi_yoy,Core RPI (YoY),Inflation,3,niesr_monthly_gdp_tracker,NIESR Monthly GDP Tracker,Growth,2,22,-0.35873788417554436,0.35873788417554436
RBA,private_sector_credit_mom,Private Sector Credit (MoM),Growth,3,westpac_consumer_confidence_change,Westpac Consumer Confidence Change,Sentiment,2,71,-0.35873171349604,0.35873171349604
FED,adp_employment_change,ADP Employment Change,Labor,2,sp_global_services_pmi,S&P Global Services PMI,Growth,2,22,0.35841964963382245,0.35841964963382245
RBA,consumer_price_index,Consumer Price Index,Inflation,2,unemployment_rate,Unemployment Rate,Labor,1,18,-0.35825522333039767,0.35825522333039767
RBA,cpi_headline_qoq,Headline CPI (QoQ),Inflation,1,import_price_index_qoq,Import Price Index (QoQ),Inflation,2,24,0.3580308051144074,0.3580308051144074
FED,adp_employment_change,ADP Employment Change,Labor,2,sp_global_composite_pmi,S&P Global Composite PMI,Growth,2,22,0.35749787141099837,0.35749787141099837
SNB,economic_sentiment_index,Economic Sentiment Index,Sentiment,2,retail_sales_yoy,Retail Sales (YoY),Growth,2,72,0.35748685197643404,0.35748685197643404
BOJ,capacity_utilization,Capacity Utilization,Growth,2,composite_pmi,S&P Global Composite PMI,Growth,2,71,0.3574325221060135,0.3574325221060135
RBA,part_time_employment_change,Part-Time Employment Change,Labor,1,rba_trimmed_mean_cpi_qoq,RBA Trimmed Mean CPI (QoQ),Inflation,1,24,0.3572503844682848,0.3572503844682848
BOE,hmrc_payrolls_change,HMRC Payrolls Change,Labor,2,ppi_input_yoy,PPI Input (YoY),Inflation,3,33,0.3572272239472537,0.3572272239472537
BOE,core_cpi_yoy,Core CPI (YoY),Inflation,1,retail_price_index_mom,Retail Price Index (MoM),Inflation,3,72,0.35714964523027865,0.35714964523027865
BOE,cpi_headline_mom,Headline CPI (MoM),Inflation,2,house_price_index_yoy,House Price Index (YoY),Housing,3,65,0.35711877121014973,0.35711877121014973
BOC,cpi_headline_yoy,Headline CPI (YoY),Inflation,1,imports,Imports,Trade,2,75,0.3569573673125011,0.3569573673125011
BOJ,machine_tool_orders_yoy,Machine Tool Orders (YoY),Growth,3,unemployment_rate,Unemployment Rate,Labor,2,75,0.3569300876620625,0.3569300876620625
RBA,ai_group_industry_index,Ai Group Industry Index,Growth,3,unemployment_rate,Unemployment Rate,Labor,1,36,-0.35681293932635433,0.35681293932635433
BOE,employment_change,Employment Change,Labor,2,public_sector_net_borrowing,Public Sector Net Borrowing,Growth,3,69,0.3567434070925194,0.3567434070925194
FED,umich_inflation_exp_5y,UMich 5Y Inflation Expectations,Inflation,2,unemployment_rate,Unemployment Rate,Labor,1,33,-0.3567353570081154,0.3567353570081154
RBA,producer_price_index_yoy,Producer Price Index (YoY),Inflation,2,retail_sales_mom,Retail Sales (MoM),Growth,1,20,0.3564145406247303,0.3564145406247303
FED,government_payrolls,Government Payrolls,Labor,2,ppi_yoy,PPI (YoY),Inflation,2,35,0.35638206890606094,0.35638206890606094
BOC,balance_of_trade,Balance of Trade,Trade,2,unemployment_rate,Unemployment Rate,Labor,1,75,-0.3563471801378595,0.3563471801378595
FED,core_cpi_mom,Core CPI (MoM),Inflation,1,michigan_inflation_expectations,Michigan Inflation Expectations,Inflation,2,31,0.3561645116988784,0.3561645116988784
BOC,cpi_headline_mom,Headline CPI (MoM),Inflation,2,retail_sales_mom,Retail Sales (MoM),Growth,1,69,0.3561503245114839,0.3561503245114839
RBA,imports_mom,Imports (MoM),Trade,2,part_time_employment_change,Part-Time Employment Change,Labor,1,75,0.35606480396503604,0.35606480396503604
SNB,economic_sentiment_index,Economic Sentiment Index,Sentiment,2,producer_import_prices_yoy,Producer & Import Prices (YoY),Inflation,2,74,-0.3557879206501225,0.3557879206501225
FED,adp_employment_change,ADP Employment Change,Labor,2,ism_manufacturing_prices,ISM Manufacturing Prices Paid,Growth,2,33,0.35561506915640756,0.35561506915640756
BOC,ivey_pmi_sa,Ivey PMI s.a.,Growth,2,retail_sales_mom,Retail Sales (MoM),Growth,1,70,0.35558682314845863,0.35558682314845863
FED,cpi_headline_yoy,Headline CPI (YoY),Inflation,1,ism_manufacturing_prices,ISM Manufacturing Prices Paid,Growth,2,33,0.35552220280557434,0.35552220280557434
BOC,manufacturing_sales_mom,Manufacturing Sales (MoM),Growth,2,ppi_mom,PPI (MoM),Inflation,2,71,0.35545253422853934,0.35545253422853934
RBNZ,cpi_headline_qoq,Headline CPI (QoQ),Inflation,1,imports,Imports,Growth,2,25,0.3553074874505703,0.3553074874505703
BOJ,tankan_large_all_industry_capex,Tankan Large All Industry Capex,Sentiment,2,tankan_large_non_manufacturing_index,Tankan Large Non-Manufacturing Index,Sentiment,2,25,0.3548881236026534,0.3548881236026534
BOE,hmrc_payrolls_change,HMRC Payrolls Change,Labor,2,ppi_core_output_yoy,PPI Core Output (YoY),Inflation,3,33,0.3548572747467291,0.3548572747467291
BOE,claimant_count_change,Claimant Count Change,Labor,2,ppi_output_mom,PPI Output (MoM),Inflation,3,58,-0.35464148852999167,0.35464148852999167
FED,participation_rate,Labor Force Participation Rate,Labor,2,sp_global_manufacturing_pmi,S&P Global Manufacturing PMI,Growth,2,21,-0.3540899106932972,0.3540899106932972
BOJ,imports_yoy,Imports (YoY),Growth,2,tankan_large_manufacturing_outlook,Tankan Large Manufacturing Outlook,Sentiment,2,25,0.3540006071042075,0.3540006071042075
BOE,retail_price_index_mom,Retail Price Index (MoM),Inflation,3,unemployment_rate,Unemployment Rate,Labor,1,71,-0.35391255491979084,0.35391255491979084
BOE,avg_earnings_excl_bonus,Average Earnings (excl. Bonus),Labor,1,claimant_count_change,Claimant Count Change,Labor,2,73,-0.353626371054787,0.353626371054787
BOC,composite_pmi,Composite PMI,Growth,2,ppi_mom,PPI (MoM),Inflation,2,25,0.35357786398010554,0.35357786398010554
BOJ,eco_watchers_outlook,Eco Watchers Survey Outlook,Sentiment,2,exports_yoy,Exports (YoY),Growth,2,76,0.3535335160216928,0.3535335160216928
BOC,cpi_headline_mom,Headline CPI (MoM),Inflation,2,wholesale_sales_mom,Wholesale Sales (MoM),Growth,2,70,0.3530747762257543,0.3530747762257543
ECB,consumer_inflation_expectation,Consumer Inflation Expectation,Inflation,2,zew_economic_sentiment,ZEW Economic Sentiment Index,Sentiment,2,75,-0.3530513144781605,0.3530513144781605
RBA,imports_mom,Imports (MoM),Trade,2,rba_trimmed_mean_cpi_qoq,RBA Trimmed Mean CPI (QoQ),Inflation,1,24,0.35252005468602315,0.35252005468602315
FED,cpi_headline_yoy,Headline CPI (YoY),Inflation,1,retail_sales_yoy,Retail Sales (YoY),Growth,2,35,0.35243832405477665,0.35243832405477665
FED,philly_fed_mfg,Philadelphia Fed Manufacturing Index,Growth,2,unemployment_rate,Unemployment Rate,Labor,1,27,-0.3523675483554581,0.3523675483554581
FED,average_weekly_hours,Average Weekly Hours,Labor,2,umich_inflation_exp_5y,UMich 5Y Inflation Expectations,Inflation,2,33,-0.35218015102279243,0.35218015102279243
BOJ,cpi_index,Consumer Price Index,Inflation,2,eco_watchers_outlook,Eco Watchers Survey Outlook,Sentiment,2,70,0.35198705826784155,0.35198705826784155
BOJ,imports_yoy,Imports (YoY),Growth,2,tankan_small_manufacturers_index,Tankan Small Manufacturers Index,Sentiment,2,24,0.3518317663672959,0.3518317663672959
BOE,core_cpi_yoy,Core CPI (YoY),Inflation,1,cpi_headline_mom,Headline CPI (MoM),Inflation,2,68,0.35181280477088556,0.35181280477088556
BOE,industrial_production_yoy,Industrial Production (YoY),Growth,2,ppi_input_mom,PPI Input (MoM),Inflation,3,65,0.3515899095110026,0.3515899095110026
BOC,employment_change,Employment Change,Labor,1,retail_sales_yoy,Retail Sales (YoY),Growth,2,73,0.3512572905383317,0.3512572905383317
BOC,core_cpi_mom,Core CPI (MoM),Inflation,2,ppi_yoy,PPI (YoY),Inflation,2,45,0.3512508001952607,0.3512508001952607
FED,core_ppi_yoy,Core PPI (YoY),Inflation,2,umich_consumer_sentiment,UMich Consumer Sentiment,Sentiment,2,32,-0.35107389670520184,0.35107389670520184
RBA,consumer_price_index,Consumer Price Index,Inflation,2,private_sector_credit_mom,Private Sector Credit (MoM),Growth,3,18,-0.35101452151441676,0.35101452151441676
BOJ,industrial_production_yoy,Industrial Production (YoY),Growth,2,tankan_large_non_manufacturing_index,Tankan Large Non-Manufacturing Index,Sentiment,2,25,0.350978146937403,0.350978146937403
BOJ,ppi_mom,PPI (MoM),Inflation,2,services_pmi,S&P Global Services PMI,Growth,2,68,0.35085030965246133,0.35085030965246133
FED,ism_manufacturing_employment,ISM Manufacturing Employment,Growth,2,participation_rate,Labor Force Participation Rate,Labor,2,33,0.3505581424489137,0.3505581424489137
BOC,ppi_mom,PPI (MoM),Inflation,2,services_pmi,Services PMI,Growth,2,26,0.3504850441739602,0.3504850441739602
BOC,core_cpi_mom,Core CPI (MoM),Inflation,2,cpi_headline_yoy,Headline CPI (YoY),Inflation,1,45,0.3502682425795391,0.3502682425795391
BOC,cpi_headline_mom,Headline CPI (MoM),Inflation,2,retail_sales_ex_autos_mom,Retail Sales Ex Autos (MoM),Growth,2,67,0.35024498252721536,0.35024498252721536
FED,michigan_inflation_expectations,Michigan Inflation Expectations,Inflation,2,pce_price_index_mom,PCE Price Index (MoM),Inflation,1,28,0.35016937786988106,0.35016937786988106
RBA,part_time_employment_change,Part-Time Employment Change,Labor,1,retail_sales_mom,Retail Sales (MoM),Growth,1,65,0.349703871714522,0.349703871714522
RBNZ,balance_of_trade,Balance of Trade,Growth,2,participation_rate,Labor Force Participation Rate,Labor,1,24,-0.34965902343424665,0.34965902343424665
FED,consumer_inflation_expectations,Consumer Inflation Expectations,Inflation,2,core_pce_price_index_mom,Core PCE Price Index (MoM),Inflation,1,32,0.3494678396582082,0.3494678396582082
BOE,nationwide_hpi_yoy,Nationwide House Prices (YoY),Housing,3,retail_price_index_mom,Retail Price Index (MoM),Inflation,3,71,0.34932862900098577,0.34932862900098577
BOE,consumer_confidence,Consumer Confidence,Sentiment,3,ppi_input_yoy,PPI Input (YoY),Inflation,3,67,-0.349255320168377,0.349255320168377
BOC,core_cpi_mom,Core CPI (MoM),Inflation,2,ppi_mom,PPI (MoM),Inflation,2,41,0.3490488414120631,0.3490488414120631
FED,export_prices_mom,Export Prices (MoM),Inflation,3,government_payrolls,Government Payrolls,Labor,2,33,0.3488951964578345,0.3488951964578345
FED,government_payrolls,Government Payrolls,Labor,2,import_prices_yoy,Import Prices (YoY),Inflation,3,35,0.3485585418657998,0.3485585418657998
BOJ,eco_watchers_current,Eco Watchers Survey Current,Sentiment,2,industrial_production_mom,Industrial Production (MoM),Growth,2,76,0.3482723393863973,0.3482723393863973
FED,core_ppi_yoy,Core PPI (YoY),Inflation,2,government_payrolls,Government Payrolls,Labor,2,35,0.347936674717137,0.347936674717137
FED,core_pce_price_index_yoy,Core PCE Price Index (YoY),Inflation,1,ny_empire_state_mfg,NY Empire State Manufacturing Index,Growth,2,25,0.34773894832665503,0.34773894832665503
RBA,export_price_index_qoq,Export Price Index (QoQ),Inflation,2,leading_index_mom,Leading Index (MoM),Growth,3,19,0.34731486257717187,0.34731486257717187
FED,consumer_inflation_expectations,Consumer Inflation Expectations,Inflation,2,umich_consumer_sentiment,UMich Consumer Sentiment,Sentiment,2,33,-0.34704810366211536,0.34704810366211536
FED,nfib_business_optimism,NFIB Business Optimism Index,Sentiment,3,pce_price_index_yoy,PCE Price Index (YoY),Inflation,1,33,-0.3467189332468776,0.3467189332468776
BOJ,exports_yoy,Exports (YoY),Growth,2,services_pmi,S&P Global Services PMI,Growth,2,76,0.3465571639556075,0.3465571639556075
ECB,consumer_inflation_expectation,Consumer Inflation Expectation,Inflation,2,unemployment_rate,Unemployment Rate,Labor,1,75,0.34465740966938274,0.34465740966938274
BOE,composite_pmi,Composite PMI,Growth,2,ppi_input_yoy,PPI Input (YoY),Inflation,3,21,-0.34412276782411894,0.34412276782411894
FED,cpi_headline_yoy,Headline CPI (YoY),Inflation,1,nfib_business_optimism,NFIB Business Optimism Index,Sentiment,3,35,-0.34396144381002325,0.34396144381002325
BOC,gdp_mom,GDP (MoM),Growth,1,new_motor_vehicle_sales,New Motor Vehicle Sales,Growth,3,71,0.34378181462446555,0.34378181462446555
BOE,ppi_input_mom,PPI Input (MoM),Inflation,3,retail_sales_yoy,Retail Sales (YoY),Growth,1,63,0.3431640033076129,0.3431640033076129
BOE,gdp_yoy,GDP (YoY),Growth,1,ppi_output_mom,PPI Output (MoM),Inflation,3,54,0.34308971009733985,0.34308971009733985
RBA,monthly_cpi_indicator,Monthly CPI Indicator,Inflation,1,private_sector_credit_mom,Private Sector Credit (MoM),Growth,3,38,-0.3430622890207437,0.3430622890207437
FED,adp_employment_change,ADP Employment Change,Labor,2,pce_price_index_yoy,PCE Price Index (YoY),Inflation,1,32,0.3427141674591991,0.3427141674591991
FED,core_cpi_yoy,Core CPI (YoY),Inflation,1,core_pce_price_index_mom,Core PCE Price Index (MoM),Inflation,1,32,0.34263993428346484,0.34263993428346484
RBA,balance_of_trade,Balance of Trade,Trade,2,producer_price_index_yoy,Producer Price Index (YoY),Inflation,2,24,0.3424575093605143,0.3424575093605143
FED,adp_employment_change,ADP Employment Change,Labor,2,import_prices_yoy,Import Prices (YoY),Inflation,3,33,0.3420943535655769,0.3420943535655769
BOJ,cpi_ex_food_energy_yoy,CPI Ex Food and Energy (YoY),Inflation,1,tankan_large_all_industry_capex,Tankan Large All Industry Capex,Sentiment,2,25,0.34202951598714554,0.34202951598714554
RBA,housing_credit_mom,Housing Credit (MoM),Growth,3,nab_business_confidence,NAB Business Confidence,Sentiment,2,37,0.34193591678121504,0.34193591678121504
BOE,gdp_mom,GDP (MoM),Growth,1,industrial_production_yoy,Industrial Production (YoY),Growth,2,69,0.34172127159572707,0.34172127159572707
FED,cpi_index,CPI Index,Inflation,2,retail_sales_mom,Retail Sales (MoM),Growth,1,24,-0.34062196882482987,0.34062196882482987
RBA,employment_change,Employment Change,Labor,1,exports_mom,Exports (MoM),Trade,2,74,0.3401689089578077,0.3401689089578077
BOJ,balance_of_trade,Balance of Trade,Growth,2,cpi_index,Consumer Price Index,Inflation,2,70,-0.3399471877345009,0.3399471877345009
BOJ,industrial_production_mom,Industrial Production (MoM),Growth,2,ppi_mom,PPI (MoM),Inflation,2,68,0.3393963182214366,0.3393963182214366
BOE,ppi_core_output_mom,PPI Core Output (MoM),Inflation,3,unemployment_rate,Unemployment Rate,Labor,1,54,-0.33936226995593555,0.33936226995593555
BOJ,composite_pmi,S&P Global Composite PMI,Growth,2,cpi_index,Consumer Price Index,Inflation,2,68,0.33934081997160215,0.33934081997160215
RBA,ai_group_manufacturing_index,Ai Group Manufacturing Index,Growth,3,import_price_index_qoq,Import Price Index (QoQ),Inflation,2,23,0.33932112999127617,0.33932112999127617
BOE,composite_pmi,Composite PMI,Growth,2,ppi_input_mom,PPI Input (MoM),Inflation,3,19,-0.33925917746077355,0.33925917746077355
BOE,hmrc_payrolls_change,HMRC Payrolls Change,Labor,2,industrial_production_yoy,Industrial Production (YoY),Growth,2,40,-0.33871156521001844,0.33871156521001844
BOE,composite_pmi,Composite PMI,Growth,2,public_sector_net_borrowing,Public Sector Net Borrowing,Growth,3,23,-0.3384159189696938,0.3384159189696938
FED,retail_sales_yoy,Retail Sales (YoY),Growth,2,umich_consumer_sentiment,UMich Consumer Sentiment,Sentiment,2,33,0.33824358081899186,0.33824358081899186
FED,consumer_inflation_expectations,Consumer Inflation Expectations,Inflation,2,ism_manufacturing_pmi,ISM Manufacturing PMI,Growth,1,33,0.33820548839987263,0.33820548839987263
RBA,building_permits,Building Permits,Housing,2,full_time_employment_change,Full-Time Employment Change,Labor,1,71,0.33812819222608576,0.33812819222608576
ECB,cpi_index,Consumer Price Index,Inflation,2,unemployment_rate,Unemployment Rate,Labor,1,49,-0.33800927815501375,0.33800927815501375
BOJ,cpi_ex_food_energy_yoy,CPI Ex Food and Energy (YoY),Inflation,1,eco_watchers_outlook,Eco Watchers Survey Outlook,Sentiment,2,75,0.33775341571213,0.33775341571213
BOJ,eco_watchers_outlook,Eco Watchers Survey Outlook,Sentiment,2,industrial_production_yoy,Industrial Production (YoY),Growth,2,75,0.3377303921878045,0.3377303921878045
BOJ,cpi_headline_mom,Headline CPI (MoM),Inflation,2,tankan_large_non_manufacturing_index,Tankan Large Non-Manufacturing Index,Sentiment,2,23,0.3376595155658715,0.3376595155658715
BOC,manufacturing_sales_mom,Manufacturing Sales (MoM),Growth,2,services_pmi,Services PMI,Growth,2,29,0.3375974345989207,0.3375974345989207
ECB,composite_pmi,Composite PMI,Growth,2,economic_sentiment,Economic Sentiment,Sentiment,2,19,0.3375215143886736,0.3375215143886736
BOE,avg_earnings_incl_bonus,Average Earnings (incl. Bonus),Labor,2,composite_pmi,Composite PMI,Growth,2,27,-0.3372703510003952,0.3372703510003952
BOE,composite_pmi,Composite PMI,Growth,2,cpi_headline_mom,Headline CPI (MoM),Inflation,2,26,-0.3372653998708964,0.3372653998708964
BOE,ppi_core_output_mom,PPI Core Output (MoM),Inflation,3,retail_price_index_yoy,Retail Price Index (YoY),Inflation,3,55,0.3370325737080793,0.3370325737080793
RBNZ,imports,Imports,Growth,2,unemployment_rate,Unemployment Rate,Labor,1,24,-0.33679477369200744,0.33679477369200744
BOC,cpi_headline_mom,Headline CPI (MoM),Inflation,2,cpi_headline_yoy,Headline CPI (YoY),Inflation,1,72,0.3365184427784645,0.3365184427784645
BOJ,machinery_orders_yoy,Machinery Orders (YoY),Growth,2,ppi_mom,PPI (MoM),Inflation,2,67,0.33643545849704,0.33643545849704
BOJ,industrial_production_mom,Industrial Production (MoM),Growth,2,tertiary_industry_index_mom,Tertiary Industry Index (MoM),Growth,2,75,0.336358710878852,0.336358710878852
FED,avg_hourly_earnings_mom,Average Hourly Earnings (MoM),Labor,2,avg_hourly_earnings_yoy,Average Hourly Earnings (YoY),Labor,1,36,0.33616557947857945,0.33616557947857945
FED,core_cpi_yoy,Core CPI (YoY),Inflation,1,sp_global_manufacturing_pmi,S&P Global Manufacturing PMI,Growth,2,21,0.3354520538338914,0.3354520538338914
BOJ,cpi_index,Consumer Price Index,Inflation,2,tankan_small_manufacturers_index,Tankan Small Manufacturers Index,Sentiment,2,23,0.3354444660562478,0.3354444660562478
BOJ,machinery_orders_yoy,Machinery Orders (YoY),Growth,2,tankan_large_all_industry_capex,Tankan Large All Industry Capex,Sentiment,2,25,0.33544240752731574,0.33544240752731574
BOJ,cpi_headline_mom,Headline CPI (MoM),Inflation,2,tankan_non_manufacturing_outlook,Tankan Non-Manufacturing Outlook,Sentiment,2,23,0.33521527526188105,0.33521527526188105
BOE,cpi_headline_mom,Headline CPI (MoM),Inflation,2,nationwide_hpi_yoy,Nationwide House Prices (YoY),Housing,3,67,0.3351260467106928,0.3351260467106928
RBA,composite_pmi,Composite PMI,Growth,2,cpi_headline_yoy,Headline CPI (YoY),Inflation,1,20,0.3348681412689666,0.3348681412689666
FED,cpi_index,CPI Index,Inflation,2,export_prices_mom,Export Prices (MoM),Inflation,3,26,-0.33417859029684716,0.33417859029684716
BOE,house_price_index_mom,House Price Index (MoM),Housing,3,ppi_input_mom,PPI Input (MoM),Inflation,3,59,0.33415427560835115,0.33415427560835115
RBA,composite_pmi,Composite PMI,Growth,2,monthly_cpi_indicator,Monthly CPI Indicator,Inflation,1,36,-0.3324619030431112,0.3324619030431112
BOJ,current_account,Current Account,Growth,2,ppi_yoy,PPI (YoY),Inflation,2,74,-0.3322035633514776,0.3322035633514776
BOC,manufacturing_pmi,Manufacturing PMI,Growth,2,new_motor_vehicle_sales,New Motor Vehicle Sales,Growth,3,48,-0.3320969535939895,0.3320969535939895
RBA,balance_of_trade,Balance of Trade,Trade,2,cpi_headline_qoq,Headline CPI (QoQ),Inflation,1,25,0.3317814542914458,0.3317814542914458
BOC,manufacturing_pmi,Manufacturing PMI,Growth,2,ppi_mom,PPI (MoM),Inflation,2,45,0.3317125763002575,0.3317125763002575
BOE,cpi_headline_mom,Headline CPI (MoM),Inflation,2,services_pmi,Services PMI,Growth,1,26,-0.3315066289695939,0.3315066289695939
FED,consumer_inflation_expectations,Consumer Inflation Expectations,Inflation,2,nfib_business_optimism,NFIB Business Optimism Index,Sentiment,3,36,-0.33150275184376,0.33150275184376
FED,core_cpi_yoy,Core CPI (YoY),Inflation,1,ism_services_employment,ISM Services Employment,Growth,2,26,0.331252041220616,0.331252041220616
BOJ,ppi_mom,PPI (MoM),Inflation,2,retail_sales_yoy,Retail Sales (YoY),Growth,2,67,0.33124559218556027,0.33124559218556027
BOE,avg_earnings_excl_bonus,Average Earnings (excl. Bonus),Labor,1,cbi_industrial_trends_orders,CBI Industrial Trends Orders,Sentiment,3,72,0.3311682948576089,0.3311682948576089
RBA,consumer_inflation_expectation,Consumer Inflation Expectation,Inflation,2,westpac_consumer_confidence_change,Westpac Consumer Confidence Change,Sentiment,2,73,-0.33069867161889066,0.33069867161889066
BOE,hmrc_payrolls_change,HMRC Payrolls Change,Labor,2,ppi_output_yoy,PPI Output (YoY),Inflation,3,33,0.3301967916398029,0.3301967916398029
BOC,balance_of_trade,Balance of Trade,Trade,2,vehicle_sales_mom,Vehicle Sales (MoM),Growth,3,20,-0.3297867053699851,0.3297867053699851
BOJ,cpi_headline_yoy,Headline CPI (YoY),Inflation,1,leading_index_mom,Leading Index (MoM),Growth,2,22,-0.3295817982453475,0.3295817982453475
RBA,consumer_inflation_expectation,Consumer Inflation Expectation,Inflation,2,producer_price_index_qoq,Producer Price Index (QoQ),Inflation,2,24,0.3294815313509158,0.3294815313509158
FED,sp_global_services_pmi,S&P Global Services PMI,Growth,2,umich_consumer_sentiment,UMich Consumer Sentiment,Sentiment,2,30,0.32937728714098347,0.32937728714098347
RBNZ,cpi_headline_qoq,Headline CPI (QoQ),Inflation,1,labour_cost_index_yoy,Labour Cost Index (YoY),Labor,2,25,0.32899565399131114,0.32899565399131114
BOJ,industrial_production_yoy,Industrial Production (YoY),Growth,2,ppi_mom,PPI (MoM),Inflation,2,67,0.32857901549969354,0.32857901549969354
BOJ,leading_economic_index,Leading Economic Index,Growth,2,tankan_large_all_industry_capex,Tankan Large All Industry Capex,Sentiment,2,25,0.3284209362839174,0.3284209362839174
RBA,commodity_prices_yoy,Commodity Prices (YoY),Inflation,3,westpac_consumer_confidence_index,Westpac Consumer Confidence Index,Sentiment,2,52,0.32835090181260596,0.32835090181260596
BOE,nationwide_hpi_yoy,Nationwide House Prices (YoY),Housing,3,ppi_input_mom,PPI Input (MoM),Inflation,3,65,0.3283451125721976,0.3283451125721976
BOE,house_price_index_mom,House Price Index (MoM),Housing,3,ppi_output_mom,PPI Output (MoM),Inflation,3,53,0.3282070861153556,0.3282070861153556
FED,nfib_business_optimism,NFIB Business Optimism Index,Sentiment,3,retail_sales_yoy,Retail Sales (YoY),Growth,2,35,0.3281139174990973,0.3281139174990973
BOE,cpi_headline_yoy,Headline CPI (YoY),Inflation,1,ppi_core_output_mom,PPI Core Output (MoM),Inflation,3,55,0.3279253738786187,0.3279253738786187
ECB,cpi_headline_yoy,Headline HICP (YoY),Inflation,1,cpi_index,Consumer Price Index,Inflation,2,50,-0.3273001899792432,0.3273001899792432
BOJ,core_cpi_yoy,Core CPI (YoY),Inflation,1,reuters_tankan_index,Reuters Tankan Index,Sentiment,2,73,0.327081117653643,0.327081117653643
RBA,employment_change,Employment Change,Labor,1,manufacturing_pmi,Manufacturing PMI,Growth,2,58,0.3262365154025382,0.3262365154025382
BOJ,cpi_ex_food_energy_yoy,CPI Ex Food and Energy (YoY),Inflation,1,tankan_large_manufacturing_outlook,Tankan Large Manufacturing Outlook,Sentiment,2,25,0.32585651495698154,0.32585651495698154
FED,core_cpi_yoy,Core CPI (YoY),Inflation,1,core_ppi_mom,Core PPI (MoM),Inflation,2,30,0.3256037431690202,0.3256037431690202
RBA,ai_group_industry_index,Ai Group Industry Index,Growth,3,private_sector_credit_yoy,Private Sector Credit (YoY),Growth,3,35,0.32556818538409416,0.32556818538409416
BOJ,coincident_index,Coincident Index,Growth,2,tankan_large_all_industry_capex,Tankan Large All Industry Capex,Sentiment,2,25,0.32490607222684803,0.32490607222684803
BOC,balance_of_trade,Balance of Trade,Trade,2,cfib_business_barometer,CFIB Business Barometer,Sentiment,2,53,0.3244700501223829,0.3244700501223829
FED,cpi_headline_yoy,Headline CPI (YoY),Inflation,1,umich_consumer_sentiment,UMich Consumer Sentiment,Sentiment,2,33,-0.32412307359036513,0.32412307359036513
FED,avg_hourly_earnings_mom,Average Hourly Earnings (MoM),Labor,2,ism_manufacturing_new_orders,ISM Manufacturing New Orders,Growth,2,33,-0.32377330112536573,0.32377330112536573
BOE,gdp_yoy,GDP (YoY),Growth,1,hmrc_payrolls_change,HMRC Payrolls Change,Labor,2,37,-0.3230498199833541,0.3230498199833541
RBA,composite_pmi,Composite PMI,Growth,2,westpac_consumer_confidence_index,Westpac Consumer Confidence Index,Sentiment,2,56,0.3229847394357306,0.3229847394357306
FED,ism_manufacturing_pmi,ISM Manufacturing PMI,Growth,1,manufacturing_payrolls,Manufacturing Payrolls,Labor,2,33,0.3229305964914698,0.3229305964914698
BOJ,composite_pmi,S&P Global Composite PMI,Growth,2,tankan_large_all_industry_capex,Tankan Large All Industry Capex,Sentiment,2,24,0.32291206607714346,0.32291206607714346
BOC,cpi_headline_mom,Headline CPI (MoM),Inflation,2,employment_change,Employment Change,Labor,1,72,0.3226262829209854,0.3226262829209854
RBA,imports_mom,Imports (MoM),Trade,2,rba_weighted_median_cpi_qoq,RBA Weighted Median CPI (QoQ),Inflation,1,23,0.3226190673026593,0.3226190673026593
BOJ,cpi_index,Consumer Price Index,Inflation,2,leading_economic_index,Leading Economic Index,Growth,2,70,0.32247704400817234,0.32247704400817234
ECB,manufacturing_pmi,Manufacturing PMI,Growth,2,zew_economic_sentiment,ZEW Economic Sentiment Index,Sentiment,2,68,0.32208416788886873,0.32208416788886873
BOC,balance_of_trade,Balance of Trade,Trade,2,ivey_pmi_sa,Ivey PMI s.a.,Growth,2,72,0.32205866608903927,0.32205866608903927
BOJ,cpi_ex_food_energy_yoy,CPI Ex Food and Energy (YoY),Inflation,1,ppi_mom,PPI (MoM),Inflation,2,67,-0.32192022557143707,0.32192022557143707
BOE,avg_earnings_excl_bonus,Average Earnings (excl. Bonus),Labor,1,public_sector_net_borrowing,Public Sector Net Borrowing,Growth,3,68,0.3217214476415665,0.3217214476415665
BOJ,services_pmi,S&P Global Services PMI,Growth,2,tankan_large_all_industry_capex,Tankan Large All Industry Capex,Sentiment,2,25,0.32154300842561495,0.32154300842561495
BOJ,eco_watchers_current,Eco Watchers Survey Current,Sentiment,2,exports_yoy,Exports (YoY),Growth,2,76,0.3214195115169255,0.3214195115169255
BOJ,consumer_confidence,Consumer Confidence,Sentiment,2,exports_yoy,Exports (YoY),Growth,2,76,0.32133179408723006,0.32133179408723006
BOC,composite_pmi,Composite PMI,Growth,2,manufacturing_sales_mom,Manufacturing Sales (MoM),Growth,2,28,0.3211619185005578,0.3211619185005578
BOJ,consumer_confidence,Consumer Confidence,Sentiment,2,machine_tool_orders_yoy,Machine Tool Orders (YoY),Growth,3,76,0.32111309518670994,0.32111309518670994
BOC,cpi_headline_yoy,Headline CPI (YoY),Inflation,1,retail_sales_yoy,Retail Sales (YoY),Growth,2,73,0.3209575196261466,0.3209575196261466
BOJ,current_account,Current Account,Growth,2,tankan_non_manufacturing_outlook,Tankan Non-Manufacturing Outlook,Sentiment,2,25,0.32036194100302706,0.32036194100302706
FED,cpi_headline_yoy,Headline CPI (YoY),Inflation,1,ism_manufacturing_pmi,ISM Manufacturing PMI,Growth,1,33,0.3201862374807276,0.3201862374807276
BOC,cpi_headline_mom,Headline CPI (MoM),Inflation,2,new_housing_price_index_yoy,New Housing Price Index (YoY),Housing,2,60,0.320077935384194,0.320077935384194
BOJ,eco_watchers_current,Eco Watchers Survey Current,Sentiment,2,industrial_production_yoy,Industrial Production (YoY),Growth,2,75,0.319992632320548,0.319992632320548
BOC,retail_sales_yoy,Retail Sales (YoY),Growth,2,wholesale_sales_mom,Wholesale Sales (MoM),Growth,2,73,0.31993078747535797,0.31993078747535797
RBNZ,business_confidence,Business Confidence,Growth,3,labour_cost_index_qoq,Labour Cost Index (QoQ),Labor,2,25,-0.3198760564354893,0.3198760564354893
BOE,cbi_industrial_trends_orders,CBI Industrial Trends Orders,Sentiment,3,unemployment_rate,Unemployment Rate,Labor,1,74,-0.3196404556721844,0.3196404556721844
BOC,exports,Exports,Trade,2,manufacturing_pmi,Manufacturing PMI,Growth,2,48,0.31952346670325094,0.31952346670325094
BOE,cbi_industrial_trends_orders,CBI Industrial Trends Orders,Sentiment,3,core_cpi_mom,Core CPI (MoM),Inflation,2,70,0.31938224501435036,0.31938224501435036
RBA,cpi_headline_qoq,Headline CPI (QoQ),Inflation,1,exports_mom,Exports (MoM),Trade,2,25,0.31937708634332035,0.31937708634332035
BOJ,tankan_large_all_industry_capex,Tankan Large All Industry Capex,Sentiment,2,unemployment_rate,Unemployment Rate,Labor,2,25,-0.3193579191114973,0.3193579191114973
RBA,imports_mom,Imports (MoM),Trade,2,nab_business_confidence,NAB Business Confidence,Sentiment,2,71,0.3189493274838996,0.3189493274838996
RBA,services_pmi,Services PMI,Growth,2,westpac_consumer_confidence_index,Westpac Consumer Confidence Index,Sentiment,2,59,0.3187526036971952,0.3187526036971952
FED,government_payrolls,Government Payrolls,Labor,2,umich_inflation_exp_5y,UMich 5Y Inflation Expectations,Inflation,2,33,0.3187424737990163,0.3187424737990163
RBA,services_pmi,Services PMI,Growth,2,unemployment_rate,Unemployment Rate,Labor,1,59,-0.3187182259298594,0.3187182259298594
BOJ,cpi_ex_food_energy_yoy,CPI Ex Food and Energy (YoY),Inflation,1,current_account,Current Account,Growth,2,74,0.3186797511929015,0.3186797511929015
RBA,current_account,Current Account,Trade,2,private_sector_credit_mom,Private Sector Credit (MoM),Growth,3,22,-0.31859999302917874,0.31859999302917874
BOC,gdp_mom,GDP (MoM),Growth,1,retail_sales_yoy,Retail Sales (YoY),Growth,2,69,0.3184749740686372,0.3184749740686372
RBNZ,business_confidence,Business Confidence,Growth,3,capacity_utilization,Capacity Utilization,Growth,3,26,-0.3180614647291024,0.3180614647291024
BOJ,cpi_headline_yoy,Headline CPI (YoY),Inflation,1,tankan_large_manufacturers_index,Tankan Large Manufacturers Index,Sentiment,2,25,0.3180503903554267,0.3180503903554267
ECB,consumer_confidence,Consumer Confidence,Sentiment,2,unemployment_rate,Unemployment Rate,Labor,1,75,0.3179456067461781,0.3179456067461781
FED,core_ppi_yoy,Core PPI (YoY),Inflation,2,ism_manufacturing_new_orders,ISM Manufacturing New Orders,Growth,2,32,0.3174627516094429,0.3174627516094429
FED,ism_manufacturing_pmi,ISM Manufacturing PMI,Growth,1,nfp,Non-Farm Payrolls,Labor,1,33,0.31746064972478694,0.31746064972478694
BOJ,household_spending_mom,Household Spending (MoM),Growth,2,tankan_large_all_industry_capex,Tankan Large All Industry Capex,Sentiment,2,25,0.31745913041381985,0.31745913041381985
RBA,imports_mom,Imports (MoM),Trade,2,rba_trimmed_mean_cpi_yoy,RBA Trimmed Mean CPI (YoY),Inflation,1,24,0.3174291174820891,0.3174291174820891
RBA,ai_group_services_index,Ai Group Services Index,Growth,3,private_sector_credit_mom,Private Sector Credit (MoM),Growth,3,31,0.3173533710306893,0.3173533710306893
BOE,employment_change,Employment Change,Labor,2,ppi_input_yoy,PPI Input (YoY),Inflation,3,66,0.3170502388748504,0.3170502388748504
ECB,composite_pmi,Composite PMI,Growth,2,consumer_confidence,Consumer Confidence,Sentiment,2,19,0.3167847141950865,0.3167847141950865
FED,core_ppi_mom,Core PPI (MoM),Inflation,2,nfp,Non-Farm Payrolls,Labor,1,31,0.3166035554503121,0.3166035554503121
RBA,exports_mom,Exports (MoM),Trade,2,full_time_employment_change,Full-Time Employment Change,Labor,1,74,0.3163874564436537,0.3163874564436537
RBA,current_account,Current Account,Trade,2,services_pmi,Services PMI,Growth,2,18,-0.31630532324593824,0.31630532324593824
RBA,ai_group_industry_index,Ai Group Industry Index,Growth,3,consumer_inflation_expectation,Consumer Inflation Expectation,Inflation,2,34,0.31624893357972855,0.31624893357972855
FED,pce_price_index_mom,PCE Price Index (MoM),Inflation,1,sp_global_services_pmi,S&P Global Services PMI,Growth,2,19,0.31612252455529455,0.31612252455529455
FED,adp_employment_change,ADP Employment Change,Labor,2,ppi_yoy,PPI (YoY),Inflation,2,33,0.31586516605654263,0.31586516605654263
RBA,corelogic_dwelling_prices_mom,CoreLogic Dwelling Prices (MoM),Housing,2,services_pmi,Services PMI,Growth,2,31,0.31585267045688936,0.31585267045688936
FED,avg_hourly_earnings_yoy,Average Hourly Earnings (YoY),Labor,1,ism_manufacturing_prices,ISM Manufacturing Prices Paid,Growth,2,32,-0.31558810976084384,0.31558810976084384
BOE,ppi_input_mom,PPI Input (MoM),Inflation,3,retail_sales_ex_fuel_yoy,Retail Sales Ex Fuel (YoY),Growth,2,65,0.3153523904578314,0.3153523904578314
FED,adp_employment_change,ADP Employment Change,Labor,2,cpi_headline_yoy,Headline CPI (YoY),Inflation,1,34,0.3150473893650565,0.3150473893650565
BOJ,core_cpi_yoy,Core CPI (YoY),Inflation,1,tankan_large_manufacturers_index,Tankan Large Manufacturers Index,Sentiment,2,25,0.31489170052884163,0.31489170052884163
BOC,cfib_business_barometer,CFIB Business Barometer,Sentiment,2,cpi_headline_yoy,Headline CPI (YoY),Inflation,1,54,0.31461127768453623,0.31461127768453623
RBA,cpi_headline_yoy,Headline CPI (YoY),Inflation,1,services_pmi,Services PMI,Growth,2,22,0.314585294965485,0.314585294965485
BOE,gdp_yoy,GDP (YoY),Growth,1,public_sector_net_borrowing,Public Sector Net Borrowing,Growth,3,67,0.31444661656883055,0.31444661656883055
FED,ism_manufacturing_pmi,ISM Manufacturing PMI,Growth,1,private_nonfarm_payrolls,Private Nonfarm Payrolls,Labor,2,33,0.31431526813048055,0.31431526813048055
RBA,monthly_cpi_indicator,Monthly CPI Indicator,Inflation,1,td_mi_inflation_gauge_mom,TD-MI Inflation Gauge (MoM),Inflation,2,37,0.3140937179608462,0.3140937179608462
RBA,manufacturing_pmi,Manufacturing PMI,Growth,2,thomson_reuters_ipsos_pcsi,Thomson Reuters IPSOS PCSI,Sentiment,3,20,0.31400224565176676,0.31400224565176676
RBA,composite_pmi,Composite PMI,Growth,2,private_sector_credit_yoy,Private Sector Credit (YoY),Growth,3,55,0.31393800137022254,0.31393800137022254
BOE,industrial_production_yoy,Industrial Production (YoY),Growth,2,ppi_output_mom,PPI Output (MoM),Inflation,3,57,0.3137285173035619,0.3137285173035619
RBA,corelogic_dwelling_prices_mom,CoreLogic Dwelling Prices (MoM),Housing,2,monthly_cpi_indicator,Monthly CPI Indicator,Inflation,1,31,-0.3128070745003584,0.3128070745003584
BOE,retail_sales_yoy,Retail Sales (YoY),Growth,1,services_pmi,Services PMI,Growth,1,27,-0.3126496666901625,0.3126496666901625
BOJ,manufacturing_pmi,S&P Global Manufacturing PMI,Growth,2,tankan_large_all_industry_capex,Tankan Large All Industry Capex,Sentiment,2,25,0.3126044483090386,0.3126044483090386
BOE,core_cpi_mom,Core CPI (MoM),Inflation,2,ppi_input_yoy,PPI Input (YoY),Inflation,3,62,0.3123835187302519,0.3123835187302519
FED,challenger_job_cuts,Challenger Job Cuts,Labor,3,retail_sales_mom,Retail Sales (MoM),Growth,1,31,-0.31226879980895345,0.31226879980895345
BOE,core_rpi_yoy,Core RPI (YoY),Inflation,3,gdp_mom,GDP (MoM),Growth,1,19,-0.3122560639989863,0.3122560639989863
BOC,cpi_headline_mom,Headline CPI (MoM),Inflation,2,full_time_employment_change,Full-Time Employment Change,Labor,1,72,0.3122163308416607,0.3122163308416607
FED,import_prices_mom,Import Prices (MoM),Inflation,3,michigan_inflation_expectations,Michigan Inflation Expectations,Inflation,2,31,0.31211719259948434,0.31211719259948434
BOJ,balance_of_trade,Balance of Trade,Growth,2,cpi_headline_mom,Headline CPI (MoM),Inflation,2,69,-0.3120758775351045,0.3120758775351045
BOE,house_price_index_mom,House Price Index (MoM),Housing,3,niesr_monthly_gdp_tracker,NIESR Monthly GDP Tracker,Growth,2,57,0.31196240067805947,0.31196240067805947
FED,adp_employment_change,ADP Employment Change,Labor,2,sp_global_manufacturing_pmi,S&P Global Manufacturing PMI,Growth,2,21,0.3118138009033206,0.3118138009033206
RBA,balance_of_trade,Balance of Trade,Trade,2,export_price_index_qoq,Export Price Index (QoQ),Inflation,2,24,0.3117643033901429,0.3117643033901429
FED,avg_hourly_earnings_yoy,Average Hourly Earnings (YoY),Labor,1,ism_manufacturing_pmi,ISM Manufacturing PMI,Growth,1,32,-0.31143820416809537,0.31143820416809537
BOC,cpi_headline_mom,Headline CPI (MoM),Inflation,2,retail_sales_yoy,Retail Sales (YoY),Growth,2,69,0.31138734320382544,0.31138734320382544
BOE,avg_earnings_excl_bonus,Average Earnings (excl. Bonus),Labor,1,house_price_index_yoy,House Price Index (YoY),Housing,3,71,-0.3113860800493283,0.3113860800493283
FED,average_weekly_hours,Average Weekly Hours,Labor,2,consumer_inflation_expectations,Consumer Inflation Expectations,Inflation,2,36,0.3113729820740925,0.3113729820740925
BOJ,leading_index_mom,Leading Index (MoM),Growth,2,machinery_orders_mom,Machinery Orders (MoM),Growth,2,22,0.3113264161271416,0.3113264161271416
BOJ,eco_watchers_current,Eco Watchers Survey Current,Sentiment,2,tankan_large_all_industry_capex,Tankan Large All Industry Capex,Sentiment,2,25,0.3112090551708261,0.3112090551708261
RBNZ,employment_change_qoq,Employment Change (QoQ),Labor,1,labour_cost_index_qoq,Labour Cost Index (QoQ),Labor,2,22,0.31118472463017804,0.31118472463017804
FED,cpi_headline_mom,Headline CPI (MoM),Inflation,2,sp_global_composite_pmi,S&P Global Composite PMI,Growth,2,19,0.31112061634536337,0.31112061634536337
RBA,cpi_headline_yoy,Headline CPI (YoY),Inflation,1,private_house_approvals_mom,Private House Approvals (MoM),Housing,2,20,-0.310670108477897,0.310670108477897
ECB,cpi_headline_mom,Headline HICP (MoM),Inflation,2,zew_economic_sentiment,ZEW Economic Sentiment Index,Sentiment,2,71,-0.310529568906538,0.310529568906538
RBA,composite_pmi,Composite PMI,Growth,2,td_mi_inflation_gauge_mom,TD-MI Inflation Gauge (MoM),Inflation,2,55,0.3099339429526763,0.3099339429526763
BOJ,core_cpi_yoy,Core CPI (YoY),Inflation,1,machine_tool_orders_yoy,Machine Tool Orders (YoY),Growth,3,74,-0.30969369795215707,0.30969369795215707
BOJ,leading_economic_index,Leading Economic Index,Growth,2,unemployment_rate,Unemployment Rate,Labor,2,75,-0.30963415537360234,0.30963415537360234
RBNZ,exports,Exports,Growth,2,labour_cost_index_qoq,Labour Cost Index (QoQ),Labor,2,24,0.30957447270684463,0.30957447270684463
RBA,composite_pmi,Composite PMI,Growth,2,corelogic_dwelling_prices_mom,CoreLogic Dwelling Prices (MoM),Housing,2,30,0.3095173299611946,0.3095173299611946
RBA,building_permits,Building Permits,Housing,2,rba_weighted_median_cpi_qoq,RBA Weighted Median CPI (QoQ),Inflation,1,23,-0.3094923857542454,0.3094923857542454
RBA,building_permits,Building Permits,Housing,2,current_account,Current Account,Trade,2,24,-0.30943163259377676,0.30943163259377676
RBA,composite_pmi,Composite PMI,Growth,2,unemployment_rate,Unemployment Rate,Labor,1,56,-0.30933976673059926,0.30933976673059926
FED,core_ppi_mom,Core PPI (MoM),Inflation,2,manufacturing_payrolls,Manufacturing Payrolls,Labor,2,31,0.30914433564175087,0.30914433564175087
BOC,cfib_business_barometer,CFIB Business Barometer,Sentiment,2,ppi_mom,PPI (MoM),Inflation,2,50,0.30914332360537333,0.30914332360537333
RBA,part_time_employment_change,Part-Time Employment Change,Labor,1,rba_weighted_median_cpi_qoq,RBA Weighted Median CPI (QoQ),Inflation,1,23,0.3089649031400314,0.3089649031400314
RBA,part_time_employment_change,Part-Time Employment Change,Labor,1,producer_price_index_yoy,Producer Price Index (YoY),Inflation,2,24,0.3089409729318663,0.3089409729318663
FED,ism_manufacturing_employment,ISM Manufacturing Employment,Growth,2,sp_global_composite_pmi,S&P Global Composite PMI,Growth,2,21,0.3087286847579612,0.3087286847579612
FED,new_home_sales,New Home Sales,Housing,2,sp_global_services_pmi,S&P Global Services PMI,Growth,2,21,-0.30839063037309244,0.30839063037309244
RBA,cpi_headline_yoy,Headline CPI (YoY),Inflation,1,imports_mom,Imports (MoM),Trade,2,28,0.30825933213785134,0.30825933213785134
FED,government_payrolls,Government Payrolls,Labor,2,import_prices_mom,Import Prices (MoM),Inflation,3,32,0.3078962361647062,0.3078962361647062
RBA,ai_group_services_index,Ai Group Services Index,Growth,3,leading_index_mom,Leading Index (MoM),Growth,3,33,0.30782732328622736,0.30782732328622736
ECB,core_cpi_yoy,Core HICP (YoY),Inflation,1,manufacturing_pmi,Manufacturing PMI,Growth,2,68,-0.30771715807820804,0.30771715807820804
BOE,core_cpi_mom,Core CPI (MoM),Inflation,2,ppi_output_yoy,PPI Output (YoY),Inflation,3,62,0.3076362980776859,0.3076362980776859
BOE,cbi_industrial_trends_orders,CBI Industrial Trends Orders,Sentiment,3,ppi_input_mom,PPI Input (MoM),Inflation,3,65,0.30737469549582985,0.30737469549582985
RBA,commodity_prices_yoy,Commodity Prices (YoY),Inflation,3,part_time_employment_change,Part-Time Employment Change,Labor,1,52,-0.3064697399773611,0.3064697399773611
BOC,ppi_mom,PPI (MoM),Inflation,2,wholesale_sales_mom,Wholesale Sales (MoM),Growth,2,71,0.30646178287282494,0.30646178287282494
ECB,cpi_headline_mom,Headline HICP (MoM),Inflation,2,cpi_index,Consumer Price Index,Inflation,2,46,-0.30645863677104407,0.30645863677104407
FED,import_prices_yoy,Import Prices (YoY),Inflation,3,unemployment_rate,Unemployment Rate,Labor,1,35,-0.3064415404198129,0.3064415404198129
FED,core_pce_price_index_yoy,Core PCE Price Index (YoY),Inflation,1,ppi_mom,PPI (MoM),Inflation,2,34,0.3061848358309845,0.3061848358309845
BOE,avg_earnings_incl_bonus,Average Earnings (incl. Bonus),Labor,2,core_rpi_yoy,Core RPI (YoY),Inflation,3,23,-0.30612884343514346,0.30612884343514346
BOE,consumer_confidence,Consumer Confidence,Sentiment,3,services_pmi,Services PMI,Growth,1,29,0.30609725314571834,0.30609725314571834
RBA,manufacturing_pmi,Manufacturing PMI,Growth,2,private_sector_credit_mom,Private Sector Credit (MoM),Growth,3,56,0.3059628185224333,0.3059628185224333
BOJ,machinery_orders_yoy,Machinery Orders (YoY),Growth,2,tankan_large_non_manufacturing_index,Tankan Large Non-Manufacturing Index,Sentiment,2,25,0.30594729942061266,0.30594729942061266
BOC,gdp_mom,GDP (MoM),Growth,1,vehicle_sales_mom,Vehicle Sales (MoM),Growth,3,20,-0.3059010191261207,0.3059010191261207
FED,core_ppi_mom,Core PPI (MoM),Inflation,2,private_nonfarm_payrolls,Private Nonfarm Payrolls,Labor,2,31,0.3058133562451855,0.3058133562451855
FED,core_ppi_mom,Core PPI (MoM),Inflation,2,unemployment_rate,Unemployment Rate,Labor,1,31,-0.3055803883084211,0.3055803883084211
BOE,niesr_monthly_gdp_tracker,NIESR Monthly GDP Tracker,Growth,2,retail_sales_mom,Retail Sales (MoM),Growth,1,62,0.3052717405537596,0.3052717405537596
ECB,construction_output_mom,Construction Output (MoM),Growth,2,cpi_index,Consumer Price Index,Inflation,2,21,0.3052479907843201,0.3052479907843201
FED,adp_employment_change,ADP Employment Change,Labor,2,michigan_inflation_expectations,Michigan Inflation Expectations,Inflation,2,34,0.30498956581127384,0.30498956581127384
FED,ism_manufacturing_pmi,ISM Manufacturing PMI,Growth,1,pce_price_index_yoy,PCE Price Index (YoY),Inflation,1,31,0.30465800465505627,0.30465800465505627
RBA,cpi_headline_yoy,Headline CPI (YoY),Inflation,1,td_mi_inflation_gauge_mom,TD-MI Inflation Gauge (MoM),Inflation,2,28,0.3046469955667749,0.3046469955667749
BOC,balance_of_trade,Balance of Trade,Trade,2,exports,Exports,Trade,2,76,0.3044278800385178,0.3044278800385178
BOC,new_motor_vehicle_sales,New Motor Vehicle Sales,Growth,3,retail_sales_yoy,Retail Sales (YoY),Growth,2,74,0.30437649046224147,0.30437649046224147
RBA,private_sector_credit_yoy,Private Sector Credit (YoY),Growth,3,services_pmi,Services PMI,Growth,2,58,0.30356584686409743,0.30356584686409743
FED,core_cpi_yoy,Core CPI (YoY),Inflation,1,cpi_index,CPI Index,Inflation,2,28,-0.3033360957342074,0.3033360957342074
RBA,ai_group_construction_index,Ai Group Construction Index,Growth,3,cpi_headline_qoq,Headline CPI (QoQ),Inflation,1,23,0.302786605929566,0.302786605929566
ECB,construction_output_mom,Construction Output (MoM),Growth,2,consumer_inflation_expectation,Consumer Inflation Expectation,Inflation,2,21,0.302662078695289,0.302662078695289
FED,avg_hourly_earnings_mom,Average Hourly Earnings (MoM),Labor,2,retail_sales_yoy,Retail Sales (YoY),Growth,2,36,-0.30207812219226954,0.30207812219226954
BOE,cpi_headline_yoy,Headline CPI (YoY),Inflation,1,retail_sales_yoy,Retail Sales (YoY),Growth,1,73,-0.3019236291385665,0.3019236291385665
BOE,composite_pmi,Composite PMI,Growth,2,core_rpi_mom,Core RPI (MoM),Inflation,3,22,-0.30178224722771196,0.30178224722771196
FED,ny_empire_state_mfg,NY Empire State Manufacturing Index,Growth,2,participation_rate,Labor Force Participation Rate,Labor,2,26,0.3017802951822676,0.3017802951822676
ECB,consumer_inflation_expectation,Consumer Inflation Expectation,Inflation,2,services_pmi,Services PMI,Growth,2,18,0.3017374393967553,0.3017374393967553
BOC,gdp_mom,GDP (MoM),Growth,1,ppi_mom,PPI (MoM),Inflation,2,67,0.30173724520026746,0.30173724520026746
FED,core_ppi_yoy,Core PPI (YoY),Inflation,2,philly_fed_mfg,Philadelphia Fed Manufacturing Index,Growth,2,26,0.3016410158510032,0.3016410158510032
BOC,ppi_mom,PPI (MoM),Inflation,2,retail_sales_yoy,Retail Sales (YoY),Growth,2,70,0.3013951098032166,0.3013951098032166
FED,government_payrolls,Government Payrolls,Labor,2,ism_manufacturing_prices,ISM Manufacturing Prices Paid,Growth,2,33,0.300960787661898,0.300960787661898
BOJ,coincident_indicator_mom,Coincident Indicator (MoM),Growth,2,ppi_mom,PPI (MoM),Inflation,2,19,0.3006681667630243,0.3006681667630243
RBA,rba_weighted_median_cpi_qoq,RBA Weighted Median CPI (QoQ),Inflation,1,td_mi_inflation_gauge_mom,TD-MI Inflation Gauge (MoM),Inflation,2,23,0.299736569132954,0.299736569132954
BOC,imports,Imports,Trade,2,new_housing_price_index_yoy,New Housing Price Index (YoY),Housing,2,63,-0.2997171464854965,0.2997171464854965
RBA,consumer_inflation_expectation,Consumer Inflation Expectation,Inflation,2,export_price_index_qoq,Export Price Index (QoQ),Inflation,2,24,-0.2993146397668014,0.2993146397668014
SNB,producer_import_prices_mom,Producer & Import Prices (MoM),Inflation,2,retail_sales_yoy,Retail Sales (YoY),Growth,2,66,0.29928666948215527,0.29928666948215527
BOJ,machinery_orders_yoy,Machinery Orders (YoY),Growth,2,services_pmi,S&P Global Services PMI,Growth,2,75,0.29919681409617566,0.29919681409617566
RBA,rba_weighted_median_cpi_yoy,RBA Weighted Median CPI (YoY),Inflation,1,westpac_consumer_confidence_change,Westpac Consumer Confidence Change,Sentiment,2,23,0.29902018360252486,0.29902018360252486
BOJ,eco_watchers_outlook,Eco Watchers Survey Outlook,Sentiment,2,tankan_large_all_industry_capex,Tankan Large All Industry Capex,Sentiment,2,25,0.2988867620179797,0.2988867620179797
BOE,core_cpi_yoy,Core CPI (YoY),Inflation,1,retail_sales_yoy,Retail Sales (YoY),Growth,1,73,-0.2988525632034124,0.2988525632034124
RBA,cpi_headline_qoq,Headline CPI (QoQ),Inflation,1,unemployment_rate,Unemployment Rate,Labor,1,25,-0.2980951937174321,0.2980951937174321
BOE,employment_change,Employment Change,Labor,2,ppi_core_output_mom,PPI Core Output (MoM),Inflation,3,54,0.2978459532859524,0.2978459532859524
BOJ,services_pmi,S&P Global Services PMI,Growth,2,unemployment_rate,Unemployment Rate,Labor,2,75,-0.29772091788059757,0.29772091788059757
RBA,consumer_inflation_expectation,Consumer Inflation Expectation,Inflation,2,corelogic_dwelling_prices_mom,CoreLogic Dwelling Prices (MoM),Housing,2,30,-0.29760643018106453,0.29760643018106453
BOC,cpi_headline_yoy,Headline CPI (YoY),Inflation,1,ivey_pmi_sa,Ivey PMI s.a.,Growth,2,72,0.29756751001297965,0.29756751001297965
BOC,budget_balance,Budget Balance,Growth,3,vehicle_sales_mom,Vehicle Sales (MoM),Growth,3,19,-0.2973756851788766,0.2973756851788766
FED,michigan_inflation_expectations,Michigan Inflation Expectations,Inflation,2,participation_rate,Labor Force Participation Rate,Labor,2,33,0.29736992401878554,0.29736992401878554
FED,ism_manufacturing_pmi,ISM Manufacturing PMI,Growth,1,sp_global_composite_pmi,S&P Global Composite PMI,Growth,2,21,0.29729628293089594,0.29729628293089594
BOE,gdp_yoy,GDP (YoY),Growth,1,retail_price_index_mom,Retail Price Index (MoM),Inflation,3,69,0.29720125643623196,0.29720125643623196
RBA,building_permits,Building Permits,Housing,2,rba_trimmed_mean_cpi_yoy,RBA Trimmed Mean CPI (YoY),Inflation,1,24,-0.2969770351484363,0.2969770351484363
BOE,claimant_count_change,Claimant Count Change,Labor,2,core_rpi_yoy,Core RPI (YoY),Inflation,3,24,-0.2969627551929441,0.2969627551929441
ECB,composite_pmi,Composite PMI,Growth,2,cpi_headline_mom,Headline HICP (MoM),Inflation,2,18,0.2969347947306609,0.2969347947306609
BOE,cpi_headline_mom,Headline CPI (MoM),Inflation,2,unemployment_rate,Unemployment Rate,Labor,1,67,-0.2969280386019018,0.2969280386019018
BOE,consumer_confidence,Consumer Confidence,Sentiment,3,retail_price_index_mom,Retail Price Index (MoM),Inflation,3,71,-0.2968006624108164,0.2968006624108164
BOJ,coincident_index,Coincident Index,Growth,2,industrial_production_yoy,Industrial Production (YoY),Growth,2,76,0.2967024997081783,0.2967024997081783
RBA,building_permits,Building Permits,Housing,2,producer_price_index_qoq,Producer Price Index (QoQ),Inflation,2,24,-0.2963554361769483,0.2963554361769483
FED,avg_hourly_earnings_yoy,Average Hourly Earnings (YoY),Labor,1,consumer_inflation_expectations,Consumer Inflation Expectations,Inflation,2,35,0.2959479206716759,0.2959479206716759
BOE,core_rpi_yoy,Core RPI (YoY),Inflation,3,manufacturing_pmi,Manufacturing PMI,Growth,2,24,-0.2959243783799487,0.2959243783799487
RBA,imports_mom,Imports (MoM),Trade,2,rba_weighted_median_cpi_yoy,RBA Weighted Median CPI (YoY),Inflation,1,23,0.29567730789649826,0.29567730789649826
BOE,house_price_index_mom,House Price Index (MoM),Housing,3,nationwide_hpi_yoy,Nationwide House Prices (YoY),Housing,3,67,0.2954421324380289,0.2954421324380289
RBNZ,capacity_utilization,Capacity Utilization,Growth,3,labour_cost_index_yoy,Labour Cost Index (YoY),Labor,2,25,-0.2953947843972335,0.2953947843972335
FED,core_pce_price_index_mom,Core PCE Price Index (MoM),Inflation,1,michigan_inflation_expectations,Michigan Inflation Expectations,Inflation,2,30,0.2953498462592637,0.2953498462592637
FED,cpi_index,CPI Index,Inflation,2,import_prices_mom,Import Prices (MoM),Inflation,3,25,-0.29501922608837056,0.29501922608837056
BOE,gdp_yoy,GDP (YoY),Growth,1,house_price_index_yoy,House Price Index (YoY),Housing,3,70,0.2944316177256498,0.2944316177256498
BOE,avg_earnings_incl_bonus,Average Earnings (incl. Bonus),Labor,2,ppi_output_yoy,PPI Output (YoY),Inflation,3,66,0.2943562472147577,0.2943562472147577
BOJ,cpi_headline_mom,Headline CPI (MoM),Inflation,2,ppi_yoy,PPI (YoY),Inflation,2,68,0.29417365194644035,0.29417365194644035
BOE,employment_change,Employment Change,Labor,2,industrial_production_yoy,Industrial Production (YoY),Growth,2,75,0.294164090482461,0.294164090482461
RBA,building_permits,Building Permits,Housing,2,housing_credit_mom,Housing Credit (MoM),Growth,3,37,0.2940523884061799,0.2940523884061799
BOC,full_time_employment_change,Full-Time Employment Change,Labor,1,ppi_mom,PPI (MoM),Inflation,2,72,0.29383895509881724,0.29383895509881724
RBNZ,business_confidence,Business Confidence,Growth,3,cpi_headline_qoq,Headline CPI (QoQ),Inflation,1,26,-0.29377851720867704,0.29377851720867704
RBNZ,business_confidence,Business Confidence,Growth,3,credit_card_spending_yoy,Credit Card Spending (YoY),Growth,3,63,-0.2936846697280329,0.2936846697280329
BOJ,leading_index_mom,Leading Index (MoM),Growth,2,retail_sales_yoy,Retail Sales (YoY),Growth,2,22,-0.29346959893296964,0.29346959893296964
FED,adp_employment_change,ADP Employment Change,Labor,2,core_ppi_yoy,Core PPI (YoY),Inflation,2,33,0.2934112126353708,0.2934112126353708
BOE,core_cpi_mom,Core CPI (MoM),Inflation,2,retail_price_index_yoy,Retail Price Index (YoY),Inflation,3,70,0.29316562642690935,0.29316562642690935
BOE,cpi_headline_mom,Headline CPI (MoM),Inflation,2,ppi_input_mom,PPI Input (MoM),Inflation,3,58,0.29300092134068656,0.29300092134068656
BOE,claimant_count_change,Claimant Count Change,Labor,2,employment_change,Employment Change,Labor,2,74,-0.29270864091501314,0.29270864091501314
RBNZ,business_confidence,Business Confidence,Growth,3,exports,Exports,Growth,2,74,0.29265469810668066,0.29265469810668066
BOE,gdp_yoy,GDP (YoY),Growth,1,ppi_input_mom,PPI Input (MoM),Inflation,3,62,0.29258928656498245,0.29258928656498245
BOE,cpi_headline_mom,Headline CPI (MoM),Inflation,2,gdp_yoy,GDP (YoY),Growth,1,64,0.29253367656562557,0.29253367656562557
BOJ,current_account,Current Account,Growth,2,tankan_large_non_manufacturing_index,Tankan Large Non-Manufacturing Index,Sentiment,2,25,0.2924028994462602,0.2924028994462602
BOJ,current_account,Current Account,Growth,2,tankan_large_all_industry_capex,Tankan Large All Industry Capex,Sentiment,2,25,0.2923067231887349,0.2923067231887349
RBA,rba_trimmed_mean_cpi_yoy,RBA Trimmed Mean CPI (YoY),Inflation,1,td_mi_inflation_gauge_mom,TD-MI Inflation Gauge (MoM),Inflation,2,24,0.2923050345189702,0.2923050345189702
RBA,corelogic_dwelling_prices_mom,CoreLogic Dwelling Prices (MoM),Housing,2,private_house_approvals_mom,Private House Approvals (MoM),Housing,2,31,0.2918536924522775,0.2918536924522775
FED,cpi_index,CPI Index,Inflation,2,new_home_sales,New Home Sales,Housing,2,26,-0.2916257293079931,0.2916257293079931
FED,average_weekly_hours,Average Weekly Hours,Labor,2,core_ppi_yoy,Core PPI (YoY),Inflation,2,35,0.29137841242867096,0.29137841242867096
RBA,export_price_index_qoq,Export Price Index (QoQ),Inflation,2,td_mi_inflation_gauge_mom,TD-MI Inflation Gauge (MoM),Inflation,2,24,-0.29098865091925813,0.29098865091925813
RBA,part_time_employment_change,Part-Time Employment Change,Labor,1,rba_weighted_median_cpi_yoy,RBA Weighted Median CPI (YoY),Inflation,1,23,0.2908608105030598,0.2908608105030598
BOJ,industrial_production_yoy,Industrial Production (YoY),Growth,2,tankan_large_all_industry_capex,Tankan Large All Industry Capex,Sentiment,2,25,0.29081031431584814,0.29081031431584814
BOC,cpi_headline_mom,Headline CPI (MoM),Inflation,2,new_housing_price_index_mom,New Housing Price Index (MoM),Housing,2,61,0.29066689058418044,0.29066689058418044
BOE,avg_earnings_incl_bonus,Average Earnings (incl. Bonus),Labor,2,ppi_core_output_yoy,PPI Core Output (YoY),Inflation,3,66,0.2906080493337818,0.2906080493337818
BOE,house_price_index_mom,House Price Index (MoM),Housing,3,retail_sales_yoy,Retail Sales (YoY),Growth,1,66,0.2903764234936201,0.2903764234936201
RBA,housing_credit_mom,Housing Credit (MoM),Growth,3,private_sector_credit_yoy,Private Sector Credit (YoY),Growth,3,41,0.2902618958728918,0.2902618958728918
RBA,building_permits,Building Permits,Housing,2,cpi_headline_qoq,Headline CPI (QoQ),Inflation,1,23,-0.29016383526786976,0.29016383526786976
BOE,gdp_yoy,GDP (YoY),Growth,1,ppi_core_output_yoy,PPI Core Output (YoY),Inflation,3,63,0.29015037132808513,0.29015037132808513
FED,ism_manufacturing_prices,ISM Manufacturing Prices Paid,Growth,2,nfp,Non-Farm Payrolls,Labor,1,33,0.2898227728147994,0.2898227728147994
FED,new_home_sales,New Home Sales,Housing,2,sp_global_composite_pmi,S&P Global Composite PMI,Growth,2,21,-0.28941083723662636,0.28941083723662636
RBA,services_pmi,Services PMI,Growth,2,td_mi_inflation_gauge_mom,TD-MI Inflation Gauge (MoM),Inflation,2,58,0.2893557175123549,0.2893557175123549
RBA,full_time_employment_change,Full-Time Employment Change,Labor,1,manufacturing_pmi,Manufacturing PMI,Growth,2,58,0.28895313859864147,0.28895313859864147
BOE,core_cpi_mom,Core CPI (MoM),Inflation,2,cpi_headline_yoy,Headline CPI (YoY),Inflation,1,70,0.2889424662732104,0.2889424662732104
RBA,import_price_index_qoq,Import Price Index (QoQ),Inflation,2,rba_weighted_median_cpi_qoq,RBA Weighted Median CPI (QoQ),Inflation,1,24,0.28838270530521365,0.28838270530521365
FED,avg_hourly_earnings_yoy,Average Hourly Earnings (YoY),Labor,1,new_home_sales,New Home Sales,Housing,2,32,0.2882128497998616,0.2882128497998616
BOE,core_rpi_mom,Core RPI (MoM),Inflation,3,services_pmi,Services PMI,Growth,1,22,-0.28800242504785345,0.28800242504785345
BOJ,gdp_qoq,GDP (QoQ),Growth,1,manufacturing_pmi,S&P Global Manufacturing PMI,Growth,2,24,0.287503355564666,0.287503355564666
FED,consumer_inflation_expectations,Consumer Inflation Expectations,Inflation,2,import_prices_mom,Import Prices (MoM),Inflation,3,33,0.28748169638808024,0.28748169638808024
BOE,core_cpi_mom,Core CPI (MoM),Inflation,2,core_cpi_yoy,Core CPI (YoY),Inflation,1,70,0.2872401909943537,0.2872401909943537
RBA,balance_of_trade,Balance of Trade,Trade,2,exports_mom,Exports (MoM),Trade,2,75,0.28696897932917087,0.28696897932917087
FED,ism_services_employment,ISM Services Employment,Growth,2,michigan_inflation_expectations,Michigan Inflation Expectations,Inflation,2,25,0.28680732953261073,0.28680732953261073
SNB,consumer_confidence,Consumer Confidence,Sentiment,2,gdp_qoq,GDP (QoQ),Growth,1,22,0.2865745387815737,0.2865745387815737
BOE,retail_price_index_yoy,Retail Price Index (YoY),Inflation,3,retail_sales_yoy,Retail Sales (YoY),Growth,1,73,-0.2858681687719522,0.2858681687719522
BOJ,cpi_ex_food_energy_yoy,CPI Ex Food and Energy (YoY),Inflation,1,leading_index_mom,Leading Index (MoM),Growth,2,22,0.28582195019544376,0.28582195019544376
FED,adp_employment_change,ADP Employment Change,Labor,2,core_cpi_yoy,Core CPI (YoY),Inflation,1,34,0.28546708669853466,0.28546708669853466
RBA,consumer_inflation_expectation,Consumer Inflation Expectation,Inflation,2,leading_index_mom,Leading Index (MoM),Growth,3,59,-0.2854086475693573,0.2854086475693573
FED,ism_manufacturing_prices,ISM Manufacturing Prices Paid,Growth,2,manufacturing_payrolls,Manufacturing Payrolls,Labor,2,33,0.2853241501915205,0.2853241501915205
BOC,services_pmi,Services PMI,Growth,2,vehicle_sales_mom,Vehicle Sales (MoM),Growth,3,20,-0.2852177696157097,0.2852177696157097
BOJ,eco_watchers_current,Eco Watchers Survey Current,Sentiment,2,household_spending_yoy,Household Spending (YoY),Growth,2,75,0.28487095130723217,0.28487095130723217
BOJ,eco_watchers_outlook,Eco Watchers Survey Outlook,Sentiment,2,household_spending_mom,Household Spending (MoM),Growth,2,75,0.28474082833625836,0.28474082833625836
BOJ,gdp_qoq,GDP (QoQ),Growth,1,unemployment_rate,Unemployment Rate,Labor,2,24,0.28453900096318147,0.28453900096318147
BOJ,leading_economic_index,Leading Economic Index,Growth,2,machine_tool_orders_yoy,Machine Tool Orders (YoY),Growth,3,75,0.2843389055347187,0.2843389055347187
FED,ism_manufacturing_prices,ISM Manufacturing Prices Paid,Growth,2,private_nonfarm_payrolls,Private Nonfarm Payrolls,Labor,2,33,0.28418135589066784,0.28418135589066784
RBA,current_account,Current Account,Trade,2,producer_price_index_yoy,Producer Price Index (YoY),Inflation,2,25,-0.2840070673613702,0.2840070673613702
BOC,core_cpi_yoy,Core CPI (YoY),Inflation,1,cpi_headline_mom,Headline CPI (MoM),Inflation,2,72,0.2838891493617418,0.2838891493617418
RBA,ai_group_manufacturing_index,Ai Group Manufacturing Index,Growth,3,producer_price_index_yoy,Producer Price Index (YoY),Inflation,2,23,-0.283877346135435,0.283877346135435
RBA,cpi_headline_yoy,Headline CPI (YoY),Inflation,1,import_price_index_qoq,Import Price Index (QoQ),Inflation,2,25,0.28360105321662343,0.28360105321662343
ECB,cpi_headline_mom,Headline HICP (MoM),Inflation,2,services_pmi,Services PMI,Growth,2,18,0.28346211717703546,0.28346211717703546
BOJ,eco_watchers_outlook,Eco Watchers Survey Outlook,Sentiment,2,machine_tool_orders_yoy,Machine Tool Orders (YoY),Growth,3,76,0.28332348805164514,0.28332348805164514
BOJ,coincident_index,Coincident Index,Growth,2,machinery_orders_yoy,Machinery Orders (YoY),Growth,2,76,0.2831802687511901,0.2831802687511901
RBA,consumer_price_index,Consumer Price Index,Inflation,2,services_pmi,Services PMI,Growth,2,18,-0.28310082975550893,0.28310082975550893
FED,avg_hourly_earnings_yoy,Average Hourly Earnings (YoY),Labor,1,cpi_headline_mom,Headline CPI (MoM),Inflation,2,30,-0.2829270963156641,0.2829270963156641
RBA,corelogic_dwelling_prices_mom,CoreLogic Dwelling Prices (MoM),Housing,2,td_mi_inflation_gauge_mom,TD-MI Inflation Gauge (MoM),Inflation,2,30,-0.28280056661487224,0.28280056661487224
FED,michigan_inflation_expectations,Michigan Inflation Expectations,Inflation,2,nfp,Non-Farm Payrolls,Labor,1,33,0.2827893943191533,0.2827893943191533
BOE,core_cpi_mom,Core CPI (MoM),Inflation,2,ppi_core_output_yoy,PPI Core Output (YoY),Inflation,3,61,0.2827728168348703,0.2827728168348703
BOE,avg_earnings_incl_bonus,Average Earnings (incl. Bonus),Labor,2,ppi_core_output_mom,PPI Core Output (MoM),Inflation,3,53,0.28263309253816427,0.28263309253816427
BOE,house_price_index_mom,House Price Index (MoM),Housing,3,retail_sales_ex_fuel_yoy,Retail Sales Ex Fuel (YoY),Growth,2,68,0.2824653447845903,0.2824653447845903
BOC,core_cpi_mom,Core CPI (MoM),Inflation,2,retail_sales_yoy,Retail Sales (YoY),Growth,2,42,0.2820815451838943,0.2820815451838943
RBA,cpi_headline_yoy,Headline CPI (YoY),Inflation,1,part_time_employment_change,Part-Time Employment Change,Labor,1,28,0.2819829288433614,0.2819829288433614
FED,import_prices_mom,Import Prices (MoM),Inflation,3,umich_inflation_exp_5y,UMich 5Y Inflation Expectations,Inflation,2,31,0.28118443906183943,0.28118443906183943
BOE,claimant_count_change,Claimant Count Change,Labor,2,ppi_core_output_mom,PPI Core Output (MoM),Inflation,3,55,-0.28099746854622637,0.28099746854622637
BOJ,leading_index_mom,Leading Index (MoM),Growth,2,ppi_yoy,PPI (YoY),Inflation,2,21,-0.2805817870871298,0.2805817870871298
RBA,ai_group_manufacturing_index,Ai Group Manufacturing Index,Growth,3,rba_trimmed_mean_cpi_yoy,RBA Trimmed Mean CPI (YoY),Inflation,1,23,-0.2803764852024451,0.2803764852024451
BOJ,household_spending_mom,Household Spending (MoM),Growth,2,tankan_non_manufacturing_outlook,Tankan Non-Manufacturing Outlook,Sentiment,2,25,0.2802152413072534,0.2802152413072534
BOE,claimant_count_change,Claimant Count Change,Labor,2,retail_sales_mom,Retail Sales (MoM),Growth,1,73,-0.2798908180493229,0.2798908180493229
BOE,gdp_qoq,GDP (QoQ),Growth,1,public_sector_net_borrowing,Public Sector Net Borrowing,Growth,3,22,0.27971518680949625,0.27971518680949625
RBA,employment_change,Employment Change,Labor,1,private_house_approvals_mom,Private House Approvals (MoM),Housing,2,52,0.27967274078232374,0.27967274078232374
BOE,core_cpi_mom,Core CPI (MoM),Inflation,2,hmrc_payrolls_change,HMRC Payrolls Change,Labor,2,39,-0.27963465300424667,0.27963465300424667
BOE,cbi_industrial_trends_orders,CBI Industrial Trends Orders,Sentiment,3,employment_change,Employment Change,Labor,2,73,0.27950265642885797,0.27950265642885797
BOE,ppi_core_output_yoy,PPI Core Output (YoY),Inflation,3,retail_sales_ex_fuel_yoy,Retail Sales Ex Fuel (YoY),Growth,2,66,-0.2794010746547999,0.2794010746547999
FED,government_payrolls,Government Payrolls,Labor,2,ism_manufacturing_pmi,ISM Manufacturing PMI,Growth,1,33,0.279364930910179,0.279364930910179
BOC,ppi_mom,PPI (MoM),Inflation,2,retail_sales_ex_autos_mom,Retail Sales Ex Autos (MoM),Growth,2,68,0.27933751139441865,0.27933751139441865
RBA,ai_group_manufacturing_index,Ai Group Manufacturing Index,Growth,3,private_sector_credit_yoy,Private Sector Credit (YoY),Growth,3,69,-0.2790764178980467,0.2790764178980467
RBA,td_mi_inflation_gauge_mom,TD-MI Inflation Gauge (MoM),Inflation,2,westpac_consumer_confidence_change,Westpac Consumer Confidence Change,Sentiment,2,72,-0.27897816884671567,0.27897816884671567
ECB,cpi_headline_yoy,Headline HICP (YoY),Inflation,1,economic_sentiment,Economic Sentiment,Sentiment,2,76,0.27894544714001923,0.27894544714001923
FED,government_payrolls,Government Payrolls,Labor,2,sp_global_manufacturing_pmi,S&P Global Manufacturing PMI,Growth,2,21,-0.27863294678733824,0.27863294678733824
SNB,consumer_confidence,Consumer Confidence,Sentiment,2,unemployment_rate,Unemployment Rate,Labor,2,43,0.2784177624178715,0.2784177624178715
RBA,cpi_headline_yoy,Headline CPI (YoY),Inflation,1,westpac_consumer_confidence_change,Westpac Consumer Confidence Change,Sentiment,2,28,0.2782476708661708,0.2782476708661708
BOJ,cpi_index,Consumer Price Index,Inflation,2,leading_index_mom,Leading Index (MoM),Growth,2,20,-0.27806269548805557,0.27806269548805557
FED,adp_employment_change,ADP Employment Change,Labor,2,export_prices_yoy,Export Prices (YoY),Inflation,3,33,0.2780167854930183,0.2780167854930183
BOE,gdp_mom,GDP (MoM),Growth,1,manufacturing_pmi,Manufacturing PMI,Growth,2,22,0.27773325140452093,0.27773325140452093
RBA,building_permits,Building Permits,Housing,2,producer_price_index_yoy,Producer Price Index (YoY),Inflation,2,24,-0.2776649063784978,0.2776649063784978
BOJ,ppi_mom,PPI (MoM),Inflation,2,tankan_large_all_industry_capex,Tankan Large All Industry Capex,Sentiment,2,23,0.27763062517944836,0.27763062517944836
FED,average_weekly_hours,Average Weekly Hours,Labor,2,manufacturing_payrolls,Manufacturing Payrolls,Labor,2,37,0.27755953180325693,0.27755953180325693
BOC,balance_of_trade,Balance of Trade,Trade,2,cpi_headline_mom,Headline CPI (MoM),Inflation,2,71,0.27732981117896044,0.27732981117896044
BOC,imports,Imports,Trade,2,manufacturing_pmi,Manufacturing PMI,Growth,2,48,-0.2764890473004803,0.2764890473004803
BOE,composite_pmi,Composite PMI,Growth,2,core_rpi_yoy,Core RPI (YoY),Inflation,3,24,-0.2763251168195835,0.2763251168195835
FED,manufacturing_payrolls,Manufacturing Payrolls,Labor,2,michigan_inflation_expectations,Michigan Inflation Expectations,Inflation,2,33,0.2761267329965227,0.2761267329965227
RBA,exports_mom,Exports (MoM),Trade,2,producer_price_index_qoq,Producer Price Index (QoQ),Inflation,2,24,0.27582425817866857,0.27582425817866857
RBA,consumer_price_index,Consumer Price Index,Inflation,2,private_sector_credit_yoy,Private Sector Credit (YoY),Growth,3,18,-0.27543122261037173,0.27543122261037173
BOJ,gdp_qoq,GDP (QoQ),Growth,1,household_spending_mom,Household Spending (MoM),Growth,2,24,0.2752887336426786,0.2752887336426786
RBA,producer_price_index_yoy,Producer Price Index (YoY),Inflation,2,westpac_consumer_confidence_index,Westpac Consumer Confidence Index,Sentiment,2,24,-0.27517847050728417,0.27517847050728417
FED,ism_manufacturing_pmi,ISM Manufacturing PMI,Growth,1,participation_rate,Labor Force Participation Rate,Labor,2,33,-0.2751354727675556,0.2751354727675556
RBA,rba_weighted_median_cpi_qoq,RBA Weighted Median CPI (QoQ),Inflation,1,westpac_consumer_confidence_index,Westpac Consumer Confidence Index,Sentiment,2,23,-0.274971025978292,0.274971025978292
RBA,ai_group_industry_index,Ai Group Industry Index,Growth,3,building_permits,Building Permits,Housing,2,32,-0.2749703101531769,0.2749703101531769
BOE,niesr_monthly_gdp_tracker,NIESR Monthly GDP Tracker,Growth,2,ppi_output_mom,PPI Output (MoM),Inflation,3,47,0.27491959499587215,0.27491959499587215
BOE,retail_sales_ex_fuel_yoy,Retail Sales Ex Fuel (YoY),Growth,2,services_pmi,Services PMI,Growth,1,27,-0.27467888148692493,0.27467888148692493
BOJ,coincident_indicator_mom,Coincident Indicator (MoM),Growth,2,household_spending_yoy,Household Spending (YoY),Growth,2,22,0.27449087562818886,0.27449087562818886
BOJ,cpi_headline_mom,Headline CPI (MoM),Inflation,2,retail_sales_mom,Retail Sales (MoM),Growth,2,68,0.27445700879650875,0.27445700879650875
RBA,import_price_index_qoq,Import Price Index (QoQ),Inflation,2,unemployment_rate,Unemployment Rate,Labor,1,24,-0.2744355246181232,0.2744355246181232
RBA,full_time_employment_change,Full-Time Employment Change,Labor,1,imports_mom,Imports (MoM),Trade,2,75,0.27410899095084357,0.27410899095084357
BOJ,consumer_confidence,Consumer Confidence,Sentiment,2,current_account,Current Account,Growth,2,75,0.273768674224742,0.273768674224742
BOC,cfib_business_barometer,CFIB Business Barometer,Sentiment,2,cpi_headline_mom,Headline CPI (MoM),Inflation,2,51,0.2735514730068019,0.2735514730068019
BOC,balance_of_trade,Balance of Trade,Trade,2,new_motor_vehicle_sales,New Motor Vehicle Sales,Growth,3,76,-0.2733686059330563,0.2733686059330563
BOC,budget_balance,Budget Balance,Growth,3,services_pmi,Services PMI,Growth,2,27,0.273097049537287,0.273097049537287
FED,michigan_inflation_expectations,Michigan Inflation Expectations,Inflation,2,private_nonfarm_payrolls,Private Nonfarm Payrolls,Labor,2,33,0.27300556352574656,0.27300556352574656
BOC,new_housing_price_index_mom,New Housing Price Index (MoM),Housing,2,unemployment_rate,Unemployment Rate,Labor,1,65,0.27295554399675964,0.27295554399675964
ECB,composite_pmi,Composite PMI,Growth,2,core_cpi_yoy,Core HICP (YoY),Inflation,1,18,-0.2728277562399206,0.2728277562399206
RBA,commodity_prices_yoy,Commodity Prices (YoY),Inflation,3,leading_index_mom,Leading Index (MoM),Growth,3,38,-0.2728097095136013,0.2728097095136013
FED,ism_manufacturing_new_orders,ISM Manufacturing New Orders,Growth,2,unemployment_rate,Unemployment Rate,Labor,1,33,-0.27269962926905983,0.27269962926905983
BOE,gdp_yoy,GDP (YoY),Growth,1,retail_price_index_yoy,Retail Price Index (YoY),Inflation,3,72,0.27248058068435954,0.27248058068435954
BOE,consumer_confidence,Consumer Confidence,Sentiment,3,manufacturing_pmi,Manufacturing PMI,Growth,2,29,0.2723528024416952,0.2723528024416952
FED,ppi_mom,PPI (MoM),Inflation,2,sp_global_composite_pmi,S&P Global Composite PMI,Growth,2,20,0.27231277994977027,0.27231277994977027
FED,sp_global_manufacturing_pmi,S&P Global Manufacturing PMI,Growth,2,umich_consumer_sentiment,UMich Consumer Sentiment,Sentiment,2,29,-0.2722397109807632,0.2722397109807632
FED,core_pce_price_index_yoy,Core PCE Price Index (YoY),Inflation,1,nfp,Non-Farm Payrolls,Labor,1,34,0.2721450524424932,0.2721450524424932
BOC,budget_balance,Budget Balance,Growth,3,raw_materials_prices_yoy,Raw Materials Prices (YoY),Inflation,3,73,0.2721242647105266,0.2721242647105266
BOE,house_price_index_mom,House Price Index (MoM),Housing,3,ppi_core_output_mom,PPI Core Output (MoM),Inflation,3,48,0.2721058921436553,0.2721058921436553
BOE,niesr_monthly_gdp_tracker,NIESR Monthly GDP Tracker,Growth,2,retail_sales_ex_fuel_mom,Retail Sales Ex Fuel (MoM),Growth,2,63,0.2714373072020112,0.2714373072020112
BOC,employment_change,Employment Change,Labor,1,ppi_mom,PPI (MoM),Inflation,2,72,0.27089943030424113,0.27089943030424113
RBA,balance_of_trade,Balance of Trade,Trade,2,unemployment_rate,Unemployment Rate,Labor,1,75,-0.2706977426379803,0.2706977426379803
FED,sp_global_composite_pmi,S&P Global Composite PMI,Growth,2,umich_consumer_sentiment,UMich Consumer Sentiment,Sentiment,2,30,0.2703802426964805,0.2703802426964805
SNB,consumer_confidence,Consumer Confidence,Sentiment,2,retail_sales_yoy,Retail Sales (YoY),Growth,2,41,0.2702710399854319,0.2702710399854319
BOC,manufacturing_pmi,Manufacturing PMI,Growth,2,retail_sales_ex_autos_mom,Retail Sales Ex Autos (MoM),Growth,2,46,0.27024000810196036,0.27024000810196036
BOE,cpi_headline_mom,Headline CPI (MoM),Inflation,2,hmrc_payrolls_change,HMRC Payrolls Change,Labor,2,38,-0.2702296198815422,0.2702296198815422
RBNZ,employment_change_qoq,Employment Change (QoQ),Labor,1,participation_rate,Labor Force Participation Rate,Labor,1,22,0.2702221485166719,0.2702221485166719
BOC,cpi_headline_mom,Headline CPI (MoM),Inflation,2,part_time_employment_change,Part-Time Employment Change,Labor,1,72,0.26978403603216006,0.26978403603216006
RBNZ,balance_of_trade,Balance of Trade,Growth,2,labour_cost_index_yoy,Labour Cost Index (YoY),Labor,2,24,-0.2697638501061361,0.2697638501061361
FED,consumer_inflation_expectations,Consumer Inflation Expectations,Inflation,2,ism_services_employment,ISM Services Employment,Growth,2,26,0.26933451002148173,0.26933451002148173
RBA,manufacturing_pmi,Manufacturing PMI,Growth,2,td_mi_inflation_gauge_mom,TD-MI Inflation Gauge (MoM),Inflation,2,57,0.26908057685364356,0.26908057685364356
BOJ,cpi_index,Consumer Price Index,Inflation,2,ppi_yoy,PPI (YoY),Inflation,2,69,0.26903782217681993,0.26903782217681993
BOJ,machine_tool_orders_yoy,Machine Tool Orders (YoY),Growth,3,retail_sales_yoy,Retail Sales (YoY),Growth,2,75,0.2689835305059827,0.2689835305059827
FED,average_weekly_hours,Average Weekly Hours,Labor,2,private_nonfarm_payrolls,Private Nonfarm Payrolls,Labor,2,37,0.26894516216508324,0.26894516216508324
BOC,exports,Exports,Trade,2,new_motor_vehicle_sales,New Motor Vehicle Sales,Growth,3,76,0.2688438640493488,0.2688438640493488
BOJ,gdp_qoq,GDP (QoQ),Growth,1,household_spending_yoy,Household Spending (YoY),Growth,2,24,0.2686987601328896,0.2686987601328896
RBNZ,capacity_utilization,Capacity Utilization,Growth,3,unemployment_rate,Unemployment Rate,Labor,1,25,-0.268662303666904,0.268662303666904
BOJ,reuters_tankan_index,Reuters Tankan Index,Sentiment,2,unemployment_rate,Unemployment Rate,Labor,2,74,-0.26845479909691417,0.26845479909691417
BOJ,retail_sales_yoy,Retail Sales (YoY),Growth,2,tankan_large_all_industry_capex,Tankan Large All Industry Capex,Sentiment,2,25,0.26836807038110433,0.26836807038110433
BOC,balance_of_trade,Balance of Trade,Trade,2,composite_pmi,Composite PMI,Growth,2,28,0.2676888580019462,0.2676888580019462
BOJ,eco_watchers_current,Eco Watchers Survey Current,Sentiment,2,retail_sales_mom,Retail Sales (MoM),Growth,2,75,0.267546587473815,0.267546587473815
RBA,balance_of_trade,Balance of Trade,Trade,2,td_mi_inflation_gauge_mom,TD-MI Inflation Gauge (MoM),Inflation,2,73,0.2675068101460228,0.2675068101460228
BOE,avg_earnings_excl_bonus,Average Earnings (excl. Bonus),Labor,1,cbi_business_optimism,CBI Business Optimism Index,Sentiment,3,24,0.2671883646409345,0.2671883646409345
ECB,economic_sentiment,Economic Sentiment,Sentiment,2,gdp_qoq,GDP (QoQ),Growth,1,23,0.2670798684440409,0.2670798684440409
FED,export_prices_yoy,Export Prices (YoY),Inflation,3,government_payrolls,Government Payrolls,Labor,2,35,0.2668113093588746,0.2668113093588746
FED,import_prices_yoy,Import Prices (YoY),Inflation,3,manufacturing_payrolls,Manufacturing Payrolls,Labor,2,35,0.26608073602014126,0.26608073602014126
BOE,claimant_count_change,Claimant Count Change,Labor,2,retail_price_index_mom,Retail Price Index (MoM),Inflation,3,72,-0.2659133710384114,0.2659133710384114
FED,ny_empire_state_mfg,NY Empire State Manufacturing Index,Growth,2,sp_global_manufacturing_pmi,S&P Global Manufacturing PMI,Growth,2,23,0.2658874868844706,0.2658874868844706
BOE,claimant_count_change,Claimant Count Change,Labor,2,ppi_output_yoy,PPI Output (YoY),Inflation,3,68,-0.26572819301909156,0.26572819301909156
FED,import_prices_yoy,Import Prices (YoY),Inflation,3,sp_global_composite_pmi,S&P Global Composite PMI,Growth,2,21,0.2657006282020673,0.2657006282020673
RBA,leading_index_mom,Leading Index (MoM),Growth,3,westpac_consumer_confidence_index,Westpac Consumer Confidence Index,Sentiment,2,61,0.26552909980114076,0.26552909980114076
RBA,balance_of_trade,Balance of Trade,Trade,2,building_permits,Building Permits,Housing,2,72,-0.265321713705606,0.265321713705606
BOE,industrial_production_yoy,Industrial Production (YoY),Growth,2,services_pmi,Services PMI,Growth,1,27,0.264879207083901,0.264879207083901
RBA,import_price_index_qoq,Import Price Index (QoQ),Inflation,2,private_sector_credit_yoy,Private Sector Credit (YoY),Growth,3,24,0.2647062354615992,0.2647062354615992
RBA,ai_group_industry_index,Ai Group Industry Index,Growth,3,composite_pmi,Composite PMI,Growth,2,34,0.2641697048992002,0.2641697048992002
BOE,niesr_monthly_gdp_tracker,NIESR Monthly GDP Tracker,Growth,2,public_sector_net_borrowing,Public Sector Net Borrowing,Growth,3,59,0.26404769327683514,0.26404769327683514
FED,ism_manufacturing_employment,ISM Manufacturing Employment,Growth,2,sp_global_services_pmi,S&P Global Services PMI,Growth,2,21,0.2627265680380531,0.2627265680380531
FED,import_prices_yoy,Import Prices (YoY),Inflation,3,nfp,Non-Farm Payrolls,Labor,1,35,0.26259389990730364,0.26259389990730364
FED,retail_sales_yoy,Retail Sales (YoY),Growth,2,unemployment_rate,Unemployment Rate,Labor,1,35,-0.2624854157092439,0.2624854157092439
FED,consumer_inflation_expectations,Consumer Inflation Expectations,Inflation,2,ny_empire_state_mfg,NY Empire State Manufacturing Index,Growth,2,26,0.2621748120418845,0.2621748120418845
ECB,composite_pmi,Composite PMI,Growth,2,consumer_inflation_expectation,Consumer Inflation Expectation,Inflation,2,18,0.26207589328026676,0.26207589328026676
RBNZ,cpi_headline_qoq,Headline CPI (QoQ),Inflation,1,credit_card_spending_yoy,Credit Card Spending (YoY),Growth,3,21,0.26179428563012175,0.26179428563012175
FED,nfp,Non-Farm Payrolls,Labor,1,pce_price_index_yoy,PCE Price Index (YoY),Inflation,1,34,0.2617486689849883,0.2617486689849883
RBNZ,capacity_utilization,Capacity Utilization,Growth,3,cpi_headline_qoq,Headline CPI (QoQ),Inflation,1,26,0.2615482713774357,0.2615482713774357
RBA,rba_weighted_median_cpi_qoq,RBA Weighted Median CPI (QoQ),Inflation,1,westpac_consumer_confidence_change,Westpac Consumer Confidence Change,Sentiment,2,23,0.26096008079329763,0.26096008079329763
RBA,export_price_index_qoq,Export Price Index (QoQ),Inflation,2,rba_weighted_median_cpi_yoy,RBA Weighted Median CPI (YoY),Inflation,1,24,-0.26092007736830275,0.26092007736830275
RBA,rba_trimmed_mean_cpi_yoy,RBA Trimmed Mean CPI (YoY),Inflation,1,westpac_consumer_confidence_change,Westpac Consumer Confidence Change,Sentiment,2,24,0.2609176981297092,0.2609176981297092
BOC,ppi_mom,PPI (MoM),Inflation,2,retail_sales_mom,Retail Sales (MoM),Growth,1,69,0.2609150108013096,0.2609150108013096
BOC,new_housing_price_index_mom,New Housing Price Index (MoM),Housing,2,services_pmi,Services PMI,Growth,2,23,0.2608714988151529,0.2608714988151529
BOE,consumer_confidence,Consumer Confidence,Sentiment,3,cpi_headline_mom,Headline CPI (MoM),Inflation,2,68,-0.26082687728549353,0.26082687728549353
FED,average_weekly_hours,Average Weekly Hours,Labor,2,challenger_job_cuts,Challenger Job Cuts,Labor,3,35,-0.26077586202438396,0.26077586202438396
BOE,avg_earnings_excl_bonus,Average Earnings (excl. Bonus),Labor,1,hmrc_payrolls_change,HMRC Payrolls Change,Labor,2,38,0.26072278064286797,0.26072278064286797
BOJ,coincident_index,Coincident Index,Growth,2,household_spending_yoy,Household Spending (YoY),Growth,2,76,0.26037893037354026,0.26037893037354026
RBA,consumer_inflation_expectation,Consumer Inflation Expectation,Inflation,2,td_mi_inflation_gauge_mom,TD-MI Inflation Gauge (MoM),Inflation,2,71,0.26012996696085344,0.26012996696085344
BOE,avg_earnings_incl_bonus,Average Earnings (incl. Bonus),Labor,2,cbi_business_optimism,CBI Business Optimism Index,Sentiment,3,24,0.25996931983922267,0.25996931983922267
FED,manufacturing_payrolls,Manufacturing Payrolls,Labor,2,pce_price_index_yoy,PCE Price Index (YoY),Inflation,1,34,0.259835351294859,0.259835351294859
BOJ,composite_pmi,S&P Global Composite PMI,Growth,2,machine_tool_orders_yoy,Machine Tool Orders (YoY),Growth,3,73,0.2590272226698659,0.2590272226698659
FED,core_pce_price_index_yoy,Core PCE Price Index (YoY),Inflation,1,manufacturing_payrolls,Manufacturing Payrolls,Labor,2,34,0.25890601924553774,0.25890601924553774
ECB,construction_output_mom,Construction Output (MoM),Growth,2,cpi_headline_yoy,Headline HICP (YoY),Inflation,1,21,0.25860027440021904,0.25860027440021904
RBA,part_time_employment_change,Part-Time Employment Change,Labor,1,rba_trimmed_mean_cpi_yoy,RBA Trimmed Mean CPI (YoY),Inflation,1,24,0.25855684365697046,0.25855684365697046
BOJ,cpi_headline_mom,Headline CPI (MoM),Inflation,2,eco_watchers_outlook,Eco Watchers Survey Outlook,Sentiment,2,69,0.25844726236287424,0.25844726236287424
BOC,gdp_mom,GDP (MoM),Growth,1,manufacturing_pmi,Manufacturing PMI,Growth,2,45,0.25836820960391277,0.25836820960391277
RBA,employment_change,Employment Change,Labor,1,rba_trimmed_mean_cpi_qoq,RBA Trimmed Mean CPI (QoQ),Inflation,1,24,0.2583362179698493,0.2583362179698493
FED,average_weekly_hours,Average Weekly Hours,Labor,2,nfp,Non-Farm Payrolls,Labor,1,37,0.25817614049945464,0.25817614049945464
BOC,manufacturing_sales_mom,Manufacturing Sales (MoM),Growth,2,retail_sales_yoy,Retail Sales (YoY),Growth,2,72,0.2581276481278309,0.2581276481278309
BOC,composite_pmi,Composite PMI,Growth,2,raw_materials_prices_yoy,Raw Materials Prices (YoY),Inflation,3,29,0.2580982435647838,0.2580982435647838
BOE,employment_change,Employment Change,Labor,2,services_pmi,Services PMI,Growth,1,27,-0.258027542052368,0.258027542052368
RBA,ai_group_construction_index,Ai Group Construction Index,Growth,3,thomson_reuters_ipsos_pcsi,Thomson Reuters IPSOS PCSI,Sentiment,3,19,0.2579195839743814,0.2579195839743814
BOE,cbi_business_optimism,CBI Business Optimism Index,Sentiment,3,public_sector_net_borrowing,Public Sector Net Borrowing,Growth,3,22,0.25757928783606654,0.25757928783606654
BOC,retail_sales_mom,Retail Sales (MoM),Growth,1,services_pmi,Services PMI,Growth,2,28,-0.25711461128570795,0.25711461128570795
BOJ,cpi_headline_mom,Headline CPI (MoM),Inflation,2,tankan_small_manufacturers_index,Tankan Small Manufacturers Index,Sentiment,2,22,0.25706308685960294,0.25706308685960294
RBA,full_time_employment_change,Full-Time Employment Change,Labor,1,producer_price_index_qoq,Producer Price Index (QoQ),Inflation,2,24,0.2568929414555463,0.2568929414555463
RBA,exports_mom,Exports (MoM),Trade,2,private_house_approvals_mom,Private House Approvals (MoM),Housing,2,51,-0.25679672847352936,0.25679672847352936
FED,ppi_mom,PPI (MoM),Inflation,2,unemployment_rate,Unemployment Rate,Labor,1,34,-0.25678670628804956,0.25678670628804956
RBA,rba_weighted_median_cpi_yoy,RBA Weighted Median CPI (YoY),Inflation,1,retail_sales_mom,Retail Sales (MoM),Growth,1,20,0.25673255424809044,0.25673255424809044
FED,ism_manufacturing_employment,ISM Manufacturing Employment,Growth,2,michigan_inflation_expectations,Michigan Inflation Expectations,Inflation,2,33,0.2566150349228409,0.2566150349228409
RBA,westpac_consumer_confidence_change,Westpac Consumer Confidence Change,Sentiment,2,westpac_consumer_confidence_index,Westpac Consumer Confidence Index,Sentiment,2,75,0.2565526977554129,0.2565526977554129
RBA,exports_mom,Exports (MoM),Trade,2,private_sector_credit_mom,Private Sector Credit (MoM),Growth,3,71,0.2562858942606422,0.2562858942606422
ECB,construction_output_mom,Construction Output (MoM),Growth,2,zew_economic_sentiment,ZEW Economic Sentiment Index,Sentiment,2,21,-0.25624377304839274,0.25624377304839274
RBA,ai_group_industry_index,Ai Group Industry Index,Growth,3,balance_of_trade,Balance of Trade,Trade,2,35,0.2559995189124259,0.2559995189124259
BOJ,eco_watchers_outlook,Eco Watchers Survey Outlook,Sentiment,2,machinery_orders_yoy,Machinery Orders (YoY),Growth,2,75,0.2556012030232277,0.2556012030232277
RBA,imports_mom,Imports (MoM),Trade,2,leading_index_mom,Leading Index (MoM),Growth,3,61,0.2555794839976389,0.2555794839976389
BOE,avg_earnings_excl_bonus,Average Earnings (excl. Bonus),Labor,1,house_price_index_mom,House Price Index (MoM),Housing,3,66,-0.25542836701397686,0.25542836701397686
RBA,ai_group_industry_index,Ai Group Industry Index,Growth,3,services_pmi,Services PMI,Growth,2,36,0.2553258899433953,0.2553258899433953
BOE,core_cpi_yoy,Core CPI (YoY),Inflation,1,gdp_yoy,GDP (YoY),Growth,1,72,0.25513882785073166,0.25513882785073166
RBA,nab_business_confidence,NAB Business Confidence,Sentiment,2,part_time_employment_change,Part-Time Employment Change,Labor,1,72,0.2549594563783993,0.2549594563783993
BOE,core_rpi_yoy,Core RPI (YoY),Inflation,3,house_price_index_yoy,House Price Index (YoY),Housing,3,21,-0.25475200096078543,0.25475200096078543
RBNZ,capacity_utilization,Capacity Utilization,Growth,3,employment_change_qoq,Employment Change (QoQ),Labor,1,22,0.25444957936586654,0.25444957936586654
BOE,manufacturing_pmi,Manufacturing PMI,Growth,2,services_pmi,Services PMI,Growth,1,29,0.2543067521626253,0.2543067521626253
BOE,cpi_headline_yoy,Headline CPI (YoY),Inflation,1,gdp_yoy,GDP (YoY),Growth,1,72,0.25424498576751836,0.25424498576751836
FED,consumer_inflation_expectations,Consumer Inflation Expectations,Inflation,2,retail_sales_yoy,Retail Sales (YoY),Growth,2,36,0.2539890172472657,0.2539890172472657
RBA,consumer_inflation_expectation,Consumer Inflation Expectation,Inflation,2,manufacturing_pmi,Manufacturing PMI,Growth,2,56,0.25386396088318774,0.25386396088318774
FED,core_pce_price_index_yoy,Core PCE Price Index (YoY),Inflation,1,private_nonfarm_payrolls,Private Nonfarm Payrolls,Labor,2,34,0.25368709555534535,0.25368709555534535
FED,new_home_sales,New Home Sales,Housing,2,participation_rate,Labor Force Participation Rate,Labor,2,33,-0.2536521620992444,0.2536521620992444
BOE,avg_earnings_incl_bonus,Average Earnings (incl. Bonus),Labor,2,public_sector_net_borrowing,Public Sector Net Borrowing,Growth,3,69,0.25355333503174204,0.25355333503174204
BOE,consumer_confidence,Consumer Confidence,Sentiment,3,employment_change,Employment Change,Labor,2,73,0.25337517015003,0.25337517015003
FED,ny_empire_state_mfg,NY Empire State Manufacturing Index,Growth,2,retail_sales_mom,Retail Sales (MoM),Growth,1,24,0.25327150486388367,0.25327150486388367
FED,import_prices_yoy,Import Prices (YoY),Inflation,3,private_nonfarm_payrolls,Private Nonfarm Payrolls,Labor,2,35,0.25286116118222995,0.25286116118222995
BOJ,cpi_ex_food_energy_yoy,CPI Ex Food and Energy (YoY),Inflation,1,manufacturing_pmi,S&P Global Manufacturing PMI,Growth,2,75,-0.25254960901763973,0.25254960901763973
RBNZ,business_confidence,Business Confidence,Growth,3,labour_cost_index_yoy,Labour Cost Index (YoY),Labor,2,25,-0.25143783015718424,0.25143783015718424
FED,adp_employment_change,ADP Employment Change,Labor,2,average_weekly_hours,Average Weekly Hours,Labor,2,34,0.2512324902062763,0.2512324902062763
FED,consumer_inflation_expectations,Consumer Inflation Expectations,Inflation,2,government_payrolls,Government Payrolls,Labor,2,36,0.25109203820733217,0.25109203820733217
BOE,claimant_count_change,Claimant Count Change,Labor,2,retail_sales_ex_fuel_mom,Retail Sales Ex Fuel (MoM),Growth,2,75,-0.2506264298950339,0.2506264298950339
BOE,industrial_production_yoy,Industrial Production (YoY),Growth,2,ppi_core_output_mom,PPI Core Output (MoM),Inflation,3,54,0.2504083014964885,0.2504083014964885
FED,manufacturing_payrolls,Manufacturing Payrolls,Labor,2,ppi_yoy,PPI (YoY),Inflation,2,35,0.2503980959892628,0.2503980959892628
BOC,raw_materials_prices_yoy,Raw Materials Prices (YoY),Inflation,3,unemployment_rate,Unemployment Rate,Labor,1,75,-0.2500057627530601,0.2500057627530601
RBA,full_time_employment_change,Full-Time Employment Change,Labor,1,retail_sales_mom,Retail Sales (MoM),Growth,1,65,0.249587547774209,0.249587547774209
ECB,construction_output_mom,Construction Output (MoM),Growth,2,unemployment_rate,Unemployment Rate,Labor,1,21,0.24948783448190834,0.24948783448190834
BOC,retail_sales_yoy,Retail Sales (YoY),Growth,2,unemployment_rate,Unemployment Rate,Labor,1,73,-0.24945526042373392,0.24945526042373392
FED,ism_manufacturing_employment,ISM Manufacturing Employment,Growth,2,retail_sales_mom,Retail Sales (MoM),Growth,1,29,0.24943138713949028,0.24943138713949028
RBA,full_time_employment_change,Full-Time Employment Change,Labor,1,part_time_employment_change,Part-Time Employment Change,Labor,1,76,0.24935935048238667,0.24935935048238667
ECB,cpi_index,Consumer Price Index,Inflation,2,zew_economic_sentiment,ZEW Economic Sentiment Index,Sentiment,2,50,0.2491106515755425,0.2491106515755425
BOE,cbi_business_optimism,CBI Business Optimism Index,Sentiment,3,retail_price_index_mom,Retail Price Index (MoM),Inflation,3,21,-0.24890121529759154,0.24890121529759154
BOJ,cpi_ex_food_energy_yoy,CPI Ex Food and Energy (YoY),Inflation,1,tankan_large_manufacturers_index,Tankan Large Manufacturers Index,Sentiment,2,25,0.24889249385242773,0.24889249385242773
RBA,ai_group_construction_index,Ai Group Construction Index,Growth,3,producer_price_index_yoy,Producer Price Index (YoY),Inflation,2,23,-0.24881493651625716,0.24881493651625716
BOE,claimant_count_change,Claimant Count Change,Labor,2,cpi_headline_mom,Headline CPI (MoM),Inflation,2,68,-0.24872004103095188,0.24872004103095188
BOJ,eco_watchers_current,Eco Watchers Survey Current,Sentiment,2,household_spending_mom,Household Spending (MoM),Growth,2,75,0.24866222580035394,0.24866222580035394
FED,core_pce_price_index_yoy,Core PCE Price Index (YoY),Inflation,1,retail_sales_yoy,Retail Sales (YoY),Growth,2,39,0.248249005588199,0.248249005588199
BOE,avg_earnings_excl_bonus,Average Earnings (excl. Bonus),Labor,1,employment_change,Employment Change,Labor,2,73,0.24812035447496253,0.24812035447496253
BOC,manufacturing_sales_mom,Manufacturing Sales (MoM),Growth,2,new_motor_vehicle_sales,New Motor Vehicle Sales,Growth,3,74,0.2480866893664704,0.2480866893664704
FED,core_pce_price_index_yoy,Core PCE Price Index (YoY),Inflation,1,cpi_index,CPI Index,Inflation,2,26,-0.24807762012263682,0.24807762012263682
RBA,cpi_headline_qoq,Headline CPI (QoQ),Inflation,1,westpac_consumer_confidence_change,Westpac Consumer Confidence Change,Sentiment,2,25,0.247987776580287,0.247987776580287
BOE,industrial_production_yoy,Industrial Production (YoY),Growth,2,nationwide_hpi_yoy,Nationwide House Prices (YoY),Housing,3,74,0.2477074487348425,0.2477074487348425
FED,nfib_business_optimism,NFIB Business Optimism Index,Sentiment,3,sp_global_services_pmi,S&P Global Services PMI,Growth,2,22,0.24734327447720272,0.24734327447720272
RBA,current_account,Current Account,Trade,2,employment_change,Employment Change,Labor,1,24,-0.24728963546720212,0.24728963546720212
BOC,composite_pmi,Composite PMI,Growth,2,retail_sales_mom,Retail Sales (MoM),Growth,1,27,-0.24717835981783598,0.24717835981783598
BOE,gdp_mom,GDP (MoM),Growth,1,gdp_yoy,GDP (YoY),Growth,1,66,0.24686305690996924,0.24686305690996924
BOJ,coincident_indicator_mom,Coincident Indicator (MoM),Growth,2,imports_yoy,Imports (YoY),Growth,2,22,0.24659893441927974,0.24659893441927974
BOE,industrial_production_yoy,Industrial Production (YoY),Growth,2,public_sector_net_borrowing,Public Sector Net Borrowing,Growth,3,70,0.2465570038048251,0.2465570038048251
FED,export_prices_yoy,Export Prices (YoY),Inflation,3,unemployment_rate,Unemployment Rate,Labor,1,35,-0.24615712232789289,0.24615712232789289
FED,pce_price_index_yoy,PCE Price Index (YoY),Inflation,1,private_nonfarm_payrolls,Private Nonfarm Payrolls,Labor,2,34,0.24614281843396946,0.24614281843396946
BOJ,composite_pmi,S&P Global Composite PMI,Growth,2,imports_yoy,Imports (YoY),Growth,2,73,0.2450173501950086,0.2450173501950086
RBA,commodity_prices_yoy,Commodity Prices (YoY),Inflation,3,housing_credit_mom,Housing Credit (MoM),Growth,3,41,0.2448811240013998,0.2448811240013998
RBNZ,capacity_utilization,Capacity Utilization,Growth,3,credit_card_spending_yoy,Credit Card Spending (YoY),Growth,3,21,0.24485851438800332,0.24485851438800332
RBA,ai_group_services_index,Ai Group Services Index,Growth,3,exports_mom,Exports (MoM),Trade,2,33,0.24463706153861395,0.24463706153861395
BOE,industrial_production_yoy,Industrial Production (YoY),Growth,2,unemployment_rate,Unemployment Rate,Labor,1,76,0.24462847998563922,0.24462847998563922
ECB,construction_output_yoy,Construction Output (YoY),Growth,2,consumer_confidence,Consumer Confidence,Sentiment,2,74,0.2445512891465353,0.2445512891465353
BOE,core_cpi_yoy,Core CPI (YoY),Inflation,1,ppi_core_output_mom,PPI Core Output (MoM),Inflation,3,55,0.24414768334607406,0.24414768334607406
BOJ,consumer_confidence,Consumer Confidence,Sentiment,2,household_spending_yoy,Household Spending (YoY),Growth,2,75,0.24411209725019664,0.24411209725019664
BOJ,composite_pmi,S&P Global Composite PMI,Growth,2,unemployment_rate,Unemployment Rate,Labor,2,72,-0.24402026836667381,0.24402026836667381
BOE,avg_earnings_incl_bonus,Average Earnings (incl. Bonus),Labor,2,core_rpi_mom,Core RPI (MoM),Inflation,3,21,0.24396363601418627,0.24396363601418627
RBNZ,credit_card_spending_yoy,Credit Card Spending (YoY),Growth,3,unemployment_rate,Unemployment Rate,Labor,1,20,-0.24392759300980982,0.24392759300980982
BOJ,current_account,Current Account,Growth,2,tankan_large_manufacturing_outlook,Tankan Large Manufacturing Outlook,Sentiment,2,25,0.24358547462913474,0.24358547462913474
BOC,composite_pmi,Composite PMI,Growth,2,raw_materials_prices_mom,Raw Materials Prices (MoM),Inflation,3,29,0.2435197033560528,0.2435197033560528
BOJ,balance_of_trade,Balance of Trade,Growth,2,tankan_large_non_manufacturing_index,Tankan Large Non-Manufacturing Index,Sentiment,2,25,-0.2432951905984743,0.2432951905984743
BOC,new_motor_vehicle_sales,New Motor Vehicle Sales,Growth,3,retail_sales_mom,Retail Sales (MoM),Growth,1,73,0.24297744348039868,0.24297744348039868
BOE,cpi_headline_yoy,Headline CPI (YoY),Inflation,1,ppi_output_mom,PPI Output (MoM),Inflation,3,58,0.24295997926539734,0.24295997926539734
RBA,rba_trimmed_mean_cpi_yoy,RBA Trimmed Mean CPI (YoY),Inflation,1,retail_sales_mom,Retail Sales (MoM),Growth,1,20,0.2428160862056438,0.2428160862056438
BOC,ppi_yoy,PPI (YoY),Inflation,2,unemployment_rate,Unemployment Rate,Labor,1,75,-0.2426760616643651,0.2426760616643651
BOC,cfib_business_barometer,CFIB Business Barometer,Sentiment,2,core_cpi_yoy,Core CPI (YoY),Inflation,1,54,0.24217975362572516,0.24217975362572516
FED,core_cpi_mom,Core CPI (MoM),Inflation,1,retail_sales_mom,Retail Sales (MoM),Growth,1,31,0.24216099605138564,0.24216099605138564
FED,cpi_headline_yoy,Headline CPI (YoY),Inflation,1,manufacturing_payrolls,Manufacturing Payrolls,Labor,2,35,0.24210652509533684,0.24210652509533684
RBA,ai_group_industry_index,Ai Group Industry Index,Growth,3,commodity_prices_yoy,Commodity Prices (YoY),Inflation,3,36,-0.24204623623913313,0.24204623623913313
BOJ,coincident_indicator_mom,Coincident Indicator (MoM),Growth,2,cpi_index,Consumer Price Index,Inflation,2,20,-0.24192420464971665,0.24192420464971665
FED,nfp,Non-Farm Payrolls,Labor,1,ppi_yoy,PPI (YoY),Inflation,2,35,0.24186716814840878,0.24186716814840878
RBA,exports_mom,Exports (MoM),Trade,2,thomson_reuters_ipsos_pcsi,Thomson Reuters IPSOS PCSI,Sentiment,3,19,0.24173997334887157,0.24173997334887157
FED,challenger_job_cuts,Challenger Job Cuts,Labor,3,umich_inflation_exp_5y,UMich 5Y Inflation Expectations,Inflation,2,33,-0.24146143444028043,0.24146143444028043
FED,cpi_headline_yoy,Headline CPI (YoY),Inflation,1,nfp,Non-Farm Payrolls,Labor,1,35,0.24134207454942327,0.24134207454942327
BOC,part_time_employment_change,Part-Time Employment Change,Labor,1,retail_sales_yoy,Retail Sales (YoY),Growth,2,73,0.24115768805599272,0.24115768805599272
RBA,ai_group_construction_index,Ai Group Construction Index,Growth,3,rba_trimmed_mean_cpi_yoy,RBA Trimmed Mean CPI (YoY),Inflation,1,23,-0.24103777670689874,0.24103777670689874
RBA,balance_of_trade,Balance of Trade,Trade,2,private_sector_credit_yoy,Private Sector Credit (YoY),Growth,3,75,0.24099465150529714,0.24099465150529714
RBA,imports_mom,Imports (MoM),Trade,2,td_mi_inflation_gauge_mom,TD-MI Inflation Gauge (MoM),Inflation,2,73,0.24099252654960115,0.24099252654960115
BOJ,balance_of_trade,Balance of Trade,Growth,2,unemployment_rate,Unemployment Rate,Labor,2,75,0.24050523096824225,0.24050523096824225
RBA,rba_trimmed_mean_cpi_yoy,RBA Trimmed Mean CPI (YoY),Inflation,1,services_pmi,Services PMI,Growth,2,18,0.24050414977749673,0.24050414977749673
BOE,ppi_output_mom,PPI Output (MoM),Inflation,3,retail_price_index_yoy,Retail Price Index (YoY),Inflation,3,58,0.24020613675408056,0.24020613675408056
RBA,nab_business_confidence,NAB Business Confidence,Sentiment,2,rba_trimmed_mean_cpi_yoy,RBA Trimmed Mean CPI (YoY),Inflation,1,22,0.23957970903626147,0.23957970903626147
FED,core_cpi_yoy,Core CPI (YoY),Inflation,1,ppi_mom,PPI (MoM),Inflation,2,33,0.2395010206079007,0.2395010206079007
RBA,commodity_prices_yoy,Commodity Prices (YoY),Inflation,3,composite_pmi,Composite PMI,Growth,2,46,0.23918962513554512,0.23918962513554512
FED,avg_hourly_earnings_yoy,Average Hourly Earnings (YoY),Labor,1,umich_consumer_sentiment,UMich Consumer Sentiment,Sentiment,2,32,-0.23916663428554466,0.23916663428554466
FED,cpi_headline_mom,Headline CPI (MoM),Inflation,2,sp_global_services_pmi,S&P Global Services PMI,Growth,2,19,0.23915702536174707,0.23915702536174707
BOJ,coincident_index,Coincident Index,Growth,2,cpi_headline_mom,Headline CPI (MoM),Inflation,2,68,0.23901215239575832,0.23901215239575832
BOE,avg_earnings_incl_bonus,Average Earnings (incl. Bonus),Labor,2,hmrc_payrolls_change,HMRC Payrolls Change,Labor,2,40,0.2385258471465216,0.2385258471465216
BOC,raw_materials_prices_mom,Raw Materials Prices (MoM),Inflation,3,services_pmi,Services PMI,Growth,2,30,0.23842924476553928,0.23842924476553928
RBA,exports_mom,Exports (MoM),Trade,2,retail_sales_mom,Retail Sales (MoM),Growth,1,65,0.23825347669304506,0.23825347669304506
RBA,ai_group_industry_index,Ai Group Industry Index,Growth,3,retail_sales_mom,Retail Sales (MoM),Growth,1,26,-0.23801252539131354,0.23801252539131354
BOJ,coincident_indicator_mom,Coincident Indicator (MoM),Growth,2,eco_watchers_outlook,Eco Watchers Survey Outlook,Sentiment,2,22,-0.23782113975002678,0.23782113975002678
RBA,consumer_price_index,Consumer Price Index,Inflation,2,exports_mom,Exports (MoM),Trade,2,18,-0.23781069028842666,0.23781069028842666
FED,import_prices_mom,Import Prices (MoM),Inflation,3,pce_price_index_yoy,PCE Price Index (YoY),Inflation,1,35,0.2375906901860338,0.2375906901860338
ECB,cpi_headline_mom,Headline HICP (MoM),Inflation,2,economic_sentiment,Economic Sentiment,Sentiment,2,72,0.23757553231378034,0.23757553231378034
BOJ,ppi_yoy,PPI (YoY),Inflation,2,tankan_non_manufacturing_outlook,Tankan Non-Manufacturing Outlook,Sentiment,2,25,0.2375467724390992,0.2375467724390992
BOJ,household_spending_mom,Household Spending (MoM),Growth,2,tankan_large_non_manufacturing_index,Tankan Large Non-Manufacturing Index,Sentiment,2,25,0.2374126624737604,0.2374126624737604
FED,average_weekly_hours,Average Weekly Hours,Labor,2,cpi_headline_yoy,Headline CPI (YoY),Inflation,1,35,0.23709820361762152,0.23709820361762152
BOE,core_cpi_mom,Core CPI (MoM),Inflation,2,gdp_yoy,GDP (YoY),Growth,1,66,0.23705041045231842,0.23705041045231842
RBNZ,exports,Exports,Growth,2,participation_rate,Labor Force Participation Rate,Labor,1,24,0.23704808242043485,0.23704808242043485
BOJ,machinery_orders_yoy,Machinery Orders (YoY),Growth,2,retail_sales_yoy,Retail Sales (YoY),Growth,2,75,0.23694776744235718,0.23694776744235718
BOJ,exports_yoy,Exports (YoY),Growth,2,tankan_non_manufacturing_outlook,Tankan Non-Manufacturing Outlook,Sentiment,2,25,0.23682923447837195,0.23682923447837195
RBA,exports_mom,Exports (MoM),Trade,2,part_time_employment_change,Part-Time Employment Change,Labor,1,74,0.2368048714472459,0.2368048714472459
RBA,producer_price_index_yoy,Producer Price Index (YoY),Inflation,2,td_mi_inflation_gauge_mom,TD-MI Inflation Gauge (MoM),Inflation,2,24,0.2366503147541701,0.2366503147541701
BOC,cfib_business_barometer,CFIB Business Barometer,Sentiment,2,retail_sales_ex_autos_mom,Retail Sales Ex Autos (MoM),Growth,2,51,0.23619767241102527,0.23619767241102527
RBA,current_account,Current Account,Trade,2,part_time_employment_change,Part-Time Employment Change,Labor,1,24,-0.23616113630422772,0.23616113630422772
BOJ,balance_of_trade,Balance of Trade,Growth,2,industrial_production_mom,Industrial Production (MoM),Growth,2,76,0.23602590866092948,0.23602590866092948
BOE,avg_earnings_incl_bonus,Average Earnings (incl. Bonus),Labor,2,employment_change,Employment Change,Labor,2,74,0.2360223452553762,0.2360223452553762
BOE,consumer_confidence,Consumer Confidence,Sentiment,3,public_sector_net_borrowing,Public Sector Net Borrowing,Growth,3,70,0.23584332730144264,0.23584332730144264
BOC,raw_materials_prices_mom,Raw Materials Prices (MoM),Inflation,3,raw_materials_prices_yoy,Raw Materials Prices (YoY),Inflation,3,75,0.23569711997000647,0.23569711997000647
BOC,core_cpi_mom,Core CPI (MoM),Inflation,2,unemployment_rate,Unemployment Rate,Labor,1,45,-0.23569480294869297,0.23569480294869297
FED,philly_fed_mfg,Philadelphia Fed Manufacturing Index,Growth,2,retail_sales_mom,Retail Sales (MoM),Growth,1,25,0.2355318825760693,0.2355318825760693
RBA,current_account,Current Account,Trade,2,leading_index_mom,Leading Index (MoM),Growth,3,19,-0.23545422113408,0.23545422113408
FED,core_pce_price_index_mom,Core PCE Price Index (MoM),Inflation,1,sp_global_manufacturing_pmi,S&P Global Manufacturing PMI,Growth,2,20,0.23539569054028325,0.23539569054028325
FED,ism_services_employment,ISM Services Employment,Growth,2,new_home_sales,New Home Sales,Housing,2,24,-0.23521508695876248,0.23521508695876248
BOJ,retail_sales_mom,Retail Sales (MoM),Growth,2,services_pmi,S&P Global Services PMI,Growth,2,75,0.23498266017728914,0.23498266017728914
RBA,employment_change,Employment Change,Labor,1,rba_weighted_median_cpi_qoq,RBA Weighted Median CPI (QoQ),Inflation,1,23,0.2348430251542696,0.2348430251542696
FED,core_cpi_mom,Core CPI (MoM),Inflation,1,sp_global_composite_pmi,S&P Global Composite PMI,Growth,2,21,0.2347770940060242,0.2347770940060242
BOE,claimant_count_change,Claimant Count Change,Labor,2,core_cpi_yoy,Core CPI (YoY),Inflation,1,76,-0.23440923335587752,0.23440923335587752
FED,nfib_business_optimism,NFIB Business Optimism Index,Sentiment,3,sp_global_composite_pmi,S&P Global Composite PMI,Growth,2,22,0.23440178364021141,0.23440178364021141
BOJ,gdp_qoq,GDP (QoQ),Growth,1,tankan_large_manufacturing_outlook,Tankan Large Manufacturing Outlook,Sentiment,2,24,0.2342864484596692,0.2342864484596692
BOJ,eco_watchers_outlook,Eco Watchers Survey Outlook,Sentiment,2,imports_yoy,Imports (YoY),Growth,2,76,0.2342250141780419,0.2342250141780419
FED,import_prices_mom,Import Prices (MoM),Inflation,3,nfib_business_optimism,NFIB Business Optimism Index,Sentiment,3,32,0.2340281218831572,0.2340281218831572
BOE,house_price_index_yoy,House Price Index (YoY),Housing,3,services_pmi,Services PMI,Growth,1,25,-0.2339173641731737,0.2339173641731737
BOE,employment_change,Employment Change,Labor,2,ppi_output_yoy,PPI Output (YoY),Inflation,3,66,0.23378006189801823,0.23378006189801823
BOC,new_motor_vehicle_sales,New Motor Vehicle Sales,Growth,3,retail_sales_ex_autos_mom,Retail Sales Ex Autos (MoM),Growth,2,72,0.23353312289057224,0.23353312289057224
SNB,balance_of_trade,Balance of Trade,Growth,2,economic_sentiment_index,Economic Sentiment Index,Sentiment,2,74,0.2333842916230924,0.2333842916230924
BOE,claimant_count_change,Claimant Count Change,Labor,2,ppi_core_output_yoy,PPI Core Output (YoY),Inflation,3,67,-0.23302270039282041,0.23302270039282041
RBA,manufacturing_pmi,Manufacturing PMI,Growth,2,part_time_employment_change,Part-Time Employment Change,Labor,1,58,0.2324285843571677,0.2324285843571677
RBA,ai_group_construction_index,Ai Group Construction Index,Growth,3,corelogic_dwelling_prices_mom,CoreLogic Dwelling Prices (MoM),Housing,2,27,-0.23238725292297022,0.23238725292297022
FED,michigan_inflation_expectations,Michigan Inflation Expectations,Inflation,2,ny_empire_state_mfg,NY Empire State Manufacturing Index,Growth,2,39,0.23235236424574643,0.23235236424574643
RBA,export_price_index_qoq,Export Price Index (QoQ),Inflation,2,full_time_employment_change,Full-Time Employment Change,Labor,1,24,0.23211823277572485,0.23211823277572485
BOE,claimant_count_change,Claimant Count Change,Labor,2,core_rpi_mom,Core RPI (MoM),Inflation,3,22,-0.23196694731484951,0.23196694731484951
BOE,core_rpi_mom,Core RPI (MoM),Inflation,3,manufacturing_pmi,Manufacturing PMI,Growth,2,22,-0.23152456375943684,0.23152456375943684
RBA,nab_business_confidence,NAB Business Confidence,Sentiment,2,rba_weighted_median_cpi_yoy,RBA Weighted Median CPI (YoY),Inflation,1,21,0.23149279985028282,0.23149279985028282
BOJ,cpi_headline_mom,Headline CPI (MoM),Inflation,2,ppi_mom,PPI (MoM),Inflation,2,62,0.23146218044549777,0.23146218044549777
RBA,commodity_prices_yoy,Commodity Prices (YoY),Inflation,3,westpac_consumer_confidence_change,Westpac Consumer Confidence Change,Sentiment,2,51,-0.2312840973382611,0.2312840973382611
RBA,balance_of_trade,Balance of Trade,Trade,2,thomson_reuters_ipsos_pcsi,Thomson Reuters IPSOS PCSI,Sentiment,3,19,-0.231121773131242,0.231121773131242
RBA,building_permits,Building Permits,Housing,2,import_price_index_qoq,Import Price Index (QoQ),Inflation,2,24,-0.23104021581745104,0.23104021581745104
BOJ,capacity_utilization,Capacity Utilization,Growth,2,eco_watchers_outlook,Eco Watchers Survey Outlook,Sentiment,2,74,0.23099598178078148,0.23099598178078148
RBA,commodity_prices_yoy,Commodity Prices (YoY),Inflation,3,nab_business_confidence,NAB Business Confidence,Sentiment,2,48,0.23095549525658163,0.23095549525658163
BOC,raw_materials_prices_yoy,Raw Materials Prices (YoY),Inflation,3,services_pmi,Services PMI,Growth,2,30,0.23092184152898546,0.23092184152898546
FED,ppi_yoy,PPI (YoY),Inflation,2,private_nonfarm_payrolls,Private Nonfarm Payrolls,Labor,2,35,0.23076389446246934,0.23076389446246934
BOC,budget_balance,Budget Balance,Growth,3,composite_pmi,Composite PMI,Growth,2,27,0.23074393402607674,0.23074393402607674
BOJ,current_account,Current Account,Growth,2,machinery_orders_mom,Machinery Orders (MoM),Growth,2,75,0.23073446831089456,0.23073446831089456
BOJ,retail_sales_yoy,Retail Sales (YoY),Growth,2,tertiary_industry_index_mom,Tertiary Industry Index (MoM),Growth,2,74,0.23071884644044385,0.23071884644044385
RBA,rba_weighted_median_cpi_yoy,RBA Weighted Median CPI (YoY),Inflation,1,td_mi_inflation_gauge_mom,TD-MI Inflation Gauge (MoM),Inflation,2,23,0.2306892678674548,0.2306892678674548
FED,export_prices_yoy,Export Prices (YoY),Inflation,3,nfib_business_optimism,NFIB Business Optimism Index,Sentiment,3,34,0.23055438901141018,0.23055438901141018
RBA,ai_group_industry_index,Ai Group Industry Index,Growth,3,exports_mom,Exports (MoM),Trade,2,35,-0.2304601759769953,0.2304601759769953
FED,retail_sales_yoy,Retail Sales (YoY),Growth,2,sp_global_services_pmi,S&P Global Services PMI,Growth,2,22,-0.23036677723387664,0.23036677723387664
SNB,cpi_headline_mom,Headline CPI (MoM),Inflation,2,gdp_qoq,GDP (QoQ),Growth,1,18,0.23014634044852136,0.23014634044852136
BOE,avg_earnings_incl_bonus,Average Earnings (incl. Bonus),Labor,2,cpi_headline_mom,Headline CPI (MoM),Inflation,2,66,0.22985335801781354,0.22985335801781354
BOE,claimant_count_change,Claimant Count Change,Labor,2,retail_price_index_yoy,Retail Price Index (YoY),Inflation,3,76,-0.22958176399934627,0.22958176399934627
BOE,ppi_output_yoy,PPI Output (YoY),Inflation,3,retail_sales_ex_fuel_yoy,Retail Sales Ex Fuel (YoY),Growth,2,67,-0.22949094506876297,0.22949094506876297
BOC,cfib_business_barometer,CFIB Business Barometer,Sentiment,2,unemployment_rate,Unemployment Rate,Labor,1,54,-0.2294883677184152,0.2294883677184152
FED,cpi_headline_yoy,Headline CPI (YoY),Inflation,1,import_prices_mom,Import Prices (MoM),Inflation,3,33,0.22935681163967012,0.22935681163967012
RBA,ai_group_construction_index,Ai Group Construction Index,Growth,3,private_sector_credit_yoy,Private Sector Credit (YoY),Growth,3,69,-0.2292573914655554,0.2292573914655554
RBA,balance_of_trade,Balance of Trade,Trade,2,private_house_approvals_mom,Private House Approvals (MoM),Housing,2,52,-0.2290229350713592,0.2290229350713592
RBNZ,balance_of_trade,Balance of Trade,Growth,2,employment_change_qoq,Employment Change (QoQ),Labor,1,22,-0.22869333585168325,0.22869333585168325
BOJ,gdp_qoq,GDP (QoQ),Growth,1,leading_economic_index,Leading Economic Index,Growth,2,24,0.228578252323104,0.228578252323104
RBA,building_permits,Building Permits,Housing,2,corelogic_dwelling_prices_mom,CoreLogic Dwelling Prices (MoM),Housing,2,31,0.22842001004317072,0.22842001004317072
FED,adp_employment_change,ADP Employment Change,Labor,2,consumer_inflation_expectations,Consumer Inflation Expectations,Inflation,2,34,0.228153019124046,0.228153019124046
BOE,ppi_input_mom,PPI Input (MoM),Inflation,3,ppi_output_yoy,PPI Output (YoY),Inflation,3,66,0.22771003602052517,0.22771003602052517
ECB,composite_pmi,Composite PMI,Growth,2,cpi_index,Consumer Price Index,Inflation,2,18,-0.22744366118717774,0.22744366118717774
BOJ,gdp_qoq,GDP (QoQ),Growth,1,tankan_non_manufacturing_outlook,Tankan Non-Manufacturing Outlook,Sentiment,2,24,0.22721815236243625,0.22721815236243625
BOJ,eco_watchers_current,Eco Watchers Survey Current,Sentiment,2,machinery_orders_mom,Machinery Orders (MoM),Growth,2,74,0.2269783348919956,0.2269783348919956
BOC,raw_materials_prices_mom,Raw Materials Prices (MoM),Inflation,3,unemployment_rate,Unemployment Rate,Labor,1,74,0.22646952955492128,0.22646952955492128
BOE,claimant_count_change,Claimant Count Change,Labor,2,cpi_headline_yoy,Headline CPI (YoY),Inflation,1,76,-0.22635366742050306,0.22635366742050306
FED,cpi_headline_yoy,Headline CPI (YoY),Inflation,1,private_nonfarm_payrolls,Private Nonfarm Payrolls,Labor,2,35,0.2262903099072179,0.2262903099072179
FED,avg_hourly_earnings_yoy,Average Hourly Earnings (YoY),Labor,1,core_ppi_mom,Core PPI (MoM),Inflation,2,30,-0.22624788390181935,0.22624788390181935
BOC,retail_sales_yoy,Retail Sales (YoY),Growth,2,vehicle_sales_mom,Vehicle Sales (MoM),Growth,3,18,0.22569780918076157,0.22569780918076157
FED,export_prices_mom,Export Prices (MoM),Inflation,3,nfib_business_optimism,NFIB Business Optimism Index,Sentiment,3,33,0.22563350366088897,0.22563350366088897
FED,core_ppi_mom,Core PPI (MoM),Inflation,2,umich_consumer_sentiment,UMich Consumer Sentiment,Sentiment,2,28,0.22561174709556864,0.22561174709556864
FED,ppi_yoy,PPI (YoY),Inflation,2,umich_consumer_sentiment,UMich Consumer Sentiment,Sentiment,2,32,-0.22556680275215205,0.22556680275215205
FED,core_cpi_mom,Core CPI (MoM),Inflation,1,participation_rate,Labor Force Participation Rate,Labor,2,33,0.2254530176543992,0.2254530176543992
FED,core_cpi_yoy,Core CPI (YoY),Inflation,1,ny_empire_state_mfg,NY Empire State Manufacturing Index,Growth,2,26,0.22428215679569893,0.22428215679569893
RBA,exports_mom,Exports (MoM),Trade,2,westpac_consumer_confidence_index,Westpac Consumer Confidence Index,Sentiment,2,73,0.22423700056246318,0.22423700056246318
RBNZ,balance_of_trade,Balance of Trade,Growth,2,business_confidence,Business Confidence,Growth,3,74,0.22415004821029763,0.22415004821029763
RBA,current_account,Current Account,Trade,2,td_mi_inflation_gauge_mom,TD-MI Inflation Gauge (MoM),Inflation,2,24,-0.22407242417643913,0.22407242417643913
BOJ,balance_of_trade,Balance of Trade,Growth,2,machinery_orders_mom,Machinery Orders (MoM),Growth,2,74,0.223742302248616,0.223742302248616
RBA,ai_group_industry_index,Ai Group Industry Index,Growth,3,nab_business_confidence,NAB Business Confidence,Sentiment,2,33,0.22371728948397374,0.22371728948397374
RBA,export_price_index_qoq,Export Price Index (QoQ),Inflation,2,rba_trimmed_mean_cpi_yoy,RBA Trimmed Mean CPI (YoY),Inflation,1,25,-0.22363756274053487,0.22363756274053487
BOC,core_cpi_yoy,Core CPI (YoY),Inflation,1,retail_sales_yoy,Retail Sales (YoY),Growth,2,73,0.22344016197651503,0.22344016197651503
BOE,gdp_mom,GDP (MoM),Growth,1,hmrc_payrolls_change,HMRC Payrolls Change,Labor,2,34,-0.22311837636552515,0.22311837636552515
BOE,core_cpi_yoy,Core CPI (YoY),Inflation,1,house_price_index_mom,House Price Index (MoM),Housing,3,68,-0.2230191363372244,0.2230191363372244
BOJ,cpi_ex_food_energy_yoy,CPI Ex Food and Energy (YoY),Inflation,1,cpi_headline_mom,Headline CPI (MoM),Inflation,2,68,0.22277489464726255,0.22277489464726255
RBNZ,exports,Exports,Growth,2,labour_cost_index_yoy,Labour Cost Index (YoY),Labor,2,24,0.22258626926044847,0.22258626926044847
RBA,balance_of_trade,Balance of Trade,Trade,2,producer_price_index_qoq,Producer Price Index (QoQ),Inflation,2,24,0.22256996784010666,0.22256996784010666
RBA,ai_group_services_index,Ai Group Services Index,Growth,3,td_mi_inflation_gauge_mom,TD-MI Inflation Gauge (MoM),Inflation,2,33,0.22246405481491133,0.22246405481491133
FED,avg_hourly_earnings_yoy,Average Hourly Earnings (YoY),Labor,1,pce_price_index_mom,PCE Price Index (MoM),Inflation,1,29,-0.22241559028421334,0.22241559028421334
BOC,core_cpi_mom,Core CPI (MoM),Inflation,2,raw_materials_prices_yoy,Raw Materials Prices (YoY),Inflation,3,44,0.22225529252328138,0.22225529252328138
FED,avg_hourly_earnings_mom,Average Hourly Earnings (MoM),Labor,2,ism_manufacturing_pmi,ISM Manufacturing PMI,Growth,1,33,-0.22223096764265327,0.22223096764265327
BOE,ppi_core_output_yoy,PPI Core Output (YoY),Inflation,3,ppi_input_mom,PPI Input (MoM),Inflation,3,65,0.22193583155872648,0.22193583155872648
BOE,cbi_industrial_trends_orders,CBI Industrial Trends Orders,Sentiment,3,niesr_monthly_gdp_tracker,NIESR Monthly GDP Tracker,Growth,2,64,0.22190827993429119,0.22190827993429119
BOE,core_cpi_mom,Core CPI (MoM),Inflation,2,public_sector_net_borrowing,Public Sector Net Borrowing,Growth,3,66,-0.22187306851597127,0.22187306851597127
RBA,ai_group_construction_index,Ai Group Construction Index,Growth,3,nab_business_confidence,NAB Business Confidence,Sentiment,2,66,0.22170392506493172,0.22170392506493172
FED,export_prices_yoy,Export Prices (YoY),Inflation,3,manufacturing_payrolls,Manufacturing Payrolls,Labor,2,35,0.221542924321437,0.221542924321437
BOJ,coincident_indicator_mom,Coincident Indicator (MoM),Growth,2,cpi_ex_food_energy_yoy,CPI Ex Food and Energy (YoY),Inflation,1,22,-0.22106621725043976,0.22106621725043976
FED,core_ppi_yoy,Core PPI (YoY),Inflation,2,manufacturing_payrolls,Manufacturing Payrolls,Labor,2,35,0.22099290660568238,0.22099290660568238
BOJ,cpi_headline_mom,Headline CPI (MoM),Inflation,2,services_pmi,S&P Global Services PMI,Growth,2,69,0.22072596660108987,0.22072596660108987
RBA,commodity_prices_yoy,Commodity Prices (YoY),Inflation,3,exports_mom,Exports (MoM),Trade,2,50,0.2207024963905583,0.2207024963905583
SNB,retail_sales_yoy,Retail Sales (YoY),Growth,2,unemployment_rate,Unemployment Rate,Labor,2,74,0.22062904559234897,0.22062904559234897
BOC,composite_pmi,Composite PMI,Growth,2,new_housing_price_index_mom,New Housing Price Index (MoM),Housing,2,22,0.22039102148712034,0.22039102148712034
FED,export_prices_mom,Export Prices (MoM),Inflation,3,unemployment_rate,Unemployment Rate,Labor,1,33,-0.2202697435293543,0.2202697435293543
BOC,full_time_employment_change,Full-Time Employment Change,Labor,1,manufacturing_pmi,Manufacturing PMI,Growth,2,49,0.21981804185649945,0.21981804185649945
FED,ism_manufacturing_prices,ISM Manufacturing Prices Paid,Growth,2,retail_sales_mom,Retail Sales (MoM),Growth,1,29,0.21940312806839324,0.21940312806839324
RBA,consumer_inflation_expectation,Consumer Inflation Expectation,Inflation,2,thomson_reuters_ipsos_pcsi,Thomson Reuters IPSOS PCSI,Sentiment,3,19,-0.21925447556007283,0.21925447556007283
BOE,employment_change,Employment Change,Labor,2,ppi_output_mom,PPI Output (MoM),Inflation,3,56,0.2190186541784201,0.2190186541784201
RBA,consumer_inflation_expectation,Consumer Inflation Expectation,Inflation,2,cpi_headline_qoq,Headline CPI (QoQ),Inflation,1,25,0.21869584964809927,0.21869584964809927
BOE,manufacturing_pmi,Manufacturing PMI,Growth,2,ppi_output_yoy,PPI Output (YoY),Inflation,3,21,0.21843596294811754,0.21843596294811754
FED,nfib_business_optimism,NFIB Business Optimism Index,Sentiment,3,ppi_mom,PPI (MoM),Inflation,2,33,0.21834159857170726,0.21834159857170726
FED,avg_hourly_earnings_mom,Average Hourly Earnings (MoM),Labor,2,cpi_index,CPI Index,Inflation,2,28,-0.21825961473351008,0.21825961473351008
BOJ,composite_pmi,S&P Global Composite PMI,Growth,2,cpi_headline_mom,Headline CPI (MoM),Inflation,2,66,0.2182455862965623,0.2182455862965623
FED,michigan_inflation_expectations,Michigan Inflation Expectations,Inflation,2,sp_global_services_pmi,S&P Global Services PMI,Growth,2,30,-0.21820852458115308,0.21820852458115308
FED,export_prices_yoy,Export Prices (YoY),Inflation,3,sp_global_composite_pmi,S&P Global Composite PMI,Growth,2,22,0.21812631190023468,0.21812631190023468
FED,core_pce_price_index_yoy,Core PCE Price Index (YoY),Inflation,1,export_prices_mom,Export Prices (MoM),Inflation,3,36,0.21791916429665886,0.21791916429665886
BOJ,manufacturing_pmi,S&P Global Manufacturing PMI,Growth,2,tankan_non_manufacturing_outlook,Tankan Non-Manufacturing Outlook,Sentiment,2,25,0.21788399169664444,0.21788399169664444
FED,retail_sales_mom,Retail Sales (MoM),Growth,1,sp_global_manufacturing_pmi,S&P Global Manufacturing PMI,Growth,2,19,0.21780211282250395,0.21780211282250395
FED,export_prices_mom,Export Prices (MoM),Inflation,3,michigan_inflation_expectations,Michigan Inflation Expectations,Inflation,2,32,0.21740293471377742,0.21740293471377742
FED,ppi_mom,PPI (MoM),Inflation,2,sp_global_services_pmi,S&P Global Services PMI,Growth,2,20,0.2171390008658397,0.2171390008658397
FED,core_cpi_yoy,Core CPI (YoY),Inflation,1,nfp,Non-Farm Payrolls,Labor,1,35,0.21710019099917832,0.21710019099917832
BOE,house_price_index_mom,House Price Index (MoM),Housing,3,industrial_production_yoy,Industrial Production (YoY),Growth,2,68,0.21699937096086583,0.21699937096086583
BOE,composite_pmi,Composite PMI,Growth,2,house_price_index_yoy,House Price Index (YoY),Housing,3,25,-0.21698523385096424,0.21698523385096424
BOE,avg_earnings_incl_bonus,Average Earnings (incl. Bonus),Labor,2,ppi_output_mom,PPI Output (MoM),Inflation,3,57,0.21690515699563997,0.21690515699563997
RBA,exports_mom,Exports (MoM),Trade,2,import_price_index_qoq,Import Price Index (QoQ),Inflation,2,24,0.21671760339110038,0.21671760339110038
BOE,avg_earnings_excl_bonus,Average Earnings (excl. Bonus),Labor,1,core_cpi_mom,Core CPI (MoM),Inflation,2,67,0.21644375988501702,0.21644375988501702
BOJ,cpi_headline_mom,Headline CPI (MoM),Inflation,2,unemployment_rate,Unemployment Rate,Labor,2,68,-0.21627269727002588,0.21627269727002588
RBA,ai_group_manufacturing_index,Ai Group Manufacturing Index,Growth,3,cpi_headline_qoq,Headline CPI (QoQ),Inflation,1,23,0.21616288715315238,0.21616288715315238
RBA,part_time_employment_change,Part-Time Employment Change,Labor,1,td_mi_inflation_gauge_mom,TD-MI Inflation Gauge (MoM),Inflation,2,74,0.21614711367414413,0.21614711367414413
BOE,manufacturing_pmi,Manufacturing PMI,Growth,2,ppi_input_mom,PPI Input (MoM),Inflation,3,19,0.21566498280198604,0.21566498280198604
FED,ism_manufacturing_employment,ISM Manufacturing Employment,Growth,2,nfib_business_optimism,NFIB Business Optimism Index,Sentiment,3,33,0.21550871191170537,0.21550871191170537
BOJ,balance_of_trade,Balance of Trade,Growth,2,consumer_confidence,Consumer Confidence,Sentiment,2,76,0.21514821421200223,0.21514821421200223
RBA,private_sector_credit_yoy,Private Sector Credit (YoY),Growth,3,td_mi_inflation_gauge_mom,TD-MI Inflation Gauge (MoM),Inflation,2,73,0.21504437169485321,0.21504437169485321
FED,average_weekly_hours,Average Weekly Hours,Labor,2,avg_hourly_earnings_mom,Average Hourly Earnings (MoM),Labor,2,37,-0.21475109528668643,0.21475109528668643
FED,nfib_business_optimism,NFIB Business Optimism Index,Sentiment,3,participation_rate,Labor Force Participation Rate,Labor,2,35,-0.21455488647937482,0.21455488647937482
FED,new_home_sales,New Home Sales,Housing,2,unemployment_rate,Unemployment Rate,Labor,1,33,0.21449731795707389,0.21449731795707389
BOC,balance_of_trade,Balance of Trade,Trade,2,new_housing_price_index_mom,New Housing Price Index (MoM),Housing,2,64,0.2144532011644469,0.2144532011644469
RBA,building_permits,Building Permits,Housing,2,td_mi_inflation_gauge_mom,TD-MI Inflation Gauge (MoM),Inflation,2,69,-0.21435094226249052,0.21435094226249052
BOJ,cpi_headline_yoy,Headline CPI (YoY),Inflation,1,reuters_tankan_index,Reuters Tankan Index,Sentiment,2,74,0.21434667063743293,0.21434667063743293
BOJ,household_spending_mom,Household Spending (MoM),Growth,2,ppi_mom,PPI (MoM),Inflation,2,67,0.21427707146213548,0.21427707146213548
BOE,composite_pmi,Composite PMI,Growth,2,retail_price_index_mom,Retail Price Index (MoM),Inflation,3,28,-0.21400734528114881,0.21400734528114881
BOJ,consumer_confidence,Consumer Confidence,Sentiment,2,unemployment_rate,Unemployment Rate,Labor,2,75,-0.21395407594595003,0.21395407594595003
BOE,avg_earnings_incl_bonus,Average Earnings (incl. Bonus),Labor,2,retail_sales_ex_fuel_mom,Retail Sales Ex Fuel (MoM),Growth,2,74,-0.2139536847288352,0.2139536847288352
BOJ,cpi_headline_mom,Headline CPI (MoM),Inflation,2,imports_yoy,Imports (YoY),Growth,2,69,0.21388276809292636,0.21388276809292636
SNB,cpi_headline_mom,Headline CPI (MoM),Inflation,2,retail_sales_mom,Retail Sales (MoM),Growth,2,56,0.21364067801437642,0.21364067801437642
BOC,employment_change,Employment Change,Labor,1,raw_materials_prices_yoy,Raw Materials Prices (YoY),Inflation,3,75,0.21356696676905335,0.21356696676905335
FED,core_ppi_yoy,Core PPI (YoY),Inflation,2,nfp,Non-Farm Payrolls,Labor,1,35,0.21338874796044374,0.21338874796044374
BOC,full_time_employment_change,Full-Time Employment Change,Labor,1,raw_materials_prices_yoy,Raw Materials Prices (YoY),Inflation,3,75,0.21313395362186083,0.21313395362186083
FED,participation_rate,Labor Force Participation Rate,Labor,2,pce_price_index_yoy,PCE Price Index (YoY),Inflation,1,34,0.2128858261956989,0.2128858261956989
FED,avg_hourly_earnings_mom,Average Hourly Earnings (MoM),Labor,2,core_ppi_mom,Core PPI (MoM),Inflation,2,31,-0.21271460221588956,0.21271460221588956
FED,ny_empire_state_mfg,NY Empire State Manufacturing Index,Growth,2,sp_global_composite_pmi,S&P Global Composite PMI,Growth,2,24,0.2127016291248592,0.2127016291248592
RBA,commodity_prices_yoy,Commodity Prices (YoY),Inflation,3,full_time_employment_change,Full-Time Employment Change,Labor,1,52,0.21251040429761064,0.21251040429761064
BOE,avg_earnings_excl_bonus,Average Earnings (excl. Bonus),Labor,1,nationwide_hpi_yoy,Nationwide House Prices (YoY),Housing,3,72,-0.21250604135917864,0.21250604135917864
RBA,balance_of_trade,Balance of Trade,Trade,2,leading_index_mom,Leading Index (MoM),Growth,3,61,-0.21196002895917665,0.21196002895917665
FED,export_prices_yoy,Export Prices (YoY),Inflation,3,nfp,Non-Farm Payrolls,Labor,1,35,0.21166189207308675,0.21166189207308675
BOE,ppi_input_mom,PPI Input (MoM),Inflation,3,retail_price_index_mom,Retail Price Index (MoM),Inflation,3,62,0.21152403167627393,0.21152403167627393
BOC,balance_of_trade,Balance of Trade,Trade,2,services_pmi,Services PMI,Growth,2,29,0.2114707858636499,0.2114707858636499
FED,private_nonfarm_payrolls,Private Nonfarm Payrolls,Labor,2,sp_global_composite_pmi,S&P Global Composite PMI,Growth,2,22,0.2109874248594563,0.2109874248594563
BOJ,ppi_yoy,PPI (YoY),Inflation,2,unemployment_rate,Unemployment Rate,Labor,2,74,-0.2109456137985813,0.2109456137985813
BOE,avg_earnings_incl_bonus,Average Earnings (incl. Bonus),Labor,2,retail_price_index_mom,Retail Price Index (MoM),Inflation,3,70,0.21085934515695326,0.21085934515695326
BOJ,leading_economic_index,Leading Economic Index,Growth,2,ppi_mom,PPI (MoM),Inflation,2,67,0.2106527430413032,0.2106527430413032
BOC,new_motor_vehicle_sales,New Motor Vehicle Sales,Growth,3,wholesale_sales_mom,Wholesale Sales (MoM),Growth,2,75,0.21048088963458497,0.21048088963458497
RBA,balance_of_trade,Balance of Trade,Trade,2,corelogic_dwelling_prices_mom,CoreLogic Dwelling Prices (MoM),Housing,2,31,-0.21024896570632678,0.21024896570632678
RBA,leading_index_mom,Leading Index (MoM),Growth,3,manufacturing_pmi,Manufacturing PMI,Growth,2,44,0.21008048984903466,0.21008048984903466
FED,ism_manufacturing_pmi,ISM Manufacturing PMI,Growth,1,sp_global_services_pmi,S&P Global Services PMI,Growth,2,21,0.210031864385122,0.210031864385122
BOJ,coincident_indicator_mom,Coincident Indicator (MoM),Growth,2,unemployment_rate,Unemployment Rate,Labor,2,22,0.21001016391450036,0.21001016391450036
RBA,leading_index_mom,Leading Index (MoM),Growth,3,unemployment_rate,Unemployment Rate,Labor,1,62,0.20960520849742217,0.20960520849742217
FED,core_cpi_yoy,Core CPI (YoY),Inflation,1,manufacturing_payrolls,Manufacturing Payrolls,Labor,2,35,0.20942091781121996,0.20942091781121996
BOC,budget_balance,Budget Balance,Growth,3,retail_sales_yoy,Retail Sales (YoY),Growth,2,73,0.20936841056254107,0.20936841056254107
BOE,composite_pmi,Composite PMI,Growth,2,cpi_headline_yoy,Headline CPI (YoY),Inflation,1,28,-0.20885783298169833,0.20885783298169833
BOE,avg_earnings_incl_bonus,Average Earnings (incl. Bonus),Labor,2,niesr_monthly_gdp_tracker,NIESR Monthly GDP Tracker,Growth,2,62,0.20884704442758226,0.20884704442758226
RBA,building_permits,Building Permits,Housing,2,rba_weighted_median_cpi_yoy,RBA Weighted Median CPI (YoY),Inflation,1,23,-0.20874869612561253,0.20874869612561253
RBA,producer_price_index_yoy,Producer Price Index (YoY),Inflation,2,westpac_consumer_confidence_change,Westpac Consumer Confidence Change,Sentiment,2,24,0.20855091643489498,0.20855091643489498
BOJ,ppi_mom,PPI (MoM),Inflation,2,tankan_non_manufacturing_outlook,Tankan Non-Manufacturing Outlook,Sentiment,2,23,0.20846257752246422,0.20846257752246422
BOJ,tankan_large_manufacturers_index,Tankan Large Manufacturers Index,Sentiment,2,unemployment_rate,Unemployment Rate,Labor,2,25,-0.20830503325054706,0.20830503325054706
FED,core_ppi_mom,Core PPI (MoM),Inflation,2,umich_inflation_exp_5y,UMich 5Y Inflation Expectations,Inflation,2,28,-0.20817440404395565,0.20817440404395565
BOE,cpi_headline_mom,Headline CPI (MoM),Inflation,2,employment_change,Employment Change,Labor,2,66,0.2080367207386537,0.2080367207386537
BOE,industrial_production_yoy,Industrial Production (YoY),Growth,2,retail_price_index_mom,Retail Price Index (MoM),Inflation,3,71,0.20788086558156116,0.20788086558156116
RBA,import_price_index_qoq,Import Price Index (QoQ),Inflation,2,services_pmi,Services PMI,Growth,2,18,0.20762075363987748,0.20762075363987748
BOE,composite_pmi,Composite PMI,Growth,2,retail_sales_yoy,Retail Sales (YoY),Growth,1,27,-0.2076085754028178,0.2076085754028178
RBNZ,business_confidence,Business Confidence,Growth,3,employment_change_qoq,Employment Change (QoQ),Labor,1,22,-0.20750469012723383,0.20750469012723383
BOE,gdp_mom,GDP (MoM),Growth,1,ppi_output_mom,PPI Output (MoM),Inflation,3,53,0.2074433295576327,0.2074433295576327
FED,adp_employment_change,ADP Employment Change,Labor,2,nfib_business_optimism,NFIB Business Optimism Index,Sentiment,3,34,0.2072301714155989,0.2072301714155989
FED,ism_manufacturing_new_orders,ISM Manufacturing New Orders,Growth,2,retail_sales_mom,Retail Sales (MoM),Growth,1,29,0.20719870775743254,0.20719870775743254
RBA,leading_index_mom,Leading Index (MoM),Growth,3,private_house_approvals_mom,Private House Approvals (MoM),Housing,2,38,-0.2069938498963244,0.2069938498963244
FED,michigan_inflation_expectations,Michigan Inflation Expectations,Inflation,2,retail_sales_yoy,Retail Sales (YoY),Growth,2,33,0.2065940934666596,0.2065940934666596
FED,core_pce_price_index_mom,Core PCE Price Index (MoM),Inflation,1,nfib_business_optimism,NFIB Business Optimism Index,Sentiment,3,31,0.20641554227786524,0.20641554227786524
SNB,cpi_headline_yoy,Headline CPI (YoY),Inflation,1,producer_import_prices_mom,Producer & Import Prices (MoM),Inflation,2,66,0.20624331399565377,0.20624331399565377
FED,ism_manufacturing_prices,ISM Manufacturing Prices Paid,Growth,2,unemployment_rate,Unemployment Rate,Labor,1,33,-0.20616173160977191,0.20616173160977191
SNB,balance_of_trade,Balance of Trade,Growth,2,gdp_qoq,GDP (QoQ),Growth,1,22,-0.206122595327893,0.206122595327893
FED,average_weekly_hours,Average Weekly Hours,Labor,2,unemployment_rate,Unemployment Rate,Labor,1,36,0.20584158256414822,0.20584158256414822
BOJ,coincident_indicator_mom,Coincident Indicator (MoM),Growth,2,eco_watchers_current,Eco Watchers Survey Current,Sentiment,2,22,-0.2054904408413053,0.2054904408413053
FED,cpi_headline_yoy,Headline CPI (YoY),Inflation,1,ism_manufacturing_new_orders,ISM Manufacturing New Orders,Growth,2,33,0.20541985507519828,0.20541985507519828
BOE,core_rpi_yoy,Core RPI (YoY),Inflation,3,services_pmi,Services PMI,Growth,1,24,-0.20526107729789111,0.20526107729789111
RBA,td_mi_inflation_gauge_mom,TD-MI Inflation Gauge (MoM),Inflation,2,unemployment_rate,Unemployment Rate,Labor,1,74,-0.20493159626866717,0.20493159626866717
FED,export_prices_yoy,Export Prices (YoY),Inflation,3,private_nonfarm_payrolls,Private Nonfarm Payrolls,Labor,2,35,0.2046728450292767,0.2046728450292767
BOE,core_cpi_yoy,Core CPI (YoY),Inflation,1,public_sector_net_borrowing,Public Sector Net Borrowing,Growth,3,71,0.20464093314453355,0.20464093314453355
BOE,claimant_count_change,Claimant Count Change,Labor,2,nationwide_hpi_yoy,Nationwide House Prices (YoY),Housing,3,75,-0.20462335557566522,0.20462335557566522
BOE,claimant_count_change,Claimant Count Change,Labor,2,house_price_index_yoy,House Price Index (YoY),Housing,3,73,-0.20449475135783235,0.20449475135783235
BOJ,consumer_confidence,Consumer Confidence,Sentiment,2,tertiary_industry_index_mom,Tertiary Industry Index (MoM),Growth,2,74,0.20444299884329958,0.20444299884329958
BOJ,machinery_orders_mom,Machinery Orders (MoM),Growth,2,retail_sales_yoy,Retail Sales (YoY),Growth,2,74,0.20441230620171014,0.20441230620171014
BOE,employment_change,Employment Change,Labor,2,retail_price_index_mom,Retail Price Index (MoM),Inflation,3,70,0.20431631249767973,0.20431631249767973
BOJ,cpi_headline_mom,Headline CPI (MoM),Inflation,2,retail_sales_yoy,Retail Sales (YoY),Growth,2,68,0.2042790828068041,0.2042790828068041
FED,import_prices_yoy,Import Prices (YoY),Inflation,3,nfib_business_optimism,NFIB Business Optimism Index,Sentiment,3,34,0.20424103261457613,0.20424103261457613
BOJ,cpi_headline_mom,Headline CPI (MoM),Inflation,2,leading_economic_index,Leading Economic Index,Growth,2,68,0.20388664282711255,0.20388664282711255
FED,government_payrolls,Government Payrolls,Labor,2,retail_sales_mom,Retail Sales (MoM),Growth,1,33,0.20377459987847243,0.20377459987847243
ECB,consumer_confidence,Consumer Confidence,Sentiment,2,gdp_qoq,GDP (QoQ),Growth,1,23,0.20357533249645718,0.20357533249645718
RBA,current_account,Current Account,Trade,2,full_time_employment_change,Full-Time Employment Change,Labor,1,24,-0.20331576415273214,0.20331576415273214
BOE,manufacturing_pmi,Manufacturing PMI,Growth,2,ppi_core_output_yoy,PPI Core Output (YoY),Inflation,3,21,0.20328132639861288,0.20328132639861288
FED,adp_employment_change,ADP Employment Change,Labor,2,umich_inflation_exp_5y,UMich 5Y Inflation Expectations,Inflation,2,34,0.2031741551561013,0.2031741551561013
ECB,construction_output_mom,Construction Output (MoM),Growth,2,economic_sentiment,Economic Sentiment,Sentiment,2,21,-0.20313329431930957,0.20313329431930957
RBA,current_account,Current Account,Trade,2,rba_weighted_median_cpi_yoy,RBA Weighted Median CPI (YoY),Inflation,1,24,-0.20312099924616897,0.20312099924616897
ECB,core_cpi_yoy,Core HICP (YoY),Inflation,1,cpi_headline_mom,Headline HICP (MoM),Inflation,2,72,0.20298804885631266,0.20298804885631266
BOJ,leading_index_mom,Leading Index (MoM),Growth,2,retail_sales_mom,Retail Sales (MoM),Growth,2,22,-0.20292420577051573,0.20292420577051573
RBA,current_account,Current Account,Trade,2,producer_price_index_qoq,Producer Price Index (QoQ),Inflation,2,25,-0.20292275690945769,0.20292275690945769
ECB,consumer_confidence,Consumer Confidence,Sentiment,2,services_pmi,Services PMI,Growth,2,19,0.202801275781571,0.202801275781571
RBNZ,cpi_headline_yoy,Headline CPI (YoY),Inflation,1,exports,Exports,Growth,2,25,0.2027802560678837,0.2027802560678837
RBA,part_time_employment_change,Part-Time Employment Change,Labor,1,westpac_consumer_confidence_change,Westpac Consumer Confidence Change,Sentiment,2,74,0.20257205911227824,0.20257205911227824
FED,participation_rate,Labor Force Participation Rate,Labor,2,sp_global_services_pmi,S&P Global Services PMI,Growth,2,22,0.2022495297950277,0.2022495297950277
FED,michigan_inflation_expectations,Michigan Inflation Expectations,Inflation,2,ppi_mom,PPI (MoM),Inflation,2,31,0.20190679343302562,0.20190679343302562
FED,core_ppi_yoy,Core PPI (YoY),Inflation,2,private_nonfarm_payrolls,Private Nonfarm Payrolls,Labor,2,35,0.201564172050202,0.201564172050202
RBA,commodity_prices_yoy,Commodity Prices (YoY),Inflation,3,consumer_price_index,Consumer Price Index,Inflation,2,18,-0.20141205774308152,0.20141205774308152
BOE,avg_earnings_excl_bonus,Average Earnings (excl. Bonus),Labor,1,ppi_input_yoy,PPI Input (YoY),Inflation,3,66,0.20137568239510928,0.20137568239510928
FED,consumer_inflation_expectations,Consumer Inflation Expectations,Inflation,2,manufacturing_payrolls,Manufacturing Payrolls,Labor,2,36,0.20107697178421136,0.20107697178421136
BOJ,cpi_index,Consumer Price Index,Inflation,2,tankan_large_manufacturing_outlook,Tankan Large Manufacturing Outlook,Sentiment,2,24,0.2010467465843201,0.2010467465843201
FED,ism_manufacturing_new_orders,ISM Manufacturing New Orders,Growth,2,pce_price_index_yoy,PCE Price Index (YoY),Inflation,1,31,0.201017344783808,0.201017344783808
BOE,cpi_headline_mom,Headline CPI (MoM),Inflation,2,manufacturing_pmi,Manufacturing PMI,Growth,2,26,-0.2009948462388595,0.2009948462388595
FED,core_cpi_yoy,Core CPI (YoY),Inflation,1,private_nonfarm_payrolls,Private Nonfarm Payrolls,Labor,2,35,0.20038621556414132,0.20038621556414132
BOE,consumer_confidence,Consumer Confidence,Sentiment,3,ppi_core_output_mom,PPI Core Output (MoM),Inflation,3,54,-0.2003578340443832,0.2003578340443832
BOE,house_price_index_yoy,House Price Index (YoY),Housing,3,retail_sales_yoy,Retail Sales (YoY),Growth,1,71,0.2000660028311076,0.2000660028311076
BOJ,balance_of_trade,Balance of Trade,Growth,2,tankan_small_manufacturers_index,Tankan Small Manufacturers Index,Sentiment,2,24,-0.1999305091939537,0.1999305091939537
BOJ,tankan_large_manufacturing_outlook,Tankan Large Manufacturing Outlook,Sentiment,2,unemployment_rate,Unemployment Rate,Labor,2,25,-0.19989331622205336,0.19989331622205336
BOC,cfib_business_barometer,CFIB Business Barometer,Sentiment,2,wholesale_sales_mom,Wholesale Sales (MoM),Growth,2,52,0.19978028680680585,0.19978028680680585
FED,cpi_headline_yoy,Headline CPI (YoY),Inflation,1,participation_rate,Labor Force Participation Rate,Labor,2,35,0.19936634273232,0.19936634273232
RBA,monthly_cpi_indicator,Monthly CPI Indicator,Inflation,1,private_house_approvals_mom,Private House Approvals (MoM),Housing,2,38,-0.19913260382175463,0.19913260382175463
BOE,avg_earnings_incl_bonus,Average Earnings (incl. Bonus),Labor,2,core_cpi_mom,Core CPI (MoM),Inflation,2,68,0.1988839918518398,0.1988839918518398
BOJ,household_spending_mom,Household Spending (MoM),Growth,2,industrial_production_yoy,Industrial Production (YoY),Growth,2,76,-0.19871177384956348,0.19871177384956348
BOE,avg_earnings_incl_bonus,Average Earnings (incl. Bonus),Labor,2,retail_sales_mom,Retail Sales (MoM),Growth,1,72,-0.1985114388715719,0.1985114388715719
FED,avg_hourly_earnings_mom,Average Hourly Earnings (MoM),Labor,2,michigan_inflation_expectations,Michigan Inflation Expectations,Inflation,2,33,-0.19839468417352785,0.19839468417352785
RBA,employment_change,Employment Change,Labor,1,producer_price_index_yoy,Producer Price Index (YoY),Inflation,2,24,0.1972445010767963,0.1972445010767963
BOE,avg_earnings_excl_bonus,Average Earnings (excl. Bonus),Labor,1,core_rpi_mom,Core RPI (MoM),Inflation,3,21,0.19720692628297357,0.19720692628297357
BOJ,eco_watchers_current,Eco Watchers Survey Current,Sentiment,2,machinery_orders_yoy,Machinery Orders (YoY),Growth,2,75,0.19709532699044885,0.19709532699044885
BOJ,household_spending_mom,Household Spending (MoM),Growth,2,household_spending_yoy,Household Spending (YoY),Growth,2,76,0.1970112908333181,0.1970112908333181
FED,average_weekly_hours,Average Weekly Hours,Labor,2,pce_price_index_yoy,PCE Price Index (YoY),Inflation,1,34,0.1969952482309402,0.1969952482309402
RBA,ai_group_services_index,Ai Group Services Index,Growth,3,part_time_employment_change,Part-Time Employment Change,Labor,1,34,0.19666539307069447,0.19666539307069447
BOE,core_cpi_mom,Core CPI (MoM),Inflation,2,manufacturing_pmi,Manufacturing PMI,Growth,2,26,-0.19666321472956508,0.19666321472956508
BOJ,cpi_ex_food_energy_yoy,CPI Ex Food and Energy (YoY),Inflation,1,exports_yoy,Exports (YoY),Growth,2,75,-0.19641157997353745,0.19641157997353745
BOE,services_pmi,Services PMI,Growth,1,unemployment_rate,Unemployment Rate,Labor,1,27,-0.19632062649565546,0.19632062649565546
BOC,cpi_headline_mom,Headline CPI (MoM),Inflation,2,unemployment_rate,Unemployment Rate,Labor,1,72,-0.19611153806028198,0.19611153806028198
BOE,composite_pmi,Composite PMI,Growth,2,industrial_production_yoy,Industrial Production (YoY),Growth,2,27,0.19608785077122493,0.19608785077122493
FED,avg_hourly_earnings_mom,Average Hourly Earnings (MoM),Labor,2,ism_manufacturing_prices,ISM Manufacturing Prices Paid,Growth,2,33,-0.19595774090058377,0.19595774090058377
BOE,house_price_index_yoy,House Price Index (YoY),Housing,3,industrial_production_yoy,Industrial Production (YoY),Growth,2,73,0.19585690304044687,0.19585690304044687
BOE,consumer_confidence,Consumer Confidence,Sentiment,3,niesr_monthly_gdp_tracker,NIESR Monthly GDP Tracker,Growth,2,64,0.19578798214772564,0.19578798214772564
BOE,nationwide_hpi_yoy,Nationwide House Prices (YoY),Housing,3,retail_sales_yoy,Retail Sales (YoY),Growth,1,72,0.19569669023893188,0.19569669023893188
RBA,full_time_employment_change,Full-Time Employment Change,Labor,1,westpac_consumer_confidence_index,Westpac Consumer Confidence Index,Sentiment,2,75,0.1956192050607564,0.1956192050607564
BOE,cbi_industrial_trends_orders,CBI Industrial Trends Orders,Sentiment,3,retail_sales_yoy,Retail Sales (YoY),Growth,1,72,0.1954747192713355,0.1954747192713355
BOJ,current_account,Current Account,Growth,2,tankan_large_manufacturers_index,Tankan Large Manufacturers Index,Sentiment,2,25,0.19543238595988635,0.19543238595988635
BOC,ivey_pmi_sa,Ivey PMI s.a.,Growth,2,unemployment_rate,Unemployment Rate,Labor,1,72,-0.19539947098348104,0.19539947098348104
RBA,import_price_index_qoq,Import Price Index (QoQ),Inflation,2,retail_sales_mom,Retail Sales (MoM),Growth,1,20,0.19530187718124273,0.19530187718124273
RBA,export_price_index_qoq,Export Price Index (QoQ),Inflation,2,producer_price_index_qoq,Producer Price Index (QoQ),Inflation,2,25,0.19521771207118901,0.19521771207118901
RBNZ,balance_of_trade,Balance of Trade,Growth,2,capacity_utilization,Capacity Utilization,Growth,3,25,-0.19507844439092048,0.19507844439092048
BOJ,cpi_headline_mom,Headline CPI (MoM),Inflation,2,eco_watchers_current,Eco Watchers Survey Current,Sentiment,2,69,0.19506296078746765,0.19506296078746765
SNB,balance_of_trade,Balance of Trade,Growth,2,cpi_headline_yoy,Headline CPI (YoY),Inflation,1,74,-0.1949800490985233,0.1949800490985233
ECB,cpi_headline_mom,Headline HICP (MoM),Inflation,2,manufacturing_pmi,Manufacturing PMI,Growth,2,65,0.19491245298543458,0.19491245298543458
BOE,retail_price_index_mom,Retail Price Index (MoM),Inflation,3,services_pmi,Services PMI,Growth,1,28,-0.1948925733298731,0.1948925733298731
BOC,employment_change,Employment Change,Labor,1,services_pmi,Services PMI,Growth,2,30,0.19479051279750428,0.19479051279750428
BOE,core_rpi_mom,Core RPI (MoM),Inflation,3,retail_price_index_yoy,Retail Price Index (YoY),Inflation,3,22,0.19476860704423124,0.19476860704423124
RBA,leading_index_mom,Leading Index (MoM),Growth,3,rba_trimmed_mean_cpi_qoq,RBA Trimmed Mean CPI (QoQ),Inflation,1,19,0.19468153723391804,0.19468153723391804
RBA,consumer_inflation_expectation,Consumer Inflation Expectation,Inflation,2,current_account,Current Account,Trade,2,24,-0.19425397526777763,0.19425397526777763
FED,import_prices_yoy,Import Prices (YoY),Inflation,3,sp_global_services_pmi,S&P Global Services PMI,Growth,2,21,0.19418584987923276,0.19418584987923276
BOE,cpi_headline_mom,Headline CPI (MoM),Inflation,2,industrial_production_yoy,Industrial Production (YoY),Growth,2,67,0.1939560973684049,0.1939560973684049
BOJ,household_spending_yoy,Household Spending (YoY),Growth,2,tankan_large_all_industry_capex,Tankan Large All Industry Capex,Sentiment,2,25,0.19377398813212304,0.19377398813212304
ECB,consumer_confidence,Consumer Confidence,Sentiment,2,cpi_index,Consumer Price Index,Inflation,2,50,0.19375162946703858,0.19375162946703858
RBA,leading_index_mom,Leading Index (MoM),Growth,3,private_sector_credit_yoy,Private Sector Credit (YoY),Growth,3,61,-0.19373021926903114,0.19373021926903114
RBA,employment_change,Employment Change,Labor,1,td_mi_inflation_gauge_mom,TD-MI Inflation Gauge (MoM),Inflation,2,74,0.19370523492772668,0.19370523492772668
BOE,industrial_production_yoy,Industrial Production (YoY),Growth,2,retail_sales_mom,Retail Sales (MoM),Growth,1,73,0.19333113317977568,0.19333113317977568
BOJ,cpi_headline_mom,Headline CPI (MoM),Inflation,2,reuters_tankan_index,Reuters Tankan Index,Sentiment,2,68,0.19318442719433868,0.19318442719433868
FED,ism_manufacturing_pmi,ISM Manufacturing PMI,Growth,1,retail_sales_mom,Retail Sales (MoM),Growth,1,29,0.1929980962122208,0.1929980962122208
SNB,cpi_headline_mom,Headline CPI (MoM),Inflation,2,unemployment_rate,Unemployment Rate,Labor,2,57,-0.1929855203942076,0.1929855203942076
RBA,cpi_headline_qoq,Headline CPI (QoQ),Inflation,1,export_price_index_qoq,Export Price Index (QoQ),Inflation,2,24,0.1929661183073479,0.1929661183073479
BOE,cpi_headline_yoy,Headline CPI (YoY),Inflation,1,house_price_index_mom,House Price Index (MoM),Housing,3,68,-0.19263909416168898,0.19263909416168898
BOE,ppi_output_yoy,PPI Output (YoY),Inflation,3,services_pmi,Services PMI,Growth,1,21,-0.1922124455201743,0.1922124455201743
BOE,employment_change,Employment Change,Labor,2,ppi_core_output_yoy,PPI Core Output (YoY),Inflation,3,65,0.19207859100722027,0.19207859100722027
BOJ,capacity_utilization,Capacity Utilization,Growth,2,retail_sales_yoy,Retail Sales (YoY),Growth,2,74,0.1920578238243197,0.1920578238243197
FED,pce_price_index_yoy,PCE Price Index (YoY),Inflation,1,philly_fed_mfg,Philadelphia Fed Manufacturing Index,Growth,2,26,0.19200991944190696,0.19200991944190696
FED,manufacturing_payrolls,Manufacturing Payrolls,Labor,2,nfib_business_optimism,NFIB Business Optimism Index,Sentiment,3,36,0.19182827054604437,0.19182827054604437
FED,ism_manufacturing_new_orders,ISM Manufacturing New Orders,Growth,2,sp_global_composite_pmi,S&P Global Composite PMI,Growth,2,21,0.1915926073646668,0.1915926073646668
RBA,rba_trimmed_mean_cpi_qoq,RBA Trimmed Mean CPI (QoQ),Inflation,1,westpac_consumer_confidence_change,Westpac Consumer Confidence Change,Sentiment,2,24,0.1911619832639078,0.1911619832639078
FED,nfp,Non-Farm Payrolls,Labor,1,umich_inflation_exp_5y,UMich 5Y Inflation Expectations,Inflation,2,33,0.19102237235440553,0.19102237235440553
RBA,unemployment_rate,Unemployment Rate,Labor,1,westpac_consumer_confidence_change,Westpac Consumer Confidence Change,Sentiment,2,74,0.19095491264109024,0.19095491264109024
FED,nfib_business_optimism,NFIB Business Optimism Index,Sentiment,3,private_nonfarm_payrolls,Private Nonfarm Payrolls,Labor,2,36,0.19089458747407229,0.19089458747407229
BOJ,leading_economic_index,Leading Economic Index,Growth,2,ppi_yoy,PPI (YoY),Inflation,2,74,0.1905756696821029,0.1905756696821029
BOJ,industrial_production_mom,Industrial Production (MoM),Growth,2,manufacturing_pmi,S&P Global Manufacturing PMI,Growth,2,76,0.19045811098513976,0.19045811098513976
BOE,cbi_industrial_trends_orders,CBI Industrial Trends Orders,Sentiment,3,house_price_index_mom,House Price Index (MoM),Housing,3,67,0.19036886616078652,0.19036886616078652
BOC,manufacturing_sales_mom,Manufacturing Sales (MoM),Growth,2,vehicle_sales_mom,Vehicle Sales (MoM),Growth,3,19,-0.19036351981873853,0.19036351981873853
RBA,ai_group_manufacturing_index,Ai Group Manufacturing Index,Growth,3,thomson_reuters_ipsos_pcsi,Thomson Reuters IPSOS PCSI,Sentiment,3,19,0.19010037244339537,0.19010037244339537
FED,ism_manufacturing_prices,ISM Manufacturing Prices Paid,Growth,2,umich_inflation_exp_5y,UMich 5Y Inflation Expectations,Inflation,2,33,0.18989209688769668,0.18989209688769668
FED,ism_manufacturing_pmi,ISM Manufacturing PMI,Growth,1,umich_inflation_exp_5y,UMich 5Y Inflation Expectations,Inflation,2,33,-0.18961139433501514,0.18961139433501514
BOE,niesr_monthly_gdp_tracker,NIESR Monthly GDP Tracker,Growth,2,unemployment_rate,Unemployment Rate,Labor,1,63,0.18958553614851406,0.18958553614851406
RBA,private_house_approvals_mom,Private House Approvals (MoM),Housing,2,td_mi_inflation_gauge_mom,TD-MI Inflation Gauge (MoM),Inflation,2,51,-0.18944595349183796,0.18944595349183796
FED,ny_empire_state_mfg,NY Empire State Manufacturing Index,Growth,2,sp_global_services_pmi,S&P Global Services PMI,Growth,2,24,0.1893277592211713,0.1893277592211713
ECB,core_cpi_yoy,Core HICP (YoY),Inflation,1,services_pmi,Services PMI,Growth,2,18,-0.18908840410368288,0.18908840410368288
RBA,ai_group_industry_index,Ai Group Industry Index,Growth,3,full_time_employment_change,Full-Time Employment Change,Labor,1,36,-0.18907647050449364,0.18907647050449364
BOJ,household_spending_yoy,Household Spending (YoY),Growth,2,tankan_non_manufacturing_outlook,Tankan Non-Manufacturing Outlook,Sentiment,2,25,0.18890981346420108,0.18890981346420108
RBA,current_account,Current Account,Trade,2,retail_sales_mom,Retail Sales (MoM),Growth,1,20,-0.18863881397841498,0.18863881397841498
BOC,budget_balance,Budget Balance,Growth,3,ppi_yoy,PPI (YoY),Inflation,2,73,0.18841690199352054,0.18841690199352054
RBA,building_permits,Building Permits,Housing,2,employment_change,Employment Change,Labor,1,71,0.18822728533222027,0.18822728533222027
BOJ,capacity_utilization,Capacity Utilization,Growth,2,tankan_large_manufacturing_outlook,Tankan Large Manufacturing Outlook,Sentiment,2,24,0.1878459687170132,0.1878459687170132
BOJ,consumer_confidence,Consumer Confidence,Sentiment,2,ppi_mom,PPI (MoM),Inflation,2,68,0.1875339036593103,0.1875339036593103
RBNZ,credit_card_spending_yoy,Credit Card Spending (YoY),Growth,3,labour_cost_index_qoq,Labour Cost Index (QoQ),Labor,2,20,0.1873016042687252,0.1873016042687252
RBA,exports_mom,Exports (MoM),Trade,2,rba_trimmed_mean_cpi_yoy,RBA Trimmed Mean CPI (YoY),Inflation,1,24,-0.1872592614133065,0.1872592614133065
RBA,ai_group_manufacturing_index,Ai Group Manufacturing Index,Growth,3,housing_credit_mom,Housing Credit (MoM),Growth,3,36,-0.1872030023380138,0.1872030023380138
FED,core_pce_price_index_yoy,Core PCE Price Index (YoY),Inflation,1,ism_manufacturing_prices,ISM Manufacturing Prices Paid,Growth,2,31,0.1871793019418982,0.1871793019418982
BOJ,machinery_orders_mom,Machinery Orders (MoM),Growth,2,tankan_large_non_manufacturing_index,Tankan Large Non-Manufacturing Index,Sentiment,2,25,-0.1871723890127187,0.1871723890127187
FED,philly_fed_mfg,Philadelphia Fed Manufacturing Index,Growth,2,sp_global_composite_pmi,S&P Global Composite PMI,Growth,2,25,0.18658422077094286,0.18658422077094286
BOE,public_sector_net_borrowing,Public Sector Net Borrowing,Growth,3,services_pmi,Services PMI,Growth,1,23,-0.1862634918974604,0.1862634918974604
BOJ,eco_watchers_outlook,Eco Watchers Survey Outlook,Sentiment,2,household_spending_yoy,Household Spending (YoY),Growth,2,75,0.18615247313045313,0.18615247313045313
BOE,ppi_core_output_yoy,PPI Core Output (YoY),Inflation,3,retail_sales_yoy,Retail Sales (YoY),Growth,1,64,-0.18597542405638326,0.18597542405638326
BOJ,gdp_qoq,GDP (QoQ),Growth,1,machinery_orders_yoy,Machinery Orders (YoY),Growth,2,24,0.18591479471211636,0.18591479471211636
BOJ,balance_of_trade,Balance of Trade,Growth,2,coincident_indicator_mom,Coincident Indicator (MoM),Growth,2,22,0.18581549524115362,0.18581549524115362
ECB,composite_pmi,Composite PMI,Growth,2,cpi_headline_yoy,Headline HICP (YoY),Inflation,1,18,-0.18573634886672788,0.18573634886672788
RBA,cpi_headline_yoy,Headline CPI (YoY),Inflation,1,westpac_consumer_confidence_index,Westpac Consumer Confidence Index,Sentiment,2,28,-0.18573100257973651,0.18573100257973651
RBA,private_sector_credit_yoy,Private Sector Credit (YoY),Growth,3,westpac_consumer_confidence_change,Westpac Consumer Confidence Change,Sentiment,2,73,-0.1853444122873758,0.1853444122873758
BOJ,ppi_yoy,PPI (YoY),Inflation,2,tankan_large_non_manufacturing_index,Tankan Large Non-Manufacturing Index,Sentiment,2,25,0.18528379529181466,0.18528379529181466
FED,consumer_inflation_expectations,Consumer Inflation Expectations,Inflation,2,ism_manufacturing_new_orders,ISM Manufacturing New Orders,Growth,2,33,0.18525001664390472,0.18525001664390472
FED,consumer_inflation_expectations,Consumer Inflation Expectations,Inflation,2,nfp,Non-Farm Payrolls,Labor,1,36,0.18515418648577564,0.18515418648577564
RBA,ai_group_manufacturing_index,Ai Group Manufacturing Index,Growth,3,services_pmi,Services PMI,Growth,2,54,-0.18499669962724516,0.18499669962724516
FED,cpi_headline_yoy,Headline CPI (YoY),Inflation,1,philly_fed_mfg,Philadelphia Fed Manufacturing Index,Growth,2,27,0.18493817934252074,0.18493817934252074
FED,nfp,Non-Farm Payrolls,Labor,1,sp_global_composite_pmi,S&P Global Composite PMI,Growth,2,22,0.18451920491016074,0.18451920491016074
BOE,house_price_index_mom,House Price Index (MoM),Housing,3,retail_price_index_yoy,Retail Price Index (YoY),Inflation,3,68,-0.18402597739792112,0.18402597739792112
RBA,exports_mom,Exports (MoM),Trade,2,manufacturing_pmi,Manufacturing PMI,Growth,2,56,0.1839248843997703,0.1839248843997703
BOC,manufacturing_pmi,Manufacturing PMI,Growth,2,retail_sales_mom,Retail Sales (MoM),Growth,1,46,0.18387543397088935,0.18387543397088935
BOE,core_cpi_mom,Core CPI (MoM),Inflation,2,unemployment_rate,Unemployment Rate,Labor,1,69,-0.183695134564313,0.183695134564313
BOJ,eco_watchers_current,Eco Watchers Survey Current,Sentiment,2,imports_yoy,Imports (YoY),Growth,2,76,0.18324534450127566,0.18324534450127566
BOC,core_cpi_yoy,Core CPI (YoY),Inflation,1,ivey_pmi_sa,Ivey PMI s.a.,Growth,2,72,0.1831523649088957,0.1831523649088957
BOE,hmrc_payrolls_change,HMRC Payrolls Change,Labor,2,retail_sales_mom,Retail Sales (MoM),Growth,1,38,0.18313179469716911,0.18313179469716911
FED,new_home_sales,New Home Sales,Housing,2,sp_global_manufacturing_pmi,S&P Global Manufacturing PMI,Growth,2,20,-0.18311806552607343,0.18311806552607343
BOJ,tankan_large_all_industry_capex,Tankan Large All Industry Capex,Sentiment,2,tertiary_industry_index_mom,Tertiary Industry Index (MoM),Growth,2,25,0.1830188078403846,0.1830188078403846
BOE,claimant_count_change,Claimant Count Change,Labor,2,consumer_confidence,Consumer Confidence,Sentiment,3,75,-0.1830077200708527,0.1830077200708527
BOC,core_cpi_mom,Core CPI (MoM),Inflation,2,retail_sales_mom,Retail Sales (MoM),Growth,1,42,-0.18278479585013255,0.18278479585013255
RBA,import_price_index_qoq,Import Price Index (QoQ),Inflation,2,leading_index_mom,Leading Index (MoM),Growth,3,19,0.18271831172607134,0.18271831172607134
SNB,balance_of_trade,Balance of Trade,Growth,2,unemployment_rate,Unemployment Rate,Labor,2,76,0.18225637910553769,0.18225637910553769
BOE,hmrc_payrolls_change,HMRC Payrolls Change,Labor,2,retail_price_index_mom,Retail Price Index (MoM),Inflation,3,40,-0.18225139458762835,0.18225139458762835
RBA,export_price_index_qoq,Export Price Index (QoQ),Inflation,2,private_sector_credit_yoy,Private Sector Credit (YoY),Growth,3,24,-0.18209415248749045,0.18209415248749045
FED,average_weekly_hours,Average Weekly Hours,Labor,2,new_home_sales,New Home Sales,Housing,2,33,0.18193505590623496,0.18193505590623496
BOJ,imports_yoy,Imports (YoY),Growth,2,retail_sales_yoy,Retail Sales (YoY),Growth,2,75,0.1814033271444396,0.1814033271444396
BOE,composite_pmi,Composite PMI,Growth,2,core_cpi_mom,Core CPI (MoM),Inflation,2,26,-0.18124362455242882,0.18124362455242882
BOE,claimant_count_change,Claimant Count Change,Labor,2,house_price_index_mom,House Price Index (MoM),Housing,3,68,-0.1807812870975809,0.1807812870975809
FED,nfib_business_optimism,NFIB Business Optimism Index,Sentiment,3,nfp,Non-Farm Payrolls,Labor,1,36,0.18062114600186727,0.18062114600186727
BOC,gdp_mom,GDP (MoM),Growth,1,raw_materials_prices_yoy,Raw Materials Prices (YoY),Inflation,3,70,0.18037150020771966,0.18037150020771966
FED,core_cpi_mom,Core CPI (MoM),Inflation,1,sp_global_services_pmi,S&P Global Services PMI,Growth,2,21,0.1803408918650807,0.1803408918650807
BOC,composite_pmi,Composite PMI,Growth,2,exports,Exports,Trade,2,28,0.18033558532215616,0.18033558532215616
FED,avg_hourly_earnings_yoy,Average Hourly Earnings (YoY),Labor,1,umich_inflation_exp_5y,UMich 5Y Inflation Expectations,Inflation,2,32,-0.18032737387802744,0.18032737387802744
BOJ,consumer_confidence,Consumer Confidence,Sentiment,2,industrial_production_mom,Industrial Production (MoM),Growth,2,76,0.18029574264484677,0.18029574264484677
BOE,house_price_index_mom,House Price Index (MoM),Housing,3,services_pmi,Services PMI,Growth,1,23,0.1802731184723277,0.1802731184723277
BOE,industrial_production_yoy,Industrial Production (YoY),Growth,2,ppi_output_yoy,PPI Output (YoY),Inflation,3,67,0.18021494688655726,0.18021494688655726
FED,private_nonfarm_payrolls,Private Nonfarm Payrolls,Labor,2,umich_inflation_exp_5y,UMich 5Y Inflation Expectations,Inflation,2,33,0.18004246168484184,0.18004246168484184
BOJ,balance_of_trade,Balance of Trade,Growth,2,gdp_qoq,GDP (QoQ),Growth,1,24,0.1798662214104017,0.1798662214104017
BOC,services_pmi,Services PMI,Growth,2,wholesale_sales_mom,Wholesale Sales (MoM),Growth,2,28,0.17978835813919247,0.17978835813919247
RBA,imports_mom,Imports (MoM),Trade,2,producer_price_index_yoy,Producer Price Index (YoY),Inflation,2,24,0.17978208256019051,0.17978208256019051
BOJ,coincident_indicator_mom,Coincident Indicator (MoM),Growth,2,leading_economic_index,Leading Economic Index,Growth,2,22,0.1795127263645521,0.1795127263645521
BOC,cfib_business_barometer,CFIB Business Barometer,Sentiment,2,full_time_employment_change,Full-Time Employment Change,Labor,1,54,0.17946875868277726,0.17946875868277726
BOE,composite_pmi,Composite PMI,Growth,2,retail_sales_ex_fuel_yoy,Retail Sales Ex Fuel (YoY),Growth,2,27,-0.17928424076070593,0.17928424076070593
BOE,claimant_count_change,Claimant Count Change,Labor,2,composite_pmi,Composite PMI,Growth,2,28,0.17924545642856146,0.17924545642856146
BOC,composite_pmi,Composite PMI,Growth,2,retail_sales_ex_autos_mom,Retail Sales Ex Autos (MoM),Growth,2,27,-0.17907539195590708,0.17907539195590708
RBA,housing_credit_mom,Housing Credit (MoM),Growth,3,retail_sales_mom,Retail Sales (MoM),Growth,1,31,0.17859987672963049,0.17859987672963049
RBA,building_permits,Building Permits,Housing,2,imports_mom,Imports (MoM),Trade,2,72,0.17849474752476793,0.17849474752476793
RBA,consumer_price_index,Consumer Price Index,Inflation,2,westpac_consumer_confidence_change,Westpac Consumer Confidence Change,Sentiment,2,18,0.178413043708114,0.178413043708114
RBA,export_price_index_qoq,Export Price Index (QoQ),Inflation,2,imports_mom,Imports (MoM),Trade,2,24,-0.17838699801355795,0.17838699801355795
FED,new_home_sales,New Home Sales,Housing,2,umich_inflation_exp_5y,UMich 5Y Inflation Expectations,Inflation,2,32,-0.1780405126681644,0.1780405126681644
FED,consumer_inflation_expectations,Consumer Inflation Expectations,Inflation,2,private_nonfarm_payrolls,Private Nonfarm Payrolls,Labor,2,36,0.1779039206675403,0.1779039206675403
BOE,core_rpi_yoy,Core RPI (YoY),Inflation,3,industrial_production_yoy,Industrial Production (YoY),Growth,2,23,0.1776745735911176,0.1776745735911176
BOJ,composite_pmi,S&P Global Composite PMI,Growth,2,machinery_orders_mom,Machinery Orders (MoM),Growth,2,71,0.17766137863459394,0.17766137863459394
RBA,balance_of_trade,Balance of Trade,Trade,2,westpac_consumer_confidence_change,Westpac Consumer Confidence Change,Sentiment,2,73,-0.17746637178188449,0.17746637178188449
RBA,import_price_index_qoq,Import Price Index (QoQ),Inflation,2,td_mi_inflation_gauge_mom,TD-MI Inflation Gauge (MoM),Inflation,2,24,-0.17721931899486051,0.17721931899486051
BOE,niesr_monthly_gdp_tracker,NIESR Monthly GDP Tracker,Growth,2,ppi_input_yoy,PPI Input (YoY),Inflation,3,56,0.17698877184557438,0.17698877184557438
BOC,cfib_business_barometer,CFIB Business Barometer,Sentiment,2,raw_materials_prices_mom,Raw Materials Prices (MoM),Inflation,3,52,0.17688121745513513,0.17688121745513513
BOE,cbi_business_optimism,CBI Business Optimism Index,Sentiment,3,cpi_headline_mom,Headline CPI (MoM),Inflation,2,22,-0.1766539188881909,0.1766539188881909
BOC,part_time_employment_change,Part-Time Employment Change,Labor,1,ppi_mom,PPI (MoM),Inflation,2,72,0.1764953227744061,0.1764953227744061
BOC,balance_of_trade,Balance of Trade,Trade,2,ppi_mom,PPI (MoM),Inflation,2,72,0.17643405692068634,0.17643405692068634
BOE,manufacturing_pmi,Manufacturing PMI,Growth,2,retail_price_index_mom,Retail Price Index (MoM),Inflation,3,28,-0.17631588691556002,0.17631588691556002
BOJ,industrial_production_yoy,Industrial Production (YoY),Growth,2,leading_index_mom,Leading Index (MoM),Growth,2,22,0.1762171151309188,0.1762171151309188
FED,export_prices_yoy,Export Prices (YoY),Inflation,3,participation_rate,Labor Force Participation Rate,Labor,2,35,-0.1761970248205492,0.1761970248205492
FED,michigan_inflation_expectations,Michigan Inflation Expectations,Inflation,2,nfib_business_optimism,NFIB Business Optimism Index,Sentiment,3,33,-0.17618136850049515,0.17618136850049515
SNB,economic_sentiment_index,Economic Sentiment Index,Sentiment,2,producer_import_prices_mom,Producer & Import Prices (MoM),Inflation,2,66,0.17613346293923007,0.17613346293923007
RBA,commodity_prices_yoy,Commodity Prices (YoY),Inflation,3,td_mi_inflation_gauge_mom,TD-MI Inflation Gauge (MoM),Inflation,2,51,0.1758081578318888,0.1758081578318888
FED,retail_sales_yoy,Retail Sales (YoY),Growth,2,sp_global_composite_pmi,S&P Global Composite PMI,Growth,2,22,-0.1756753396496795,0.1756753396496795
BOC,budget_balance,Budget Balance,Growth,3,core_cpi_mom,Core CPI (MoM),Inflation,2,42,-0.1752171579031561,0.1752171579031561
RBA,composite_pmi,Composite PMI,Growth,2,exports_mom,Exports (MoM),Trade,2,54,0.17514320274037418,0.17514320274037418
RBA,balance_of_trade,Balance of Trade,Trade,2,services_pmi,Services PMI,Growth,2,58,-0.17510401400087913,0.17510401400087913
BOE,cbi_industrial_trends_orders,CBI Industrial Trends Orders,Sentiment,3,gdp_qoq,GDP (QoQ),Growth,1,24,0.1747732066287717,0.1747732066287717
BOJ,gdp_qoq,GDP (QoQ),Growth,1,tankan_large_manufacturers_index,Tankan Large Manufacturers Index,Sentiment,2,24,0.17470435292653297,0.17470435292653297
ECB,construction_output_yoy,Construction Output (YoY),Growth,2,cpi_headline_mom,Headline HICP (MoM),Inflation,2,70,0.17454852645272664,0.17454852645272664
FED,core_ppi_mom,Core PPI (MoM),Inflation,2,retail_sales_mom,Retail Sales (MoM),Growth,1,29,0.17434162578857532,0.17434162578857532
BOJ,eco_watchers_outlook,Eco Watchers Survey Outlook,Sentiment,2,industrial_production_mom,Industrial Production (MoM),Growth,2,76,0.17424427746847207,0.17424427746847207
BOC,balance_of_trade,Balance of Trade,Trade,2,retail_sales_yoy,Retail Sales (YoY),Growth,2,74,0.1740559581744133,0.1740559581744133
BOJ,capacity_utilization,Capacity Utilization,Growth,2,retail_sales_mom,Retail Sales (MoM),Growth,2,74,0.17390362165345266,0.17390362165345266
FED,import_prices_mom,Import Prices (MoM),Inflation,3,unemployment_rate,Unemployment Rate,Labor,1,32,-0.17382599793038023,0.17382599793038023
RBA,full_time_employment_change,Full-Time Employment Change,Labor,1,thomson_reuters_ipsos_pcsi,Thomson Reuters IPSOS PCSI,Sentiment,3,20,-0.17379878981482724,0.17379878981482724
ECB,gdp_qoq,GDP (QoQ),Growth,1,zew_economic_sentiment,ZEW Economic Sentiment Index,Sentiment,2,23,0.17377076112147102,0.17377076112147102
BOE,house_price_index_mom,House Price Index (MoM),Housing,3,ppi_input_yoy,PPI Input (YoY),Inflation,3,61,0.17365351997310224,0.17365351997310224
BOJ,balance_of_trade,Balance of Trade,Growth,2,household_spending_mom,Household Spending (MoM),Growth,2,75,0.173616452353062,0.173616452353062
FED,government_payrolls,Government Payrolls,Labor,2,umich_consumer_sentiment,UMich Consumer Sentiment,Sentiment,2,33,-0.1735175479853282,0.1735175479853282
BOE,industrial_production_yoy,Industrial Production (YoY),Growth,2,retail_sales_ex_fuel_mom,Retail Sales Ex Fuel (MoM),Growth,2,75,0.17347010770466786,0.17347010770466786
RBA,export_price_index_qoq,Export Price Index (QoQ),Inflation,2,retail_sales_mom,Retail Sales (MoM),Growth,1,20,0.17341086416096668,0.17341086416096668
BOE,hmrc_payrolls_change,HMRC Payrolls Change,Labor,2,nationwide_hpi_yoy,Nationwide House Prices (YoY),Housing,3,40,-0.1733495224020726,0.1733495224020726
RBA,nab_business_confidence,NAB Business Confidence,Sentiment,2,westpac_consumer_confidence_change,Westpac Consumer Confidence Change,Sentiment,2,70,0.17294279012715336,0.17294279012715336
FED,ism_manufacturing_prices,ISM Manufacturing Prices Paid,Growth,2,participation_rate,Labor Force Participation Rate,Labor,2,33,-0.1728756270998338,0.1728756270998338
BOJ,current_account,Current Account,Growth,2,services_pmi,S&P Global Services PMI,Growth,2,75,0.17274356676650024,0.17274356676650024
ECB,consumer_confidence,Consumer Confidence,Sentiment,2,cpi_headline_mom,Headline HICP (MoM),Inflation,2,72,-0.17252765846171778,0.17252765846171778
RBA,export_price_index_qoq,Export Price Index (QoQ),Inflation,2,unemployment_rate,Unemployment Rate,Labor,1,24,0.17237811754148363,0.17237811754148363
BOJ,cpi_headline_mom,Headline CPI (MoM),Inflation,2,tankan_large_manufacturing_outlook,Tankan Large Manufacturing Outlook,Sentiment,2,23,0.17222246801252233,0.17222246801252233
FED,core_cpi_yoy,Core CPI (YoY),Inflation,1,export_prices_mom,Export Prices (MoM),Inflation,3,34,0.17217465922454525,0.17217465922454525
RBA,rba_trimmed_mean_cpi_qoq,RBA Trimmed Mean CPI (QoQ),Inflation,1,westpac_consumer_confidence_index,Westpac Consumer Confidence Index,Sentiment,2,24,-0.17187851216551694,0.17187851216551694
SNB,economic_sentiment_index,Economic Sentiment Index,Sentiment,2,gdp_qoq,GDP (QoQ),Growth,1,22,0.17183715253300444,0.17183715253300444
BOC,cpi_headline_mom,Headline CPI (MoM),Inflation,2,services_pmi,Services PMI,Growth,2,27,0.17180663173925603,0.17180663173925603
FED,avg_hourly_earnings_mom,Average Hourly Earnings (MoM),Labor,2,nfib_business_optimism,NFIB Business Optimism Index,Sentiment,3,36,-0.1716377458892064,0.1716377458892064
BOC,full_time_employment_change,Full-Time Employment Change,Labor,1,unemployment_rate,Unemployment Rate,Labor,1,76,-0.17140137530853608,0.17140137530853608
BOJ,ppi_mom,PPI (MoM),Inflation,2,unemployment_rate,Unemployment Rate,Labor,2,67,0.17126814614548783,0.17126814614548783
BOC,retail_sales_mom,Retail Sales (MoM),Growth,1,vehicle_sales_mom,Vehicle Sales (MoM),Growth,3,19,-0.17126604143929602,0.17126604143929602
BOE,cbi_business_optimism,CBI Business Optimism Index,Sentiment,3,ppi_core_output_yoy,PPI Core Output (YoY),Inflation,3,22,-0.17117382956454413,0.17117382956454413
BOE,gdp_yoy,GDP (YoY),Growth,1,house_price_index_mom,House Price Index (MoM),Housing,3,66,0.171088794806137,0.171088794806137
BOE,manufacturing_pmi,Manufacturing PMI,Growth,2,retail_sales_yoy,Retail Sales (YoY),Growth,1,27,0.17105178287263925,0.17105178287263925
BOJ,balance_of_trade,Balance of Trade,Growth,2,exports_yoy,Exports (YoY),Growth,2,76,-0.1710359636460766,0.1710359636460766
BOE,hmrc_payrolls_change,HMRC Payrolls Change,Labor,2,manufacturing_pmi,Manufacturing PMI,Growth,2,28,0.17095880813142755,0.17095880813142755
BOJ,balance_of_trade,Balance of Trade,Growth,2,tankan_non_manufacturing_outlook,Tankan Non-Manufacturing Outlook,Sentiment,2,25,-0.1707398420289827,0.1707398420289827
RBA,commodity_prices_yoy,Commodity Prices (YoY),Inflation,3,services_pmi,Services PMI,Growth,2,49,0.17061334418652255,0.17061334418652255
BOJ,consumer_confidence,Consumer Confidence,Sentiment,2,machinery_orders_mom,Machinery Orders (MoM),Growth,2,74,0.17059814354907363,0.17059814354907363
BOJ,retail_sales_mom,Retail Sales (MoM),Growth,2,tankan_large_all_industry_capex,Tankan Large All Industry Capex,Sentiment,2,25,0.17036968331707625,0.17036968331707625
BOE,hmrc_payrolls_change,HMRC Payrolls Change,Labor,2,retail_sales_ex_fuel_mom,Retail Sales Ex Fuel (MoM),Growth,2,40,0.16979522003479028,0.16979522003479028
BOJ,composite_pmi,S&P Global Composite PMI,Growth,2,retail_sales_mom,Retail Sales (MoM),Growth,2,72,0.1696830377847814,0.1696830377847814
ECB,composite_pmi,Composite PMI,Growth,2,zew_economic_sentiment,ZEW Economic Sentiment Index,Sentiment,2,19,0.16966905708937677,0.16966905708937677
BOE,avg_earnings_excl_bonus,Average Earnings (excl. Bonus),Labor,1,composite_pmi,Composite PMI,Growth,2,27,-0.16966105079245175,0.16966105079245175
BOJ,industrial_production_mom,Industrial Production (MoM),Growth,2,retail_sales_yoy,Retail Sales (YoY),Growth,2,75,0.16944281148134752,0.16944281148134752
BOE,gdp_mom,GDP (MoM),Growth,1,house_price_index_mom,House Price Index (MoM),Housing,3,62,0.1693724895318335,0.1693724895318335
BOE,avg_earnings_incl_bonus,Average Earnings (incl. Bonus),Labor,2,house_price_index_mom,House Price Index (MoM),Housing,3,67,-0.16932664529790417,0.16932664529790417
BOE,core_cpi_mom,Core CPI (MoM),Inflation,2,services_pmi,Services PMI,Growth,1,26,-0.16910846629544898,0.16910846629544898
BOE,core_rpi_mom,Core RPI (MoM),Inflation,3,hmrc_payrolls_change,HMRC Payrolls Change,Labor,2,22,-0.16844376010389692,0.16844376010389692
BOC,core_cpi_yoy,Core CPI (YoY),Inflation,1,raw_materials_prices_mom,Raw Materials Prices (MoM),Inflation,3,74,-0.1684182764428579,0.1684182764428579
BOE,cpi_headline_mom,Headline CPI (MoM),Inflation,2,public_sector_net_borrowing,Public Sector Net Borrowing,Growth,3,64,-0.16838091059058016,0.16838091059058016
RBA,exports_mom,Exports (MoM),Trade,2,td_mi_inflation_gauge_mom,TD-MI Inflation Gauge (MoM),Inflation,2,72,0.16831567336885678,0.16831567336885678
RBA,current_account,Current Account,Trade,2,import_price_index_qoq,Import Price Index (QoQ),Inflation,2,25,0.16831212029050713,0.16831212029050713
BOC,part_time_employment_change,Part-Time Employment Change,Labor,1,raw_materials_prices_yoy,Raw Materials Prices (YoY),Inflation,3,75,0.16804164469430033,0.16804164469430033
BOE,consumer_confidence,Consumer Confidence,Sentiment,3,gdp_mom,GDP (MoM),Growth,1,67,0.16799134516869507,0.16799134516869507
SNB,consumer_confidence,Consumer Confidence,Sentiment,2,cpi_headline_yoy,Headline CPI (YoY),Inflation,1,41,-0.16798560140469912,0.16798560140469912
BOC,balance_of_trade,Balance of Trade,Trade,2,budget_balance,Budget Balance,Growth,3,74,0.167937692278524,0.167937692278524
RBA,exports_mom,Exports (MoM),Trade,2,services_pmi,Services PMI,Growth,2,57,0.167858065220302,0.167858065220302
BOJ,core_cpi_yoy,Core CPI (YoY),Inflation,1,industrial_production_yoy,Industrial Production (YoY),Growth,2,73,0.16770382062206138,0.16770382062206138
BOJ,current_account,Current Account,Growth,2,ppi_mom,PPI (MoM),Inflation,2,67,-0.16758852939171345,0.16758852939171345
BOJ,balance_of_trade,Balance of Trade,Growth,2,capacity_utilization,Capacity Utilization,Growth,2,74,0.1674954623545269,0.1674954623545269
RBA,cpi_headline_qoq,Headline CPI (QoQ),Inflation,1,westpac_consumer_confidence_index,Westpac Consumer Confidence Index,Sentiment,2,25,0.16684322029457715,0.16684322029457715
RBA,cpi_headline_yoy,Headline CPI (YoY),Inflation,1,employment_change,Employment Change,Labor,1,28,0.16680017387618698,0.16680017387618698
BOJ,current_account,Current Account,Growth,2,gdp_qoq,GDP (QoQ),Growth,1,24,0.16668223082960745,0.16668223082960745
BOJ,capacity_utilization,Capacity Utilization,Growth,2,machinery_orders_mom,Machinery Orders (MoM),Growth,2,74,0.16615507429275825,0.16615507429275825
FED,cpi_index,CPI Index,Inflation,2,nfib_business_optimism,NFIB Business Optimism Index,Sentiment,3,28,-0.16607446018889455,0.16607446018889455
BOJ,machinery_orders_mom,Machinery Orders (MoM),Growth,2,services_pmi,S&P Global Services PMI,Growth,2,74,0.16590380260505186,0.16590380260505186
BOE,core_cpi_yoy,Core CPI (YoY),Inflation,1,nationwide_hpi_yoy,Nationwide House Prices (YoY),Housing,3,75,-0.16546760148663794,0.16546760148663794
BOC,budget_balance,Budget Balance,Growth,3,cfib_business_barometer,CFIB Business Barometer,Sentiment,2,51,0.1654183829130266,0.1654183829130266
FED,michigan_inflation_expectations,Michigan Inflation Expectations,Inflation,2,sp_global_composite_pmi,S&P Global Composite PMI,Growth,2,30,-0.16531420363447535,0.16531420363447535
BOJ,household_spending_mom,Household Spending (MoM),Growth,2,services_pmi,S&P Global Services PMI,Growth,2,75,0.16511039911373257,0.16511039911373257
BOE,employment_change,Employment Change,Labor,2,ppi_input_mom,PPI Input (MoM),Inflation,3,64,0.16475517898697145,0.16475517898697145
BOC,composite_pmi,Composite PMI,Growth,2,employment_change,Employment Change,Labor,1,29,0.1644444444674506,0.1644444444674506
BOJ,cpi_headline_mom,Headline CPI (MoM),Inflation,2,exports_yoy,Exports (YoY),Growth,2,69,0.16434813824712263,0.16434813824712263
FED,manufacturing_payrolls,Manufacturing Payrolls,Labor,2,umich_inflation_exp_5y,UMich 5Y Inflation Expectations,Inflation,2,33,0.16391512444762318,0.16391512444762318
RBA,exports_mom,Exports (MoM),Trade,2,rba_weighted_median_cpi_yoy,RBA Weighted Median CPI (YoY),Inflation,1,23,-0.16362397882863408,0.16362397882863408
FED,average_weekly_hours,Average Weekly Hours,Labor,2,sp_global_composite_pmi,S&P Global Composite PMI,Growth,2,22,0.16360214259876577,0.16360214259876577
FED,avg_hourly_earnings_yoy,Average Hourly Earnings (YoY),Labor,1,import_prices_yoy,Import Prices (YoY),Inflation,3,34,-0.16352595122089517,0.16352595122089517
BOC,exports,Exports,Trade,2,new_housing_price_index_yoy,New Housing Price Index (YoY),Housing,2,63,-0.16316043717613343,0.16316043717613343
BOC,manufacturing_pmi,Manufacturing PMI,Growth,2,part_time_employment_change,Part-Time Employment Change,Labor,1,49,-0.16285767555952138,0.16285767555952138
BOJ,composite_pmi,S&P Global Composite PMI,Growth,2,current_account,Current Account,Growth,2,72,0.16250285579802048,0.16250285579802048
RBA,composite_pmi,Composite PMI,Growth,2,private_sector_credit_mom,Private Sector Credit (MoM),Growth,3,54,0.16244234578125646,0.16244234578125646
FED,avg_hourly_earnings_mom,Average Hourly Earnings (MoM),Labor,2,umich_inflation_exp_5y,UMich 5Y Inflation Expectations,Inflation,2,33,-0.16242342030904505,0.16242342030904505
RBA,manufacturing_pmi,Manufacturing PMI,Growth,2,monthly_cpi_indicator,Monthly CPI Indicator,Inflation,1,37,0.1624177484083527,0.1624177484083527
BOC,part_time_employment_change,Part-Time Employment Change,Labor,1,services_pmi,Services PMI,Growth,2,30,0.16217811837425566,0.16217811837425566
BOE,cpi_headline_mom,Headline CPI (MoM),Inflation,2,gdp_qoq,GDP (QoQ),Growth,1,21,0.16209488706166067,0.16209488706166067
BOC,exports,Exports,Trade,2,ppi_yoy,PPI (YoY),Inflation,2,75,0.1620871213050698,0.1620871213050698
BOE,house_price_index_yoy,House Price Index (YoY),Housing,3,retail_sales_ex_fuel_yoy,Retail Sales Ex Fuel (YoY),Growth,2,73,0.16178443054280112,0.16178443054280112
RBA,corelogic_dwelling_prices_mom,CoreLogic Dwelling Prices (MoM),Housing,2,employment_change,Employment Change,Labor,1,31,0.1616946668685845,0.1616946668685845
BOJ,capacity_utilization,Capacity Utilization,Growth,2,manufacturing_pmi,S&P Global Manufacturing PMI,Growth,2,74,0.16167638394336095,0.16167638394336095
BOJ,machinery_orders_mom,Machinery Orders (MoM),Growth,2,ppi_mom,PPI (MoM),Inflation,2,66,0.16161686349874324,0.16161686349874324
RBA,imports_mom,Imports (MoM),Trade,2,manufacturing_pmi,Manufacturing PMI,Growth,2,57,0.16140044753083563,0.16140044753083563
BOJ,machinery_orders_mom,Machinery Orders (MoM),Growth,2,manufacturing_pmi,S&P Global Manufacturing PMI,Growth,2,74,0.1611623326196748,0.1611623326196748
FED,private_nonfarm_payrolls,Private Nonfarm Payrolls,Labor,2,sp_global_services_pmi,S&P Global Services PMI,Growth,2,22,0.1609757883286141,0.1609757883286141
RBA,balance_of_trade,Balance of Trade,Trade,2,composite_pmi,Composite PMI,Growth,2,55,-0.16091355378520672,0.16091355378520672
RBA,export_price_index_qoq,Export Price Index (QoQ),Inflation,2,westpac_consumer_confidence_change,Westpac Consumer Confidence Change,Sentiment,2,24,0.160606004784064,0.160606004784064
BOJ,industrial_production_mom,Industrial Production (MoM),Growth,2,industrial_production_yoy,Industrial Production (YoY),Growth,2,76,0.16051459804993135,0.16051459804993135
BOJ,retail_sales_yoy,Retail Sales (YoY),Growth,2,unemployment_rate,Unemployment Rate,Labor,2,75,-0.159570132324675,0.159570132324675
FED,core_ppi_yoy,Core PPI (YoY),Inflation,2,sp_global_composite_pmi,S&P Global Composite PMI,Growth,2,21,0.15936903084590423,0.15936903084590423
RBA,employment_change,Employment Change,Labor,1,westpac_consumer_confidence_index,Westpac Consumer Confidence Index,Sentiment,2,75,0.15910410839985747,0.15910410839985747
RBA,import_price_index_qoq,Import Price Index (QoQ),Inflation,2,imports_mom,Imports (MoM),Trade,2,24,-0.1588833808694404,0.1588833808694404
BOE,cbi_industrial_trends_orders,CBI Industrial Trends Orders,Sentiment,3,services_pmi,Services PMI,Growth,1,29,0.1586446647157803,0.1586446647157803
FED,sp_global_manufacturing_pmi,S&P Global Manufacturing PMI,Growth,2,unemployment_rate,Unemployment Rate,Labor,1,21,-0.15825131502415002,0.15825131502415002
RBA,private_house_approvals_mom,Private House Approvals (MoM),Housing,2,thomson_reuters_ipsos_pcsi,Thomson Reuters IPSOS PCSI,Sentiment,3,19,0.15816121113416068,0.15816121113416068
FED,avg_hourly_earnings_yoy,Average Hourly Earnings (YoY),Labor,1,import_prices_mom,Import Prices (MoM),Inflation,3,31,-0.15786194577063983,0.15786194577063983
BOJ,coincident_index,Coincident Index,Growth,2,manufacturing_pmi,S&P Global Manufacturing PMI,Growth,2,75,0.1576585902832372,0.1576585902832372
BOE,consumer_confidence,Consumer Confidence,Sentiment,3,house_price_index_yoy,House Price Index (YoY),Housing,3,72,-0.1575395141182674,0.1575395141182674
BOC,core_cpi_yoy,Core CPI (YoY),Inflation,1,new_motor_vehicle_sales,New Motor Vehicle Sales,Growth,3,75,-0.15751269307707647,0.15751269307707647
ECB,construction_output_yoy,Construction Output (YoY),Growth,2,cpi_index,Consumer Price Index,Inflation,2,48,-0.15749764052736154,0.15749764052736154
RBA,private_house_approvals_mom,Private House Approvals (MoM),Housing,2,westpac_consumer_confidence_change,Westpac Consumer Confidence Change,Sentiment,2,51,-0.15749314744342682,0.15749314744342682
BOE,avg_earnings_excl_bonus,Average Earnings (excl. Bonus),Labor,1,retail_sales_ex_fuel_mom,Retail Sales Ex Fuel (MoM),Growth,2,73,-0.1574797904547578,0.1574797904547578
FED,nfib_business_optimism,NFIB Business Optimism Index,Sentiment,3,sp_global_manufacturing_pmi,S&P Global Manufacturing PMI,Growth,2,21,0.15716851043556632,0.15716851043556632
BOE,house_price_index_yoy,House Price Index (YoY),Housing,3,unemployment_rate,Unemployment Rate,Labor,1,73,-0.15700200211735557,0.15700200211735557
BOC,exports,Exports,Trade,2,full_time_employment_change,Full-Time Employment Change,Labor,1,75,0.15692502494511779,0.15692502494511779
RBA,leading_index_mom,Leading Index (MoM),Growth,3,producer_price_index_yoy,Producer Price Index (YoY),Inflation,2,19,0.15691490274283226,0.15691490274283226
RBA,ai_group_manufacturing_index,Ai Group Manufacturing Index,Growth,3,composite_pmi,Composite PMI,Growth,2,52,-0.1566557357677507,0.1566557357677507
FED,core_pce_price_index_yoy,Core PCE Price Index (YoY),Inflation,1,umich_inflation_exp_5y,UMich 5Y Inflation Expectations,Inflation,2,32,0.15626105947109997,0.15626105947109997
BOE,core_rpi_mom,Core RPI (MoM),Inflation,3,retail_sales_ex_fuel_mom,Retail Sales Ex Fuel (MoM),Growth,2,21,-0.15569530100715673,0.15569530100715673
BOE,consumer_confidence,Consumer Confidence,Sentiment,3,gdp_qoq,GDP (QoQ),Growth,1,24,0.1555250883268598,0.1555250883268598
BOE,consumer_confidence,Consumer Confidence,Sentiment,3,house_price_index_mom,House Price Index (MoM),Housing,3,67,0.15505441563639877,0.15505441563639877
BOE,manufacturing_pmi,Manufacturing PMI,Growth,2,retail_sales_ex_fuel_yoy,Retail Sales Ex Fuel (YoY),Growth,2,27,0.1544003430083669,0.1544003430083669
BOC,exports,Exports,Trade,2,raw_materials_prices_yoy,Raw Materials Prices (YoY),Inflation,3,75,0.15391490396973043,0.15391490396973043
BOC,raw_materials_prices_mom,Raw Materials Prices (MoM),Inflation,3,retail_sales_yoy,Retail Sales (YoY),Growth,2,72,0.15373866528643415,0.15373866528643415
BOE,core_rpi_mom,Core RPI (MoM),Inflation,3,core_rpi_yoy,Core RPI (YoY),Inflation,3,22,0.15360559045259153,0.15360559045259153
BOC,exports,Exports,Trade,2,ivey_pmi_sa,Ivey PMI s.a.,Growth,2,72,0.1535440440853152,0.1535440440853152
BOE,employment_change,Employment Change,Labor,2,manufacturing_pmi,Manufacturing PMI,Growth,2,27,0.15347156420771085,0.15347156420771085
BOC,cfib_business_barometer,CFIB Business Barometer,Sentiment,2,employment_change,Employment Change,Labor,1,54,0.1534559918331038,0.1534559918331038
FED,avg_hourly_earnings_mom,Average Hourly Earnings (MoM),Labor,2,new_home_sales,New Home Sales,Housing,2,33,-0.15345357425839548,0.15345357425839548
BOE,gdp_mom,GDP (MoM),Growth,1,public_sector_net_borrowing,Public Sector Net Borrowing,Growth,3,64,0.15326925005862194,0.15326925005862194
BOJ,capacity_utilization,Capacity Utilization,Growth,2,tankan_large_manufacturers_index,Tankan Large Manufacturers Index,Sentiment,2,24,0.15309397203945604,0.15309397203945604
RBA,cpi_headline_yoy,Headline CPI (YoY),Inflation,1,leading_index_mom,Leading Index (MoM),Growth,3,22,0.15299314738106795,0.15299314738106795
RBA,balance_of_trade,Balance of Trade,Trade,2,private_sector_credit_mom,Private Sector Credit (MoM),Growth,3,72,0.15276599488604348,0.15276599488604348
RBA,private_sector_credit_mom,Private Sector Credit (MoM),Growth,3,services_pmi,Services PMI,Growth,2,57,0.1525935973174379,0.1525935973174379
BOE,gdp_qoq,GDP (QoQ),Growth,1,ppi_input_yoy,PPI Input (YoY),Inflation,3,22,0.15250756782562086,0.15250756782562086
BOE,avg_earnings_excl_bonus,Average Earnings (excl. Bonus),Labor,1,ppi_output_yoy,PPI Output (YoY),Inflation,3,66,0.15228314715350094,0.15228314715350094
FED,participation_rate,Labor Force Participation Rate,Labor,2,sp_global_composite_pmi,S&P Global Composite PMI,Growth,2,22,0.1521993028235118,0.1521993028235118
RBA,ai_group_services_index,Ai Group Services Index,Growth,3,consumer_inflation_expectation,Consumer Inflation Expectation,Inflation,2,33,0.1521329993017492,0.1521329993017492
BOJ,balance_of_trade,Balance of Trade,Growth,2,retail_sales_yoy,Retail Sales (YoY),Growth,2,75,-0.1520094742750213,0.1520094742750213
BOJ,household_spending_yoy,Household Spending (YoY),Growth,2,industrial_production_mom,Industrial Production (MoM),Growth,2,76,0.15162788153198822,0.15162788153198822
RBNZ,cpi_headline_yoy,Headline CPI (YoY),Inflation,1,credit_card_spending_yoy,Credit Card Spending (YoY),Growth,3,21,0.1512554405291493,0.1512554405291493
RBA,ai_group_manufacturing_index,Ai Group Manufacturing Index,Growth,3,consumer_inflation_expectation,Consumer Inflation Expectation,Inflation,2,67,-0.15124501111570057,0.15124501111570057
BOJ,industrial_production_mom,Industrial Production (MoM),Growth,2,leading_economic_index,Leading Economic Index,Growth,2,76,0.15113260030206876,0.15113260030206876
BOE,house_price_index_yoy,House Price Index (YoY),Housing,3,public_sector_net_borrowing,Public Sector Net Borrowing,Growth,3,68,-0.15109634466002966,0.15109634466002966
RBA,imports_mom,Imports (MoM),Trade,2,westpac_consumer_confidence_index,Westpac Consumer Confidence Index,Sentiment,2,74,0.15087113830566307,0.15087113830566307
BOE,composite_pmi,Composite PMI,Growth,2,retail_price_index_yoy,Retail Price Index (YoY),Inflation,3,28,-0.1508258314512356,0.1508258314512356
RBA,commodity_prices_yoy,Commodity Prices (YoY),Inflation,3,private_house_approvals_mom,Private House Approvals (MoM),Housing,2,51,-0.15051881437599773,0.15051881437599773
RBA,corelogic_dwelling_prices_mom,CoreLogic Dwelling Prices (MoM),Housing,2,retail_sales_mom,Retail Sales (MoM),Growth,1,29,0.14938771566867268,0.14938771566867268
FED,core_cpi_yoy,Core CPI (YoY),Inflation,1,retail_sales_yoy,Retail Sales (YoY),Growth,2,35,0.14932825725476506,0.14932825725476506
FED,ism_manufacturing_pmi,ISM Manufacturing PMI,Growth,1,unemployment_rate,Unemployment Rate,Labor,1,33,-0.14929938454650604,0.14929938454650604
BOE,composite_pmi,Composite PMI,Growth,2,core_cpi_yoy,Core CPI (YoY),Inflation,1,28,0.14917379533496042,0.14917379533496042
BOJ,household_spending_mom,Household Spending (MoM),Growth,2,machinery_orders_yoy,Machinery Orders (YoY),Growth,2,76,-0.14915710388577,0.14915710388577
BOE,composite_pmi,Composite PMI,Growth,2,employment_change,Employment Change,Labor,2,27,-0.14873548290713115,0.14873548290713115
RBA,exports_mom,Exports (MoM),Trade,2,housing_credit_mom,Housing Credit (MoM),Growth,3,41,0.14864332492326512,0.14864332492326512
ECB,construction_output_yoy,Construction Output (YoY),Growth,2,cpi_headline_yoy,Headline HICP (YoY),Inflation,1,74,0.1485869455129123,0.1485869455129123
BOJ,balance_of_trade,Balance of Trade,Growth,2,eco_watchers_outlook,Eco Watchers Survey Outlook,Sentiment,2,76,-0.14840126698344275,0.14840126698344275
BOJ,capacity_utilization,Capacity Utilization,Growth,2,unemployment_rate,Unemployment Rate,Labor,2,74,0.1483799406449401,0.1483799406449401
RBA,retail_sales_mom,Retail Sales (MoM),Growth,1,westpac_consumer_confidence_index,Westpac Consumer Confidence Index,Sentiment,2,64,0.14825089490579516,0.14825089490579516
SNB,balance_of_trade,Balance of Trade,Growth,2,producer_import_prices_mom,Producer & Import Prices (MoM),Inflation,2,68,0.14808098935092065,0.14808098935092065
BOJ,gdp_qoq,GDP (QoQ),Growth,1,ppi_yoy,PPI (YoY),Inflation,2,24,0.1480733285713975,0.1480733285713975
BOJ,eco_watchers_current,Eco Watchers Survey Current,Sentiment,2,machine_tool_orders_yoy,Machine Tool Orders (YoY),Growth,3,76,0.1479487421384691,0.1479487421384691
BOJ,household_spending_mom,Household Spending (MoM),Growth,2,leading_index_mom,Leading Index (MoM),Growth,2,22,-0.14778392782090627,0.14778392782090627
BOC,retail_sales_ex_autos_mom,Retail Sales Ex Autos (MoM),Growth,2,services_pmi,Services PMI,Growth,2,28,-0.14768781793953262,0.14768781793953262
BOE,core_cpi_mom,Core CPI (MoM),Inflation,2,industrial_production_yoy,Industrial Production (YoY),Growth,2,69,0.14760993929770072,0.14760993929770072
BOE,avg_earnings_excl_bonus,Average Earnings (excl. Bonus),Labor,1,retail_sales_mom,Retail Sales (MoM),Growth,1,71,-0.14749144649850965,0.14749144649850965
FED,new_home_sales,New Home Sales,Housing,2,pce_price_index_yoy,PCE Price Index (YoY),Inflation,1,42,0.14747650715946092,0.14747650715946092
FED,core_pce_price_index_mom,Core PCE Price Index (MoM),Inflation,1,participation_rate,Labor Force Participation Rate,Labor,2,32,0.14727671986273655,0.14727671986273655
FED,nfp,Non-Farm Payrolls,Labor,1,sp_global_services_pmi,S&P Global Services PMI,Growth,2,22,0.1472299600467402,0.1472299600467402
RBA,ai_group_industry_index,Ai Group Industry Index,Growth,3,housing_credit_mom,Housing Credit (MoM),Growth,3,35,-0.14696324797963767,0.14696324797963767
BOJ,exports_yoy,Exports (YoY),Growth,2,tankan_large_non_manufacturing_index,Tankan Large Non-Manufacturing Index,Sentiment,2,25,0.14689629184001296,0.14689629184001296
BOE,house_price_index_yoy,House Price Index (YoY),Housing,3,niesr_monthly_gdp_tracker,NIESR Monthly GDP Tracker,Growth,2,61,0.14669450485239466,0.14669450485239466
FED,avg_hourly_earnings_yoy,Average Hourly Earnings (YoY),Labor,1,ppi_mom,PPI (MoM),Inflation,2,33,-0.1466439663073259,0.1466439663073259
RBA,imports_mom,Imports (MoM),Trade,2,thomson_reuters_ipsos_pcsi,Thomson Reuters IPSOS PCSI,Sentiment,3,19,-0.14652897639352486,0.14652897639352486
BOJ,imports_yoy,Imports (YoY),Growth,2,services_pmi,S&P Global Services PMI,Growth,2,76,0.14649458258272227,0.14649458258272227
RBA,full_time_employment_change,Full-Time Employment Change,Labor,1,private_sector_credit_mom,Private Sector Credit (MoM),Growth,3,73,0.14644075958980787,0.14644075958980787
RBA,private_house_approvals_mom,Private House Approvals (MoM),Housing,2,services_pmi,Services PMI,Growth,2,48,0.14636274252916445,0.14636274252916445
RBA,retail_sales_mom,Retail Sales (MoM),Growth,1,td_mi_inflation_gauge_mom,TD-MI Inflation Gauge (MoM),Inflation,2,63,-0.1461005689128483,0.1461005689128483
ECB,construction_output_yoy,Construction Output (YoY),Growth,2,zew_economic_sentiment,ZEW Economic Sentiment Index,Sentiment,2,73,0.1460001511817499,0.1460001511817499
BOC,budget_balance,Budget Balance,Growth,3,raw_materials_prices_mom,Raw Materials Prices (MoM),Inflation,3,72,-0.1458014334669323,0.1458014334669323
RBA,leading_index_mom,Leading Index (MoM),Growth,3,rba_weighted_median_cpi_qoq,RBA Weighted Median CPI (QoQ),Inflation,1,18,0.14554282820197695,0.14554282820197695
BOE,core_rpi_yoy,Core RPI (YoY),Inflation,3,retail_price_index_mom,Retail Price Index (MoM),Inflation,3,24,0.14546283622419165,0.14546283622419165
BOJ,capacity_utilization,Capacity Utilization,Growth,2,household_spending_yoy,Household Spending (YoY),Growth,2,75,0.14536334502166992,0.14536334502166992
BOC,core_cpi_mom,Core CPI (MoM),Inflation,2,imports,Imports,Trade,2,44,-0.1453167461908494,0.1453167461908494
BOJ,industrial_production_mom,Industrial Production (MoM),Growth,2,machinery_orders_yoy,Machinery Orders (YoY),Growth,2,76,0.14530596626214431,0.14530596626214431
BOJ,capacity_utilization,Capacity Utilization,Growth,2,consumer_confidence,Consumer Confidence,Sentiment,2,74,0.14525644304712554,0.14525644304712554
BOC,core_cpi_mom,Core CPI (MoM),Inflation,2,vehicle_sales_mom,Vehicle Sales (MoM),Growth,3,18,0.14520544362278914,0.14520544362278914
RBA,ai_group_services_index,Ai Group Services Index,Growth,3,building_permits,Building Permits,Housing,2,34,0.14505313428411,0.14505313428411
BOJ,eco_watchers_outlook,Eco Watchers Survey Outlook,Sentiment,2,machinery_orders_mom,Machinery Orders (MoM),Growth,2,74,0.14501085300711533,0.14501085300711533
BOC,core_cpi_mom,Core CPI (MoM),Inflation,2,services_pmi,Services PMI,Growth,2,28,0.14456569885236067,0.14456569885236067
FED,nfib_business_optimism,NFIB Business Optimism Index,Sentiment,3,unemployment_rate,Unemployment Rate,Labor,1,35,0.144475062550776,0.144475062550776
BOE,avg_earnings_incl_bonus,Average Earnings (incl. Bonus),Labor,2,retail_sales_yoy,Retail Sales (YoY),Growth,1,72,0.14409233893591664,0.14409233893591664
BOC,new_housing_price_index_yoy,New Housing Price Index (YoY),Housing,2,new_motor_vehicle_sales,New Motor Vehicle Sales,Growth,3,63,-0.14377254200098716,0.14377254200098716
RBNZ,balance_of_trade,Balance of Trade,Growth,2,exports,Exports,Growth,2,76,0.14362457866431882,0.14362457866431882
BOC,ppi_yoy,PPI (YoY),Inflation,2,raw_materials_prices_mom,Raw Materials Prices (MoM),Inflation,3,74,0.14319946248514775,0.14319946248514775
FED,challenger_job_cuts,Challenger Job Cuts,Labor,3,new_home_sales,New Home Sales,Housing,2,33,0.1431461140877174,0.1431461140877174
FED,export_prices_yoy,Export Prices (YoY),Inflation,3,sp_global_services_pmi,S&P Global Services PMI,Growth,2,22,0.14287894085289982,0.14287894085289982
BOE,core_rpi_mom,Core RPI (MoM),Inflation,3,nationwide_hpi_yoy,Nationwide House Prices (YoY),Housing,3,22,0.14283945078167093,0.14283945078167093
BOJ,machine_tool_orders_yoy,Machine Tool Orders (YoY),Growth,3,machinery_orders_mom,Machinery Orders (MoM),Growth,2,74,0.1427181725753713,0.1427181725753713
BOC,budget_balance,Budget Balance,Growth,3,full_time_employment_change,Full-Time Employment Change,Labor,1,73,0.14267065883995256,0.14267065883995256
BOE,core_cpi_yoy,Core CPI (YoY),Inflation,1,house_price_index_yoy,House Price Index (YoY),Housing,3,73,-0.14255932719636225,0.14255932719636225
BOC,composite_pmi,Composite PMI,Growth,2,ppi_yoy,PPI (YoY),Inflation,2,29,0.1425387745495043,0.1425387745495043
BOE,core_rpi_mom,Core RPI (MoM),Inflation,3,retail_sales_mom,Retail Sales (MoM),Growth,1,19,-0.1423218900576315,0.1423218900576315
RBA,corelogic_dwelling_prices_mom,CoreLogic Dwelling Prices (MoM),Housing,2,unemployment_rate,Unemployment Rate,Labor,1,31,0.14224809579285422,0.14224809579285422
FED,challenger_job_cuts,Challenger Job Cuts,Labor,3,umich_consumer_sentiment,UMich Consumer Sentiment,Sentiment,2,33,0.14174880863970948,0.14174880863970948
RBA,building_permits,Building Permits,Housing,2,westpac_consumer_confidence_index,Westpac Consumer Confidence Index,Sentiment,2,70,0.1408305100828552,0.1408305100828552
BOE,avg_earnings_incl_bonus,Average Earnings (incl. Bonus),Labor,2,services_pmi,Services PMI,Growth,1,27,-0.1405593019290611,0.1405593019290611
BOC,exports,Exports,Trade,2,retail_sales_yoy,Retail Sales (YoY),Growth,2,74,0.14054044834528256,0.14054044834528256
FED,core_ppi_yoy,Core PPI (YoY),Inflation,2,nfib_business_optimism,NFIB Business Optimism Index,Sentiment,3,34,-0.14049109189065623,0.14049109189065623
BOJ,retail_sales_mom,Retail Sales (MoM),Growth,2,unemployment_rate,Unemployment Rate,Labor,2,75,0.14043632876477488,0.14043632876477488
BOE,core_cpi_mom,Core CPI (MoM),Inflation,2,nationwide_hpi_yoy,Nationwide House Prices (YoY),Housing,3,69,0.14019171794092067,0.14019171794092067
FED,nfib_business_optimism,NFIB Business Optimism Index,Sentiment,3,pce_price_index_mom,PCE Price Index (MoM),Inflation,1,29,0.13967227969175885,0.13967227969175885
BOC,cpi_headline_mom,Headline CPI (MoM),Inflation,2,exports,Exports,Trade,2,71,0.13959509386681182,0.13959509386681182
BOE,nationwide_hpi_yoy,Nationwide House Prices (YoY),Housing,3,retail_sales_ex_fuel_yoy,Retail Sales Ex Fuel (YoY),Growth,2,74,0.1395320950631391,0.1395320950631391
BOC,manufacturing_sales_mom,Manufacturing Sales (MoM),Growth,2,raw_materials_prices_yoy,Raw Materials Prices (YoY),Inflation,3,74,0.13926995992743862,0.13926995992743862
ECB,construction_output_mom,Construction Output (MoM),Growth,2,consumer_confidence,Consumer Confidence,Sentiment,2,21,-0.13926494267912398,0.13926494267912398
RBA,monthly_cpi_indicator,Monthly CPI Indicator,Inflation,1,retail_sales_mom,Retail Sales (MoM),Growth,1,32,-0.13913875190824737,0.13913875190824737
SNB,gdp_qoq,GDP (QoQ),Growth,1,producer_import_prices_yoy,Producer & Import Prices (YoY),Inflation,2,22,0.13908185829850764,0.13908185829850764
FED,avg_hourly_earnings_mom,Average Hourly Earnings (MoM),Labor,2,import_prices_yoy,Import Prices (YoY),Inflation,3,35,-0.13864949988727832,0.13864949988727832
BOJ,cpi_ex_food_energy_yoy,CPI Ex Food and Energy (YoY),Inflation,1,machinery_orders_yoy,Machinery Orders (YoY),Growth,2,74,-0.13832911573766082,0.13832911573766082
BOC,composite_pmi,Composite PMI,Growth,2,new_motor_vehicle_sales,New Motor Vehicle Sales,Growth,3,28,-0.13786541851938544,0.13786541851938544
BOE,gdp_qoq,GDP (QoQ),Growth,1,unemployment_rate,Unemployment Rate,Labor,1,24,0.13767594260819394,0.13767594260819394
ECB,economic_sentiment,Economic Sentiment,Sentiment,2,zew_economic_sentiment,ZEW Economic Sentiment Index,Sentiment,2,76,0.13761130055106519,0.13761130055106519
BOE,core_cpi_mom,Core CPI (MoM),Inflation,2,ppi_input_mom,PPI Input (MoM),Inflation,3,61,0.13735810905515708,0.13735810905515708
FED,challenger_job_cuts,Challenger Job Cuts,Labor,3,nfib_business_optimism,NFIB Business Optimism Index,Sentiment,3,35,-0.1371489518485928,0.1371489518485928
FED,avg_hourly_earnings_yoy,Average Hourly Earnings (YoY),Labor,1,core_cpi_yoy,Core CPI (YoY),Inflation,1,34,0.1371084215192502,0.1371084215192502
RBA,private_sector_credit_mom,Private Sector Credit (MoM),Growth,3,retail_sales_mom,Retail Sales (MoM),Growth,1,62,-0.13709450255070418,0.13709450255070418
RBA,building_permits,Building Permits,Housing,2,unemployment_rate,Unemployment Rate,Labor,1,71,0.13699732427482952,0.13699732427482952
RBNZ,exports,Exports,Growth,2,unemployment_rate,Unemployment Rate,Labor,1,24,0.1369344705770749,0.1369344705770749
BOC,cfib_business_barometer,CFIB Business Barometer,Sentiment,2,exports,Exports,Trade,2,53,-0.13682528911787878,0.13682528911787878
BOJ,retail_sales_mom,Retail Sales (MoM),Growth,2,retail_sales_yoy,Retail Sales (YoY),Growth,2,75,0.13677321072992688,0.13677321072992688
BOC,employment_change,Employment Change,Labor,1,exports,Exports,Trade,2,75,0.13667478980641265,0.13667478980641265
FED,core_cpi_mom,Core CPI (MoM),Inflation,1,new_home_sales,New Home Sales,Housing,2,32,-0.13652521757593358,0.13652521757593358
FED,avg_hourly_earnings_mom,Average Hourly Earnings (MoM),Labor,2,sp_global_manufacturing_pmi,S&P Global Manufacturing PMI,Growth,2,21,-0.13651617998183457,0.13651617998183457
BOJ,capacity_utilization,Capacity Utilization,Growth,2,machinery_orders_yoy,Machinery Orders (YoY),Growth,2,75,0.13625056774088473,0.13625056774088473
ECB,consumer_confidence,Consumer Confidence,Sentiment,2,consumer_inflation_expectation,Consumer Inflation Expectation,Inflation,2,76,-0.13594780911445678,0.13594780911445678
BOC,retail_sales_mom,Retail Sales (MoM),Growth,1,retail_sales_yoy,Retail Sales (YoY),Growth,2,72,0.1355511293615736,0.1355511293615736
FED,michigan_inflation_expectations,Michigan Inflation Expectations,Inflation,2,retail_sales_mom,Retail Sales (MoM),Growth,1,30,0.1352458771959034,0.1352458771959034
BOC,full_time_employment_change,Full-Time Employment Change,Labor,1,ppi_yoy,PPI (YoY),Inflation,2,75,0.13521290775682024,0.13521290775682024
RBA,building_permits,Building Permits,Housing,2,composite_pmi,Composite PMI,Growth,2,52,0.13505852119591472,0.13505852119591472
BOE,avg_earnings_excl_bonus,Average Earnings (excl. Bonus),Labor,1,cpi_headline_mom,Headline CPI (MoM),Inflation,2,65,0.1350441070522071,0.1350441070522071
BOC,full_time_employment_change,Full-Time Employment Change,Labor,1,imports,Imports,Trade,2,75,0.13468956819514236,0.13468956819514236
BOC,raw_materials_prices_yoy,Raw Materials Prices (YoY),Inflation,3,wholesale_sales_mom,Wholesale Sales (MoM),Growth,2,74,0.1346295534330153,0.1346295534330153
FED,avg_hourly_earnings_mom,Average Hourly Earnings (MoM),Labor,2,core_pce_price_index_yoy,Core PCE Price Index (YoY),Inflation,1,34,-0.13454358135237193,0.13454358135237193
FED,new_home_sales,New Home Sales,Housing,2,ny_empire_state_mfg,NY Empire State Manufacturing Index,Growth,2,25,-0.13454250829884642,0.13454250829884642
RBA,building_permits,Building Permits,Housing,2,services_pmi,Services PMI,Growth,2,54,0.13378142977260268,0.13378142977260268
BOJ,core_cpi_yoy,Core CPI (YoY),Inflation,1,current_account,Current Account,Growth,2,73,0.13332168987260032,0.13332168987260032
RBA,composite_pmi,Composite PMI,Growth,2,private_house_approvals_mom,Private House Approvals (MoM),Housing,2,45,0.13302554316223444,0.13302554316223444
BOC,cpi_headline_yoy,Headline CPI (YoY),Inflation,1,raw_materials_prices_mom,Raw Materials Prices (MoM),Inflation,3,74,-0.13281709288829704,0.13281709288829704
BOC,new_housing_price_index_yoy,New Housing Price Index (YoY),Housing,2,raw_materials_prices_mom,Raw Materials Prices (MoM),Inflation,3,61,0.13277622091303995,0.13277622091303995
BOJ,capacity_utilization,Capacity Utilization,Growth,2,tankan_non_manufacturing_outlook,Tankan Non-Manufacturing Outlook,Sentiment,2,24,0.13261234669151795,0.13261234669151795
BOE,avg_earnings_excl_bonus,Average Earnings (excl. Bonus),Labor,1,retail_price_index_mom,Retail Price Index (MoM),Inflation,3,69,0.13259304799443394,0.13259304799443394
FED,cpi_headline_mom,Headline CPI (MoM),Inflation,2,nfib_business_optimism,NFIB Business Optimism Index,Sentiment,3,31,0.1325573729831368,0.1325573729831368
BOJ,core_cpi_yoy,Core CPI (YoY),Inflation,1,leading_index_mom,Leading Index (MoM),Growth,2,22,-0.13255506916289056,0.13255506916289056
BOJ,leading_index_mom,Leading Index (MoM),Growth,2,unemployment_rate,Unemployment Rate,Labor,2,22,0.13246324581267285,0.13246324581267285
BOC,composite_pmi,Composite PMI,Growth,2,cpi_headline_yoy,Headline CPI (YoY),Inflation,1,29,-0.13217062875045082,0.13217062875045082
BOJ,gdp_qoq,GDP (QoQ),Growth,1,machine_tool_orders_yoy,Machine Tool Orders (YoY),Growth,3,24,0.1320647512401142,0.1320647512401142
BOC,composite_pmi,Composite PMI,Growth,2,wholesale_sales_mom,Wholesale Sales (MoM),Growth,2,27,0.1319907752989286,0.1319907752989286
RBA,balance_of_trade,Balance of Trade,Trade,2,part_time_employment_change,Part-Time Employment Change,Labor,1,75,-0.1318782934369119,0.1318782934369119
BOE,ppi_output_mom,PPI Output (MoM),Inflation,3,retail_sales_yoy,Retail Sales (YoY),Growth,1,55,0.13185038277160974,0.13185038277160974
FED,michigan_inflation_expectations,Michigan Inflation Expectations,Inflation,2,new_home_sales,New Home Sales,Housing,2,32,-0.13154509182699656,0.13154509182699656
FED,avg_hourly_earnings_yoy,Average Hourly Earnings (YoY),Labor,1,export_prices_mom,Export Prices (MoM),Inflation,3,32,-0.13148385307753704,0.13148385307753704
BOJ,industrial_production_mom,Industrial Production (MoM),Growth,2,unemployment_rate,Unemployment Rate,Labor,2,75,0.13114281538562667,0.13114281538562667
BOJ,composite_pmi,S&P Global Composite PMI,Growth,2,household_spending_mom,Household Spending (MoM),Growth,2,72,0.13073828965762346,0.13073828965762346
BOC,composite_pmi,Composite PMI,Growth,2,cpi_headline_mom,Headline CPI (MoM),Inflation,2,26,0.13061416805553283,0.13061416805553283
BOJ,cpi_headline_yoy,Headline CPI (YoY),Inflation,1,current_account,Current Account,Growth,2,74,0.1305898104025288,0.1305898104025288
FED,government_payrolls,Government Payrolls,Labor,2,new_home_sales,New Home Sales,Housing,2,33,-0.13051505721158646,0.13051505721158646
BOE,core_cpi_mom,Core CPI (MoM),Inflation,2,house_price_index_yoy,House Price Index (YoY),Housing,3,67,0.13035485561456164,0.13035485561456164
RBA,building_permits,Building Permits,Housing,2,manufacturing_pmi,Manufacturing PMI,Growth,2,53,0.13015649918748412,0.13015649918748412
RBA,producer_price_index_qoq,Producer Price Index (QoQ),Inflation,2,westpac_consumer_confidence_index,Westpac Consumer Confidence Index,Sentiment,2,24,0.13014532217508737,0.13014532217508737
BOJ,coincident_index,Coincident Index,Growth,2,imports_yoy,Imports (YoY),Growth,2,75,-0.13006865377922922,0.13006865377922922
RBA,employment_change,Employment Change,Labor,1,rba_weighted_median_cpi_yoy,RBA Weighted Median CPI (YoY),Inflation,1,23,0.1300464414535254,0.1300464414535254
FED,import_prices_yoy,Import Prices (YoY),Inflation,3,retail_sales_mom,Retail Sales (MoM),Growth,1,35,0.1300310203831191,0.1300310203831191
BOE,employment_change,Employment Change,Labor,2,retail_price_index_yoy,Retail Price Index (YoY),Inflation,3,74,0.1298876911643299,0.1298876911643299
BOE,employment_change,Employment Change,Labor,2,retail_sales_yoy,Retail Sales (YoY),Growth,1,72,0.1295637996005696,0.1295637996005696
BOC,composite_pmi,Composite PMI,Growth,2,part_time_employment_change,Part-Time Employment Change,Labor,1,29,0.12935126729200283,0.12935126729200283
BOE,cbi_business_optimism,CBI Business Optimism Index,Sentiment,3,cpi_headline_yoy,Headline CPI (YoY),Inflation,1,24,-0.12923772725785948,0.12923772725785948
BOJ,leading_index_mom,Leading Index (MoM),Growth,2,ppi_mom,PPI (MoM),Inflation,2,19,0.12904255287537017,0.12904255287537017
FED,ppi_yoy,PPI (YoY),Inflation,2,sp_global_composite_pmi,S&P Global Composite PMI,Growth,2,21,0.12859815891963622,0.12859815891963622
BOE,employment_change,Employment Change,Labor,2,nationwide_hpi_yoy,Nationwide House Prices (YoY),Housing,3,73,0.1281464085873058,0.1281464085873058
SNB,cpi_headline_mom,Headline CPI (MoM),Inflation,2,retail_sales_yoy,Retail Sales (YoY),Growth,2,55,0.12807436441069475,0.12807436441069475
BOE,ppi_output_yoy,PPI Output (YoY),Inflation,3,retail_sales_yoy,Retail Sales (YoY),Growth,1,65,-0.127957928667225,0.127957928667225
RBA,private_sector_credit_mom,Private Sector Credit (MoM),Growth,3,td_mi_inflation_gauge_mom,TD-MI Inflation Gauge (MoM),Inflation,2,71,0.12795488845784994,0.12795488845784994
BOJ,cpi_index,Consumer Price Index,Inflation,2,tankan_large_manufacturers_index,Tankan Large Manufacturers Index,Sentiment,2,24,0.12790856926076602,0.12790856926076602
BOE,composite_pmi,Composite PMI,Growth,2,unemployment_rate,Unemployment Rate,Labor,1,27,-0.1279050908467311,0.1279050908467311
RBA,building_permits,Building Permits,Housing,2,consumer_inflation_expectation,Consumer Inflation Expectation,Inflation,2,68,-0.12788301352719833,0.12788301352719833
BOE,core_cpi_yoy,Core CPI (YoY),Inflation,1,ppi_output_mom,PPI Output (MoM),Inflation,3,58,0.12760948464581537,0.12760948464581537
BOE,consumer_confidence,Consumer Confidence,Sentiment,3,core_rpi_yoy,Core RPI (YoY),Inflation,3,24,-0.12735199271582873,0.12735199271582873
BOJ,household_spending_yoy,Household Spending (YoY),Growth,2,machinery_orders_mom,Machinery Orders (MoM),Growth,2,75,0.12680917356978685,0.12680917356978685
BOE,core_rpi_yoy,Core RPI (YoY),Inflation,3,nationwide_hpi_yoy,Nationwide House Prices (YoY),Housing,3,24,-0.12675209374319502,0.12675209374319502
FED,ism_manufacturing_new_orders,ISM Manufacturing New Orders,Growth,2,sp_global_services_pmi,S&P Global Services PMI,Growth,2,21,0.12666324719085986,0.12666324719085986
FED,ism_services_employment,ISM Services Employment,Growth,2,umich_inflation_exp_5y,UMich 5Y Inflation Expectations,Inflation,2,25,0.12664445882148062,0.12664445882148062
BOC,imports,Imports,Trade,2,raw_materials_prices_mom,Raw Materials Prices (MoM),Inflation,3,74,-0.12608734110034017,0.12608734110034017
FED,avg_hourly_earnings_mom,Average Hourly Earnings (MoM),Labor,2,pce_price_index_yoy,PCE Price Index (YoY),Inflation,1,34,-0.12607867833838268,0.12607867833838268
FED,core_pce_price_index_yoy,Core PCE Price Index (YoY),Inflation,1,import_prices_mom,Import Prices (MoM),Inflation,3,35,0.1259754769469846,0.1259754769469846
BOJ,coincident_indicator_mom,Coincident Indicator (MoM),Growth,2,services_pmi,S&P Global Services PMI,Growth,2,22,-0.12572802009378586,0.12572802009378586
BOJ,household_spending_mom,Household Spending (MoM),Growth,2,retail_sales_yoy,Retail Sales (YoY),Growth,2,75,0.12566892702070714,0.12566892702070714
BOE,claimant_count_change,Claimant Count Change,Labor,2,core_cpi_mom,Core CPI (MoM),Inflation,2,70,-0.1252405667464386,0.1252405667464386
BOJ,core_cpi_yoy,Core CPI (YoY),Inflation,1,machinery_orders_yoy,Machinery Orders (YoY),Growth,2,73,0.12384251379933027,0.12384251379933027
RBA,exports_mom,Exports (MoM),Trade,2,leading_index_mom,Leading Index (MoM),Growth,3,60,0.12370841935950806,0.12370841935950806
BOJ,current_account,Current Account,Growth,2,machinery_orders_yoy,Machinery Orders (YoY),Growth,2,76,0.12333339680999972,0.12333339680999972
BOJ,cpi_headline_yoy,Headline CPI (YoY),Inflation,1,ppi_mom,PPI (MoM),Inflation,2,67,-0.1232148559832637,0.1232148559832637
BOJ,current_account,Current Account,Growth,2,exports_yoy,Exports (YoY),Growth,2,75,-0.12313895953958366,0.12313895953958366
BOE,ppi_output_mom,PPI Output (MoM),Inflation,3,retail_sales_ex_fuel_mom,Retail Sales Ex Fuel (MoM),Growth,2,57,0.12290377960869422,0.12290377960869422
FED,ism_manufacturing_prices,ISM Manufacturing Prices Paid,Growth,2,umich_consumer_sentiment,UMich Consumer Sentiment,Sentiment,2,33,0.12246208008299815,0.12246208008299815
BOC,employment_change,Employment Change,Labor,1,ppi_yoy,PPI (YoY),Inflation,2,75,0.12244659424153177,0.12244659424153177
BOJ,consumer_confidence,Consumer Confidence,Sentiment,2,cpi_ex_food_energy_yoy,CPI Ex Food and Energy (YoY),Inflation,1,75,0.12225975335475957,0.12225975335475957
BOE,ppi_output_mom,PPI Output (MoM),Inflation,3,retail_sales_mom,Retail Sales (MoM),Growth,1,55,0.12207101542251918,0.12207101542251918
BOE,nationwide_hpi_yoy,Nationwide House Prices (YoY),Housing,3,public_sector_net_borrowing,Public Sector Net Borrowing,Growth,3,70,-0.12196637916944932,0.12196637916944932
BOE,composite_pmi,Composite PMI,Growth,2,house_price_index_mom,House Price Index (MoM),Housing,3,23,0.121962925106463,0.121962925106463
BOJ,exports_yoy,Exports (YoY),Growth,2,industrial_production_mom,Industrial Production (MoM),Growth,2,76,0.12195817546594752,0.12195817546594752
BOE,cbi_business_optimism,CBI Business Optimism Index,Sentiment,3,core_cpi_yoy,Core CPI (YoY),Inflation,1,24,-0.12176930817825227,0.12176930817825227
BOJ,cpi_headline_mom,Headline CPI (MoM),Inflation,2,tankan_large_manufacturers_index,Tankan Large Manufacturers Index,Sentiment,2,23,0.12150099546815922,0.12150099546815922
BOJ,leading_economic_index,Leading Economic Index,Growth,2,tertiary_industry_index_mom,Tertiary Industry Index (MoM),Growth,2,75,0.1214344079548258,0.1214344079548258
BOE,house_price_index_mom,House Price Index (MoM),Housing,3,retail_sales_mom,Retail Sales (MoM),Growth,1,66,0.12127445364617673,0.12127445364617673
FED,challenger_job_cuts,Challenger Job Cuts,Labor,3,sp_global_composite_pmi,S&P Global Composite PMI,Growth,2,22,-0.12080976214006858,0.12080976214006858
RBA,current_account,Current Account,Trade,2,rba_trimmed_mean_cpi_yoy,RBA Trimmed Mean CPI (YoY),Inflation,1,25,-0.12072484159680363,0.12072484159680363
RBA,nab_business_confidence,NAB Business Confidence,Sentiment,2,unemployment_rate,Unemployment Rate,Labor,1,72,-0.12071723994475511,0.12071723994475511
RBNZ,credit_card_spending_yoy,Credit Card Spending (YoY),Growth,3,imports,Imports,Growth,2,63,0.12071325721144174,0.12071325721144174
BOJ,current_account,Current Account,Growth,2,household_spending_mom,Household Spending (MoM),Growth,2,76,0.12067859006530518,0.12067859006530518
BOJ,coincident_index,Coincident Index,Growth,2,exports_yoy,Exports (YoY),Growth,2,75,0.12067744785706415,0.12067744785706415
RBA,consumer_inflation_expectation,Consumer Inflation Expectation,Inflation,2,retail_sales_mom,Retail Sales (MoM),Growth,1,63,-0.12054234791484875,0.12054234791484875
RBA,balance_of_trade,Balance of Trade,Trade,2,imports_mom,Imports (MoM),Trade,2,76,-0.12047721885381991,0.12047721885381991
RBA,full_time_employment_change,Full-Time Employment Change,Labor,1,rba_trimmed_mean_cpi_yoy,RBA Trimmed Mean CPI (YoY),Inflation,1,24,-0.12047468147198256,0.12047468147198256
BOC,balance_of_trade,Balance of Trade,Trade,2,core_cpi_mom,Core CPI (MoM),Inflation,2,44,0.12038908858524641,0.12038908858524641
FED,core_pce_price_index_yoy,Core PCE Price Index (YoY),Inflation,1,new_home_sales,New Home Sales,Housing,2,42,0.12031294590200428,0.12031294590200428
FED,retail_sales_mom,Retail Sales (MoM),Growth,1,umich_inflation_exp_5y,UMich 5Y Inflation Expectations,Inflation,2,30,0.12021159108261692,0.12021159108261692
ECB,gdp_qoq,GDP (QoQ),Growth,1,unemployment_rate,Unemployment Rate,Labor,1,23,0.12021064343820695,0.12021064343820695
FED,new_home_sales,New Home Sales,Housing,2,philly_fed_mfg,Philadelphia Fed Manufacturing Index,Growth,2,26,-0.12017123726016823,0.12017123726016823
BOE,composite_pmi,Composite PMI,Growth,2,hmrc_payrolls_change,HMRC Payrolls Change,Labor,2,28,0.1201453127417703,0.1201453127417703
BOC,imports,Imports,Trade,2,services_pmi,Services PMI,Growth,2,29,-0.1200702287414451,0.1200702287414451
BOJ,cpi_headline_mom,Headline CPI (MoM),Inflation,2,gdp_qoq,GDP (QoQ),Growth,1,22,0.11972278371192141,0.11972278371192141
RBA,imports_mom,Imports (MoM),Trade,2,retail_sales_mom,Retail Sales (MoM),Growth,1,66,0.11963216601348098,0.11963216601348098
FED,cpi_headline_mom,Headline CPI (MoM),Inflation,2,participation_rate,Labor Force Participation Rate,Labor,2,31,0.11959244454795896,0.11959244454795896
BOE,house_price_index_mom,House Price Index (MoM),Housing,3,retail_sales_ex_fuel_mom,Retail Sales Ex Fuel (MoM),Growth,2,68,0.11953290195379623,0.11953290195379623
RBA,ai_group_services_index,Ai Group Services Index,Growth,3,private_sector_credit_yoy,Private Sector Credit (YoY),Growth,3,34,0.1191708817194304,0.1191708817194304
RBA,cpi_headline_qoq,Headline CPI (QoQ),Inflation,1,private_sector_credit_mom,Private Sector Credit (MoM),Growth,3,23,0.1191204411513859,0.1191204411513859
RBA,imports_mom,Imports (MoM),Trade,2,private_house_approvals_mom,Private House Approvals (MoM),Housing,2,52,0.1190660800457804,0.1190660800457804
BOJ,balance_of_trade,Balance of Trade,Growth,2,cpi_ex_food_energy_yoy,CPI Ex Food and Energy (YoY),Inflation,1,75,-0.11892593369888443,0.11892593369888443
BOE,cpi_headline_yoy,Headline CPI (YoY),Inflation,1,employment_change,Employment Change,Labor,2,74,0.11825037116669024,0.11825037116669024
BOE,cbi_business_optimism,CBI Business Optimism Index,Sentiment,3,ppi_input_yoy,PPI Input (YoY),Inflation,3,22,0.11821750704681219,0.11821750704681219
BOC,core_cpi_mom,Core CPI (MoM),Inflation,2,part_time_employment_change,Part-Time Employment Change,Labor,1,45,-0.11811688370904866,0.11811688370904866
RBA,ai_group_manufacturing_index,Ai Group Manufacturing Index,Growth,3,rba_weighted_median_cpi_qoq,RBA Weighted Median CPI (QoQ),Inflation,1,22,-0.11809737406056903,0.11809737406056903
BOC,cfib_business_barometer,CFIB Business Barometer,Sentiment,2,core_cpi_mom,Core CPI (MoM),Inflation,2,45,0.11808426205018659,0.11808426205018659
BOE,avg_earnings_excl_bonus,Average Earnings (excl. Bonus),Labor,1,retail_sales_yoy,Retail Sales (YoY),Growth,1,71,0.11770163974823035,0.11770163974823035
BOC,employment_change,Employment Change,Labor,1,imports,Imports,Trade,2,75,0.11694568262090542,0.11694568262090542
BOC,retail_sales_ex_autos_mom,Retail Sales Ex Autos (MoM),Growth,2,retail_sales_yoy,Retail Sales (YoY),Growth,2,71,0.11692898276610196,0.11692898276610196
BOC,cpi_headline_yoy,Headline CPI (YoY),Inflation,1,new_motor_vehicle_sales,New Motor Vehicle Sales,Growth,3,75,-0.11690632431692112,0.11690632431692112
RBA,balance_of_trade,Balance of Trade,Trade,2,manufacturing_pmi,Manufacturing PMI,Growth,2,57,0.11655371417962644,0.11655371417962644
BOE,core_rpi_mom,Core RPI (MoM),Inflation,3,cpi_headline_yoy,Headline CPI (YoY),Inflation,1,22,0.11653762438971224,0.11653762438971224
FED,core_ppi_mom,Core PPI (MoM),Inflation,2,michigan_inflation_expectations,Michigan Inflation Expectations,Inflation,2,28,0.1163127791956752,0.1163127791956752
BOE,public_sector_net_borrowing,Public Sector Net Borrowing,Growth,3,retail_price_index_mom,Retail Price Index (MoM),Inflation,3,67,-0.11619967876169558,0.11619967876169558
BOE,nationwide_hpi_yoy,Nationwide House Prices (YoY),Housing,3,retail_sales_ex_fuel_mom,Retail Sales Ex Fuel (MoM),Growth,2,74,-0.11617511560345682,0.11617511560345682
FED,ism_manufacturing_new_orders,ISM Manufacturing New Orders,Growth,2,participation_rate,Labor Force Participation Rate,Labor,2,33,-0.11611631376843065,0.11611631376843065
BOC,ivey_pmi_sa,Ivey PMI s.a.,Growth,2,services_pmi,Services PMI,Growth,2,26,0.11601823425852818,0.11601823425852818
BOC,core_cpi_mom,Core CPI (MoM),Inflation,2,employment_change,Employment Change,Labor,1,45,-0.1158214818242164,0.1158214818242164
BOJ,machinery_orders_mom,Machinery Orders (MoM),Growth,2,tankan_large_all_industry_capex,Tankan Large All Industry Capex,Sentiment,2,25,0.1158213790743727,0.1158213790743727
BOJ,coincident_indicator_mom,Coincident Indicator (MoM),Growth,2,current_account,Current Account,Growth,2,22,-0.11559374732295463,0.11559374732295463
BOE,gdp_qoq,GDP (QoQ),Growth,1,house_price_index_yoy,House Price Index (YoY),Housing,3,24,0.11553659374018245,0.11553659374018245
BOJ,current_account,Current Account,Growth,2,tankan_small_manufacturers_index,Tankan Small Manufacturers Index,Sentiment,2,24,0.11536596411970765,0.11536596411970765
RBA,retail_sales_mom,Retail Sales (MoM),Growth,1,unemployment_rate,Unemployment Rate,Labor,1,65,0.11529943270507798,0.11529943270507798
FED,new_home_sales,New Home Sales,Housing,2,umich_consumer_sentiment,UMich Consumer Sentiment,Sentiment,2,32,0.11525201892529911,0.11525201892529911
BOC,composite_pmi,Composite PMI,Growth,2,core_cpi_mom,Core CPI (MoM),Inflation,2,27,0.11508891365774124,0.11508891365774124
FED,ism_manufacturing_pmi,ISM Manufacturing PMI,Growth,1,michigan_inflation_expectations,Michigan Inflation Expectations,Inflation,2,33,0.11492226129356634,0.11492226129356634
BOC,retail_sales_mom,Retail Sales (MoM),Growth,1,unemployment_rate,Unemployment Rate,Labor,1,72,0.11491470737485648,0.11491470737485648
RBA,consumer_price_index,Consumer Price Index,Inflation,2,imports_mom,Imports (MoM),Trade,2,18,-0.11485564931342102,0.11485564931342102
BOE,core_cpi_mom,Core CPI (MoM),Inflation,2,ppi_core_output_mom,PPI Core Output (MoM),Inflation,3,51,0.11485467718894819,0.11485467718894819
RBA,balance_of_trade,Balance of Trade,Trade,2,westpac_consumer_confidence_index,Westpac Consumer Confidence Index,Sentiment,2,74,-0.11482922026810544,0.11482922026810544
FED,ny_empire_state_mfg,NY Empire State Manufacturing Index,Growth,2,umich_consumer_sentiment,UMich Consumer Sentiment,Sentiment,2,39,0.1147638698874073,0.1147638698874073
RBA,nab_business_confidence,NAB Business Confidence,Sentiment,2,retail_sales_mom,Retail Sales (MoM),Growth,1,62,0.11476090841047222,0.11476090841047222
RBA,consumer_price_index,Consumer Price Index,Inflation,2,full_time_employment_change,Full-Time Employment Change,Labor,1,18,-0.11458778552269933,0.11458778552269933
RBA,consumer_price_index,Consumer Price Index,Inflation,2,td_mi_inflation_gauge_mom,TD-MI Inflation Gauge (MoM),Inflation,2,18,0.1145633246930412,0.1145633246930412
FED,avg_hourly_earnings_yoy,Average Hourly Earnings (YoY),Labor,1,sp_global_composite_pmi,S&P Global Composite PMI,Growth,2,21,0.11453809908498604,0.11453809908498604
BOE,hmrc_payrolls_change,HMRC Payrolls Change,Labor,2,public_sector_net_borrowing,Public Sector Net Borrowing,Growth,3,36,-0.11433693726394137,0.11433693726394137
FED,consumer_inflation_expectations,Consumer Inflation Expectations,Inflation,2,new_home_sales,New Home Sales,Housing,2,34,0.11431523018917575,0.11431523018917575
BOE,avg_earnings_excl_bonus,Average Earnings (excl. Bonus),Labor,1,ppi_core_output_yoy,PPI Core Output (YoY),Inflation,3,65,0.1142161248318418,0.1142161248318418
SNB,cpi_headline_yoy,Headline CPI (YoY),Inflation,1,gdp_qoq,GDP (QoQ),Growth,1,21,0.11408740007694346,0.11408740007694346
FED,cpi_headline_mom,Headline CPI (MoM),Inflation,2,umich_consumer_sentiment,UMich Consumer Sentiment,Sentiment,2,29,-0.11408578502997989,0.11408578502997989
BOE,cbi_industrial_trends_orders,CBI Industrial Trends Orders,Sentiment,3,composite_pmi,Composite PMI,Growth,2,29,0.11406877458971468,0.11406877458971468
RBA,ai_group_manufacturing_index,Ai Group Manufacturing Index,Growth,3,nab_business_confidence,NAB Business Confidence,Sentiment,2,66,0.11386212322522943,0.11386212322522943
BOC,ppi_yoy,PPI (YoY),Inflation,2,services_pmi,Services PMI,Growth,2,30,0.11334997850909874,0.11334997850909874
BOC,new_motor_vehicle_sales,New Motor Vehicle Sales,Growth,3,unemployment_rate,Unemployment Rate,Labor,1,75,-0.1131653763786732,0.1131653763786732
BOJ,eco_watchers_current,Eco Watchers Survey Current,Sentiment,2,unemployment_rate,Unemployment Rate,Labor,2,75,-0.11314869279625646,0.11314869279625646
BOE,manufacturing_pmi,Manufacturing PMI,Growth,2,retail_sales_mom,Retail Sales (MoM),Growth,1,25,0.11312328876661294,0.11312328876661294
RBA,ai_group_industry_index,Ai Group Industry Index,Growth,3,part_time_employment_change,Part-Time Employment Change,Labor,1,36,0.11308382619585898,0.11308382619585898
RBA,retail_sales_mom,Retail Sales (MoM),Growth,1,services_pmi,Services PMI,Growth,2,48,0.11292870796955756,0.11292870796955756
FED,core_ppi_yoy,Core PPI (YoY),Inflation,2,umich_inflation_exp_5y,UMich 5Y Inflation Expectations,Inflation,2,32,0.11290149161028303,0.11290149161028303
FED,nfib_business_optimism,NFIB Business Optimism Index,Sentiment,3,retail_sales_mom,Retail Sales (MoM),Growth,1,32,0.1128767132055164,0.1128767132055164
BOJ,machinery_orders_mom,Machinery Orders (MoM),Growth,2,tankan_non_manufacturing_outlook,Tankan Non-Manufacturing Outlook,Sentiment,2,25,-0.11260732577103845,0.11260732577103845
BOE,cpi_headline_mom,Headline CPI (MoM),Inflation,2,house_price_index_mom,House Price Index (MoM),Housing,3,61,0.11253531727752211,0.11253531727752211
FED,cpi_headline_mom,Headline CPI (MoM),Inflation,2,umich_inflation_exp_5y,UMich 5Y Inflation Expectations,Inflation,2,29,0.11236518820797307,0.11236518820797307
BOJ,capacity_utilization,Capacity Utilization,Growth,2,leading_economic_index,Leading Economic Index,Growth,2,75,0.11236161423358043,0.11236161423358043
BOJ,core_cpi_yoy,Core CPI (YoY),Inflation,1,ppi_mom,PPI (MoM),Inflation,2,67,-0.11233595369953282,0.11233595369953282
BOJ,balance_of_trade,Balance of Trade,Growth,2,manufacturing_pmi,S&P Global Manufacturing PMI,Growth,2,76,-0.11217667392175112,0.11217667392175112
FED,avg_hourly_earnings_mom,Average Hourly Earnings (MoM),Labor,2,ppi_yoy,PPI (YoY),Inflation,2,35,-0.11216320525082112,0.11216320525082112
FED,core_pce_price_index_mom,Core PCE Price Index (MoM),Inflation,1,new_home_sales,New Home Sales,Housing,2,39,0.11208862322600943,0.11208862322600943
BOJ,gdp_qoq,GDP (QoQ),Growth,1,tankan_small_manufacturers_index,Tankan Small Manufacturers Index,Sentiment,2,23,0.11188599106132203,0.11188599106132203
BOJ,balance_of_trade,Balance of Trade,Growth,2,reuters_tankan_index,Reuters Tankan Index,Sentiment,2,75,-0.11180373094125486,0.11180373094125486
BOE,core_cpi_mom,Core CPI (MoM),Inflation,2,gdp_qoq,GDP (QoQ),Growth,1,23,0.11169650970922203,0.11169650970922203
BOC,cpi_headline_yoy,Headline CPI (YoY),Inflation,1,full_time_employment_change,Full-Time Employment Change,Labor,1,76,0.11136110777034697,0.11136110777034697
BOJ,industrial_production_yoy,Industrial Production (YoY),Growth,2,retail_sales_mom,Retail Sales (MoM),Growth,2,75,-0.11120777128959329,0.11120777128959329
BOJ,machinery_orders_yoy,Machinery Orders (YoY),Growth,2,retail_sales_mom,Retail Sales (MoM),Growth,2,75,-0.11119816941981747,0.11119816941981747
RBA,employment_change,Employment Change,Labor,1,thomson_reuters_ipsos_pcsi,Thomson Reuters IPSOS PCSI,Sentiment,3,20,-0.1111770295332816,0.1111770295332816
FED,ism_services_employment,ISM Services Employment,Growth,2,retail_sales_mom,Retail Sales (MoM),Growth,1,23,0.11107149262648708,0.11107149262648708
BOE,ppi_output_mom,PPI Output (MoM),Inflation,3,unemployment_rate,Unemployment Rate,Labor,1,57,-0.1110711341858819,0.1110711341858819
BOE,composite_pmi,Composite PMI,Growth,2,ppi_output_yoy,PPI Output (YoY),Inflation,3,21,-0.11064538641090901,0.11064538641090901
BOC,core_cpi_yoy,Core CPI (YoY),Inflation,1,new_housing_price_index_mom,New Housing Price Index (MoM),Housing,2,65,-0.11058939137973887,0.11058939137973887
BOE,public_sector_net_borrowing,Public Sector Net Borrowing,Growth,3,retail_sales_yoy,Retail Sales (YoY),Growth,1,68,0.1105214276441413,0.1105214276441413
RBA,corelogic_dwelling_prices_mom,CoreLogic Dwelling Prices (MoM),Housing,2,housing_credit_mom,Housing Credit (MoM),Growth,3,31,-0.11052084515989348,0.11052084515989348
FED,ism_manufacturing_employment,ISM Manufacturing Employment,Growth,2,umich_consumer_sentiment,UMich Consumer Sentiment,Sentiment,2,33,0.11042874248592822,0.11042874248592822
RBA,ai_group_manufacturing_index,Ai Group Manufacturing Index,Growth,3,westpac_consumer_confidence_change,Westpac Consumer Confidence Change,Sentiment,2,68,-0.110353665824091,0.110353665824091
FED,ppi_mom,PPI (MoM),Inflation,2,umich_consumer_sentiment,UMich Consumer Sentiment,Sentiment,2,31,0.11032548401470706,0.11032548401470706
BOJ,balance_of_trade,Balance of Trade,Growth,2,services_pmi,S&P Global Services PMI,Growth,2,76,-0.11002575178740782,0.11002575178740782
RBA,ai_group_construction_index,Ai Group Construction Index,Growth,3,full_time_employment_change,Full-Time Employment Change,Labor,1,70,0.10996379793054166,0.10996379793054166
BOJ,coincident_indicator_mom,Coincident Indicator (MoM),Growth,2,retail_sales_yoy,Retail Sales (YoY),Growth,2,22,-0.1099269340078868,0.1099269340078868
BOE,cbi_industrial_trends_orders,CBI Industrial Trends Orders,Sentiment,3,manufacturing_pmi,Manufacturing PMI,Growth,2,29,-0.10983866591774054,0.10983866591774054
BOE,ppi_output_mom,PPI Output (MoM),Inflation,3,public_sector_net_borrowing,Public Sector Net Borrowing,Growth,3,57,0.10977041392085983,0.10977041392085983
BOJ,machine_tool_orders_yoy,Machine Tool Orders (YoY),Growth,3,tankan_large_all_industry_capex,Tankan Large All Industry Capex,Sentiment,2,25,0.10976711526280367,0.10976711526280367
BOJ,gdp_qoq,GDP (QoQ),Growth,1,tankan_large_non_manufacturing_index,Tankan Large Non-Manufacturing Index,Sentiment,2,24,0.10967533321345653,0.10967533321345653
BOJ,exports_yoy,Exports (YoY),Growth,2,household_spending_mom,Household Spending (MoM),Growth,2,75,-0.10962198219442831,0.10962198219442831
BOJ,core_cpi_yoy,Core CPI (YoY),Inflation,1,household_spending_yoy,Household Spending (YoY),Growth,2,73,0.109525070636331,0.109525070636331
BOC,employment_change,Employment Change,Labor,1,unemployment_rate,Unemployment Rate,Labor,1,76,-0.10896369932250412,0.10896369932250412
BOC,cpi_headline_yoy,Headline CPI (YoY),Inflation,1,services_pmi,Services PMI,Growth,2,30,-0.10894268388716151,0.10894268388716151
FED,ism_services_employment,ISM Services Employment,Growth,2,umich_consumer_sentiment,UMich Consumer Sentiment,Sentiment,2,25,0.10893813345444094,0.10893813345444094
BOC,employment_change,Employment Change,Labor,1,manufacturing_pmi,Manufacturing PMI,Growth,2,49,0.10870106602819128,0.10870106602819128
BOE,core_rpi_yoy,Core RPI (YoY),Inflation,3,cpi_headline_mom,Headline CPI (MoM),Inflation,2,22,0.10833167597735793,0.10833167597735793
RBA,ai_group_industry_index,Ai Group Industry Index,Growth,3,thomson_reuters_ipsos_pcsi,Thomson Reuters IPSOS PCSI,Sentiment,3,18,0.10827287055073223,0.10827287055073223
RBA,consumer_price_index,Consumer Price Index,Inflation,2,part_time_employment_change,Part-Time Employment Change,Labor,1,18,0.10818103385520508,0.10818103385520508
RBA,composite_pmi,Composite PMI,Growth,2,retail_sales_mom,Retail Sales (MoM),Growth,1,46,0.10777427681368418,0.10777427681368418
RBA,corelogic_dwelling_prices_mom,CoreLogic Dwelling Prices (MoM),Housing,2,full_time_employment_change,Full-Time Employment Change,Labor,1,31,0.10760163313518596,0.10760163313518596
BOJ,retail_sales_mom,Retail Sales (MoM),Growth,2,reuters_tankan_index,Reuters Tankan Index,Sentiment,2,74,-0.10753882318439013,0.10753882318439013
BOE,core_cpi_yoy,Core CPI (YoY),Inflation,1,core_rpi_yoy,Core RPI (YoY),Inflation,3,24,0.10744353583414695,0.10744353583414695
BOJ,industrial_production_mom,Industrial Production (MoM),Growth,2,tankan_large_manufacturing_outlook,Tankan Large Manufacturing Outlook,Sentiment,2,25,0.10741142489627745,0.10741142489627745
BOE,cbi_industrial_trends_orders,CBI Industrial Trends Orders,Sentiment,3,retail_sales_ex_fuel_mom,Retail Sales Ex Fuel (MoM),Growth,2,74,-0.10738756937946463,0.10738756937946463
RBA,ai_group_construction_index,Ai Group Construction Index,Growth,3,westpac_consumer_confidence_change,Westpac Consumer Confidence Change,Sentiment,2,68,-0.10720277249285148,0.10720277249285148
BOJ,coincident_index,Coincident Index,Growth,2,machine_tool_orders_yoy,Machine Tool Orders (YoY),Growth,3,75,-0.10703207664425964,0.10703207664425964
BOE,manufacturing_pmi,Manufacturing PMI,Growth,2,retail_sales_ex_fuel_mom,Retail Sales Ex Fuel (MoM),Growth,2,27,0.10696410069697485,0.10696410069697485
FED,new_home_sales,New Home Sales,Housing,2,nfib_business_optimism,NFIB Business Optimism Index,Sentiment,3,33,-0.10690296708163927,0.10690296708163927
FED,avg_hourly_earnings_yoy,Average Hourly Earnings (YoY),Labor,1,core_ppi_yoy,Core PPI (YoY),Inflation,2,34,0.10689940947645235,0.10689940947645235
BOJ,current_account,Current Account,Growth,2,eco_watchers_outlook,Eco Watchers Survey Outlook,Sentiment,2,75,0.10676370625892682,0.10676370625892682
RBA,employment_change,Employment Change,Labor,1,westpac_consumer_confidence_change,Westpac Consumer Confidence Change,Sentiment,2,74,0.1067206558801182,0.1067206558801182
BOC,new_housing_price_index_mom,New Housing Price Index (MoM),Housing,2,new_motor_vehicle_sales,New Motor Vehicle Sales,Growth,3,64,-0.1066772718822203,0.1066772718822203
FED,avg_hourly_earnings_yoy,Average Hourly Earnings (YoY),Labor,1,export_prices_yoy,Export Prices (YoY),Inflation,3,34,-0.10666787627666756,0.10666787627666756
BOJ,leading_index_mom,Leading Index (MoM),Growth,2,machinery_orders_yoy,Machinery Orders (YoY),Growth,2,22,0.10656457087165339,0.10656457087165339
FED,average_weekly_hours,Average Weekly Hours,Labor,2,sp_global_services_pmi,S&P Global Services PMI,Growth,2,22,0.10629333787996838,0.10629333787996838
BOE,nationwide_hpi_yoy,Nationwide House Prices (YoY),Housing,3,retail_sales_mom,Retail Sales (MoM),Growth,1,72,-0.10624867642578854,0.10624867642578854
BOE,cpi_headline_mom,Headline CPI (MoM),Inflation,2,gdp_mom,GDP (MoM),Growth,1,60,0.10597851019421799,0.10597851019421799
BOC,cpi_headline_mom,Headline CPI (MoM),Inflation,2,new_motor_vehicle_sales,New Motor Vehicle Sales,Growth,3,71,0.1059750871201906,0.1059750871201906
BOE,cpi_headline_mom,Headline CPI (MoM),Inflation,2,niesr_monthly_gdp_tracker,NIESR Monthly GDP Tracker,Growth,2,57,0.10567490312457556,0.10567490312457556
BOJ,cpi_index,Consumer Price Index,Inflation,2,ppi_mom,PPI (MoM),Inflation,2,62,-0.10557706165520828,0.10557706165520828
FED,import_prices_yoy,Import Prices (YoY),Inflation,3,participation_rate,Labor Force Participation Rate,Labor,2,35,-0.10555385703355527,0.10555385703355527
RBA,nab_business_confidence,NAB Business Confidence,Sentiment,2,private_sector_credit_mom,Private Sector Credit (MoM),Growth,3,69,-0.10544734473209215,0.10544734473209215
BOJ,machine_tool_orders_yoy,Machine Tool Orders (YoY),Growth,3,tankan_large_non_manufacturing_index,Tankan Large Non-Manufacturing Index,Sentiment,2,25,-0.10541470003291767,0.10541470003291767
BOC,cfib_business_barometer,CFIB Business Barometer,Sentiment,2,retail_sales_yoy,Retail Sales (YoY),Growth,2,51,0.105393551842547,0.105393551842547
SNB,cpi_headline_yoy,Headline CPI (YoY),Inflation,1,retail_sales_yoy,Retail Sales (YoY),Growth,2,72,-0.10537930702745664,0.10537930702745664
BOJ,current_account,Current Account,Growth,2,reuters_tankan_index,Reuters Tankan Index,Sentiment,2,74,0.10491881428826813,0.10491881428826813
BOE,core_rpi_yoy,Core RPI (YoY),Inflation,3,retail_sales_ex_fuel_yoy,Retail Sales Ex Fuel (YoY),Growth,2,23,0.10487600249441051,0.10487600249441051
RBA,full_time_employment_change,Full-Time Employment Change,Labor,1,rba_weighted_median_cpi_yoy,RBA Weighted Median CPI (YoY),Inflation,1,23,-0.10469935194372022,0.10469935194372022
BOJ,cpi_index,Consumer Price Index,Inflation,2,reuters_tankan_index,Reuters Tankan Index,Sentiment,2,70,0.10463222223452973,0.10463222223452973
BOE,core_cpi_yoy,Core CPI (YoY),Inflation,1,industrial_production_yoy,Industrial Production (YoY),Growth,2,75,0.10460025815652908,0.10460025815652908
RBA,monthly_cpi_indicator,Monthly CPI Indicator,Inflation,1,nab_business_confidence,NAB Business Confidence,Sentiment,2,34,-0.10454660687807583,0.10454660687807583
BOJ,leading_index_mom,Leading Index (MoM),Growth,2,reuters_tankan_index,Reuters Tankan Index,Sentiment,2,22,-0.10449583168267704,0.10449583168267704
BOJ,balance_of_trade,Balance of Trade,Growth,2,machine_tool_orders_yoy,Machine Tool Orders (YoY),Growth,3,76,0.10425503804579699,0.10425503804579699
BOJ,cpi_headline_yoy,Headline CPI (YoY),Inflation,1,household_spending_yoy,Household Spending (YoY),Growth,2,74,0.10417866871078213,0.10417866871078213
RBA,corelogic_dwelling_prices_mom,CoreLogic Dwelling Prices (MoM),Housing,2,exports_mom,Exports (MoM),Trade,2,31,0.10405767565317056,0.10405767565317056
FED,avg_hourly_earnings_mom,Average Hourly Earnings (MoM),Labor,2,cpi_headline_yoy,Headline CPI (YoY),Inflation,1,35,-0.10401771491564385,0.10401771491564385
FED,consumer_inflation_expectations,Consumer Inflation Expectations,Inflation,2,philly_fed_mfg,Philadelphia Fed Manufacturing Index,Growth,2,27,0.1037482777220934,0.1037482777220934
BOE,core_cpi_mom,Core CPI (MoM),Inflation,2,employment_change,Employment Change,Labor,2,68,0.10369152175558308,0.10369152175558308
BOJ,capacity_utilization,Capacity Utilization,Growth,2,industrial_production_yoy,Industrial Production (YoY),Growth,2,75,0.1036892537033338,0.1036892537033338
BOE,employment_change,Employment Change,Labor,2,unemployment_rate,Unemployment Rate,Labor,1,75,-0.10358997743113957,0.10358997743113957
RBA,employment_change,Employment Change,Labor,1,rba_trimmed_mean_cpi_yoy,RBA Trimmed Mean CPI (YoY),Inflation,1,24,0.10354111230767858,0.10354111230767858
BOJ,cpi_ex_food_energy_yoy,CPI Ex Food and Energy (YoY),Inflation,1,reuters_tankan_index,Reuters Tankan Index,Sentiment,2,74,0.10347999873574804,0.10347999873574804
BOJ,industrial_production_mom,Industrial Production (MoM),Growth,2,tankan_large_all_industry_capex,Tankan Large All Industry Capex,Sentiment,2,25,-0.10341895175405164,0.10341895175405164
BOE,core_rpi_mom,Core RPI (MoM),Inflation,3,industrial_production_yoy,Industrial Production (YoY),Growth,2,21,0.10336284150579741,0.10336284150579741
RBA,corelogic_dwelling_prices_mom,CoreLogic Dwelling Prices (MoM),Housing,2,private_sector_credit_mom,Private Sector Credit (MoM),Growth,3,31,-0.10298799083231099,0.10298799083231099
FED,core_pce_price_index_mom,Core PCE Price Index (MoM),Inflation,1,sp_global_composite_pmi,S&P Global Composite PMI,Growth,2,21,0.10298749610027068,0.10298749610027068
FED,core_pce_price_index_yoy,Core PCE Price Index (YoY),Inflation,1,sp_global_services_pmi,S&P Global Services PMI,Growth,2,21,-0.10288815071486401,0.10288815071486401
RBA,manufacturing_pmi,Manufacturing PMI,Growth,2,westpac_consumer_confidence_change,Westpac Consumer Confidence Change,Sentiment,2,57,-0.1027293466848777,0.1027293466848777
BOJ,balance_of_trade,Balance of Trade,Growth,2,eco_watchers_current,Eco Watchers Survey Current,Sentiment,2,76,-0.10272694015306592,0.10272694015306592
BOJ,exports_yoy,Exports (YoY),Growth,2,gdp_qoq,GDP (QoQ),Growth,1,24,0.10258361460420704,0.10258361460420704
BOJ,machine_tool_orders_yoy,Machine Tool Orders (YoY),Growth,3,services_pmi,S&P Global Services PMI,Growth,2,76,0.1025344379184981,0.1025344379184981
RBA,ai_group_construction_index,Ai Group Construction Index,Growth,3,services_pmi,Services PMI,Growth,2,54,-0.10208071234783368,0.10208071234783368
BOJ,leading_economic_index,Leading Economic Index,Growth,2,machinery_orders_mom,Machinery Orders (MoM),Growth,2,75,0.101957278158803,0.101957278158803
RBA,ai_group_construction_index,Ai Group Construction Index,Growth,3,housing_credit_mom,Housing Credit (MoM),Growth,3,36,-0.10158778400693132,0.10158778400693132
BOJ,household_spending_yoy,Household Spending (YoY),Growth,2,tankan_large_non_manufacturing_index,Tankan Large Non-Manufacturing Index,Sentiment,2,25,0.10156200148245392,0.10156200148245392
BOE,house_price_index_yoy,House Price Index (YoY),Housing,3,retail_price_index_yoy,Retail Price Index (YoY),Inflation,3,73,0.10123308791192302,0.10123308791192302
BOJ,cpi_headline_mom,Headline CPI (MoM),Inflation,2,current_account,Current Account,Growth,2,68,-0.10098716220543422,0.10098716220543422
RBA,ai_group_industry_index,Ai Group Industry Index,Growth,3,td_mi_inflation_gauge_mom,TD-MI Inflation Gauge (MoM),Inflation,2,35,-0.1008260252533538,0.1008260252533538
BOE,cpi_headline_yoy,Headline CPI (YoY),Inflation,1,public_sector_net_borrowing,Public Sector Net Borrowing,Growth,3,71,0.10079542379549856,0.10079542379549856
RBA,consumer_inflation_expectation,Consumer Inflation Expectation,Inflation,2,exports_mom,Exports (MoM),Trade,2,71,-0.10078068380345266,0.10078068380345266
BOC,new_motor_vehicle_sales,New Motor Vehicle Sales,Growth,3,ppi_yoy,PPI (YoY),Inflation,2,75,-0.10050699045378425,0.10050699045378425
BOJ,household_spending_yoy,Household Spending (YoY),Growth,2,tertiary_industry_index_mom,Tertiary Industry Index (MoM),Growth,2,75,0.1004924303167934,0.1004924303167934
RBA,ai_group_industry_index,Ai Group Industry Index,Growth,3,employment_change,Employment Change,Labor,1,36,-0.1003239697527332,0.1003239697527332
BOE,industrial_production_yoy,Industrial Production (YoY),Growth,2,ppi_core_output_yoy,PPI Core Output (YoY),Inflation,3,66,0.10026511082300439,0.10026511082300439
BOE,core_rpi_mom,Core RPI (MoM),Inflation,3,employment_change,Employment Change,Labor,2,21,-0.10015652361589739,0.10015652361589739
BOJ,foreign_bond_investment,Foreign Bond Investment,Trade,3,stock_investment_by_foreigners,Stock Investment by Foreigners,Trade,3,327,-0.0998269634726235,0.0998269634726235
BOJ,cpi_headline_mom,Headline CPI (MoM),Inflation,2,manufacturing_pmi,S&P Global Manufacturing PMI,Growth,2,69,0.09972000316213898,0.09972000316213898
BOJ,balance_of_trade,Balance of Trade,Growth,2,tankan_large_all_industry_capex,Tankan Large All Industry Capex,Sentiment,2,25,0.09965238580690045,0.09965238580690045
FED,ism_manufacturing_employment,ISM Manufacturing Employment,Growth,2,new_home_sales,New Home Sales,Housing,2,31,-0.09946194545512055,0.09946194545512055
FED,export_prices_yoy,Export Prices (YoY),Inflation,3,retail_sales_mom,Retail Sales (MoM),Growth,1,36,0.09945713600299767,0.09945713600299767
BOE,avg_earnings_excl_bonus,Average Earnings (excl. Bonus),Labor,1,niesr_monthly_gdp_tracker,NIESR Monthly GDP Tracker,Growth,2,61,0.09932349393871938,0.09932349393871938
BOJ,current_account,Current Account,Growth,2,eco_watchers_current,Eco Watchers Survey Current,Sentiment,2,75,0.09920948048577591,0.09920948048577591
BOE,niesr_monthly_gdp_tracker,NIESR Monthly GDP Tracker,Growth,2,retail_price_index_mom,Retail Price Index (MoM),Inflation,3,60,0.099146362653383,0.099146362653383
BOE,ppi_input_yoy,PPI Input (YoY),Inflation,3,public_sector_net_borrowing,Public Sector Net Borrowing,Growth,3,65,0.09909105217901884,0.09909105217901884
RBNZ,balance_of_trade,Balance of Trade,Growth,2,credit_card_spending_yoy,Credit Card Spending (YoY),Growth,3,63,-0.09894167780097347,0.09894167780097347
BOE,core_rpi_mom,Core RPI (MoM),Inflation,3,unemployment_rate,Unemployment Rate,Labor,1,21,-0.09893965593644227,0.09893965593644227
RBA,imports_mom,Imports (MoM),Trade,2,private_sector_credit_mom,Private Sector Credit (MoM),Growth,3,72,0.09877827910905813,0.09877827910905813
RBA,nab_business_confidence,NAB Business Confidence,Sentiment,2,thomson_reuters_ipsos_pcsi,Thomson Reuters IPSOS PCSI,Sentiment,3,20,0.09865158319431921,0.09865158319431921
BOJ,machinery_orders_mom,Machinery Orders (MoM),Growth,2,unemployment_rate,Unemployment Rate,Labor,2,74,0.09838684950347233,0.09838684950347233
BOJ,manufacturing_pmi,S&P Global Manufacturing PMI,Growth,2,tankan_large_non_manufacturing_index,Tankan Large Non-Manufacturing Index,Sentiment,2,25,0.09822226846582051,0.09822226846582051
RBNZ,employment_change_qoq,Employment Change (QoQ),Labor,1,exports,Exports,Growth,2,22,0.09813154994880838,0.09813154994880838
BOE,house_price_index_yoy,House Price Index (YoY),Housing,3,manufacturing_pmi,Manufacturing PMI,Growth,2,25,-0.09810634853195735,0.09810634853195735
BOC,manufacturing_pmi,Manufacturing PMI,Growth,2,manufacturing_sales_mom,Manufacturing Sales (MoM),Growth,2,47,0.0980898415470399,0.0980898415470399
BOC,new_housing_price_index_mom,New Housing Price Index (MoM),Housing,2,raw_materials_prices_mom,Raw Materials Prices (MoM),Inflation,3,63,0.097754711013871,0.097754711013871
RBA,commodity_prices_yoy,Commodity Prices (YoY),Inflation,3,unemployment_rate,Unemployment Rate,Labor,1,52,-0.09730649914480832,0.09730649914480832
FED,avg_hourly_earnings_mom,Average Hourly Earnings (MoM),Labor,2,export_prices_yoy,Export Prices (YoY),Inflation,3,35,-0.09684918699801055,0.09684918699801055
BOE,consumer_confidence,Consumer Confidence,Sentiment,3,ppi_output_mom,PPI Output (MoM),Inflation,3,58,-0.09668920909993951,0.09668920909993951
BOC,budget_balance,Budget Balance,Growth,3,ppi_mom,PPI (MoM),Inflation,2,70,-0.09664560951618321,0.09664560951618321
BOC,exports,Exports,Trade,2,services_pmi,Services PMI,Growth,2,29,0.09663815212492213,0.09663815212492213
BOE,cpi_headline_yoy,Headline CPI (YoY),Inflation,1,house_price_index_yoy,House Price Index (YoY),Housing,3,73,0.0965520990906814,0.0965520990906814
RBA,part_time_employment_change,Part-Time Employment Change,Labor,1,private_house_approvals_mom,Private House Approvals (MoM),Housing,2,52,-0.09642119948443759,0.09642119948443759
BOJ,cpi_headline_yoy,Headline CPI (YoY),Inflation,1,tertiary_industry_index_mom,Tertiary Industry Index (MoM),Growth,2,73,0.09624381923420094,0.09624381923420094
FED,philly_fed_mfg,Philadelphia Fed Manufacturing Index,Growth,2,umich_inflation_exp_5y,UMich 5Y Inflation Expectations,Inflation,2,40,-0.09613580222033297,0.09613580222033297
BOE,claimant_count_change,Claimant Count Change,Labor,2,unemployment_rate,Unemployment Rate,Labor,1,75,-0.09607478221412596,0.09607478221412596
BOC,core_cpi_mom,Core CPI (MoM),Inflation,2,new_motor_vehicle_sales,New Motor Vehicle Sales,Growth,3,44,0.09603844535053076,0.09603844535053076
BOC,manufacturing_pmi,Manufacturing PMI,Growth,2,raw_materials_prices_mom,Raw Materials Prices (MoM),Inflation,3,47,0.09600173395312464,0.09600173395312464
BOE,avg_earnings_excl_bonus,Average Earnings (excl. Bonus),Labor,1,ppi_input_mom,PPI Input (MoM),Inflation,3,64,-0.09598888971768076,0.09598888971768076
RBA,full_time_employment_change,Full-Time Employment Change,Labor,1,unemployment_rate,Unemployment Rate,Labor,1,76,-0.0959775556535361,0.0959775556535361
BOE,employment_change,Employment Change,Labor,2,niesr_monthly_gdp_tracker,NIESR Monthly GDP Tracker,Growth,2,62,0.09592673788504817,0.09592673788504817
BOJ,current_account,Current Account,Growth,2,manufacturing_pmi,S&P Global Manufacturing PMI,Growth,2,75,-0.09578715481567676,0.09578715481567676
RBA,ai_group_manufacturing_index,Ai Group Manufacturing Index,Growth,3,exports_mom,Exports (MoM),Trade,2,68,0.09568950397516143,0.09568950397516143
BOC,imports,Imports,Trade,2,retail_sales_yoy,Retail Sales (YoY),Growth,2,74,0.09507883646619111,0.09507883646619111
FED,core_pce_price_index_yoy,Core PCE Price Index (YoY),Inflation,1,ism_manufacturing_pmi,ISM Manufacturing PMI,Growth,1,31,0.09502692388663148,0.09502692388663148
RBA,building_permits,Building Permits,Housing,2,retail_sales_mom,Retail Sales (MoM),Growth,1,66,-0.0949603284893911,0.0949603284893911
RBA,monthly_cpi_indicator,Monthly CPI Indicator,Inflation,1,part_time_employment_change,Part-Time Employment Change,Labor,1,38,-0.09484373477858116,0.09484373477858116
RBA,ai_group_construction_index,Ai Group Construction Index,Growth,3,rba_trimmed_mean_cpi_qoq,RBA Trimmed Mean CPI (QoQ),Inflation,1,23,0.09465603438148341,0.09465603438148341
FED,avg_hourly_earnings_yoy,Average Hourly Earnings (YoY),Labor,1,cpi_headline_yoy,Headline CPI (YoY),Inflation,1,34,0.09462175495716776,0.09462175495716776
BOJ,exports_yoy,Exports (YoY),Growth,2,machinery_orders_mom,Machinery Orders (MoM),Growth,2,74,0.09455245876942482,0.09455245876942482
BOC,exports,Exports,Trade,2,raw_materials_prices_mom,Raw Materials Prices (MoM),Inflation,3,74,-0.09436754431089793,0.09436754431089793
FED,philly_fed_mfg,Philadelphia Fed Manufacturing Index,Growth,2,sp_global_services_pmi,S&P Global Services PMI,Growth,2,25,0.0943393766749503,0.0943393766749503
BOC,balance_of_trade,Balance of Trade,Trade,2,full_time_employment_change,Full-Time Employment Change,Labor,1,75,0.09429556547236069,0.09429556547236069
BOC,full_time_employment_change,Full-Time Employment Change,Labor,1,new_housing_price_index_yoy,New Housing Price Index (YoY),Housing,2,63,0.09399282032967002,0.09399282032967002
RBA,current_account,Current Account,Trade,2,imports_mom,Imports (MoM),Trade,2,24,-0.09350899299236183,0.09350899299236183
BOC,budget_balance,Budget Balance,Growth,3,employment_change,Employment Change,Labor,1,73,0.09312840034287528,0.09312840034287528
BOE,core_cpi_yoy,Core CPI (YoY),Inflation,1,retail_sales_ex_fuel_mom,Retail Sales Ex Fuel (MoM),Growth,2,75,-0.09300371227686655,0.09300371227686655
SNB,balance_of_trade,Balance of Trade,Growth,2,retail_sales_yoy,Retail Sales (YoY),Growth,2,74,0.0928856404071074,0.0928856404071074
RBA,composite_pmi,Composite PMI,Growth,2,consumer_inflation_expectation,Consumer Inflation Expectation,Inflation,2,55,0.09286356744494724,0.09286356744494724
BOC,manufacturing_sales_mom,Manufacturing Sales (MoM),Growth,2,ppi_yoy,PPI (YoY),Inflation,2,74,0.09270966170497709,0.09270966170497709
BOJ,cpi_index,Consumer Price Index,Inflation,2,gdp_qoq,GDP (QoQ),Growth,1,24,0.09259485472197677,0.09259485472197677
FED,average_weekly_hours,Average Weekly Hours,Labor,2,avg_hourly_earnings_yoy,Average Hourly Earnings (YoY),Labor,1,36,-0.09238219668855821,0.09238219668855821
BOJ,core_cpi_yoy,Core CPI (YoY),Inflation,1,gdp_qoq,GDP (QoQ),Growth,1,24,0.09222704741065664,0.09222704741065664
RBA,ai_group_construction_index,Ai Group Construction Index,Growth,3,imports_mom,Imports (MoM),Trade,2,69,0.09221965477581845,0.09221965477581845
ECB,cpi_index,Consumer Price Index,Inflation,2,services_pmi,Services PMI,Growth,2,18,-0.09209828464413175,0.09209828464413175
BOE,core_rpi_mom,Core RPI (MoM),Inflation,3,retail_sales_yoy,Retail Sales (YoY),Growth,1,21,0.09199794956944289,0.09199794956944289
ECB,construction_output_mom,Construction Output (MoM),Growth,2,cpi_headline_mom,Headline HICP (MoM),Inflation,2,19,-0.09134741810413875,0.09134741810413875
BOC,new_motor_vehicle_sales,New Motor Vehicle Sales,Growth,3,raw_materials_prices_mom,Raw Materials Prices (MoM),Inflation,3,74,0.09134468869047088,0.09134468869047088
RBNZ,business_confidence,Business Confidence,Growth,3,participation_rate,Labor Force Participation Rate,Labor,1,25,-0.0913148813932796,0.0913148813932796
RBA,part_time_employment_change,Part-Time Employment Change,Labor,1,thomson_reuters_ipsos_pcsi,Thomson Reuters IPSOS PCSI,Sentiment,3,20,0.09094198062968606,0.09094198062968606
BOE,consumer_confidence,Consumer Confidence,Sentiment,3,retail_sales_mom,Retail Sales (MoM),Growth,1,72,0.09087221972312355,0.09087221972312355
BOJ,household_spending_mom,Household Spending (MoM),Growth,2,machinery_orders_mom,Machinery Orders (MoM),Growth,2,75,0.0908416738186325,0.0908416738186325
FED,ism_manufacturing_new_orders,ISM Manufacturing New Orders,Growth,2,umich_inflation_exp_5y,UMich 5Y Inflation Expectations,Inflation,2,33,-0.09083791790361428,0.09083791790361428
BOJ,coincident_indicator_mom,Coincident Indicator (MoM),Growth,2,cpi_headline_yoy,Headline CPI (YoY),Inflation,1,22,-0.0906485674198119,0.0906485674198119
BOJ,consumer_confidence,Consumer Confidence,Sentiment,2,retail_sales_mom,Retail Sales (MoM),Growth,2,75,0.09046599493478871,0.09046599493478871
BOE,core_cpi_yoy,Core CPI (YoY),Inflation,1,employment_change,Employment Change,Labor,2,74,0.09022746553721175,0.09022746553721175
FED,sp_global_services_pmi,S&P Global Services PMI,Growth,2,unemployment_rate,Unemployment Rate,Labor,1,22,0.09010283407578214,0.09010283407578214
BOJ,capacity_utilization,Capacity Utilization,Growth,2,tankan_small_manufacturers_index,Tankan Small Manufacturers Index,Sentiment,2,23,0.0900763350921558,0.0900763350921558
BOJ,current_account,Current Account,Growth,2,leading_index_mom,Leading Index (MoM),Growth,2,22,-0.09002042423631279,0.09002042423631279
RBA,current_account,Current Account,Trade,2,nab_business_confidence,NAB Business Confidence,Sentiment,2,22,-0.08999803417453847,0.08999803417453847
BOE,house_price_index_mom,House Price Index (MoM),Housing,3,manufacturing_pmi,Manufacturing PMI,Growth,2,23,-0.08998274438623963,0.08998274438623963
BOJ,core_cpi_yoy,Core CPI (YoY),Inflation,1,tertiary_industry_index_mom,Tertiary Industry Index (MoM),Growth,2,72,0.08998152094330382,0.08998152094330382
BOJ,imports_yoy,Imports (YoY),Growth,2,leading_economic_index,Leading Economic Index,Growth,2,75,0.08989826391947718,0.08989826391947718
BOJ,exports_yoy,Exports (YoY),Growth,2,unemployment_rate,Unemployment Rate,Labor,2,75,0.08982397456058223,0.08982397456058223
BOE,cbi_business_optimism,CBI Business Optimism Index,Sentiment,3,employment_change,Employment Change,Labor,2,24,0.08977162001969884,0.08977162001969884
BOC,gdp_mom,GDP (MoM),Growth,1,ppi_yoy,PPI (YoY),Inflation,2,70,0.08976957331916535,0.08976957331916535
BOJ,current_account,Current Account,Growth,2,tertiary_industry_index_mom,Tertiary Industry Index (MoM),Growth,2,75,-0.08952835089994995,0.08952835089994995
RBA,ai_group_construction_index,Ai Group Construction Index,Growth,3,consumer_inflation_expectation,Consumer Inflation Expectation,Inflation,2,67,-0.08945525216455306,0.08945525216455306
ECB,core_cpi_yoy,Core HICP (YoY),Inflation,1,cpi_index,Consumer Price Index,Inflation,2,50,-0.08942420530359564,0.08942420530359564
BOC,part_time_employment_change,Part-Time Employment Change,Labor,1,vehicle_sales_mom,Vehicle Sales (MoM),Growth,3,20,-0.08937404629803504,0.08937404629803504
BOJ,capacity_utilization,Capacity Utilization,Growth,2,household_spending_mom,Household Spending (MoM),Growth,2,75,0.0891817862689259,0.0891817862689259
BOE,industrial_production_yoy,Industrial Production (YoY),Growth,2,retail_price_index_yoy,Retail Price Index (YoY),Inflation,3,75,0.08898787047455767,0.08898787047455767
BOJ,industrial_production_mom,Industrial Production (MoM),Growth,2,retail_sales_mom,Retail Sales (MoM),Growth,2,75,0.08894500758793739,0.08894500758793739
BOC,employment_change,Employment Change,Labor,1,new_housing_price_index_yoy,New Housing Price Index (YoY),Housing,2,63,0.08854977045254003,0.08854977045254003
FED,avg_hourly_earnings_mom,Average Hourly Earnings (MoM),Labor,2,consumer_inflation_expectations,Consumer Inflation Expectations,Inflation,2,36,-0.08836556084935494,0.08836556084935494
ECB,cpi_headline_mom,Headline HICP (MoM),Inflation,2,gdp_qoq,GDP (QoQ),Growth,1,21,-0.08832429136934487,0.08832429136934487
BOJ,cpi_index,Consumer Price Index,Inflation,2,manufacturing_pmi,S&P Global Manufacturing PMI,Growth,2,70,-0.08793225190545641,0.08793225190545641
BOC,balance_of_trade,Balance of Trade,Trade,2,retail_sales_ex_autos_mom,Retail Sales Ex Autos (MoM),Growth,2,72,0.08785535845353211,0.08785535845353211
RBA,corelogic_dwelling_prices_mom,CoreLogic Dwelling Prices (MoM),Housing,2,westpac_consumer_confidence_index,Westpac Consumer Confidence Index,Sentiment,2,31,-0.08780831389474335,0.08780831389474335
RBA,private_house_approvals_mom,Private House Approvals (MoM),Housing,2,private_sector_credit_yoy,Private Sector Credit (YoY),Growth,3,52,-0.08773935582926773,0.08773935582926773
BOE,cbi_industrial_trends_orders,CBI Industrial Trends Orders,Sentiment,3,gdp_mom,GDP (MoM),Growth,1,67,0.08771275385523121,0.08771275385523121
FED,core_ppi_yoy,Core PPI (YoY),Inflation,2,sp_global_services_pmi,S&P Global Services PMI,Growth,2,21,0.0876064226766248,0.0876064226766248
BOE,cbi_industrial_trends_orders,CBI Industrial Trends Orders,Sentiment,3,retail_sales_mom,Retail Sales (MoM),Growth,1,72,-0.08760619374959144,0.08760619374959144
BOE,manufacturing_pmi,Manufacturing PMI,Growth,2,unemployment_rate,Unemployment Rate,Labor,1,27,0.08758759096254244,0.08758759096254244
RBA,nab_business_confidence,NAB Business Confidence,Sentiment,2,private_sector_credit_yoy,Private Sector Credit (YoY),Growth,3,71,0.08750151785860781,0.08750151785860781
FED,avg_hourly_earnings_mom,Average Hourly Earnings (MoM),Labor,2,core_cpi_yoy,Core CPI (YoY),Inflation,1,35,-0.08742095716914049,0.08742095716914049
BOE,gdp_yoy,GDP (YoY),Growth,1,manufacturing_pmi,Manufacturing PMI,Growth,2,26,-0.08720290229384771,0.08720290229384771
BOJ,coincident_indicator_mom,Coincident Indicator (MoM),Growth,2,household_spending_mom,Household Spending (MoM),Growth,2,22,-0.08685629775260513,0.08685629775260513
FED,cpi_index,CPI Index,Inflation,2,government_payrolls,Government Payrolls,Labor,2,28,-0.08679018233953249,0.08679018233953249
BOC,balance_of_trade,Balance of Trade,Trade,2,raw_materials_prices_mom,Raw Materials Prices (MoM),Inflation,3,74,0.08677364391717574,0.08677364391717574
RBA,ai_group_construction_index,Ai Group Construction Index,Growth,3,retail_sales_mom,Retail Sales (MoM),Growth,1,60,0.08675972863303383,0.08675972863303383
RBA,imports_mom,Imports (MoM),Trade,2,unemployment_rate,Unemployment Rate,Labor,1,75,-0.08669697409829066,0.08669697409829066
BOE,nationwide_hpi_yoy,Nationwide House Prices (YoY),Housing,3,niesr_monthly_gdp_tracker,NIESR Monthly GDP Tracker,Growth,2,64,0.08669603836925449,0.08669603836925449
FED,ppi_yoy,PPI (YoY),Inflation,2,retail_sales_mom,Retail Sales (MoM),Growth,1,33,0.08644747579788563,0.08644747579788563
ECB,cpi_headline_yoy,Headline HICP (YoY),Inflation,1,services_pmi,Services PMI,Growth,2,18,-0.08644053996484956,0.08644053996484956
BOC,core_cpi_mom,Core CPI (MoM),Inflation,2,manufacturing_sales_mom,Manufacturing Sales (MoM),Growth,2,44,0.08640588034007866,0.08640588034007866
BOE,cbi_business_optimism,CBI Business Optimism Index,Sentiment,3,unemployment_rate,Unemployment Rate,Labor,1,24,0.08637032451246054,0.08637032451246054
RBA,ai_group_industry_index,Ai Group Industry Index,Growth,3,leading_index_mom,Leading Index (MoM),Growth,3,24,-0.0862625273186149,0.0862625273186149
BOE,gdp_yoy,GDP (YoY),Growth,1,retail_sales_mom,Retail Sales (MoM),Growth,1,70,0.08624371098892729,0.08624371098892729
BOJ,industrial_production_mom,Industrial Production (MoM),Growth,2,tankan_large_manufacturers_index,Tankan Large Manufacturers Index,Sentiment,2,25,0.0862269679209878,0.0862269679209878
RBNZ,business_confidence,Business Confidence,Growth,3,imports,Imports,Growth,2,74,0.08599100506112922,0.08599100506112922
BOE,consumer_confidence,Consumer Confidence,Sentiment,3,core_cpi_mom,Core CPI (MoM),Inflation,2,70,-0.08574236941996972,0.08574236941996972
RBA,building_permits,Building Permits,Housing,2,leading_index_mom,Leading Index (MoM),Growth,3,58,-0.08569134042014576,0.08569134042014576
BOE,gdp_mom,GDP (MoM),Growth,1,ppi_input_yoy,PPI Input (YoY),Inflation,3,61,0.0856235946858098,0.0856235946858098
RBA,current_account,Current Account,Trade,2,rba_weighted_median_cpi_qoq,RBA Weighted Median CPI (QoQ),Inflation,1,24,-0.0855167279590148,0.0855167279590148
FED,avg_hourly_earnings_mom,Average Hourly Earnings (MoM),Labor,2,core_ppi_yoy,Core PPI (YoY),Inflation,2,35,-0.08548517545468577,0.08548517545468577
RBA,employment_change,Employment Change,Labor,1,export_price_index_qoq,Export Price Index (QoQ),Inflation,2,24,0.08526074744391281,0.08526074744391281
BOE,employment_change,Employment Change,Labor,2,house_price_index_yoy,House Price Index (YoY),Housing,3,72,0.08524552566673572,0.08524552566673572
BOC,raw_materials_prices_yoy,Raw Materials Prices (YoY),Inflation,3,retail_sales_ex_autos_mom,Retail Sales Ex Autos (MoM),Growth,2,71,0.08523715919068652,0.08523715919068652
BOJ,ppi_yoy,PPI (YoY),Inflation,2,tertiary_industry_index_mom,Tertiary Industry Index (MoM),Growth,2,73,0.0852249617941489,0.0852249617941489
RBA,full_time_employment_change,Full-Time Employment Change,Labor,1,rba_weighted_median_cpi_qoq,RBA Weighted Median CPI (QoQ),Inflation,1,23,0.08488931217638347,0.08488931217638347
RBA,building_permits,Building Permits,Housing,2,private_sector_credit_yoy,Private Sector Credit (YoY),Growth,3,71,-0.08478882869094677,0.08478882869094677
BOE,retail_price_index_yoy,Retail Price Index (YoY),Inflation,3,retail_sales_ex_fuel_mom,Retail Sales Ex Fuel (MoM),Growth,2,75,-0.08468652219440807,0.08468652219440807
BOE,house_price_index_mom,House Price Index (MoM),Housing,3,public_sector_net_borrowing,Public Sector Net Borrowing,Growth,3,63,-0.08445853918929169,0.08445853918929169
BOE,house_price_index_mom,House Price Index (MoM),Housing,3,ppi_core_output_yoy,PPI Core Output (YoY),Inflation,3,60,0.0842714829424694,0.0842714829424694
BOE,gdp_qoq,GDP (QoQ),Growth,1,ppi_core_output_mom,PPI Core Output (MoM),Inflation,3,19,0.08424545427990265,0.08424545427990265
BOC,cpi_headline_yoy,Headline CPI (YoY),Inflation,1,employment_change,Employment Change,Labor,1,76,0.0837498477037949,0.0837498477037949
RBA,ai_group_manufacturing_index,Ai Group Manufacturing Index,Growth,3,retail_sales_mom,Retail Sales (MoM),Growth,1,60,0.08371145225646388,0.08371145225646388
ECB,services_pmi,Services PMI,Growth,2,zew_economic_sentiment,ZEW Economic Sentiment Index,Sentiment,2,19,0.08362576268182706,0.08362576268182706
FED,sp_global_services_pmi,S&P Global Services PMI,Growth,2,umich_inflation_exp_5y,UMich 5Y Inflation Expectations,Inflation,2,30,0.08346859939790396,0.08346859939790396
BOJ,household_spending_yoy,Household Spending (YoY),Growth,2,unemployment_rate,Unemployment Rate,Labor,2,75,-0.0834299652791896,0.0834299652791896
BOC,employment_change,Employment Change,Labor,1,new_housing_price_index_mom,New Housing Price Index (MoM),Housing,2,65,0.08339192974082008,0.08339192974082008
FED,pce_price_index_yoy,PCE Price Index (YoY),Inflation,1,sp_global_services_pmi,S&P Global Services PMI,Growth,2,21,-0.08335876397350749,0.08335876397350749
BOC,balance_of_trade,Balance of Trade,Trade,2,employment_change,Employment Change,Labor,1,75,0.08335075071316753,0.08335075071316753
BOJ,balance_of_trade,Balance of Trade,Growth,2,composite_pmi,S&P Global Composite PMI,Growth,2,73,-0.08330768178234647,0.08330768178234647
RBA,leading_index_mom,Leading Index (MoM),Growth,3,td_mi_inflation_gauge_mom,TD-MI Inflation Gauge (MoM),Inflation,2,60,0.08315455324143957,0.08315455324143957
BOE,cpi_headline_yoy,Headline CPI (YoY),Inflation,1,retail_sales_ex_fuel_mom,Retail Sales Ex Fuel (MoM),Growth,2,75,-0.08295924017566897,0.08295924017566897
BOE,core_cpi_yoy,Core CPI (YoY),Inflation,1,retail_sales_mom,Retail Sales (MoM),Growth,1,73,-0.08284224079816636,0.08284224079816636
BOE,gdp_mom,GDP (MoM),Growth,1,ppi_core_output_mom,PPI Core Output (MoM),Inflation,3,50,0.08282740010829316,0.08282740010829316
BOJ,industrial_production_mom,Industrial Production (MoM),Growth,2,tankan_large_non_manufacturing_index,Tankan Large Non-Manufacturing Index,Sentiment,2,25,-0.08277545512078668,0.08277545512078668
BOJ,consumer_confidence,Consumer Confidence,Sentiment,2,household_spending_mom,Household Spending (MoM),Growth,2,75,0.08249314817040714,0.08249314817040714
BOE,ppi_input_mom,PPI Input (MoM),Inflation,3,unemployment_rate,Unemployment Rate,Labor,1,65,0.08239720431706504,0.08239720431706504
BOE,consumer_confidence,Consumer Confidence,Sentiment,3,retail_sales_ex_fuel_mom,Retail Sales Ex Fuel (MoM),Growth,2,74,0.08228818090161999,0.08228818090161999
BOE,cbi_business_optimism,CBI Business Optimism Index,Sentiment,3,ppi_output_yoy,PPI Output (YoY),Inflation,3,22,-0.08226618323752921,0.08226618323752921
RBA,ai_group_manufacturing_index,Ai Group Manufacturing Index,Growth,3,imports_mom,Imports (MoM),Trade,2,69,0.08211815516824379,0.08211815516824379
BOJ,gdp_qoq,GDP (QoQ),Growth,1,industrial_production_yoy,Industrial Production (YoY),Growth,2,24,0.08210124925243426,0.08210124925243426
BOJ,core_cpi_yoy,Core CPI (YoY),Inflation,1,exports_yoy,Exports (YoY),Growth,2,74,0.08185284531696552,0.08185284531696552
RBA,current_account,Current Account,Trade,2,rba_trimmed_mean_cpi_qoq,RBA Trimmed Mean CPI (QoQ),Inflation,1,25,-0.0816146304030336,0.0816146304030336
BOE,employment_change,Employment Change,Labor,2,house_price_index_mom,House Price Index (MoM),Housing,3,67,0.08149551421520042,0.08149551421520042
SNB,balance_of_trade,Balance of Trade,Growth,2,consumer_confidence,Consumer Confidence,Sentiment,2,43,-0.08129135698821312,0.08129135698821312
RBA,consumer_price_index,Consumer Price Index,Inflation,2,employment_change,Employment Change,Labor,1,18,-0.08042262796509239,0.08042262796509239
BOE,cpi_headline_mom,Headline CPI (MoM),Inflation,2,retail_sales_mom,Retail Sales (MoM),Growth,1,65,0.08036010999772909,0.08036010999772909
BOC,core_cpi_mom,Core CPI (MoM),Inflation,2,raw_materials_prices_mom,Raw Materials Prices (MoM),Inflation,3,44,0.08031622342779539,0.08031622342779539
RBA,ai_group_manufacturing_index,Ai Group Manufacturing Index,Growth,3,producer_price_index_qoq,Producer Price Index (QoQ),Inflation,2,23,-0.08028630100309983,0.08028630100309983
BOE,core_rpi_mom,Core RPI (MoM),Inflation,3,gdp_mom,GDP (MoM),Growth,1,18,-0.08018566251078586,0.08018566251078586
FED,sp_global_manufacturing_pmi,S&P Global Manufacturing PMI,Growth,2,umich_inflation_exp_5y,UMich 5Y Inflation Expectations,Inflation,2,29,0.08016872935364563,0.08016872935364563
BOJ,current_account,Current Account,Growth,2,industrial_production_mom,Industrial Production (MoM),Growth,2,76,0.07976635266070999,0.07976635266070999
BOJ,coincident_index,Coincident Index,Growth,2,ppi_mom,PPI (MoM),Inflation,2,67,-0.07963928056897228,0.07963928056897228
RBA,services_pmi,Services PMI,Growth,2,westpac_consumer_confidence_change,Westpac Consumer Confidence Change,Sentiment,2,58,0.0795482071266817,0.0795482071266817
BOE,cbi_business_optimism,CBI Business Optimism Index,Sentiment,3,ppi_core_output_mom,PPI Core Output (MoM),Inflation,3,19,0.07939124088340586,0.07939124088340586
ECB,construction_output_yoy,Construction Output (YoY),Growth,2,unemployment_rate,Unemployment Rate,Labor,1,75,0.079241601229179,0.079241601229179
BOC,composite_pmi,Composite PMI,Growth,2,unemployment_rate,Unemployment Rate,Labor,1,29,0.07923742187547868,0.07923742187547868
FED,core_cpi_yoy,Core CPI (YoY),Inflation,1,sp_global_services_pmi,S&P Global Services PMI,Growth,2,22,-0.07919731247002695,0.07919731247002695
FED,ny_empire_state_mfg,NY Empire State Manufacturing Index,Growth,2,umich_inflation_exp_5y,UMich 5Y Inflation Expectations,Inflation,2,39,0.07894348656694786,0.07894348656694786
BOE,public_sector_net_borrowing,Public Sector Net Borrowing,Growth,3,retail_price_index_yoy,Retail Price Index (YoY),Inflation,3,71,0.07893885909189707,0.07893885909189707
FED,sp_global_composite_pmi,S&P Global Composite PMI,Growth,2,umich_inflation_exp_5y,UMich 5Y Inflation Expectations,Inflation,2,30,0.07882179131381618,0.07882179131381618
BOE,house_price_index_mom,House Price Index (MoM),Housing,3,ppi_output_yoy,PPI Output (YoY),Inflation,3,61,0.07879329039634579,0.07879329039634579
BOE,core_cpi_mom,Core CPI (MoM),Inflation,2,ppi_output_mom,PPI Output (MoM),Inflation,3,54,0.07857863217215863,0.07857863217215863
FED,manufacturing_payrolls,Manufacturing Payrolls,Labor,2,new_home_sales,New Home Sales,Housing,2,33,0.07854950612953736,0.07854950612953736
RBA,composite_pmi,Composite PMI,Growth,2,westpac_consumer_confidence_change,Westpac Consumer Confidence Change,Sentiment,2,55,0.07844500005806355,0.07844500005806355
BOE,retail_price_index_yoy,Retail Price Index (YoY),Inflation,3,retail_sales_mom,Retail Sales (MoM),Growth,1,73,-0.0781955927044763,0.0781955927044763
BOJ,current_account,Current Account,Growth,2,retail_sales_mom,Retail Sales (MoM),Growth,2,75,-0.07800326338211441,0.07800326338211441
BOJ,coincident_index,Coincident Index,Growth,2,ppi_yoy,PPI (YoY),Inflation,2,74,0.07767198289293001,0.07767198289293001
RBNZ,cpi_headline_qoq,Headline CPI (QoQ),Inflation,1,exports,Exports,Growth,2,25,0.07764569163044355,0.07764569163044355
FED,sp_global_composite_pmi,S&P Global Composite PMI,Growth,2,unemployment_rate,Unemployment Rate,Labor,1,22,0.07747318509669236,0.07747318509669236
BOJ,coincident_indicator_mom,Coincident Indicator (MoM),Growth,2,consumer_confidence,Consumer Confidence,Sentiment,2,22,-0.07731443151458837,0.07731443151458837
BOE,cbi_business_optimism,CBI Business Optimism Index,Sentiment,3,retail_price_index_yoy,Retail Price Index (YoY),Inflation,3,24,-0.07720672729228427,0.07720672729228427
RBA,imports_mom,Imports (MoM),Trade,2,private_sector_credit_yoy,Private Sector Credit (YoY),Growth,3,75,0.07717008911468946,0.07717008911468946
RBA,housing_credit_mom,Housing Credit (MoM),Growth,3,leading_index_mom,Leading Index (MoM),Growth,3,28,0.07715947215928443,0.07715947215928443
RBA,consumer_inflation_expectation,Consumer Inflation Expectation,Inflation,2,services_pmi,Services PMI,Growth,2,57,0.07712394749523895,0.07712394749523895
RBNZ,capacity_utilization,Capacity Utilization,Growth,3,imports,Imports,Growth,2,25,-0.07706945474150262,0.07706945474150262
BOJ,capacity_utilization,Capacity Utilization,Growth,2,exports_yoy,Exports (YoY),Growth,2,74,0.07668235213864877,0.07668235213864877
BOE,gdp_qoq,GDP (QoQ),Growth,1,retail_price_index_mom,Retail Price Index (MoM),Inflation,3,20,0.07662080665036673,0.07662080665036673
FED,participation_rate,Labor Force Participation Rate,Labor,2,ppi_mom,PPI (MoM),Inflation,2,34,-0.07648826301056542,0.07648826301056542
BOC,full_time_employment_change,Full-Time Employment Change,Labor,1,new_housing_price_index_mom,New Housing Price Index (MoM),Housing,2,65,0.07646667074243971,0.07646667074243971
BOC,services_pmi,Services PMI,Growth,2,unemployment_rate,Unemployment Rate,Labor,1,30,0.0762671029264017,0.0762671029264017
BOE,cpi_headline_yoy,Headline CPI (YoY),Inflation,1,retail_sales_mom,Retail Sales (MoM),Growth,1,73,-0.07624697881047322,0.07624697881047322
BOC,composite_pmi,Composite PMI,Growth,2,imports,Imports,Trade,2,28,-0.07619397976853952,0.07619397976853952
ECB,cpi_headline_mom,Headline HICP (MoM),Inflation,2,unemployment_rate,Unemployment Rate,Labor,1,71,-0.07618098707736,0.07618098707736
SNB,economic_sentiment_index,Economic Sentiment Index,Sentiment,2,retail_sales_mom,Retail Sales (MoM),Growth,2,73,0.07617554870364013,0.07617554870364013
BOE,gdp_mom,GDP (MoM),Growth,1,unemployment_rate,Unemployment Rate,Labor,1,69,0.07588100225433615,0.07588100225433615
BOC,part_time_employment_change,Part-Time Employment Change,Labor,1,ppi_yoy,PPI (YoY),Inflation,2,75,0.0758020468789621,0.0758020468789621
RBA,ai_group_industry_index,Ai Group Industry Index,Growth,3,private_house_approvals_mom,Private House Approvals (MoM),Housing,2,35,0.07540736565492324,0.07540736565492324
BOE,core_cpi_mom,Core CPI (MoM),Inflation,2,gdp_mom,GDP (MoM),Growth,1,62,0.07536335727774442,0.07536335727774442
BOC,balance_of_trade,Balance of Trade,Trade,2,gdp_mom,GDP (MoM),Growth,1,71,0.07518212927931937,0.07518212927931937
BOC,exports,Exports,Trade,2,part_time_employment_change,Part-Time Employment Change,Labor,1,75,0.07486180196887249,0.07486180196887249
BOJ,gdp_qoq,GDP (QoQ),Growth,1,reuters_tankan_index,Reuters Tankan Index,Sentiment,2,24,-0.07482609461501773,0.07482609461501773
RBA,consumer_inflation_expectation,Consumer Inflation Expectation,Inflation,2,consumer_price_index,Consumer Price Index,Inflation,2,18,-0.07472764248140268,0.07472764248140268
FED,cpi_index,CPI Index,Inflation,2,sp_global_composite_pmi,S&P Global Composite PMI,Growth,2,22,-0.07452360702502316,0.07452360702502316
BOE,cpi_headline_yoy,Headline CPI (YoY),Inflation,1,industrial_production_yoy,Industrial Production (YoY),Growth,2,75,0.07450438476368304,0.07450438476368304
RBA,balance_of_trade,Balance of Trade,Trade,2,employment_change,Employment Change,Labor,1,75,-0.07449578008264565,0.07449578008264565
BOJ,balance_of_trade,Balance of Trade,Growth,2,household_spending_yoy,Household Spending (YoY),Growth,2,75,-0.07446574653343829,0.07446574653343829
RBNZ,capacity_utilization,Capacity Utilization,Growth,3,cpi_headline_yoy,Headline CPI (YoY),Inflation,1,26,0.07405785189157023,0.07405785189157023
BOE,hmrc_payrolls_change,HMRC Payrolls Change,Labor,2,services_pmi,Services PMI,Growth,1,28,0.07389857944730674,0.07389857944730674
BOE,house_price_index_mom,House Price Index (MoM),Housing,3,retail_price_index_mom,Retail Price Index (MoM),Inflation,3,65,0.07379994413072775,0.07379994413072775
FED,core_cpi_yoy,Core CPI (YoY),Inflation,1,ism_manufacturing_prices,ISM Manufacturing Prices Paid,Growth,2,33,0.07366610300014975,0.07366610300014975
BOJ,capacity_utilization,Capacity Utilization,Growth,2,tankan_large_all_industry_capex,Tankan Large All Industry Capex,Sentiment,2,24,0.07363707135671442,0.07363707135671442
BOE,avg_earnings_incl_bonus,Average Earnings (incl. Bonus),Labor,2,house_price_index_yoy,House Price Index (YoY),Housing,3,72,-0.07346218720234025,0.07346218720234025
FED,avg_hourly_earnings_yoy,Average Hourly Earnings (YoY),Labor,1,sp_global_services_pmi,S&P Global Services PMI,Growth,2,21,0.07334567403611868,0.07334567403611868
ECB,consumer_inflation_expectation,Consumer Inflation Expectation,Inflation,2,gdp_qoq,GDP (QoQ),Growth,1,23,-0.07309734965220113,0.07309734965220113
BOE,core_rpi_mom,Core RPI (MoM),Inflation,3,gdp_yoy,GDP (YoY),Growth,1,21,0.07305660947067316,0.07305660947067316
BOE,niesr_monthly_gdp_tracker,NIESR Monthly GDP Tracker,Growth,2,services_pmi,Services PMI,Growth,1,25,-0.07290686042451731,0.07290686042451731
BOC,gdp_mom,GDP (MoM),Growth,1,new_housing_price_index_yoy,New Housing Price Index (YoY),Housing,2,59,0.07282632559366976,0.07282632559366976
BOJ,industrial_production_mom,Industrial Production (MoM),Growth,2,machinery_orders_mom,Machinery Orders (MoM),Growth,2,75,0.0726742638557724,0.0726742638557724
BOE,cbi_business_optimism,CBI Business Optimism Index,Sentiment,3,core_cpi_mom,Core CPI (MoM),Inflation,2,23,-0.07260446069712416,0.07260446069712416
BOE,core_rpi_yoy,Core RPI (YoY),Inflation,3,retail_sales_ex_fuel_mom,Retail Sales Ex Fuel (MoM),Growth,2,23,-0.07245980023580188,0.07245980023580188
FED,challenger_job_cuts,Challenger Job Cuts,Labor,3,sp_global_services_pmi,S&P Global Services PMI,Growth,2,22,-0.07233303703027107,0.07233303703027107
BOC,ppi_yoy,PPI (YoY),Inflation,2,wholesale_sales_mom,Wholesale Sales (MoM),Growth,2,74,0.07223829603327939,0.07223829603327939
BOC,new_housing_price_index_mom,New Housing Price Index (MoM),Housing,2,part_time_employment_change,Part-Time Employment Change,Labor,1,65,0.07214874438029602,0.07214874438029602
BOC,manufacturing_sales_mom,Manufacturing Sales (MoM),Growth,2,new_housing_price_index_yoy,New Housing Price Index (YoY),Housing,2,62,0.07212914844388216,0.07212914844388216
BOJ,cpi_headline_mom,Headline CPI (MoM),Inflation,2,industrial_production_mom,Industrial Production (MoM),Growth,2,69,-0.07195733428682764,0.07195733428682764
BOC,raw_materials_prices_yoy,Raw Materials Prices (YoY),Inflation,3,retail_sales_mom,Retail Sales (MoM),Growth,1,73,0.07170715723532421,0.07170715723532421
FED,cpi_index,CPI Index,Inflation,2,michigan_inflation_expectations,Michigan Inflation Expectations,Inflation,2,27,-0.0715932371984184,0.0715932371984184
BOJ,cpi_ex_food_energy_yoy,CPI Ex Food and Energy (YoY),Inflation,1,tertiary_industry_index_mom,Tertiary Industry Index (MoM),Growth,2,73,0.07136783921627912,0.07136783921627912
RBA,employment_change,Employment Change,Labor,1,private_sector_credit_mom,Private Sector Credit (MoM),Growth,3,73,0.07132345754386288,0.07132345754386288
BOJ,cpi_index,Consumer Price Index,Inflation,2,industrial_production_mom,Industrial Production (MoM),Growth,2,70,-0.07127570302892036,0.07127570302892036
BOJ,household_spending_mom,Household Spending (MoM),Growth,2,reuters_tankan_index,Reuters Tankan Index,Sentiment,2,74,-0.07103532319801151,0.07103532319801151
RBNZ,capacity_utilization,Capacity Utilization,Growth,3,labour_cost_index_qoq,Labour Cost Index (QoQ),Labor,2,25,-0.07101887047269041,0.07101887047269041
RBA,full_time_employment_change,Full-Time Employment Change,Labor,1,td_mi_inflation_gauge_mom,TD-MI Inflation Gauge (MoM),Inflation,2,74,0.07098128126138811,0.07098128126138811
FED,new_home_sales,New Home Sales,Housing,2,ppi_mom,PPI (MoM),Inflation,2,32,0.07077775829751759,0.07077775829751759
RBA,exports_mom,Exports (MoM),Trade,2,monthly_cpi_indicator,Monthly CPI Indicator,Inflation,1,38,-0.0707048673789527,0.0707048673789527
BOE,ppi_output_yoy,PPI Output (YoY),Inflation,3,public_sector_net_borrowing,Public Sector Net Borrowing,Growth,3,65,0.07067749972213944,0.07067749972213944
BOJ,machinery_orders_mom,Machinery Orders (MoM),Growth,2,tankan_large_manufacturers_index,Tankan Large Manufacturers Index,Sentiment,2,25,-0.07064815592716092,0.07064815592716092
BOJ,cpi_index,Consumer Price Index,Inflation,2,household_spending_yoy,Household Spending (YoY),Growth,2,70,-0.07049604910898277,0.07049604910898277
BOE,cpi_headline_mom,Headline CPI (MoM),Inflation,2,retail_sales_ex_fuel_mom,Retail Sales Ex Fuel (MoM),Growth,2,67,0.07048092932148302,0.07048092932148302
BOC,exports,Exports,Trade,2,gdp_mom,GDP (MoM),Growth,1,71,0.07042216739060136,0.07042216739060136
ECB,construction_output_yoy,Construction Output (YoY),Growth,2,consumer_inflation_expectation,Consumer Inflation Expectation,Inflation,2,74,0.07022348181313806,0.07022348181313806
RBA,full_time_employment_change,Full-Time Employment Change,Labor,1,westpac_consumer_confidence_change,Westpac Consumer Confidence Change,Sentiment,2,74,-0.07011721912310677,0.07011721912310677
BOJ,ppi_mom,PPI (MoM),Inflation,2,tankan_large_non_manufacturing_index,Tankan Large Non-Manufacturing Index,Sentiment,2,23,0.07010058044960445,0.07010058044960445
BOC,cpi_headline_mom,Headline CPI (MoM),Inflation,2,vehicle_sales_mom,Vehicle Sales (MoM),Growth,3,18,-0.06993227640619457,0.06993227640619457
BOC,full_time_employment_change,Full-Time Employment Change,Labor,1,vehicle_sales_mom,Vehicle Sales (MoM),Growth,3,20,0.06981029600975254,0.06981029600975254
BOE,core_cpi_yoy,Core CPI (YoY),Inflation,1,core_rpi_mom,Core RPI (MoM),Inflation,3,22,0.06973740436840468,0.06973740436840468
BOE,ppi_core_output_yoy,PPI Core Output (YoY),Inflation,3,retail_sales_ex_fuel_mom,Retail Sales Ex Fuel (MoM),Growth,2,66,-0.06972707175746758,0.06972707175746758
RBA,part_time_employment_change,Part-Time Employment Change,Labor,1,westpac_consumer_confidence_index,Westpac Consumer Confidence Index,Sentiment,2,75,0.06951810370350077,0.06951810370350077
BOJ,cpi_headline_mom,Headline CPI (MoM),Inflation,2,industrial_production_yoy,Industrial Production (YoY),Growth,2,68,0.06943797624457437,0.06943797624457437
RBA,ai_group_construction_index,Ai Group Construction Index,Growth,3,composite_pmi,Composite PMI,Growth,2,52,-0.06930536051482646,0.06930536051482646
BOJ,cpi_headline_mom,Headline CPI (MoM),Inflation,2,machine_tool_orders_yoy,Machine Tool Orders (YoY),Growth,3,69,-0.06917089323785983,0.06917089323785983
RBA,ai_group_manufacturing_index,Ai Group Manufacturing Index,Growth,3,full_time_employment_change,Full-Time Employment Change,Labor,1,70,0.06907654886551623,0.06907654886551623
FED,core_cpi_yoy,Core CPI (YoY),Inflation,1,umich_inflation_exp_5y,UMich 5Y Inflation Expectations,Inflation,2,33,0.0690528618008016,0.0690528618008016
BOE,core_cpi_mom,Core CPI (MoM),Inflation,2,core_rpi_yoy,Core RPI (YoY),Inflation,3,22,-0.06889847900856397,0.06889847900856397
FED,consumer_inflation_expectations,Consumer Inflation Expectations,Inflation,2,retail_sales_mom,Retail Sales (MoM),Growth,1,33,0.06881207253850521,0.06881207253850521
BOE,ppi_output_mom,PPI Output (MoM),Inflation,3,retail_sales_ex_fuel_yoy,Retail Sales Ex Fuel (YoY),Growth,2,57,0.06816235208886952,0.06816235208886952
BOE,claimant_count_change,Claimant Count Change,Labor,2,hmrc_payrolls_change,HMRC Payrolls Change,Labor,2,41,-0.06805508925149552,0.06805508925149552
BOJ,cpi_headline_yoy,Headline CPI (YoY),Inflation,1,gdp_qoq,GDP (QoQ),Growth,1,24,0.06798270061716022,0.06798270061716022
BOE,cpi_headline_mom,Headline CPI (MoM),Inflation,2,retail_sales_ex_fuel_yoy,Retail Sales Ex Fuel (YoY),Growth,2,67,-0.06791823665747074,0.06791823665747074
BOJ,consumer_confidence,Consumer Confidence,Sentiment,2,ppi_yoy,PPI (YoY),Inflation,2,75,0.06789996921217029,0.06789996921217029
BOE,gdp_yoy,GDP (YoY),Growth,1,retail_sales_ex_fuel_mom,Retail Sales Ex Fuel (MoM),Growth,2,72,0.06786373265993607,0.06786373265993607
BOJ,cpi_index,Consumer Price Index,Inflation,2,tertiary_industry_index_mom,Tertiary Industry Index (MoM),Growth,2,69,0.06784468353238803,0.06784468353238803
BOC,balance_of_trade,Balance of Trade,Trade,2,manufacturing_sales_mom,Manufacturing Sales (MoM),Growth,2,74,0.06759504361510764,0.06759504361510764
BOE,hmrc_payrolls_change,HMRC Payrolls Change,Labor,2,ppi_input_mom,PPI Input (MoM),Inflation,3,31,-0.06755149370824858,0.06755149370824858
RBA,current_account,Current Account,Trade,2,westpac_consumer_confidence_change,Westpac Consumer Confidence Change,Sentiment,2,24,0.06749322939194685,0.06749322939194685
BOE,manufacturing_pmi,Manufacturing PMI,Growth,2,niesr_monthly_gdp_tracker,NIESR Monthly GDP Tracker,Growth,2,25,-0.06747139868329442,0.06747139868329442
FED,core_cpi_yoy,Core CPI (YoY),Inflation,1,philly_fed_mfg,Philadelphia Fed Manufacturing Index,Growth,2,27,-0.06741693712021977,0.06741693712021977
FED,new_home_sales,New Home Sales,Housing,2,private_nonfarm_payrolls,Private Nonfarm Payrolls,Labor,2,33,0.06696274031533976,0.06696274031533976
FED,core_cpi_yoy,Core CPI (YoY),Inflation,1,import_prices_mom,Import Prices (MoM),Inflation,3,33,0.06681154885249578,0.06681154885249578
FED,participation_rate,Labor Force Participation Rate,Labor,2,pce_price_index_mom,PCE Price Index (MoM),Inflation,1,30,0.0667313473592334,0.0667313473592334
BOJ,manufacturing_pmi,S&P Global Manufacturing PMI,Growth,2,retail_sales_mom,Retail Sales (MoM),Growth,2,75,-0.0665989511230136,0.0665989511230136
RBA,nab_business_confidence,NAB Business Confidence,Sentiment,2,private_house_approvals_mom,Private House Approvals (MoM),Housing,2,48,0.06624830374177146,0.06624830374177146
BOJ,consumer_confidence,Consumer Confidence,Sentiment,2,imports_yoy,Imports (YoY),Growth,2,76,0.06601655517052926,0.06601655517052926
BOJ,coincident_index,Coincident Index,Growth,2,industrial_production_mom,Industrial Production (MoM),Growth,2,76,0.06599938988821277,0.06599938988821277
RBA,ai_group_industry_index,Ai Group Industry Index,Growth,3,manufacturing_pmi,Manufacturing PMI,Growth,2,35,0.06594157085688915,0.06594157085688915
RBNZ,credit_card_spending_yoy,Credit Card Spending (YoY),Growth,3,exports,Exports,Growth,2,63,0.0658193495194888,0.0658193495194888
FED,ism_manufacturing_prices,ISM Manufacturing Prices Paid,Growth,2,new_home_sales,New Home Sales,Housing,2,31,-0.06575333739726068,0.06575333739726068
BOC,balance_of_trade,Balance of Trade,Trade,2,wholesale_sales_mom,Wholesale Sales (MoM),Growth,2,75,0.06565528443154066,0.06565528443154066
BOJ,cpi_ex_food_energy_yoy,CPI Ex Food and Energy (YoY),Inflation,1,household_spending_yoy,Household Spending (YoY),Growth,2,74,-0.06562823936118338,0.06562823936118338
BOJ,machinery_orders_mom,Machinery Orders (MoM),Growth,2,tankan_small_manufacturers_index,Tankan Small Manufacturers Index,Sentiment,2,24,-0.06546571550899935,0.06546571550899935
RBA,full_time_employment_change,Full-Time Employment Change,Labor,1,rba_trimmed_mean_cpi_qoq,RBA Trimmed Mean CPI (QoQ),Inflation,1,24,0.0651700531379771,0.0651700531379771
BOE,public_sector_net_borrowing,Public Sector Net Borrowing,Growth,3,retail_sales_ex_fuel_yoy,Retail Sales Ex Fuel (YoY),Growth,2,70,0.06516741292220588,0.06516741292220588
BOC,ppi_yoy,PPI (YoY),Inflation,2,retail_sales_ex_autos_mom,Retail Sales Ex Autos (MoM),Growth,2,71,0.06491272012741268,0.06491272012741268
BOE,ppi_input_yoy,PPI Input (YoY),Inflation,3,retail_sales_yoy,Retail Sales (YoY),Growth,1,65,0.06465221866445486,0.06465221866445486
RBA,monthly_cpi_indicator,Monthly CPI Indicator,Inflation,1,westpac_consumer_confidence_change,Westpac Consumer Confidence Change,Sentiment,2,37,-0.06456777691299823,0.06456777691299823
FED,ism_manufacturing_new_orders,ISM Manufacturing New Orders,Growth,2,michigan_inflation_expectations,Michigan Inflation Expectations,Inflation,2,33,0.06455341113612527,0.06455341113612527
FED,import_prices_mom,Import Prices (MoM),Inflation,3,participation_rate,Labor Force Participation Rate,Labor,2,32,-0.06448423735467224,0.06448423735467224
BOJ,leading_index_mom,Leading Index (MoM),Growth,2,machine_tool_orders_yoy,Machine Tool Orders (YoY),Growth,3,22,0.06445888158174409,0.06445888158174409
BOJ,machinery_orders_yoy,Machinery Orders (YoY),Growth,2,unemployment_rate,Unemployment Rate,Labor,2,75,-0.06445667772319782,0.06445667772319782
FED,core_cpi_mom,Core CPI (MoM),Inflation,1,nfib_business_optimism,NFIB Business Optimism Index,Sentiment,3,33,0.06439902619250859,0.06439902619250859
BOE,retail_price_index_mom,Retail Price Index (MoM),Inflation,3,retail_sales_ex_fuel_yoy,Retail Sales Ex Fuel (YoY),Growth,2,71,-0.06430174349542687,0.06430174349542687
BOJ,core_cpi_yoy,Core CPI (YoY),Inflation,1,imports_yoy,Imports (YoY),Growth,2,74,0.06414858599659687,0.06414858599659687
RBA,housing_credit_mom,Housing Credit (MoM),Growth,3,part_time_employment_change,Part-Time Employment Change,Labor,1,41,0.06414483262146145,0.06414483262146145
BOJ,cpi_index,Consumer Price Index,Inflation,2,retail_sales_mom,Retail Sales (MoM),Growth,2,70,0.06408047998952433,0.06408047998952433
FED,pce_price_index_yoy,PCE Price Index (YoY),Inflation,1,umich_inflation_exp_5y,UMich 5Y Inflation Expectations,Inflation,2,32,0.06400885383936859,0.06400885383936859
RBA,corelogic_dwelling_prices_mom,CoreLogic Dwelling Prices (MoM),Housing,2,part_time_employment_change,Part-Time Employment Change,Labor,1,31,0.063917018478634,0.063917018478634
BOJ,cpi_index,Consumer Price Index,Inflation,2,household_spending_mom,Household Spending (MoM),Growth,2,70,0.06387004216558288,0.06387004216558288
FED,manufacturing_payrolls,Manufacturing Payrolls,Labor,2,sp_global_composite_pmi,S&P Global Composite PMI,Growth,2,22,0.06379041079949674,0.06379041079949674
BOC,imports,Imports,Trade,2,part_time_employment_change,Part-Time Employment Change,Labor,1,75,0.06338075127818636,0.06338075127818636
BOC,imports,Imports,Trade,2,ivey_pmi_sa,Ivey PMI s.a.,Growth,2,72,0.06329713964512688,0.06329713964512688
BOE,ppi_core_output_yoy,PPI Core Output (YoY),Inflation,3,retail_sales_mom,Retail Sales (MoM),Growth,1,64,-0.06329116284331905,0.06329116284331905
BOJ,current_account,Current Account,Growth,2,industrial_production_yoy,Industrial Production (YoY),Growth,2,76,0.06304576298703979,0.06304576298703979
FED,cpi_headline_yoy,Headline CPI (YoY),Inflation,1,sp_global_services_pmi,S&P Global Services PMI,Growth,2,22,-0.06281362252947897,0.06281362252947897
RBA,consumer_price_index,Consumer Price Index,Inflation,2,private_house_approvals_mom,Private House Approvals (MoM),Housing,2,18,-0.0626070124177422,0.0626070124177422
RBA,housing_credit_mom,Housing Credit (MoM),Growth,3,westpac_consumer_confidence_change,Westpac Consumer Confidence Change,Sentiment,2,40,-0.062485209340211796,0.062485209340211796
SNB,producer_import_prices_yoy,Producer & Import Prices (YoY),Inflation,2,retail_sales_yoy,Retail Sales (YoY),Growth,2,74,0.062471549142592966,0.062471549142592966
BOJ,cpi_index,Consumer Price Index,Inflation,2,machinery_orders_yoy,Machinery Orders (YoY),Growth,2,70,-0.062242175876420384,0.062242175876420384
BOJ,industrial_production_mom,Industrial Production (MoM),Growth,2,machine_tool_orders_yoy,Machine Tool Orders (YoY),Growth,3,76,0.06220356392066785,0.06220356392066785
BOC,new_housing_price_index_yoy,New Housing Price Index (YoY),Housing,2,part_time_employment_change,Part-Time Employment Change,Labor,1,63,0.06216053257867178,0.06216053257867178
BOE,composite_pmi,Composite PMI,Growth,2,niesr_monthly_gdp_tracker,NIESR Monthly GDP Tracker,Growth,2,25,-0.06208082471777985,0.06208082471777985
BOJ,reuters_tankan_index,Reuters Tankan Index,Sentiment,2,tertiary_industry_index_mom,Tertiary Industry Index (MoM),Growth,2,73,-0.06203047962506987,0.06203047962506987
BOC,cfib_business_barometer,CFIB Business Barometer,Sentiment,2,retail_sales_mom,Retail Sales (MoM),Growth,1,51,0.06202701881272121,0.06202701881272121
SNB,cpi_headline_mom,Headline CPI (MoM),Inflation,2,economic_sentiment_index,Economic Sentiment Index,Sentiment,2,56,-0.061837313531767434,0.061837313531767434
BOC,budget_balance,Budget Balance,Growth,3,retail_sales_mom,Retail Sales (MoM),Growth,1,72,-0.06152114099680653,0.06152114099680653
SNB,producer_import_prices_mom,Producer & Import Prices (MoM),Inflation,2,retail_sales_mom,Retail Sales (MoM),Growth,2,67,0.061138171560524056,0.061138171560524056
RBA,manufacturing_pmi,Manufacturing PMI,Growth,2,private_house_approvals_mom,Private House Approvals (MoM),Housing,2,47,-0.061110070935045786,0.061110070935045786
RBA,import_price_index_qoq,Import Price Index (QoQ),Inflation,2,rba_trimmed_mean_cpi_yoy,RBA Trimmed Mean CPI (YoY),Inflation,1,25,0.06108863340144156,0.06108863340144156
BOE,cbi_industrial_trends_orders,CBI Industrial Trends Orders,Sentiment,3,public_sector_net_borrowing,Public Sector Net Borrowing,Growth,3,70,0.06106862171179065,0.06106862171179065
FED,avg_hourly_earnings_yoy,Average Hourly Earnings (YoY),Labor,1,pce_price_index_yoy,PCE Price Index (YoY),Inflation,1,33,0.060948300117909304,0.060948300117909304
BOJ,consumer_confidence,Consumer Confidence,Sentiment,2,core_cpi_yoy,Core CPI (YoY),Inflation,1,74,0.06093056951484897,0.06093056951484897
BOE,nationwide_hpi_yoy,Nationwide House Prices (YoY),Housing,3,unemployment_rate,Unemployment Rate,Labor,1,74,-0.060881165219782006,0.060881165219782006
BOJ,machinery_orders_mom,Machinery Orders (MoM),Growth,2,tertiary_industry_index_mom,Tertiary Industry Index (MoM),Growth,2,74,0.060815205009390055,0.060815205009390055
SNB,producer_import_prices_yoy,Producer & Import Prices (YoY),Inflation,2,retail_sales_mom,Retail Sales (MoM),Growth,2,75,-0.06066496402844453,0.06066496402844453
BOC,core_cpi_yoy,Core CPI (YoY),Inflation,1,vehicle_sales_mom,Vehicle Sales (MoM),Growth,3,20,-0.06057096210184393,0.06057096210184393
RBNZ,employment_change_qoq,Employment Change (QoQ),Labor,1,imports,Imports,Growth,2,22,0.06049623507253524,0.06049623507253524
BOE,ppi_output_yoy,PPI Output (YoY),Inflation,3,retail_sales_ex_fuel_mom,Retail Sales Ex Fuel (MoM),Growth,2,67,-0.06044253695538165,0.06044253695538165
BOE,avg_earnings_incl_bonus,Average Earnings (incl. Bonus),Labor,2,nationwide_hpi_yoy,Nationwide House Prices (YoY),Housing,3,73,0.06019144213797578,0.06019144213797578
FED,core_cpi_yoy,Core CPI (YoY),Inflation,1,new_home_sales,New Home Sales,Housing,2,34,-0.05993192456469546,0.05993192456469546
BOJ,cpi_headline_yoy,Headline CPI (YoY),Inflation,1,manufacturing_pmi,S&P Global Manufacturing PMI,Growth,2,75,-0.05978174329552118,0.05978174329552118
BOE,employment_change,Employment Change,Labor,2,gdp_mom,GDP (MoM),Growth,1,68,0.059705436335826166,0.059705436335826166
BOJ,balance_of_trade,Balance of Trade,Growth,2,ppi_mom,PPI (MoM),Inflation,2,68,-0.05966650028728764,0.05966650028728764
SNB,retail_sales_mom,Retail Sales (MoM),Growth,2,unemployment_rate,Unemployment Rate,Labor,2,75,0.059572878201332516,0.059572878201332516
BOE,cbi_business_optimism,CBI Business Optimism Index,Sentiment,3,nationwide_hpi_yoy,Nationwide House Prices (YoY),Housing,3,24,-0.05951769359845393,0.05951769359845393
BOE,avg_earnings_incl_bonus,Average Earnings (incl. Bonus),Labor,2,ppi_input_mom,PPI Input (MoM),Inflation,3,64,0.0591122500543366,0.0591122500543366
FED,core_ppi_yoy,Core PPI (YoY),Inflation,2,participation_rate,Labor Force Participation Rate,Labor,2,35,0.05875728550923305,0.05875728550923305
FED,government_payrolls,Government Payrolls,Labor,2,sp_global_composite_pmi,S&P Global Composite PMI,Growth,2,22,-0.058580623818972395,0.058580623818972395
BOJ,balance_of_trade,Balance of Trade,Growth,2,machinery_orders_yoy,Machinery Orders (YoY),Growth,2,75,-0.05845193480459287,0.05845193480459287
BOJ,composite_pmi,S&P Global Composite PMI,Growth,2,leading_index_mom,Leading Index (MoM),Growth,2,19,-0.05844670292351849,0.05844670292351849
FED,core_ppi_yoy,Core PPI (YoY),Inflation,2,new_home_sales,New Home Sales,Housing,2,33,0.05843691725821317,0.05843691725821317
BOE,ppi_core_output_mom,PPI Core Output (MoM),Inflation,3,retail_sales_mom,Retail Sales (MoM),Growth,1,52,0.05837310091499235,0.05837310091499235
BOC,cpi_headline_mom,Headline CPI (MoM),Inflation,2,imports,Imports,Trade,2,71,0.05823979948054617,0.05823979948054617
BOE,avg_earnings_excl_bonus,Average Earnings (excl. Bonus),Labor,1,consumer_confidence,Consumer Confidence,Sentiment,3,72,0.05770840500327775,0.05770840500327775
BOJ,consumer_confidence,Consumer Confidence,Sentiment,2,cpi_index,Consumer Price Index,Inflation,2,70,0.05770008526096232,0.05770008526096232
FED,export_prices_mom,Export Prices (MoM),Inflation,3,participation_rate,Labor Force Participation Rate,Labor,2,33,-0.057591952917691785,0.057591952917691785
FED,ppi_yoy,PPI (YoY),Inflation,2,umich_inflation_exp_5y,UMich 5Y Inflation Expectations,Inflation,2,32,0.05732510855744888,0.05732510855744888
BOJ,manufacturing_pmi,S&P Global Manufacturing PMI,Growth,2,unemployment_rate,Unemployment Rate,Labor,2,75,0.057316037867442444,0.057316037867442444
RBA,housing_credit_mom,Housing Credit (MoM),Growth,3,td_mi_inflation_gauge_mom,TD-MI Inflation Gauge (MoM),Inflation,2,40,-0.057229413825858645,0.057229413825858645
RBA,ai_group_services_index,Ai Group Services Index,Growth,3,balance_of_trade,Balance of Trade,Trade,2,34,0.05674974777932322,0.05674974777932322
FED,new_home_sales,New Home Sales,Housing,2,nfp,Non-Farm Payrolls,Labor,1,33,0.056629606231754975,0.056629606231754975
RBA,private_sector_credit_mom,Private Sector Credit (MoM),Growth,3,westpac_consumer_confidence_index,Westpac Consumer Confidence Index,Sentiment,2,72,0.05644539987590754,0.05644539987590754
RBA,ai_group_construction_index,Ai Group Construction Index,Growth,3,leading_index_mom,Leading Index (MoM),Growth,3,56,0.056373150568634296,0.056373150568634296
FED,export_prices_mom,Export Prices (MoM),Inflation,3,umich_inflation_exp_5y,UMich 5Y Inflation Expectations,Inflation,2,32,0.05633993402796678,0.05633993402796678
BOE,core_rpi_mom,Core RPI (MoM),Inflation,3,house_price_index_yoy,House Price Index (YoY),Housing,3,19,-0.05606428327184245,0.05606428327184245
FED,ppi_mom,PPI (MoM),Inflation,2,umich_inflation_exp_5y,UMich 5Y Inflation Expectations,Inflation,2,31,-0.0560504928173255,0.0560504928173255
BOC,core_cpi_yoy,Core CPI (YoY),Inflation,1,full_time_employment_change,Full-Time Employment Change,Labor,1,76,0.055507957490800015,0.055507957490800015
FED,ppi_yoy,PPI (YoY),Inflation,2,sp_global_services_pmi,S&P Global Services PMI,Growth,2,21,0.05538650226463633,0.05538650226463633
RBA,ai_group_manufacturing_index,Ai Group Manufacturing Index,Growth,3,part_time_employment_change,Part-Time Employment Change,Labor,1,70,-0.05510226938567129,0.05510226938567129
BOC,budget_balance,Budget Balance,Growth,3,cpi_headline_mom,Headline CPI (MoM),Inflation,2,69,0.0549521284777585,0.0549521284777585
FED,new_home_sales,New Home Sales,Housing,2,ppi_yoy,PPI (YoY),Inflation,2,33,0.054886553190489275,0.054886553190489275
RBA,export_price_index_qoq,Export Price Index (QoQ),Inflation,2,services_pmi,Services PMI,Growth,2,18,0.054797472114022965,0.054797472114022965
BOE,hmrc_payrolls_change,HMRC Payrolls Change,Labor,2,house_price_index_mom,House Price Index (MoM),Housing,3,34,0.054597090195232234,0.054597090195232234
BOJ,household_spending_mom,Household Spending (MoM),Growth,2,imports_yoy,Imports (YoY),Growth,2,75,-0.054535667244530094,0.054535667244530094
BOJ,machinery_orders_mom,Machinery Orders (MoM),Growth,2,retail_sales_mom,Retail Sales (MoM),Growth,2,74,-0.054468879926118985,0.054468879926118985
RBA,consumer_price_index,Consumer Price Index,Inflation,2,cpi_headline_yoy,Headline CPI (YoY),Inflation,1,18,0.05445616607376515,0.05445616607376515
BOE,retail_price_index_mom,Retail Price Index (MoM),Inflation,3,retail_sales_ex_fuel_mom,Retail Sales Ex Fuel (MoM),Growth,2,71,0.05436102184251819,0.05436102184251819
RBA,ai_group_construction_index,Ai Group Construction Index,Growth,3,cpi_headline_yoy,Headline CPI (YoY),Inflation,1,26,0.05434012917869199,0.05434012917869199
BOJ,capacity_utilization,Capacity Utilization,Growth,2,reuters_tankan_index,Reuters Tankan Index,Sentiment,2,73,-0.054140957797724536,0.054140957797724536
RBA,ai_group_construction_index,Ai Group Construction Index,Growth,3,private_house_approvals_mom,Private House Approvals (MoM),Housing,2,47,-0.0541220376821331,0.0541220376821331
BOE,consumer_confidence,Consumer Confidence,Sentiment,3,ppi_input_mom,PPI Input (MoM),Inflation,3,65,0.054041536713193915,0.054041536713193915
FED,participation_rate,Labor Force Participation Rate,Labor,2,retail_sales_yoy,Retail Sales (YoY),Growth,2,35,-0.053994163195995044,0.053994163195995044
BOE,cbi_industrial_trends_orders,CBI Industrial Trends Orders,Sentiment,3,retail_sales_ex_fuel_yoy,Retail Sales Ex Fuel (YoY),Growth,2,74,0.05399160907396445,0.05399160907396445
BOE,ppi_output_yoy,PPI Output (YoY),Inflation,3,retail_sales_mom,Retail Sales (MoM),Growth,1,65,-0.05390304725204565,0.05390304725204565
BOE,core_rpi_yoy,Core RPI (YoY),Inflation,3,retail_sales_mom,Retail Sales (MoM),Growth,1,21,-0.053873908206321,0.053873908206321
RBNZ,employment_change_qoq,Employment Change (QoQ),Labor,1,labour_cost_index_yoy,Labour Cost Index (YoY),Labor,2,22,0.05372406290674777,0.05372406290674777
BOE,ppi_core_output_mom,PPI Core Output (MoM),Inflation,3,retail_sales_ex_fuel_mom,Retail Sales Ex Fuel (MoM),Growth,2,54,0.05368646450553581,0.05368646450553581
SNB,gdp_qoq,GDP (QoQ),Growth,1,unemployment_rate,Unemployment Rate,Labor,2,22,-0.05366916809346825,0.05366916809346825
BOJ,consumer_confidence,Consumer Confidence,Sentiment,2,cpi_headline_yoy,Headline CPI (YoY),Inflation,1,75,0.05363526650719672,0.05363526650719672
BOC,imports,Imports,Trade,2,ppi_mom,PPI (MoM),Inflation,2,72,-0.05332331389751297,0.05332331389751297
RBA,nab_business_confidence,NAB Business Confidence,Sentiment,2,td_mi_inflation_gauge_mom,TD-MI Inflation Gauge (MoM),Inflation,2,70,0.05302156590622643,0.05302156590622643
RBA,ai_group_construction_index,Ai Group Construction Index,Growth,3,exports_mom,Exports (MoM),Trade,2,68,0.053007122143770194,0.053007122143770194
RBA,export_price_index_qoq,Export Price Index (QoQ),Inflation,2,part_time_employment_change,Part-Time Employment Change,Labor,1,24,-0.05271733390843317,0.05271733390843317
BOC,new_housing_price_index_mom,New Housing Price Index (MoM),Housing,2,wholesale_sales_mom,Wholesale Sales (MoM),Growth,2,64,0.05256745461869861,0.05256745461869861
RBA,cpi_headline_yoy,Headline CPI (YoY),Inflation,1,exports_mom,Exports (MoM),Trade,2,28,-0.05242857327609523,0.05242857327609523
FED,core_pce_price_index_yoy,Core PCE Price Index (YoY),Inflation,1,philly_fed_mfg,Philadelphia Fed Manufacturing Index,Growth,2,26,0.05240464995460882,0.05240464995460882
FED,avg_hourly_earnings_mom,Average Hourly Earnings (MoM),Labor,2,sp_global_composite_pmi,S&P Global Composite PMI,Growth,2,22,-0.052309950981900215,0.052309950981900215
BOJ,coincident_indicator_mom,Coincident Indicator (MoM),Growth,2,reuters_tankan_index,Reuters Tankan Index,Sentiment,2,22,0.052181035090724,0.052181035090724
BOC,gdp_mom,GDP (MoM),Growth,1,new_housing_price_index_mom,New Housing Price Index (MoM),Housing,2,61,0.05214621502501375,0.05214621502501375
FED,core_cpi_mom,Core CPI (MoM),Inflation,1,umich_consumer_sentiment,UMich Consumer Sentiment,Sentiment,2,31,0.05212194553892862,0.05212194553892862
RBA,ai_group_industry_index,Ai Group Industry Index,Growth,3,westpac_consumer_confidence_change,Westpac Consumer Confidence Change,Sentiment,2,35,0.05179967811798305,0.05179967811798305
FED,import_prices_yoy,Import Prices (YoY),Inflation,3,umich_consumer_sentiment,UMich Consumer Sentiment,Sentiment,2,32,0.05173432108045077,0.05173432108045077
FED,avg_hourly_earnings_yoy,Average Hourly Earnings (YoY),Labor,1,cpi_index,CPI Index,Inflation,2,27,0.05173396288282432,0.05173396288282432
FED,core_ppi_yoy,Core PPI (YoY),Inflation,2,retail_sales_mom,Retail Sales (MoM),Growth,1,33,0.051660203745096674,0.051660203745096674
BOC,new_housing_price_index_yoy,New Housing Price Index (YoY),Housing,2,wholesale_sales_mom,Wholesale Sales (MoM),Growth,2,63,0.051355067112214624,0.051355067112214624
RBA,export_price_index_qoq,Export Price Index (QoQ),Inflation,2,rba_trimmed_mean_cpi_qoq,RBA Trimmed Mean CPI (QoQ),Inflation,1,25,0.05127470160292761,0.05127470160292761
BOE,employment_change,Employment Change,Labor,2,retail_sales_ex_fuel_yoy,Retail Sales Ex Fuel (YoY),Growth,2,74,0.05110861007041496,0.05110861007041496
FED,pce_price_index_yoy,PCE Price Index (YoY),Inflation,1,retail_sales_mom,Retail Sales (MoM),Growth,1,36,0.05107754782361031,0.05107754782361031
FED,nfp,Non-Farm Payrolls,Labor,1,umich_consumer_sentiment,UMich Consumer Sentiment,Sentiment,2,33,-0.051023310092877645,0.051023310092877645
RBA,exports_mom,Exports (MoM),Trade,2,imports_mom,Imports (MoM),Trade,2,75,0.0508422791913129,0.0508422791913129
BOJ,balance_of_trade,Balance of Trade,Growth,2,retail_sales_mom,Retail Sales (MoM),Growth,2,75,-0.05079013830935303,0.05079013830935303
FED,import_prices_yoy,Import Prices (YoY),Inflation,3,new_home_sales,New Home Sales,Housing,2,35,-0.05065307914520919,0.05065307914520919
RBA,building_permits,Building Permits,Housing,2,nab_business_confidence,NAB Business Confidence,Sentiment,2,67,0.05058611489630876,0.05058611489630876
RBA,ai_group_manufacturing_index,Ai Group Manufacturing Index,Growth,3,building_permits,Building Permits,Housing,2,66,0.05047585486689625,0.05047585486689625
BOE,niesr_monthly_gdp_tracker,NIESR Monthly GDP Tracker,Growth,2,ppi_output_yoy,PPI Output (YoY),Inflation,3,56,0.05024659659409131,0.05024659659409131
BOC,gdp_mom,GDP (MoM),Growth,1,imports,Imports,Trade,2,71,0.05017439726352615,0.05017439726352615
BOE,niesr_monthly_gdp_tracker,NIESR Monthly GDP Tracker,Growth,2,ppi_core_output_yoy,PPI Core Output (YoY),Inflation,3,55,0.050076101904519776,0.050076101904519776
BOE,retail_price_index_mom,Retail Price Index (MoM),Inflation,3,retail_sales_mom,Retail Sales (MoM),Growth,1,69,0.05002209263986971,0.05002209263986971
FED,ism_manufacturing_pmi,ISM Manufacturing PMI,Growth,1,new_home_sales,New Home Sales,Housing,2,31,0.04974129861024995,0.04974129861024995
BOE,avg_earnings_excl_bonus,Average Earnings (excl. Bonus),Labor,1,ppi_output_mom,PPI Output (MoM),Inflation,3,56,-0.049643753809065876,0.049643753809065876
BOC,new_motor_vehicle_sales,New Motor Vehicle Sales,Growth,3,raw_materials_prices_yoy,Raw Materials Prices (YoY),Inflation,3,75,0.04963254197332603,0.04963254197332603
BOJ,current_account,Current Account,Growth,2,machine_tool_orders_yoy,Machine Tool Orders (YoY),Growth,3,75,-0.049591521899395224,0.049591521899395224
BOC,cpi_headline_yoy,Headline CPI (YoY),Inflation,1,ppi_mom,PPI (MoM),Inflation,2,72,0.049566328119351494,0.049566328119351494
FED,core_cpi_yoy,Core CPI (YoY),Inflation,1,sp_global_composite_pmi,S&P Global Composite PMI,Growth,2,22,-0.0495562850908016,0.0495562850908016
FED,core_pce_price_index_yoy,Core PCE Price Index (YoY),Inflation,1,ism_manufacturing_new_orders,ISM Manufacturing New Orders,Growth,2,31,0.0493757304441975,0.0493757304441975
BOJ,coincident_indicator_mom,Coincident Indicator (MoM),Growth,2,retail_sales_mom,Retail Sales (MoM),Growth,2,22,0.049369683425505156,0.049369683425505156
SNB,balance_of_trade,Balance of Trade,Growth,2,producer_import_prices_yoy,Producer & Import Prices (YoY),Inflation,2,76,-0.049281466424329304,0.049281466424329304
FED,consumer_inflation_expectations,Consumer Inflation Expectations,Inflation,2,sp_global_composite_pmi,S&P Global Composite PMI,Growth,2,22,0.04921426179295759,0.04921426179295759
BOE,niesr_monthly_gdp_tracker,NIESR Monthly GDP Tracker,Growth,2,ppi_core_output_mom,PPI Core Output (MoM),Inflation,3,46,0.04920233622201436,0.04920233622201436
FED,nfib_business_optimism,NFIB Business Optimism Index,Sentiment,3,ppi_yoy,PPI (YoY),Inflation,2,34,-0.04915283454342535,0.04915283454342535
BOE,core_cpi_mom,Core CPI (MoM),Inflation,2,niesr_monthly_gdp_tracker,NIESR Monthly GDP Tracker,Growth,2,60,0.04877709302858321,0.04877709302858321
RBA,ai_group_manufacturing_index,Ai Group Manufacturing Index,Growth,3,private_house_approvals_mom,Private House Approvals (MoM),Housing,2,47,-0.04863935094635319,0.04863935094635319
RBA,ai_group_services_index,Ai Group Services Index,Growth,3,westpac_consumer_confidence_change,Westpac Consumer Confidence Change,Sentiment,2,33,-0.04827297412331574,0.04827297412331574
BOC,budget_balance,Budget Balance,Growth,3,ivey_pmi_sa,Ivey PMI s.a.,Growth,2,71,0.048182942456337974,0.048182942456337974
SNB,balance_of_trade,Balance of Trade,Growth,2,retail_sales_mom,Retail Sales (MoM),Growth,2,75,-0.04811610446951454,0.04811610446951454
BOC,exports,Exports,Trade,2,manufacturing_sales_mom,Manufacturing Sales (MoM),Growth,2,74,0.048008453952305956,0.048008453952305956
BOC,balance_of_trade,Balance of Trade,Trade,2,part_time_employment_change,Part-Time Employment Change,Labor,1,75,0.04792516856167016,0.04792516856167016
RBA,full_time_employment_change,Full-Time Employment Change,Labor,1,private_sector_credit_yoy,Private Sector Credit (YoY),Growth,3,75,0.047601071769161556,0.047601071769161556
RBA,private_house_approvals_mom,Private House Approvals (MoM),Housing,2,retail_sales_mom,Retail Sales (MoM),Growth,1,42,-0.04745148285956849,0.04745148285956849
BOC,core_cpi_yoy,Core CPI (YoY),Inflation,1,retail_sales_mom,Retail Sales (MoM),Growth,1,72,-0.047200527959355455,0.047200527959355455
RBA,employment_change,Employment Change,Labor,1,import_price_index_qoq,Import Price Index (QoQ),Inflation,2,24,0.047170781931119905,0.047170781931119905
BOE,core_cpi_mom,Core CPI (MoM),Inflation,2,house_price_index_mom,House Price Index (MoM),Housing,3,62,0.04715688163724869,0.04715688163724869
BOC,core_cpi_mom,Core CPI (MoM),Inflation,2,retail_sales_ex_autos_mom,Retail Sales Ex Autos (MoM),Growth,2,42,0.047124106690429636,0.047124106690429636
RBA,private_sector_credit_mom,Private Sector Credit (MoM),Growth,3,thomson_reuters_ipsos_pcsi,Thomson Reuters IPSOS PCSI,Sentiment,3,20,-0.04708183903056301,0.04708183903056301
SNB,cpi_headline_yoy,Headline CPI (YoY),Inflation,1,retail_sales_mom,Retail Sales (MoM),Growth,2,73,-0.04701817253752988,0.04701817253752988
BOE,public_sector_net_borrowing,Public Sector Net Borrowing,Growth,3,unemployment_rate,Unemployment Rate,Labor,1,70,0.04698540496551974,0.04698540496551974
BOE,hmrc_payrolls_change,HMRC Payrolls Change,Labor,2,house_price_index_yoy,House Price Index (YoY),Housing,3,38,-0.04694063068394935,0.04694063068394935
FED,core_pce_price_index_yoy,Core PCE Price Index (YoY),Inflation,1,sp_global_composite_pmi,S&P Global Composite PMI,Growth,2,21,-0.04681725598522934,0.04681725598522934
BOJ,core_cpi_yoy,Core CPI (YoY),Inflation,1,household_spending_mom,Household Spending (MoM),Growth,2,73,-0.04680847076997717,0.04680847076997717
RBA,td_mi_inflation_gauge_mom,TD-MI Inflation Gauge (MoM),Inflation,2,westpac_consumer_confidence_index,Westpac Consumer Confidence Index,Sentiment,2,73,-0.046641025033589446,0.046641025033589446
BOJ,manufacturing_pmi,S&P Global Manufacturing PMI,Growth,2,tertiary_industry_index_mom,Tertiary Industry Index (MoM),Growth,2,74,0.04636263473993866,0.04636263473993866
FED,cpi_index,CPI Index,Inflation,2,sp_global_services_pmi,S&P Global Services PMI,Growth,2,22,-0.04632543322703572,0.04632543322703572
BOE,core_rpi_yoy,Core RPI (YoY),Inflation,3,employment_change,Employment Change,Labor,2,23,0.046165426908550966,0.046165426908550966
BOC,balance_of_trade,Balance of Trade,Trade,2,retail_sales_mom,Retail Sales (MoM),Growth,1,73,0.046046940092020594,0.046046940092020594
BOE,ppi_core_output_mom,PPI Core Output (MoM),Inflation,3,retail_sales_ex_fuel_yoy,Retail Sales Ex Fuel (YoY),Growth,2,54,-0.046032300762870175,0.046032300762870175
BOE,hmrc_payrolls_change,HMRC Payrolls Change,Labor,2,ppi_output_mom,PPI Output (MoM),Inflation,3,26,-0.04579200722274898,0.04579200722274898
FED,core_pce_price_index_mom,Core PCE Price Index (MoM),Inflation,1,sp_global_services_pmi,S&P Global Services PMI,Growth,2,21,0.04558168737643158,0.04558168737643158
RBA,cpi_headline_yoy,Headline CPI (YoY),Inflation,1,current_account,Current Account,Trade,2,25,0.04550632596169534,0.04550632596169534
BOE,hmrc_payrolls_change,HMRC Payrolls Change,Labor,2,ppi_core_output_mom,PPI Core Output (MoM),Inflation,3,23,0.04546942125862034,0.04546942125862034
RBA,building_permits,Building Permits,Housing,2,private_sector_credit_mom,Private Sector Credit (MoM),Growth,3,68,0.045363970746321036,0.045363970746321036
RBA,building_permits,Building Permits,Housing,2,commodity_prices_yoy,Commodity Prices (YoY),Inflation,3,47,0.04513617100360718,0.04513617100360718
FED,avg_hourly_earnings_mom,Average Hourly Earnings (MoM),Labor,2,umich_consumer_sentiment,UMich Consumer Sentiment,Sentiment,2,33,0.04504769184399224,0.04504769184399224
RBA,imports_mom,Imports (MoM),Trade,2,westpac_consumer_confidence_change,Westpac Consumer Confidence Change,Sentiment,2,73,0.045015117069720306,0.045015117069720306
FED,participation_rate,Labor Force Participation Rate,Labor,2,retail_sales_mom,Retail Sales (MoM),Growth,1,32,-0.04481639879723441,0.04481639879723441
BOE,ppi_input_yoy,PPI Input (YoY),Inflation,3,retail_sales_ex_fuel_yoy,Retail Sales Ex Fuel (YoY),Growth,2,67,-0.044789775217004245,0.044789775217004245
BOJ,tertiary_industry_index_mom,Tertiary Industry Index (MoM),Growth,2,unemployment_rate,Unemployment Rate,Labor,2,74,0.04454798776375288,0.04454798776375288
BOJ,industrial_production_yoy,Industrial Production (YoY),Growth,2,machinery_orders_mom,Machinery Orders (MoM),Growth,2,75,0.0445121797805238,0.0445121797805238
FED,core_cpi_yoy,Core CPI (YoY),Inflation,1,retail_sales_mom,Retail Sales (MoM),Growth,1,32,-0.04449947223530795,0.04449947223530795
RBA,housing_credit_mom,Housing Credit (MoM),Growth,3,private_house_approvals_mom,Private House Approvals (MoM),Housing,2,41,0.044453509811112485,0.044453509811112485
FED,adp_employment_change,ADP Employment Change,Labor,2,new_home_sales,New Home Sales,Housing,2,32,-0.04442916859383656,0.04442916859383656
BOE,core_rpi_yoy,Core RPI (YoY),Inflation,3,gdp_yoy,GDP (YoY),Growth,1,23,-0.04430112882183207,0.04430112882183207
FED,retail_sales_mom,Retail Sales (MoM),Growth,1,sp_global_composite_pmi,S&P Global Composite PMI,Growth,2,20,0.044290290716224937,0.044290290716224937
BOE,ppi_input_yoy,PPI Input (YoY),Inflation,3,retail_sales_ex_fuel_mom,Retail Sales Ex Fuel (MoM),Growth,2,67,-0.04411356035749532,0.04411356035749532
BOE,gdp_yoy,GDP (YoY),Growth,1,unemployment_rate,Unemployment Rate,Labor,1,73,0.04408576400118718,0.04408576400118718
BOJ,capacity_utilization,Capacity Utilization,Growth,2,tankan_large_non_manufacturing_index,Tankan Large Non-Manufacturing Index,Sentiment,2,24,0.04407782523323652,0.04407782523323652
RBA,ai_group_industry_index,Ai Group Industry Index,Growth,3,corelogic_dwelling_prices_mom,CoreLogic Dwelling Prices (MoM),Housing,2,27,0.04395874358020947,0.04395874358020947
BOJ,capacity_utilization,Capacity Utilization,Growth,2,machine_tool_orders_yoy,Machine Tool Orders (YoY),Growth,3,74,0.04373253690255742,0.04373253690255742
BOC,cpi_headline_yoy,Headline CPI (YoY),Inflation,1,gdp_mom,GDP (MoM),Growth,1,70,0.04360163248636322,0.04360163248636322
BOJ,cpi_headline_mom,Headline CPI (MoM),Inflation,2,machinery_orders_yoy,Machinery Orders (YoY),Growth,2,68,0.0433752965844513,0.0433752965844513
BOJ,balance_of_trade,Balance of Trade,Growth,2,industrial_production_yoy,Industrial Production (YoY),Growth,2,75,-0.04331709344124138,0.04331709344124138
FED,export_prices_yoy,Export Prices (YoY),Inflation,3,umich_inflation_exp_5y,UMich 5Y Inflation Expectations,Inflation,2,33,0.04310302872360331,0.04310302872360331
BOJ,exports_yoy,Exports (YoY),Growth,2,retail_sales_mom,Retail Sales (MoM),Growth,2,75,-0.04303358636603305,0.04303358636603305
BOJ,coincident_index,Coincident Index,Growth,2,leading_index_mom,Leading Index (MoM),Growth,2,22,-0.04297379715819035,0.04297379715819035
RBA,commodity_prices_yoy,Commodity Prices (YoY),Inflation,3,retail_sales_mom,Retail Sales (MoM),Growth,1,41,0.042804313694233535,0.042804313694233535
FED,pce_price_index_mom,PCE Price Index (MoM),Inflation,1,umich_consumer_sentiment,UMich Consumer Sentiment,Sentiment,2,28,-0.042767128930100054,0.042767128930100054
FED,private_nonfarm_payrolls,Private Nonfarm Payrolls,Labor,2,umich_consumer_sentiment,UMich Consumer Sentiment,Sentiment,2,33,-0.042759177655425154,0.042759177655425154
BOE,ppi_core_output_mom,PPI Core Output (MoM),Inflation,3,retail_sales_yoy,Retail Sales (YoY),Growth,1,52,0.04274170940405449,0.04274170940405449
RBA,imports_mom,Imports (MoM),Trade,2,monthly_cpi_indicator,Monthly CPI Indicator,Inflation,1,38,-0.042718889989650434,0.042718889989650434
BOJ,coincident_index,Coincident Index,Growth,2,retail_sales_mom,Retail Sales (MoM),Growth,2,75,-0.042638534634497745,0.042638534634497745
BOJ,industrial_production_mom,Industrial Production (MoM),Growth,2,ppi_yoy,PPI (YoY),Inflation,2,75,0.04249858372855845,0.04249858372855845
BOC,new_housing_price_index_yoy,New Housing Price Index (YoY),Housing,2,retail_sales_ex_autos_mom,Retail Sales Ex Autos (MoM),Growth,2,60,0.0424772440218234,0.0424772440218234
FED,core_ppi_mom,Core PPI (MoM),Inflation,2,nfib_business_optimism,NFIB Business Optimism Index,Sentiment,3,30,0.042335166261451895,0.042335166261451895
SNB,balance_of_trade,Balance of Trade,Growth,2,cpi_headline_mom,Headline CPI (MoM),Inflation,2,57,-0.04209489765546826,0.04209489765546826
BOJ,household_spending_yoy,Household Spending (YoY),Growth,2,retail_sales_mom,Retail Sales (MoM),Growth,2,75,-0.04204342310317165,0.04204342310317165
BOJ,coincident_index,Coincident Index,Growth,2,household_spending_mom,Household Spending (MoM),Growth,2,76,-0.041995417790121614,0.041995417790121614
RBA,export_price_index_qoq,Export Price Index (QoQ),Inflation,2,rba_weighted_median_cpi_qoq,RBA Weighted Median CPI (QoQ),Inflation,1,24,-0.04196158262935512,0.04196158262935512
BOE,ppi_core_output_mom,PPI Core Output (MoM),Inflation,3,public_sector_net_borrowing,Public Sector Net Borrowing,Growth,3,53,0.041732908319831494,0.041732908319831494
RBA,import_price_index_qoq,Import Price Index (QoQ),Inflation,2,part_time_employment_change,Part-Time Employment Change,Labor,1,24,0.04152057388353832,0.04152057388353832
FED,import_prices_yoy,Import Prices (YoY),Inflation,3,umich_inflation_exp_5y,UMich 5Y Inflation Expectations,Inflation,2,32,0.04110597574438425,0.04110597574438425
BOC,new_motor_vehicle_sales,New Motor Vehicle Sales,Growth,3,ppi_mom,PPI (MoM),Inflation,2,72,-0.04083298908617954,0.04083298908617954
FED,cpi_headline_mom,Headline CPI (MoM),Inflation,2,new_home_sales,New Home Sales,Housing,2,30,-0.04082286608554649,0.04082286608554649
FED,government_payrolls,Government Payrolls,Labor,2,nfib_business_optimism,NFIB Business Optimism Index,Sentiment,3,36,-0.04072984109548694,0.04072984109548694
RBA,employment_change,Employment Change,Labor,1,unemployment_rate,Unemployment Rate,Labor,1,76,-0.040507507156825294,0.040507507156825294
BOE,gdp_mom,GDP (MoM),Growth,1,house_price_index_yoy,House Price Index (YoY),Housing,3,67,0.04048110668549357,0.04048110668549357
RBA,manufacturing_pmi,Manufacturing PMI,Growth,2,retail_sales_mom,Retail Sales (MoM),Growth,1,47,0.040262038520363426,0.040262038520363426
BOJ,leading_index_mom,Leading Index (MoM),Growth,2,services_pmi,S&P Global Services PMI,Growth,2,22,-0.040232548684427084,0.040232548684427084
BOE,core_cpi_yoy,Core CPI (YoY),Inflation,1,niesr_monthly_gdp_tracker,NIESR Monthly GDP Tracker,Growth,2,64,0.040160368731297705,0.040160368731297705
BOE,composite_pmi,Composite PMI,Growth,2,retail_sales_ex_fuel_mom,Retail Sales Ex Fuel (MoM),Growth,2,27,0.04001175761977453,0.04001175761977453
BOJ,machinery_orders_mom,Machinery Orders (MoM),Growth,2,tankan_large_manufacturing_outlook,Tankan Large Manufacturing Outlook,Sentiment,2,25,-0.03993706975579349,0.03993706975579349
FED,ism_manufacturing_employment,ISM Manufacturing Employment,Growth,2,umich_inflation_exp_5y,UMich 5Y Inflation Expectations,Inflation,2,33,0.03984352139631999,0.03984352139631999
BOJ,industrial_production_mom,Industrial Production (MoM),Growth,2,tankan_small_manufacturers_index,Tankan Small Manufacturers Index,Sentiment,2,24,-0.03970552045464719,0.03970552045464719
BOE,claimant_count_change,Claimant Count Change,Labor,2,services_pmi,Services PMI,Growth,1,28,0.03970424819278597,0.03970424819278597
FED,core_cpi_yoy,Core CPI (YoY),Inflation,1,ism_manufacturing_new_orders,ISM Manufacturing New Orders,Growth,2,33,-0.03962810213533221,0.03962810213533221
BOJ,current_account,Current Account,Growth,2,unemployment_rate,Unemployment Rate,Labor,2,75,-0.03957570613013434,0.03957570613013434
RBA,balance_of_trade,Balance of Trade,Trade,2,full_time_employment_change,Full-Time Employment Change,Labor,1,75,0.039474791588309084,0.039474791588309084
RBA,import_price_index_qoq,Import Price Index (QoQ),Inflation,2,westpac_consumer_confidence_change,Westpac Consumer Confidence Change,Sentiment,2,24,0.03947246891118173,0.03947246891118173
BOC,ppi_mom,PPI (MoM),Inflation,2,unemployment_rate,Unemployment Rate,Labor,1,72,0.03942153001428008,0.03942153001428008
RBA,ai_group_construction_index,Ai Group Construction Index,Growth,3,employment_change,Employment Change,Labor,1,70,0.0391006256387504,0.0391006256387504
FED,manufacturing_payrolls,Manufacturing Payrolls,Labor,2,umich_consumer_sentiment,UMich Consumer Sentiment,Sentiment,2,33,-0.03864790423188727,0.03864790423188727
BOE,nationwide_hpi_yoy,Nationwide House Prices (YoY),Housing,3,retail_price_index_yoy,Retail Price Index (YoY),Inflation,3,75,0.03861039354480363,0.03861039354480363
BOJ,cpi_headline_yoy,Headline CPI (YoY),Inflation,1,industrial_production_yoy,Industrial Production (YoY),Growth,2,74,0.03843152057126604,0.03843152057126604
BOC,composite_pmi,Composite PMI,Growth,2,ivey_pmi_sa,Ivey PMI s.a.,Growth,2,25,0.038288092039092,0.038288092039092
BOC,manufacturing_sales_mom,Manufacturing Sales (MoM),Growth,2,unemployment_rate,Unemployment Rate,Labor,1,74,0.03793112673927627,0.03793112673927627
SNB,consumer_confidence,Consumer Confidence,Sentiment,2,retail_sales_mom,Retail Sales (MoM),Growth,2,42,-0.037853746931318794,0.037853746931318794
BOJ,gdp_qoq,GDP (QoQ),Growth,1,imports_yoy,Imports (YoY),Growth,2,24,-0.03778176999812719,0.03778176999812719
FED,pce_price_index_mom,PCE Price Index (MoM),Inflation,1,umich_inflation_exp_5y,UMich 5Y Inflation Expectations,Inflation,2,28,0.0377325349438733,0.0377325349438733
BOE,core_cpi_mom,Core CPI (MoM),Inflation,2,retail_sales_ex_fuel_yoy,Retail Sales Ex Fuel (YoY),Growth,2,69,-0.03769881569211266,0.03769881569211266
BOE,cpi_headline_yoy,Headline CPI (YoY),Inflation,1,ppi_input_mom,PPI Input (MoM),Inflation,3,66,0.03758808348591699,0.03758808348591699
BOC,core_cpi_yoy,Core CPI (YoY),Inflation,1,part_time_employment_change,Part-Time Employment Change,Labor,1,76,-0.037579695570399654,0.037579695570399654
FED,export_prices_mom,Export Prices (MoM),Inflation,3,new_home_sales,New Home Sales,Housing,2,35,0.03752924844193327,0.03752924844193327
BOJ,household_spending_mom,Household Spending (MoM),Growth,2,machine_tool_orders_yoy,Machine Tool Orders (YoY),Growth,3,75,0.03731446905673046,0.03731446905673046
BOJ,balance_of_trade,Balance of Trade,Growth,2,leading_economic_index,Leading Economic Index,Growth,2,75,0.03701797676648304,0.03701797676648304
BOE,avg_earnings_excl_bonus,Average Earnings (excl. Bonus),Labor,1,unemployment_rate,Unemployment Rate,Labor,1,74,-0.036914305211103,0.036914305211103
BOJ,coincident_index,Coincident Index,Growth,2,machinery_orders_mom,Machinery Orders (MoM),Growth,2,75,0.0368987628233237,0.0368987628233237
BOC,imports,Imports,Trade,2,retail_sales_mom,Retail Sales (MoM),Growth,1,73,-0.03641494851321896,0.03641494851321896
FED,core_pce_price_index_mom,Core PCE Price Index (MoM),Inflation,1,umich_inflation_exp_5y,UMich 5Y Inflation Expectations,Inflation,2,30,0.036354253836720654,0.036354253836720654
RBA,part_time_employment_change,Part-Time Employment Change,Labor,1,private_sector_credit_mom,Private Sector Credit (MoM),Growth,3,73,-0.035969985708957486,0.035969985708957486
RBA,ai_group_services_index,Ai Group Services Index,Growth,3,retail_sales_mom,Retail Sales (MoM),Growth,1,34,0.03558216071609132,0.03558216071609132
BOE,ppi_input_yoy,PPI Input (YoY),Inflation,3,retail_sales_mom,Retail Sales (MoM),Growth,1,65,-0.035215995074879644,0.035215995074879644
BOJ,capacity_utilization,Capacity Utilization,Growth,2,ppi_yoy,PPI (YoY),Inflation,2,73,0.03520991498265962,0.03520991498265962
RBA,building_permits,Building Permits,Housing,2,exports_mom,Exports (MoM),Trade,2,71,0.03520394062014203,0.03520394062014203
RBA,employment_change,Employment Change,Labor,1,monthly_cpi_indicator,Monthly CPI Indicator,Inflation,1,38,-0.03444052804670368,0.03444052804670368
RBA,cpi_headline_yoy,Headline CPI (YoY),Inflation,1,full_time_employment_change,Full-Time Employment Change,Labor,1,28,-0.033775278275422815,0.033775278275422815
BOC,new_motor_vehicle_sales,New Motor Vehicle Sales,Growth,3,services_pmi,Services PMI,Growth,2,29,-0.033759551256527194,0.033759551256527194
BOJ,household_spending_mom,Household Spending (MoM),Growth,2,manufacturing_pmi,S&P Global Manufacturing PMI,Growth,2,75,-0.033729037676245924,0.033729037676245924
BOE,gdp_qoq,GDP (QoQ),Growth,1,ppi_output_yoy,PPI Output (YoY),Inflation,3,22,0.033720216277423797,0.033720216277423797
BOC,unemployment_rate,Unemployment Rate,Labor,1,wholesale_sales_mom,Wholesale Sales (MoM),Growth,2,74,0.033678516693093095,0.033678516693093095
FED,export_prices_mom,Export Prices (MoM),Inflation,3,umich_consumer_sentiment,UMich Consumer Sentiment,Sentiment,2,32,0.0336268979579697,0.0336268979579697
BOJ,machinery_orders_mom,Machinery Orders (MoM),Growth,2,ppi_yoy,PPI (YoY),Inflation,2,73,0.033321027066398716,0.033321027066398716
BOJ,coincident_indicator_mom,Coincident Indicator (MoM),Growth,2,machinery_orders_mom,Machinery Orders (MoM),Growth,2,22,-0.033274803899876124,0.033274803899876124
BOE,core_rpi_mom,Core RPI (MoM),Inflation,3,retail_sales_ex_fuel_yoy,Retail Sales Ex Fuel (YoY),Growth,2,21,0.033139237530012376,0.033139237530012376
BOE,avg_earnings_incl_bonus,Average Earnings (incl. Bonus),Labor,2,unemployment_rate,Unemployment Rate,Labor,1,75,-0.03266678532369181,0.03266678532369181
RBA,ai_group_manufacturing_index,Ai Group Manufacturing Index,Growth,3,td_mi_inflation_gauge_mom,TD-MI Inflation Gauge (MoM),Inflation,2,68,0.03263757632305015,0.03263757632305015
BOE,avg_earnings_incl_bonus,Average Earnings (incl. Bonus),Labor,2,retail_sales_ex_fuel_yoy,Retail Sales Ex Fuel (YoY),Growth,2,74,0.032505909310626496,0.032505909310626496
RBA,private_house_approvals_mom,Private House Approvals (MoM),Housing,2,unemployment_rate,Unemployment Rate,Labor,1,52,-0.0320181918906468,0.0320181918906468
BOJ,imports_yoy,Imports (YoY),Growth,2,tankan_non_manufacturing_outlook,Tankan Non-Manufacturing Outlook,Sentiment,2,25,0.032007895235851375,0.032007895235851375
ECB,core_cpi_yoy,Core HICP (YoY),Inflation,1,economic_sentiment,Economic Sentiment,Sentiment,2,76,0.03199833009825115,0.03199833009825115
FED,michigan_inflation_expectations,Michigan Inflation Expectations,Inflation,2,philly_fed_mfg,Philadelphia Fed Manufacturing Index,Growth,2,40,0.03184247783160087,0.03184247783160087
BOJ,capacity_utilization,Capacity Utilization,Growth,2,cpi_index,Consumer Price Index,Inflation,2,69,-0.031715735960747726,0.031715735960747726
FED,core_ppi_mom,Core PPI (MoM),Inflation,2,new_home_sales,New Home Sales,Housing,2,29,-0.031049993662866926,0.031049993662866926
BOE,cpi_headline_yoy,Headline CPI (YoY),Inflation,1,nationwide_hpi_yoy,Nationwide House Prices (YoY),Housing,3,75,0.03083291511276577,0.03083291511276577
BOE,ppi_input_mom,PPI Input (MoM),Inflation,3,retail_price_index_yoy,Retail Price Index (YoY),Inflation,3,66,0.030808878604696298,0.030808878604696298
BOE,composite_pmi,Composite PMI,Growth,2,retail_sales_mom,Retail Sales (MoM),Growth,1,25,0.030643838924858523,0.030643838924858523
BOJ,leading_economic_index,Leading Economic Index,Growth,2,retail_sales_mom,Retail Sales (MoM),Growth,2,75,0.030466410810451757,0.030466410810451757
RBA,consumer_inflation_expectation,Consumer Inflation Expectation,Inflation,2,part_time_employment_change,Part-Time Employment Change,Labor,1,73,-0.030348793150496416,0.030348793150496416
BOE,avg_earnings_incl_bonus,Average Earnings (incl. Bonus),Labor,2,gdp_qoq,GDP (QoQ),Growth,1,24,-0.03021648334814768,0.03021648334814768
BOE,cbi_industrial_trends_orders,CBI Industrial Trends Orders,Sentiment,3,core_rpi_yoy,Core RPI (YoY),Inflation,3,24,-0.03018812121535701,0.03018812121535701
FED,participation_rate,Labor Force Participation Rate,Labor,2,philly_fed_mfg,Philadelphia Fed Manufacturing Index,Growth,2,27,0.030149871021735962,0.030149871021735962
BOC,exports,Exports,Trade,2,retail_sales_ex_autos_mom,Retail Sales Ex Autos (MoM),Growth,2,72,0.029624965391243364,0.029624965391243364
BOC,budget_balance,Budget Balance,Growth,3,new_motor_vehicle_sales,New Motor Vehicle Sales,Growth,3,74,0.029452353853043914,0.029452353853043914
BOJ,household_spending_yoy,Household Spending (YoY),Growth,2,leading_index_mom,Leading Index (MoM),Growth,2,22,0.029440882541096516,0.029440882541096516
BOC,imports,Imports,Trade,2,manufacturing_sales_mom,Manufacturing Sales (MoM),Growth,2,74,0.029190481234324384,0.029190481234324384
BOE,cpi_headline_yoy,Headline CPI (YoY),Inflation,1,services_pmi,Services PMI,Growth,1,28,-0.02911247448740442,0.02911247448740442
BOE,gdp_mom,GDP (MoM),Growth,1,retail_price_index_mom,Retail Price Index (MoM),Inflation,3,64,0.028992663871746597,0.028992663871746597
RBA,ai_group_construction_index,Ai Group Construction Index,Growth,3,part_time_employment_change,Part-Time Employment Change,Labor,1,70,-0.028981057269883294,0.028981057269883294
RBA,manufacturing_pmi,Manufacturing PMI,Growth,2,unemployment_rate,Unemployment Rate,Labor,1,58,-0.028709041252557355,0.028709041252557355
RBA,full_time_employment_change,Full-Time Employment Change,Labor,1,import_price_index_qoq,Import Price Index (QoQ),Inflation,2,24,0.028698319881932187,0.028698319881932187
RBA,ai_group_construction_index,Ai Group Construction Index,Growth,3,td_mi_inflation_gauge_mom,TD-MI Inflation Gauge (MoM),Inflation,2,68,0.02855471753084657,0.02855471753084657
RBA,full_time_employment_change,Full-Time Employment Change,Labor,1,monthly_cpi_indicator,Monthly CPI Indicator,Inflation,1,38,0.02854463750964252,0.02854463750964252
BOE,retail_price_index_yoy,Retail Price Index (YoY),Inflation,3,services_pmi,Services PMI,Growth,1,28,0.028446802689061527,0.028446802689061527
FED,consumer_inflation_expectations,Consumer Inflation Expectations,Inflation,2,participation_rate,Labor Force Participation Rate,Labor,2,35,0.02832235341030586,0.02832235341030586
BOJ,capacity_utilization,Capacity Utilization,Growth,2,cpi_headline_mom,Headline CPI (MoM),Inflation,2,67,-0.028287341523472773,0.028287341523472773
BOJ,imports_yoy,Imports (YoY),Growth,2,unemployment_rate,Unemployment Rate,Labor,2,75,0.02826879927990043,0.02826879927990043
ECB,cpi_headline_yoy,Headline HICP (YoY),Inflation,1,manufacturing_pmi,Manufacturing PMI,Growth,2,68,0.028248913710943933,0.028248913710943933
FED,import_prices_mom,Import Prices (MoM),Inflation,3,umich_consumer_sentiment,UMich Consumer Sentiment,Sentiment,2,31,-0.02818022658441588,0.02818022658441588
BOJ,cpi_index,Consumer Price Index,Inflation,2,imports_yoy,Imports (YoY),Growth,2,70,-0.028132336633193776,0.028132336633193776
BOJ,eco_watchers_outlook,Eco Watchers Survey Outlook,Sentiment,2,unemployment_rate,Unemployment Rate,Labor,2,75,-0.028102710287986946,0.028102710287986946
BOE,ppi_core_output_yoy,PPI Core Output (YoY),Inflation,3,public_sector_net_borrowing,Public Sector Net Borrowing,Growth,3,64,0.027903497185698616,0.027903497185698616
RBA,full_time_employment_change,Full-Time Employment Change,Labor,1,housing_credit_mom,Housing Credit (MoM),Growth,3,41,-0.027483229482408455,0.027483229482408455
RBA,balance_of_trade,Balance of Trade,Trade,2,nab_business_confidence,NAB Business Confidence,Sentiment,2,71,-0.027038140945120515,0.027038140945120515
RBA,leading_index_mom,Leading Index (MoM),Growth,3,rba_weighted_median_cpi_yoy,RBA Weighted Median CPI (YoY),Inflation,1,18,0.026950866237936407,0.026950866237936407
BOE,public_sector_net_borrowing,Public Sector Net Borrowing,Growth,3,retail_sales_ex_fuel_mom,Retail Sales Ex Fuel (MoM),Growth,2,70,-0.026853141205560507,0.026853141205560507
FED,avg_hourly_earnings_yoy,Average Hourly Earnings (YoY),Labor,1,ppi_yoy,PPI (YoY),Inflation,2,34,0.026778471296252878,0.026778471296252878
BOC,core_cpi_yoy,Core CPI (YoY),Inflation,1,wholesale_sales_mom,Wholesale Sales (MoM),Growth,2,74,-0.02650387601986816,0.02650387601986816
BOJ,cpi_headline_yoy,Headline CPI (YoY),Inflation,1,machinery_orders_yoy,Machinery Orders (YoY),Growth,2,74,0.026383665805385724,0.026383665805385724
BOC,cpi_headline_yoy,Headline CPI (YoY),Inflation,1,wholesale_sales_mom,Wholesale Sales (MoM),Growth,2,74,0.02624425277891617,0.02624425277891617
FED,adp_employment_change,ADP Employment Change,Labor,2,umich_consumer_sentiment,UMich Consumer Sentiment,Sentiment,2,34,-0.0261773522847264,0.0261773522847264
BOJ,cpi_headline_mom,Headline CPI (MoM),Inflation,2,household_spending_mom,Household Spending (MoM),Growth,2,68,0.025563718189965185,0.025563718189965185
RBA,ai_group_industry_index,Ai Group Industry Index,Growth,3,westpac_consumer_confidence_index,Westpac Consumer Confidence Index,Sentiment,2,36,-0.025413009629849204,0.025413009629849204
BOE,employment_change,Employment Change,Labor,2,hmrc_payrolls_change,HMRC Payrolls Change,Labor,2,39,0.02534203540506351,0.02534203540506351
RBA,exports_mom,Exports (MoM),Trade,2,westpac_consumer_confidence_change,Westpac Consumer Confidence Change,Sentiment,2,72,0.02519492588498055,0.02519492588498055
RBA,employment_change,Employment Change,Labor,1,housing_credit_mom,Housing Credit (MoM),Growth,3,41,0.025091629726139146,0.025091629726139146
RBA,housing_credit_mom,Housing Credit (MoM),Growth,3,imports_mom,Imports (MoM),Trade,2,41,0.024658178641534783,0.024658178641534783
FED,average_weekly_hours,Average Weekly Hours,Labor,2,michigan_inflation_expectations,Michigan Inflation Expectations,Inflation,2,33,0.024628729892501155,0.024628729892501155
RBA,ai_group_manufacturing_index,Ai Group Manufacturing Index,Growth,3,rba_trimmed_mean_cpi_qoq,RBA Trimmed Mean CPI (QoQ),Inflation,1,23,0.02447268690815682,0.02447268690815682
RBA,commodity_prices_yoy,Commodity Prices (YoY),Inflation,3,imports_mom,Imports (MoM),Trade,2,51,0.024435796790002743,0.024435796790002743
BOJ,cpi_headline_yoy,Headline CPI (YoY),Inflation,1,machinery_orders_mom,Machinery Orders (MoM),Growth,2,73,-0.02441036867197773,0.02441036867197773
ECB,cpi_headline_yoy,Headline HICP (YoY),Inflation,1,gdp_qoq,GDP (QoQ),Growth,1,23,0.024381843443353503,0.024381843443353503
BOE,avg_earnings_excl_bonus,Average Earnings (excl. Bonus),Labor,1,retail_sales_ex_fuel_yoy,Retail Sales Ex Fuel (YoY),Growth,2,73,0.024357132626860924,0.024357132626860924
FED,core_pce_price_index_yoy,Core PCE Price Index (YoY),Inflation,1,retail_sales_mom,Retail Sales (MoM),Growth,1,36,0.02405945256418345,0.02405945256418345
BOJ,capacity_utilization,Capacity Utilization,Growth,2,coincident_index,Coincident Index,Growth,2,75,0.023686220051783263,0.023686220051783263
BOJ,cpi_ex_food_energy_yoy,CPI Ex Food and Energy (YoY),Inflation,1,industrial_production_yoy,Industrial Production (YoY),Growth,2,74,-0.02338149605170756,0.02338149605170756
BOC,exports,Exports,Trade,2,wholesale_sales_mom,Wholesale Sales (MoM),Growth,2,75,0.02328392110506663,0.02328392110506663
RBA,private_house_approvals_mom,Private House Approvals (MoM),Housing,2,westpac_consumer_confidence_index,Westpac Consumer Confidence Index,Sentiment,2,52,-0.023193200393623353,0.023193200393623353
BOE,ppi_input_mom,PPI Input (MoM),Inflation,3,public_sector_net_borrowing,Public Sector Net Borrowing,Growth,3,63,0.023134561604441856,0.023134561604441856
BOJ,balance_of_trade,Balance of Trade,Growth,2,coincident_index,Coincident Index,Growth,2,75,-0.023091826772641152,0.023091826772641152
BOE,core_cpi_yoy,Core CPI (YoY),Inflation,1,gdp_qoq,GDP (QoQ),Growth,1,24,0.02308058514995448,0.02308058514995448
BOJ,cpi_ex_food_energy_yoy,CPI Ex Food and Energy (YoY),Inflation,1,gdp_qoq,GDP (QoQ),Growth,1,24,0.023012788880252006,0.023012788880252006
BOE,gdp_mom,GDP (MoM),Growth,1,nationwide_hpi_yoy,Nationwide House Prices (YoY),Housing,3,67,-0.022789748548488902,0.022789748548488902
FED,core_cpi_mom,Core CPI (MoM),Inflation,1,umich_inflation_exp_5y,UMich 5Y Inflation Expectations,Inflation,2,31,0.02277294520076621,0.02277294520076621
RBA,ai_group_manufacturing_index,Ai Group Manufacturing Index,Growth,3,private_sector_credit_mom,Private Sector Credit (MoM),Growth,3,67,-0.022560885273568598,0.022560885273568598
BOJ,capacity_utilization,Capacity Utilization,Growth,2,current_account,Current Account,Growth,2,75,0.02249555101931173,0.02249555101931173
BOC,ppi_yoy,PPI (YoY),Inflation,2,retail_sales_mom,Retail Sales (MoM),Growth,1,72,0.022453337361793092,0.022453337361793092
BOJ,machine_tool_orders_yoy,Machine Tool Orders (YoY),Growth,3,tankan_non_manufacturing_outlook,Tankan Non-Manufacturing Outlook,Sentiment,2,25,0.02241968553189056,0.02241968553189056
BOJ,machine_tool_orders_yoy,Machine Tool Orders (YoY),Growth,3,tertiary_industry_index_mom,Tertiary Industry Index (MoM),Growth,2,74,0.02217828547172137,0.02217828547172137
FED,retail_sales_mom,Retail Sales (MoM),Growth,1,sp_global_services_pmi,S&P Global Services PMI,Growth,2,20,0.02212007122962254,0.02212007122962254
BOC,new_housing_price_index_mom,New Housing Price Index (MoM),Housing,2,retail_sales_mom,Retail Sales (MoM),Growth,1,61,-0.022086058566102573,0.022086058566102573
BOJ,cpi_headline_yoy,Headline CPI (YoY),Inflation,1,household_spending_mom,Household Spending (MoM),Growth,2,74,0.02184307045311317,0.02184307045311317
BOC,cpi_headline_yoy,Headline CPI (YoY),Inflation,1,part_time_employment_change,Part-Time Employment Change,Labor,1,76,0.0217165810927239,0.0217165810927239
BOJ,machinery_orders_mom,Machinery Orders (MoM),Growth,2,reuters_tankan_index,Reuters Tankan Index,Sentiment,2,73,0.02169433032774851,0.02169433032774851
RBA,export_price_index_qoq,Export Price Index (QoQ),Inflation,2,producer_price_index_yoy,Producer Price Index (YoY),Inflation,2,25,-0.021563205346845832,0.021563205346845832
ECB,economic_sentiment,Economic Sentiment,Sentiment,2,unemployment_rate,Unemployment Rate,Labor,1,75,0.021508069455611057,0.021508069455611057
RBA,consumer_inflation_expectation,Consumer Inflation Expectation,Inflation,2,imports_mom,Imports (MoM),Trade,2,72,0.021399339182569047,0.021399339182569047
BOC,cpi_headline_yoy,Headline CPI (YoY),Inflation,1,manufacturing_sales_mom,Manufacturing Sales (MoM),Growth,2,74,0.021399051600818012,0.021399051600818012
BOC,core_cpi_yoy,Core CPI (YoY),Inflation,1,employment_change,Employment Change,Labor,1,76,0.0213095996414758,0.0213095996414758
BOE,house_price_index_mom,House Price Index (MoM),Housing,3,unemployment_rate,Unemployment Rate,Labor,1,68,-0.021257613689682688,0.021257613689682688
BOC,exports,Exports,Trade,2,retail_sales_mom,Retail Sales (MoM),Growth,1,73,-0.020875562914860743,0.020875562914860743
BOJ,household_spending_mom,Household Spending (MoM),Growth,2,leading_economic_index,Leading Economic Index,Growth,2,76,0.02073458403838784,0.02073458403838784
BOJ,household_spending_mom,Household Spending (MoM),Growth,2,industrial_production_mom,Industrial Production (MoM),Growth,2,76,-0.020644930500911082,0.020644930500911082
BOJ,coincident_index,Coincident Index,Growth,2,gdp_qoq,GDP (QoQ),Growth,1,24,0.020508742367120372,0.020508742367120372
RBA,consumer_inflation_expectation,Consumer Inflation Expectation,Inflation,2,import_price_index_qoq,Import Price Index (QoQ),Inflation,2,24,-0.020489287126450467,0.020489287126450467
BOE,core_cpi_mom,Core CPI (MoM),Inflation,2,retail_sales_ex_fuel_mom,Retail Sales Ex Fuel (MoM),Growth,2,69,-0.020439931339871906,0.020439931339871906
FED,avg_hourly_earnings_yoy,Average Hourly Earnings (YoY),Labor,1,core_pce_price_index_yoy,Core PCE Price Index (YoY),Inflation,1,33,0.02043706234031159,0.02043706234031159
BOC,full_time_employment_change,Full-Time Employment Change,Labor,1,services_pmi,Services PMI,Growth,2,30,0.020309107162559382,0.020309107162559382
BOE,consumer_confidence,Consumer Confidence,Sentiment,3,nationwide_hpi_yoy,Nationwide House Prices (YoY),Housing,3,74,-0.02016802128182425,0.02016802128182425
FED,cpi_headline_yoy,Headline CPI (YoY),Inflation,1,new_home_sales,New Home Sales,Housing,2,34,-0.020151265809874436,0.020151265809874436
BOJ,coincident_index,Coincident Index,Growth,2,tertiary_industry_index_mom,Tertiary Industry Index (MoM),Growth,2,75,0.020082600883101927,0.020082600883101927
BOE,gdp_mom,GDP (MoM),Growth,1,ppi_output_yoy,PPI Output (YoY),Inflation,3,61,0.020052561796415576,0.020052561796415576
BOC,core_cpi_yoy,Core CPI (YoY),Inflation,1,manufacturing_sales_mom,Manufacturing Sales (MoM),Growth,2,74,-0.019996228167764644,0.019996228167764644
RBNZ,credit_card_spending_yoy,Credit Card Spending (YoY),Growth,3,labour_cost_index_yoy,Labour Cost Index (YoY),Labor,2,20,0.019959964248217194,0.019959964248217194
RBA,td_mi_inflation_gauge_mom,TD-MI Inflation Gauge (MoM),Inflation,2,thomson_reuters_ipsos_pcsi,Thomson Reuters IPSOS PCSI,Sentiment,3,20,-0.01986445406009946,0.01986445406009946
BOE,avg_earnings_excl_bonus,Average Earnings (excl. Bonus),Labor,1,gdp_mom,GDP (MoM),Growth,1,67,-0.019775915532855542,0.019775915532855542
FED,avg_hourly_earnings_yoy,Average Hourly Earnings (YoY),Labor,1,retail_sales_mom,Retail Sales (MoM),Growth,1,33,-0.01975760908559745,0.01975760908559745
BOC,core_cpi_mom,Core CPI (MoM),Inflation,2,gdp_mom,GDP (MoM),Growth,1,41,0.0197411861719711,0.0197411861719711
RBA,cpi_headline_yoy,Headline CPI (YoY),Inflation,1,export_price_index_qoq,Export Price Index (QoQ),Inflation,2,25,0.019728892077567294,0.019728892077567294
RBA,ai_group_construction_index,Ai Group Construction Index,Growth,3,rba_weighted_median_cpi_qoq,RBA Weighted Median CPI (QoQ),Inflation,1,22,-0.019640716161346473,0.019640716161346473
RBA,ai_group_industry_index,Ai Group Industry Index,Growth,3,imports_mom,Imports (MoM),Trade,2,35,-0.019572502558754205,0.019572502558754205
BOJ,current_account,Current Account,Growth,2,retail_sales_yoy,Retail Sales (YoY),Growth,2,75,0.019532942768885436,0.019532942768885436
BOC,core_cpi_yoy,Core CPI (YoY),Inflation,1,retail_sales_ex_autos_mom,Retail Sales Ex Autos (MoM),Growth,2,71,-0.019532400535161237,0.019532400535161237
BOJ,cpi_headline_yoy,Headline CPI (YoY),Inflation,1,retail_sales_mom,Retail Sales (MoM),Growth,2,74,0.019451852258356155,0.019451852258356155
BOC,new_housing_price_index_mom,New Housing Price Index (MoM),Housing,2,retail_sales_ex_autos_mom,Retail Sales Ex Autos (MoM),Growth,2,60,0.01938686148018298,0.01938686148018298
BOC,composite_pmi,Composite PMI,Growth,2,full_time_employment_change,Full-Time Employment Change,Labor,1,29,0.01923947721881778,0.01923947721881778
BOC,new_housing_price_index_yoy,New Housing Price Index (YoY),Housing,2,retail_sales_mom,Retail Sales (MoM),Growth,1,61,0.019151620448491745,0.019151620448491745
RBA,corelogic_dwelling_prices_mom,CoreLogic Dwelling Prices (MoM),Housing,2,imports_mom,Imports (MoM),Trade,2,31,-0.019007014137171454,0.019007014137171454
BOJ,industrial_production_mom,Industrial Production (MoM),Growth,2,tankan_non_manufacturing_outlook,Tankan Non-Manufacturing Outlook,Sentiment,2,25,0.018922159270985603,0.018922159270985603
FED,export_prices_yoy,Export Prices (YoY),Inflation,3,new_home_sales,New Home Sales,Housing,2,36,-0.018787079514269785,0.018787079514269785
FED,import_prices_mom,Import Prices (MoM),Inflation,3,new_home_sales,New Home Sales,Housing,2,34,0.018521677152978307,0.018521677152978307
FED,core_cpi_yoy,Core CPI (YoY),Inflation,1,ism_manufacturing_pmi,ISM Manufacturing PMI,Growth,1,33,0.018504060718871087,0.018504060718871087
BOJ,balance_of_trade,Balance of Trade,Growth,2,tankan_large_manufacturers_index,Tankan Large Manufacturers Index,Sentiment,2,25,-0.018395645540647803,0.018395645540647803
BOJ,leading_index_mom,Leading Index (MoM),Growth,2,manufacturing_pmi,S&P Global Manufacturing PMI,Growth,2,22,-0.01832093596463605,0.01832093596463605
RBA,exports_mom,Exports (MoM),Trade,2,private_sector_credit_yoy,Private Sector Credit (YoY),Growth,3,74,0.018272138079324297,0.018272138079324297
ECB,core_cpi_yoy,Core HICP (YoY),Inflation,1,gdp_qoq,GDP (QoQ),Growth,1,23,0.01805237156972447,0.01805237156972447
BOJ,core_cpi_yoy,Core CPI (YoY),Inflation,1,machinery_orders_mom,Machinery Orders (MoM),Growth,2,72,-0.01781489611679749,0.01781489611679749
BOJ,cpi_index,Consumer Price Index,Inflation,2,machinery_orders_mom,Machinery Orders (MoM),Growth,2,69,0.017781030096824524,0.017781030096824524
RBA,exports_mom,Exports (MoM),Trade,2,unemployment_rate,Unemployment Rate,Labor,1,74,-0.017700458526739432,0.017700458526739432
BOC,gdp_mom,GDP (MoM),Growth,1,services_pmi,Services PMI,Growth,2,27,-0.017670648437222707,0.017670648437222707
FED,nfib_business_optimism,NFIB Business Optimism Index,Sentiment,3,umich_inflation_exp_5y,UMich 5Y Inflation Expectations,Inflation,2,33,-0.017595666856887345,0.017595666856887345
BOE,avg_earnings_excl_bonus,Average Earnings (excl. Bonus),Labor,1,gdp_qoq,GDP (QoQ),Growth,1,24,-0.017459222371823863,0.017459222371823863
FED,export_prices_yoy,Export Prices (YoY),Inflation,3,umich_consumer_sentiment,UMich Consumer Sentiment,Sentiment,2,33,0.017437869000250628,0.017437869000250628
BOE,niesr_monthly_gdp_tracker,NIESR Monthly GDP Tracker,Growth,2,retail_price_index_yoy,Retail Price Index (YoY),Inflation,3,64,0.017325205997584584,0.017325205997584584
BOE,cpi_headline_yoy,Headline CPI (YoY),Inflation,1,niesr_monthly_gdp_tracker,NIESR Monthly GDP Tracker,Growth,2,64,0.017302700653127508,0.017302700653127508
BOJ,machinery_orders_yoy,Machinery Orders (YoY),Growth,2,tertiary_industry_index_mom,Tertiary Industry Index (MoM),Growth,2,75,-0.017191255103921332,0.017191255103921332
BOC,budget_balance,Budget Balance,Growth,3,new_housing_price_index_yoy,New Housing Price Index (YoY),Housing,2,62,0.017135480827819988,0.017135480827819988
BOJ,cpi_ex_food_energy_yoy,CPI Ex Food and Energy (YoY),Inflation,1,ppi_yoy,PPI (YoY),Inflation,2,74,-0.0168408397470425,0.0168408397470425
BOJ,coincident_indicator_mom,Coincident Indicator (MoM),Growth,2,exports_yoy,Exports (YoY),Growth,2,22,0.016814903466544635,0.016814903466544635
FED,government_payrolls,Government Payrolls,Labor,2,sp_global_services_pmi,S&P Global Services PMI,Growth,2,22,-0.01677110059035557,0.01677110059035557
BOJ,cpi_ex_food_energy_yoy,CPI Ex Food and Energy (YoY),Inflation,1,retail_sales_mom,Retail Sales (MoM),Growth,2,74,-0.01675993108501408,0.01675993108501408
BOJ,balance_of_trade,Balance of Trade,Growth,2,leading_index_mom,Leading Index (MoM),Growth,2,22,0.01663828968412984,0.01663828968412984
RBA,ai_group_industry_index,Ai Group Industry Index,Growth,3,private_sector_credit_mom,Private Sector Credit (MoM),Growth,3,36,0.016590166114442407,0.016590166114442407
RBA,import_price_index_qoq,Import Price Index (QoQ),Inflation,2,rba_weighted_median_cpi_yoy,RBA Weighted Median CPI (YoY),Inflation,1,24,0.016448462472931972,0.016448462472931972
RBA,consumer_inflation_expectation,Consumer Inflation Expectation,Inflation,2,employment_change,Employment Change,Labor,1,73,-0.016332837760857647,0.016332837760857647
BOC,retail_sales_ex_autos_mom,Retail Sales Ex Autos (MoM),Growth,2,unemployment_rate,Unemployment Rate,Labor,1,71,0.016319205510340218,0.016319205510340218
RBA,part_time_employment_change,Part-Time Employment Change,Labor,1,private_sector_credit_yoy,Private Sector Credit (YoY),Growth,3,75,-0.01618482660273478,0.01618482660273478
BOE,public_sector_net_borrowing,Public Sector Net Borrowing,Growth,3,retail_sales_mom,Retail Sales (MoM),Growth,1,68,-0.016123054764743655,0.016123054764743655
RBA,exports_mom,Exports (MoM),Trade,2,nab_business_confidence,NAB Business Confidence,Sentiment,2,70,-0.016092477139369253,0.016092477139369253
BOE,core_cpi_yoy,Core CPI (YoY),Inflation,1,ppi_input_mom,PPI Input (MoM),Inflation,3,66,-0.015958518729304202,0.015958518729304202
FED,retail_sales_mom,Retail Sales (MoM),Growth,1,umich_consumer_sentiment,UMich Consumer Sentiment,Sentiment,2,30,-0.01590157258957716,0.01590157258957716
BOJ,imports_yoy,Imports (YoY),Growth,2,leading_index_mom,Leading Index (MoM),Growth,2,22,0.015858625307754864,0.015858625307754864
BOE,retail_price_index_mom,Retail Price Index (MoM),Inflation,3,retail_sales_yoy,Retail Sales (YoY),Growth,1,69,0.01581801829396115,0.01581801829396115
BOE,house_price_index_yoy,House Price Index (YoY),Housing,3,retail_sales_ex_fuel_mom,Retail Sales Ex Fuel (MoM),Growth,2,73,-0.015714134518145753,0.015714134518145753
BOC,budget_balance,Budget Balance,Growth,3,gdp_mom,GDP (MoM),Growth,1,69,0.015623182494925702,0.015623182494925702
BOC,core_cpi_yoy,Core CPI (YoY),Inflation,1,gdp_mom,GDP (MoM),Growth,1,70,-0.015568763764922647,0.015568763764922647
RBA,part_time_employment_change,Part-Time Employment Change,Labor,1,unemployment_rate,Unemployment Rate,Labor,1,76,0.015373133688164474,0.015373133688164474
RBA,employment_change,Employment Change,Labor,1,private_sector_credit_yoy,Private Sector Credit (YoY),Growth,3,75,0.015249191535766793,0.015249191535766793
BOC,core_cpi_mom,Core CPI (MoM),Inflation,2,wholesale_sales_mom,Wholesale Sales (MoM),Growth,2,43,-0.014624478375374008,0.014624478375374008
RBA,corelogic_dwelling_prices_mom,CoreLogic Dwelling Prices (MoM),Housing,2,nab_business_confidence,NAB Business Confidence,Sentiment,2,28,-0.01452573214641729,0.01452573214641729
BOE,core_cpi_yoy,Core CPI (YoY),Inflation,1,gdp_mom,GDP (MoM),Growth,1,68,0.014350645634783348,0.014350645634783348
RBA,corelogic_dwelling_prices_mom,CoreLogic Dwelling Prices (MoM),Housing,2,westpac_consumer_confidence_change,Westpac Consumer Confidence Change,Sentiment,2,30,-0.014149445995975026,0.014149445995975026
BOE,cbi_business_optimism,CBI Business Optimism Index,Sentiment,3,house_price_index_yoy,House Price Index (YoY),Housing,3,23,0.014114494827498951,0.014114494827498951
ECB,construction_output_yoy,Construction Output (YoY),Growth,2,core_cpi_yoy,Core HICP (YoY),Inflation,1,74,0.013975568986793705,0.013975568986793705
BOE,gdp_mom,GDP (MoM),Growth,1,ppi_core_output_yoy,PPI Core Output (YoY),Inflation,3,60,0.013931060940003135,0.013931060940003135
BOJ,core_cpi_yoy,Core CPI (YoY),Inflation,1,manufacturing_pmi,S&P Global Manufacturing PMI,Growth,2,74,-0.013831007711046187,0.013831007711046187
BOC,part_time_employment_change,Part-Time Employment Change,Labor,1,unemployment_rate,Unemployment Rate,Labor,1,76,0.013804977620865293,0.013804977620865293
BOJ,industrial_production_mom,Industrial Production (MoM),Growth,2,reuters_tankan_index,Reuters Tankan Index,Sentiment,2,75,0.013795572946661297,0.013795572946661297
SNB,producer_import_prices_mom,Producer & Import Prices (MoM),Inflation,2,unemployment_rate,Unemployment Rate,Labor,2,68,0.013488044725567836,0.013488044725567836
BOJ,capacity_utilization,Capacity Utilization,Growth,2,cpi_ex_food_energy_yoy,CPI Ex Food and Energy (YoY),Inflation,1,73,-0.013310051723310281,0.013310051723310281
BOC,imports,Imports,Trade,2,ppi_yoy,PPI (YoY),Inflation,2,75,0.013189985310105687,0.013189985310105687
BOE,gdp_qoq,GDP (QoQ),Growth,1,retail_price_index_yoy,Retail Price Index (YoY),Inflation,3,24,0.013096768208916197,0.013096768208916197
BOE,avg_earnings_excl_bonus,Average Earnings (excl. Bonus),Labor,1,services_pmi,Services PMI,Growth,1,27,-0.01309651465245504,0.01309651465245504
FED,consumer_inflation_expectations,Consumer Inflation Expectations,Inflation,2,umich_inflation_exp_5y,UMich 5Y Inflation Expectations,Inflation,2,33,0.01293149348421147,0.01293149348421147
FED,consumer_inflation_expectations,Consumer Inflation Expectations,Inflation,2,sp_global_services_pmi,S&P Global Services PMI,Growth,2,22,-0.012679912473576036,0.012679912473576036
BOE,core_cpi_mom,Core CPI (MoM),Inflation,2,retail_sales_yoy,Retail Sales (YoY),Growth,1,67,0.01248930599170758,0.01248930599170758
BOC,manufacturing_sales_mom,Manufacturing Sales (MoM),Growth,2,new_housing_price_index_mom,New Housing Price Index (MoM),Housing,2,64,0.012462733359990754,0.012462733359990754
BOJ,exports_yoy,Exports (YoY),Growth,2,tertiary_industry_index_mom,Tertiary Industry Index (MoM),Growth,2,74,-0.01224566264975102,0.01224566264975102
BOE,house_price_index_yoy,House Price Index (YoY),Housing,3,retail_sales_mom,Retail Sales (MoM),Growth,1,71,-0.012174271966508646,0.012174271966508646
BOE,avg_earnings_incl_bonus,Average Earnings (incl. Bonus),Labor,2,consumer_confidence,Consumer Confidence,Sentiment,3,73,0.012135928663963737,0.012135928663963737
BOJ,imports_yoy,Imports (YoY),Growth,2,retail_sales_mom,Retail Sales (MoM),Growth,2,75,-0.012080315514123325,0.012080315514123325
BOJ,cpi_ex_food_energy_yoy,CPI Ex Food and Energy (YoY),Inflation,1,machinery_orders_mom,Machinery Orders (MoM),Growth,2,73,-0.012078582130419922,0.012078582130419922
BOC,cpi_headline_yoy,Headline CPI (YoY),Inflation,1,retail_sales_mom,Retail Sales (MoM),Growth,1,72,-0.012067747005728578,0.012067747005728578
BOJ,cpi_index,Consumer Price Index,Inflation,2,current_account,Current Account,Growth,2,70,0.011941012616499349,0.011941012616499349
FED,cpi_headline_yoy,Headline CPI (YoY),Inflation,1,retail_sales_mom,Retail Sales (MoM),Growth,1,32,0.01191073591375554,0.01191073591375554
RBA,ai_group_construction_index,Ai Group Construction Index,Growth,3,private_sector_credit_mom,Private Sector Credit (MoM),Growth,3,67,-0.011840050269027107,0.011840050269027107
BOC,cpi_headline_yoy,Headline CPI (YoY),Inflation,1,retail_sales_ex_autos_mom,Retail Sales Ex Autos (MoM),Growth,2,71,0.011789481873497556,0.011789481873497556
BOJ,cpi_index,Consumer Price Index,Inflation,2,exports_yoy,Exports (YoY),Growth,2,70,-0.011752623188581189,0.011752623188581189
BOJ,imports_yoy,Imports (YoY),Growth,2,tertiary_industry_index_mom,Tertiary Industry Index (MoM),Growth,2,74,0.011715255174558872,0.011715255174558872
FED,avg_hourly_earnings_mom,Average Hourly Earnings (MoM),Labor,2,sp_global_services_pmi,S&P Global Services PMI,Growth,2,22,-0.011694082504987019,0.011694082504987019
FED,cpi_headline_yoy,Headline CPI (YoY),Inflation,1,umich_inflation_exp_5y,UMich 5Y Inflation Expectations,Inflation,2,33,0.011677444353915382,0.011677444353915382
BOC,core_cpi_yoy,Core CPI (YoY),Inflation,1,ppi_mom,PPI (MoM),Inflation,2,72,0.011573848290947014,0.011573848290947014
RBA,consumer_inflation_expectation,Consumer Inflation Expectation,Inflation,2,private_house_approvals_mom,Private House Approvals (MoM),Housing,2,50,-0.011479983648933923,0.011479983648933923
BOE,retail_sales_mom,Retail Sales (MoM),Growth,1,unemployment_rate,Unemployment Rate,Labor,1,73,0.011460901757224253,0.011460901757224253
BOJ,imports_yoy,Imports (YoY),Growth,2,industrial_production_mom,Industrial Production (MoM),Growth,2,76,-0.01136641150255385,0.01136641150255385
BOC,imports,Imports,Trade,2,raw_materials_prices_yoy,Raw Materials Prices (YoY),Inflation,3,75,0.011228811738535792,0.011228811738535792
RBA,export_price_index_qoq,Export Price Index (QoQ),Inflation,2,private_sector_credit_mom,Private Sector Credit (MoM),Growth,3,22,-0.011102189153931418,0.011102189153931418
FED,new_home_sales,New Home Sales,Housing,2,pce_price_index_mom,PCE Price Index (MoM),Inflation,1,37,-0.011015811136552289,0.011015811136552289
BOJ,cpi_headline_yoy,Headline CPI (YoY),Inflation,1,exports_yoy,Exports (YoY),Growth,2,75,-0.010855571561179505,0.010855571561179505
FED,pce_price_index_yoy,PCE Price Index (YoY),Inflation,1,sp_global_composite_pmi,S&P Global Composite PMI,Growth,2,21,-0.010821181444028827,0.010821181444028827
RBA,building_permits,Building Permits,Housing,2,part_time_employment_change,Part-Time Employment Change,Labor,1,71,0.010804915569711623,0.010804915569711623
BOJ,cpi_headline_mom,Headline CPI (MoM),Inflation,2,household_spending_yoy,Household Spending (YoY),Growth,2,68,-0.010569369150510228,0.010569369150510228
BOC,cfib_business_barometer,CFIB Business Barometer,Sentiment,2,part_time_employment_change,Part-Time Employment Change,Labor,1,54,0.010334111837793498,0.010334111837793498
BOC,budget_balance,Budget Balance,Growth,3,retail_sales_ex_autos_mom,Retail Sales Ex Autos (MoM),Growth,2,71,-0.010228170606632048,0.010228170606632048
RBA,ai_group_construction_index,Ai Group Construction Index,Growth,3,building_permits,Building Permits,Housing,2,66,0.010190338490225484,0.010190338490225484
BOC,budget_balance,Budget Balance,Growth,3,wholesale_sales_mom,Wholesale Sales (MoM),Growth,2,73,0.010099400700389963,0.010099400700389963
BOC,manufacturing_pmi,Manufacturing PMI,Growth,2,wholesale_sales_mom,Wholesale Sales (MoM),Growth,2,47,0.010064889996139205,0.010064889996139205
RBA,consumer_inflation_expectation,Consumer Inflation Expectation,Inflation,2,full_time_employment_change,Full-Time Employment Change,Labor,1,73,0.010015079508134954,0.010015079508134954
BOC,employment_change,Employment Change,Labor,1,vehicle_sales_mom,Vehicle Sales (MoM),Growth,3,20,-0.009943366141644218,0.009943366141644218
BOE,cpi_headline_yoy,Headline CPI (YoY),Inflation,1,gdp_qoq,GDP (QoQ),Growth,1,24,0.0098511331740919,0.0098511331740919
FED,ism_manufacturing_new_orders,ISM Manufacturing New Orders,Growth,2,new_home_sales,New Home Sales,Housing,2,31,-0.00953855222960904,0.00953855222960904
BOJ,capacity_utilization,Capacity Utilization,Growth,2,core_cpi_yoy,Core CPI (YoY),Inflation,1,72,-0.009537720402693815,0.009537720402693815
BOJ,exports_yoy,Exports (YoY),Growth,2,leading_index_mom,Leading Index (MoM),Growth,2,22,0.009456068348215088,0.009456068348215088
BOC,composite_pmi,Composite PMI,Growth,2,gdp_mom,GDP (MoM),Growth,1,26,-0.00936618078775057,0.00936618078775057
BOJ,cpi_ex_food_energy_yoy,CPI Ex Food and Energy (YoY),Inflation,1,industrial_production_mom,Industrial Production (MoM),Growth,2,75,-0.009356780614147697,0.009356780614147697
ECB,consumer_inflation_expectation,Consumer Inflation Expectation,Inflation,2,core_cpi_yoy,Core HICP (YoY),Inflation,1,76,0.009280283319297585,0.009280283319297585
BOJ,machine_tool_orders_yoy,Machine Tool Orders (YoY),Growth,3,retail_sales_mom,Retail Sales (MoM),Growth,2,75,-0.009066827898178339,0.009066827898178339
BOC,gdp_mom,GDP (MoM),Growth,1,unemployment_rate,Unemployment Rate,Labor,1,70,0.008776210346096198,0.008776210346096198
BOJ,capacity_utilization,Capacity Utilization,Growth,2,cpi_headline_yoy,Headline CPI (YoY),Inflation,1,73,0.008664716739246183,0.008664716739246183
RBA,cpi_headline_qoq,Headline CPI (QoQ),Inflation,1,current_account,Current Account,Trade,2,24,-0.008570476707894539,0.008570476707894539
BOE,retail_sales_ex_fuel_mom,Retail Sales Ex Fuel (MoM),Growth,2,unemployment_rate,Unemployment Rate,Labor,1,75,0.00839527703850346,0.00839527703850346
RBA,private_house_approvals_mom,Private House Approvals (MoM),Housing,2,private_sector_credit_mom,Private Sector Credit (MoM),Growth,3,52,-0.00837969096449937,0.00837969096449937
RBA,current_account,Current Account,Trade,2,exports_mom,Exports (MoM),Trade,2,24,-0.008244916525354749,0.008244916525354749
FED,average_weekly_hours,Average Weekly Hours,Labor,2,core_pce_price_index_yoy,Core PCE Price Index (YoY),Inflation,1,34,0.00822391109616498,0.00822391109616498
RBA,exports_mom,Exports (MoM),Trade,2,rba_weighted_median_cpi_qoq,RBA Weighted Median CPI (QoQ),Inflation,1,23,-0.008079572208935164,0.008079572208935164
RBA,exports_mom,Exports (MoM),Trade,2,producer_price_index_yoy,Producer Price Index (YoY),Inflation,2,24,0.007818227431156819,0.007818227431156819
BOJ,cpi_headline_yoy,Headline CPI (YoY),Inflation,1,industrial_production_mom,Industrial Production (MoM),Growth,2,75,-0.007741199184406222,0.007741199184406222
BOJ,current_account,Current Account,Growth,2,household_spending_yoy,Household Spending (YoY),Growth,2,76,0.007672992692123341,0.007672992692123341
BOJ,core_cpi_yoy,Core CPI (YoY),Inflation,1,industrial_production_mom,Industrial Production (MoM),Growth,2,74,-0.0076728670936493755,0.0076728670936493755
BOC,core_cpi_mom,Core CPI (MoM),Inflation,2,full_time_employment_change,Full-Time Employment Change,Labor,1,45,-0.007664298807485198,0.007664298807485198
BOE,gdp_qoq,GDP (QoQ),Growth,1,ppi_core_output_yoy,PPI Core Output (YoY),Inflation,3,22,0.007590819882358296,0.007590819882358296
FED,new_home_sales,New Home Sales,Housing,2,retail_sales_yoy,Retail Sales (YoY),Growth,2,37,-0.007392819783115529,0.007392819783115529
BOC,budget_balance,Budget Balance,Growth,3,manufacturing_sales_mom,Manufacturing Sales (MoM),Growth,2,72,-0.007295853751159027,0.007295853751159027
RBNZ,credit_card_spending_yoy,Credit Card Spending (YoY),Growth,3,participation_rate,Labor Force Participation Rate,Labor,1,20,-0.007190610371254771,0.007190610371254771
BOJ,imports_yoy,Imports (YoY),Growth,2,machinery_orders_mom,Machinery Orders (MoM),Growth,2,74,0.007156372759640077,0.007156372759640077
BOE,employment_change,Employment Change,Labor,2,gdp_qoq,GDP (QoQ),Growth,1,24,0.007052153671020434,0.007052153671020434
BOJ,balance_of_trade,Balance of Trade,Growth,2,tertiary_industry_index_mom,Tertiary Industry Index (MoM),Growth,2,74,-0.006957737865957501,0.006957737865957501
BOJ,cpi_ex_food_energy_yoy,CPI Ex Food and Energy (YoY),Inflation,1,household_spending_mom,Household Spending (MoM),Growth,2,74,-0.006623200061835423,0.006623200061835423
BOE,cbi_industrial_trends_orders,CBI Industrial Trends Orders,Sentiment,3,consumer_confidence,Consumer Confidence,Sentiment,3,76,0.006577723381482486,0.006577723381482486
FED,cpi_headline_yoy,Headline CPI (YoY),Inflation,1,sp_global_composite_pmi,S&P Global Composite PMI,Growth,2,22,-0.006514816058808766,0.006514816058808766
BOE,core_cpi_mom,Core CPI (MoM),Inflation,2,retail_sales_mom,Retail Sales (MoM),Growth,1,67,-0.006473929334342591,0.006473929334342591
RBA,full_time_employment_change,Full-Time Employment Change,Labor,1,producer_price_index_yoy,Producer Price Index (YoY),Inflation,2,24,0.006463864049412146,0.006463864049412146
FED,average_weekly_hours,Average Weekly Hours,Labor,2,government_payrolls,Government Payrolls,Labor,2,37,0.006458685412602105,0.006458685412602105
BOE,core_rpi_yoy,Core RPI (YoY),Inflation,3,hmrc_payrolls_change,HMRC Payrolls Change,Labor,2,24,0.0064016826753342075,0.0064016826753342075
BOE,retail_sales_mom,Retail Sales (MoM),Growth,1,services_pmi,Services PMI,Growth,1,25,-0.0063072823398487065,0.0063072823398487065
RBA,ai_group_manufacturing_index,Ai Group Manufacturing Index,Growth,3,cpi_headline_yoy,Headline CPI (YoY),Inflation,1,26,-0.006213458129898181,0.006213458129898181
BOC,budget_balance,Budget Balance,Growth,3,manufacturing_pmi,Manufacturing PMI,Growth,2,46,0.005642269992655773,0.005642269992655773
BOE,employment_change,Employment Change,Labor,2,retail_sales_ex_fuel_mom,Retail Sales Ex Fuel (MoM),Growth,2,74,0.005487929624141,0.005487929624141
BOE,industrial_production_yoy,Industrial Production (YoY),Growth,2,manufacturing_pmi,Manufacturing PMI,Growth,2,27,0.005479389270209151,0.005479389270209151
BOE,core_rpi_yoy,Core RPI (YoY),Inflation,3,retail_sales_yoy,Retail Sales (YoY),Growth,1,23,-0.005476824445302189,0.005476824445302189
BOC,budget_balance,Budget Balance,Growth,3,part_time_employment_change,Part-Time Employment Change,Labor,1,73,-0.005329735572366787,0.005329735572366787
BOC,balance_of_trade,Balance of Trade,Trade,2,imports,Imports,Trade,2,76,0.005297345257444963,0.005297345257444963
BOC,new_housing_price_index_yoy,New Housing Price Index (YoY),Housing,2,unemployment_rate,Unemployment Rate,Labor,1,63,0.0050781671625252135,0.0050781671625252135
FED,participation_rate,Labor Force Participation Rate,Labor,2,ppi_yoy,PPI (YoY),Inflation,2,35,0.0050402257927730214,0.0050402257927730214
BOC,cpi_headline_yoy,Headline CPI (YoY),Inflation,1,new_housing_price_index_mom,New Housing Price Index (MoM),Housing,2,65,-0.005032240994484758,0.005032240994484758
BOJ,consumer_confidence,Consumer Confidence,Sentiment,2,cpi_headline_mom,Headline CPI (MoM),Inflation,2,69,-0.004896831647237212,0.004896831647237212
FED,avg_hourly_earnings_yoy,Average Hourly Earnings (YoY),Labor,1,michigan_inflation_expectations,Michigan Inflation Expectations,Inflation,2,32,-0.004743254585679187,0.004743254585679187
BOJ,household_spending_mom,Household Spending (MoM),Growth,2,ppi_yoy,PPI (YoY),Inflation,2,74,-0.0042053293786349115,0.0042053293786349115
BOC,imports,Imports,Trade,2,retail_sales_ex_autos_mom,Retail Sales Ex Autos (MoM),Growth,2,72,0.004109074093309364,0.004109074093309364
BOE,gdp_qoq,GDP (QoQ),Growth,1,nationwide_hpi_yoy,Nationwide House Prices (YoY),Housing,3,24,0.003922646092821573,0.003922646092821573
BOE,cpi_headline_mom,Headline CPI (MoM),Inflation,2,retail_sales_yoy,Retail Sales (YoY),Growth,1,65,0.0038311745306910438,0.0038311745306910438
BOC,imports,Imports,Trade,2,wholesale_sales_mom,Wholesale Sales (MoM),Growth,2,75,0.0038170923209931043,0.0038170923209931043
BOJ,industrial_production_yoy,Industrial Production (YoY),Growth,2,tertiary_industry_index_mom,Tertiary Industry Index (MoM),Growth,2,75,-0.0037872310278173646,0.0037872310278173646
FED,core_pce_price_index_mom,Core PCE Price Index (MoM),Inflation,1,umich_consumer_sentiment,UMich Consumer Sentiment,Sentiment,2,30,0.003661959024477026,0.003661959024477026
BOE,avg_earnings_excl_bonus,Average Earnings (excl. Bonus),Labor,1,ppi_core_output_mom,PPI Core Output (MoM),Inflation,3,53,0.0035689660185423398,0.0035689660185423398
BOJ,capacity_utilization,Capacity Utilization,Growth,2,imports_yoy,Imports (YoY),Growth,2,74,0.0035581030349149776,0.0035581030349149776
BOJ,consumer_confidence,Consumer Confidence,Sentiment,2,tankan_large_all_industry_capex,Tankan Large All Industry Capex,Sentiment,2,25,0.003557728268010566,0.003557728268010566
RBA,consumer_inflation_expectation,Consumer Inflation Expectation,Inflation,2,nab_business_confidence,NAB Business Confidence,Sentiment,2,69,0.0035248211427681368,0.0035248211427681368
RBA,building_permits,Building Permits,Housing,2,westpac_consumer_confidence_change,Westpac Consumer Confidence Change,Sentiment,2,69,0.003512780292986616,0.003512780292986616
RBA,ai_group_manufacturing_index,Ai Group Manufacturing Index,Growth,3,leading_index_mom,Leading Index (MoM),Growth,3,56,0.0034948934765373784,0.0034948934765373784
SNB,consumer_confidence,Consumer Confidence,Sentiment,2,cpi_headline_mom,Headline CPI (MoM),Inflation,2,33,0.0034417508381274445,0.0034417508381274445
FED,manufacturing_payrolls,Manufacturing Payrolls,Labor,2,sp_global_services_pmi,S&P Global Services PMI,Growth,2,22,0.0033139108241970598,0.0033139108241970598
FED,average_weekly_hours,Average Weekly Hours,Labor,2,core_cpi_yoy,Core CPI (YoY),Inflation,1,35,-0.0031205722805516213,0.0031205722805516213
BOJ,industrial_production_yoy,Industrial Production (YoY),Growth,2,unemployment_rate,Unemployment Rate,Labor,2,75,0.0030771724225958984,0.0030771724225958984
BOE,avg_earnings_incl_bonus,Average Earnings (incl. Bonus),Labor,2,gdp_mom,GDP (MoM),Growth,1,68,-0.0030028465435013134,0.0030028465435013134
FED,core_ppi_mom,Core PPI (MoM),Inflation,2,participation_rate,Labor Force Participation Rate,Labor,2,31,0.002900806884631413,0.002900806884631413
RBA,private_sector_credit_yoy,Private Sector Credit (YoY),Growth,3,retail_sales_mom,Retail Sales (MoM),Growth,1,65,-0.002747455750313833,0.002747455750313833
BOE,cpi_headline_yoy,Headline CPI (YoY),Inflation,1,gdp_mom,GDP (MoM),Growth,1,68,0.0026335826375345987,0.0026335826375345987
BOC,exports,Exports,Trade,2,ppi_mom,PPI (MoM),Inflation,2,72,0.0024903956870994215,0.0024903956870994215
RBA,commodity_prices_yoy,Commodity Prices (YoY),Inflation,3,employment_change,Employment Change,Labor,1,52,-0.0023990595312396758,0.0023990595312396758
BOC,core_cpi_mom,Core CPI (MoM),Inflation,2,exports,Exports,Trade,2,44,-0.0022704506996565847,0.0022704506996565847
BOE,core_rpi_yoy,Core RPI (YoY),Inflation,3,house_price_index_mom,House Price Index (MoM),Housing,3,19,-0.0021998450700785725,0.0021998450700785725
BOJ,cpi_headline_mom,Headline CPI (MoM),Inflation,2,tertiary_industry_index_mom,Tertiary Industry Index (MoM),Growth,2,67,0.002044701020650954,0.002044701020650954
BOJ,cpi_headline_mom,Headline CPI (MoM),Inflation,2,machinery_orders_mom,Machinery Orders (MoM),Growth,2,67,0.0019620360598488,0.0019620360598488
BOJ,core_cpi_yoy,Core CPI (YoY),Inflation,1,retail_sales_mom,Retail Sales (MoM),Growth,2,73,0.0017467072846569468,0.0017467072846569468
BOE,employment_change,Employment Change,Labor,2,retail_sales_mom,Retail Sales (MoM),Growth,1,72,0.0016993613469638439,0.0016993613469638439
BOE,retail_sales_ex_fuel_mom,Retail Sales Ex Fuel (MoM),Growth,2,services_pmi,Services PMI,Growth,1,27,0.0016265056817485854,0.0016265056817485854
RBA,balance_of_trade,Balance of Trade,Trade,2,retail_sales_mom,Retail Sales (MoM),Growth,1,66,0.0015998208480862885,0.0015998208480862885
FED,retail_sales_yoy,Retail Sales (YoY),Growth,2,umich_inflation_exp_5y,UMich 5Y Inflation Expectations,Inflation,2,33,-0.0015604143807003408,0.0015604143807003408
BOJ,gdp_qoq,GDP (QoQ),Growth,1,tankan_large_all_industry_capex,Tankan Large All Industry Capex,Sentiment,2,24,0.0015406569016570412,0.0015406569016570412
RBA,ai_group_construction_index,Ai Group Construction Index,Growth,3,producer_price_index_qoq,Producer Price Index (QoQ),Inflation,2,23,0.0014565959920852542,0.0014565959920852542
BOJ,cpi_index,Consumer Price Index,Inflation,2,industrial_production_yoy,Industrial Production (YoY),Growth,2,70,0.001439362514104812,0.001439362514104812
BOJ,coincident_indicator_mom,Coincident Indicator (MoM),Growth,2,core_cpi_yoy,Core CPI (YoY),Inflation,1,22,-0.0013417147610475003,0.0013417147610475003
FED,retail_sales_mom,Retail Sales (MoM),Growth,1,unemployment_rate,Unemployment Rate,Labor,1,32,-0.001300197226179488,0.001300197226179488
BOJ,imports_yoy,Imports (YoY),Growth,2,tankan_large_non_manufacturing_index,Tankan Large Non-Manufacturing Index,Sentiment,2,25,0.0012119184584253172,0.0012119184584253172
RBA,exports_mom,Exports (MoM),Trade,2,rba_trimmed_mean_cpi_qoq,RBA Trimmed Mean CPI (QoQ),Inflation,1,24,-0.0009163964272229815,0.0009163964272229815
BOE,gdp_mom,GDP (MoM),Growth,1,retail_price_index_yoy,Retail Price Index (YoY),Inflation,3,68,0.0007413775086788857,0.0007413775086788857
BOJ,ppi_yoy,PPI (YoY),Inflation,2,retail_sales_mom,Retail Sales (MoM),Growth,2,74,0.0004700847468968755,0.0004700847468968755
BOJ,household_spending_mom,Household Spending (MoM),Growth,2,unemployment_rate,Unemployment Rate,Labor,2,75,0.0004485994218250118,0.0004485994218250118
RBA,ai_group_manufacturing_index,Ai Group Manufacturing Index,Growth,3,employment_change,Employment Change,Labor,1,70,-0.0002767812388255759,0.0002767812388255759
BOJ,coincident_indicator_mom,Coincident Indicator (MoM),Growth,2,composite_pmi,S&P Global Composite PMI,Growth,2,19,-0.00023554795677341265,0.00023554795677341265
BOJ,balance_of_trade,Balance of Trade,Growth,2,tankan_large_manufacturing_outlook,Tankan Large Manufacturing Outlook,Sentiment,2,25,-0.0002305259303072771,0.0002305259303072771
RBA,leading_index_mom,Leading Index (MoM),Growth,3,rba_trimmed_mean_cpi_yoy,RBA Trimmed Mean CPI (YoY),Inflation,1,19,0.0002257959808958988,0.0002257959808958988
BOJ,cpi_headline_yoy,Headline CPI (YoY),Inflation,1,imports_yoy,Imports (YoY),Growth,2,75,0.00015546936101636777,0.00015546936101636777
