target_row_id,source_release_id,indicator_id,country_code,currency_code,headline_target_type,indicator_key,indicator_name,reference_period_start,release_timestamp_utc,actual_value,prior_actual_value,direction_target,direction_label,momentum_value,prior_momentum_value,acceleration_target,acceleration_label,binary_up_target,target_quality_flags,processed_at
1,33750,19,US,USD,CPI,cpi_headline_yoy,Headline CPI (YoY),2020-02-01,2020-03-11T12:30:00+00:00,2.300000,,,,,,,,,"[""direction_target_short_history"", ""acceleration_target_short_history""]",2026-04-24T07:51:03.322738+00:00
2,33507,19,US,USD,CPI,cpi_headline_yoy,Headline CPI (YoY),2020-03-01,2020-04-10T12:30:00+00:00,1.500000,2.300000,-1,down,,,,,0,"[""acceleration_target_short_history""]",2026-04-24T07:51:03.322738+00:00
3,33270,19,US,USD,CPI,cpi_headline_yoy,Headline CPI (YoY),2020-04-01,2020-05-12T12:30:00+00:00,0.300000,1.500000,-1,down,-0.400000,,,,0,"[""acceleration_target_short_history""]",2026-04-24T07:51:03.322738+00:00
4,33014,19,US,USD,CPI,cpi_headline_yoy,Headline CPI (YoY),2020-05-01,2020-06-10T12:30:00+00:00,0.100000,0.300000,-1,down,1.000000,-0.400000,1,accelerating,0,[],2026-04-24T07:51:03.322738+00:00
5,34795,19,US,USD,CPI,cpi_headline_yoy,Headline CPI (YoY),2020-08-01,2020-09-11T12:30:00+00:00,1.300000,0.100000,1,up,1.400000,1.000000,1,accelerating,1,[],2026-04-24T07:51:03.322738+00:00
6,34532,19,US,USD,CPI,cpi_headline_yoy,Headline CPI (YoY),2020-09-01,2020-10-13T12:30:00+00:00,1.400000,1.300000,1,up,-1.100000,1.400000,-1,decelerating,1,[],2026-04-24T07:51:03.322738+00:00
7,34254,19,US,USD,CPI,cpi_headline_yoy,Headline CPI (YoY),2020-10-01,2020-11-12T13:30:00+00:00,1.200000,1.400000,-1,down,-0.300000,-1.100000,1,accelerating,0,[],2026-04-24T07:51:03.322738+00:00
8,33986,19,US,USD,CPI,cpi_headline_yoy,Headline CPI (YoY),2020-11-01,2020-12-10T13:30:00+00:00,1.200000,1.200000,0,flat,0.200000,-0.300000,1,accelerating,0,[],2026-04-24T07:51:03.322738+00:00
9,35506,19,US,USD,CPI,cpi_headline_yoy,Headline CPI (YoY),2021-03-01,2021-04-13T12:30:00+00:00,2.600000,1.200000,1,up,1.400000,0.200000,1,accelerating,1,[],2026-04-24T07:51:03.322738+00:00
10,35249,19,US,USD,CPI,cpi_headline_yoy,Headline CPI (YoY),2021-04-01,2021-05-12T12:30:00+00:00,4.200000,2.600000,1,up,0.200000,1.400000,-1,decelerating,1,[],2026-04-24T07:51:03.322738+00:00
11,34983,19,US,USD,CPI,cpi_headline_yoy,Headline CPI (YoY),2021-05-01,2021-06-10T12:30:00+00:00,5.000000,4.200000,1,up,-0.800000,0.200000,-1,decelerating,1,[],2026-04-24T07:51:03.322738+00:00
12,36590,19,US,USD,CPI,cpi_headline_yoy,Headline CPI (YoY),2021-09-01,2021-10-13T12:30:00+00:00,5.400000,5.000000,1,up,-0.400000,-0.800000,1,accelerating,1,[],2026-04-24T07:51:03.322738+00:00
13,36289,19,US,USD,CPI,cpi_headline_yoy,Headline CPI (YoY),2021-10-01,2021-11-10T13:30:00+00:00,6.200000,5.400000,1,up,0.400000,-0.400000,1,accelerating,1,[],2026-04-24T07:51:03.322738+00:00
14,35980,19,US,USD,CPI,cpi_headline_yoy,Headline CPI (YoY),2021-11-01,2021-12-10T13:30:00+00:00,6.800000,6.200000,1,up,-0.200000,0.400000,-1,decelerating,1,[],2026-04-24T07:51:03.322738+00:00
15,37548,19,US,USD,CPI,cpi_headline_yoy,Headline CPI (YoY),2022-03-01,2022-04-12T12:30:00+00:00,8.500000,6.800000,1,up,1.100000,-0.200000,1,accelerating,1,[],2026-04-24T07:51:03.322738+00:00
16,37263,19,US,USD,CPI,cpi_headline_yoy,Headline CPI (YoY),2022-04-01,2022-05-11T12:30:00+00:00,8.300000,8.500000,-1,down,-1.900000,1.100000,-1,decelerating,0,[],2026-04-24T07:51:03.322738+00:00
17,36984,19,US,USD,CPI,cpi_headline_yoy,Headline CPI (YoY),2022-05-01,2022-06-10T12:30:00+00:00,8.600000,8.300000,1,up,0.500000,-1.900000,1,accelerating,1,[],2026-04-24T07:51:03.322738+00:00
18,38508,19,US,USD,CPI,cpi_headline_yoy,Headline CPI (YoY),2022-09-01,2022-10-13T12:30:00+00:00,8.200000,8.600000,-1,down,-0.700000,0.500000,-1,decelerating,0,[],2026-04-24T07:51:03.322738+00:00
19,38236,19,US,USD,CPI,cpi_headline_yoy,Headline CPI (YoY),2022-10-01,2022-11-10T13:30:00+00:00,7.700000,8.200000,-1,down,-0.100000,-0.700000,1,accelerating,0,[],2026-04-24T07:51:03.322738+00:00
20,37940,19,US,USD,CPI,cpi_headline_yoy,Headline CPI (YoY),2022-11-01,2022-12-13T13:30:00+00:00,7.100000,7.700000,-1,down,-0.100000,-0.100000,0,flat,0,[],2026-04-24T07:51:03.322738+00:00
21,39557,19,US,USD,CPI,cpi_headline_yoy,Headline CPI (YoY),2023-03-01,2023-04-12T12:30:00+00:00,5.000000,7.100000,-1,down,-1.500000,-0.100000,-1,decelerating,0,[],2026-04-24T07:51:03.322738+00:00
22,39294,19,US,USD,CPI,cpi_headline_yoy,Headline CPI (YoY),2023-04-01,2023-05-10T12:30:00+00:00,4.900000,5.000000,-1,down,2.000000,-1.500000,1,accelerating,0,[],2026-04-24T07:51:03.322738+00:00
23,38979,19,US,USD,CPI,cpi_headline_yoy,Headline CPI (YoY),2023-05-01,2023-06-13T12:30:00+00:00,4.000000,4.900000,-1,down,-0.800000,2.000000,-1,decelerating,0,[],2026-04-24T07:51:03.322738+00:00
24,40577,19,US,USD,CPI,cpi_headline_yoy,Headline CPI (YoY),2023-09-01,2023-10-12T12:30:00+00:00,3.700000,4.000000,-1,down,0.600000,-0.800000,1,accelerating,0,[],2026-04-24T07:51:03.322738+00:00
25,40243,19,US,USD,CPI,cpi_headline_yoy,Headline CPI (YoY),2023-10-01,2023-11-14T13:30:00+00:00,3.200000,3.700000,-1,down,-0.200000,0.600000,-1,decelerating,0,[],2026-04-24T07:51:03.322738+00:00
26,39948,19,US,USD,CPI,cpi_headline_yoy,Headline CPI (YoY),2023-11-01,2023-12-12T13:30:00+00:00,3.100000,3.200000,-1,down,0.400000,-0.200000,1,accelerating,0,[],2026-04-24T07:51:03.322738+00:00
27,41343,19,US,USD,CPI,cpi_headline_yoy,Headline CPI (YoY),2024-04-01,2024-05-15T12:30:00+00:00,3.400000,3.100000,1,up,0.400000,0.400000,0,flat,1,[],2026-04-24T07:51:03.322738+00:00
28,41000,19,US,USD,CPI,cpi_headline_yoy,Headline CPI (YoY),2024-05-01,2024-06-12T12:30:00+00:00,3.300000,3.400000,-1,down,-0.400000,0.400000,-1,decelerating,0,[],2026-04-24T07:51:03.322738+00:00
29,42359,19,US,USD,CPI,cpi_headline_yoy,Headline CPI (YoY),2024-10-01,2024-11-13T13:30:00+00:00,2.600000,3.300000,-1,down,-0.600000,-0.400000,-1,decelerating,0,[],2026-04-24T07:51:03.322738+00:00
30,41976,19,US,USD,CPI,cpi_headline_yoy,Headline CPI (YoY),2024-11-01,2024-12-11T13:30:00+00:00,2.700000,2.600000,1,up,0.800000,-0.600000,1,accelerating,1,[],2026-04-24T07:51:03.322738+00:00
31,43440,19,US,USD,CPI,cpi_headline_yoy,Headline CPI (YoY),2025-04-01,2025-05-13T12:30:00+00:00,2.300000,2.700000,-1,down,-0.500000,0.800000,-1,decelerating,0,[],2026-04-24T07:51:03.322738+00:00
32,43021,19,US,USD,CPI,cpi_headline_yoy,Headline CPI (YoY),2025-05-01,2025-06-11T12:30:00+00:00,2.400000,2.300000,1,up,0.500000,-0.500000,1,accelerating,1,[],2026-04-24T07:51:03.322738+00:00
33,43883,19,US,USD,CPI,cpi_headline_yoy,Headline CPI (YoY),2025-11-01,2025-12-18T13:30:00+00:00,2.700000,2.400000,1,up,0.200000,0.500000,-1,decelerating,1,[],2026-04-24T07:51:03.322738+00:00
34,44742,19,US,USD,CPI,cpi_headline_yoy,Headline CPI (YoY),2026-01-01,2026-02-13T07:30:00+00:00,2.500000,2.700000,-1,down,-0.500000,0.200000,-1,decelerating,0,[],2026-04-24T07:51:03.322738+00:00
35,44737,19,US,USD,CPI,cpi_headline_yoy,Headline CPI (YoY),2026-01-01,2026-02-13T13:30:00+00:00,2.400000,2.500000,-1,down,0.100000,-0.500000,1,accelerating,0,[],2026-04-24T07:51:03.322738+00:00
36,2391,19,US,USD,CPI,cpi_headline_yoy,Headline CPI (YoY),2026-02-01,2026-03-11T12:30:00+00:00,2.400000,2.400000,0,flat,0.100000,0.100000,0,flat,0,[],2026-04-24T07:51:03.322738+00:00
37,45866,19,US,USD,CPI,cpi_headline_yoy,Headline CPI (YoY),2026-03-01,2026-04-10T12:30:00+00:00,2.600000,2.400000,1,up,0.200000,0.100000,1,accelerating,1,[],2026-04-24T07:51:03.322738+00:00
38,33749,20,US,USD,CPI,cpi_headline_mom,Headline CPI (MoM),2020-02-01,2020-03-11T12:30:00+00:00,0.100000,,,,,,,,,"[""direction_target_short_history"", ""acceleration_target_short_history""]",2026-04-24T07:51:03.322738+00:00
39,33504,20,US,USD,CPI,cpi_headline_mom,Headline CPI (MoM),2020-03-01,2020-04-10T12:30:00+00:00,-0.400000,0.100000,-1,down,,,,,0,"[""acceleration_target_short_history""]",2026-04-24T07:51:03.322738+00:00
40,33269,20,US,USD,CPI,cpi_headline_mom,Headline CPI (MoM),2020-04-01,2020-05-12T12:30:00+00:00,-0.800000,-0.400000,-1,down,0.100000,,,,0,"[""acceleration_target_short_history""]",2026-04-24T07:51:03.322738+00:00
41,33011,20,US,USD,CPI,cpi_headline_mom,Headline CPI (MoM),2020-05-01,2020-06-10T12:30:00+00:00,-0.100000,-0.800000,1,up,1.100000,0.100000,1,accelerating,1,[],2026-04-24T07:51:03.322738+00:00
42,34796,20,US,USD,CPI,cpi_headline_mom,Headline CPI (MoM),2020-08-01,2020-09-11T12:30:00+00:00,0.400000,-0.100000,1,up,-0.200000,1.100000,-1,decelerating,1,[],2026-04-24T07:51:03.322738+00:00
43,34530,20,US,USD,CPI,cpi_headline_mom,Headline CPI (MoM),2020-09-01,2020-10-13T12:30:00+00:00,0.200000,0.400000,-1,down,-0.700000,-0.200000,-1,decelerating,0,[],2026-04-24T07:51:03.322738+00:00
44,33985,20,US,USD,CPI,cpi_headline_mom,Headline CPI (MoM),2020-11-01,2020-12-10T13:30:00+00:00,0.200000,0.200000,0,flat,0.200000,-0.700000,1,accelerating,0,[],2026-04-24T07:51:03.322738+00:00
45,35505,20,US,USD,CPI,cpi_headline_mom,Headline CPI (MoM),2021-03-01,2021-04-13T12:30:00+00:00,0.600000,0.200000,1,up,0.400000,0.200000,1,accelerating,1,[],2026-04-24T07:51:03.322738+00:00
46,35248,20,US,USD,CPI,cpi_headline_mom,Headline CPI (MoM),2021-04-01,2021-05-12T12:30:00+00:00,0.800000,0.600000,1,up,-0.200000,0.400000,-1,decelerating,1,[],2026-04-24T07:51:03.322738+00:00
47,34982,20,US,USD,CPI,cpi_headline_mom,Headline CPI (MoM),2021-05-01,2021-06-10T12:30:00+00:00,0.600000,0.800000,-1,down,-0.400000,-0.200000,-1,decelerating,0,[],2026-04-24T07:51:03.322738+00:00
48,36589,20,US,USD,CPI,cpi_headline_mom,Headline CPI (MoM),2021-09-01,2021-10-13T12:30:00+00:00,0.400000,0.600000,-1,down,0.000000,-0.400000,1,accelerating,0,[],2026-04-24T07:51:03.322738+00:00
49,36288,20,US,USD,CPI,cpi_headline_mom,Headline CPI (MoM),2021-10-01,2021-11-10T13:30:00+00:00,0.900000,0.400000,1,up,0.700000,0.000000,1,accelerating,1,[],2026-04-24T07:51:03.322738+00:00
50,35981,20,US,USD,CPI,cpi_headline_mom,Headline CPI (MoM),2021-11-01,2021-12-10T13:30:00+00:00,0.800000,0.900000,-1,down,-0.600000,0.700000,-1,decelerating,0,[],2026-04-24T07:51:03.322738+00:00
51,37547,20,US,USD,CPI,cpi_headline_mom,Headline CPI (MoM),2022-03-01,2022-04-12T12:30:00+00:00,1.200000,0.800000,1,up,0.500000,-0.600000,1,accelerating,1,[],2026-04-24T07:51:03.322738+00:00
52,37262,20,US,USD,CPI,cpi_headline_mom,Headline CPI (MoM),2022-04-01,2022-05-11T12:30:00+00:00,0.300000,1.200000,-1,down,-1.300000,0.500000,-1,decelerating,0,[],2026-04-24T07:51:03.322738+00:00
53,36988,20,US,USD,CPI,cpi_headline_mom,Headline CPI (MoM),2022-05-01,2022-06-10T12:30:00+00:00,1.000000,0.300000,1,up,1.600000,-1.300000,1,accelerating,1,[],2026-04-24T07:51:03.322738+00:00
54,38504,20,US,USD,CPI,cpi_headline_mom,Headline CPI (MoM),2022-09-01,2022-10-13T12:30:00+00:00,0.400000,1.000000,-1,down,-1.300000,1.600000,-1,decelerating,0,[],2026-04-24T07:51:03.322738+00:00
55,38229,20,US,USD,CPI,cpi_headline_mom,Headline CPI (MoM),2022-10-01,2022-11-10T13:30:00+00:00,0.400000,0.400000,0,flat,0.600000,-1.300000,1,accelerating,0,[],2026-04-24T07:51:03.322738+00:00
56,37941,20,US,USD,CPI,cpi_headline_mom,Headline CPI (MoM),2022-11-01,2022-12-13T13:30:00+00:00,0.100000,0.400000,-1,down,-0.300000,0.600000,-1,decelerating,0,[],2026-04-24T07:51:03.322738+00:00
57,39558,20,US,USD,CPI,cpi_headline_mom,Headline CPI (MoM),2023-03-01,2023-04-12T12:30:00+00:00,0.100000,0.100000,0,flat,0.300000,-0.300000,1,accelerating,0,[],2026-04-24T07:51:03.322738+00:00
58,39293,20,US,USD,CPI,cpi_headline_mom,Headline CPI (MoM),2023-04-01,2023-05-10T12:30:00+00:00,0.400000,0.100000,1,up,0.300000,0.300000,0,flat,1,[],2026-04-24T07:51:03.322738+00:00
59,38982,20,US,USD,CPI,cpi_headline_mom,Headline CPI (MoM),2023-05-01,2023-06-13T12:30:00+00:00,0.100000,0.400000,-1,down,-0.600000,0.300000,-1,decelerating,0,[],2026-04-24T07:51:03.322738+00:00
60,40580,20,US,USD,CPI,cpi_headline_mom,Headline CPI (MoM),2023-09-01,2023-10-12T12:30:00+00:00,0.400000,0.100000,1,up,0.600000,-0.600000,1,accelerating,1,[],2026-04-24T07:51:03.322738+00:00
61,39949,20,US,USD,CPI,cpi_headline_mom,Headline CPI (MoM),2023-11-01,2023-12-12T13:30:00+00:00,0.100000,0.400000,-1,down,-0.600000,0.600000,-1,decelerating,0,[],2026-04-24T07:51:03.322738+00:00
62,41345,20,US,USD,CPI,cpi_headline_mom,Headline CPI (MoM),2024-04-01,2024-05-15T12:30:00+00:00,0.300000,0.100000,1,up,0.500000,-0.600000,1,accelerating,1,[],2026-04-24T07:51:03.322738+00:00
63,42358,20,US,USD,CPI,cpi_headline_mom,Headline CPI (MoM),2024-10-01,2024-11-13T13:30:00+00:00,0.200000,0.300000,-1,down,-0.300000,0.500000,-1,decelerating,0,[],2026-04-24T07:51:03.322738+00:00
64,41977,20,US,USD,CPI,cpi_headline_mom,Headline CPI (MoM),2024-11-01,2024-12-11T13:30:00+00:00,0.300000,0.200000,1,up,0.200000,-0.300000,1,accelerating,1,[],2026-04-24T07:51:03.322738+00:00
65,43436,20,US,USD,CPI,cpi_headline_mom,Headline CPI (MoM),2025-04-01,2025-05-13T12:30:00+00:00,0.200000,0.300000,-1,down,-0.200000,0.200000,-1,decelerating,0,[],2026-04-24T07:51:03.322738+00:00
66,43025,20,US,USD,CPI,cpi_headline_mom,Headline CPI (MoM),2025-05-01,2025-06-11T12:30:00+00:00,0.100000,0.200000,-1,down,0.000000,-0.200000,1,accelerating,0,[],2026-04-24T07:51:03.322738+00:00
67,44741,20,US,USD,CPI,cpi_headline_mom,Headline CPI (MoM),2026-01-01,2026-02-13T07:30:00+00:00,0.300000,0.100000,1,up,0.300000,0.000000,1,accelerating,1,[],2026-04-24T07:51:03.322738+00:00
68,2387,20,US,USD,CPI,cpi_headline_mom,Headline CPI (MoM),2026-02-01,2026-03-11T12:30:00+00:00,0.300000,0.300000,0,flat,-0.200000,0.300000,-1,decelerating,0,[],2026-04-24T07:51:03.322738+00:00
69,45865,20,US,USD,CPI,cpi_headline_mom,Headline CPI (MoM),2026-03-01,2026-04-10T12:30:00+00:00,0.900000,0.300000,1,up,0.600000,-0.200000,1,accelerating,1,[],2026-04-24T07:51:03.322738+00:00
70,45867,20,US,USD,CPI,cpi_headline_mom,Headline CPI (MoM),2026-03-01,2026-04-10T12:30:00+00:00,0.900000,0.900000,0,flat,-0.600000,0.600000,-1,decelerating,0,[],2026-04-24T07:51:03.322738+00:00
71,33772,27,US,USD,UNEMPLOYMENT,unemployment_rate,Unemployment Rate,2020-02-01,2020-03-06T13:30:00+00:00,3.500000,,,,,,,,,"[""direction_target_short_history"", ""acceleration_target_short_history""]",2026-04-24T07:51:03.322738+00:00
72,33561,27,US,USD,UNEMPLOYMENT,unemployment_rate,Unemployment Rate,2020-03-01,2020-04-03T12:30:00+00:00,4.400000,3.500000,1,up,,,,,1,"[""acceleration_target_short_history""]",2026-04-24T07:51:03.322738+00:00
73,33286,27,US,USD,UNEMPLOYMENT,unemployment_rate,Unemployment Rate,2020-04-01,2020-05-08T12:30:00+00:00,14.700000,4.400000,1,up,9.400000,,,,1,"[""acceleration_target_short_history""]",2026-04-24T07:51:03.322738+00:00
74,33033,27,US,USD,UNEMPLOYMENT,unemployment_rate,Unemployment Rate,2020-05-01,2020-06-05T12:30:00+00:00,13.300000,14.700000,-1,down,-11.700000,9.400000,-1,decelerating,0,[],2026-04-24T07:51:03.322738+00:00
75,34606,27,US,USD,UNEMPLOYMENT,unemployment_rate,Unemployment Rate,2020-09-01,2020-10-02T12:30:00+00:00,7.900000,13.300000,-1,down,-4.000000,-11.700000,1,accelerating,0,[],2026-04-24T07:51:03.322738+00:00
76,34282,27,US,USD,UNEMPLOYMENT,unemployment_rate,Unemployment Rate,2020-10-01,2020-11-06T13:30:00+00:00,6.900000,7.900000,-1,down,4.400000,-4.000000,1,accelerating,0,[],2026-04-24T07:51:03.322738+00:00
77,34023,27,US,USD,UNEMPLOYMENT,unemployment_rate,Unemployment Rate,2020-11-01,2020-12-04T13:30:00+00:00,6.700000,6.900000,-1,down,0.800000,4.400000,-1,decelerating,0,[],2026-04-24T07:51:03.322738+00:00
78,35575,27,US,USD,UNEMPLOYMENT,unemployment_rate,Unemployment Rate,2021-03-01,2021-04-02T12:30:00+00:00,6.000000,6.700000,-1,down,-0.500000,0.800000,-1,decelerating,0,[],2026-04-24T07:51:03.322738+00:00
79,35275,27,US,USD,UNEMPLOYMENT,unemployment_rate,Unemployment Rate,2021-04-01,2021-05-07T12:30:00+00:00,6.100000,6.000000,1,up,0.800000,-0.500000,1,accelerating,1,[],2026-04-24T07:51:03.322738+00:00
80,35022,27,US,USD,UNEMPLOYMENT,unemployment_rate,Unemployment Rate,2021-05-01,2021-06-04T12:30:00+00:00,5.800000,6.100000,-1,down,-0.400000,0.800000,-1,decelerating,0,[],2026-04-24T07:51:03.322738+00:00
81,36623,27,US,USD,UNEMPLOYMENT,unemployment_rate,Unemployment Rate,2021-09-01,2021-10-08T12:30:00+00:00,4.800000,5.800000,-1,down,-0.700000,-0.400000,-1,decelerating,0,[],2026-04-24T07:51:03.322738+00:00
82,36335,27,US,USD,UNEMPLOYMENT,unemployment_rate,Unemployment Rate,2021-10-01,2021-11-05T12:30:00+00:00,4.600000,4.800000,-1,down,0.800000,-0.700000,1,accelerating,0,[],2026-04-24T07:51:03.322738+00:00
83,36038,27,US,USD,UNEMPLOYMENT,unemployment_rate,Unemployment Rate,2021-11-01,2021-12-03T13:30:00+00:00,4.200000,4.600000,-1,down,-0.200000,0.800000,-1,decelerating,0,[],2026-04-24T07:51:03.322738+00:00
84,37618,27,US,USD,UNEMPLOYMENT,unemployment_rate,Unemployment Rate,2022-03-01,2022-04-01T12:30:00+00:00,3.600000,4.200000,-1,down,-0.200000,-0.200000,0,flat,0,[],2026-04-24T07:51:03.322738+00:00
85,37295,27,US,USD,UNEMPLOYMENT,unemployment_rate,Unemployment Rate,2022-04-01,2022-05-06T12:30:00+00:00,3.600000,3.600000,0,flat,0.600000,-0.200000,1,accelerating,0,[],2026-04-24T07:51:03.322738+00:00
86,37031,27,US,USD,UNEMPLOYMENT,unemployment_rate,Unemployment Rate,2022-05-01,2022-06-03T12:30:00+00:00,3.600000,3.600000,0,flat,0.000000,0.600000,-1,decelerating,0,[],2026-04-24T07:51:03.322738+00:00
87,38547,27,US,USD,UNEMPLOYMENT,unemployment_rate,Unemployment Rate,2022-09-01,2022-10-07T12:30:00+00:00,3.500000,3.600000,-1,down,-0.100000,0.000000,-1,decelerating,0,[],2026-04-24T07:51:03.322738+00:00
88,38275,27,US,USD,UNEMPLOYMENT,unemployment_rate,Unemployment Rate,2022-10-01,2022-11-04T12:30:00+00:00,3.700000,3.500000,1,up,0.300000,-0.100000,1,accelerating,1,[],2026-04-24T07:51:03.322738+00:00
89,38003,27,US,USD,UNEMPLOYMENT,unemployment_rate,Unemployment Rate,2022-11-01,2022-12-02T13:30:00+00:00,3.700000,3.700000,0,flat,-0.200000,0.300000,-1,decelerating,0,[],2026-04-24T07:51:03.322738+00:00
90,39587,27,US,USD,UNEMPLOYMENT,unemployment_rate,Unemployment Rate,2023-03-01,2023-04-07T12:30:00+00:00,3.500000,3.700000,-1,down,-0.200000,-0.200000,0,flat,0,[],2026-04-24T07:51:03.322738+00:00
91,39326,27,US,USD,UNEMPLOYMENT,unemployment_rate,Unemployment Rate,2023-04-01,2023-05-05T12:30:00+00:00,3.400000,3.500000,-1,down,0.100000,-0.200000,1,accelerating,0,[],2026-04-24T07:51:03.322738+00:00
92,39042,27,US,USD,UNEMPLOYMENT,unemployment_rate,Unemployment Rate,2023-05-01,2023-06-02T12:30:00+00:00,3.700000,3.400000,1,up,0.400000,0.100000,1,accelerating,1,[],2026-04-24T07:51:03.322738+00:00
93,40624,27,US,USD,UNEMPLOYMENT,unemployment_rate,Unemployment Rate,2023-09-01,2023-10-06T12:30:00+00:00,3.800000,3.700000,1,up,-0.200000,0.400000,-1,decelerating,1,[],2026-04-24T07:51:03.322738+00:00
94,40329,27,US,USD,UNEMPLOYMENT,unemployment_rate,Unemployment Rate,2023-10-01,2023-11-03T12:30:00+00:00,3.900000,3.800000,1,up,0.000000,-0.200000,1,accelerating,1,[],2026-04-24T07:51:03.322738+00:00
95,39969,27,US,USD,UNEMPLOYMENT,unemployment_rate,Unemployment Rate,2023-11-01,2023-12-08T13:30:00+00:00,3.700000,3.900000,-1,down,-0.300000,0.000000,-1,decelerating,0,[],2026-04-24T07:51:03.322738+00:00
96,41469,27,US,USD,UNEMPLOYMENT,unemployment_rate,Unemployment Rate,2024-04-01,2024-05-03T12:30:00+00:00,3.900000,3.700000,1,up,0.400000,-0.300000,1,accelerating,1,[],2026-04-24T07:51:03.322738+00:00
97,41048,27,US,USD,UNEMPLOYMENT,unemployment_rate,Unemployment Rate,2024-05-01,2024-06-07T12:30:00+00:00,4.000000,3.900000,1,up,-0.100000,0.400000,-1,decelerating,1,[],2026-04-24T07:51:03.322738+00:00
98,42482,27,US,USD,UNEMPLOYMENT,unemployment_rate,Unemployment Rate,2024-10-01,2024-11-01T12:30:00+00:00,4.100000,4.000000,1,up,0.000000,-0.100000,1,accelerating,1,[],2026-04-24T07:51:03.322738+00:00
99,42037,27,US,USD,UNEMPLOYMENT,unemployment_rate,Unemployment Rate,2024-11-01,2024-12-06T13:30:00+00:00,4.200000,4.100000,1,up,0.000000,0.000000,0,flat,1,[],2026-04-24T07:51:03.322738+00:00
100,43564,27,US,USD,UNEMPLOYMENT,unemployment_rate,Unemployment Rate,2025-04-01,2025-05-02T12:30:00+00:00,4.200000,4.200000,0,flat,-0.100000,0.000000,-1,decelerating,0,[],2026-04-24T07:51:03.322738+00:00
101,43067,27,US,USD,UNEMPLOYMENT,unemployment_rate,Unemployment Rate,2025-05-01,2025-06-06T12:30:00+00:00,4.200000,4.200000,0,flat,0.000000,-0.100000,1,accelerating,0,[],2026-04-24T07:51:03.322738+00:00
102,44443,27,US,USD,UNEMPLOYMENT,unemployment_rate,Unemployment Rate,2025-09-01,2025-11-20T13:30:00+00:00,4.400000,4.200000,1,up,0.200000,0.000000,1,accelerating,1,[],2026-04-24T07:51:03.322738+00:00
103,43959,27,US,USD,UNEMPLOYMENT,unemployment_rate,Unemployment Rate,2025-11-01,2025-12-16T13:30:00+00:00,4.600000,4.400000,1,up,0.000000,0.200000,-1,decelerating,1,[],2026-04-24T07:51:03.322738+00:00
104,44777,27,US,USD,UNEMPLOYMENT,unemployment_rate,Unemployment Rate,2026-01-01,2026-02-11T13:30:00+00:00,4.300000,4.600000,-1,down,-0.500000,0.000000,-1,decelerating,0,[],2026-04-24T07:51:03.322738+00:00
105,2434,27,US,USD,UNEMPLOYMENT,unemployment_rate,Unemployment Rate,2026-02-01,2026-03-06T13:30:00+00:00,4.400000,4.300000,1,up,0.400000,-0.500000,1,accelerating,1,[],2026-04-24T07:51:03.322738+00:00
106,2090,27,US,USD,UNEMPLOYMENT,unemployment_rate,Unemployment Rate,2026-03-01,2026-04-03T12:30:00+00:00,4.300000,4.400000,-1,down,-0.200000,0.400000,-1,decelerating,0,[],2026-04-24T07:51:03.322738+00:00
107,26910,49,UK,GBP,CPI,cpi_headline_yoy,Headline CPI (YoY),2019-12-01,2020-01-15T09:30:00+00:00,1.300000,,,,,,,,,"[""direction_target_short_history"", ""acceleration_target_short_history""]",2026-04-24T07:51:03.322738+00:00
108,26843,49,UK,GBP,CPI,cpi_headline_yoy,Headline CPI (YoY),2020-01-01,2020-02-19T09:30:00+00:00,1.800000,1.300000,1,up,,,,,1,"[""acceleration_target_short_history""]",2026-04-24T07:51:03.322738+00:00
109,26765,49,UK,GBP,CPI,cpi_headline_yoy,Headline CPI (YoY),2020-02-01,2020-03-25T07:00:00+00:00,1.700000,1.800000,-1,down,-0.600000,,,,0,"[""acceleration_target_short_history""]",2026-04-24T07:51:03.322738+00:00
110,26685,49,UK,GBP,CPI,cpi_headline_yoy,Headline CPI (YoY),2020-03-01,2020-04-22T06:00:00+00:00,1.500000,1.700000,-1,down,-0.100000,-0.600000,1,accelerating,0,[],2026-04-24T07:51:03.322738+00:00
111,26608,49,UK,GBP,CPI,cpi_headline_yoy,Headline CPI (YoY),2020-04-01,2020-05-20T06:00:00+00:00,0.800000,1.500000,-1,down,-0.500000,-0.100000,-1,decelerating,0,[],2026-04-24T07:51:03.322738+00:00
112,26551,49,UK,GBP,CPI,cpi_headline_yoy,Headline CPI (YoY),2020-05-01,2020-06-17T06:00:00+00:00,0.500000,0.800000,-1,down,0.400000,-0.500000,1,accelerating,0,[],2026-04-24T07:51:03.322738+00:00
113,27339,49,UK,GBP,CPI,cpi_headline_yoy,Headline CPI (YoY),2020-06-01,2020-07-15T06:00:00+00:00,0.600000,0.500000,1,up,0.400000,0.400000,0,flat,1,[],2026-04-24T07:51:03.322738+00:00
114,27258,49,UK,GBP,CPI,cpi_headline_yoy,Headline CPI (YoY),2020-07-01,2020-08-19T06:00:00+00:00,1.000000,0.600000,1,up,0.300000,0.400000,-1,decelerating,1,[],2026-04-24T07:51:03.322738+00:00
115,27199,49,UK,GBP,CPI,cpi_headline_yoy,Headline CPI (YoY),2020-08-01,2020-09-16T06:00:00+00:00,0.200000,1.000000,-1,down,-1.200000,0.300000,-1,decelerating,0,[],2026-04-24T07:51:03.322738+00:00
116,27116,49,UK,GBP,CPI,cpi_headline_yoy,Headline CPI (YoY),2020-09-01,2020-10-21T06:00:00+00:00,0.500000,0.200000,1,up,1.100000,-1.200000,1,accelerating,1,[],2026-04-24T07:51:03.322738+00:00
117,27041,49,UK,GBP,CPI,cpi_headline_yoy,Headline CPI (YoY),2020-10-01,2020-11-18T07:00:00+00:00,0.700000,0.500000,1,up,-0.100000,1.100000,-1,decelerating,1,[],2026-04-24T07:51:03.322738+00:00
118,26986,49,UK,GBP,CPI,cpi_headline_yoy,Headline CPI (YoY),2020-11-01,2020-12-16T07:00:00+00:00,0.300000,0.700000,-1,down,-0.600000,-0.100000,-1,decelerating,0,[],2026-04-24T07:51:03.322738+00:00
119,27776,49,UK,GBP,CPI,cpi_headline_yoy,Headline CPI (YoY),2020-12-01,2021-01-20T07:00:00+00:00,0.600000,0.300000,1,up,0.700000,-0.600000,1,accelerating,1,[],2026-04-24T07:51:03.322738+00:00
120,27700,49,UK,GBP,CPI,cpi_headline_yoy,Headline CPI (YoY),2021-01-01,2021-02-17T07:00:00+00:00,0.700000,0.600000,1,up,-0.200000,0.700000,-1,decelerating,1,[],2026-04-24T07:51:03.322738+00:00
121,27616,49,UK,GBP,CPI,cpi_headline_yoy,Headline CPI (YoY),2021-02-01,2021-03-24T07:00:00+00:00,0.400000,0.700000,-1,down,-0.400000,-0.200000,-1,decelerating,0,[],2026-04-24T07:51:03.322738+00:00
122,27554,49,UK,GBP,CPI,cpi_headline_yoy,Headline CPI (YoY),2021-03-01,2021-04-21T06:00:00+00:00,0.700000,0.400000,1,up,0.600000,-0.400000,1,accelerating,1,[],2026-04-24T07:51:03.322738+00:00
123,27484,49,UK,GBP,CPI,cpi_headline_yoy,Headline CPI (YoY),2021-04-01,2021-05-19T06:00:00+00:00,1.500000,0.700000,1,up,0.500000,0.600000,-1,decelerating,1,[],2026-04-24T07:51:03.322738+00:00
124,27410,49,UK,GBP,CPI,cpi_headline_yoy,Headline CPI (YoY),2021-05-01,2021-06-16T06:00:00+00:00,2.100000,1.500000,1,up,-0.200000,0.500000,-1,decelerating,1,[],2026-04-24T07:51:03.322738+00:00
125,28205,49,UK,GBP,CPI,cpi_headline_yoy,Headline CPI (YoY),2021-06-01,2021-07-14T06:00:00+00:00,2.500000,2.100000,1,up,-0.200000,-0.200000,0,flat,1,[],2026-04-24T07:51:03.322738+00:00
126,28124,49,UK,GBP,CPI,cpi_headline_yoy,Headline CPI (YoY),2021-07-01,2021-08-18T06:00:00+00:00,2.000000,2.500000,-1,down,-0.900000,-0.200000,-1,decelerating,0,[],2026-04-24T07:51:03.322738+00:00
127,28066,49,UK,GBP,CPI,cpi_headline_yoy,Headline CPI (YoY),2021-08-01,2021-09-15T06:00:00+00:00,3.200000,2.000000,1,up,1.700000,-0.900000,1,accelerating,1,[],2026-04-24T07:51:03.322738+00:00
128,27997,49,UK,GBP,CPI,cpi_headline_yoy,Headline CPI (YoY),2021-09-01,2021-10-20T06:00:00+00:00,3.100000,3.200000,-1,down,-1.300000,1.700000,-1,decelerating,0,[],2026-04-24T07:51:03.322738+00:00
129,27905,49,UK,GBP,CPI,cpi_headline_yoy,Headline CPI (YoY),2021-10-01,2021-11-17T07:00:00+00:00,4.200000,3.100000,1,up,1.200000,-1.300000,1,accelerating,1,[],2026-04-24T07:51:03.322738+00:00
130,27836,49,UK,GBP,CPI,cpi_headline_yoy,Headline CPI (YoY),2021-11-01,2021-12-15T07:00:00+00:00,5.100000,4.200000,1,up,-0.200000,1.200000,-1,decelerating,1,[],2026-04-24T07:51:03.322738+00:00
131,28649,49,UK,GBP,CPI,cpi_headline_yoy,Headline CPI (YoY),2021-12-01,2022-01-19T07:00:00+00:00,5.400000,5.100000,1,up,-0.600000,-0.200000,-1,decelerating,1,[],2026-04-24T07:51:03.322738+00:00
132,28577,49,UK,GBP,CPI,cpi_headline_yoy,Headline CPI (YoY),2022-01-01,2022-02-16T07:00:00+00:00,5.500000,5.400000,1,up,-0.200000,-0.600000,1,accelerating,1,[],2026-04-24T07:51:03.322738+00:00
133,28500,49,UK,GBP,CPI,cpi_headline_yoy,Headline CPI (YoY),2022-02-01,2022-03-23T07:00:00+00:00,6.200000,5.500000,1,up,0.600000,-0.200000,1,accelerating,1,[],2026-04-24T07:51:03.322738+00:00
134,28429,49,UK,GBP,CPI,cpi_headline_yoy,Headline CPI (YoY),2022-03-01,2022-04-13T06:00:00+00:00,7.000000,6.200000,1,up,0.100000,0.600000,-1,decelerating,1,[],2026-04-24T07:51:03.322738+00:00
135,28348,49,UK,GBP,CPI,cpi_headline_yoy,Headline CPI (YoY),2022-04-01,2022-05-18T06:00:00+00:00,9.000000,7.000000,1,up,1.200000,0.100000,1,accelerating,1,[],2026-04-24T07:51:03.322738+00:00
136,28274,49,UK,GBP,CPI,cpi_headline_yoy,Headline CPI (YoY),2022-05-01,2022-06-22T06:00:00+00:00,9.100000,9.000000,1,up,-1.900000,1.200000,-1,decelerating,1,[],2026-04-24T07:51:03.322738+00:00
137,29108,49,UK,GBP,CPI,cpi_headline_yoy,Headline CPI (YoY),2022-06-01,2022-07-20T06:00:00+00:00,9.400000,9.100000,1,up,0.200000,-1.900000,1,accelerating,1,[],2026-04-24T07:51:03.322738+00:00
138,29036,49,UK,GBP,CPI,cpi_headline_yoy,Headline CPI (YoY),2022-07-01,2022-08-17T06:00:00+00:00,10.100000,9.400000,1,up,0.400000,0.200000,1,accelerating,1,[],2026-04-24T07:51:03.322738+00:00
139,28968,49,UK,GBP,CPI,cpi_headline_yoy,Headline CPI (YoY),2022-08-01,2022-09-14T06:00:00+00:00,9.900000,10.100000,-1,down,-0.900000,0.400000,-1,decelerating,0,[],2026-04-24T07:51:03.322738+00:00
140,28879,49,UK,GBP,CPI,cpi_headline_yoy,Headline CPI (YoY),2022-09-01,2022-10-19T06:00:00+00:00,10.100000,9.900000,1,up,0.400000,-0.900000,1,accelerating,1,[],2026-04-24T07:51:03.322738+00:00
141,28798,49,UK,GBP,CPI,cpi_headline_yoy,Headline CPI (YoY),2022-10-01,2022-11-16T07:00:00+00:00,11.100000,10.100000,1,up,0.800000,0.400000,1,accelerating,1,[],2026-04-24T07:51:03.322738+00:00
142,28714,49,UK,GBP,CPI,cpi_headline_yoy,Headline CPI (YoY),2022-11-01,2022-12-14T07:00:00+00:00,10.700000,11.100000,-1,down,-1.400000,0.800000,-1,decelerating,0,[],2026-04-24T07:51:03.322738+00:00
143,29611,49,UK,GBP,CPI,cpi_headline_yoy,Headline CPI (YoY),2022-12-01,2023-01-18T07:00:00+00:00,10.500000,10.700000,-1,down,0.200000,-1.400000,1,accelerating,0,[],2026-04-24T07:51:03.322738+00:00
144,29521,49,UK,GBP,CPI,cpi_headline_yoy,Headline CPI (YoY),2023-01-01,2023-02-15T07:00:00+00:00,10.100000,10.500000,-1,down,-0.200000,0.200000,-1,decelerating,0,[],2026-04-24T07:51:03.322738+00:00
145,29449,49,UK,GBP,CPI,cpi_headline_yoy,Headline CPI (YoY),2023-02-01,2023-03-22T07:00:00+00:00,10.400000,10.100000,1,up,0.700000,-0.200000,1,accelerating,1,[],2026-04-24T07:51:03.322738+00:00
146,29366,49,UK,GBP,CPI,cpi_headline_yoy,Headline CPI (YoY),2023-03-01,2023-04-19T06:00:00+00:00,10.100000,10.400000,-1,down,-0.600000,0.700000,-1,decelerating,0,[],2026-04-24T07:51:03.322738+00:00
147,29265,49,UK,GBP,CPI,cpi_headline_yoy,Headline CPI (YoY),2023-04-01,2023-05-24T06:00:00+00:00,8.700000,10.100000,-1,down,-1.100000,-0.600000,-1,decelerating,0,[],2026-04-24T07:51:03.322738+00:00
148,29195,49,UK,GBP,CPI,cpi_headline_yoy,Headline CPI (YoY),2023-05-01,2023-06-21T06:00:00+00:00,8.700000,8.700000,0,flat,1.400000,-1.100000,1,accelerating,0,[],2026-04-24T07:51:03.322738+00:00
149,30080,49,UK,GBP,CPI,cpi_headline_yoy,Headline CPI (YoY),2023-06-01,2023-07-19T06:00:00+00:00,7.900000,8.700000,-1,down,-0.800000,1.400000,-1,decelerating,0,[],2026-04-24T07:51:03.322738+00:00
150,30006,49,UK,GBP,CPI,cpi_headline_yoy,Headline CPI (YoY),2023-07-01,2023-08-16T06:00:00+00:00,6.800000,7.900000,-1,down,-0.300000,-0.800000,1,accelerating,0,[],2026-04-24T07:51:03.322738+00:00
151,29926,49,UK,GBP,CPI,cpi_headline_yoy,Headline CPI (YoY),2023-08-01,2023-09-20T06:00:00+00:00,6.700000,6.800000,-1,down,1.000000,-0.300000,1,accelerating,0,[],2026-04-24T07:51:03.322738+00:00
152,29851,49,UK,GBP,CPI,cpi_headline_yoy,Headline CPI (YoY),2023-09-01,2023-10-18T06:00:00+00:00,6.700000,6.700000,0,flat,0.100000,1.000000,-1,decelerating,0,[],2026-04-24T07:51:03.322738+00:00
153,29763,49,UK,GBP,CPI,cpi_headline_yoy,Headline CPI (YoY),2023-10-01,2023-11-15T07:00:00+00:00,4.600000,6.700000,-1,down,-2.100000,0.100000,-1,decelerating,0,[],2026-04-24T07:51:03.322738+00:00
154,29671,49,UK,GBP,CPI,cpi_headline_yoy,Headline CPI (YoY),2023-11-01,2023-12-20T07:00:00+00:00,3.900000,4.600000,-1,down,1.400000,-2.100000,1,accelerating,0,[],2026-04-24T07:51:03.322738+00:00
155,30699,49,UK,GBP,CPI,cpi_headline_yoy,Headline CPI (YoY),2023-12-01,2024-01-17T07:00:00+00:00,4.000000,3.900000,1,up,0.800000,1.400000,-1,decelerating,1,[],2026-04-24T07:51:03.322738+00:00
156,30611,49,UK,GBP,CPI,cpi_headline_yoy,Headline CPI (YoY),2024-01-01,2024-02-14T07:00:00+00:00,4.000000,4.000000,0,flat,-0.100000,0.800000,-1,decelerating,0,[],2026-04-24T07:51:03.322738+00:00
157,30486,49,UK,GBP,CPI,cpi_headline_yoy,Headline CPI (YoY),2024-02-01,2024-03-20T07:00:00+00:00,3.400000,4.000000,-1,down,-0.600000,-0.100000,-1,decelerating,0,[],2026-04-24T07:51:03.322738+00:00
158,30379,49,UK,GBP,CPI,cpi_headline_yoy,Headline CPI (YoY),2024-03-01,2024-04-17T06:00:00+00:00,3.200000,3.400000,-1,down,0.400000,-0.600000,1,accelerating,0,[],2026-04-24T07:51:03.322738+00:00
159,30253,49,UK,GBP,CPI,cpi_headline_yoy,Headline CPI (YoY),2024-04-01,2024-05-22T06:00:00+00:00,2.300000,3.200000,-1,down,-0.700000,0.400000,-1,decelerating,0,[],2026-04-24T07:51:03.322738+00:00
160,30169,49,UK,GBP,CPI,cpi_headline_yoy,Headline CPI (YoY),2024-05-01,2024-06-19T06:00:00+00:00,2.000000,2.300000,-1,down,0.600000,-0.700000,1,accelerating,0,[],2026-04-24T07:51:03.322738+00:00
161,31310,49,UK,GBP,CPI,cpi_headline_yoy,Headline CPI (YoY),2024-06-01,2024-07-17T06:00:00+00:00,2.000000,2.000000,0,flat,0.300000,0.600000,-1,decelerating,0,[],2026-04-24T07:51:03.322738+00:00
162,31226,49,UK,GBP,CPI,cpi_headline_yoy,Headline CPI (YoY),2024-07-01,2024-08-14T06:00:00+00:00,2.200000,2.000000,1,up,0.200000,0.300000,-1,decelerating,1,[],2026-04-24T07:51:03.322738+00:00
163,31118,49,UK,GBP,CPI,cpi_headline_yoy,Headline CPI (YoY),2024-08-01,2024-09-18T06:00:00+00:00,2.200000,2.200000,0,flat,-0.200000,0.200000,-1,decelerating,0,[],2026-04-24T07:51:03.322738+00:00
164,31009,49,UK,GBP,CPI,cpi_headline_yoy,Headline CPI (YoY),2024-09-01,2024-10-16T06:00:00+00:00,1.700000,2.200000,-1,down,-0.500000,-0.200000,-1,decelerating,0,[],2026-04-24T07:51:03.322738+00:00
165,30886,49,UK,GBP,CPI,cpi_headline_yoy,Headline CPI (YoY),2024-10-01,2024-11-20T07:00:00+00:00,2.300000,1.700000,1,up,1.100000,-0.500000,1,accelerating,1,[],2026-04-24T07:51:03.322738+00:00
166,30782,49,UK,GBP,CPI,cpi_headline_yoy,Headline CPI (YoY),2024-11-01,2024-12-18T07:00:00+00:00,2.600000,2.300000,1,up,-0.300000,1.100000,-1,decelerating,1,[],2026-04-24T07:51:03.322738+00:00
167,32041,49,UK,GBP,CPI,cpi_headline_yoy,Headline CPI (YoY),2024-12-01,2025-01-15T07:00:00+00:00,2.500000,2.600000,-1,down,-0.400000,-0.300000,-1,decelerating,0,[],2026-04-24T07:51:03.322738+00:00
168,31890,49,UK,GBP,CPI,cpi_headline_yoy,Headline CPI (YoY),2025-01-01,2025-02-19T07:00:00+00:00,3.000000,2.500000,1,up,0.600000,-0.400000,1,accelerating,1,[],2026-04-24T07:51:03.322738+00:00
169,31761,49,UK,GBP,CPI,cpi_headline_yoy,Headline CPI (YoY),2025-02-01,2025-03-26T07:00:00+00:00,2.800000,3.000000,-1,down,-0.700000,0.600000,-1,decelerating,0,[],2026-04-24T07:51:03.322738+00:00
170,31667,49,UK,GBP,CPI,cpi_headline_yoy,Headline CPI (YoY),2025-03-01,2025-04-16T06:00:00+00:00,2.600000,2.800000,-1,down,0.000000,-0.700000,1,accelerating,0,[],2026-04-24T07:51:03.322738+00:00
171,31516,49,UK,GBP,CPI,cpi_headline_yoy,Headline CPI (YoY),2025-04-01,2025-05-21T06:00:00+00:00,3.500000,2.600000,1,up,1.100000,0.000000,1,accelerating,1,[],2026-04-24T07:51:03.322738+00:00
172,31424,49,UK,GBP,CPI,cpi_headline_yoy,Headline CPI (YoY),2025-05-01,2025-06-18T06:00:00+00:00,3.400000,3.500000,-1,down,-1.000000,1.100000,-1,decelerating,0,[],2026-04-24T07:51:03.322738+00:00
173,32706,49,UK,GBP,CPI,cpi_headline_yoy,Headline CPI (YoY),2025-06-01,2025-07-16T06:00:00+00:00,3.600000,3.400000,1,up,0.300000,-1.000000,1,accelerating,1,[],2026-04-24T07:51:03.322738+00:00
174,32595,49,UK,GBP,CPI,cpi_headline_yoy,Headline CPI (YoY),2025-07-01,2025-08-20T06:00:00+00:00,3.800000,3.600000,1,up,0.000000,0.300000,-1,decelerating,1,[],2026-04-24T07:51:03.322738+00:00
175,32482,49,UK,GBP,CPI,cpi_headline_yoy,Headline CPI (YoY),2025-08-01,2025-09-17T06:00:00+00:00,3.800000,3.800000,0,flat,-0.200000,0.000000,-1,decelerating,0,[],2026-04-24T07:51:03.322738+00:00
176,32340,49,UK,GBP,CPI,cpi_headline_yoy,Headline CPI (YoY),2025-09-01,2025-10-22T06:00:00+00:00,3.800000,3.800000,0,flat,0.000000,-0.200000,1,accelerating,0,[],2026-04-24T07:51:03.322738+00:00
177,32232,49,UK,GBP,CPI,cpi_headline_yoy,Headline CPI (YoY),2025-10-01,2025-11-19T07:00:00+00:00,3.600000,3.800000,-1,down,-0.200000,0.000000,-1,decelerating,0,[],2026-04-24T07:51:03.322738+00:00
178,32123,49,UK,GBP,CPI,cpi_headline_yoy,Headline CPI (YoY),2025-11-01,2025-12-17T07:00:00+00:00,3.200000,3.600000,-1,down,-0.200000,-0.200000,0,flat,0,[],2026-04-24T07:51:03.322738+00:00
179,32770,49,UK,GBP,CPI,cpi_headline_yoy,Headline CPI (YoY),2025-12-01,2026-01-21T01:00:00+00:00,3.200000,3.200000,0,flat,0.400000,-0.200000,1,accelerating,0,[],2026-04-24T07:51:03.322738+00:00
180,32767,49,UK,GBP,CPI,cpi_headline_yoy,Headline CPI (YoY),2025-12-01,2026-01-21T07:00:00+00:00,3.400000,3.200000,1,up,0.200000,0.400000,-1,decelerating,1,[],2026-04-24T07:51:03.322738+00:00
181,1610,49,UK,GBP,CPI,cpi_headline_yoy,Headline CPI (YoY),2026-01-01,2026-02-18T07:00:00+00:00,3.000000,3.400000,-1,down,-0.600000,0.200000,-1,decelerating,0,[],2026-04-24T07:51:03.322738+00:00
182,1598,49,UK,GBP,CPI,cpi_headline_yoy,Headline CPI (YoY),2026-01-01,2026-02-18T08:00:00+00:00,3.000000,3.000000,0,flat,0.400000,-0.600000,1,accelerating,0,[],2026-04-24T07:51:03.322738+00:00
183,44911,49,UK,GBP,CPI,cpi_headline_yoy,Headline CPI (YoY),2026-02-01,2026-03-25T07:00:00+00:00,3.000000,3.000000,0,flat,0.000000,0.400000,-1,decelerating,0,[],2026-04-24T07:51:03.322738+00:00
184,45820,49,UK,GBP,CPI,cpi_headline_yoy,Headline CPI (YoY),2026-02-01,2026-03-25T07:00:00+00:00,3.200000,3.000000,1,up,0.200000,0.000000,1,accelerating,1,[],2026-04-24T07:51:03.322738+00:00
185,45810,49,UK,GBP,CPI,cpi_headline_yoy,Headline CPI (YoY),2026-03-01,2026-04-22T06:00:00+00:00,3.300000,3.200000,1,up,-0.100000,0.200000,-1,decelerating,1,[],2026-04-24T07:51:03.322738+00:00
186,26832,50,UK,GBP,CPI,cpi_headline_mom,Headline CPI (MoM),2020-01-01,2020-02-19T09:30:00+00:00,-0.300000,,,,,,,,,"[""direction_target_short_history"", ""acceleration_target_short_history""]",2026-04-24T07:51:03.322738+00:00
187,26754,50,UK,GBP,CPI,cpi_headline_mom,Headline CPI (MoM),2020-02-01,2020-03-25T07:00:00+00:00,0.400000,-0.300000,1,up,,,,,1,"[""acceleration_target_short_history""]",2026-04-24T07:51:03.322738+00:00
188,26615,50,UK,GBP,CPI,cpi_headline_mom,Headline CPI (MoM),2020-04-01,2020-05-20T06:00:00+00:00,-0.200000,0.400000,-1,down,-1.300000,,,,0,"[""acceleration_target_short_history""]",2026-04-24T07:51:03.322738+00:00
189,27344,50,UK,GBP,CPI,cpi_headline_mom,Headline CPI (MoM),2020-06-01,2020-07-15T06:00:00+00:00,0.100000,-0.200000,1,up,0.900000,-1.300000,1,accelerating,1,[],2026-04-24T07:51:03.322738+00:00
190,27259,50,UK,GBP,CPI,cpi_headline_mom,Headline CPI (MoM),2020-07-01,2020-08-19T06:00:00+00:00,0.400000,0.100000,1,up,0.000000,0.900000,-1,decelerating,1,[],2026-04-24T07:51:03.322738+00:00
191,27200,50,UK,GBP,CPI,cpi_headline_mom,Headline CPI (MoM),2020-08-01,2020-09-16T06:00:00+00:00,-0.400000,0.400000,-1,down,-1.100000,0.000000,-1,decelerating,0,[],2026-04-24T07:51:03.322738+00:00
192,27127,50,UK,GBP,CPI,cpi_headline_mom,Headline CPI (MoM),2020-09-01,2020-10-21T06:00:00+00:00,0.400000,-0.400000,1,up,1.600000,-1.100000,1,accelerating,1,[],2026-04-24T07:51:03.322738+00:00
193,26979,50,UK,GBP,CPI,cpi_headline_mom,Headline CPI (MoM),2020-11-01,2020-12-16T07:00:00+00:00,-0.100000,0.400000,-1,down,-1.300000,1.600000,-1,decelerating,0,[],2026-04-24T07:51:03.322738+00:00
194,27778,50,UK,GBP,CPI,cpi_headline_mom,Headline CPI (MoM),2020-12-01,2021-01-20T07:00:00+00:00,0.300000,-0.100000,1,up,0.900000,-1.300000,1,accelerating,1,[],2026-04-24T07:51:03.322738+00:00
195,27702,50,UK,GBP,CPI,cpi_headline_mom,Headline CPI (MoM),2021-01-01,2021-02-17T07:00:00+00:00,-0.200000,0.300000,-1,down,-0.900000,0.900000,-1,decelerating,0,[],2026-04-24T07:51:03.322738+00:00
196,27622,50,UK,GBP,CPI,cpi_headline_mom,Headline CPI (MoM),2021-02-01,2021-03-24T07:00:00+00:00,0.100000,-0.200000,1,up,0.800000,-0.900000,1,accelerating,1,[],2026-04-24T07:51:03.322738+00:00
197,27553,50,UK,GBP,CPI,cpi_headline_mom,Headline CPI (MoM),2021-03-01,2021-04-21T06:00:00+00:00,0.300000,0.100000,1,up,-0.100000,0.800000,-1,decelerating,1,[],2026-04-24T07:51:03.322738+00:00
198,27473,50,UK,GBP,CPI,cpi_headline_mom,Headline CPI (MoM),2021-04-01,2021-05-19T06:00:00+00:00,0.600000,0.300000,1,up,0.100000,-0.100000,1,accelerating,1,[],2026-04-24T07:51:03.322738+00:00
199,27409,50,UK,GBP,CPI,cpi_headline_mom,Headline CPI (MoM),2021-05-01,2021-06-16T06:00:00+00:00,0.600000,0.600000,0,flat,-0.300000,0.100000,-1,decelerating,0,[],2026-04-24T07:51:03.322738+00:00
200,28206,50,UK,GBP,CPI,cpi_headline_mom,Headline CPI (MoM),2021-06-01,2021-07-14T06:00:00+00:00,0.500000,0.600000,-1,down,-0.100000,-0.300000,1,accelerating,0,[],2026-04-24T07:51:03.322738+00:00
201,28065,50,UK,GBP,CPI,cpi_headline_mom,Headline CPI (MoM),2021-08-01,2021-09-15T06:00:00+00:00,0.700000,0.500000,1,up,0.300000,-0.100000,1,accelerating,1,[],2026-04-24T07:51:03.322738+00:00
202,27994,50,UK,GBP,CPI,cpi_headline_mom,Headline CPI (MoM),2021-09-01,2021-10-20T06:00:00+00:00,0.300000,0.700000,-1,down,-0.600000,0.300000,-1,decelerating,0,[],2026-04-24T07:51:03.322738+00:00
203,27911,50,UK,GBP,CPI,cpi_headline_mom,Headline CPI (MoM),2021-10-01,2021-11-17T07:00:00+00:00,1.100000,0.300000,1,up,1.200000,-0.600000,1,accelerating,1,[],2026-04-24T07:51:03.322738+00:00
204,27839,50,UK,GBP,CPI,cpi_headline_mom,Headline CPI (MoM),2021-11-01,2021-12-15T07:00:00+00:00,0.700000,1.100000,-1,down,-1.200000,1.200000,-1,decelerating,0,[],2026-04-24T07:51:03.322738+00:00
205,28650,50,UK,GBP,CPI,cpi_headline_mom,Headline CPI (MoM),2021-12-01,2022-01-19T07:00:00+00:00,0.500000,0.700000,-1,down,0.200000,-1.200000,1,accelerating,0,[],2026-04-24T07:51:03.322738+00:00
206,28576,50,UK,GBP,CPI,cpi_headline_mom,Headline CPI (MoM),2022-01-01,2022-02-16T07:00:00+00:00,-0.100000,0.500000,-1,down,-0.400000,0.200000,-1,decelerating,0,[],2026-04-24T07:51:03.322738+00:00
207,28502,50,UK,GBP,CPI,cpi_headline_mom,Headline CPI (MoM),2022-02-01,2022-03-23T07:00:00+00:00,0.800000,-0.100000,1,up,1.500000,-0.400000,1,accelerating,1,[],2026-04-24T07:51:03.322738+00:00
208,28428,50,UK,GBP,CPI,cpi_headline_mom,Headline CPI (MoM),2022-03-01,2022-04-13T06:00:00+00:00,1.100000,0.800000,1,up,-0.600000,1.500000,-1,decelerating,1,[],2026-04-24T07:51:03.322738+00:00
209,28340,50,UK,GBP,CPI,cpi_headline_mom,Headline CPI (MoM),2022-04-01,2022-05-18T06:00:00+00:00,2.500000,1.100000,1,up,1.100000,-0.600000,1,accelerating,1,[],2026-04-24T07:51:03.322738+00:00
210,28272,50,UK,GBP,CPI,cpi_headline_mom,Headline CPI (MoM),2022-05-01,2022-06-22T06:00:00+00:00,0.700000,2.500000,-1,down,-3.200000,1.100000,-1,decelerating,0,[],2026-04-24T07:51:03.322738+00:00
211,29110,50,UK,GBP,CPI,cpi_headline_mom,Headline CPI (MoM),2022-06-01,2022-07-20T06:00:00+00:00,0.800000,0.700000,1,up,1.900000,-3.200000,1,accelerating,1,[],2026-04-24T07:51:03.322738+00:00
212,29035,50,UK,GBP,CPI,cpi_headline_mom,Headline CPI (MoM),2022-07-01,2022-08-17T06:00:00+00:00,0.600000,0.800000,-1,down,-0.300000,1.900000,-1,decelerating,0,[],2026-04-24T07:51:03.322738+00:00
213,28977,50,UK,GBP,CPI,cpi_headline_mom,Headline CPI (MoM),2022-08-01,2022-09-14T06:00:00+00:00,0.500000,0.600000,-1,down,0.100000,-0.300000,1,accelerating,0,[],2026-04-24T07:51:03.322738+00:00
214,28881,50,UK,GBP,CPI,cpi_headline_mom,Headline CPI (MoM),2022-09-01,2022-10-19T06:00:00+00:00,0.500000,0.500000,0,flat,0.100000,0.100000,0,flat,0,[],2026-04-24T07:51:03.322738+00:00
215,28795,50,UK,GBP,CPI,cpi_headline_mom,Headline CPI (MoM),2022-10-01,2022-11-16T07:00:00+00:00,2.000000,0.500000,1,up,1.500000,0.100000,1,accelerating,1,[],2026-04-24T07:51:03.322738+00:00
216,28718,50,UK,GBP,CPI,cpi_headline_mom,Headline CPI (MoM),2022-11-01,2022-12-14T07:00:00+00:00,0.400000,2.000000,-1,down,-3.100000,1.500000,-1,decelerating,0,[],2026-04-24T07:51:03.322738+00:00
217,29610,50,UK,GBP,CPI,cpi_headline_mom,Headline CPI (MoM),2022-12-01,2023-01-18T07:00:00+00:00,0.400000,0.400000,0,flat,1.600000,-3.100000,1,accelerating,0,[],2026-04-24T07:51:03.322738+00:00
218,29523,50,UK,GBP,CPI,cpi_headline_mom,Headline CPI (MoM),2023-01-01,2023-02-15T07:00:00+00:00,-0.600000,0.400000,-1,down,-1.000000,1.600000,-1,decelerating,0,[],2026-04-24T07:51:03.322738+00:00
219,29448,50,UK,GBP,CPI,cpi_headline_mom,Headline CPI (MoM),2023-02-01,2023-03-22T07:00:00+00:00,1.100000,-0.600000,1,up,2.700000,-1.000000,1,accelerating,1,[],2026-04-24T07:51:03.322738+00:00
220,29363,50,UK,GBP,CPI,cpi_headline_mom,Headline CPI (MoM),2023-03-01,2023-04-19T06:00:00+00:00,0.800000,1.100000,-1,down,-2.000000,2.700000,-1,decelerating,0,[],2026-04-24T07:51:03.322738+00:00
221,29264,50,UK,GBP,CPI,cpi_headline_mom,Headline CPI (MoM),2023-04-01,2023-05-24T06:00:00+00:00,1.200000,0.800000,1,up,0.700000,-2.000000,1,accelerating,1,[],2026-04-24T07:51:03.322738+00:00
222,29196,50,UK,GBP,CPI,cpi_headline_mom,Headline CPI (MoM),2023-05-01,2023-06-21T06:00:00+00:00,0.700000,1.200000,-1,down,-0.900000,0.700000,-1,decelerating,0,[],2026-04-24T07:51:03.322738+00:00
223,30079,50,UK,GBP,CPI,cpi_headline_mom,Headline CPI (MoM),2023-06-01,2023-07-19T06:00:00+00:00,0.100000,0.700000,-1,down,-0.100000,-0.900000,1,accelerating,0,[],2026-04-24T07:51:03.322738+00:00
224,30007,50,UK,GBP,CPI,cpi_headline_mom,Headline CPI (MoM),2023-07-01,2023-08-16T06:00:00+00:00,-0.400000,0.100000,-1,down,0.100000,-0.100000,1,accelerating,0,[],2026-04-24T07:51:03.322738+00:00
225,29927,50,UK,GBP,CPI,cpi_headline_mom,Headline CPI (MoM),2023-08-01,2023-09-20T06:00:00+00:00,0.300000,-0.400000,1,up,1.200000,0.100000,1,accelerating,1,[],2026-04-24T07:51:03.322738+00:00
226,29847,50,UK,GBP,CPI,cpi_headline_mom,Headline CPI (MoM),2023-09-01,2023-10-18T06:00:00+00:00,0.500000,0.300000,1,up,-0.500000,1.200000,-1,decelerating,1,[],2026-04-24T07:51:03.322738+00:00
227,29670,50,UK,GBP,CPI,cpi_headline_mom,Headline CPI (MoM),2023-11-01,2023-12-20T07:00:00+00:00,-0.200000,0.500000,-1,down,-0.900000,-0.500000,-1,decelerating,0,[],2026-04-24T07:51:03.322738+00:00
228,30698,50,UK,GBP,CPI,cpi_headline_mom,Headline CPI (MoM),2023-12-01,2024-01-17T07:00:00+00:00,0.400000,-0.200000,1,up,1.300000,-0.900000,1,accelerating,1,[],2026-04-24T07:51:03.322738+00:00
229,30618,50,UK,GBP,CPI,cpi_headline_mom,Headline CPI (MoM),2024-01-01,2024-02-14T07:00:00+00:00,-0.600000,0.400000,-1,down,-1.600000,1.300000,-1,decelerating,0,[],2026-04-24T07:51:03.322738+00:00
230,30483,50,UK,GBP,CPI,cpi_headline_mom,Headline CPI (MoM),2024-02-01,2024-03-20T07:00:00+00:00,0.600000,-0.600000,1,up,2.200000,-1.600000,1,accelerating,1,[],2026-04-24T07:51:03.322738+00:00
231,30386,50,UK,GBP,CPI,cpi_headline_mom,Headline CPI (MoM),2024-03-01,2024-04-17T06:00:00+00:00,0.600000,0.600000,0,flat,-1.200000,2.200000,-1,decelerating,0,[],2026-04-24T07:51:03.322738+00:00
232,30246,50,UK,GBP,CPI,cpi_headline_mom,Headline CPI (MoM),2024-04-01,2024-05-22T06:00:00+00:00,0.300000,0.600000,-1,down,-0.300000,-1.200000,1,accelerating,0,[],2026-04-24T07:51:03.322738+00:00
233,30165,50,UK,GBP,CPI,cpi_headline_mom,Headline CPI (MoM),2024-05-01,2024-06-19T06:00:00+00:00,0.300000,0.300000,0,flat,0.300000,-0.300000,1,accelerating,0,[],2026-04-24T07:51:03.322738+00:00
234,31311,50,UK,GBP,CPI,cpi_headline_mom,Headline CPI (MoM),2024-06-01,2024-07-17T06:00:00+00:00,0.100000,0.300000,-1,down,-0.200000,0.300000,-1,decelerating,0,[],2026-04-24T07:51:03.322738+00:00
235,31231,50,UK,GBP,CPI,cpi_headline_mom,Headline CPI (MoM),2024-07-01,2024-08-14T06:00:00+00:00,-0.200000,0.100000,-1,down,-0.100000,-0.200000,1,accelerating,0,[],2026-04-24T07:51:03.322738+00:00
236,31121,50,UK,GBP,CPI,cpi_headline_mom,Headline CPI (MoM),2024-08-01,2024-09-18T06:00:00+00:00,0.300000,-0.200000,1,up,0.800000,-0.100000,1,accelerating,1,[],2026-04-24T07:51:03.322738+00:00
237,30883,50,UK,GBP,CPI,cpi_headline_mom,Headline CPI (MoM),2024-10-01,2024-11-20T07:00:00+00:00,0.600000,0.300000,1,up,-0.200000,0.800000,-1,decelerating,1,[],2026-04-24T07:51:03.322738+00:00
238,30790,50,UK,GBP,CPI,cpi_headline_mom,Headline CPI (MoM),2024-11-01,2024-12-18T07:00:00+00:00,0.100000,0.600000,-1,down,-0.800000,-0.200000,-1,decelerating,0,[],2026-04-24T07:51:03.322738+00:00
239,32047,50,UK,GBP,CPI,cpi_headline_mom,Headline CPI (MoM),2024-12-01,2025-01-15T07:00:00+00:00,0.300000,0.100000,1,up,0.700000,-0.800000,1,accelerating,1,[],2026-04-24T07:51:03.322738+00:00
240,31894,50,UK,GBP,CPI,cpi_headline_mom,Headline CPI (MoM),2025-01-01,2025-02-19T07:00:00+00:00,-0.100000,0.300000,-1,down,-0.600000,0.700000,-1,decelerating,0,[],2026-04-24T07:51:03.322738+00:00
241,31760,50,UK,GBP,CPI,cpi_headline_mom,Headline CPI (MoM),2025-02-01,2025-03-26T07:00:00+00:00,0.400000,-0.100000,1,up,0.900000,-0.600000,1,accelerating,1,[],2026-04-24T07:51:03.322738+00:00
242,31662,50,UK,GBP,CPI,cpi_headline_mom,Headline CPI (MoM),2025-03-01,2025-04-16T06:00:00+00:00,0.300000,0.400000,-1,down,-0.600000,0.900000,-1,decelerating,0,[],2026-04-24T07:51:03.322738+00:00
243,31519,50,UK,GBP,CPI,cpi_headline_mom,Headline CPI (MoM),2025-04-01,2025-05-21T06:00:00+00:00,1.200000,0.300000,1,up,1.000000,-0.600000,1,accelerating,1,[],2026-04-24T07:51:03.322738+00:00
244,31429,50,UK,GBP,CPI,cpi_headline_mom,Headline CPI (MoM),2025-05-01,2025-06-18T06:00:00+00:00,0.200000,1.200000,-1,down,-1.900000,1.000000,-1,decelerating,0,[],2026-04-24T07:51:03.322738+00:00
245,32709,50,UK,GBP,CPI,cpi_headline_mom,Headline CPI (MoM),2025-06-01,2025-07-16T06:00:00+00:00,0.300000,0.200000,1,up,1.100000,-1.900000,1,accelerating,1,[],2026-04-24T07:51:03.322738+00:00
246,32596,50,UK,GBP,CPI,cpi_headline_mom,Headline CPI (MoM),2025-07-01,2025-08-20T06:00:00+00:00,0.100000,0.300000,-1,down,-0.300000,1.100000,-1,decelerating,0,[],2026-04-24T07:51:03.322738+00:00
247,32493,50,UK,GBP,CPI,cpi_headline_mom,Headline CPI (MoM),2025-08-01,2025-09-17T06:00:00+00:00,0.300000,0.100000,1,up,0.400000,-0.300000,1,accelerating,1,[],2026-04-24T07:51:03.322738+00:00
248,32233,50,UK,GBP,CPI,cpi_headline_mom,Headline CPI (MoM),2025-10-01,2025-11-19T07:00:00+00:00,0.400000,0.300000,1,up,-0.100000,0.400000,-1,decelerating,1,[],2026-04-24T07:51:03.322738+00:00
249,32122,50,UK,GBP,CPI,cpi_headline_mom,Headline CPI (MoM),2025-11-01,2025-12-17T07:00:00+00:00,-0.200000,0.400000,-1,down,-0.700000,-0.100000,-1,decelerating,0,[],2026-04-24T07:51:03.322738+00:00
250,32769,50,UK,GBP,CPI,cpi_headline_mom,Headline CPI (MoM),2025-12-01,2026-01-21T01:00:00+00:00,0.300000,-0.200000,1,up,1.100000,-0.700000,1,accelerating,1,[],2026-04-24T07:51:03.322738+00:00
251,32766,50,UK,GBP,CPI,cpi_headline_mom,Headline CPI (MoM),2025-12-01,2026-01-21T07:00:00+00:00,0.400000,0.300000,1,up,-0.400000,1.100000,-1,decelerating,1,[],2026-04-24T07:51:03.322738+00:00
252,1613,50,UK,GBP,CPI,cpi_headline_mom,Headline CPI (MoM),2026-01-01,2026-02-18T07:00:00+00:00,-0.500000,0.400000,-1,down,-1.000000,-0.400000,-1,decelerating,0,[],2026-04-24T07:51:03.322738+00:00
253,1600,50,UK,GBP,CPI,cpi_headline_mom,Headline CPI (MoM),2026-01-01,2026-02-18T08:00:00+00:00,-0.500000,-0.500000,0,flat,0.900000,-1.000000,1,accelerating,0,[],2026-04-24T07:51:03.322738+00:00
254,44909,50,UK,GBP,CPI,cpi_headline_mom,Headline CPI (MoM),2026-02-01,2026-03-25T07:00:00+00:00,0.600000,-0.500000,1,up,1.100000,0.900000,1,accelerating,1,[],2026-04-24T07:51:03.322738+00:00
255,45819,50,UK,GBP,CPI,cpi_headline_mom,Headline CPI (MoM),2026-02-01,2026-03-25T07:00:00+00:00,0.400000,0.600000,-1,down,-1.300000,1.100000,-1,decelerating,0,[],2026-04-24T07:51:03.322738+00:00
256,45809,50,UK,GBP,CPI,cpi_headline_mom,Headline CPI (MoM),2026-03-01,2026-04-22T06:00:00+00:00,0.700000,0.400000,1,up,0.500000,-1.300000,1,accelerating,1,[],2026-04-24T07:51:03.322738+00:00
257,26904,53,UK,GBP,UNEMPLOYMENT,unemployment_rate,Unemployment Rate,2019-11-01,2020-01-21T09:30:00+00:00,3.800000,,,,,,,,,"[""direction_target_short_history"", ""acceleration_target_short_history""]",2026-04-24T07:51:03.322738+00:00
258,26844,53,UK,GBP,UNEMPLOYMENT,unemployment_rate,Unemployment Rate,2019-12-01,2020-02-18T09:30:00+00:00,3.800000,3.800000,0,flat,,,,,0,"[""acceleration_target_short_history""]",2026-04-24T07:51:03.322738+00:00
259,26780,53,UK,GBP,UNEMPLOYMENT,unemployment_rate,Unemployment Rate,2020-01-01,2020-03-17T09:30:00+00:00,3.900000,3.800000,1,up,0.100000,,,,1,"[""acceleration_target_short_history""]",2026-04-24T07:51:03.322738+00:00
260,26702,53,UK,GBP,UNEMPLOYMENT,unemployment_rate,Unemployment Rate,2020-02-01,2020-04-21T06:00:00+00:00,4.000000,3.900000,1,up,0.000000,0.100000,-1,decelerating,1,[],2026-04-24T07:51:03.322738+00:00
261,26625,53,UK,GBP,UNEMPLOYMENT,unemployment_rate,Unemployment Rate,2020-03-01,2020-05-19T06:00:00+00:00,3.900000,4.000000,-1,down,-0.200000,0.000000,-1,decelerating,0,[],2026-04-24T07:51:03.322738+00:00
262,26561,53,UK,GBP,UNEMPLOYMENT,unemployment_rate,Unemployment Rate,2020-04-01,2020-06-16T06:00:00+00:00,3.900000,3.900000,0,flat,0.100000,-0.200000,1,accelerating,0,[],2026-04-24T07:51:03.322738+00:00
263,27328,53,UK,GBP,UNEMPLOYMENT,unemployment_rate,Unemployment Rate,2020-05-01,2020-07-16T06:00:00+00:00,3.900000,3.900000,0,flat,0.000000,0.100000,-1,decelerating,0,[],2026-04-24T07:51:03.322738+00:00
264,27289,53,UK,GBP,UNEMPLOYMENT,unemployment_rate,Unemployment Rate,2020-06-01,2020-08-11T06:00:00+00:00,3.900000,3.900000,0,flat,0.000000,0.000000,0,flat,0,[],2026-04-24T07:51:03.322738+00:00
265,27206,53,UK,GBP,UNEMPLOYMENT,unemployment_rate,Unemployment Rate,2020-07-01,2020-09-15T06:00:00+00:00,4.100000,3.900000,1,up,0.200000,0.000000,1,accelerating,1,[],2026-04-24T07:51:03.322738+00:00
266,27134,53,UK,GBP,UNEMPLOYMENT,unemployment_rate,Unemployment Rate,2020-08-01,2020-10-13T06:00:00+00:00,4.500000,4.100000,1,up,0.200000,0.200000,0,flat,1,[],2026-04-24T07:51:03.322738+00:00
267,27072,53,UK,GBP,UNEMPLOYMENT,unemployment_rate,Unemployment Rate,2020-09-01,2020-11-10T07:00:00+00:00,4.800000,4.500000,1,up,-0.100000,0.200000,-1,decelerating,1,[],2026-04-24T07:51:03.322738+00:00
268,26991,53,UK,GBP,UNEMPLOYMENT,unemployment_rate,Unemployment Rate,2020-10-01,2020-12-15T07:00:00+00:00,4.900000,4.800000,1,up,-0.200000,-0.100000,-1,decelerating,1,[],2026-04-24T07:51:03.322738+00:00
269,27752,53,UK,GBP,UNEMPLOYMENT,unemployment_rate,Unemployment Rate,2020-11-01,2021-01-26T07:00:00+00:00,5.000000,4.900000,1,up,0.000000,-0.200000,1,accelerating,1,[],2026-04-24T07:51:03.322738+00:00
270,27680,53,UK,GBP,UNEMPLOYMENT,unemployment_rate,Unemployment Rate,2020-12-01,2021-02-23T07:00:00+00:00,5.100000,5.000000,1,up,0.000000,0.000000,0,flat,1,[],2026-04-24T07:51:03.322738+00:00
271,27634,53,UK,GBP,UNEMPLOYMENT,unemployment_rate,Unemployment Rate,2021-01-01,2021-03-23T07:00:00+00:00,5.000000,5.100000,-1,down,-0.200000,0.000000,-1,decelerating,0,[],2026-04-24T07:51:03.322738+00:00
272,27567,53,UK,GBP,UNEMPLOYMENT,unemployment_rate,Unemployment Rate,2021-02-01,2021-04-20T06:00:00+00:00,4.900000,5.000000,-1,down,0.000000,-0.200000,1,accelerating,0,[],2026-04-24T07:51:03.322738+00:00
273,27491,53,UK,GBP,UNEMPLOYMENT,unemployment_rate,Unemployment Rate,2021-03-01,2021-05-18T06:00:00+00:00,4.800000,4.900000,-1,down,0.000000,0.000000,0,flat,0,[],2026-04-24T07:51:03.322738+00:00
274,27421,53,UK,GBP,UNEMPLOYMENT,unemployment_rate,Unemployment Rate,2021-04-01,2021-06-15T06:00:00+00:00,4.700000,4.800000,-1,down,0.000000,0.000000,0,flat,0,[],2026-04-24T07:51:03.322738+00:00
275,28203,53,UK,GBP,UNEMPLOYMENT,unemployment_rate,Unemployment Rate,2021-05-01,2021-07-15T06:00:00+00:00,4.800000,4.700000,1,up,0.200000,0.000000,1,accelerating,1,[],2026-04-24T07:51:03.322738+00:00
276,28138,53,UK,GBP,UNEMPLOYMENT,unemployment_rate,Unemployment Rate,2021-06-01,2021-08-17T06:00:00+00:00,4.700000,4.800000,-1,down,-0.200000,0.200000,-1,decelerating,0,[],2026-04-24T07:51:03.322738+00:00
277,28081,53,UK,GBP,UNEMPLOYMENT,unemployment_rate,Unemployment Rate,2021-07-01,2021-09-14T06:00:00+00:00,4.600000,4.700000,-1,down,0.000000,-0.200000,1,accelerating,0,[],2026-04-24T07:51:03.322738+00:00
278,28018,53,UK,GBP,UNEMPLOYMENT,unemployment_rate,Unemployment Rate,2021-08-01,2021-10-12T06:00:00+00:00,4.500000,4.600000,-1,down,0.000000,0.000000,0,flat,0,[],2026-04-24T07:51:03.322738+00:00
279,27919,53,UK,GBP,UNEMPLOYMENT,unemployment_rate,Unemployment Rate,2021-09-01,2021-11-16T07:00:00+00:00,4.300000,4.500000,-1,down,-0.100000,0.000000,-1,decelerating,0,[],2026-04-24T07:51:03.322738+00:00
280,27848,53,UK,GBP,UNEMPLOYMENT,unemployment_rate,Unemployment Rate,2021-10-01,2021-12-14T07:00:00+00:00,4.200000,4.300000,-1,down,0.100000,-0.100000,1,accelerating,0,[],2026-04-24T07:51:03.322738+00:00
281,28653,53,UK,GBP,UNEMPLOYMENT,unemployment_rate,Unemployment Rate,2021-11-01,2022-01-18T07:00:00+00:00,4.100000,4.200000,-1,down,0.000000,0.100000,-1,decelerating,0,[],2026-04-24T07:51:03.322738+00:00
282,28583,53,UK,GBP,UNEMPLOYMENT,unemployment_rate,Unemployment Rate,2021-12-01,2022-02-15T07:00:00+00:00,4.100000,4.100000,0,flat,0.100000,0.000000,1,accelerating,0,[],2026-04-24T07:51:03.322738+00:00
283,28517,53,UK,GBP,UNEMPLOYMENT,unemployment_rate,Unemployment Rate,2022-01-01,2022-03-15T07:00:00+00:00,3.900000,4.100000,-1,down,-0.200000,0.100000,-1,decelerating,0,[],2026-04-24T07:51:03.322738+00:00
284,28437,53,UK,GBP,UNEMPLOYMENT,unemployment_rate,Unemployment Rate,2022-02-01,2022-04-12T06:00:00+00:00,3.800000,3.900000,-1,down,0.100000,-0.200000,1,accelerating,0,[],2026-04-24T07:51:03.322738+00:00
285,28356,53,UK,GBP,UNEMPLOYMENT,unemployment_rate,Unemployment Rate,2022-03-01,2022-05-17T06:00:00+00:00,3.700000,3.800000,-1,down,0.000000,0.100000,-1,decelerating,0,[],2026-04-24T07:51:03.322738+00:00
286,28290,53,UK,GBP,UNEMPLOYMENT,unemployment_rate,Unemployment Rate,2022-04-01,2022-06-14T06:00:00+00:00,3.800000,3.700000,1,up,0.200000,0.000000,1,accelerating,1,[],2026-04-24T07:51:03.322738+00:00
287,29124,53,UK,GBP,UNEMPLOYMENT,unemployment_rate,Unemployment Rate,2022-05-01,2022-07-19T06:00:00+00:00,3.800000,3.800000,0,flat,-0.100000,0.200000,-1,decelerating,0,[],2026-04-24T07:51:03.322738+00:00
288,29048,53,UK,GBP,UNEMPLOYMENT,unemployment_rate,Unemployment Rate,2022-06-01,2022-08-16T06:00:00+00:00,3.800000,3.800000,0,flat,0.000000,-0.100000,1,accelerating,0,[],2026-04-24T07:51:03.322738+00:00
289,28985,53,UK,GBP,UNEMPLOYMENT,unemployment_rate,Unemployment Rate,2022-07-01,2022-09-13T06:00:00+00:00,3.600000,3.800000,-1,down,-0.200000,0.000000,-1,decelerating,0,[],2026-04-24T07:51:03.322738+00:00
290,28917,53,UK,GBP,UNEMPLOYMENT,unemployment_rate,Unemployment Rate,2022-08-01,2022-10-11T06:00:00+00:00,3.500000,3.600000,-1,down,0.100000,-0.200000,1,accelerating,0,[],2026-04-24T07:51:03.322738+00:00
291,28809,53,UK,GBP,UNEMPLOYMENT,unemployment_rate,Unemployment Rate,2022-09-01,2022-11-15T07:00:00+00:00,3.600000,3.500000,1,up,0.200000,0.100000,1,accelerating,1,[],2026-04-24T07:51:03.322738+00:00
292,28731,53,UK,GBP,UNEMPLOYMENT,unemployment_rate,Unemployment Rate,2022-10-01,2022-12-13T07:00:00+00:00,3.700000,3.600000,1,up,0.000000,0.200000,-1,decelerating,1,[],2026-04-24T07:51:03.322738+00:00
293,29621,53,UK,GBP,UNEMPLOYMENT,unemployment_rate,Unemployment Rate,2022-11-01,2023-01-17T07:00:00+00:00,3.700000,3.700000,0,flat,-0.100000,0.000000,-1,decelerating,0,[],2026-04-24T07:51:03.322738+00:00
294,29538,53,UK,GBP,UNEMPLOYMENT,unemployment_rate,Unemployment Rate,2022-12-01,2023-02-14T07:00:00+00:00,3.700000,3.700000,0,flat,0.000000,-0.100000,1,accelerating,0,[],2026-04-24T07:51:03.322738+00:00
295,29460,53,UK,GBP,UNEMPLOYMENT,unemployment_rate,Unemployment Rate,2023-01-01,2023-03-14T07:00:00+00:00,3.700000,3.700000,0,flat,0.000000,0.000000,0,flat,0,[],2026-04-24T07:51:03.322738+00:00
296,29370,53,UK,GBP,UNEMPLOYMENT,unemployment_rate,Unemployment Rate,2023-02-01,2023-04-18T06:00:00+00:00,3.800000,3.700000,1,up,0.100000,0.000000,1,accelerating,1,[],2026-04-24T07:51:03.322738+00:00
297,29288,53,UK,GBP,UNEMPLOYMENT,unemployment_rate,Unemployment Rate,2023-03-01,2023-05-16T06:00:00+00:00,3.900000,3.800000,1,up,0.000000,0.100000,-1,decelerating,1,[],2026-04-24T07:51:03.322738+00:00
298,29230,53,UK,GBP,UNEMPLOYMENT,unemployment_rate,Unemployment Rate,2023-04-01,2023-06-13T06:00:00+00:00,3.800000,3.900000,-1,down,-0.200000,0.000000,-1,decelerating,0,[],2026-04-24T07:51:03.322738+00:00
299,30111,53,UK,GBP,UNEMPLOYMENT,unemployment_rate,Unemployment Rate,2023-05-01,2023-07-11T06:00:00+00:00,4.000000,3.800000,1,up,0.300000,-0.200000,1,accelerating,1,[],2026-04-24T07:51:03.322738+00:00
300,30016,53,UK,GBP,UNEMPLOYMENT,unemployment_rate,Unemployment Rate,2023-06-01,2023-08-15T06:00:00+00:00,4.200000,4.000000,1,up,0.000000,0.300000,-1,decelerating,1,[],2026-04-24T07:51:03.322738+00:00
301,29957,53,UK,GBP,UNEMPLOYMENT,unemployment_rate,Unemployment Rate,2023-07-01,2023-09-12T06:00:00+00:00,4.300000,4.200000,1,up,-0.100000,0.000000,-1,decelerating,1,[],2026-04-24T07:51:03.322738+00:00
302,29837,53,UK,GBP,UNEMPLOYMENT,unemployment_rate,Unemployment Rate,2023-08-01,2023-10-24T06:00:00+00:00,4.200000,4.300000,-1,down,-0.200000,-0.100000,-1,decelerating,0,[],2026-04-24T07:51:03.322738+00:00
303,29770,53,UK,GBP,UNEMPLOYMENT,unemployment_rate,Unemployment Rate,2023-09-01,2023-11-14T07:00:00+00:00,4.200000,4.200000,0,flat,0.100000,-0.200000,1,accelerating,0,[],2026-04-24T07:51:03.322738+00:00
304,29706,53,UK,GBP,UNEMPLOYMENT,unemployment_rate,Unemployment Rate,2023-10-01,2023-12-12T07:00:00+00:00,4.200000,4.200000,0,flat,0.000000,0.100000,-1,decelerating,0,[],2026-04-24T07:51:03.322738+00:00
305,30712,53,UK,GBP,UNEMPLOYMENT,unemployment_rate,Unemployment Rate,2023-11-01,2024-01-16T07:00:00+00:00,4.200000,4.200000,0,flat,0.000000,0.000000,0,flat,0,[],2026-04-24T07:51:03.322738+00:00
306,30624,53,UK,GBP,UNEMPLOYMENT,unemployment_rate,Unemployment Rate,2023-12-01,2024-02-13T07:00:00+00:00,3.800000,4.200000,-1,down,-0.400000,0.000000,-1,decelerating,0,[],2026-04-24T07:51:03.322738+00:00
307,30515,53,UK,GBP,UNEMPLOYMENT,unemployment_rate,Unemployment Rate,2024-01-01,2024-03-12T07:00:00+00:00,3.900000,3.800000,1,up,0.500000,-0.400000,1,accelerating,1,[],2026-04-24T07:51:03.322738+00:00
308,30397,53,UK,GBP,UNEMPLOYMENT,unemployment_rate,Unemployment Rate,2024-02-01,2024-04-16T06:00:00+00:00,4.200000,3.900000,1,up,0.200000,0.500000,-1,decelerating,1,[],2026-04-24T07:51:03.322738+00:00
309,30286,53,UK,GBP,UNEMPLOYMENT,unemployment_rate,Unemployment Rate,2024-03-01,2024-05-14T06:00:00+00:00,4.300000,4.200000,1,up,-0.200000,0.200000,-1,decelerating,1,[],2026-04-24T07:51:03.322738+00:00
310,30201,53,UK,GBP,UNEMPLOYMENT,unemployment_rate,Unemployment Rate,2024-04-01,2024-06-11T06:00:00+00:00,4.400000,4.300000,1,up,0.000000,-0.200000,1,accelerating,1,[],2026-04-24T07:51:03.322738+00:00
311,31300,53,UK,GBP,UNEMPLOYMENT,unemployment_rate,Unemployment Rate,2024-05-01,2024-07-18T06:00:00+00:00,4.400000,4.400000,0,flat,-0.100000,0.000000,-1,decelerating,0,[],2026-04-24T07:51:03.322738+00:00
312,31239,53,UK,GBP,UNEMPLOYMENT,unemployment_rate,Unemployment Rate,2024-06-01,2024-08-13T06:00:00+00:00,4.200000,4.400000,-1,down,-0.200000,-0.100000,-1,decelerating,0,[],2026-04-24T07:51:03.322738+00:00
313,31148,53,UK,GBP,UNEMPLOYMENT,unemployment_rate,Unemployment Rate,2024-07-01,2024-09-10T06:00:00+00:00,4.100000,4.200000,-1,down,0.100000,-0.200000,1,accelerating,0,[],2026-04-24T07:51:03.322738+00:00
314,31024,53,UK,GBP,UNEMPLOYMENT,unemployment_rate,Unemployment Rate,2024-08-01,2024-10-15T06:00:00+00:00,4.000000,4.100000,-1,down,0.000000,0.100000,-1,decelerating,0,[],2026-04-24T07:51:03.322738+00:00
315,30930,53,UK,GBP,UNEMPLOYMENT,unemployment_rate,Unemployment Rate,2024-09-01,2024-11-12T07:00:00+00:00,4.300000,4.000000,1,up,0.400000,0.000000,1,accelerating,1,[],2026-04-24T07:51:03.322738+00:00
316,30799,53,UK,GBP,UNEMPLOYMENT,unemployment_rate,Unemployment Rate,2024-10-01,2024-12-17T07:00:00+00:00,4.300000,4.300000,0,flat,-0.300000,0.400000,-1,decelerating,0,[],2026-04-24T07:51:03.322738+00:00
317,32009,53,UK,GBP,UNEMPLOYMENT,unemployment_rate,Unemployment Rate,2024-11-01,2025-01-21T07:00:00+00:00,4.400000,4.300000,1,up,0.100000,-0.300000,1,accelerating,1,[],2026-04-24T07:51:03.322738+00:00
318,31907,53,UK,GBP,UNEMPLOYMENT,unemployment_rate,Unemployment Rate,2024-12-01,2025-02-18T07:00:00+00:00,4.400000,4.400000,0,flat,-0.100000,0.100000,-1,decelerating,0,[],2026-04-24T07:51:03.322738+00:00
319,31793,53,UK,GBP,UNEMPLOYMENT,unemployment_rate,Unemployment Rate,2025-01-01,2025-03-20T07:00:00+00:00,4.400000,4.400000,0,flat,0.000000,-0.100000,1,accelerating,0,[],2026-04-24T07:51:03.322738+00:00
320,31675,53,UK,GBP,UNEMPLOYMENT,unemployment_rate,Unemployment Rate,2025-02-01,2025-04-15T06:00:00+00:00,4.400000,4.400000,0,flat,0.000000,0.000000,0,flat,0,[],2026-04-24T07:51:03.322738+00:00
321,31572,53,UK,GBP,UNEMPLOYMENT,unemployment_rate,Unemployment Rate,2025-03-01,2025-05-13T06:00:00+00:00,4.500000,4.400000,1,up,0.100000,0.000000,1,accelerating,1,[],2026-04-24T07:51:03.322738+00:00
322,31458,53,UK,GBP,UNEMPLOYMENT,unemployment_rate,Unemployment Rate,2025-04-01,2025-06-10T06:00:00+00:00,4.600000,4.500000,1,up,0.000000,0.100000,-1,decelerating,1,[],2026-04-24T07:51:03.322738+00:00
323,32698,53,UK,GBP,UNEMPLOYMENT,unemployment_rate,Unemployment Rate,2025-05-01,2025-07-17T06:00:00+00:00,4.700000,4.600000,1,up,0.000000,0.000000,0,flat,1,[],2026-04-24T07:51:03.322738+00:00
324,32636,53,UK,GBP,UNEMPLOYMENT,unemployment_rate,Unemployment Rate,2025-06-01,2025-08-12T06:00:00+00:00,4.700000,4.700000,0,flat,-0.100000,0.000000,-1,decelerating,0,[],2026-04-24T07:51:03.322738+00:00
325,32500,53,UK,GBP,UNEMPLOYMENT,unemployment_rate,Unemployment Rate,2025-07-01,2025-09-16T06:00:00+00:00,4.700000,4.700000,0,flat,0.000000,-0.100000,1,accelerating,0,[],2026-04-24T07:51:03.322738+00:00
326,32389,53,UK,GBP,UNEMPLOYMENT,unemployment_rate,Unemployment Rate,2025-08-01,2025-10-14T06:00:00+00:00,4.800000,4.700000,1,up,0.100000,0.000000,1,accelerating,1,[],2026-04-24T07:51:03.322738+00:00
327,32274,53,UK,GBP,UNEMPLOYMENT,unemployment_rate,Unemployment Rate,2025-09-01,2025-11-11T07:00:00+00:00,5.000000,4.800000,1,up,0.100000,0.100000,0,flat,1,[],2026-04-24T07:51:03.322738+00:00
328,32136,53,UK,GBP,UNEMPLOYMENT,unemployment_rate,Unemployment Rate,2025-10-01,2025-12-16T07:00:00+00:00,5.100000,5.000000,1,up,-0.100000,0.100000,-1,decelerating,1,[],2026-04-24T07:51:03.322738+00:00
329,32771,53,UK,GBP,UNEMPLOYMENT,unemployment_rate,Unemployment Rate,2025-11-01,2026-01-20T07:00:00+00:00,5.100000,5.100000,0,flat,-0.100000,-0.100000,0,flat,0,[],2026-04-24T07:51:03.322738+00:00
330,1618,53,UK,GBP,UNEMPLOYMENT,unemployment_rate,Unemployment Rate,2025-12-01,2026-02-17T07:00:00+00:00,5.200000,5.100000,1,up,0.100000,-0.100000,1,accelerating,1,[],2026-04-24T07:51:03.322738+00:00
331,1540,53,UK,GBP,UNEMPLOYMENT,unemployment_rate,Unemployment Rate,2026-01-01,2026-03-19T07:00:00+00:00,5.200000,5.200000,0,flat,-0.100000,0.100000,-1,decelerating,0,[],2026-04-24T07:51:03.322738+00:00
332,45324,53,UK,GBP,UNEMPLOYMENT,unemployment_rate,Unemployment Rate,2026-02-01,2026-04-21T06:00:00+00:00,4.900000,5.200000,-1,down,-0.300000,-0.100000,-1,decelerating,0,[],2026-04-24T07:51:03.322738+00:00
333,26926,58,UK,GBP,GDP,gdp_mom,GDP (MoM),2019-11-01,2020-01-13T09:30:00+00:00,-0.300000,,,,,,,,,"[""direction_target_short_history"", ""acceleration_target_short_history""]",2026-04-24T07:51:03.322738+00:00
334,26867,58,UK,GBP,GDP,gdp_mom,GDP (MoM),2019-12-01,2020-02-11T09:30:00+00:00,0.300000,-0.300000,1,up,,,,,1,"[""acceleration_target_short_history""]",2026-04-24T07:51:03.322738+00:00
335,26717,58,UK,GBP,GDP,gdp_mom,GDP (MoM),2020-02-01,2020-04-09T06:00:00+00:00,-0.100000,0.300000,-1,down,-1.000000,,,,0,"[""acceleration_target_short_history""]",2026-04-24T07:51:03.322738+00:00
336,26643,58,UK,GBP,GDP,gdp_mom,GDP (MoM),2020-03-01,2020-05-13T06:00:00+00:00,-5.800000,-0.100000,-1,down,-5.300000,-1.000000,-1,decelerating,0,[],2026-04-24T07:51:03.322738+00:00
337,26571,58,UK,GBP,GDP,gdp_mom,GDP (MoM),2020-04-01,2020-06-12T06:00:00+00:00,-20.400000,-5.800000,-1,down,-8.900000,-5.300000,-1,decelerating,0,[],2026-04-24T07:51:03.322738+00:00
338,27351,58,UK,GBP,GDP,gdp_mom,GDP (MoM),2020-05-01,2020-07-14T06:00:00+00:00,1.800000,-20.400000,1,up,36.800000,-8.900000,1,accelerating,1,[],2026-04-24T07:51:03.322738+00:00
339,27272,58,UK,GBP,GDP,gdp_mom,GDP (MoM),2020-06-01,2020-08-12T06:00:00+00:00,8.700000,1.800000,1,up,-15.300000,36.800000,-1,decelerating,1,[],2026-04-24T07:51:03.322738+00:00
340,27216,58,UK,GBP,GDP,gdp_mom,GDP (MoM),2020-07-01,2020-09-11T06:00:00+00:00,6.600000,8.700000,-1,down,-9.000000,-15.300000,1,accelerating,0,[],2026-04-24T07:51:03.322738+00:00
341,27144,58,UK,GBP,GDP,gdp_mom,GDP (MoM),2020-08-01,2020-10-09T06:00:00+00:00,2.100000,6.600000,-1,down,-2.400000,-9.000000,1,accelerating,0,[],2026-04-24T07:51:03.322738+00:00
342,27064,58,UK,GBP,GDP,gdp_mom,GDP (MoM),2020-09-01,2020-11-12T07:00:00+00:00,1.100000,2.100000,-1,down,3.500000,-2.400000,1,accelerating,0,[],2026-04-24T07:51:03.322738+00:00
343,27000,58,UK,GBP,GDP,gdp_mom,GDP (MoM),2020-10-01,2020-12-10T07:00:00+00:00,0.400000,1.100000,-1,down,0.300000,3.500000,-1,decelerating,0,[],2026-04-24T07:51:03.322738+00:00
344,27786,58,UK,GBP,GDP,gdp_mom,GDP (MoM),2020-11-01,2021-01-15T07:00:00+00:00,-2.600000,0.400000,-1,down,-2.300000,0.300000,-1,decelerating,0,[],2026-04-24T07:51:03.322738+00:00
345,27724,58,UK,GBP,GDP,gdp_mom,GDP (MoM),2020-12-01,2021-02-12T07:00:00+00:00,1.200000,-2.600000,1,up,6.800000,-2.300000,1,accelerating,1,[],2026-04-24T07:51:03.322738+00:00
346,27650,58,UK,GBP,GDP,gdp_mom,GDP (MoM),2021-01-01,2021-03-12T07:00:00+00:00,-2.900000,1.200000,-1,down,-7.900000,6.800000,-1,decelerating,0,[],2026-04-24T07:51:03.322738+00:00
347,27578,58,UK,GBP,GDP,gdp_mom,GDP (MoM),2021-02-01,2021-04-13T06:00:00+00:00,0.400000,-2.900000,1,up,7.400000,-7.900000,1,accelerating,1,[],2026-04-24T07:51:03.322738+00:00
348,27507,58,UK,GBP,GDP,gdp_mom,GDP (MoM),2021-03-01,2021-05-12T06:00:00+00:00,2.100000,0.400000,1,up,-1.600000,7.400000,-1,decelerating,1,[],2026-04-24T07:51:03.322738+00:00
349,27436,58,UK,GBP,GDP,gdp_mom,GDP (MoM),2021-04-01,2021-06-11T06:00:00+00:00,2.300000,2.100000,1,up,-1.500000,-1.600000,1,accelerating,1,[],2026-04-24T07:51:03.322738+00:00
350,28226,58,UK,GBP,GDP,gdp_mom,GDP (MoM),2021-05-01,2021-07-09T06:00:00+00:00,0.800000,2.300000,-1,down,-1.700000,-1.500000,-1,decelerating,0,[],2026-04-24T07:51:03.322738+00:00
351,28142,58,UK,GBP,GDP,gdp_mom,GDP (MoM),2021-06-01,2021-08-12T06:00:00+00:00,1.000000,0.800000,1,up,1.700000,-1.700000,1,accelerating,1,[],2026-04-24T07:51:03.322738+00:00
352,28090,58,UK,GBP,GDP,gdp_mom,GDP (MoM),2021-07-01,2021-09-10T06:00:00+00:00,0.100000,1.000000,-1,down,-1.100000,1.700000,-1,decelerating,0,[],2026-04-24T07:51:03.322738+00:00
353,28003,58,UK,GBP,GDP,gdp_mom,GDP (MoM),2021-08-01,2021-10-13T06:00:00+00:00,0.400000,0.100000,1,up,1.200000,-1.100000,1,accelerating,1,[],2026-04-24T07:51:03.322738+00:00
354,27925,58,UK,GBP,GDP,gdp_mom,GDP (MoM),2021-09-01,2021-11-11T07:00:00+00:00,0.600000,0.400000,1,up,-0.100000,1.200000,-1,decelerating,1,[],2026-04-24T07:51:03.322738+00:00
355,27864,58,UK,GBP,GDP,gdp_mom,GDP (MoM),2021-10-01,2021-12-10T07:00:00+00:00,0.100000,0.600000,-1,down,-0.700000,-0.100000,-1,decelerating,0,[],2026-04-24T07:51:03.322738+00:00
356,28665,58,UK,GBP,GDP,gdp_mom,GDP (MoM),2021-11-01,2022-01-14T07:00:00+00:00,0.900000,0.100000,1,up,1.300000,-0.700000,1,accelerating,1,[],2026-04-24T07:51:03.322738+00:00
357,28598,58,UK,GBP,GDP,gdp_mom,GDP (MoM),2021-12-01,2022-02-11T07:00:00+00:00,-0.200000,0.900000,-1,down,-1.900000,1.300000,-1,decelerating,0,[],2026-04-24T07:51:03.322738+00:00
358,28519,58,UK,GBP,GDP,gdp_mom,GDP (MoM),2022-01-01,2022-03-11T07:00:00+00:00,0.800000,-0.200000,1,up,2.100000,-1.900000,1,accelerating,1,[],2026-04-24T07:51:03.322738+00:00
359,28446,58,UK,GBP,GDP,gdp_mom,GDP (MoM),2022-02-01,2022-04-11T06:00:00+00:00,0.100000,0.800000,-1,down,-1.700000,2.100000,-1,decelerating,0,[],2026-04-24T07:51:03.322738+00:00
360,28373,58,UK,GBP,GDP,gdp_mom,GDP (MoM),2022-03-01,2022-05-12T06:00:00+00:00,-0.100000,0.100000,-1,down,0.500000,-1.700000,1,accelerating,0,[],2026-04-24T07:51:03.322738+00:00
361,28300,58,UK,GBP,GDP,gdp_mom,GDP (MoM),2022-04-01,2022-06-13T06:00:00+00:00,-0.300000,-0.100000,-1,down,0.000000,0.500000,-1,decelerating,0,[],2026-04-24T07:51:03.322738+00:00
362,29136,58,UK,GBP,GDP,gdp_mom,GDP (MoM),2022-05-01,2022-07-13T06:00:00+00:00,0.500000,-0.300000,1,up,1.000000,0.000000,1,accelerating,1,[],2026-04-24T07:51:03.322738+00:00
363,29065,58,UK,GBP,GDP,gdp_mom,GDP (MoM),2022-06-01,2022-08-12T06:00:00+00:00,-0.600000,0.500000,-1,down,-1.900000,1.000000,-1,decelerating,0,[],2026-04-24T07:51:03.322738+00:00
364,28995,58,UK,GBP,GDP,gdp_mom,GDP (MoM),2022-07-01,2022-09-12T06:00:00+00:00,0.200000,-0.600000,1,up,1.900000,-1.900000,1,accelerating,1,[],2026-04-24T07:51:03.322738+00:00
365,28910,58,UK,GBP,GDP,gdp_mom,GDP (MoM),2022-08-01,2022-10-12T06:00:00+00:00,-0.300000,0.200000,-1,down,-1.300000,1.900000,-1,decelerating,0,[],2026-04-24T07:51:03.322738+00:00
366,28823,58,UK,GBP,GDP,gdp_mom,GDP (MoM),2022-09-01,2022-11-11T07:00:00+00:00,-0.600000,-0.300000,-1,down,0.200000,-1.300000,1,accelerating,0,[],2026-04-24T07:51:03.322738+00:00
367,28738,58,UK,GBP,GDP,gdp_mom,GDP (MoM),2022-10-01,2022-12-12T07:00:00+00:00,0.500000,-0.600000,1,up,1.400000,0.200000,1,accelerating,1,[],2026-04-24T07:51:03.322738+00:00
368,29633,58,UK,GBP,GDP,gdp_mom,GDP (MoM),2022-11-01,2023-01-13T07:00:00+00:00,0.100000,0.500000,-1,down,-1.500000,1.400000,-1,decelerating,0,[],2026-04-24T07:51:03.322738+00:00
369,29551,58,UK,GBP,GDP,gdp_mom,GDP (MoM),2022-12-01,2023-02-10T07:00:00+00:00,-0.500000,0.100000,-1,down,-0.200000,-1.500000,1,accelerating,0,[],2026-04-24T07:51:03.322738+00:00
370,29469,58,UK,GBP,GDP,gdp_mom,GDP (MoM),2023-01-01,2023-03-10T07:00:00+00:00,0.300000,-0.500000,1,up,1.400000,-0.200000,1,accelerating,1,[],2026-04-24T07:51:03.322738+00:00
371,29307,58,UK,GBP,GDP,gdp_mom,GDP (MoM),2023-03-01,2023-05-12T06:00:00+00:00,-0.300000,0.300000,-1,down,-1.400000,1.400000,-1,decelerating,0,[],2026-04-24T07:51:03.322738+00:00
372,29217,58,UK,GBP,GDP,gdp_mom,GDP (MoM),2023-04-01,2023-06-14T06:00:00+00:00,0.200000,-0.300000,1,up,1.100000,-1.400000,1,accelerating,1,[],2026-04-24T07:51:03.322738+00:00
373,30092,58,UK,GBP,GDP,gdp_mom,GDP (MoM),2023-05-01,2023-07-13T06:00:00+00:00,-0.100000,0.200000,-1,down,-0.800000,1.100000,-1,decelerating,0,[],2026-04-24T07:51:03.322738+00:00
374,30019,58,UK,GBP,GDP,gdp_mom,GDP (MoM),2023-06-01,2023-08-11T06:00:00+00:00,0.500000,-0.100000,1,up,0.900000,-0.800000,1,accelerating,1,[],2026-04-24T07:51:03.322738+00:00
375,29948,58,UK,GBP,GDP,gdp_mom,GDP (MoM),2023-07-01,2023-09-13T06:00:00+00:00,-0.500000,0.500000,-1,down,-1.600000,0.900000,-1,decelerating,0,[],2026-04-24T07:51:03.322738+00:00
376,29878,58,UK,GBP,GDP,gdp_mom,GDP (MoM),2023-08-01,2023-10-12T06:00:00+00:00,0.200000,-0.500000,1,up,1.700000,-1.600000,1,accelerating,1,[],2026-04-24T07:51:03.322738+00:00
377,29786,58,UK,GBP,GDP,gdp_mom,GDP (MoM),2023-09-01,2023-11-10T07:00:00+00:00,0.200000,0.200000,0,flat,-0.700000,1.700000,-1,decelerating,0,[],2026-04-24T07:51:03.322738+00:00
378,29691,58,UK,GBP,GDP,gdp_mom,GDP (MoM),2023-10-01,2023-12-13T07:00:00+00:00,-0.300000,0.200000,-1,down,-0.500000,-0.700000,1,accelerating,0,[],2026-04-24T07:51:03.322738+00:00
379,30724,58,UK,GBP,GDP,gdp_mom,GDP (MoM),2023-11-01,2024-01-12T07:00:00+00:00,0.300000,-0.300000,1,up,1.100000,-0.500000,1,accelerating,1,[],2026-04-24T07:51:03.322738+00:00
380,30603,58,UK,GBP,GDP,gdp_mom,GDP (MoM),2023-12-01,2024-02-15T07:00:00+00:00,-0.100000,0.300000,-1,down,-1.000000,1.100000,-1,decelerating,0,[],2026-04-24T07:51:03.322738+00:00
381,30505,58,UK,GBP,GDP,gdp_mom,GDP (MoM),2024-01-01,2024-03-13T07:00:00+00:00,0.200000,-0.100000,1,up,0.700000,-1.000000,1,accelerating,1,[],2026-04-24T07:51:03.322738+00:00
382,30404,58,UK,GBP,GDP,gdp_mom,GDP (MoM),2024-02-01,2024-04-12T06:00:00+00:00,0.100000,0.200000,-1,down,-0.400000,0.700000,-1,decelerating,0,[],2026-04-24T07:51:03.322738+00:00
383,30308,58,UK,GBP,GDP,gdp_mom,GDP (MoM),2024-03-01,2024-05-10T06:00:00+00:00,0.400000,0.100000,1,up,0.400000,-0.400000,1,accelerating,1,[],2026-04-24T07:51:03.322738+00:00
384,31327,58,UK,GBP,GDP,gdp_mom,GDP (MoM),2024-05-01,2024-07-11T06:00:00+00:00,0.400000,0.400000,0,flat,-0.300000,0.400000,-1,decelerating,0,[],2026-04-24T07:51:03.322738+00:00
385,31031,58,UK,GBP,GDP,gdp_mom,GDP (MoM),2024-08-01,2024-10-11T06:00:00+00:00,0.200000,0.400000,-1,down,-0.200000,-0.300000,1,accelerating,0,[],2026-04-24T07:51:03.322738+00:00
386,30914,58,UK,GBP,GDP,gdp_mom,GDP (MoM),2024-09-01,2024-11-15T07:00:00+00:00,-0.100000,0.200000,-1,down,-0.100000,-0.200000,1,accelerating,0,[],2026-04-24T07:51:03.322738+00:00
387,30819,58,UK,GBP,GDP,gdp_mom,GDP (MoM),2024-10-01,2024-12-13T07:00:00+00:00,-0.100000,-0.100000,0,flat,0.300000,-0.100000,1,accelerating,0,[],2026-04-24T07:51:03.322738+00:00
388,32027,58,UK,GBP,GDP,gdp_mom,GDP (MoM),2024-11-01,2025-01-16T07:00:00+00:00,0.100000,-0.100000,1,up,0.200000,0.300000,-1,decelerating,1,[],2026-04-24T07:51:03.322738+00:00
389,31934,58,UK,GBP,GDP,gdp_mom,GDP (MoM),2024-12-01,2025-02-13T07:00:00+00:00,0.400000,0.100000,1,up,0.100000,0.200000,-1,decelerating,1,[],2026-04-24T07:51:03.322738+00:00
390,31811,58,UK,GBP,GDP,gdp_mom,GDP (MoM),2025-01-01,2025-03-14T07:00:00+00:00,-0.100000,0.400000,-1,down,-0.800000,0.100000,-1,decelerating,0,[],2026-04-24T07:51:03.322738+00:00
391,31695,58,UK,GBP,GDP,gdp_mom,GDP (MoM),2025-02-01,2025-04-11T06:00:00+00:00,0.500000,-0.100000,1,up,1.100000,-0.800000,1,accelerating,1,[],2026-04-24T07:51:03.322738+00:00
392,31549,58,UK,GBP,GDP,gdp_mom,GDP (MoM),2025-03-01,2025-05-15T06:00:00+00:00,0.200000,0.500000,-1,down,-0.900000,1.100000,-1,decelerating,0,[],2026-04-24T07:51:03.322738+00:00
393,31437,58,UK,GBP,GDP,gdp_mom,GDP (MoM),2025-04-01,2025-06-12T06:00:00+00:00,-0.300000,0.200000,-1,down,-0.200000,-0.900000,1,accelerating,0,[],2026-04-24T07:51:03.322738+00:00
394,32718,58,UK,GBP,GDP,gdp_mom,GDP (MoM),2025-05-01,2025-07-11T06:00:00+00:00,-0.100000,-0.300000,1,up,0.700000,-0.200000,1,accelerating,1,[],2026-04-24T07:51:03.322738+00:00
395,32611,58,UK,GBP,GDP,gdp_mom,GDP (MoM),2025-06-01,2025-08-14T06:00:00+00:00,0.400000,-0.100000,1,up,0.300000,0.700000,-1,decelerating,1,[],2026-04-24T07:51:03.322738+00:00
396,32379,58,UK,GBP,GDP,gdp_mom,GDP (MoM),2025-08-01,2025-10-16T06:00:00+00:00,0.100000,0.400000,-1,down,-0.800000,0.300000,-1,decelerating,0,[],2026-04-24T07:51:03.322738+00:00
397,32266,58,UK,GBP,GDP,gdp_mom,GDP (MoM),2025-09-01,2025-11-13T07:00:00+00:00,-0.100000,0.100000,-1,down,0.100000,-0.800000,1,accelerating,0,[],2026-04-24T07:51:03.322738+00:00
398,32154,58,UK,GBP,GDP,gdp_mom,GDP (MoM),2025-10-01,2025-12-12T07:00:00+00:00,-0.100000,-0.100000,0,flat,0.200000,0.100000,1,accelerating,0,[],2026-04-24T07:51:03.322738+00:00
399,32791,58,UK,GBP,GDP,gdp_mom,GDP (MoM),2025-11-01,2026-01-15T07:00:00+00:00,0.300000,-0.100000,1,up,0.400000,0.200000,1,accelerating,1,[],2026-04-24T07:51:03.322738+00:00
400,1629,58,UK,GBP,GDP,gdp_mom,GDP (MoM),2025-12-01,2026-02-12T07:00:00+00:00,0.100000,0.300000,-1,down,-0.600000,0.400000,-1,decelerating,0,[],2026-04-24T07:51:03.322738+00:00
401,1447,58,UK,GBP,GDP,gdp_mom,GDP (MoM),2026-02-01,2026-04-16T06:00:00+00:00,0.500000,0.100000,1,up,0.600000,-0.600000,1,accelerating,1,[],2026-04-24T07:51:03.322738+00:00
402,26927,59,UK,GBP,GDP,gdp_yoy,GDP (YoY),2019-11-01,2020-01-13T09:30:00+00:00,0.600000,,,,,,,,,"[""direction_target_short_history"", ""acceleration_target_short_history""]",2026-04-24T07:51:03.322738+00:00
403,26865,59,UK,GBP,GDP,gdp_yoy,GDP (YoY),2019-12-01,2020-02-11T09:30:00+00:00,1.200000,0.600000,1,up,,,,,1,"[""acceleration_target_short_history""]",2026-04-24T07:51:03.322738+00:00
404,26788,59,UK,GBP,GDP,gdp_yoy,GDP (YoY),2020-01-01,2020-03-11T09:30:00+00:00,0.600000,1.200000,-1,down,-1.200000,,,,0,"[""acceleration_target_short_history""]",2026-04-24T07:51:03.322738+00:00
405,26718,59,UK,GBP,GDP,gdp_yoy,GDP (YoY),2020-02-01,2020-04-09T06:00:00+00:00,0.300000,0.600000,-1,down,0.300000,-1.200000,1,accelerating,0,[],2026-04-24T07:51:03.322738+00:00
406,26641,59,UK,GBP,GDP,gdp_yoy,GDP (YoY),2020-03-01,2020-05-13T06:00:00+00:00,-5.700000,0.300000,-1,down,-5.700000,0.300000,-1,decelerating,0,[],2026-04-24T07:51:03.322738+00:00
407,26570,59,UK,GBP,GDP,gdp_yoy,GDP (YoY),2020-04-01,2020-06-12T06:00:00+00:00,-24.500000,-5.700000,-1,down,-12.800000,-5.700000,-1,decelerating,0,[],2026-04-24T07:51:03.322738+00:00
408,27352,59,UK,GBP,GDP,gdp_yoy,GDP (YoY),2020-05-01,2020-07-14T06:00:00+00:00,-24.000000,-24.500000,1,up,19.300000,-12.800000,1,accelerating,1,[],2026-04-24T07:51:03.322738+00:00
409,27273,59,UK,GBP,GDP,gdp_yoy,GDP (YoY),2020-06-01,2020-08-12T06:00:00+00:00,-16.800000,-24.000000,1,up,6.700000,19.300000,-1,decelerating,1,[],2026-04-24T07:51:03.322738+00:00
410,27213,59,UK,GBP,GDP,gdp_yoy,GDP (YoY),2020-07-01,2020-09-11T06:00:00+00:00,-11.700000,-16.800000,1,up,-2.100000,6.700000,-1,decelerating,1,[],2026-04-24T07:51:03.322738+00:00
411,27143,59,UK,GBP,GDP,gdp_yoy,GDP (YoY),2020-08-01,2020-10-09T06:00:00+00:00,-9.300000,-11.700000,1,up,-2.700000,-2.100000,-1,decelerating,1,[],2026-04-24T07:51:03.322738+00:00
412,27062,59,UK,GBP,GDP,gdp_yoy,GDP (YoY),2020-09-01,2020-11-12T07:00:00+00:00,-8.400000,-9.300000,1,up,-1.500000,-2.700000,1,accelerating,1,[],2026-04-24T07:51:03.322738+00:00
413,26996,59,UK,GBP,GDP,gdp_yoy,GDP (YoY),2020-10-01,2020-12-10T07:00:00+00:00,-8.200000,-8.400000,1,up,-0.700000,-1.500000,1,accelerating,1,[],2026-04-24T07:51:03.322738+00:00
414,27787,59,UK,GBP,GDP,gdp_yoy,GDP (YoY),2020-11-01,2021-01-15T07:00:00+00:00,-8.900000,-8.200000,-1,down,-0.900000,-0.700000,-1,decelerating,0,[],2026-04-24T07:51:03.322738+00:00
415,27710,59,UK,GBP,GDP,gdp_yoy,GDP (YoY),2020-12-01,2021-02-12T07:00:00+00:00,-6.500000,-8.900000,1,up,3.100000,-0.900000,1,accelerating,1,[],2026-04-24T07:51:03.322738+00:00
416,27649,59,UK,GBP,GDP,gdp_yoy,GDP (YoY),2021-01-01,2021-03-12T07:00:00+00:00,-9.200000,-6.500000,-1,down,-5.100000,3.100000,-1,decelerating,0,[],2026-04-24T07:51:03.322738+00:00
417,27579,59,UK,GBP,GDP,gdp_yoy,GDP (YoY),2021-02-01,2021-04-13T06:00:00+00:00,-7.800000,-9.200000,1,up,4.100000,-5.100000,1,accelerating,1,[],2026-04-24T07:51:03.322738+00:00
418,27498,59,UK,GBP,GDP,gdp_yoy,GDP (YoY),2021-03-01,2021-05-12T06:00:00+00:00,1.400000,-7.800000,1,up,7.800000,4.100000,1,accelerating,1,[],2026-04-24T07:51:03.322738+00:00
419,27437,59,UK,GBP,GDP,gdp_yoy,GDP (YoY),2021-04-01,2021-06-11T06:00:00+00:00,27.600000,1.400000,1,up,17.000000,7.800000,1,accelerating,1,[],2026-04-24T07:51:03.322738+00:00
420,28225,59,UK,GBP,GDP,gdp_yoy,GDP (YoY),2021-05-01,2021-07-09T06:00:00+00:00,24.600000,27.600000,-1,down,-29.200000,17.000000,-1,decelerating,0,[],2026-04-24T07:51:03.322738+00:00
421,28156,59,UK,GBP,GDP,gdp_yoy,GDP (YoY),2021-06-01,2021-08-12T06:00:00+00:00,15.200000,24.600000,-1,down,-6.400000,-29.200000,1,accelerating,0,[],2026-04-24T07:51:03.322738+00:00
422,28089,59,UK,GBP,GDP,gdp_yoy,GDP (YoY),2021-07-01,2021-09-10T06:00:00+00:00,7.500000,15.200000,-1,down,1.700000,-6.400000,1,accelerating,0,[],2026-04-24T07:51:03.322738+00:00
423,28010,59,UK,GBP,GDP,gdp_yoy,GDP (YoY),2021-08-01,2021-10-13T06:00:00+00:00,6.900000,7.500000,-1,down,7.100000,1.700000,1,accelerating,0,[],2026-04-24T07:51:03.322738+00:00
424,27926,59,UK,GBP,GDP,gdp_yoy,GDP (YoY),2021-09-01,2021-11-11T07:00:00+00:00,5.300000,6.900000,-1,down,-1.000000,7.100000,-1,decelerating,0,[],2026-04-24T07:51:03.322738+00:00
425,27863,59,UK,GBP,GDP,gdp_yoy,GDP (YoY),2021-10-01,2021-12-10T07:00:00+00:00,4.600000,5.300000,-1,down,0.900000,-1.000000,1,accelerating,0,[],2026-04-24T07:51:03.322738+00:00
426,28662,59,UK,GBP,GDP,gdp_yoy,GDP (YoY),2021-11-01,2022-01-14T07:00:00+00:00,8.000000,4.600000,1,up,4.100000,0.900000,1,accelerating,1,[],2026-04-24T07:51:03.322738+00:00
427,28596,59,UK,GBP,GDP,gdp_yoy,GDP (YoY),2021-12-01,2022-02-11T07:00:00+00:00,6.000000,8.000000,-1,down,-5.400000,4.100000,-1,decelerating,0,[],2026-04-24T07:51:03.322738+00:00
428,28521,59,UK,GBP,GDP,gdp_yoy,GDP (YoY),2022-01-01,2022-03-11T07:00:00+00:00,10.000000,6.000000,1,up,6.000000,-5.400000,1,accelerating,1,[],2026-04-24T07:51:03.322738+00:00
429,28447,59,UK,GBP,GDP,gdp_yoy,GDP (YoY),2022-02-01,2022-04-11T06:00:00+00:00,9.500000,10.000000,-1,down,-4.500000,6.000000,-1,decelerating,0,[],2026-04-24T07:51:03.322738+00:00
430,28360,59,UK,GBP,GDP,gdp_yoy,GDP (YoY),2022-03-01,2022-05-12T06:00:00+00:00,6.400000,9.500000,-1,down,-2.600000,-4.500000,1,accelerating,0,[],2026-04-24T07:51:03.322738+00:00
431,28293,59,UK,GBP,GDP,gdp_yoy,GDP (YoY),2022-04-01,2022-06-13T06:00:00+00:00,3.400000,6.400000,-1,down,0.100000,-2.600000,1,accelerating,0,[],2026-04-24T07:51:03.322738+00:00
432,29137,59,UK,GBP,GDP,gdp_yoy,GDP (YoY),2022-05-01,2022-07-13T06:00:00+00:00,3.500000,3.400000,1,up,3.100000,0.100000,1,accelerating,1,[],2026-04-24T07:51:03.322738+00:00
433,29066,59,UK,GBP,GDP,gdp_yoy,GDP (YoY),2022-06-01,2022-08-12T06:00:00+00:00,1.900000,3.500000,-1,down,-1.700000,3.100000,-1,decelerating,0,[],2026-04-24T07:51:03.322738+00:00
434,28989,59,UK,GBP,GDP,gdp_yoy,GDP (YoY),2022-07-01,2022-09-12T06:00:00+00:00,2.300000,1.900000,1,up,2.000000,-1.700000,1,accelerating,1,[],2026-04-24T07:51:03.322738+00:00
435,28901,59,UK,GBP,GDP,gdp_yoy,GDP (YoY),2022-08-01,2022-10-12T06:00:00+00:00,2.000000,2.300000,-1,down,-0.700000,2.000000,-1,decelerating,0,[],2026-04-24T07:51:03.322738+00:00
436,28824,59,UK,GBP,GDP,gdp_yoy,GDP (YoY),2022-09-01,2022-11-11T07:00:00+00:00,1.300000,2.000000,-1,down,-0.400000,-0.700000,1,accelerating,0,[],2026-04-24T07:51:03.322738+00:00
437,28740,59,UK,GBP,GDP,gdp_yoy,GDP (YoY),2022-10-01,2022-12-12T07:00:00+00:00,1.500000,1.300000,1,up,0.900000,-0.400000,1,accelerating,1,[],2026-04-24T07:51:03.322738+00:00
438,29631,59,UK,GBP,GDP,gdp_yoy,GDP (YoY),2022-11-01,2023-01-13T07:00:00+00:00,0.200000,1.500000,-1,down,-1.500000,0.900000,-1,decelerating,0,[],2026-04-24T07:51:03.322738+00:00
439,29552,59,UK,GBP,GDP,gdp_yoy,GDP (YoY),2022-12-01,2023-02-10T07:00:00+00:00,-0.100000,0.200000,-1,down,1.000000,-1.500000,1,accelerating,0,[],2026-04-24T07:51:03.322738+00:00
440,29390,59,UK,GBP,GDP,gdp_yoy,GDP (YoY),2023-02-01,2023-04-13T06:00:00+00:00,0.500000,-0.100000,1,up,0.900000,1.000000,-1,decelerating,1,[],2026-04-24T07:51:03.322738+00:00
441,29308,59,UK,GBP,GDP,gdp_yoy,GDP (YoY),2023-03-01,2023-05-12T06:00:00+00:00,0.300000,0.500000,-1,down,-0.800000,0.900000,-1,decelerating,0,[],2026-04-24T07:51:03.322738+00:00
442,29218,59,UK,GBP,GDP,gdp_yoy,GDP (YoY),2023-04-01,2023-06-14T06:00:00+00:00,0.500000,0.300000,1,up,0.400000,-0.800000,1,accelerating,1,[],2026-04-24T07:51:03.322738+00:00
443,30096,59,UK,GBP,GDP,gdp_yoy,GDP (YoY),2023-05-01,2023-07-13T06:00:00+00:00,-0.400000,0.500000,-1,down,-1.100000,0.400000,-1,decelerating,0,[],2026-04-24T07:51:03.322738+00:00
444,30018,59,UK,GBP,GDP,gdp_yoy,GDP (YoY),2023-06-01,2023-08-11T06:00:00+00:00,0.900000,-0.400000,1,up,2.200000,-1.100000,1,accelerating,1,[],2026-04-24T07:51:03.322738+00:00
445,29875,59,UK,GBP,GDP,gdp_yoy,GDP (YoY),2023-08-01,2023-10-12T06:00:00+00:00,0.500000,0.900000,-1,down,-1.700000,2.200000,-1,decelerating,0,[],2026-04-24T07:51:03.322738+00:00
446,29783,59,UK,GBP,GDP,gdp_yoy,GDP (YoY),2023-09-01,2023-11-10T07:00:00+00:00,1.300000,0.500000,1,up,1.200000,-1.700000,1,accelerating,1,[],2026-04-24T07:51:03.322738+00:00
447,29697,59,UK,GBP,GDP,gdp_yoy,GDP (YoY),2023-10-01,2023-12-13T07:00:00+00:00,0.300000,1.300000,-1,down,-1.800000,1.200000,-1,decelerating,0,[],2026-04-24T07:51:03.322738+00:00
448,30725,59,UK,GBP,GDP,gdp_yoy,GDP (YoY),2023-11-01,2024-01-12T07:00:00+00:00,0.200000,0.300000,-1,down,0.900000,-1.800000,1,accelerating,0,[],2026-04-24T07:51:03.322738+00:00
449,30502,59,UK,GBP,GDP,gdp_yoy,GDP (YoY),2024-01-01,2024-03-13T07:00:00+00:00,-0.300000,0.200000,-1,down,-0.400000,0.900000,-1,decelerating,0,[],2026-04-24T07:51:03.322738+00:00
450,30311,59,UK,GBP,GDP,gdp_yoy,GDP (YoY),2024-01-01,2024-05-10T05:00:00+00:00,0.200000,-0.300000,1,up,1.000000,-0.400000,1,accelerating,1,[],2026-04-24T07:51:03.322738+00:00
451,30131,59,UK,GBP,GDP,gdp_yoy,GDP (YoY),2024-01-01,2024-06-28T05:00:00+00:00,0.300000,0.200000,1,up,-0.400000,1.000000,-1,decelerating,1,[],2026-04-24T07:51:03.322738+00:00
452,30412,59,UK,GBP,GDP,gdp_yoy,GDP (YoY),2024-02-01,2024-04-12T06:00:00+00:00,-0.200000,0.300000,-1,down,-0.600000,-0.400000,-1,decelerating,0,[],2026-04-24T07:51:03.322738+00:00
453,30307,59,UK,GBP,GDP,gdp_yoy,GDP (YoY),2024-03-01,2024-05-10T06:00:00+00:00,0.700000,-0.200000,1,up,1.400000,-0.600000,1,accelerating,1,[],2026-04-24T07:51:03.322738+00:00
454,31219,59,UK,GBP,GDP,gdp_yoy,GDP (YoY),2024-04-01,2024-08-15T05:00:00+00:00,0.900000,0.700000,1,up,-0.700000,1.400000,-1,decelerating,1,[],2026-04-24T07:51:03.322738+00:00
455,31331,59,UK,GBP,GDP,gdp_yoy,GDP (YoY),2024-05-01,2024-07-11T06:00:00+00:00,1.400000,0.900000,1,up,0.300000,-0.700000,1,accelerating,1,[],2026-04-24T07:51:03.322738+00:00
456,31209,59,UK,GBP,GDP,gdp_yoy,GDP (YoY),2024-06-01,2024-08-15T06:00:00+00:00,0.700000,1.400000,-1,down,-1.200000,0.300000,-1,decelerating,0,[],2026-04-24T07:51:03.322738+00:00
457,31130,59,UK,GBP,GDP,gdp_yoy,GDP (YoY),2024-07-01,2024-09-11T06:00:00+00:00,1.200000,0.700000,1,up,1.200000,-1.200000,1,accelerating,1,[],2026-04-24T07:51:03.322738+00:00
458,30905,59,UK,GBP,GDP,gdp_yoy,GDP (YoY),2024-07-01,2024-11-15T07:00:00+00:00,1.000000,1.200000,-1,down,-0.700000,1.200000,-1,decelerating,0,[],2026-04-24T07:51:03.322738+00:00
459,31032,59,UK,GBP,GDP,gdp_yoy,GDP (YoY),2024-08-01,2024-10-11T06:00:00+00:00,1.000000,1.000000,0,flat,0.200000,-0.700000,1,accelerating,0,[],2026-04-24T07:51:03.322738+00:00
460,30907,59,UK,GBP,GDP,gdp_yoy,GDP (YoY),2024-09-01,2024-11-15T07:00:00+00:00,1.000000,1.000000,0,flat,0.000000,0.200000,-1,decelerating,0,[],2026-04-24T07:51:03.322738+00:00
461,31917,59,UK,GBP,GDP,gdp_yoy,GDP (YoY),2024-10-01,2025-02-13T08:00:00+00:00,1.400000,1.000000,1,up,0.400000,0.000000,1,accelerating,1,[],2026-04-24T07:51:03.322738+00:00
462,31742,59,UK,GBP,GDP,gdp_yoy,GDP (YoY),2024-10-01,2025-03-28T07:00:00+00:00,1.500000,1.400000,1,up,-0.300000,0.400000,-1,decelerating,1,[],2026-04-24T07:51:03.322738+00:00
463,32031,59,UK,GBP,GDP,gdp_yoy,GDP (YoY),2024-11-01,2025-01-16T07:00:00+00:00,1.000000,1.500000,-1,down,-0.600000,-0.300000,-1,decelerating,0,[],2026-04-24T07:51:03.322738+00:00
464,31924,59,UK,GBP,GDP,gdp_yoy,GDP (YoY),2024-12-01,2025-02-13T07:00:00+00:00,1.500000,1.000000,1,up,1.000000,-0.600000,1,accelerating,1,[],2026-04-24T07:51:03.322738+00:00
465,31812,59,UK,GBP,GDP,gdp_yoy,GDP (YoY),2025-01-01,2025-03-14T07:00:00+00:00,1.000000,1.500000,-1,down,-1.000000,1.000000,-1,decelerating,0,[],2026-04-24T07:51:03.322738+00:00
466,31544,59,UK,GBP,GDP,gdp_yoy,GDP (YoY),2025-01-01,2025-05-15T06:00:00+00:00,1.300000,1.000000,1,up,0.800000,-1.000000,1,accelerating,1,[],2026-04-24T07:51:03.322738+00:00
467,31376,59,UK,GBP,GDP,gdp_yoy,GDP (YoY),2025-01-01,2025-06-30T06:00:00+00:00,1.300000,1.300000,0,flat,-0.300000,0.800000,-1,decelerating,0,[],2026-04-24T07:51:03.322738+00:00
468,31688,59,UK,GBP,GDP,gdp_yoy,GDP (YoY),2025-02-01,2025-04-11T06:00:00+00:00,1.400000,1.300000,1,up,0.100000,-0.300000,1,accelerating,1,[],2026-04-24T07:51:03.322738+00:00
469,31541,59,UK,GBP,GDP,gdp_yoy,GDP (YoY),2025-03-01,2025-05-15T06:00:00+00:00,1.100000,1.400000,-1,down,-0.400000,0.100000,-1,decelerating,0,[],2026-04-24T07:51:03.322738+00:00
470,32610,59,UK,GBP,GDP,gdp_yoy,GDP (YoY),2025-04-01,2025-08-14T06:00:00+00:00,1.200000,1.100000,1,up,0.400000,-0.400000,1,accelerating,1,[],2026-04-24T07:51:03.322738+00:00
471,32431,59,UK,GBP,GDP,gdp_yoy,GDP (YoY),2025-04-01,2025-09-30T06:00:00+00:00,1.400000,1.200000,1,up,0.100000,0.400000,-1,decelerating,1,[],2026-04-24T07:51:03.322738+00:00
472,32725,59,UK,GBP,GDP,gdp_yoy,GDP (YoY),2025-05-01,2025-07-11T06:00:00+00:00,0.700000,1.400000,-1,down,-0.900000,0.100000,-1,decelerating,0,[],2026-04-24T07:51:03.322738+00:00
473,32616,59,UK,GBP,GDP,gdp_yoy,GDP (YoY),2025-06-01,2025-08-14T06:00:00+00:00,1.400000,0.700000,1,up,1.400000,-0.900000,1,accelerating,1,[],2026-04-24T07:51:03.322738+00:00
474,32509,59,UK,GBP,GDP,gdp_yoy,GDP (YoY),2025-07-01,2025-09-12T06:00:00+00:00,1.400000,1.400000,0,flat,-0.700000,1.400000,-1,decelerating,0,[],2026-04-24T07:51:03.322738+00:00
475,32257,59,UK,GBP,GDP,gdp_yoy,GDP (YoY),2025-07-01,2025-11-13T07:00:00+00:00,1.300000,1.400000,-1,down,-0.100000,-0.700000,1,accelerating,0,[],2026-04-24T07:51:03.322738+00:00
476,32095,59,UK,GBP,GDP,gdp_yoy,GDP (YoY),2025-07-01,2025-12-22T01:00:00+00:00,1.300000,1.300000,0,flat,0.100000,-0.100000,1,accelerating,0,[],2026-04-24T07:51:03.322738+00:00
477,32377,59,UK,GBP,GDP,gdp_yoy,GDP (YoY),2025-08-01,2025-10-16T06:00:00+00:00,1.300000,1.300000,0,flat,0.000000,0.100000,-1,decelerating,0,[],2026-04-24T07:51:03.322738+00:00
478,32256,59,UK,GBP,GDP,gdp_yoy,GDP (YoY),2025-09-01,2025-11-13T07:00:00+00:00,1.100000,1.300000,-1,down,-0.200000,0.000000,-1,decelerating,0,[],2026-04-24T07:51:03.322738+00:00
479,32756,59,UK,GBP,GDP,gdp_yoy,GDP (YoY),2025-10-01,2026-03-31T06:00:00+00:00,1.000000,1.100000,-1,down,0.100000,-0.200000,1,accelerating,0,[],2026-04-24T07:51:03.322738+00:00
480,32790,59,UK,GBP,GDP,gdp_yoy,GDP (YoY),2025-11-01,2026-01-15T07:00:00+00:00,1.400000,1.000000,1,up,0.500000,0.100000,1,accelerating,1,[],2026-04-24T07:51:03.322738+00:00
481,1636,59,UK,GBP,GDP,gdp_yoy,GDP (YoY),2025-12-01,2026-02-12T07:00:00+00:00,0.700000,1.400000,-1,down,-1.100000,0.500000,-1,decelerating,0,[],2026-04-24T07:51:03.322738+00:00
482,1559,59,UK,GBP,GDP,gdp_yoy,GDP (YoY),2026-01-01,2026-03-13T07:00:00+00:00,0.800000,0.700000,1,up,0.800000,-1.100000,1,accelerating,1,[],2026-04-24T07:51:03.322738+00:00
483,1458,59,UK,GBP,GDP,gdp_yoy,GDP (YoY),2026-02-01,2026-04-16T06:00:00+00:00,1.000000,0.800000,1,up,0.100000,0.800000,-1,decelerating,1,[],2026-04-24T07:51:03.322738+00:00
484,26631,60,UK,GBP,GDP,gdp_qoq,GDP (QoQ),2020-01-01,2020-05-13T06:00:00+00:00,-2.000000,,,,,,,,,"[""direction_target_short_history"", ""acceleration_target_short_history""]",2026-04-24T07:51:03.322738+00:00
485,26517,60,UK,GBP,GDP,gdp_qoq,GDP (QoQ),2020-01-01,2020-06-30T06:00:00+00:00,-2.200000,-2.000000,-1,down,,,,,0,"[""acceleration_target_short_history""]",2026-04-24T07:51:03.322738+00:00
486,27276,60,UK,GBP,GDP,gdp_qoq,GDP (QoQ),2020-04-01,2020-08-12T06:00:00+00:00,-20.400000,-2.200000,-1,down,-18.000000,,,,0,"[""acceleration_target_short_history""]",2026-04-24T07:51:03.322738+00:00
487,27164,60,UK,GBP,GDP,gdp_qoq,GDP (QoQ),2020-04-01,2020-09-30T06:00:00+00:00,-19.800000,-20.400000,1,up,18.800000,-18.000000,1,accelerating,1,[],2026-04-24T07:51:03.322738+00:00
488,27069,60,UK,GBP,GDP,gdp_qoq,GDP (QoQ),2020-07-01,2020-11-12T07:00:00+00:00,15.500000,-19.800000,1,up,34.700000,18.800000,1,accelerating,1,[],2026-04-24T07:51:03.322738+00:00
489,26955,60,UK,GBP,GDP,gdp_qoq,GDP (QoQ),2020-07-01,2020-12-22T07:00:00+00:00,16.000000,15.500000,1,up,-34.800000,34.700000,-1,decelerating,1,[],2026-04-24T07:51:03.322738+00:00
490,27718,60,UK,GBP,GDP,gdp_qoq,GDP (QoQ),2020-10-01,2021-02-12T07:00:00+00:00,1.000000,16.000000,-1,down,-15.500000,-34.800000,1,accelerating,0,[],2026-04-24T07:51:03.322738+00:00
491,27594,60,UK,GBP,GDP,gdp_qoq,GDP (QoQ),2020-10-01,2021-03-31T06:00:00+00:00,1.300000,1.000000,1,up,15.300000,-15.500000,1,accelerating,1,[],2026-04-24T07:51:03.322738+00:00
492,27508,60,UK,GBP,GDP,gdp_qoq,GDP (QoQ),2021-01-01,2021-05-12T06:00:00+00:00,-1.500000,1.300000,-1,down,-3.100000,15.300000,-1,decelerating,0,[],2026-04-24T07:51:03.322738+00:00
493,27377,60,UK,GBP,GDP,gdp_qoq,GDP (QoQ),2021-01-01,2021-06-30T06:00:00+00:00,-1.600000,-1.500000,-1,down,2.700000,-3.100000,1,accelerating,0,[],2026-04-24T07:51:03.322738+00:00
494,28152,60,UK,GBP,GDP,gdp_qoq,GDP (QoQ),2021-04-01,2021-08-12T06:00:00+00:00,4.800000,-1.600000,1,up,6.500000,2.700000,1,accelerating,1,[],2026-04-24T07:51:03.322738+00:00
495,28034,60,UK,GBP,GDP,gdp_qoq,GDP (QoQ),2021-04-01,2021-09-30T06:00:00+00:00,5.500000,4.800000,1,up,-5.700000,6.500000,-1,decelerating,1,[],2026-04-24T07:51:03.322738+00:00
496,27933,60,UK,GBP,GDP,gdp_qoq,GDP (QoQ),2021-07-01,2021-11-11T07:00:00+00:00,1.300000,5.500000,-1,down,-4.900000,-5.700000,1,accelerating,0,[],2026-04-24T07:51:03.322738+00:00
497,27813,60,UK,GBP,GDP,gdp_qoq,GDP (QoQ),2021-07-01,2021-12-22T07:00:00+00:00,1.100000,1.300000,-1,down,4.000000,-4.900000,1,accelerating,0,[],2026-04-24T07:51:03.322738+00:00
498,28588,60,UK,GBP,GDP,gdp_qoq,GDP (QoQ),2021-10-01,2022-02-11T07:00:00+00:00,1.000000,1.100000,-1,down,0.100000,4.000000,-1,decelerating,0,[],2026-04-24T07:51:03.322738+00:00
499,28471,60,UK,GBP,GDP,gdp_qoq,GDP (QoQ),2021-10-01,2022-03-31T06:00:00+00:00,1.300000,1.000000,1,up,0.400000,0.100000,1,accelerating,1,[],2026-04-24T07:51:03.322738+00:00
500,28374,60,UK,GBP,GDP,gdp_qoq,GDP (QoQ),2022-01-01,2022-05-12T06:00:00+00:00,0.800000,1.300000,-1,down,-0.800000,0.400000,-1,decelerating,0,[],2026-04-24T07:51:03.322738+00:00
501,28246,60,UK,GBP,GDP,gdp_qoq,GDP (QoQ),2022-01-01,2022-06-30T06:00:00+00:00,0.800000,0.800000,0,flat,0.500000,-0.800000,1,accelerating,0,[],2026-04-24T07:51:03.322738+00:00
502,29061,60,UK,GBP,GDP,gdp_qoq,GDP (QoQ),2022-04-01,2022-08-12T06:00:00+00:00,-0.100000,0.800000,-1,down,-0.900000,0.500000,-1,decelerating,0,[],2026-04-24T07:51:03.322738+00:00
503,28941,60,UK,GBP,GDP,gdp_qoq,GDP (QoQ),2022-04-01,2022-09-30T06:00:00+00:00,0.200000,-0.100000,1,up,1.200000,-0.900000,1,accelerating,1,[],2026-04-24T07:51:03.322738+00:00
504,28819,60,UK,GBP,GDP,gdp_qoq,GDP (QoQ),2022-07-01,2022-11-11T07:00:00+00:00,-0.200000,0.200000,-1,down,-0.700000,1.200000,-1,decelerating,0,[],2026-04-24T07:51:03.322738+00:00
505,28692,60,UK,GBP,GDP,gdp_qoq,GDP (QoQ),2022-07-01,2022-12-22T07:00:00+00:00,-0.300000,-0.200000,-1,down,0.300000,-0.700000,1,accelerating,0,[],2026-04-24T07:51:03.322738+00:00
506,29405,60,UK,GBP,GDP,gdp_qoq,GDP (QoQ),2022-10-01,2023-03-31T06:00:00+00:00,0.100000,-0.300000,1,up,0.500000,0.300000,1,accelerating,1,[],2026-04-24T07:51:03.322738+00:00
507,29303,60,UK,GBP,GDP,gdp_qoq,GDP (QoQ),2023-01-01,2023-05-12T06:00:00+00:00,0.100000,0.100000,0,flat,-0.400000,0.500000,-1,decelerating,0,[],2026-04-24T07:51:03.322738+00:00
508,29165,60,UK,GBP,GDP,gdp_qoq,GDP (QoQ),2023-01-01,2023-06-30T06:00:00+00:00,0.100000,0.100000,0,flat,0.000000,-0.400000,1,accelerating,0,[],2026-04-24T07:51:03.322738+00:00
509,30030,60,UK,GBP,GDP,gdp_qoq,GDP (QoQ),2023-04-01,2023-08-11T06:00:00+00:00,0.200000,0.100000,1,up,0.100000,0.000000,1,accelerating,1,[],2026-04-24T07:51:03.322738+00:00
510,29902,60,UK,GBP,GDP,gdp_qoq,GDP (QoQ),2023-04-01,2023-09-29T06:00:00+00:00,0.200000,0.200000,0,flat,-0.100000,0.100000,-1,decelerating,0,[],2026-04-24T07:51:03.322738+00:00
511,29652,60,UK,GBP,GDP,gdp_qoq,GDP (QoQ),2023-07-01,2023-12-22T07:00:00+00:00,-0.100000,0.200000,-1,down,-0.300000,-0.100000,-1,decelerating,0,[],2026-04-24T07:51:03.322738+00:00
512,30593,60,UK,GBP,GDP,gdp_qoq,GDP (QoQ),2023-10-01,2024-02-15T07:00:00+00:00,-0.300000,-0.100000,-1,down,0.100000,-0.300000,1,accelerating,0,[],2026-04-24T07:51:03.322738+00:00
513,30445,60,UK,GBP,GDP,gdp_qoq,GDP (QoQ),2023-10-01,2024-03-28T07:00:00+00:00,-0.300000,-0.300000,0,flat,0.200000,0.100000,1,accelerating,0,[],2026-04-24T07:51:03.322738+00:00
514,30299,60,UK,GBP,GDP,gdp_qoq,GDP (QoQ),2024-01-01,2024-05-10T06:00:00+00:00,0.600000,-0.300000,1,up,0.900000,0.200000,1,accelerating,1,[],2026-04-24T07:51:03.322738+00:00
515,30127,60,UK,GBP,GDP,gdp_qoq,GDP (QoQ),2024-01-01,2024-06-28T06:00:00+00:00,0.700000,0.600000,1,up,-0.800000,0.900000,-1,decelerating,1,[],2026-04-24T07:51:03.322738+00:00
516,31206,60,UK,GBP,GDP,gdp_qoq,GDP (QoQ),2024-04-01,2024-08-15T06:00:00+00:00,0.600000,0.700000,-1,down,-0.200000,-0.800000,1,accelerating,0,[],2026-04-24T07:51:03.322738+00:00
517,31076,60,UK,GBP,GDP,gdp_qoq,GDP (QoQ),2024-04-01,2024-09-30T06:00:00+00:00,0.500000,0.600000,-1,down,0.000000,-0.200000,1,accelerating,0,[],2026-04-24T07:51:03.322738+00:00
518,30909,60,UK,GBP,GDP,gdp_qoq,GDP (QoQ),2024-07-01,2024-11-15T07:00:00+00:00,0.100000,0.500000,-1,down,-0.300000,0.000000,-1,decelerating,0,[],2026-04-24T07:51:03.322738+00:00
519,31937,60,UK,GBP,GDP,gdp_qoq,GDP (QoQ),2024-10-01,2025-02-13T07:00:00+00:00,0.100000,0.100000,0,flat,0.400000,-0.300000,1,accelerating,0,[],2026-04-24T07:51:03.322738+00:00
520,31739,60,UK,GBP,GDP,gdp_qoq,GDP (QoQ),2024-10-01,2025-03-28T07:00:00+00:00,0.100000,0.100000,0,flat,0.000000,0.400000,-1,decelerating,0,[],2026-04-24T07:51:03.322738+00:00
521,31548,60,UK,GBP,GDP,gdp_qoq,GDP (QoQ),2025-01-01,2025-05-15T06:00:00+00:00,0.700000,0.100000,1,up,0.600000,0.000000,1,accelerating,1,[],2026-04-24T07:51:03.322738+00:00
522,31381,60,UK,GBP,GDP,gdp_qoq,GDP (QoQ),2025-01-01,2025-06-30T06:00:00+00:00,0.700000,0.700000,0,flat,-0.600000,0.600000,-1,decelerating,0,[],2026-04-24T07:51:03.322738+00:00
523,32624,60,UK,GBP,GDP,gdp_qoq,GDP (QoQ),2025-04-01,2025-08-14T06:00:00+00:00,0.300000,0.700000,-1,down,-0.400000,-0.600000,1,accelerating,0,[],2026-04-24T07:51:03.322738+00:00
524,32435,60,UK,GBP,GDP,gdp_qoq,GDP (QoQ),2025-04-01,2025-09-30T06:00:00+00:00,0.300000,0.300000,0,flat,0.400000,-0.400000,1,accelerating,0,[],2026-04-24T07:51:03.322738+00:00
525,32269,60,UK,GBP,GDP,gdp_qoq,GDP (QoQ),2025-07-01,2025-11-13T07:00:00+00:00,0.100000,0.300000,-1,down,-0.200000,0.400000,-1,decelerating,0,[],2026-04-24T07:51:03.322738+00:00
526,32093,60,UK,GBP,GDP,gdp_qoq,GDP (QoQ),2025-07-01,2025-12-22T07:00:00+00:00,0.100000,0.100000,0,flat,0.200000,-0.200000,1,accelerating,0,[],2026-04-24T07:51:03.322738+00:00
527,1486,60,UK,GBP,GDP,gdp_qoq,GDP (QoQ),2025-10-01,2026-03-31T06:00:00+00:00,0.100000,0.100000,0,flat,0.000000,0.200000,-1,decelerating,0,[],2026-04-24T07:51:03.322738+00:00
528,12566,88,EU,EUR,CPI,cpi_headline_yoy,Headline HICP (YoY),2019-12-01,2020-01-07T10:00:00+00:00,1.300000,,,,,,,,,"[""direction_target_short_history"", ""acceleration_target_short_history""]",2026-04-24T07:51:03.322738+00:00
529,12545,88,EU,EUR,CPI,cpi_headline_yoy,Headline HICP (YoY),2019-12-01,2020-01-17T10:00:00+00:00,1.300000,1.300000,0,flat,,,,,0,"[""acceleration_target_short_history""]",2026-04-24T07:51:03.322738+00:00
530,12514,88,EU,EUR,CPI,cpi_headline_yoy,Headline HICP (YoY),2020-01-01,2020-01-31T10:00:00+00:00,1.400000,1.300000,1,up,0.100000,,,,1,"[""acceleration_target_short_history""]",2026-04-24T07:51:03.322738+00:00
531,12469,88,EU,EUR,CPI,cpi_headline_yoy,Headline HICP (YoY),2020-01-01,2020-02-21T10:00:00+00:00,1.400000,1.400000,0,flat,-0.100000,0.100000,-1,decelerating,0,[],2026-04-24T07:51:03.322738+00:00
532,12447,88,EU,EUR,CPI,cpi_headline_yoy,Headline HICP (YoY),2020-02-01,2020-03-03T10:00:00+00:00,1.200000,1.400000,-1,down,-0.200000,-0.100000,-1,decelerating,0,[],2026-04-24T07:51:03.322738+00:00
533,12419,88,EU,EUR,CPI,cpi_headline_yoy,Headline HICP (YoY),2020-02-01,2020-03-18T10:00:00+00:00,1.200000,1.200000,0,flat,0.200000,-0.200000,1,accelerating,0,[],2026-04-24T07:51:03.322738+00:00
534,12399,88,EU,EUR,CPI,cpi_headline_yoy,Headline HICP (YoY),2020-03-01,2020-03-31T09:00:00+00:00,0.700000,1.200000,-1,down,-0.500000,0.200000,-1,decelerating,0,[],2026-04-24T07:51:03.322738+00:00
535,12379,88,EU,EUR,CPI,cpi_headline_yoy,Headline HICP (YoY),2020-03-01,2020-04-17T09:00:00+00:00,0.700000,0.700000,0,flat,0.500000,-0.500000,1,accelerating,0,[],2026-04-24T07:51:03.322738+00:00
536,12357,88,EU,EUR,CPI,cpi_headline_yoy,Headline HICP (YoY),2020-04-01,2020-04-30T09:00:00+00:00,0.400000,0.700000,-1,down,-0.300000,0.500000,-1,decelerating,0,[],2026-04-24T07:51:03.322738+00:00
537,12314,88,EU,EUR,CPI,cpi_headline_yoy,Headline HICP (YoY),2020-04-01,2020-05-20T09:00:00+00:00,0.300000,0.400000,-1,down,0.200000,-0.300000,1,accelerating,0,[],2026-04-24T07:51:03.322738+00:00
538,12291,88,EU,EUR,CPI,cpi_headline_yoy,Headline HICP (YoY),2020-05-01,2020-05-29T09:00:00+00:00,0.100000,0.300000,-1,down,-0.100000,0.200000,-1,decelerating,0,[],2026-04-24T07:51:03.322738+00:00
539,12257,88,EU,EUR,CPI,cpi_headline_yoy,Headline HICP (YoY),2020-05-01,2020-06-17T09:00:00+00:00,0.100000,0.100000,0,flat,0.200000,-0.100000,1,accelerating,0,[],2026-04-24T07:51:03.322738+00:00
540,12924,88,EU,EUR,CPI,cpi_headline_yoy,Headline HICP (YoY),2020-06-01,2020-07-17T09:00:00+00:00,0.300000,0.100000,1,up,0.200000,0.200000,0,flat,1,[],2026-04-24T07:51:03.322738+00:00
541,12898,88,EU,EUR,CPI,cpi_headline_yoy,Headline HICP (YoY),2020-07-01,2020-07-31T09:00:00+00:00,0.400000,0.300000,1,up,-0.100000,0.200000,-1,decelerating,1,[],2026-04-24T07:51:03.322738+00:00
542,12874,88,EU,EUR,CPI,cpi_headline_yoy,Headline HICP (YoY),2020-07-01,2020-08-19T09:00:00+00:00,0.400000,0.400000,0,flat,-0.100000,-0.100000,0,flat,0,[],2026-04-24T07:51:03.322738+00:00
543,12851,88,EU,EUR,CPI,cpi_headline_yoy,Headline HICP (YoY),2020-08-01,2020-09-01T09:00:00+00:00,-0.200000,0.400000,-1,down,-0.600000,-0.100000,-1,decelerating,0,[],2026-04-24T07:51:03.322738+00:00
544,12815,88,EU,EUR,CPI,cpi_headline_yoy,Headline HICP (YoY),2020-08-01,2020-09-17T09:00:00+00:00,-0.200000,-0.200000,0,flat,0.600000,-0.600000,1,accelerating,0,[],2026-04-24T07:51:03.322738+00:00
545,12776,88,EU,EUR,CPI,cpi_headline_yoy,Headline HICP (YoY),2020-09-01,2020-10-02T09:00:00+00:00,-0.300000,-0.200000,-1,down,-0.100000,0.600000,-1,decelerating,0,[],2026-04-24T07:51:03.322738+00:00
546,12739,88,EU,EUR,CPI,cpi_headline_yoy,Headline HICP (YoY),2020-09-01,2020-10-16T09:00:00+00:00,-0.300000,-0.300000,0,flat,0.100000,-0.100000,1,accelerating,0,[],2026-04-24T07:51:03.322738+00:00
547,12708,88,EU,EUR,CPI,cpi_headline_yoy,Headline HICP (YoY),2020-10-01,2020-10-30T10:00:00+00:00,-0.300000,-0.300000,0,flat,0.000000,0.100000,-1,decelerating,0,[],2026-04-24T07:51:03.322738+00:00
548,12661,88,EU,EUR,CPI,cpi_headline_yoy,Headline HICP (YoY),2020-10-01,2020-11-18T10:00:00+00:00,-0.300000,-0.300000,0,flat,0.000000,0.000000,0,flat,0,[],2026-04-24T07:51:03.322738+00:00
549,12625,88,EU,EUR,CPI,cpi_headline_yoy,Headline HICP (YoY),2020-11-01,2020-12-01T10:00:00+00:00,-0.300000,-0.300000,0,flat,0.000000,0.000000,0,flat,0,[],2026-04-24T07:51:03.322738+00:00
550,12582,88,EU,EUR,CPI,cpi_headline_yoy,Headline HICP (YoY),2020-11-01,2020-12-17T10:00:00+00:00,-0.300000,-0.300000,0,flat,0.000000,0.000000,0,flat,0,[],2026-04-24T07:51:03.322738+00:00
551,13295,88,EU,EUR,CPI,cpi_headline_yoy,Headline HICP (YoY),2020-12-01,2021-01-07T10:00:00+00:00,-0.300000,-0.300000,0,flat,0.000000,0.000000,0,flat,0,[],2026-04-24T07:51:03.322738+00:00
552,13242,88,EU,EUR,CPI,cpi_headline_yoy,Headline HICP (YoY),2021-01-01,2021-02-03T10:00:00+00:00,0.900000,-0.300000,1,up,1.200000,0.000000,1,accelerating,1,[],2026-04-24T07:51:03.322738+00:00
553,13205,88,EU,EUR,CPI,cpi_headline_yoy,Headline HICP (YoY),2021-01-01,2021-02-23T10:00:00+00:00,0.900000,0.900000,0,flat,-1.200000,1.200000,-1,decelerating,0,[],2026-04-24T07:51:03.322738+00:00
554,13185,88,EU,EUR,CPI,cpi_headline_yoy,Headline HICP (YoY),2021-02-01,2021-03-02T10:00:00+00:00,0.900000,0.900000,0,flat,0.000000,-1.200000,1,accelerating,0,[],2026-04-24T07:51:03.322738+00:00
555,13157,88,EU,EUR,CPI,cpi_headline_yoy,Headline HICP (YoY),2021-02-01,2021-03-17T10:00:00+00:00,0.900000,0.900000,0,flat,0.000000,0.000000,0,flat,0,[],2026-04-24T07:51:03.322738+00:00
556,13124,88,EU,EUR,CPI,cpi_headline_yoy,Headline HICP (YoY),2021-03-01,2021-03-31T09:00:00+00:00,1.300000,0.900000,1,up,0.400000,0.000000,1,accelerating,1,[],2026-04-24T07:51:03.322738+00:00
557,13099,88,EU,EUR,CPI,cpi_headline_yoy,Headline HICP (YoY),2021-03-01,2021-04-16T09:00:00+00:00,1.300000,1.300000,0,flat,-0.400000,0.400000,-1,decelerating,0,[],2026-04-24T07:51:03.322738+00:00
558,13075,88,EU,EUR,CPI,cpi_headline_yoy,Headline HICP (YoY),2021-04-01,2021-04-30T09:00:00+00:00,1.600000,1.300000,1,up,0.300000,-0.400000,1,accelerating,1,[],2026-04-24T07:51:03.322738+00:00
559,13044,88,EU,EUR,CPI,cpi_headline_yoy,Headline HICP (YoY),2021-04-01,2021-05-19T09:00:00+00:00,1.600000,1.600000,0,flat,-0.300000,0.300000,-1,decelerating,0,[],2026-04-24T07:51:03.322738+00:00
560,13014,88,EU,EUR,CPI,cpi_headline_yoy,Headline HICP (YoY),2021-05-01,2021-06-01T09:00:00+00:00,2.000000,1.600000,1,up,0.400000,-0.300000,1,accelerating,1,[],2026-04-24T07:51:03.322738+00:00
561,12989,88,EU,EUR,CPI,cpi_headline_yoy,Headline HICP (YoY),2021-05-01,2021-06-17T09:00:00+00:00,2.000000,2.000000,0,flat,-0.400000,0.400000,-1,decelerating,0,[],2026-04-24T07:51:03.322738+00:00
562,12959,88,EU,EUR,CPI,cpi_headline_yoy,Headline HICP (YoY),2021-06-01,2021-06-30T09:00:00+00:00,1.900000,2.000000,-1,down,-0.100000,-0.400000,1,accelerating,0,[],2026-04-24T07:51:03.322738+00:00
563,13622,88,EU,EUR,CPI,cpi_headline_yoy,Headline HICP (YoY),2021-07-01,2021-07-30T09:00:00+00:00,2.200000,1.900000,1,up,0.400000,-0.100000,1,accelerating,1,[],2026-04-24T07:51:03.322738+00:00
564,13598,88,EU,EUR,CPI,cpi_headline_yoy,Headline HICP (YoY),2021-07-01,2021-08-18T09:00:00+00:00,2.200000,2.200000,0,flat,-0.300000,0.400000,-1,decelerating,0,[],2026-04-24T07:51:03.322738+00:00
565,13581,88,EU,EUR,CPI,cpi_headline_yoy,Headline HICP (YoY),2021-08-01,2021-08-31T09:00:00+00:00,3.000000,2.200000,1,up,0.800000,-0.300000,1,accelerating,1,[],2026-04-24T07:51:03.322738+00:00
566,13545,88,EU,EUR,CPI,cpi_headline_yoy,Headline HICP (YoY),2021-08-01,2021-09-17T09:00:00+00:00,3.000000,3.000000,0,flat,-0.800000,0.800000,-1,decelerating,0,[],2026-04-24T07:51:03.322738+00:00
567,13513,88,EU,EUR,CPI,cpi_headline_yoy,Headline HICP (YoY),2021-09-01,2021-10-01T09:00:00+00:00,3.400000,3.000000,1,up,0.400000,-0.800000,1,accelerating,1,[],2026-04-24T07:51:03.322738+00:00
568,13476,88,EU,EUR,CPI,cpi_headline_yoy,Headline HICP (YoY),2021-09-01,2021-10-20T09:00:00+00:00,3.400000,3.400000,0,flat,-0.400000,0.400000,-1,decelerating,0,[],2026-04-24T07:51:03.322738+00:00
569,13452,88,EU,EUR,CPI,cpi_headline_yoy,Headline HICP (YoY),2021-10-01,2021-10-29T09:00:00+00:00,4.100000,3.400000,1,up,0.700000,-0.400000,1,accelerating,1,[],2026-04-24T07:51:03.322738+00:00
570,13405,88,EU,EUR,CPI,cpi_headline_yoy,Headline HICP (YoY),2021-10-01,2021-11-17T10:00:00+00:00,4.100000,4.100000,0,flat,-0.700000,0.700000,-1,decelerating,0,[],2026-04-24T07:51:03.322738+00:00
571,13361,88,EU,EUR,CPI,cpi_headline_yoy,Headline HICP (YoY),2021-11-01,2021-11-30T10:00:00+00:00,4.900000,4.100000,1,up,0.800000,-0.700000,1,accelerating,1,[],2026-04-24T07:51:03.322738+00:00
572,13314,88,EU,EUR,CPI,cpi_headline_yoy,Headline HICP (YoY),2021-11-01,2021-12-17T10:00:00+00:00,4.900000,4.900000,0,flat,-0.800000,0.800000,-1,decelerating,0,[],2026-04-24T07:51:03.322738+00:00
573,14108,88,EU,EUR,CPI,cpi_headline_yoy,Headline HICP (YoY),2021-12-01,2022-01-07T10:00:00+00:00,5.000000,4.900000,1,up,0.100000,-0.800000,1,accelerating,1,[],2026-04-24T07:51:03.322738+00:00
574,14076,88,EU,EUR,CPI,cpi_headline_yoy,Headline HICP (YoY),2021-12-01,2022-01-20T10:00:00+00:00,5.000000,5.000000,0,flat,-0.100000,0.100000,-1,decelerating,0,[],2026-04-24T07:51:03.322738+00:00
575,14054,88,EU,EUR,CPI,cpi_headline_yoy,Headline HICP (YoY),2022-01-01,2022-02-02T10:00:00+00:00,5.100000,5.000000,1,up,0.100000,-0.100000,1,accelerating,1,[],2026-04-24T07:51:03.322738+00:00
576,14012,88,EU,EUR,CPI,cpi_headline_yoy,Headline HICP (YoY),2022-01-01,2022-02-23T10:00:00+00:00,5.100000,5.100000,0,flat,-0.100000,0.100000,-1,decelerating,0,[],2026-04-24T07:51:03.322738+00:00
577,13984,88,EU,EUR,CPI,cpi_headline_yoy,Headline HICP (YoY),2022-02-01,2022-03-02T10:00:00+00:00,5.800000,5.100000,1,up,0.700000,-0.100000,1,accelerating,1,[],2026-04-24T07:51:03.322738+00:00
578,13939,88,EU,EUR,CPI,cpi_headline_yoy,Headline HICP (YoY),2022-02-01,2022-03-17T10:00:00+00:00,5.900000,5.800000,1,up,-0.600000,0.700000,-1,decelerating,1,[],2026-04-24T07:51:03.322738+00:00
579,13896,88,EU,EUR,CPI,cpi_headline_yoy,Headline HICP (YoY),2022-03-01,2022-04-01T09:00:00+00:00,7.500000,5.900000,1,up,1.500000,-0.600000,1,accelerating,1,[],2026-04-24T07:51:03.322738+00:00
580,13862,88,EU,EUR,CPI,cpi_headline_yoy,Headline HICP (YoY),2022-03-01,2022-04-21T09:00:00+00:00,7.400000,7.500000,-1,down,-1.700000,1.500000,-1,decelerating,0,[],2026-04-24T07:51:03.322738+00:00
581,13839,88,EU,EUR,CPI,cpi_headline_yoy,Headline HICP (YoY),2022-04-01,2022-04-29T09:00:00+00:00,7.500000,7.400000,1,up,0.200000,-1.700000,1,accelerating,1,[],2026-04-24T07:51:03.322738+00:00
582,13792,88,EU,EUR,CPI,cpi_headline_yoy,Headline HICP (YoY),2022-04-01,2022-05-18T09:00:00+00:00,7.400000,7.500000,-1,down,-0.200000,0.200000,-1,decelerating,0,[],2026-04-24T07:51:03.322738+00:00
583,13761,88,EU,EUR,CPI,cpi_headline_yoy,Headline HICP (YoY),2022-05-01,2022-05-31T09:00:00+00:00,8.100000,7.400000,1,up,0.800000,-0.200000,1,accelerating,1,[],2026-04-24T07:51:03.322738+00:00
584,13712,88,EU,EUR,CPI,cpi_headline_yoy,Headline HICP (YoY),2022-05-01,2022-06-17T09:00:00+00:00,8.100000,8.100000,0,flat,-0.700000,0.800000,-1,decelerating,0,[],2026-04-24T07:51:03.322738+00:00
585,14539,88,EU,EUR,CPI,cpi_headline_yoy,Headline HICP (YoY),2022-06-01,2022-07-01T09:00:00+00:00,8.600000,8.100000,1,up,0.500000,-0.700000,1,accelerating,1,[],2026-04-24T07:51:03.322738+00:00
586,14510,88,EU,EUR,CPI,cpi_headline_yoy,Headline HICP (YoY),2022-06-01,2022-07-19T09:00:00+00:00,8.600000,8.600000,0,flat,-0.500000,0.500000,-1,decelerating,0,[],2026-04-24T07:51:03.322738+00:00
587,14486,88,EU,EUR,CPI,cpi_headline_yoy,Headline HICP (YoY),2022-07-01,2022-07-29T09:00:00+00:00,8.900000,8.600000,1,up,0.300000,-0.500000,1,accelerating,1,[],2026-04-24T07:51:03.322738+00:00
588,14461,88,EU,EUR,CPI,cpi_headline_yoy,Headline HICP (YoY),2022-07-01,2022-08-18T09:00:00+00:00,8.900000,8.900000,0,flat,-0.300000,0.300000,-1,decelerating,0,[],2026-04-24T07:51:03.322738+00:00
589,14438,88,EU,EUR,CPI,cpi_headline_yoy,Headline HICP (YoY),2022-08-01,2022-08-31T09:00:00+00:00,9.100000,8.900000,1,up,0.200000,-0.300000,1,accelerating,1,[],2026-04-24T07:51:03.322738+00:00
590,14390,88,EU,EUR,CPI,cpi_headline_yoy,Headline HICP (YoY),2022-08-01,2022-09-16T09:00:00+00:00,9.100000,9.100000,0,flat,-0.200000,0.200000,-1,decelerating,0,[],2026-04-24T07:51:03.322738+00:00
591,14339,88,EU,EUR,CPI,cpi_headline_yoy,Headline HICP (YoY),2022-09-01,2022-09-30T09:00:00+00:00,10.000000,9.100000,1,up,0.900000,-0.200000,1,accelerating,1,[],2026-04-24T07:51:03.322738+00:00
592,14296,88,EU,EUR,CPI,cpi_headline_yoy,Headline HICP (YoY),2022-09-01,2022-10-19T09:00:00+00:00,9.900000,10.000000,-1,down,-1.000000,0.900000,-1,decelerating,0,[],2026-04-24T07:51:03.322738+00:00
593,14262,88,EU,EUR,CPI,cpi_headline_yoy,Headline HICP (YoY),2022-10-01,2022-10-31T10:00:00+00:00,10.700000,9.900000,1,up,0.900000,-1.000000,1,accelerating,1,[],2026-04-24T07:51:03.322738+00:00
594,14222,88,EU,EUR,CPI,cpi_headline_yoy,Headline HICP (YoY),2022-10-01,2022-11-17T10:00:00+00:00,10.600000,10.700000,-1,down,-0.900000,0.900000,-1,decelerating,0,[],2026-04-24T07:51:03.322738+00:00
595,14182,88,EU,EUR,CPI,cpi_headline_yoy,Headline HICP (YoY),2022-11-01,2022-11-30T10:00:00+00:00,10.000000,10.600000,-1,down,-0.500000,-0.900000,1,accelerating,0,[],2026-04-24T07:51:03.322738+00:00
596,14132,88,EU,EUR,CPI,cpi_headline_yoy,Headline HICP (YoY),2022-11-01,2022-12-16T10:00:00+00:00,10.100000,10.000000,1,up,0.700000,-0.500000,1,accelerating,1,[],2026-04-24T07:51:03.322738+00:00
597,15005,88,EU,EUR,CPI,cpi_headline_yoy,Headline HICP (YoY),2022-12-01,2023-01-06T10:00:00+00:00,9.200000,10.100000,-1,down,-1.000000,0.700000,-1,decelerating,0,[],2026-04-24T07:51:03.322738+00:00
598,14957,88,EU,EUR,CPI,cpi_headline_yoy,Headline HICP (YoY),2023-01-01,2023-02-01T10:00:00+00:00,8.500000,9.200000,-1,down,0.200000,-1.000000,1,accelerating,0,[],2026-04-24T07:51:03.322738+00:00
599,14903,88,EU,EUR,CPI,cpi_headline_yoy,Headline HICP (YoY),2023-01-01,2023-02-23T10:00:00+00:00,8.600000,8.500000,1,up,0.800000,0.200000,1,accelerating,1,[],2026-04-24T07:51:03.322738+00:00
600,14884,88,EU,EUR,CPI,cpi_headline_yoy,Headline HICP (YoY),2023-02-01,2023-03-02T10:00:00+00:00,8.500000,8.600000,-1,down,-0.200000,0.800000,-1,decelerating,0,[],2026-04-24T07:51:03.322738+00:00
601,14846,88,EU,EUR,CPI,cpi_headline_yoy,Headline HICP (YoY),2023-02-01,2023-03-17T10:00:00+00:00,8.500000,8.500000,0,flat,0.100000,-0.200000,1,accelerating,0,[],2026-04-24T07:51:03.322738+00:00
602,14801,88,EU,EUR,CPI,cpi_headline_yoy,Headline HICP (YoY),2023-03-01,2023-03-31T09:00:00+00:00,6.900000,8.500000,-1,down,-1.600000,0.100000,-1,decelerating,0,[],2026-04-24T07:51:03.322738+00:00
603,14767,88,EU,EUR,CPI,cpi_headline_yoy,Headline HICP (YoY),2023-03-01,2023-04-19T09:00:00+00:00,6.900000,6.900000,0,flat,1.600000,-1.600000,1,accelerating,0,[],2026-04-24T07:51:03.322738+00:00
604,14726,88,EU,EUR,CPI,cpi_headline_yoy,Headline HICP (YoY),2023-04-01,2023-05-02T09:00:00+00:00,7.000000,6.900000,1,up,0.100000,1.600000,-1,decelerating,1,[],2026-04-24T07:51:03.322738+00:00
605,14689,88,EU,EUR,CPI,cpi_headline_yoy,Headline HICP (YoY),2023-04-01,2023-05-17T09:00:00+00:00,7.000000,7.000000,0,flat,-0.100000,0.100000,-1,decelerating,0,[],2026-04-24T07:51:03.322738+00:00
606,14642,88,EU,EUR,CPI,cpi_headline_yoy,Headline HICP (YoY),2023-05-01,2023-06-01T09:00:00+00:00,6.100000,7.000000,-1,down,-0.900000,-0.100000,-1,decelerating,0,[],2026-04-24T07:51:03.322738+00:00
607,14599,88,EU,EUR,CPI,cpi_headline_yoy,Headline HICP (YoY),2023-05-01,2023-06-16T09:00:00+00:00,6.100000,6.100000,0,flat,0.900000,-0.900000,1,accelerating,0,[],2026-04-24T07:51:03.322738+00:00
608,15438,88,EU,EUR,CPI,cpi_headline_yoy,Headline HICP (YoY),2023-06-01,2023-07-19T09:00:00+00:00,5.500000,6.100000,-1,down,-0.600000,0.900000,-1,decelerating,0,[],2026-04-24T07:51:03.322738+00:00
609,15412,88,EU,EUR,CPI,cpi_headline_yoy,Headline HICP (YoY),2023-07-01,2023-07-31T09:00:00+00:00,5.300000,5.500000,-1,down,0.400000,-0.600000,1,accelerating,0,[],2026-04-24T07:51:03.322738+00:00
610,15389,88,EU,EUR,CPI,cpi_headline_yoy,Headline HICP (YoY),2023-07-01,2023-08-18T09:00:00+00:00,5.300000,5.300000,0,flat,0.200000,0.400000,-1,decelerating,0,[],2026-04-24T07:51:03.322738+00:00
611,15363,88,EU,EUR,CPI,cpi_headline_yoy,Headline HICP (YoY),2023-08-01,2023-08-31T09:00:00+00:00,5.300000,5.300000,0,flat,0.000000,0.200000,-1,decelerating,0,[],2026-04-24T07:51:03.322738+00:00
612,15311,88,EU,EUR,CPI,cpi_headline_yoy,Headline HICP (YoY),2023-08-01,2023-09-19T09:00:00+00:00,5.200000,5.300000,-1,down,-0.100000,0.000000,-1,decelerating,0,[],2026-04-24T07:51:03.322738+00:00
613,15265,88,EU,EUR,CPI,cpi_headline_yoy,Headline HICP (YoY),2023-09-01,2023-09-29T09:00:00+00:00,4.300000,5.200000,-1,down,-0.800000,-0.100000,-1,decelerating,0,[],2026-04-24T07:51:03.322738+00:00
614,15224,88,EU,EUR,CPI,cpi_headline_yoy,Headline HICP (YoY),2023-09-01,2023-10-18T09:00:00+00:00,4.300000,4.300000,0,flat,0.900000,-0.800000,1,accelerating,0,[],2026-04-24T07:51:03.322738+00:00
615,15182,88,EU,EUR,CPI,cpi_headline_yoy,Headline HICP (YoY),2023-10-01,2023-10-31T10:00:00+00:00,2.900000,4.300000,-1,down,-1.400000,0.900000,-1,decelerating,0,[],2026-04-24T07:51:03.322738+00:00
616,15129,88,EU,EUR,CPI,cpi_headline_yoy,Headline HICP (YoY),2023-10-01,2023-11-17T10:00:00+00:00,2.900000,2.900000,0,flat,1.400000,-1.400000,1,accelerating,0,[],2026-04-24T07:51:03.322738+00:00
617,15087,88,EU,EUR,CPI,cpi_headline_yoy,Headline HICP (YoY),2023-11-01,2023-11-30T10:00:00+00:00,2.400000,2.900000,-1,down,-0.500000,1.400000,-1,decelerating,0,[],2026-04-24T07:51:03.322738+00:00
618,15034,88,EU,EUR,CPI,cpi_headline_yoy,Headline HICP (YoY),2023-11-01,2023-12-19T10:00:00+00:00,2.400000,2.400000,0,flat,0.500000,-0.500000,1,accelerating,0,[],2026-04-24T07:51:03.322738+00:00
619,16073,88,EU,EUR,CPI,cpi_headline_yoy,Headline HICP (YoY),2023-12-01,2024-01-05T10:00:00+00:00,2.900000,2.400000,1,up,0.500000,0.500000,0,flat,1,[],2026-04-24T07:51:03.322738+00:00
620,16001,88,EU,EUR,CPI,cpi_headline_yoy,Headline HICP (YoY),2024-01-01,2024-02-01T10:00:00+00:00,2.800000,2.900000,-1,down,-0.600000,0.500000,-1,decelerating,0,[],2026-04-24T07:51:03.322738+00:00
621,15925,88,EU,EUR,CPI,cpi_headline_yoy,Headline HICP (YoY),2024-01-01,2024-02-22T10:00:00+00:00,2.800000,2.800000,0,flat,0.100000,-0.600000,1,accelerating,0,[],2026-04-24T07:51:03.322738+00:00
622,15903,88,EU,EUR,CPI,cpi_headline_yoy,Headline HICP (YoY),2024-02-01,2024-03-01T10:00:00+00:00,2.600000,2.800000,-1,down,-0.200000,0.100000,-1,decelerating,0,[],2026-04-24T07:51:03.322738+00:00
623,15855,88,EU,EUR,CPI,cpi_headline_yoy,Headline HICP (YoY),2024-02-01,2024-03-18T10:00:00+00:00,2.600000,2.600000,0,flat,0.200000,-0.200000,1,accelerating,0,[],2026-04-24T07:51:03.322738+00:00
624,15799,88,EU,EUR,CPI,cpi_headline_yoy,Headline HICP (YoY),2024-03-01,2024-04-03T09:00:00+00:00,2.400000,2.600000,-1,down,-0.200000,0.200000,-1,decelerating,0,[],2026-04-24T07:51:03.322738+00:00
625,15756,88,EU,EUR,CPI,cpi_headline_yoy,Headline HICP (YoY),2024-03-01,2024-04-17T09:00:00+00:00,2.400000,2.400000,0,flat,0.200000,-0.200000,1,accelerating,0,[],2026-04-24T07:51:03.322738+00:00
626,15692,88,EU,EUR,CPI,cpi_headline_yoy,Headline HICP (YoY),2024-04-01,2024-04-30T09:00:00+00:00,2.400000,2.400000,0,flat,0.000000,0.200000,-1,decelerating,0,[],2026-04-24T07:51:03.322738+00:00
627,15644,88,EU,EUR,CPI,cpi_headline_yoy,Headline HICP (YoY),2024-04-01,2024-05-17T09:00:00+00:00,2.400000,2.400000,0,flat,0.000000,0.000000,0,flat,0,[],2026-04-24T07:51:03.322738+00:00
628,15597,88,EU,EUR,CPI,cpi_headline_yoy,Headline HICP (YoY),2024-05-01,2024-05-31T09:00:00+00:00,2.600000,2.400000,1,up,0.200000,0.000000,1,accelerating,1,[],2026-04-24T07:51:03.322738+00:00
629,15526,88,EU,EUR,CPI,cpi_headline_yoy,Headline HICP (YoY),2024-05-01,2024-06-18T09:00:00+00:00,2.600000,2.600000,0,flat,-0.200000,0.200000,-1,decelerating,0,[],2026-04-24T07:51:03.322738+00:00
630,16723,88,EU,EUR,CPI,cpi_headline_yoy,Headline HICP (YoY),2024-06-01,2024-07-02T09:00:00+00:00,2.500000,2.600000,-1,down,-0.100000,-0.200000,1,accelerating,0,[],2026-04-24T07:51:03.322738+00:00
631,16679,88,EU,EUR,CPI,cpi_headline_yoy,Headline HICP (YoY),2024-06-01,2024-07-17T09:00:00+00:00,2.500000,2.500000,0,flat,0.100000,-0.100000,1,accelerating,0,[],2026-04-24T07:51:03.322738+00:00
632,16615,88,EU,EUR,CPI,cpi_headline_yoy,Headline HICP (YoY),2024-07-01,2024-07-31T09:00:00+00:00,2.600000,2.500000,1,up,0.100000,0.100000,0,flat,1,[],2026-04-24T07:51:03.322738+00:00
633,16585,88,EU,EUR,CPI,cpi_headline_yoy,Headline HICP (YoY),2024-07-01,2024-08-20T09:00:00+00:00,2.600000,2.600000,0,flat,-0.100000,0.100000,-1,decelerating,0,[],2026-04-24T07:51:03.322738+00:00
634,16548,88,EU,EUR,CPI,cpi_headline_yoy,Headline HICP (YoY),2024-08-01,2024-08-30T09:00:00+00:00,2.200000,2.600000,-1,down,-0.400000,-0.100000,-1,decelerating,0,[],2026-04-24T07:51:03.322738+00:00
635,16481,88,EU,EUR,CPI,cpi_headline_yoy,Headline HICP (YoY),2024-08-01,2024-09-18T09:00:00+00:00,2.200000,2.200000,0,flat,0.400000,-0.400000,1,accelerating,0,[],2026-04-24T07:51:03.322738+00:00
636,16426,88,EU,EUR,CPI,cpi_headline_yoy,Headline HICP (YoY),2024-09-01,2024-10-01T09:00:00+00:00,1.800000,2.200000,-1,down,-0.400000,0.400000,-1,decelerating,0,[],2026-04-24T07:51:03.322738+00:00
637,16377,88,EU,EUR,CPI,cpi_headline_yoy,Headline HICP (YoY),2024-09-01,2024-10-17T09:00:00+00:00,1.700000,1.800000,-1,down,0.300000,-0.400000,1,accelerating,0,[],2026-04-24T07:51:03.322738+00:00
638,16308,88,EU,EUR,CPI,cpi_headline_yoy,Headline HICP (YoY),2024-10-01,2024-10-31T10:00:00+00:00,2.000000,1.700000,1,up,0.400000,0.300000,1,accelerating,1,[],2026-04-24T07:51:03.322738+00:00
639,16233,88,EU,EUR,CPI,cpi_headline_yoy,Headline HICP (YoY),2024-10-01,2024-11-19T10:00:00+00:00,2.000000,2.000000,0,flat,-0.300000,0.400000,-1,decelerating,0,[],2026-04-24T07:51:03.322738+00:00
640,16175,88,EU,EUR,CPI,cpi_headline_yoy,Headline HICP (YoY),2024-11-01,2024-11-29T10:00:00+00:00,2.300000,2.000000,1,up,0.300000,-0.300000,1,accelerating,1,[],2026-04-24T07:51:03.322738+00:00
641,16103,88,EU,EUR,CPI,cpi_headline_yoy,Headline HICP (YoY),2024-11-01,2024-12-18T10:00:00+00:00,2.200000,2.300000,-1,down,-0.400000,0.300000,-1,decelerating,0,[],2026-04-24T07:51:03.322738+00:00
642,17442,88,EU,EUR,CPI,cpi_headline_yoy,Headline HICP (YoY),2024-12-01,2025-01-07T10:00:00+00:00,2.400000,2.200000,1,up,0.300000,-0.400000,1,accelerating,1,[],2026-04-24T07:51:03.322738+00:00
643,17406,88,EU,EUR,CPI,cpi_headline_yoy,Headline HICP (YoY),2024-12-01,2025-01-17T10:00:00+00:00,2.400000,2.400000,0,flat,-0.200000,0.300000,-1,decelerating,0,[],2026-04-24T07:51:03.322738+00:00
644,17336,88,EU,EUR,CPI,cpi_headline_yoy,Headline HICP (YoY),2025-01-01,2025-02-03T10:00:00+00:00,2.500000,2.400000,1,up,0.100000,-0.200000,1,accelerating,1,[],2026-04-24T07:51:03.322738+00:00
645,17269,88,EU,EUR,CPI,cpi_headline_yoy,Headline HICP (YoY),2025-01-01,2025-02-24T10:00:00+00:00,2.500000,2.500000,0,flat,-0.100000,0.100000,-1,decelerating,0,[],2026-04-24T07:51:03.322738+00:00
646,17242,88,EU,EUR,CPI,cpi_headline_yoy,Headline HICP (YoY),2025-02-01,2025-03-03T10:00:00+00:00,2.400000,2.500000,-1,down,-0.100000,-0.100000,0,flat,0,[],2026-04-24T07:51:03.322738+00:00
647,17174,88,EU,EUR,CPI,cpi_headline_yoy,Headline HICP (YoY),2025-02-01,2025-03-19T10:00:00+00:00,2.300000,2.400000,-1,down,0.000000,-0.100000,1,accelerating,0,[],2026-04-24T07:51:03.322738+00:00
648,17106,88,EU,EUR,CPI,cpi_headline_yoy,Headline HICP (YoY),2025-03-01,2025-04-01T09:00:00+00:00,2.200000,2.300000,-1,down,0.000000,0.000000,0,flat,0,[],2026-04-24T07:51:03.322738+00:00
649,17042,88,EU,EUR,CPI,cpi_headline_yoy,Headline HICP (YoY),2025-03-01,2025-04-16T09:00:00+00:00,2.200000,2.200000,0,flat,0.100000,0.000000,1,accelerating,0,[],2026-04-24T07:51:03.322738+00:00
650,16973,88,EU,EUR,CPI,cpi_headline_yoy,Headline HICP (YoY),2025-04-01,2025-05-02T09:00:00+00:00,2.200000,2.200000,0,flat,0.000000,0.100000,-1,decelerating,0,[],2026-04-24T07:51:03.322738+00:00
651,16926,88,EU,EUR,CPI,cpi_headline_yoy,Headline HICP (YoY),2025-04-01,2025-05-19T09:00:00+00:00,2.200000,2.200000,0,flat,0.000000,0.000000,0,flat,0,[],2026-04-24T07:51:03.322738+00:00
652,16866,88,EU,EUR,CPI,cpi_headline_yoy,Headline HICP (YoY),2025-05-01,2025-06-03T09:00:00+00:00,1.900000,2.200000,-1,down,-0.300000,0.000000,-1,decelerating,0,[],2026-04-24T07:51:03.322738+00:00
653,16802,88,EU,EUR,CPI,cpi_headline_yoy,Headline HICP (YoY),2025-05-01,2025-06-18T09:00:00+00:00,1.900000,1.900000,0,flat,0.300000,-0.300000,1,accelerating,0,[],2026-04-24T07:51:03.322738+00:00
654,18127,88,EU,EUR,CPI,cpi_headline_yoy,Headline HICP (YoY),2025-06-01,2025-07-01T09:00:00+00:00,2.000000,1.900000,1,up,0.100000,0.300000,-1,decelerating,1,[],2026-04-24T07:51:03.322738+00:00
655,18072,88,EU,EUR,CPI,cpi_headline_yoy,Headline HICP (YoY),2025-06-01,2025-07-17T09:00:00+00:00,2.000000,2.000000,0,flat,-0.100000,0.100000,-1,decelerating,0,[],2026-04-24T07:51:03.322738+00:00
656,18020,88,EU,EUR,CPI,cpi_headline_yoy,Headline HICP (YoY),2025-07-01,2025-08-01T09:00:00+00:00,2.000000,2.000000,0,flat,0.000000,-0.100000,1,accelerating,0,[],2026-04-24T07:51:03.322738+00:00
657,17976,88,EU,EUR,CPI,cpi_headline_yoy,Headline HICP (YoY),2025-07-01,2025-08-20T09:00:00+00:00,2.000000,2.000000,0,flat,0.000000,0.000000,0,flat,0,[],2026-04-24T07:51:03.322738+00:00
658,17934,88,EU,EUR,CPI,cpi_headline_yoy,Headline HICP (YoY),2025-08-01,2025-09-02T09:00:00+00:00,2.100000,2.000000,1,up,0.100000,0.000000,1,accelerating,1,[],2026-04-24T07:51:03.322738+00:00
659,17878,88,EU,EUR,CPI,cpi_headline_yoy,Headline HICP (YoY),2025-08-01,2025-09-17T09:00:00+00:00,2.000000,2.100000,-1,down,-0.200000,0.100000,-1,decelerating,0,[],2026-04-24T07:51:03.322738+00:00
660,17806,88,EU,EUR,CPI,cpi_headline_yoy,Headline HICP (YoY),2025-09-01,2025-10-01T09:00:00+00:00,2.200000,2.000000,1,up,0.300000,-0.200000,1,accelerating,1,[],2026-04-24T07:51:03.322738+00:00
661,17747,88,EU,EUR,CPI,cpi_headline_yoy,Headline HICP (YoY),2025-09-01,2025-10-17T09:00:00+00:00,2.200000,2.200000,0,flat,-0.200000,0.300000,-1,decelerating,0,[],2026-04-24T07:51:03.322738+00:00
662,17682,88,EU,EUR,CPI,cpi_headline_yoy,Headline HICP (YoY),2025-10-01,2025-10-31T10:00:00+00:00,2.100000,2.200000,-1,down,-0.100000,-0.200000,1,accelerating,0,[],2026-04-24T07:51:03.322738+00:00
663,17607,88,EU,EUR,CPI,cpi_headline_yoy,Headline HICP (YoY),2025-10-01,2025-11-19T10:00:00+00:00,2.100000,2.100000,0,flat,0.100000,-0.100000,1,accelerating,0,[],2026-04-24T07:51:03.322738+00:00
664,17543,88,EU,EUR,CPI,cpi_headline_yoy,Headline HICP (YoY),2025-11-01,2025-12-02T10:00:00+00:00,2.200000,2.100000,1,up,0.100000,0.100000,0,flat,1,[],2026-04-24T07:51:03.322738+00:00
665,18188,88,EU,EUR,CPI,cpi_headline_yoy,Headline HICP (YoY),2025-12-01,2026-01-07T10:00:00+00:00,2.000000,2.200000,-1,down,-0.300000,0.100000,-1,decelerating,0,[],2026-04-24T07:51:03.322738+00:00
666,18146,88,EU,EUR,CPI,cpi_headline_yoy,Headline HICP (YoY),2025-12-01,2026-01-19T10:00:00+00:00,1.900000,2.000000,-1,down,0.100000,-0.300000,1,accelerating,0,[],2026-04-24T07:51:03.322738+00:00
667,844,88,EU,EUR,CPI,cpi_headline_yoy,Headline HICP (YoY),2026-01-01,2026-02-04T10:00:00+00:00,1.700000,1.900000,-1,down,-0.100000,0.100000,-1,decelerating,0,[],2026-04-24T07:51:03.322738+00:00
668,760,88,EU,EUR,CPI,cpi_headline_yoy,Headline HICP (YoY),2026-02-01,2026-03-03T10:00:00+00:00,1.900000,1.700000,1,up,0.400000,-0.100000,1,accelerating,1,[],2026-04-24T07:51:03.322738+00:00
669,633,88,EU,EUR,CPI,cpi_headline_yoy,Headline HICP (YoY),2026-03-01,2026-04-16T09:00:00+00:00,2.600000,1.900000,1,up,0.500000,0.400000,1,accelerating,1,[],2026-04-24T07:51:03.322738+00:00
670,12555,90,EU,EUR,UNEMPLOYMENT,unemployment_rate,Unemployment Rate,2019-11-01,2020-01-09T10:00:00+00:00,7.500000,,,,,,,,,"[""direction_target_short_history"", ""acceleration_target_short_history""]",2026-04-24T07:51:03.322738+00:00
671,12519,90,EU,EUR,UNEMPLOYMENT,unemployment_rate,Unemployment Rate,2019-12-01,2020-01-30T10:00:00+00:00,7.400000,7.500000,-1,down,,,,,0,"[""acceleration_target_short_history""]",2026-04-24T07:51:03.322738+00:00
672,12448,90,EU,EUR,UNEMPLOYMENT,unemployment_rate,Unemployment Rate,2020-01-01,2020-03-03T10:00:00+00:00,7.400000,7.400000,0,flat,0.100000,,,,0,"[""acceleration_target_short_history""]",2026-04-24T07:51:03.322738+00:00
673,12394,90,EU,EUR,UNEMPLOYMENT,unemployment_rate,Unemployment Rate,2020-02-01,2020-04-01T09:00:00+00:00,7.300000,7.400000,-1,down,-0.100000,0.100000,-1,decelerating,0,[],2026-04-24T07:51:03.322738+00:00
674,12354,90,EU,EUR,UNEMPLOYMENT,unemployment_rate,Unemployment Rate,2020-03-01,2020-04-30T09:00:00+00:00,7.400000,7.300000,1,up,0.200000,-0.100000,1,accelerating,1,[],2026-04-24T07:51:03.322738+00:00
675,12285,90,EU,EUR,UNEMPLOYMENT,unemployment_rate,Unemployment Rate,2020-04-01,2020-06-03T09:00:00+00:00,7.300000,7.400000,-1,down,-0.200000,0.200000,-1,decelerating,0,[],2026-04-24T07:51:03.322738+00:00
676,12955,90,EU,EUR,UNEMPLOYMENT,unemployment_rate,Unemployment Rate,2020-05-01,2020-07-02T09:00:00+00:00,7.400000,7.300000,1,up,0.200000,-0.200000,1,accelerating,1,[],2026-04-24T07:51:03.322738+00:00
677,12906,90,EU,EUR,UNEMPLOYMENT,unemployment_rate,Unemployment Rate,2020-06-01,2020-07-30T09:00:00+00:00,7.800000,7.400000,1,up,0.300000,0.200000,1,accelerating,1,[],2026-04-24T07:51:03.322738+00:00
678,12853,90,EU,EUR,UNEMPLOYMENT,unemployment_rate,Unemployment Rate,2020-07-01,2020-09-01T09:00:00+00:00,7.900000,7.800000,1,up,-0.300000,0.300000,-1,decelerating,1,[],2026-04-24T07:51:03.322738+00:00
679,12781,90,EU,EUR,UNEMPLOYMENT,unemployment_rate,Unemployment Rate,2020-08-01,2020-10-01T09:00:00+00:00,8.100000,7.900000,1,up,0.100000,-0.300000,1,accelerating,1,[],2026-04-24T07:51:03.322738+00:00
680,12709,90,EU,EUR,UNEMPLOYMENT,unemployment_rate,Unemployment Rate,2020-09-01,2020-10-30T10:00:00+00:00,8.300000,8.100000,1,up,0.000000,0.100000,-1,decelerating,1,[],2026-04-24T07:51:03.322738+00:00
681,12620,90,EU,EUR,UNEMPLOYMENT,unemployment_rate,Unemployment Rate,2020-10-01,2020-12-02T10:00:00+00:00,8.400000,8.300000,1,up,-0.100000,0.000000,-1,decelerating,1,[],2026-04-24T07:51:03.322738+00:00
682,13287,90,EU,EUR,UNEMPLOYMENT,unemployment_rate,Unemployment Rate,2020-11-01,2021-01-08T10:00:00+00:00,8.300000,8.400000,-1,down,-0.200000,-0.100000,-1,decelerating,0,[],2026-04-24T07:51:03.322738+00:00
683,13249,90,EU,EUR,UNEMPLOYMENT,unemployment_rate,Unemployment Rate,2020-12-01,2021-02-01T10:00:00+00:00,8.300000,8.300000,0,flat,0.100000,-0.200000,1,accelerating,0,[],2026-04-24T07:51:03.322738+00:00
684,13174,90,EU,EUR,UNEMPLOYMENT,unemployment_rate,Unemployment Rate,2021-01-01,2021-03-04T10:00:00+00:00,8.100000,8.300000,-1,down,-0.200000,0.100000,-1,decelerating,0,[],2026-04-24T07:51:03.322738+00:00
685,13120,90,EU,EUR,UNEMPLOYMENT,unemployment_rate,Unemployment Rate,2021-02-01,2021-04-06T09:00:00+00:00,8.300000,8.100000,1,up,0.400000,-0.200000,1,accelerating,1,[],2026-04-24T07:51:03.322738+00:00
686,13076,90,EU,EUR,UNEMPLOYMENT,unemployment_rate,Unemployment Rate,2021-03-01,2021-04-30T09:00:00+00:00,8.100000,8.300000,-1,down,-0.400000,0.400000,-1,decelerating,0,[],2026-04-24T07:51:03.322738+00:00
687,13016,90,EU,EUR,UNEMPLOYMENT,unemployment_rate,Unemployment Rate,2021-04-01,2021-06-01T09:00:00+00:00,8.000000,8.100000,-1,down,0.100000,-0.400000,1,accelerating,0,[],2026-04-24T07:51:03.322738+00:00
688,13661,90,EU,EUR,UNEMPLOYMENT,unemployment_rate,Unemployment Rate,2021-05-01,2021-07-01T09:00:00+00:00,7.900000,8.000000,-1,down,0.000000,0.100000,-1,decelerating,0,[],2026-04-24T07:51:03.322738+00:00
689,13618,90,EU,EUR,UNEMPLOYMENT,unemployment_rate,Unemployment Rate,2021-06-01,2021-07-30T09:00:00+00:00,7.700000,7.900000,-1,down,-0.100000,0.000000,-1,decelerating,0,[],2026-04-24T07:51:03.322738+00:00
690,13578,90,EU,EUR,UNEMPLOYMENT,unemployment_rate,Unemployment Rate,2021-07-01,2021-09-01T09:00:00+00:00,7.600000,7.700000,-1,down,0.100000,-0.100000,1,accelerating,0,[],2026-04-24T07:51:03.322738+00:00
691,13515,90,EU,EUR,UNEMPLOYMENT,unemployment_rate,Unemployment Rate,2021-08-01,2021-09-30T09:00:00+00:00,7.500000,7.600000,-1,down,0.000000,0.100000,-1,decelerating,0,[],2026-04-24T07:51:03.322738+00:00
692,13444,90,EU,EUR,UNEMPLOYMENT,unemployment_rate,Unemployment Rate,2021-09-01,2021-11-03T10:00:00+00:00,7.400000,7.500000,-1,down,0.000000,0.000000,0,flat,0,[],2026-04-24T07:51:03.322738+00:00
693,13357,90,EU,EUR,UNEMPLOYMENT,unemployment_rate,Unemployment Rate,2021-10-01,2021-12-02T10:00:00+00:00,7.300000,7.400000,-1,down,0.000000,0.000000,0,flat,0,[],2026-04-24T07:51:03.322738+00:00
694,14098,90,EU,EUR,UNEMPLOYMENT,unemployment_rate,Unemployment Rate,2021-11-01,2022-01-10T10:00:00+00:00,7.200000,7.300000,-1,down,0.000000,0.000000,0,flat,0,[],2026-04-24T07:51:03.322738+00:00
695,14055,90,EU,EUR,UNEMPLOYMENT,unemployment_rate,Unemployment Rate,2021-12-01,2022-02-01T10:00:00+00:00,7.000000,7.200000,-1,down,-0.100000,0.000000,-1,decelerating,0,[],2026-04-24T07:51:03.322738+00:00
696,13974,90,EU,EUR,UNEMPLOYMENT,unemployment_rate,Unemployment Rate,2022-01-01,2022-03-03T10:00:00+00:00,6.800000,7.000000,-1,down,0.000000,-0.100000,1,accelerating,0,[],2026-04-24T07:51:03.322738+00:00
697,13900,90,EU,EUR,UNEMPLOYMENT,unemployment_rate,Unemployment Rate,2022-02-01,2022-03-31T09:00:00+00:00,6.800000,6.800000,0,flat,0.200000,0.000000,1,accelerating,0,[],2026-04-24T07:51:03.322738+00:00
698,13826,90,EU,EUR,UNEMPLOYMENT,unemployment_rate,Unemployment Rate,2022-03-01,2022-05-03T09:00:00+00:00,6.800000,6.800000,0,flat,0.000000,0.200000,-1,decelerating,0,[],2026-04-24T07:51:03.322738+00:00
699,13757,90,EU,EUR,UNEMPLOYMENT,unemployment_rate,Unemployment Rate,2022-04-01,2022-06-01T09:00:00+00:00,6.800000,6.800000,0,flat,0.000000,0.000000,0,flat,0,[],2026-04-24T07:51:03.322738+00:00
700,13666,90,EU,EUR,UNEMPLOYMENT,unemployment_rate,Unemployment Rate,2022-05-01,2022-06-30T09:00:00+00:00,6.600000,6.800000,-1,down,-0.200000,0.000000,-1,decelerating,0,[],2026-04-24T07:51:03.322738+00:00
701,14480,90,EU,EUR,UNEMPLOYMENT,unemployment_rate,Unemployment Rate,2022-06-01,2022-08-01T09:00:00+00:00,6.600000,6.600000,0,flat,0.200000,-0.200000,1,accelerating,0,[],2026-04-24T07:51:03.322738+00:00
702,14434,90,EU,EUR,UNEMPLOYMENT,unemployment_rate,Unemployment Rate,2022-07-01,2022-09-01T09:00:00+00:00,6.600000,6.600000,0,flat,0.000000,0.200000,-1,decelerating,0,[],2026-04-24T07:51:03.322738+00:00
703,14336,90,EU,EUR,UNEMPLOYMENT,unemployment_rate,Unemployment Rate,2022-08-01,2022-09-30T09:00:00+00:00,6.600000,6.600000,0,flat,0.000000,0.000000,0,flat,0,[],2026-04-24T07:51:03.322738+00:00
704,14259,90,EU,EUR,UNEMPLOYMENT,unemployment_rate,Unemployment Rate,2022-09-01,2022-11-03T10:00:00+00:00,6.600000,6.600000,0,flat,0.000000,0.000000,0,flat,0,[],2026-04-24T07:51:03.322738+00:00
705,14177,90,EU,EUR,UNEMPLOYMENT,unemployment_rate,Unemployment Rate,2022-10-01,2022-12-01T10:00:00+00:00,6.500000,6.600000,-1,down,-0.100000,0.000000,-1,decelerating,0,[],2026-04-24T07:51:03.322738+00:00
706,15003,90,EU,EUR,UNEMPLOYMENT,unemployment_rate,Unemployment Rate,2022-11-01,2023-01-09T10:00:00+00:00,6.500000,6.500000,0,flat,0.100000,-0.100000,1,accelerating,0,[],2026-04-24T07:51:03.322738+00:00
707,14954,90,EU,EUR,UNEMPLOYMENT,unemployment_rate,Unemployment Rate,2022-12-01,2023-02-01T10:00:00+00:00,6.600000,6.500000,1,up,0.100000,0.100000,0,flat,1,[],2026-04-24T07:51:03.322738+00:00
708,14883,90,EU,EUR,UNEMPLOYMENT,unemployment_rate,Unemployment Rate,2023-01-01,2023-03-02T10:00:00+00:00,6.700000,6.600000,1,up,0.000000,0.100000,-1,decelerating,1,[],2026-04-24T07:51:03.322738+00:00
709,14800,90,EU,EUR,UNEMPLOYMENT,unemployment_rate,Unemployment Rate,2023-02-01,2023-03-31T09:00:00+00:00,6.600000,6.700000,-1,down,-0.200000,0.000000,-1,decelerating,0,[],2026-04-24T07:51:03.322738+00:00
710,14723,90,EU,EUR,UNEMPLOYMENT,unemployment_rate,Unemployment Rate,2023-03-01,2023-05-03T09:00:00+00:00,6.500000,6.600000,-1,down,0.000000,-0.200000,1,accelerating,0,[],2026-04-24T07:51:03.322738+00:00
711,14643,90,EU,EUR,UNEMPLOYMENT,unemployment_rate,Unemployment Rate,2023-04-01,2023-06-01T09:00:00+00:00,6.500000,6.500000,0,flat,0.100000,0.000000,1,accelerating,0,[],2026-04-24T07:51:03.322738+00:00
712,14542,90,EU,EUR,UNEMPLOYMENT,unemployment_rate,Unemployment Rate,2023-05-01,2023-06-30T09:00:00+00:00,6.500000,6.500000,0,flat,0.000000,0.100000,-1,decelerating,0,[],2026-04-24T07:51:03.322738+00:00
713,15409,90,EU,EUR,UNEMPLOYMENT,unemployment_rate,Unemployment Rate,2023-06-01,2023-08-01T09:00:00+00:00,6.400000,6.500000,-1,down,-0.100000,0.000000,-1,decelerating,0,[],2026-04-24T07:51:03.322738+00:00
714,15364,90,EU,EUR,UNEMPLOYMENT,unemployment_rate,Unemployment Rate,2023-07-01,2023-08-31T09:00:00+00:00,6.400000,6.400000,0,flat,0.100000,-0.100000,1,accelerating,0,[],2026-04-24T07:51:03.322738+00:00
715,15261,90,EU,EUR,UNEMPLOYMENT,unemployment_rate,Unemployment Rate,2023-08-01,2023-10-02T09:00:00+00:00,6.400000,6.400000,0,flat,0.000000,0.100000,-1,decelerating,0,[],2026-04-24T07:51:03.322738+00:00
716,15173,90,EU,EUR,UNEMPLOYMENT,unemployment_rate,Unemployment Rate,2023-09-01,2023-11-03T10:00:00+00:00,6.500000,6.400000,1,up,0.100000,0.000000,1,accelerating,1,[],2026-04-24T07:51:03.322738+00:00
717,15086,90,EU,EUR,UNEMPLOYMENT,unemployment_rate,Unemployment Rate,2023-10-01,2023-11-30T10:00:00+00:00,6.500000,6.500000,0,flat,-0.100000,0.100000,-1,decelerating,0,[],2026-04-24T07:51:03.322738+00:00
718,16061,90,EU,EUR,UNEMPLOYMENT,unemployment_rate,Unemployment Rate,2023-11-01,2024-01-09T10:00:00+00:00,6.400000,6.500000,-1,down,-0.100000,-0.100000,0,flat,0,[],2026-04-24T07:51:03.322738+00:00
719,16004,90,EU,EUR,UNEMPLOYMENT,unemployment_rate,Unemployment Rate,2023-12-01,2024-02-01T10:00:00+00:00,6.400000,6.400000,0,flat,0.100000,-0.100000,1,accelerating,0,[],2026-04-24T07:51:03.322738+00:00
720,15904,90,EU,EUR,UNEMPLOYMENT,unemployment_rate,Unemployment Rate,2024-01-01,2024-03-01T10:00:00+00:00,6.400000,6.400000,0,flat,0.000000,0.100000,-1,decelerating,0,[],2026-04-24T07:51:03.322738+00:00
721,15803,90,EU,EUR,UNEMPLOYMENT,unemployment_rate,Unemployment Rate,2024-02-01,2024-04-03T09:00:00+00:00,6.500000,6.400000,1,up,0.100000,0.000000,1,accelerating,1,[],2026-04-24T07:51:03.322738+00:00
722,15685,90,EU,EUR,UNEMPLOYMENT,unemployment_rate,Unemployment Rate,2024-03-01,2024-05-03T09:00:00+00:00,6.500000,6.500000,0,flat,-0.100000,0.100000,-1,decelerating,0,[],2026-04-24T07:51:03.322738+00:00
723,15605,90,EU,EUR,UNEMPLOYMENT,unemployment_rate,Unemployment Rate,2024-04-01,2024-05-30T09:00:00+00:00,6.400000,6.500000,-1,down,-0.100000,-0.100000,0,flat,0,[],2026-04-24T07:51:03.322738+00:00
724,16722,90,EU,EUR,UNEMPLOYMENT,unemployment_rate,Unemployment Rate,2024-05-01,2024-07-02T09:00:00+00:00,6.400000,6.400000,0,flat,0.100000,-0.100000,1,accelerating,0,[],2026-04-24T07:51:03.322738+00:00
725,16612,90,EU,EUR,UNEMPLOYMENT,unemployment_rate,Unemployment Rate,2024-06-01,2024-08-01T09:00:00+00:00,6.500000,6.400000,1,up,0.100000,0.100000,0,flat,1,[],2026-04-24T07:51:03.322738+00:00
726,16550,90,EU,EUR,UNEMPLOYMENT,unemployment_rate,Unemployment Rate,2024-07-01,2024-08-30T09:00:00+00:00,6.400000,6.500000,-1,down,-0.200000,0.100000,-1,decelerating,0,[],2026-04-24T07:51:03.322738+00:00
727,16419,90,EU,EUR,UNEMPLOYMENT,unemployment_rate,Unemployment Rate,2024-08-01,2024-10-02T09:00:00+00:00,6.400000,6.400000,0,flat,0.100000,-0.200000,1,accelerating,0,[],2026-04-24T07:51:03.322738+00:00
728,16312,90,EU,EUR,UNEMPLOYMENT,unemployment_rate,Unemployment Rate,2024-09-01,2024-10-31T10:00:00+00:00,6.300000,6.400000,-1,down,-0.100000,0.100000,-1,decelerating,0,[],2026-04-24T07:51:03.322738+00:00
729,16171,90,EU,EUR,UNEMPLOYMENT,unemployment_rate,Unemployment Rate,2024-10-01,2024-12-02T10:00:00+00:00,6.300000,6.300000,0,flat,0.100000,-0.100000,1,accelerating,0,[],2026-04-24T07:51:03.322738+00:00
730,17441,90,EU,EUR,UNEMPLOYMENT,unemployment_rate,Unemployment Rate,2024-11-01,2025-01-07T10:00:00+00:00,6.300000,6.300000,0,flat,0.000000,0.100000,-1,decelerating,0,[],2026-04-24T07:51:03.322738+00:00
731,17357,90,EU,EUR,UNEMPLOYMENT,unemployment_rate,Unemployment Rate,2024-12-01,2025-01-30T10:00:00+00:00,6.300000,6.300000,0,flat,0.000000,0.000000,0,flat,0,[],2026-04-24T07:51:03.322738+00:00
732,17235,90,EU,EUR,UNEMPLOYMENT,unemployment_rate,Unemployment Rate,2025-01-01,2025-03-04T10:00:00+00:00,6.200000,6.300000,-1,down,-0.100000,0.000000,-1,decelerating,0,[],2026-04-24T07:51:03.322738+00:00
733,17102,90,EU,EUR,UNEMPLOYMENT,unemployment_rate,Unemployment Rate,2025-02-01,2025-04-01T09:00:00+00:00,6.100000,6.200000,-1,down,0.000000,-0.100000,1,accelerating,0,[],2026-04-24T07:51:03.322738+00:00
734,16975,90,EU,EUR,UNEMPLOYMENT,unemployment_rate,Unemployment Rate,2025-03-01,2025-05-02T09:00:00+00:00,6.200000,6.100000,1,up,0.200000,0.000000,1,accelerating,1,[],2026-04-24T07:51:03.322738+00:00
735,16867,90,EU,EUR,UNEMPLOYMENT,unemployment_rate,Unemployment Rate,2025-04-01,2025-06-03T09:00:00+00:00,6.200000,6.200000,0,flat,-0.100000,0.200000,-1,decelerating,0,[],2026-04-24T07:51:03.322738+00:00
736,18117,90,EU,EUR,UNEMPLOYMENT,unemployment_rate,Unemployment Rate,2025-05-01,2025-07-02T09:00:00+00:00,6.300000,6.200000,1,up,0.100000,-0.100000,1,accelerating,1,[],2026-04-24T07:51:03.322738+00:00
737,18024,90,EU,EUR,UNEMPLOYMENT,unemployment_rate,Unemployment Rate,2025-06-01,2025-07-31T09:00:00+00:00,6.200000,6.300000,-1,down,-0.200000,0.100000,-1,decelerating,0,[],2026-04-24T07:51:03.322738+00:00
738,17940,90,EU,EUR,UNEMPLOYMENT,unemployment_rate,Unemployment Rate,2025-07-01,2025-09-01T09:00:00+00:00,6.200000,6.200000,0,flat,0.100000,-0.200000,1,accelerating,0,[],2026-04-24T07:51:03.322738+00:00
739,17800,90,EU,EUR,UNEMPLOYMENT,unemployment_rate,Unemployment Rate,2025-08-01,2025-10-02T09:00:00+00:00,6.300000,6.200000,1,up,0.100000,0.100000,0,flat,1,[],2026-04-24T07:51:03.322738+00:00
740,17695,90,EU,EUR,UNEMPLOYMENT,unemployment_rate,Unemployment Rate,2025-09-01,2025-10-30T10:00:00+00:00,6.300000,6.300000,0,flat,-0.100000,0.100000,-1,decelerating,0,[],2026-04-24T07:51:03.322738+00:00
741,17545,90,EU,EUR,UNEMPLOYMENT,unemployment_rate,Unemployment Rate,2025-10-01,2025-12-02T10:00:00+00:00,6.400000,6.300000,1,up,0.100000,-0.100000,1,accelerating,1,[],2026-04-24T07:51:03.322738+00:00
742,18170,90,EU,EUR,UNEMPLOYMENT,unemployment_rate,Unemployment Rate,2025-11-01,2026-01-08T10:00:00+00:00,6.300000,6.400000,-1,down,-0.200000,0.100000,-1,decelerating,0,[],2026-04-24T07:51:03.322738+00:00
743,857,90,EU,EUR,UNEMPLOYMENT,unemployment_rate,Unemployment Rate,2025-12-01,2026-01-30T10:00:00+00:00,6.200000,6.300000,-1,down,0.000000,-0.200000,1,accelerating,0,[],2026-04-24T07:51:03.322738+00:00
744,757,90,EU,EUR,UNEMPLOYMENT,unemployment_rate,Unemployment Rate,2026-01-01,2026-03-04T10:00:00+00:00,6.100000,6.200000,-1,down,0.000000,0.000000,0,flat,0,[],2026-04-24T07:51:03.322738+00:00
745,668,90,EU,EUR,UNEMPLOYMENT,unemployment_rate,Unemployment Rate,2026-02-01,2026-04-01T09:00:00+00:00,6.200000,6.100000,1,up,0.200000,0.000000,1,accelerating,1,[],2026-04-24T07:51:03.322738+00:00
746,12516,91,EU,EUR,GDP,gdp_qoq,GDP (QoQ),2019-10-01,2020-01-31T10:00:00+00:00,0.100000,,,,,,,,,"[""direction_target_short_history"", ""acceleration_target_short_history""]",2026-04-24T07:51:03.322738+00:00
747,12489,91,EU,EUR,GDP,gdp_qoq,GDP (QoQ),2019-10-01,2020-02-14T10:00:00+00:00,0.100000,0.100000,0,flat,,,,,0,"[""acceleration_target_short_history""]",2026-04-24T07:51:03.322738+00:00
748,12436,91,EU,EUR,GDP,gdp_qoq,GDP (QoQ),2019-10-01,2020-03-10T10:00:00+00:00,0.100000,0.100000,0,flat,0.000000,,,,0,"[""acceleration_target_short_history""]",2026-04-24T07:51:03.322738+00:00
749,12358,91,EU,EUR,GDP,gdp_qoq,GDP (QoQ),2020-01-01,2020-04-30T09:00:00+00:00,-3.800000,0.100000,-1,down,-3.900000,0.000000,-1,decelerating,0,[],2026-04-24T07:51:03.322738+00:00
750,12325,91,EU,EUR,GDP,gdp_qoq,GDP (QoQ),2020-01-01,2020-05-15T09:00:00+00:00,-3.800000,-3.800000,0,flat,3.900000,-3.900000,1,accelerating,0,[],2026-04-24T07:51:03.322738+00:00
751,12272,91,EU,EUR,GDP,gdp_qoq,GDP (QoQ),2020-01-01,2020-06-09T09:00:00+00:00,-3.600000,-3.800000,1,up,0.200000,3.900000,-1,decelerating,1,[],2026-04-24T07:51:03.322738+00:00
752,12896,91,EU,EUR,GDP,gdp_qoq,GDP (QoQ),2020-04-01,2020-07-31T09:00:00+00:00,-12.100000,-3.600000,-1,down,-8.700000,0.200000,-1,decelerating,0,[],2026-04-24T07:51:03.322738+00:00
753,12880,91,EU,EUR,GDP,gdp_qoq,GDP (QoQ),2020-04-01,2020-08-14T09:00:00+00:00,-12.100000,-12.100000,0,flat,8.500000,-8.700000,1,accelerating,0,[],2026-04-24T07:51:03.322738+00:00
754,12838,91,EU,EUR,GDP,gdp_qoq,GDP (QoQ),2020-04-01,2020-09-08T09:00:00+00:00,-11.800000,-12.100000,1,up,0.300000,8.500000,-1,decelerating,1,[],2026-04-24T07:51:03.322738+00:00
755,12706,91,EU,EUR,GDP,gdp_qoq,GDP (QoQ),2020-07-01,2020-10-30T10:00:00+00:00,12.700000,-11.800000,1,up,24.200000,0.300000,1,accelerating,1,[],2026-04-24T07:51:03.322738+00:00
756,12671,91,EU,EUR,GDP,gdp_qoq,GDP (QoQ),2020-07-01,2020-11-13T10:00:00+00:00,12.600000,12.700000,-1,down,-24.600000,24.200000,-1,decelerating,0,[],2026-04-24T07:51:03.322738+00:00
757,12607,91,EU,EUR,GDP,gdp_qoq,GDP (QoQ),2020-07-01,2020-12-08T10:00:00+00:00,12.500000,12.600000,-1,down,0.000000,-24.600000,1,accelerating,0,[],2026-04-24T07:51:03.322738+00:00
758,13247,91,EU,EUR,GDP,gdp_qoq,GDP (QoQ),2020-10-01,2021-02-02T10:00:00+00:00,-0.700000,12.500000,-1,down,-13.100000,0.000000,-1,decelerating,0,[],2026-04-24T07:51:03.322738+00:00
759,13171,91,EU,EUR,GDP,gdp_qoq,GDP (QoQ),2020-10-01,2021-03-09T10:00:00+00:00,-0.700000,-0.700000,0,flat,13.200000,-13.100000,1,accelerating,0,[],2026-04-24T07:51:03.322738+00:00
760,13073,91,EU,EUR,GDP,gdp_qoq,GDP (QoQ),2021-01-01,2021-04-30T09:00:00+00:00,-0.600000,-0.700000,1,up,0.100000,13.200000,-1,decelerating,1,[],2026-04-24T07:51:03.322738+00:00
761,13048,91,EU,EUR,GDP,gdp_qoq,GDP (QoQ),2021-01-01,2021-05-18T09:00:00+00:00,-0.600000,-0.600000,0,flat,-0.100000,0.100000,-1,decelerating,0,[],2026-04-24T07:51:03.322738+00:00
762,13001,91,EU,EUR,GDP,gdp_qoq,GDP (QoQ),2021-01-01,2021-06-08T09:00:00+00:00,-0.300000,-0.600000,1,up,0.300000,-0.100000,1,accelerating,1,[],2026-04-24T07:51:03.322738+00:00
763,13619,91,EU,EUR,GDP,gdp_qoq,GDP (QoQ),2021-04-01,2021-07-30T09:00:00+00:00,2.000000,-0.300000,1,up,2.000000,0.300000,1,accelerating,1,[],2026-04-24T07:51:03.322738+00:00
764,13601,91,EU,EUR,GDP,gdp_qoq,GDP (QoQ),2021-04-01,2021-08-17T09:00:00+00:00,2.000000,2.000000,0,flat,-2.300000,2.000000,-1,decelerating,0,[],2026-04-24T07:51:03.322738+00:00
765,13568,91,EU,EUR,GDP,gdp_qoq,GDP (QoQ),2021-04-01,2021-09-07T09:00:00+00:00,2.200000,2.000000,1,up,0.200000,-2.300000,1,accelerating,1,[],2026-04-24T07:51:03.322738+00:00
766,13450,91,EU,EUR,GDP,gdp_qoq,GDP (QoQ),2021-07-01,2021-10-29T09:00:00+00:00,2.200000,2.200000,0,flat,-0.200000,0.200000,-1,decelerating,0,[],2026-04-24T07:51:03.322738+00:00
767,13412,91,EU,EUR,GDP,gdp_qoq,GDP (QoQ),2021-07-01,2021-11-16T10:00:00+00:00,2.200000,2.200000,0,flat,0.000000,-0.200000,1,accelerating,0,[],2026-04-24T07:51:03.322738+00:00
768,13340,91,EU,EUR,GDP,gdp_qoq,GDP (QoQ),2021-07-01,2021-12-07T10:00:00+00:00,2.200000,2.200000,0,flat,0.000000,0.000000,0,flat,0,[],2026-04-24T07:51:03.322738+00:00
769,14059,91,EU,EUR,GDP,gdp_qoq,GDP (QoQ),2021-10-01,2022-01-31T10:00:00+00:00,0.300000,2.200000,-1,down,-1.900000,0.000000,-1,decelerating,0,[],2026-04-24T07:51:03.322738+00:00
770,13964,91,EU,EUR,GDP,gdp_qoq,GDP (QoQ),2021-10-01,2022-03-08T10:00:00+00:00,0.300000,0.300000,0,flat,1.900000,-1.900000,1,accelerating,0,[],2026-04-24T07:51:03.322738+00:00
771,13838,91,EU,EUR,GDP,gdp_qoq,GDP (QoQ),2022-01-01,2022-04-29T09:00:00+00:00,0.200000,0.300000,-1,down,-0.100000,1.900000,-1,decelerating,0,[],2026-04-24T07:51:03.322738+00:00
772,13742,91,EU,EUR,GDP,gdp_qoq,GDP (QoQ),2022-01-01,2022-06-08T09:00:00+00:00,0.600000,0.200000,1,up,0.500000,-0.100000,1,accelerating,1,[],2026-04-24T07:51:03.322738+00:00
773,14487,91,EU,EUR,GDP,gdp_qoq,GDP (QoQ),2022-04-01,2022-07-29T09:00:00+00:00,0.700000,0.600000,1,up,-0.300000,0.500000,-1,decelerating,1,[],2026-04-24T07:51:03.322738+00:00
774,14423,91,EU,EUR,GDP,gdp_qoq,GDP (QoQ),2022-04-01,2022-09-07T09:00:00+00:00,0.800000,0.700000,1,up,0.000000,-0.300000,1,accelerating,1,[],2026-04-24T07:51:03.322738+00:00
775,14263,91,EU,EUR,GDP,gdp_qoq,GDP (QoQ),2022-07-01,2022-10-31T10:00:00+00:00,0.200000,0.800000,-1,down,-0.700000,0.000000,-1,decelerating,0,[],2026-04-24T07:51:03.322738+00:00
776,14158,91,EU,EUR,GDP,gdp_qoq,GDP (QoQ),2022-07-01,2022-12-07T10:00:00+00:00,0.300000,0.200000,1,up,0.700000,-0.700000,1,accelerating,1,[],2026-04-24T07:51:03.322738+00:00
777,14959,91,EU,EUR,GDP,gdp_qoq,GDP (QoQ),2022-10-01,2023-01-31T10:00:00+00:00,0.100000,0.300000,-1,down,-0.300000,0.700000,-1,decelerating,0,[],2026-04-24T07:51:03.322738+00:00
778,14733,91,EU,EUR,GDP,gdp_qoq,GDP (QoQ),2023-01-01,2023-04-28T09:00:00+00:00,0.100000,0.100000,0,flat,0.200000,-0.300000,1,accelerating,0,[],2026-04-24T07:51:03.322738+00:00
779,14697,91,EU,EUR,GDP,gdp_qoq,GDP (QoQ),2023-01-01,2023-05-16T09:00:00+00:00,0.100000,0.100000,0,flat,0.000000,0.200000,-1,decelerating,0,[],2026-04-24T07:51:03.322738+00:00
780,14617,91,EU,EUR,GDP,gdp_qoq,GDP (QoQ),2023-01-01,2023-06-08T09:00:00+00:00,-0.100000,0.100000,-1,down,-0.200000,0.000000,-1,decelerating,0,[],2026-04-24T07:51:03.322738+00:00
781,15414,91,EU,EUR,GDP,gdp_qoq,GDP (QoQ),2023-04-01,2023-07-31T09:00:00+00:00,0.300000,-0.100000,1,up,0.600000,-0.200000,1,accelerating,1,[],2026-04-24T07:51:03.322738+00:00
782,15396,91,EU,EUR,GDP,gdp_qoq,GDP (QoQ),2023-04-01,2023-08-16T09:00:00+00:00,0.300000,0.300000,0,flat,-0.400000,0.600000,-1,decelerating,0,[],2026-04-24T07:51:03.322738+00:00
783,15335,91,EU,EUR,GDP,gdp_qoq,GDP (QoQ),2023-04-01,2023-09-07T09:00:00+00:00,0.100000,0.300000,-1,down,-0.200000,-0.400000,1,accelerating,0,[],2026-04-24T07:51:03.322738+00:00
784,15184,91,EU,EUR,GDP,gdp_qoq,GDP (QoQ),2023-07-01,2023-10-31T10:00:00+00:00,-0.100000,0.100000,-1,down,0.000000,-0.200000,1,accelerating,0,[],2026-04-24T07:51:03.322738+00:00
785,15146,91,EU,EUR,GDP,gdp_qoq,GDP (QoQ),2023-07-01,2023-11-14T10:00:00+00:00,-0.100000,-0.100000,0,flat,0.200000,0.000000,1,accelerating,0,[],2026-04-24T07:51:03.322738+00:00
786,15058,91,EU,EUR,GDP,gdp_qoq,GDP (QoQ),2023-07-01,2023-12-07T10:00:00+00:00,-0.100000,-0.100000,0,flat,0.000000,0.200000,-1,decelerating,0,[],2026-04-24T07:51:03.322738+00:00
787,15696,91,EU,EUR,GDP,gdp_qoq,GDP (QoQ),2024-01-01,2024-04-30T09:00:00+00:00,0.300000,-0.100000,1,up,0.400000,0.000000,1,accelerating,1,[],2026-04-24T07:51:03.322738+00:00
788,15658,91,EU,EUR,GDP,gdp_qoq,GDP (QoQ),2024-01-01,2024-05-15T09:00:00+00:00,0.300000,0.300000,0,flat,-0.400000,0.400000,-1,decelerating,0,[],2026-04-24T07:51:03.322738+00:00
789,15565,91,EU,EUR,GDP,gdp_qoq,GDP (QoQ),2024-01-01,2024-06-07T09:00:00+00:00,0.300000,0.300000,0,flat,0.000000,-0.400000,1,accelerating,0,[],2026-04-24T07:51:03.322738+00:00
790,16623,91,EU,EUR,GDP,gdp_qoq,GDP (QoQ),2024-04-01,2024-07-30T09:00:00+00:00,0.300000,0.300000,0,flat,0.000000,0.000000,0,flat,0,[],2026-04-24T07:51:03.322738+00:00
791,16521,91,EU,EUR,GDP,gdp_qoq,GDP (QoQ),2024-04-01,2024-09-06T09:00:00+00:00,0.200000,0.300000,-1,down,-0.100000,0.000000,-1,decelerating,0,[],2026-04-24T07:51:03.322738+00:00
792,16321,91,EU,EUR,GDP,gdp_qoq,GDP (QoQ),2024-07-01,2024-10-30T10:00:00+00:00,0.400000,0.200000,1,up,0.300000,-0.100000,1,accelerating,1,[],2026-04-24T07:51:03.322738+00:00
793,16256,91,EU,EUR,GDP,gdp_qoq,GDP (QoQ),2024-07-01,2024-11-14T10:00:00+00:00,0.400000,0.400000,0,flat,-0.200000,0.300000,-1,decelerating,0,[],2026-04-24T07:51:03.322738+00:00
794,16148,91,EU,EUR,GDP,gdp_qoq,GDP (QoQ),2024-07-01,2024-12-06T10:00:00+00:00,0.400000,0.400000,0,flat,0.000000,-0.200000,1,accelerating,0,[],2026-04-24T07:51:03.322738+00:00
795,17306,91,EU,EUR,GDP,gdp_qoq,GDP (QoQ),2024-10-01,2025-02-14T10:00:00+00:00,0.100000,0.400000,-1,down,-0.300000,0.000000,-1,decelerating,0,[],2026-04-24T07:51:03.322738+00:00
796,17205,91,EU,EUR,GDP,gdp_qoq,GDP (QoQ),2024-10-01,2025-03-07T10:00:00+00:00,0.200000,0.100000,1,up,0.400000,-0.300000,1,accelerating,1,[],2026-04-24T07:51:03.322738+00:00
797,16983,91,EU,EUR,GDP,gdp_qoq,GDP (QoQ),2025-01-01,2025-04-30T09:00:00+00:00,0.400000,0.200000,1,up,0.100000,0.400000,-1,decelerating,1,[],2026-04-24T07:51:03.322738+00:00
798,16938,91,EU,EUR,GDP,gdp_qoq,GDP (QoQ),2025-01-01,2025-05-15T09:00:00+00:00,0.300000,0.400000,-1,down,-0.300000,0.100000,-1,decelerating,0,[],2026-04-24T07:51:03.322738+00:00
799,16837,91,EU,EUR,GDP,gdp_qoq,GDP (QoQ),2025-01-01,2025-06-06T09:00:00+00:00,0.600000,0.300000,1,up,0.400000,-0.300000,1,accelerating,1,[],2026-04-24T07:51:03.322738+00:00
800,18027,91,EU,EUR,GDP,gdp_qoq,GDP (QoQ),2025-04-01,2025-07-30T09:00:00+00:00,0.100000,0.600000,-1,down,-0.800000,0.400000,-1,decelerating,0,[],2026-04-24T07:51:03.322738+00:00
801,17990,91,EU,EUR,GDP,gdp_qoq,GDP (QoQ),2025-04-01,2025-08-14T09:00:00+00:00,0.100000,0.100000,0,flat,0.500000,-0.800000,1,accelerating,0,[],2026-04-24T07:51:03.322738+00:00
802,17910,91,EU,EUR,GDP,gdp_qoq,GDP (QoQ),2025-04-01,2025-09-05T09:00:00+00:00,0.100000,0.100000,0,flat,0.000000,0.500000,-1,decelerating,0,[],2026-04-24T07:51:03.322738+00:00
803,17699,91,EU,EUR,GDP,gdp_qoq,GDP (QoQ),2025-07-01,2025-10-30T10:00:00+00:00,0.200000,0.100000,1,up,0.100000,0.000000,1,accelerating,1,[],2026-04-24T07:51:03.322738+00:00
804,17631,91,EU,EUR,GDP,gdp_qoq,GDP (QoQ),2025-07-01,2025-11-14T10:00:00+00:00,0.200000,0.200000,0,flat,-0.100000,0.100000,-1,decelerating,0,[],2026-04-24T07:51:03.322738+00:00
805,17515,91,EU,EUR,GDP,gdp_qoq,GDP (QoQ),2025-07-01,2025-12-05T10:00:00+00:00,0.300000,0.200000,1,up,0.100000,-0.100000,1,accelerating,1,[],2026-04-24T07:51:03.322738+00:00
806,816,91,EU,EUR,GDP,gdp_qoq,GDP (QoQ),2025-10-01,2026-02-13T10:00:00+00:00,0.300000,0.300000,0,flat,-0.100000,0.100000,-1,decelerating,0,[],2026-04-24T07:51:03.322738+00:00
807,18573,101,JP,JPY,CPI,cpi_headline_yoy,Headline CPI (YoY),2019-12-01,2020-01-23T23:30:00+00:00,0.800000,,,,,,,,,"[""direction_target_short_history"", ""acceleration_target_short_history""]",2026-04-24T07:51:03.322738+00:00
808,18504,101,JP,JPY,CPI,cpi_headline_yoy,Headline CPI (YoY),2020-01-01,2020-02-20T23:30:00+00:00,0.700000,0.800000,-1,down,,,,,0,"[""acceleration_target_short_history""]",2026-04-24T07:51:03.322738+00:00
809,18437,101,JP,JPY,CPI,cpi_headline_yoy,Headline CPI (YoY),2020-02-01,2020-03-18T23:30:00+00:00,0.400000,0.700000,-1,down,-0.200000,,,,0,"[""acceleration_target_short_history""]",2026-04-24T07:51:03.322738+00:00
810,18360,101,JP,JPY,CPI,cpi_headline_yoy,Headline CPI (YoY),2020-03-01,2020-04-23T23:30:00+00:00,0.400000,0.400000,0,flat,0.300000,-0.200000,1,accelerating,0,[],2026-04-24T07:51:03.322738+00:00
811,18293,101,JP,JPY,CPI,cpi_headline_yoy,Headline CPI (YoY),2020-04-01,2020-05-21T23:30:00+00:00,0.100000,0.400000,-1,down,-0.300000,0.300000,-1,decelerating,0,[],2026-04-24T07:51:03.322738+00:00
812,18228,101,JP,JPY,CPI,cpi_headline_yoy,Headline CPI (YoY),2020-05-01,2020-06-18T23:30:00+00:00,0.100000,0.100000,0,flat,0.300000,-0.300000,1,accelerating,0,[],2026-04-24T07:51:03.322738+00:00
813,19007,101,JP,JPY,CPI,cpi_headline_yoy,Headline CPI (YoY),2020-06-01,2020-07-20T23:30:00+00:00,0.100000,0.100000,0,flat,0.000000,0.300000,-1,decelerating,0,[],2026-04-24T07:51:03.322738+00:00
814,18928,101,JP,JPY,CPI,cpi_headline_yoy,Headline CPI (YoY),2020-07-01,2020-08-20T23:30:00+00:00,0.300000,0.100000,1,up,0.200000,0.000000,1,accelerating,1,[],2026-04-24T07:51:03.322738+00:00
815,18857,101,JP,JPY,CPI,cpi_headline_yoy,Headline CPI (YoY),2020-08-01,2020-09-17T23:30:00+00:00,0.200000,0.300000,-1,down,-0.300000,0.200000,-1,decelerating,0,[],2026-04-24T07:51:03.322738+00:00
816,18716,101,JP,JPY,CPI,cpi_headline_yoy,Headline CPI (YoY),2020-10-01,2020-11-19T23:30:00+00:00,-0.400000,0.200000,-1,down,-0.500000,-0.300000,-1,decelerating,0,[],2026-04-24T07:51:03.322738+00:00
817,18641,101,JP,JPY,CPI,cpi_headline_yoy,Headline CPI (YoY),2020-11-01,2020-12-17T23:30:00+00:00,-0.900000,-0.400000,-1,down,0.100000,-0.500000,1,accelerating,0,[],2026-04-24T07:51:03.322738+00:00
818,19417,101,JP,JPY,CPI,cpi_headline_yoy,Headline CPI (YoY),2020-12-01,2021-01-21T23:30:00+00:00,-1.200000,-0.900000,-1,down,0.200000,0.100000,1,accelerating,0,[],2026-04-24T07:51:03.322738+00:00
819,19349,101,JP,JPY,CPI,cpi_headline_yoy,Headline CPI (YoY),2021-01-01,2021-02-18T23:30:00+00:00,-0.600000,-1.200000,1,up,0.900000,0.200000,1,accelerating,1,[],2026-04-24T07:51:03.322738+00:00
820,19284,101,JP,JPY,CPI,cpi_headline_yoy,Headline CPI (YoY),2021-02-01,2021-03-18T23:30:00+00:00,-0.400000,-0.600000,1,up,-0.400000,0.900000,-1,decelerating,1,[],2026-04-24T07:51:03.322738+00:00
821,19213,101,JP,JPY,CPI,cpi_headline_yoy,Headline CPI (YoY),2021-03-01,2021-04-22T23:30:00+00:00,-0.200000,-0.400000,1,up,0.000000,-0.400000,1,accelerating,1,[],2026-04-24T07:51:03.322738+00:00
822,19145,101,JP,JPY,CPI,cpi_headline_yoy,Headline CPI (YoY),2021-04-01,2021-05-20T23:30:00+00:00,-0.400000,-0.200000,-1,down,-0.400000,0.000000,-1,decelerating,0,[],2026-04-24T07:51:03.322738+00:00
823,19078,101,JP,JPY,CPI,cpi_headline_yoy,Headline CPI (YoY),2021-05-01,2021-06-17T23:30:00+00:00,-0.100000,-0.400000,1,up,0.500000,-0.400000,1,accelerating,1,[],2026-04-24T07:51:03.322738+00:00
824,19832,101,JP,JPY,CPI,cpi_headline_yoy,Headline CPI (YoY),2021-06-01,2021-07-19T23:30:00+00:00,0.200000,-0.100000,1,up,0.000000,0.500000,-1,decelerating,1,[],2026-04-24T07:51:03.322738+00:00
825,19758,101,JP,JPY,CPI,cpi_headline_yoy,Headline CPI (YoY),2021-07-01,2021-08-19T23:30:00+00:00,-0.300000,0.200000,-1,down,-0.800000,0.000000,-1,decelerating,0,[],2026-04-24T07:51:03.322738+00:00
826,19692,101,JP,JPY,CPI,cpi_headline_yoy,Headline CPI (YoY),2021-08-01,2021-09-23T23:30:00+00:00,-0.400000,-0.300000,-1,down,0.400000,-0.800000,1,accelerating,0,[],2026-04-24T07:51:03.322738+00:00
827,19623,101,JP,JPY,CPI,cpi_headline_yoy,Headline CPI (YoY),2021-09-01,2021-10-21T23:30:00+00:00,0.200000,-0.400000,1,up,0.700000,0.400000,1,accelerating,1,[],2026-04-24T07:51:03.322738+00:00
828,19555,101,JP,JPY,CPI,cpi_headline_yoy,Headline CPI (YoY),2021-10-01,2021-11-18T23:30:00+00:00,0.100000,0.200000,-1,down,-0.700000,0.700000,-1,decelerating,0,[],2026-04-24T07:51:03.322738+00:00
829,19470,101,JP,JPY,CPI,cpi_headline_yoy,Headline CPI (YoY),2021-11-01,2021-12-23T23:30:00+00:00,0.600000,0.100000,1,up,0.600000,-0.700000,1,accelerating,1,[],2026-04-24T07:51:03.322738+00:00
830,20243,101,JP,JPY,CPI,cpi_headline_yoy,Headline CPI (YoY),2021-12-01,2022-01-20T23:30:00+00:00,0.800000,0.600000,1,up,-0.300000,0.600000,-1,decelerating,1,[],2026-04-24T07:51:03.322738+00:00
831,20177,101,JP,JPY,CPI,cpi_headline_yoy,Headline CPI (YoY),2022-01-01,2022-02-17T23:30:00+00:00,0.500000,0.800000,-1,down,-0.500000,-0.300000,-1,decelerating,0,[],2026-04-24T07:51:03.322738+00:00
832,20110,101,JP,JPY,CPI,cpi_headline_yoy,Headline CPI (YoY),2022-02-01,2022-03-17T23:30:00+00:00,0.900000,0.500000,1,up,0.700000,-0.500000,1,accelerating,1,[],2026-04-24T07:51:03.322738+00:00
833,20041,101,JP,JPY,CPI,cpi_headline_yoy,Headline CPI (YoY),2022-03-01,2022-04-21T23:30:00+00:00,1.200000,0.900000,1,up,-0.100000,0.700000,-1,decelerating,1,[],2026-04-24T07:51:03.322738+00:00
834,19968,101,JP,JPY,CPI,cpi_headline_yoy,Headline CPI (YoY),2022-04-01,2022-05-19T23:30:00+00:00,2.500000,1.200000,1,up,1.000000,-0.100000,1,accelerating,1,[],2026-04-24T07:51:03.322738+00:00
835,19891,101,JP,JPY,CPI,cpi_headline_yoy,Headline CPI (YoY),2022-05-01,2022-06-23T23:30:00+00:00,2.500000,2.500000,0,flat,-1.300000,1.000000,-1,decelerating,0,[],2026-04-24T07:51:03.322738+00:00
836,20714,101,JP,JPY,CPI,cpi_headline_yoy,Headline CPI (YoY),2022-06-01,2022-07-21T23:30:00+00:00,2.400000,2.500000,-1,down,-0.100000,-1.300000,1,accelerating,0,[],2026-04-24T07:51:03.322738+00:00
837,20636,101,JP,JPY,CPI,cpi_headline_yoy,Headline CPI (YoY),2022-07-01,2022-08-18T23:30:00+00:00,2.600000,2.400000,1,up,0.300000,-0.100000,1,accelerating,1,[],2026-04-24T07:51:03.322738+00:00
838,20558,101,JP,JPY,CPI,cpi_headline_yoy,Headline CPI (YoY),2022-08-01,2022-09-19T23:30:00+00:00,3.000000,2.600000,1,up,0.200000,0.300000,-1,decelerating,1,[],2026-04-24T07:51:03.322738+00:00
839,20478,101,JP,JPY,CPI,cpi_headline_yoy,Headline CPI (YoY),2022-09-01,2022-10-20T23:30:00+00:00,3.000000,3.000000,0,flat,-0.400000,0.200000,-1,decelerating,0,[],2026-04-24T07:51:03.322738+00:00
840,20402,101,JP,JPY,CPI,cpi_headline_yoy,Headline CPI (YoY),2022-10-01,2022-11-17T23:30:00+00:00,3.700000,3.000000,1,up,0.700000,-0.400000,1,accelerating,1,[],2026-04-24T07:51:03.322738+00:00
841,20304,101,JP,JPY,CPI,cpi_headline_yoy,Headline CPI (YoY),2022-11-01,2022-12-22T23:30:00+00:00,3.800000,3.700000,1,up,-0.600000,0.700000,-1,decelerating,1,[],2026-04-24T07:51:03.322738+00:00
842,21177,101,JP,JPY,CPI,cpi_headline_yoy,Headline CPI (YoY),2022-12-01,2023-01-19T23:30:00+00:00,4.000000,3.800000,1,up,0.100000,-0.600000,1,accelerating,1,[],2026-04-24T07:51:03.322738+00:00
843,21097,101,JP,JPY,CPI,cpi_headline_yoy,Headline CPI (YoY),2023-01-01,2023-02-23T23:30:00+00:00,4.300000,4.000000,1,up,0.100000,0.100000,0,flat,1,[],2026-04-24T07:51:03.322738+00:00
844,21022,101,JP,JPY,CPI,cpi_headline_yoy,Headline CPI (YoY),2023-02-01,2023-03-23T23:30:00+00:00,3.300000,4.300000,-1,down,-1.300000,0.100000,-1,decelerating,0,[],2026-04-24T07:51:03.322738+00:00
845,20946,101,JP,JPY,CPI,cpi_headline_yoy,Headline CPI (YoY),2023-03-01,2023-04-20T23:30:00+00:00,3.200000,3.300000,-1,down,0.900000,-1.300000,1,accelerating,0,[],2026-04-24T07:51:03.322738+00:00
846,20869,101,JP,JPY,CPI,cpi_headline_yoy,Headline CPI (YoY),2023-04-01,2023-05-18T23:30:00+00:00,3.500000,3.200000,1,up,0.400000,0.900000,-1,decelerating,1,[],2026-04-24T07:51:03.322738+00:00
847,20783,101,JP,JPY,CPI,cpi_headline_yoy,Headline CPI (YoY),2023-05-01,2023-06-22T23:30:00+00:00,3.200000,3.500000,-1,down,-0.600000,0.400000,-1,decelerating,0,[],2026-04-24T07:51:03.322738+00:00
848,21655,101,JP,JPY,CPI,cpi_headline_yoy,Headline CPI (YoY),2023-06-01,2023-07-20T23:30:00+00:00,3.300000,3.200000,1,up,0.400000,-0.600000,1,accelerating,1,[],2026-04-24T07:51:03.322738+00:00
849,21579,101,JP,JPY,CPI,cpi_headline_yoy,Headline CPI (YoY),2023-07-01,2023-08-17T23:30:00+00:00,3.300000,3.300000,0,flat,-0.100000,0.400000,-1,decelerating,0,[],2026-04-24T07:51:03.322738+00:00
850,21496,101,JP,JPY,CPI,cpi_headline_yoy,Headline CPI (YoY),2023-08-01,2023-09-21T23:30:00+00:00,3.200000,3.300000,-1,down,-0.100000,-0.100000,0,flat,0,[],2026-04-24T07:51:03.322738+00:00
851,21418,101,JP,JPY,CPI,cpi_headline_yoy,Headline CPI (YoY),2023-09-01,2023-10-19T23:30:00+00:00,3.000000,3.200000,-1,down,-0.100000,-0.100000,0,flat,0,[],2026-04-24T07:51:03.322738+00:00
852,21336,101,JP,JPY,CPI,cpi_headline_yoy,Headline CPI (YoY),2023-10-01,2023-11-23T23:30:00+00:00,3.300000,3.000000,1,up,0.500000,-0.100000,1,accelerating,1,[],2026-04-24T07:51:03.322738+00:00
853,21250,101,JP,JPY,CPI,cpi_headline_yoy,Headline CPI (YoY),2023-11-01,2023-12-21T23:30:00+00:00,2.800000,3.300000,-1,down,-0.800000,0.500000,-1,decelerating,0,[],2026-04-24T07:51:03.322738+00:00
854,22201,101,JP,JPY,CPI,cpi_headline_yoy,Headline CPI (YoY),2023-12-01,2024-01-18T23:30:00+00:00,2.600000,2.800000,-1,down,0.300000,-0.800000,1,accelerating,0,[],2026-04-24T07:51:03.322738+00:00
855,22100,101,JP,JPY,CPI,cpi_headline_yoy,Headline CPI (YoY),2024-01-01,2024-02-26T23:30:00+00:00,2.200000,2.600000,-1,down,-0.200000,0.300000,-1,decelerating,0,[],2026-04-24T07:51:03.322738+00:00
856,22013,101,JP,JPY,CPI,cpi_headline_yoy,Headline CPI (YoY),2024-02-01,2024-03-21T23:30:00+00:00,2.800000,2.200000,1,up,1.000000,-0.200000,1,accelerating,1,[],2026-04-24T07:51:03.322738+00:00
857,21929,101,JP,JPY,CPI,cpi_headline_yoy,Headline CPI (YoY),2024-03-01,2024-04-18T23:30:00+00:00,2.700000,2.800000,-1,down,-0.700000,1.000000,-1,decelerating,0,[],2026-04-24T07:51:03.322738+00:00
858,21825,101,JP,JPY,CPI,cpi_headline_yoy,Headline CPI (YoY),2024-04-01,2024-05-23T23:30:00+00:00,2.500000,2.700000,-1,down,-0.100000,-0.700000,1,accelerating,0,[],2026-04-24T07:51:03.322738+00:00
859,21737,101,JP,JPY,CPI,cpi_headline_yoy,Headline CPI (YoY),2024-05-01,2024-06-20T23:30:00+00:00,2.800000,2.500000,1,up,0.500000,-0.100000,1,accelerating,1,[],2026-04-24T07:51:03.322738+00:00
860,22760,101,JP,JPY,CPI,cpi_headline_yoy,Headline CPI (YoY),2024-06-01,2024-07-18T23:30:00+00:00,2.800000,2.800000,0,flat,-0.300000,0.500000,-1,decelerating,0,[],2026-04-24T07:51:03.322738+00:00
861,22661,101,JP,JPY,CPI,cpi_headline_yoy,Headline CPI (YoY),2024-07-01,2024-08-22T23:30:00+00:00,2.800000,2.800000,0,flat,0.000000,-0.300000,1,accelerating,0,[],2026-04-24T07:51:03.322738+00:00
862,22578,101,JP,JPY,CPI,cpi_headline_yoy,Headline CPI (YoY),2024-08-01,2024-09-19T23:30:00+00:00,3.000000,2.800000,1,up,0.200000,0.000000,1,accelerating,1,[],2026-04-24T07:51:03.322738+00:00
863,22486,101,JP,JPY,CPI,cpi_headline_yoy,Headline CPI (YoY),2024-09-01,2024-10-17T23:30:00+00:00,2.500000,3.000000,-1,down,-0.700000,0.200000,-1,decelerating,0,[],2026-04-24T07:51:03.322738+00:00
864,22383,101,JP,JPY,CPI,cpi_headline_yoy,Headline CPI (YoY),2024-10-01,2024-11-21T23:30:00+00:00,2.300000,2.500000,-1,down,0.300000,-0.700000,1,accelerating,0,[],2026-04-24T07:51:03.322738+00:00
865,22275,101,JP,JPY,CPI,cpi_headline_yoy,Headline CPI (YoY),2024-11-01,2024-12-19T23:30:00+00:00,2.900000,2.300000,1,up,0.800000,0.300000,1,accelerating,1,[],2026-04-24T07:51:03.322738+00:00
866,23364,101,JP,JPY,CPI,cpi_headline_yoy,Headline CPI (YoY),2024-12-01,2025-01-23T23:30:00+00:00,3.600000,2.900000,1,up,0.100000,0.800000,-1,decelerating,1,[],2026-04-24T07:51:03.322738+00:00
867,23256,101,JP,JPY,CPI,cpi_headline_yoy,Headline CPI (YoY),2025-01-01,2025-02-20T23:30:00+00:00,4.000000,3.600000,1,up,-0.300000,0.100000,-1,decelerating,1,[],2026-04-24T07:51:03.322738+00:00
868,23157,101,JP,JPY,CPI,cpi_headline_yoy,Headline CPI (YoY),2025-02-01,2025-03-20T23:30:00+00:00,3.700000,4.000000,-1,down,-0.700000,-0.300000,-1,decelerating,0,[],2026-04-24T07:51:03.322738+00:00
869,23056,101,JP,JPY,CPI,cpi_headline_yoy,Headline CPI (YoY),2025-03-01,2025-04-17T23:30:00+00:00,3.600000,3.700000,-1,down,0.200000,-0.700000,1,accelerating,0,[],2026-04-24T07:51:03.322738+00:00
870,22945,101,JP,JPY,CPI,cpi_headline_yoy,Headline CPI (YoY),2025-04-01,2025-05-22T23:30:00+00:00,3.600000,3.600000,0,flat,0.100000,0.200000,-1,decelerating,0,[],2026-04-24T07:51:03.322738+00:00
871,22852,101,JP,JPY,CPI,cpi_headline_yoy,Headline CPI (YoY),2025-05-01,2025-06-19T23:30:00+00:00,3.500000,3.600000,-1,down,-0.100000,0.100000,-1,decelerating,0,[],2026-04-24T07:51:03.322738+00:00
872,24052,101,JP,JPY,CPI,cpi_headline_yoy,Headline CPI (YoY),2025-06-01,2025-07-17T23:30:00+00:00,3.300000,3.500000,-1,down,-0.100000,-0.100000,0,flat,0,[],2026-04-24T07:51:03.322738+00:00
873,23929,101,JP,JPY,CPI,cpi_headline_yoy,Headline CPI (YoY),2025-07-01,2025-08-21T23:30:00+00:00,3.100000,3.300000,-1,down,0.000000,-0.100000,1,accelerating,0,[],2026-04-24T07:51:03.322738+00:00
874,23828,101,JP,JPY,CPI,cpi_headline_yoy,Headline CPI (YoY),2025-08-01,2025-09-18T23:30:00+00:00,2.700000,3.100000,-1,down,-0.200000,0.000000,-1,decelerating,0,[],2026-04-24T07:51:03.322738+00:00
875,23703,101,JP,JPY,CPI,cpi_headline_yoy,Headline CPI (YoY),2025-09-01,2025-10-23T23:30:00+00:00,2.900000,2.700000,1,up,0.600000,-0.200000,1,accelerating,1,[],2026-04-24T07:51:03.322738+00:00
876,23589,101,JP,JPY,CPI,cpi_headline_yoy,Headline CPI (YoY),2025-10-01,2025-11-20T23:30:00+00:00,3.000000,2.900000,1,up,-0.100000,0.600000,-1,decelerating,1,[],2026-04-24T07:51:03.322738+00:00
877,23458,101,JP,JPY,CPI,cpi_headline_yoy,Headline CPI (YoY),2025-11-01,2025-12-18T23:30:00+00:00,2.900000,3.000000,-1,down,-0.200000,-0.100000,-1,decelerating,0,[],2026-04-24T07:51:03.322738+00:00
878,23439,101,JP,JPY,CPI,cpi_headline_yoy,Headline CPI (YoY),2025-12-01,2025-12-25T23:30:00+00:00,2.000000,2.900000,-1,down,-0.800000,-0.200000,-1,decelerating,0,[],2026-04-24T07:51:03.322738+00:00
879,45771,101,JP,JPY,CPI,cpi_headline_yoy,Headline CPI (YoY),2026-01-01,2026-01-29T23:30:00+00:00,2.000000,2.000000,0,flat,0.900000,-0.800000,1,accelerating,0,[],2026-04-24T07:51:03.322738+00:00
880,45764,101,JP,JPY,CPI,cpi_headline_yoy,Headline CPI (YoY),2026-01-01,2026-02-19T23:30:00+00:00,1.500000,2.000000,-1,down,-0.500000,0.900000,-1,decelerating,0,[],2026-04-24T07:51:03.322738+00:00
881,45757,101,JP,JPY,CPI,cpi_headline_yoy,Headline CPI (YoY),2026-02-01,2026-03-23T23:30:00+00:00,1.300000,1.500000,-1,down,0.300000,-0.500000,1,accelerating,0,[],2026-04-24T07:51:03.322738+00:00
882,45753,101,JP,JPY,CPI,cpi_headline_yoy,Headline CPI (YoY),2026-03-01,2026-03-30T23:30:00+00:00,2.300000,1.300000,1,up,1.200000,0.300000,1,accelerating,1,[],2026-04-24T07:51:03.322738+00:00
883,45741,101,JP,JPY,CPI,cpi_headline_yoy,Headline CPI (YoY),2026-03-01,2026-04-23T23:30:00+00:00,1.500000,2.300000,-1,down,-1.800000,1.200000,-1,decelerating,0,[],2026-04-24T07:51:03.322738+00:00
884,18558,103,JP,JPY,UNEMPLOYMENT,unemployment_rate,Unemployment Rate,2019-12-01,2020-01-30T23:30:00+00:00,2.200000,,,,,,,,,"[""direction_target_short_history"", ""acceleration_target_short_history""]",2026-04-24T07:51:03.322738+00:00
885,18489,103,JP,JPY,UNEMPLOYMENT,unemployment_rate,Unemployment Rate,2020-01-01,2020-02-27T23:30:00+00:00,2.400000,2.200000,1,up,,,,,1,"[""acceleration_target_short_history""]",2026-04-24T07:51:03.322738+00:00
886,18418,103,JP,JPY,UNEMPLOYMENT,unemployment_rate,Unemployment Rate,2020-02-01,2020-03-30T23:30:00+00:00,2.400000,2.400000,0,flat,-0.200000,,,,0,"[""acceleration_target_short_history""]",2026-04-24T07:51:03.322738+00:00
887,18355,103,JP,JPY,UNEMPLOYMENT,unemployment_rate,Unemployment Rate,2020-03-01,2020-04-27T23:30:00+00:00,2.500000,2.400000,1,up,0.100000,-0.200000,1,accelerating,1,[],2026-04-24T07:51:03.322738+00:00
888,18283,103,JP,JPY,UNEMPLOYMENT,unemployment_rate,Unemployment Rate,2020-04-01,2020-05-28T23:30:00+00:00,2.600000,2.500000,1,up,0.000000,0.100000,-1,decelerating,1,[],2026-04-24T07:51:03.322738+00:00
889,18211,103,JP,JPY,UNEMPLOYMENT,unemployment_rate,Unemployment Rate,2020-05-01,2020-06-29T23:30:00+00:00,2.900000,2.600000,1,up,0.200000,0.000000,1,accelerating,1,[],2026-04-24T07:51:03.322738+00:00
890,18986,103,JP,JPY,UNEMPLOYMENT,unemployment_rate,Unemployment Rate,2020-06-01,2020-07-30T23:30:00+00:00,2.800000,2.900000,-1,down,-0.400000,0.200000,-1,decelerating,0,[],2026-04-24T07:51:03.322738+00:00
891,18906,103,JP,JPY,UNEMPLOYMENT,unemployment_rate,Unemployment Rate,2020-07-01,2020-08-31T23:30:00+00:00,2.900000,2.800000,1,up,0.200000,-0.400000,1,accelerating,1,[],2026-04-24T07:51:03.322738+00:00
892,18824,103,JP,JPY,UNEMPLOYMENT,unemployment_rate,Unemployment Rate,2020-08-01,2020-10-01T23:30:00+00:00,3.000000,2.900000,1,up,0.000000,0.200000,-1,decelerating,1,[],2026-04-24T07:51:03.322738+00:00
893,18770,103,JP,JPY,UNEMPLOYMENT,unemployment_rate,Unemployment Rate,2020-09-01,2020-10-29T23:30:00+00:00,3.000000,3.000000,0,flat,-0.100000,0.000000,-1,decelerating,0,[],2026-04-24T07:51:03.322738+00:00
894,18696,103,JP,JPY,UNEMPLOYMENT,unemployment_rate,Unemployment Rate,2020-10-01,2020-11-30T23:30:00+00:00,3.100000,3.000000,1,up,0.100000,-0.100000,1,accelerating,1,[],2026-04-24T07:51:03.322738+00:00
895,18626,103,JP,JPY,UNEMPLOYMENT,unemployment_rate,Unemployment Rate,2020-11-01,2020-12-24T23:30:00+00:00,2.900000,3.100000,-1,down,-0.300000,0.100000,-1,decelerating,0,[],2026-04-24T07:51:03.322738+00:00
896,19400,103,JP,JPY,UNEMPLOYMENT,unemployment_rate,Unemployment Rate,2020-12-01,2021-01-28T23:30:00+00:00,2.900000,2.900000,0,flat,0.200000,-0.300000,1,accelerating,0,[],2026-04-24T07:51:03.322738+00:00
897,19330,103,JP,JPY,UNEMPLOYMENT,unemployment_rate,Unemployment Rate,2021-01-01,2021-03-01T23:30:00+00:00,2.900000,2.900000,0,flat,0.000000,0.200000,-1,decelerating,0,[],2026-04-24T07:51:03.322738+00:00
898,19267,103,JP,JPY,UNEMPLOYMENT,unemployment_rate,Unemployment Rate,2021-02-01,2021-03-29T23:30:00+00:00,2.900000,2.900000,0,flat,0.000000,0.000000,0,flat,0,[],2026-04-24T07:51:03.322738+00:00
899,19199,103,JP,JPY,UNEMPLOYMENT,unemployment_rate,Unemployment Rate,2021-03-01,2021-04-29T23:30:00+00:00,2.600000,2.900000,-1,down,-0.300000,0.000000,-1,decelerating,0,[],2026-04-24T07:51:03.322738+00:00
900,19130,103,JP,JPY,UNEMPLOYMENT,unemployment_rate,Unemployment Rate,2021-04-01,2021-05-27T23:30:00+00:00,2.800000,2.600000,1,up,0.500000,-0.300000,1,accelerating,1,[],2026-04-24T07:51:03.322738+00:00
901,19062,103,JP,JPY,UNEMPLOYMENT,unemployment_rate,Unemployment Rate,2021-05-01,2021-06-28T23:30:00+00:00,3.000000,2.800000,1,up,0.000000,0.500000,-1,decelerating,1,[],2026-04-24T07:51:03.322738+00:00
902,19813,103,JP,JPY,UNEMPLOYMENT,unemployment_rate,Unemployment Rate,2021-06-01,2021-07-29T23:30:00+00:00,2.900000,3.000000,-1,down,-0.300000,0.000000,-1,decelerating,0,[],2026-04-24T07:51:03.322738+00:00
903,19746,103,JP,JPY,UNEMPLOYMENT,unemployment_rate,Unemployment Rate,2021-07-01,2021-08-30T23:30:00+00:00,2.800000,2.900000,-1,down,0.000000,-0.300000,1,accelerating,0,[],2026-04-24T07:51:03.322738+00:00
904,19672,103,JP,JPY,UNEMPLOYMENT,unemployment_rate,Unemployment Rate,2021-08-01,2021-09-30T23:30:00+00:00,2.800000,2.800000,0,flat,0.100000,0.000000,1,accelerating,0,[],2026-04-24T07:51:03.322738+00:00
905,19606,103,JP,JPY,UNEMPLOYMENT,unemployment_rate,Unemployment Rate,2021-09-01,2021-10-28T23:30:00+00:00,2.800000,2.800000,0,flat,0.000000,0.100000,-1,decelerating,0,[],2026-04-24T07:51:03.322738+00:00
906,19538,103,JP,JPY,UNEMPLOYMENT,unemployment_rate,Unemployment Rate,2021-10-01,2021-11-29T23:30:00+00:00,2.700000,2.800000,-1,down,-0.100000,0.000000,-1,decelerating,0,[],2026-04-24T07:51:03.322738+00:00
907,19463,103,JP,JPY,UNEMPLOYMENT,unemployment_rate,Unemployment Rate,2021-11-01,2021-12-27T23:30:00+00:00,2.800000,2.700000,1,up,0.200000,-0.100000,1,accelerating,1,[],2026-04-24T07:51:03.322738+00:00
908,20221,103,JP,JPY,UNEMPLOYMENT,unemployment_rate,Unemployment Rate,2021-12-01,2022-01-31T23:30:00+00:00,2.700000,2.800000,-1,down,-0.200000,0.200000,-1,decelerating,0,[],2026-04-24T07:51:03.322738+00:00
909,20148,103,JP,JPY,UNEMPLOYMENT,unemployment_rate,Unemployment Rate,2022-01-01,2022-03-03T23:30:00+00:00,2.800000,2.700000,1,up,0.200000,-0.200000,1,accelerating,1,[],2026-04-24T07:51:03.322738+00:00
910,20096,103,JP,JPY,UNEMPLOYMENT,unemployment_rate,Unemployment Rate,2022-02-01,2022-03-28T23:30:00+00:00,2.700000,2.800000,-1,down,-0.200000,0.200000,-1,decelerating,0,[],2026-04-24T07:51:03.322738+00:00
911,20032,103,JP,JPY,UNEMPLOYMENT,unemployment_rate,Unemployment Rate,2022-03-01,2022-04-25T23:30:00+00:00,2.600000,2.700000,-1,down,0.000000,-0.200000,1,accelerating,0,[],2026-04-24T07:51:03.322738+00:00
912,19953,103,JP,JPY,UNEMPLOYMENT,unemployment_rate,Unemployment Rate,2022-04-01,2022-05-30T23:30:00+00:00,2.500000,2.600000,-1,down,0.000000,0.000000,0,flat,0,[],2026-04-24T07:51:03.322738+00:00
913,19874,103,JP,JPY,UNEMPLOYMENT,unemployment_rate,Unemployment Rate,2022-05-01,2022-06-30T23:30:00+00:00,2.600000,2.500000,1,up,0.200000,0.000000,1,accelerating,1,[],2026-04-24T07:51:03.322738+00:00
914,20696,103,JP,JPY,UNEMPLOYMENT,unemployment_rate,Unemployment Rate,2022-06-01,2022-07-28T23:30:00+00:00,2.600000,2.600000,0,flat,-0.100000,0.200000,-1,decelerating,0,[],2026-04-24T07:51:03.322738+00:00
915,20622,103,JP,JPY,UNEMPLOYMENT,unemployment_rate,Unemployment Rate,2022-07-01,2022-08-29T23:30:00+00:00,2.600000,2.600000,0,flat,0.000000,-0.100000,1,accelerating,0,[],2026-04-24T07:51:03.322738+00:00
916,20539,103,JP,JPY,UNEMPLOYMENT,unemployment_rate,Unemployment Rate,2022-08-01,2022-09-29T23:30:00+00:00,2.500000,2.600000,-1,down,-0.100000,0.000000,-1,decelerating,0,[],2026-04-24T07:51:03.322738+00:00
917,20462,103,JP,JPY,UNEMPLOYMENT,unemployment_rate,Unemployment Rate,2022-09-01,2022-10-27T23:30:00+00:00,2.600000,2.500000,1,up,0.200000,-0.100000,1,accelerating,1,[],2026-04-24T07:51:03.322738+00:00
918,20384,103,JP,JPY,UNEMPLOYMENT,unemployment_rate,Unemployment Rate,2022-10-01,2022-11-28T23:30:00+00:00,2.600000,2.600000,0,flat,-0.100000,0.200000,-1,decelerating,0,[],2026-04-24T07:51:03.322738+00:00
919,20300,103,JP,JPY,UNEMPLOYMENT,unemployment_rate,Unemployment Rate,2022-11-01,2022-12-26T23:30:00+00:00,2.500000,2.600000,-1,down,-0.100000,-0.100000,0,flat,0,[],2026-04-24T07:51:03.322738+00:00
920,21161,103,JP,JPY,UNEMPLOYMENT,unemployment_rate,Unemployment Rate,2022-12-01,2023-01-30T23:30:00+00:00,2.500000,2.500000,0,flat,0.100000,-0.100000,1,accelerating,0,[],2026-04-24T07:51:03.322738+00:00
921,21075,103,JP,JPY,UNEMPLOYMENT,unemployment_rate,Unemployment Rate,2023-01-01,2023-03-02T23:30:00+00:00,2.400000,2.500000,-1,down,-0.100000,0.100000,-1,decelerating,0,[],2026-04-24T07:51:03.322738+00:00
922,21004,103,JP,JPY,UNEMPLOYMENT,unemployment_rate,Unemployment Rate,2023-02-01,2023-03-30T23:30:00+00:00,2.600000,2.400000,1,up,0.300000,-0.100000,1,accelerating,1,[],2026-04-24T07:51:03.322738+00:00
923,20932,103,JP,JPY,UNEMPLOYMENT,unemployment_rate,Unemployment Rate,2023-03-01,2023-04-27T23:30:00+00:00,2.800000,2.600000,1,up,0.000000,0.300000,-1,decelerating,1,[],2026-04-24T07:51:03.322738+00:00
924,20851,103,JP,JPY,UNEMPLOYMENT,unemployment_rate,Unemployment Rate,2023-04-01,2023-05-29T23:30:00+00:00,2.600000,2.800000,-1,down,-0.400000,0.000000,-1,decelerating,0,[],2026-04-24T07:51:03.322738+00:00
925,20764,103,JP,JPY,UNEMPLOYMENT,unemployment_rate,Unemployment Rate,2023-05-01,2023-06-29T23:30:00+00:00,2.600000,2.600000,0,flat,0.200000,-0.400000,1,accelerating,0,[],2026-04-24T07:51:03.322738+00:00
926,21630,103,JP,JPY,UNEMPLOYMENT,unemployment_rate,Unemployment Rate,2023-06-01,2023-07-31T23:30:00+00:00,2.500000,2.600000,-1,down,-0.100000,0.200000,-1,decelerating,0,[],2026-04-24T07:51:03.322738+00:00
927,21563,103,JP,JPY,UNEMPLOYMENT,unemployment_rate,Unemployment Rate,2023-07-01,2023-08-28T23:30:00+00:00,2.700000,2.500000,1,up,0.300000,-0.100000,1,accelerating,1,[],2026-04-24T07:51:03.322738+00:00
928,21477,103,JP,JPY,UNEMPLOYMENT,unemployment_rate,Unemployment Rate,2023-08-01,2023-09-28T23:30:00+00:00,2.700000,2.700000,0,flat,-0.200000,0.300000,-1,decelerating,0,[],2026-04-24T07:51:03.322738+00:00
929,21402,103,JP,JPY,UNEMPLOYMENT,unemployment_rate,Unemployment Rate,2023-09-01,2023-10-30T23:30:00+00:00,2.600000,2.700000,-1,down,-0.100000,-0.200000,1,accelerating,0,[],2026-04-24T07:51:03.322738+00:00
930,21314,103,JP,JPY,UNEMPLOYMENT,unemployment_rate,Unemployment Rate,2023-10-01,2023-11-30T23:30:00+00:00,2.500000,2.600000,-1,down,0.000000,-0.100000,1,accelerating,0,[],2026-04-24T07:51:03.322738+00:00
931,21241,103,JP,JPY,UNEMPLOYMENT,unemployment_rate,Unemployment Rate,2023-11-01,2023-12-25T23:30:00+00:00,2.500000,2.500000,0,flat,0.100000,0.000000,1,accelerating,0,[],2026-04-24T07:51:03.322738+00:00
932,22180,103,JP,JPY,UNEMPLOYMENT,unemployment_rate,Unemployment Rate,2023-12-01,2024-01-29T23:30:00+00:00,2.400000,2.500000,-1,down,-0.100000,0.100000,-1,decelerating,0,[],2026-04-24T07:51:03.322738+00:00
933,22082,103,JP,JPY,UNEMPLOYMENT,unemployment_rate,Unemployment Rate,2024-01-01,2024-02-29T23:30:00+00:00,2.400000,2.400000,0,flat,0.100000,-0.100000,1,accelerating,0,[],2026-04-24T07:51:03.322738+00:00
934,21997,103,JP,JPY,UNEMPLOYMENT,unemployment_rate,Unemployment Rate,2024-02-01,2024-03-28T23:30:00+00:00,2.600000,2.400000,1,up,0.200000,0.100000,1,accelerating,1,[],2026-04-24T07:51:03.322738+00:00
935,21904,103,JP,JPY,UNEMPLOYMENT,unemployment_rate,Unemployment Rate,2024-03-01,2024-04-29T23:30:00+00:00,2.600000,2.600000,0,flat,-0.200000,0.200000,-1,decelerating,0,[],2026-04-24T07:51:03.322738+00:00
936,21812,103,JP,JPY,UNEMPLOYMENT,unemployment_rate,Unemployment Rate,2024-04-01,2024-05-30T23:30:00+00:00,2.600000,2.600000,0,flat,0.000000,-0.200000,1,accelerating,0,[],2026-04-24T07:51:03.322738+00:00
937,21718,103,JP,JPY,UNEMPLOYMENT,unemployment_rate,Unemployment Rate,2024-05-01,2024-06-27T23:30:00+00:00,2.600000,2.600000,0,flat,0.000000,0.000000,0,flat,0,[],2026-04-24T07:51:03.322738+00:00
938,22743,103,JP,JPY,UNEMPLOYMENT,unemployment_rate,Unemployment Rate,2024-06-01,2024-07-29T23:30:00+00:00,2.500000,2.600000,-1,down,-0.100000,0.000000,-1,decelerating,0,[],2026-04-24T07:51:03.322738+00:00
939,22647,103,JP,JPY,UNEMPLOYMENT,unemployment_rate,Unemployment Rate,2024-07-01,2024-08-29T23:30:00+00:00,2.700000,2.500000,1,up,0.300000,-0.100000,1,accelerating,1,[],2026-04-24T07:51:03.322738+00:00
940,22545,103,JP,JPY,UNEMPLOYMENT,unemployment_rate,Unemployment Rate,2024-08-01,2024-09-30T23:30:00+00:00,2.500000,2.700000,-1,down,-0.400000,0.300000,-1,decelerating,0,[],2026-04-24T07:51:03.322738+00:00
941,22461,103,JP,JPY,UNEMPLOYMENT,unemployment_rate,Unemployment Rate,2024-09-01,2024-10-28T23:30:00+00:00,2.400000,2.500000,-1,down,0.100000,-0.400000,1,accelerating,0,[],2026-04-24T07:51:03.322738+00:00
942,22366,103,JP,JPY,UNEMPLOYMENT,unemployment_rate,Unemployment Rate,2024-10-01,2024-11-28T23:30:00+00:00,2.500000,2.400000,1,up,0.200000,0.100000,1,accelerating,1,[],2026-04-24T07:51:03.322738+00:00
943,22259,103,JP,JPY,UNEMPLOYMENT,unemployment_rate,Unemployment Rate,2024-11-01,2024-12-26T23:30:00+00:00,2.500000,2.500000,0,flat,-0.100000,0.200000,-1,decelerating,0,[],2026-04-24T07:51:03.322738+00:00
944,23339,103,JP,JPY,UNEMPLOYMENT,unemployment_rate,Unemployment Rate,2024-12-01,2025-01-30T23:30:00+00:00,2.400000,2.500000,-1,down,-0.100000,-0.100000,0,flat,0,[],2026-04-24T07:51:03.322738+00:00
945,23225,103,JP,JPY,UNEMPLOYMENT,unemployment_rate,Unemployment Rate,2025-01-01,2025-03-03T23:30:00+00:00,2.500000,2.400000,1,up,0.200000,-0.100000,1,accelerating,1,[],2026-04-24T07:51:03.322738+00:00
946,23122,103,JP,JPY,UNEMPLOYMENT,unemployment_rate,Unemployment Rate,2025-02-01,2025-03-31T23:30:00+00:00,2.400000,2.500000,-1,down,-0.200000,0.200000,-1,decelerating,0,[],2026-04-24T07:51:03.322738+00:00
947,23020,103,JP,JPY,UNEMPLOYMENT,unemployment_rate,Unemployment Rate,2025-03-01,2025-05-01T23:30:00+00:00,2.500000,2.400000,1,up,0.200000,-0.200000,1,accelerating,1,[],2026-04-24T07:51:03.322738+00:00
948,22929,103,JP,JPY,UNEMPLOYMENT,unemployment_rate,Unemployment Rate,2025-04-01,2025-05-29T23:30:00+00:00,2.500000,2.500000,0,flat,-0.100000,0.200000,-1,decelerating,0,[],2026-04-24T07:51:03.322738+00:00
949,22831,103,JP,JPY,UNEMPLOYMENT,unemployment_rate,Unemployment Rate,2025-05-01,2025-06-26T23:30:00+00:00,2.500000,2.500000,0,flat,0.000000,-0.100000,1,accelerating,0,[],2026-04-24T07:51:03.322738+00:00
950,24008,103,JP,JPY,UNEMPLOYMENT,unemployment_rate,Unemployment Rate,2025-06-01,2025-07-31T23:30:00+00:00,2.500000,2.500000,0,flat,0.000000,0.000000,0,flat,0,[],2026-04-24T07:51:03.322738+00:00
951,23913,103,JP,JPY,UNEMPLOYMENT,unemployment_rate,Unemployment Rate,2025-07-01,2025-08-28T23:30:00+00:00,2.300000,2.500000,-1,down,-0.200000,0.000000,-1,decelerating,0,[],2026-04-24T07:51:03.322738+00:00
952,23765,103,JP,JPY,UNEMPLOYMENT,unemployment_rate,Unemployment Rate,2025-08-01,2025-10-02T23:30:00+00:00,2.600000,2.300000,1,up,0.500000,-0.200000,1,accelerating,1,[],2026-04-24T07:51:03.322738+00:00
953,23671,103,JP,JPY,UNEMPLOYMENT,unemployment_rate,Unemployment Rate,2025-09-01,2025-10-30T23:30:00+00:00,2.600000,2.600000,0,flat,-0.300000,0.500000,-1,decelerating,0,[],2026-04-24T07:51:03.322738+00:00
954,23561,103,JP,JPY,UNEMPLOYMENT,unemployment_rate,Unemployment Rate,2025-10-01,2025-11-27T23:30:00+00:00,2.600000,2.600000,0,flat,0.000000,-0.300000,1,accelerating,0,[],2026-04-24T07:51:03.322738+00:00
955,23438,103,JP,JPY,UNEMPLOYMENT,unemployment_rate,Unemployment Rate,2025-11-01,2025-12-25T23:30:00+00:00,2.600000,2.600000,0,flat,0.000000,0.000000,0,flat,0,[],2026-04-24T07:51:03.322738+00:00
956,1154,103,JP,JPY,UNEMPLOYMENT,unemployment_rate,Unemployment Rate,2025-12-01,2026-01-29T23:30:00+00:00,2.600000,2.600000,0,flat,0.000000,0.000000,0,flat,0,[],2026-04-24T07:51:03.322738+00:00
957,1060,103,JP,JPY,UNEMPLOYMENT,unemployment_rate,Unemployment Rate,2026-01-01,2026-03-02T23:30:00+00:00,2.700000,2.600000,1,up,0.100000,0.000000,1,accelerating,1,[],2026-04-24T07:51:03.322738+00:00
958,983,103,JP,JPY,UNEMPLOYMENT,unemployment_rate,Unemployment Rate,2026-02-01,2026-03-30T23:30:00+00:00,2.600000,2.700000,-1,down,-0.200000,0.100000,-1,decelerating,0,[],2026-04-24T07:51:03.322738+00:00
959,18518,104,JP,JPY,GDP,gdp_qoq,GDP (QoQ),2019-10-01,2020-02-16T23:50:00+00:00,-1.600000,,,,,,,,,"[""direction_target_short_history"", ""acceleration_target_short_history""]",2026-04-24T07:51:03.322738+00:00
960,18461,104,JP,JPY,GDP,gdp_qoq,GDP (QoQ),2019-10-01,2020-03-08T23:50:00+00:00,-1.800000,-1.600000,-1,down,,,,,0,"[""acceleration_target_short_history""]",2026-04-24T07:51:03.322738+00:00
961,18256,104,JP,JPY,GDP,gdp_qoq,GDP (QoQ),2020-01-01,2020-06-07T23:50:00+00:00,-0.600000,-1.800000,1,up,1.400000,,,,1,"[""acceleration_target_short_history""]",2026-04-24T07:51:03.322738+00:00
962,18980,104,JP,JPY,GDP,gdp_qoq,GDP (QoQ),2020-01-01,2020-08-02T23:50:00+00:00,-0.600000,-0.600000,0,flat,-1.200000,1.400000,-1,decelerating,0,[],2026-04-24T07:51:03.322738+00:00
963,18944,104,JP,JPY,GDP,gdp_qoq,GDP (QoQ),2020-04-01,2020-08-16T23:50:00+00:00,-7.800000,-0.600000,-1,down,-7.200000,-1.200000,-1,decelerating,0,[],2026-04-24T07:51:03.322738+00:00
964,18883,104,JP,JPY,GDP,gdp_qoq,GDP (QoQ),2020-04-01,2020-09-07T23:50:00+00:00,-7.900000,-7.800000,-1,down,7.100000,-7.200000,1,accelerating,0,[],2026-04-24T07:51:03.322738+00:00
965,18729,104,JP,JPY,GDP,gdp_qoq,GDP (QoQ),2020-07-01,2020-11-15T23:50:00+00:00,5.000000,-7.900000,1,up,13.000000,7.100000,1,accelerating,1,[],2026-04-24T07:51:03.322738+00:00
966,18676,104,JP,JPY,GDP,gdp_qoq,GDP (QoQ),2020-07-01,2020-12-07T23:50:00+00:00,5.300000,5.000000,1,up,-12.600000,13.000000,-1,decelerating,1,[],2026-04-24T07:51:03.322738+00:00
967,19364,104,JP,JPY,GDP,gdp_qoq,GDP (QoQ),2020-10-01,2021-02-14T23:50:00+00:00,3.000000,5.300000,-1,down,-2.600000,-12.600000,1,accelerating,0,[],2026-04-24T07:51:03.322738+00:00
968,19308,104,JP,JPY,GDP,gdp_qoq,GDP (QoQ),2020-10-01,2021-03-08T23:50:00+00:00,2.800000,3.000000,-1,down,2.100000,-2.600000,1,accelerating,0,[],2026-04-24T07:51:03.322738+00:00
969,19163,104,JP,JPY,GDP,gdp_qoq,GDP (QoQ),2021-01-01,2021-05-17T23:50:00+00:00,-1.300000,2.800000,-1,down,-3.900000,2.100000,-1,decelerating,0,[],2026-04-24T07:51:03.322738+00:00
970,19102,104,JP,JPY,GDP,gdp_qoq,GDP (QoQ),2021-01-01,2021-06-07T23:50:00+00:00,-1.000000,-1.300000,1,up,4.400000,-3.900000,1,accelerating,1,[],2026-04-24T07:51:03.322738+00:00
971,19777,104,JP,JPY,GDP,gdp_qoq,GDP (QoQ),2021-04-01,2021-08-15T23:50:00+00:00,0.300000,-1.000000,1,up,1.000000,4.400000,-1,decelerating,1,[],2026-04-24T07:51:03.322738+00:00
972,19723,104,JP,JPY,GDP,gdp_qoq,GDP (QoQ),2021-04-01,2021-09-07T23:50:00+00:00,0.500000,0.300000,1,up,-1.100000,1.000000,-1,decelerating,1,[],2026-04-24T07:51:03.322738+00:00
973,19572,104,JP,JPY,GDP,gdp_qoq,GDP (QoQ),2021-07-01,2021-11-14T23:50:00+00:00,-0.800000,0.500000,-1,down,-1.500000,-1.100000,-1,decelerating,0,[],2026-04-24T07:51:03.322738+00:00
974,19514,104,JP,JPY,GDP,gdp_qoq,GDP (QoQ),2021-07-01,2021-12-07T23:50:00+00:00,-0.900000,-0.800000,-1,down,1.200000,-1.500000,1,accelerating,0,[],2026-04-24T07:51:03.322738+00:00
975,20191,104,JP,JPY,GDP,gdp_qoq,GDP (QoQ),2021-10-01,2022-02-14T23:50:00+00:00,1.300000,-0.900000,1,up,2.300000,1.200000,1,accelerating,1,[],2026-04-24T07:51:03.322738+00:00
976,20133,104,JP,JPY,GDP,gdp_qoq,GDP (QoQ),2021-10-01,2022-03-08T23:50:00+00:00,1.100000,1.300000,-1,down,-2.400000,2.300000,-1,decelerating,0,[],2026-04-24T07:51:03.322738+00:00
977,19981,104,JP,JPY,GDP,gdp_qoq,GDP (QoQ),2022-01-01,2022-05-17T23:50:00+00:00,-0.200000,1.100000,-1,down,-1.100000,-2.400000,1,accelerating,0,[],2026-04-24T07:51:03.322738+00:00
978,19928,104,JP,JPY,GDP,gdp_qoq,GDP (QoQ),2022-01-01,2022-06-07T23:50:00+00:00,-0.100000,-0.200000,1,up,1.400000,-1.100000,1,accelerating,1,[],2026-04-24T07:51:03.322738+00:00
979,20654,104,JP,JPY,GDP,gdp_qoq,GDP (QoQ),2022-04-01,2022-08-14T23:50:00+00:00,0.500000,-0.100000,1,up,0.500000,1.400000,-1,decelerating,1,[],2026-04-24T07:51:03.322738+00:00
980,20591,104,JP,JPY,GDP,gdp_qoq,GDP (QoQ),2022-04-01,2022-09-07T23:50:00+00:00,0.900000,0.500000,1,up,-0.200000,0.500000,-1,decelerating,1,[],2026-04-24T07:51:03.322738+00:00
981,20419,104,JP,JPY,GDP,gdp_qoq,GDP (QoQ),2022-07-01,2022-11-14T23:50:00+00:00,-0.300000,0.900000,-1,down,-1.600000,-0.200000,-1,decelerating,0,[],2026-04-24T07:51:03.322738+00:00
982,20348,104,JP,JPY,GDP,gdp_qoq,GDP (QoQ),2022-07-01,2022-12-07T23:50:00+00:00,-0.200000,-0.300000,1,up,1.300000,-1.600000,1,accelerating,1,[],2026-04-24T07:51:03.322738+00:00
983,21122,104,JP,JPY,GDP,gdp_qoq,GDP (QoQ),2022-10-01,2023-02-13T23:50:00+00:00,0.200000,-0.200000,1,up,0.300000,1.300000,-1,decelerating,1,[],2026-04-24T07:51:03.322738+00:00
984,20883,104,JP,JPY,GDP,gdp_qoq,GDP (QoQ),2023-01-01,2023-05-16T23:50:00+00:00,0.400000,0.200000,1,up,-0.200000,0.300000,-1,decelerating,1,[],2026-04-24T07:51:03.322738+00:00
985,20824,104,JP,JPY,GDP,gdp_qoq,GDP (QoQ),2023-01-01,2023-06-07T23:50:00+00:00,0.700000,0.400000,1,up,0.100000,-0.200000,1,accelerating,1,[],2026-04-24T07:51:03.322738+00:00
986,21596,104,JP,JPY,GDP,gdp_qoq,GDP (QoQ),2023-04-01,2023-08-14T23:50:00+00:00,1.500000,0.700000,1,up,0.500000,0.100000,1,accelerating,1,[],2026-04-24T07:51:03.322738+00:00
987,21530,104,JP,JPY,GDP,gdp_qoq,GDP (QoQ),2023-04-01,2023-09-07T23:50:00+00:00,1.200000,1.500000,-1,down,-1.100000,0.500000,-1,decelerating,0,[],2026-04-24T07:51:03.322738+00:00
988,21357,104,JP,JPY,GDP,gdp_qoq,GDP (QoQ),2023-07-01,2023-11-14T23:50:00+00:00,-0.500000,1.200000,-1,down,-1.400000,-1.100000,-1,decelerating,0,[],2026-04-24T07:51:03.322738+00:00
989,21291,104,JP,JPY,GDP,gdp_qoq,GDP (QoQ),2023-07-01,2023-12-07T23:50:00+00:00,-0.700000,-0.500000,-1,down,1.500000,-1.400000,1,accelerating,0,[],2026-04-24T07:51:03.322738+00:00
990,22135,104,JP,JPY,GDP,gdp_qoq,GDP (QoQ),2023-10-01,2024-02-14T23:50:00+00:00,-0.100000,-0.700000,1,up,0.800000,1.500000,-1,decelerating,1,[],2026-04-24T07:51:03.322738+00:00
991,22043,104,JP,JPY,GDP,gdp_qoq,GDP (QoQ),2023-10-01,2024-03-10T23:50:00+00:00,0.100000,-0.100000,1,up,-0.400000,0.800000,-1,decelerating,1,[],2026-04-24T07:51:03.322738+00:00
992,21854,104,JP,JPY,GDP,gdp_qoq,GDP (QoQ),2024-01-01,2024-05-15T23:50:00+00:00,-0.500000,0.100000,-1,down,-0.800000,-0.400000,-1,decelerating,0,[],2026-04-24T07:51:03.322738+00:00
993,21772,104,JP,JPY,GDP,gdp_qoq,GDP (QoQ),2024-01-01,2024-06-09T23:50:00+00:00,-0.500000,-0.500000,0,flat,0.600000,-0.800000,1,accelerating,0,[],2026-04-24T07:51:03.322738+00:00
994,22687,104,JP,JPY,GDP,gdp_qoq,GDP (QoQ),2024-04-01,2024-08-14T23:50:00+00:00,0.800000,-0.500000,1,up,1.300000,0.600000,1,accelerating,1,[],2026-04-24T07:51:03.322738+00:00
995,22612,104,JP,JPY,GDP,gdp_qoq,GDP (QoQ),2024-04-01,2024-09-08T23:50:00+00:00,0.700000,0.800000,-1,down,-1.400000,1.300000,-1,decelerating,0,[],2026-04-24T07:51:03.322738+00:00
996,22405,104,JP,JPY,GDP,gdp_qoq,GDP (QoQ),2024-07-01,2024-11-14T23:50:00+00:00,0.200000,0.700000,-1,down,-0.400000,-1.400000,1,accelerating,0,[],2026-04-24T07:51:03.322738+00:00
997,22327,104,JP,JPY,GDP,gdp_qoq,GDP (QoQ),2024-07-01,2024-12-08T23:50:00+00:00,0.300000,0.200000,1,up,0.600000,-0.400000,1,accelerating,1,[],2026-04-24T07:51:03.322738+00:00
998,23281,104,JP,JPY,GDP,gdp_qoq,GDP (QoQ),2024-10-01,2025-02-16T23:50:00+00:00,0.700000,0.300000,1,up,0.300000,0.600000,-1,decelerating,1,[],2026-04-24T07:51:03.322738+00:00
999,23187,104,JP,JPY,GDP,gdp_qoq,GDP (QoQ),2024-10-01,2025-03-10T23:50:00+00:00,0.600000,0.700000,-1,down,-0.500000,0.300000,-1,decelerating,0,[],2026-04-24T07:51:03.322738+00:00
1000,22977,104,JP,JPY,GDP,gdp_qoq,GDP (QoQ),2025-01-01,2025-05-15T23:50:00+00:00,-0.200000,0.600000,-1,down,-0.700000,-0.500000,-1,decelerating,0,[],2026-04-24T07:51:03.322738+00:00
1001,23964,104,JP,JPY,GDP,gdp_qoq,GDP (QoQ),2025-04-01,2025-08-14T23:50:00+00:00,0.300000,-0.200000,1,up,1.300000,-0.700000,1,accelerating,1,[],2026-04-24T07:51:03.322738+00:00
1002,23867,104,JP,JPY,GDP,gdp_qoq,GDP (QoQ),2025-04-01,2025-09-07T23:50:00+00:00,0.500000,0.300000,1,up,-0.300000,1.300000,-1,decelerating,1,[],2026-04-24T07:51:03.322738+00:00
1003,23613,104,JP,JPY,GDP,gdp_qoq,GDP (QoQ),2025-07-01,2025-11-16T23:50:00+00:00,-0.400000,0.500000,-1,down,-1.100000,-0.300000,-1,decelerating,0,[],2026-04-24T07:51:03.322738+00:00
1004,23514,104,JP,JPY,GDP,gdp_qoq,GDP (QoQ),2025-07-01,2025-12-07T23:50:00+00:00,-0.600000,-0.400000,-1,down,0.700000,-1.100000,1,accelerating,0,[],2026-04-24T07:51:03.322738+00:00
1005,1106,104,JP,JPY,GDP,gdp_qoq,GDP (QoQ),2025-10-01,2026-02-15T23:50:00+00:00,0.100000,-0.600000,1,up,0.900000,0.700000,1,accelerating,1,[],2026-04-24T07:51:03.322738+00:00
1006,18572,113,JP,JPY,CPI,cpi_headline_mom,Headline CPI (MoM),2019-12-01,2020-01-23T23:30:00+00:00,0.100000,,,,,,,,,"[""direction_target_short_history"", ""acceleration_target_short_history""]",2026-04-24T07:51:03.322738+00:00
1007,18435,113,JP,JPY,CPI,cpi_headline_mom,Headline CPI (MoM),2020-02-01,2020-03-18T23:30:00+00:00,-0.100000,0.100000,-1,down,,,,,0,"[""acceleration_target_short_history""]",2026-04-24T07:51:03.322738+00:00
1008,18292,113,JP,JPY,CPI,cpi_headline_mom,Headline CPI (MoM),2020-04-01,2020-05-21T23:30:00+00:00,-0.200000,-0.100000,-1,down,0.100000,,,,0,"[""acceleration_target_short_history""]",2026-04-24T07:51:03.322738+00:00
1009,19006,113,JP,JPY,CPI,cpi_headline_mom,Headline CPI (MoM),2020-06-01,2020-07-20T23:30:00+00:00,0.100000,-0.200000,1,up,0.400000,0.100000,1,accelerating,1,[],2026-04-24T07:51:03.322738+00:00
1010,18927,113,JP,JPY,CPI,cpi_headline_mom,Headline CPI (MoM),2020-07-01,2020-08-20T23:30:00+00:00,0.200000,0.100000,1,up,-0.200000,0.400000,-1,decelerating,1,[],2026-04-24T07:51:03.322738+00:00
1011,18860,113,JP,JPY,CPI,cpi_headline_mom,Headline CPI (MoM),2020-08-01,2020-09-17T23:30:00+00:00,-0.100000,0.200000,-1,down,-0.400000,-0.200000,-1,decelerating,0,[],2026-04-24T07:51:03.322738+00:00
1012,18785,113,JP,JPY,CPI,cpi_headline_mom,Headline CPI (MoM),2020-09-01,2020-10-22T23:30:00+00:00,-0.100000,-0.100000,0,flat,0.300000,-0.400000,1,accelerating,0,[],2026-04-24T07:51:03.322738+00:00
1013,18715,113,JP,JPY,CPI,cpi_headline_mom,Headline CPI (MoM),2020-10-01,2020-11-19T23:30:00+00:00,-0.100000,-0.100000,0,flat,0.000000,0.300000,-1,decelerating,0,[],2026-04-24T07:51:03.322738+00:00
1014,18638,113,JP,JPY,CPI,cpi_headline_mom,Headline CPI (MoM),2020-11-01,2020-12-17T23:30:00+00:00,-0.400000,-0.100000,-1,down,-0.300000,0.000000,-1,decelerating,0,[],2026-04-24T07:51:03.322738+00:00
1015,19416,113,JP,JPY,CPI,cpi_headline_mom,Headline CPI (MoM),2020-12-01,2021-01-21T23:30:00+00:00,-0.300000,-0.400000,1,up,0.400000,-0.300000,1,accelerating,1,[],2026-04-24T07:51:03.322738+00:00
1016,19348,113,JP,JPY,CPI,cpi_headline_mom,Headline CPI (MoM),2021-01-01,2021-02-18T23:30:00+00:00,0.600000,-0.300000,1,up,0.800000,0.400000,1,accelerating,1,[],2026-04-24T07:51:03.322738+00:00
1017,19285,113,JP,JPY,CPI,cpi_headline_mom,Headline CPI (MoM),2021-02-01,2021-03-18T23:30:00+00:00,0.100000,0.600000,-1,down,-1.400000,0.800000,-1,decelerating,0,[],2026-04-24T07:51:03.322738+00:00
1018,19215,113,JP,JPY,CPI,cpi_headline_mom,Headline CPI (MoM),2021-03-01,2021-04-22T23:30:00+00:00,0.200000,0.100000,1,up,0.600000,-1.400000,1,accelerating,1,[],2026-04-24T07:51:03.322738+00:00
1019,19144,113,JP,JPY,CPI,cpi_headline_mom,Headline CPI (MoM),2021-04-01,2021-05-20T23:30:00+00:00,-0.400000,0.200000,-1,down,-0.700000,0.600000,-1,decelerating,0,[],2026-04-24T07:51:03.322738+00:00
1020,19079,113,JP,JPY,CPI,cpi_headline_mom,Headline CPI (MoM),2021-05-01,2021-06-17T23:30:00+00:00,0.300000,-0.400000,1,up,1.300000,-0.700000,1,accelerating,1,[],2026-04-24T07:51:03.322738+00:00
1021,19834,113,JP,JPY,CPI,cpi_headline_mom,Headline CPI (MoM),2021-06-01,2021-07-19T23:30:00+00:00,0.300000,0.300000,0,flat,-0.700000,1.300000,-1,decelerating,0,[],2026-04-24T07:51:03.322738+00:00
1022,19761,113,JP,JPY,CPI,cpi_headline_mom,Headline CPI (MoM),2021-07-01,2021-08-19T23:30:00+00:00,0.200000,0.300000,-1,down,-0.100000,-0.700000,1,accelerating,0,[],2026-04-24T07:51:03.322738+00:00
1023,19694,113,JP,JPY,CPI,cpi_headline_mom,Headline CPI (MoM),2021-08-01,2021-09-23T23:30:00+00:00,-0.200000,0.200000,-1,down,-0.300000,-0.100000,-1,decelerating,0,[],2026-04-24T07:51:03.322738+00:00
1024,19624,113,JP,JPY,CPI,cpi_headline_mom,Headline CPI (MoM),2021-09-01,2021-10-21T23:30:00+00:00,0.400000,-0.200000,1,up,1.000000,-0.300000,1,accelerating,1,[],2026-04-24T07:51:03.322738+00:00
1025,19554,113,JP,JPY,CPI,cpi_headline_mom,Headline CPI (MoM),2021-10-01,2021-11-18T23:30:00+00:00,-0.300000,0.400000,-1,down,-1.300000,1.000000,-1,decelerating,0,[],2026-04-24T07:51:03.322738+00:00
1026,19471,113,JP,JPY,CPI,cpi_headline_mom,Headline CPI (MoM),2021-11-01,2021-12-23T23:30:00+00:00,0.300000,-0.300000,1,up,1.300000,-1.300000,1,accelerating,1,[],2026-04-24T07:51:03.322738+00:00
1027,20242,113,JP,JPY,CPI,cpi_headline_mom,Headline CPI (MoM),2021-12-01,2022-01-20T23:30:00+00:00,0.100000,0.300000,-1,down,-0.800000,1.300000,-1,decelerating,0,[],2026-04-24T07:51:03.322738+00:00
1028,20175,113,JP,JPY,CPI,cpi_headline_mom,Headline CPI (MoM),2022-01-01,2022-02-17T23:30:00+00:00,0.100000,0.100000,0,flat,0.200000,-0.800000,1,accelerating,0,[],2026-04-24T07:51:03.322738+00:00
1029,20112,113,JP,JPY,CPI,cpi_headline_mom,Headline CPI (MoM),2022-02-01,2022-03-17T23:30:00+00:00,0.400000,0.100000,1,up,0.300000,0.200000,1,accelerating,1,[],2026-04-24T07:51:03.322738+00:00
1030,20040,113,JP,JPY,CPI,cpi_headline_mom,Headline CPI (MoM),2022-03-01,2022-04-21T23:30:00+00:00,0.400000,0.400000,0,flat,-0.300000,0.300000,-1,decelerating,0,[],2026-04-24T07:51:03.322738+00:00
1031,19966,113,JP,JPY,CPI,cpi_headline_mom,Headline CPI (MoM),2022-04-01,2022-05-19T23:30:00+00:00,0.400000,0.400000,0,flat,0.000000,-0.300000,1,accelerating,0,[],2026-04-24T07:51:03.322738+00:00
1032,19889,113,JP,JPY,CPI,cpi_headline_mom,Headline CPI (MoM),2022-05-01,2022-06-23T23:30:00+00:00,0.200000,0.400000,-1,down,-0.200000,0.000000,-1,decelerating,0,[],2026-04-24T07:51:03.322738+00:00
1033,20635,113,JP,JPY,CPI,cpi_headline_mom,Headline CPI (MoM),2022-07-01,2022-08-18T23:30:00+00:00,0.500000,0.200000,1,up,0.500000,-0.200000,1,accelerating,1,[],2026-04-24T07:51:03.322738+00:00
1034,20557,113,JP,JPY,CPI,cpi_headline_mom,Headline CPI (MoM),2022-08-01,2022-09-19T23:30:00+00:00,0.400000,0.500000,-1,down,-0.400000,0.500000,-1,decelerating,0,[],2026-04-24T07:51:03.322738+00:00
1035,20477,113,JP,JPY,CPI,cpi_headline_mom,Headline CPI (MoM),2022-09-01,2022-10-20T23:30:00+00:00,0.300000,0.400000,-1,down,0.000000,-0.400000,1,accelerating,0,[],2026-04-24T07:51:03.322738+00:00
1036,20401,113,JP,JPY,CPI,cpi_headline_mom,Headline CPI (MoM),2022-10-01,2022-11-17T23:30:00+00:00,0.600000,0.300000,1,up,0.400000,0.000000,1,accelerating,1,[],2026-04-24T07:51:03.322738+00:00
1037,20307,113,JP,JPY,CPI,cpi_headline_mom,Headline CPI (MoM),2022-11-01,2022-12-22T23:30:00+00:00,0.300000,0.600000,-1,down,-0.600000,0.400000,-1,decelerating,0,[],2026-04-24T07:51:03.322738+00:00
1038,21176,113,JP,JPY,CPI,cpi_headline_mom,Headline CPI (MoM),2022-12-01,2023-01-19T23:30:00+00:00,0.300000,0.300000,0,flat,0.300000,-0.600000,1,accelerating,0,[],2026-04-24T07:51:03.322738+00:00
1039,21096,113,JP,JPY,CPI,cpi_headline_mom,Headline CPI (MoM),2023-01-01,2023-02-23T23:30:00+00:00,0.400000,0.300000,1,up,0.100000,0.300000,-1,decelerating,1,[],2026-04-24T07:51:03.322738+00:00
1040,21021,113,JP,JPY,CPI,cpi_headline_mom,Headline CPI (MoM),2023-02-01,2023-03-23T23:30:00+00:00,-0.600000,0.400000,-1,down,-1.100000,0.100000,-1,decelerating,0,[],2026-04-24T07:51:03.322738+00:00
1041,20945,113,JP,JPY,CPI,cpi_headline_mom,Headline CPI (MoM),2023-03-01,2023-04-20T23:30:00+00:00,0.300000,-0.600000,1,up,1.900000,-1.100000,1,accelerating,1,[],2026-04-24T07:51:03.322738+00:00
1042,20871,113,JP,JPY,CPI,cpi_headline_mom,Headline CPI (MoM),2023-04-01,2023-05-18T23:30:00+00:00,0.600000,0.300000,1,up,-0.600000,1.900000,-1,decelerating,1,[],2026-04-24T07:51:03.322738+00:00
1043,21654,113,JP,JPY,CPI,cpi_headline_mom,Headline CPI (MoM),2023-06-01,2023-07-20T23:30:00+00:00,0.200000,0.600000,-1,down,-0.700000,-0.600000,-1,decelerating,0,[],2026-04-24T07:51:03.322738+00:00
1044,21578,113,JP,JPY,CPI,cpi_headline_mom,Headline CPI (MoM),2023-07-01,2023-08-17T23:30:00+00:00,0.400000,0.200000,1,up,0.600000,-0.700000,1,accelerating,1,[],2026-04-24T07:51:03.322738+00:00
1045,21495,113,JP,JPY,CPI,cpi_headline_mom,Headline CPI (MoM),2023-08-01,2023-09-21T23:30:00+00:00,0.200000,0.400000,-1,down,-0.400000,0.600000,-1,decelerating,0,[],2026-04-24T07:51:03.322738+00:00
1046,21419,113,JP,JPY,CPI,cpi_headline_mom,Headline CPI (MoM),2023-09-01,2023-10-19T23:30:00+00:00,0.300000,0.200000,1,up,0.300000,-0.400000,1,accelerating,1,[],2026-04-24T07:51:03.322738+00:00
1047,21339,113,JP,JPY,CPI,cpi_headline_mom,Headline CPI (MoM),2023-10-01,2023-11-23T23:30:00+00:00,0.700000,0.300000,1,up,0.300000,0.300000,0,flat,1,[],2026-04-24T07:51:03.322738+00:00
1048,21249,113,JP,JPY,CPI,cpi_headline_mom,Headline CPI (MoM),2023-11-01,2023-12-21T23:30:00+00:00,-0.100000,0.700000,-1,down,-1.200000,0.300000,-1,decelerating,0,[],2026-04-24T07:51:03.322738+00:00
1049,22203,113,JP,JPY,CPI,cpi_headline_mom,Headline CPI (MoM),2023-12-01,2024-01-18T23:30:00+00:00,0.100000,-0.100000,1,up,1.000000,-1.200000,1,accelerating,1,[],2026-04-24T07:51:03.322738+00:00
1050,21926,113,JP,JPY,CPI,cpi_headline_mom,Headline CPI (MoM),2024-03-01,2024-04-18T23:30:00+00:00,0.200000,0.100000,1,up,-0.100000,1.000000,-1,decelerating,1,[],2026-04-24T07:51:03.322738+00:00
1051,21827,113,JP,JPY,CPI,cpi_headline_mom,Headline CPI (MoM),2024-04-01,2024-05-23T23:30:00+00:00,0.200000,0.200000,0,flat,-0.100000,-0.100000,0,flat,0,[],2026-04-24T07:51:03.322738+00:00
1052,21739,113,JP,JPY,CPI,cpi_headline_mom,Headline CPI (MoM),2024-05-01,2024-06-20T23:30:00+00:00,0.500000,0.200000,1,up,0.300000,-0.100000,1,accelerating,1,[],2026-04-24T07:51:03.322738+00:00
1053,22762,113,JP,JPY,CPI,cpi_headline_mom,Headline CPI (MoM),2024-06-01,2024-07-18T23:30:00+00:00,0.300000,0.500000,-1,down,-0.500000,0.300000,-1,decelerating,0,[],2026-04-24T07:51:03.322738+00:00
1054,22662,113,JP,JPY,CPI,cpi_headline_mom,Headline CPI (MoM),2024-07-01,2024-08-22T23:30:00+00:00,0.200000,0.300000,-1,down,0.100000,-0.500000,1,accelerating,0,[],2026-04-24T07:51:03.322738+00:00
1055,22581,113,JP,JPY,CPI,cpi_headline_mom,Headline CPI (MoM),2024-08-01,2024-09-19T23:30:00+00:00,0.500000,0.200000,1,up,0.400000,0.100000,1,accelerating,1,[],2026-04-24T07:51:03.322738+00:00
1056,22487,113,JP,JPY,CPI,cpi_headline_mom,Headline CPI (MoM),2024-09-01,2024-10-17T23:30:00+00:00,-0.300000,0.500000,-1,down,-1.100000,0.400000,-1,decelerating,0,[],2026-04-24T07:51:03.322738+00:00
1057,22384,113,JP,JPY,CPI,cpi_headline_mom,Headline CPI (MoM),2024-10-01,2024-11-21T23:30:00+00:00,0.400000,-0.300000,1,up,1.500000,-1.100000,1,accelerating,1,[],2026-04-24T07:51:03.322738+00:00
1058,22273,113,JP,JPY,CPI,cpi_headline_mom,Headline CPI (MoM),2024-11-01,2024-12-19T23:30:00+00:00,0.600000,0.400000,1,up,-0.500000,1.500000,-1,decelerating,1,[],2026-04-24T07:51:03.322738+00:00
1059,23366,113,JP,JPY,CPI,cpi_headline_mom,Headline CPI (MoM),2024-12-01,2025-01-23T23:30:00+00:00,0.600000,0.600000,0,flat,-0.200000,-0.500000,1,accelerating,0,[],2026-04-24T07:51:03.322738+00:00
1060,23259,113,JP,JPY,CPI,cpi_headline_mom,Headline CPI (MoM),2025-01-01,2025-02-20T23:30:00+00:00,0.500000,0.600000,-1,down,-0.100000,-0.200000,1,accelerating,0,[],2026-04-24T07:51:03.322738+00:00
1061,23159,113,JP,JPY,CPI,cpi_headline_mom,Headline CPI (MoM),2025-02-01,2025-03-20T23:30:00+00:00,-0.100000,0.500000,-1,down,-0.500000,-0.100000,-1,decelerating,0,[],2026-04-24T07:51:03.322738+00:00
1062,23057,113,JP,JPY,CPI,cpi_headline_mom,Headline CPI (MoM),2025-03-01,2025-04-17T23:30:00+00:00,0.300000,-0.100000,1,up,1.000000,-0.500000,1,accelerating,1,[],2026-04-24T07:51:03.322738+00:00
1063,22946,113,JP,JPY,CPI,cpi_headline_mom,Headline CPI (MoM),2025-04-01,2025-05-22T23:30:00+00:00,0.100000,0.300000,-1,down,-0.600000,1.000000,-1,decelerating,0,[],2026-04-24T07:51:03.322738+00:00
1064,22855,113,JP,JPY,CPI,cpi_headline_mom,Headline CPI (MoM),2025-05-01,2025-06-19T23:30:00+00:00,0.300000,0.100000,1,up,0.400000,-0.600000,1,accelerating,1,[],2026-04-24T07:51:03.322738+00:00
1065,24048,113,JP,JPY,CPI,cpi_headline_mom,Headline CPI (MoM),2025-06-01,2025-07-17T23:30:00+00:00,0.100000,0.300000,-1,down,-0.400000,0.400000,-1,decelerating,0,[],2026-04-24T07:51:03.322738+00:00
1066,23932,113,JP,JPY,CPI,cpi_headline_mom,Headline CPI (MoM),2025-07-01,2025-08-21T23:30:00+00:00,0.100000,0.100000,0,flat,0.200000,-0.400000,1,accelerating,0,[],2026-04-24T07:51:03.322738+00:00
1067,23827,113,JP,JPY,CPI,cpi_headline_mom,Headline CPI (MoM),2025-08-01,2025-09-18T23:30:00+00:00,0.100000,0.100000,0,flat,0.000000,0.200000,-1,decelerating,0,[],2026-04-24T07:51:03.322738+00:00
1068,23701,113,JP,JPY,CPI,cpi_headline_mom,Headline CPI (MoM),2025-09-01,2025-10-23T23:30:00+00:00,0.100000,0.100000,0,flat,0.000000,0.000000,0,flat,0,[],2026-04-24T07:51:03.322738+00:00
1069,23586,113,JP,JPY,CPI,cpi_headline_mom,Headline CPI (MoM),2025-10-01,2025-11-20T23:30:00+00:00,0.400000,0.100000,1,up,0.300000,0.000000,1,accelerating,1,[],2026-04-24T07:51:03.322738+00:00
1070,23457,113,JP,JPY,CPI,cpi_headline_mom,Headline CPI (MoM),2025-11-01,2025-12-18T23:30:00+00:00,0.400000,0.400000,0,flat,-0.300000,0.300000,-1,decelerating,0,[],2026-04-24T07:51:03.322738+00:00
1071,1176,113,JP,JPY,CPI,cpi_headline_mom,Headline CPI (MoM),2025-12-01,2026-01-22T17:30:00+00:00,-0.100000,0.400000,-1,down,-0.500000,-0.300000,-1,decelerating,0,[],2026-04-24T07:51:03.322738+00:00
1072,45763,113,JP,JPY,CPI,cpi_headline_mom,Headline CPI (MoM),2026-01-01,2026-02-19T23:30:00+00:00,-0.200000,-0.100000,-1,down,0.400000,-0.500000,1,accelerating,0,[],2026-04-24T07:51:03.322738+00:00
1073,45755,113,JP,JPY,CPI,cpi_headline_mom,Headline CPI (MoM),2026-02-01,2026-03-23T23:30:00+00:00,-0.200000,-0.200000,0,flat,0.100000,0.400000,-1,decelerating,0,[],2026-04-24T07:51:03.322738+00:00
1074,45756,113,JP,JPY,CPI,cpi_headline_mom,Headline CPI (MoM),2026-02-01,2026-03-23T23:30:00+00:00,-0.200000,-0.200000,0,flat,0.000000,0.100000,-1,decelerating,0,[],2026-04-24T07:51:03.322738+00:00
1075,45743,113,JP,JPY,CPI,cpi_headline_mom,Headline CPI (MoM),2026-03-01,2026-04-23T23:30:00+00:00,0.400000,-0.200000,1,up,0.600000,0.000000,1,accelerating,1,[],2026-04-24T07:51:03.322738+00:00
1076,45745,113,JP,JPY,CPI,cpi_headline_mom,Headline CPI (MoM),2026-03-01,2026-04-23T23:30:00+00:00,0.400000,0.400000,0,flat,-0.600000,0.600000,-1,decelerating,0,[],2026-04-24T07:51:03.322738+00:00
1077,2944,115,AU,AUD,CPI,cpi_headline_yoy,Headline CPI (YoY),2019-10-01,2020-01-29T00:30:00+00:00,1.800000,,,,,,,,,"[""direction_target_short_history"", ""acceleration_target_short_history""]",2026-04-24T07:51:03.322738+00:00
1078,2794,115,AU,AUD,CPI,cpi_headline_yoy,Headline CPI (YoY),2020-01-01,2020-04-29T01:30:00+00:00,2.200000,1.800000,1,up,,,,,1,"[""acceleration_target_short_history""]",2026-04-24T07:51:03.322738+00:00
1079,3223,115,AU,AUD,CPI,cpi_headline_yoy,Headline CPI (YoY),2020-04-01,2020-07-29T01:30:00+00:00,-0.300000,2.200000,-1,down,-2.900000,,,,0,"[""acceleration_target_short_history""]",2026-04-24T07:51:03.322738+00:00
1080,3089,115,AU,AUD,CPI,cpi_headline_yoy,Headline CPI (YoY),2020-07-01,2020-10-28T00:30:00+00:00,0.700000,-0.300000,1,up,3.500000,-2.900000,1,accelerating,1,[],2026-04-24T07:51:03.322738+00:00
1081,3506,115,AU,AUD,CPI,cpi_headline_yoy,Headline CPI (YoY),2020-10-01,2021-01-27T00:30:00+00:00,0.900000,0.700000,1,up,-0.800000,3.500000,-1,decelerating,1,[],2026-04-24T07:51:03.322738+00:00
1082,3361,115,AU,AUD,CPI,cpi_headline_yoy,Headline CPI (YoY),2021-01-01,2021-04-28T01:30:00+00:00,1.100000,0.900000,1,up,0.000000,-0.800000,1,accelerating,1,[],2026-04-24T07:51:03.322738+00:00
1083,3800,115,AU,AUD,CPI,cpi_headline_yoy,Headline CPI (YoY),2021-04-01,2021-07-28T01:30:00+00:00,3.800000,1.100000,1,up,2.500000,0.000000,1,accelerating,1,[],2026-04-24T07:51:03.322738+00:00
1084,3659,115,AU,AUD,CPI,cpi_headline_yoy,Headline CPI (YoY),2021-07-01,2021-10-27T00:30:00+00:00,3.000000,3.800000,-1,down,-3.500000,2.500000,-1,decelerating,0,[],2026-04-24T07:51:03.322738+00:00
1085,4107,115,AU,AUD,CPI,cpi_headline_yoy,Headline CPI (YoY),2021-10-01,2022-01-25T00:30:00+00:00,3.500000,3.000000,1,up,1.300000,-3.500000,1,accelerating,1,[],2026-04-24T07:51:03.322738+00:00
1086,3949,115,AU,AUD,CPI,cpi_headline_yoy,Headline CPI (YoY),2022-01-01,2022-04-27T01:30:00+00:00,5.100000,3.500000,1,up,1.100000,1.300000,-1,decelerating,1,[],2026-04-24T07:51:03.322738+00:00
1087,4404,115,AU,AUD,CPI,cpi_headline_yoy,Headline CPI (YoY),2022-04-01,2022-07-27T01:30:00+00:00,6.100000,5.100000,1,up,-0.600000,1.100000,-1,decelerating,1,[],2026-04-24T07:51:03.322738+00:00
1088,4258,115,AU,AUD,CPI,cpi_headline_yoy,Headline CPI (YoY),2022-07-01,2022-10-26T00:30:00+00:00,7.300000,6.100000,1,up,0.200000,-0.600000,1,accelerating,1,[],2026-04-24T07:51:03.322738+00:00
1089,4713,115,AU,AUD,CPI,cpi_headline_yoy,Headline CPI (YoY),2022-10-01,2023-01-25T00:30:00+00:00,7.800000,7.300000,1,up,-0.700000,0.200000,-1,decelerating,1,[],2026-04-24T07:51:03.322738+00:00
1090,4558,115,AU,AUD,CPI,cpi_headline_yoy,Headline CPI (YoY),2023-01-01,2023-04-26T01:30:00+00:00,7.000000,7.800000,-1,down,-1.300000,-0.700000,-1,decelerating,0,[],2026-04-24T07:51:03.322738+00:00
1091,5034,115,AU,AUD,CPI,cpi_headline_yoy,Headline CPI (YoY),2023-04-01,2023-07-26T01:30:00+00:00,6.000000,7.000000,-1,down,-0.200000,-1.300000,1,accelerating,0,[],2026-04-24T07:51:03.322738+00:00
1092,4875,115,AU,AUD,CPI,cpi_headline_yoy,Headline CPI (YoY),2023-07-01,2023-10-25T00:30:00+00:00,5.400000,6.000000,-1,down,0.400000,-0.200000,1,accelerating,0,[],2026-04-24T07:51:03.322738+00:00
1093,5408,115,AU,AUD,CPI,cpi_headline_yoy,Headline CPI (YoY),2023-10-01,2024-01-31T00:30:00+00:00,4.100000,5.400000,-1,down,-0.700000,0.400000,-1,decelerating,0,[],2026-04-24T07:51:03.322738+00:00
1094,5215,115,AU,AUD,CPI,cpi_headline_yoy,Headline CPI (YoY),2024-01-01,2024-04-24T01:30:00+00:00,3.600000,4.100000,-1,down,0.800000,-0.700000,1,accelerating,0,[],2026-04-24T07:51:03.322738+00:00
1095,5793,115,AU,AUD,CPI,cpi_headline_yoy,Headline CPI (YoY),2024-04-01,2024-07-31T01:30:00+00:00,3.800000,3.600000,1,up,0.700000,0.800000,-1,decelerating,1,[],2026-04-24T07:51:03.322738+00:00
1096,5599,115,AU,AUD,CPI,cpi_headline_yoy,Headline CPI (YoY),2024-07-01,2024-10-30T00:30:00+00:00,2.800000,3.800000,-1,down,-1.200000,0.700000,-1,decelerating,0,[],2026-04-24T07:51:03.322738+00:00
1097,6240,115,AU,AUD,CPI,cpi_headline_yoy,Headline CPI (YoY),2024-10-01,2025-01-29T00:30:00+00:00,2.400000,2.800000,-1,down,0.600000,-1.200000,1,accelerating,0,[],2026-04-24T07:51:03.322738+00:00
1098,5998,115,AU,AUD,CPI,cpi_headline_yoy,Headline CPI (YoY),2025-01-01,2025-04-30T01:30:00+00:00,2.400000,2.400000,0,flat,0.400000,0.600000,-1,decelerating,0,[],2026-04-24T07:51:03.322738+00:00
1099,6730,115,AU,AUD,CPI,cpi_headline_yoy,Headline CPI (YoY),2025-04-01,2025-07-30T01:30:00+00:00,2.100000,2.400000,-1,down,-0.300000,0.400000,-1,decelerating,0,[],2026-04-24T07:51:03.322738+00:00
1100,6471,115,AU,AUD,CPI,cpi_headline_yoy,Headline CPI (YoY),2025-07-01,2025-10-29T00:30:00+00:00,3.200000,2.100000,1,up,1.400000,-0.300000,1,accelerating,1,[],2026-04-24T07:51:03.322738+00:00
1101,6387,115,AU,AUD,CPI,cpi_headline_yoy,Headline CPI (YoY),2025-10-01,2025-11-26T00:30:00+00:00,3.800000,3.200000,1,up,-0.500000,1.400000,-1,decelerating,1,[],2026-04-24T07:51:03.322738+00:00
1102,6833,115,AU,AUD,CPI,cpi_headline_yoy,Headline CPI (YoY),2025-11-01,2026-01-07T00:30:00+00:00,3.400000,3.800000,-1,down,-1.000000,-0.500000,-1,decelerating,0,[],2026-04-24T07:51:03.322738+00:00
1103,6837,115,AU,AUD,CPI,cpi_headline_yoy,Headline CPI (YoY),2025-11-01,2026-01-07T00:30:00+00:00,3.400000,3.400000,0,flat,0.400000,-1.000000,1,accelerating,0,[],2026-04-24T07:51:03.322738+00:00
1104,45445,115,AU,AUD,CPI,cpi_headline_yoy,Headline CPI (YoY),2025-12-01,2026-01-28T00:30:00+00:00,3.300000,3.400000,-1,down,-0.100000,0.400000,-1,decelerating,0,[],2026-04-24T07:51:03.322738+00:00
1105,45446,115,AU,AUD,CPI,cpi_headline_yoy,Headline CPI (YoY),2025-12-01,2026-01-28T00:30:00+00:00,3.800000,3.300000,1,up,0.600000,-0.100000,1,accelerating,1,[],2026-04-24T07:51:03.322738+00:00
1106,6802,115,AU,AUD,CPI,cpi_headline_yoy,Headline CPI (YoY),2026-01-01,2026-02-25T00:30:00+00:00,3.400000,3.800000,-1,down,-0.900000,0.600000,-1,decelerating,0,[],2026-04-24T07:51:03.322738+00:00
1107,45435,115,AU,AUD,CPI,cpi_headline_yoy,Headline CPI (YoY),2026-01-01,2026-02-25T00:30:00+00:00,3.800000,3.400000,1,up,0.800000,-0.900000,1,accelerating,1,[],2026-04-24T07:51:03.322738+00:00
1108,45232,115,AU,AUD,CPI,cpi_headline_yoy,Headline CPI (YoY),2026-02-01,2026-03-25T00:30:00+00:00,3.300000,3.800000,-1,down,-0.900000,0.800000,-1,decelerating,0,[],2026-04-24T07:51:03.322738+00:00
1109,45428,115,AU,AUD,CPI,cpi_headline_yoy,Headline CPI (YoY),2026-02-01,2026-03-25T00:30:00+00:00,3.500000,3.300000,1,up,0.700000,-0.900000,1,accelerating,1,[],2026-04-24T07:51:03.322738+00:00
1110,6835,116,AU,AUD,CPI,cpi_headline_mom,Headline CPI (MoM),2025-11-01,2026-01-07T00:30:00+00:00,0.300000,,,,,,,,,"[""direction_target_short_history"", ""acceleration_target_short_history""]",2026-04-24T07:51:03.322738+00:00
1111,45447,116,AU,AUD,CPI,cpi_headline_mom,Headline CPI (MoM),2025-12-01,2026-01-28T00:30:00+00:00,0.200000,0.300000,-1,down,,,,,0,"[""acceleration_target_short_history""]",2026-04-24T07:51:03.322738+00:00
1112,45436,116,AU,AUD,CPI,cpi_headline_mom,Headline CPI (MoM),2026-01-01,2026-02-25T00:30:00+00:00,0.300000,0.200000,1,up,0.200000,,,,1,"[""acceleration_target_short_history""]",2026-04-24T07:51:03.322738+00:00
1113,2945,117,AU,AUD,CPI,cpi_headline_qoq,Headline CPI (QoQ),2019-10-01,2020-01-29T00:30:00+00:00,0.700000,,,,,,,,,"[""direction_target_short_history"", ""acceleration_target_short_history""]",2026-04-24T07:51:03.322738+00:00
1114,2800,117,AU,AUD,CPI,cpi_headline_qoq,Headline CPI (QoQ),2020-01-01,2020-04-29T01:30:00+00:00,0.300000,0.700000,-1,down,,,,,0,"[""acceleration_target_short_history""]",2026-04-24T07:51:03.322738+00:00
1115,3227,117,AU,AUD,CPI,cpi_headline_qoq,Headline CPI (QoQ),2020-04-01,2020-07-29T01:30:00+00:00,-1.900000,0.300000,-1,down,-1.800000,,,,0,"[""acceleration_target_short_history""]",2026-04-24T07:51:03.322738+00:00
1116,3083,117,AU,AUD,CPI,cpi_headline_qoq,Headline CPI (QoQ),2020-07-01,2020-10-28T00:30:00+00:00,1.600000,-1.900000,1,up,5.700000,-1.800000,1,accelerating,1,[],2026-04-24T07:51:03.322738+00:00
1117,3507,117,AU,AUD,CPI,cpi_headline_qoq,Headline CPI (QoQ),2020-10-01,2021-01-27T00:30:00+00:00,0.900000,1.600000,-1,down,-4.200000,5.700000,-1,decelerating,0,[],2026-04-24T07:51:03.322738+00:00
1118,3362,117,AU,AUD,CPI,cpi_headline_qoq,Headline CPI (QoQ),2021-01-01,2021-04-28T01:30:00+00:00,0.600000,0.900000,-1,down,0.400000,-4.200000,1,accelerating,0,[],2026-04-24T07:51:03.322738+00:00
1119,3799,117,AU,AUD,CPI,cpi_headline_qoq,Headline CPI (QoQ),2021-04-01,2021-07-28T01:30:00+00:00,0.800000,0.600000,1,up,0.500000,0.400000,1,accelerating,1,[],2026-04-24T07:51:03.322738+00:00
1120,3654,117,AU,AUD,CPI,cpi_headline_qoq,Headline CPI (QoQ),2021-07-01,2021-10-27T00:30:00+00:00,0.800000,0.800000,0,flat,-0.200000,0.500000,-1,decelerating,0,[],2026-04-24T07:51:03.322738+00:00
1121,4109,117,AU,AUD,CPI,cpi_headline_qoq,Headline CPI (QoQ),2021-10-01,2022-01-25T00:30:00+00:00,1.300000,0.800000,1,up,0.500000,-0.200000,1,accelerating,1,[],2026-04-24T07:51:03.322738+00:00
1122,3948,117,AU,AUD,CPI,cpi_headline_qoq,Headline CPI (QoQ),2022-01-01,2022-04-27T01:30:00+00:00,2.100000,1.300000,1,up,0.300000,0.500000,-1,decelerating,1,[],2026-04-24T07:51:03.322738+00:00
1123,4407,117,AU,AUD,CPI,cpi_headline_qoq,Headline CPI (QoQ),2022-04-01,2022-07-27T01:30:00+00:00,1.800000,2.100000,-1,down,-1.100000,0.300000,-1,decelerating,0,[],2026-04-24T07:51:03.322738+00:00
1124,4257,117,AU,AUD,CPI,cpi_headline_qoq,Headline CPI (QoQ),2022-07-01,2022-10-26T00:30:00+00:00,1.800000,1.800000,0,flat,0.300000,-1.100000,1,accelerating,0,[],2026-04-24T07:51:03.322738+00:00
1125,4712,117,AU,AUD,CPI,cpi_headline_qoq,Headline CPI (QoQ),2022-10-01,2023-01-25T00:30:00+00:00,1.900000,1.800000,1,up,0.100000,0.300000,-1,decelerating,1,[],2026-04-24T07:51:03.322738+00:00
1126,4559,117,AU,AUD,CPI,cpi_headline_qoq,Headline CPI (QoQ),2023-01-01,2023-04-26T01:30:00+00:00,1.400000,1.900000,-1,down,-0.600000,0.100000,-1,decelerating,0,[],2026-04-24T07:51:03.322738+00:00
1127,5035,117,AU,AUD,CPI,cpi_headline_qoq,Headline CPI (QoQ),2023-04-01,2023-07-26T01:30:00+00:00,0.800000,1.400000,-1,down,-0.100000,-0.600000,1,accelerating,0,[],2026-04-24T07:51:03.322738+00:00
1128,4874,117,AU,AUD,CPI,cpi_headline_qoq,Headline CPI (QoQ),2023-07-01,2023-10-25T00:30:00+00:00,1.200000,0.800000,1,up,1.000000,-0.100000,1,accelerating,1,[],2026-04-24T07:51:03.322738+00:00
1129,5412,117,AU,AUD,CPI,cpi_headline_qoq,Headline CPI (QoQ),2023-10-01,2024-01-31T00:30:00+00:00,0.600000,1.200000,-1,down,-1.000000,1.000000,-1,decelerating,0,[],2026-04-24T07:51:03.322738+00:00
1130,5217,117,AU,AUD,CPI,cpi_headline_qoq,Headline CPI (QoQ),2024-01-01,2024-04-24T01:30:00+00:00,1.000000,0.600000,1,up,1.000000,-1.000000,1,accelerating,1,[],2026-04-24T07:51:03.322738+00:00
1131,5791,117,AU,AUD,CPI,cpi_headline_qoq,Headline CPI (QoQ),2024-04-01,2024-07-31T01:30:00+00:00,1.000000,1.000000,0,flat,-0.400000,1.000000,-1,decelerating,0,[],2026-04-24T07:51:03.322738+00:00
1132,5606,117,AU,AUD,CPI,cpi_headline_qoq,Headline CPI (QoQ),2024-07-01,2024-10-30T00:30:00+00:00,0.200000,1.000000,-1,down,-0.800000,-0.400000,-1,decelerating,0,[],2026-04-24T07:51:03.322738+00:00
1133,6242,117,AU,AUD,CPI,cpi_headline_qoq,Headline CPI (QoQ),2024-10-01,2025-01-29T00:30:00+00:00,0.200000,0.200000,0,flat,0.800000,-0.800000,1,accelerating,0,[],2026-04-24T07:51:03.322738+00:00
1134,6002,117,AU,AUD,CPI,cpi_headline_qoq,Headline CPI (QoQ),2025-01-01,2025-04-30T01:30:00+00:00,0.900000,0.200000,1,up,0.700000,0.800000,-1,decelerating,1,[],2026-04-24T07:51:03.322738+00:00
1135,6731,117,AU,AUD,CPI,cpi_headline_qoq,Headline CPI (QoQ),2025-04-01,2025-07-30T01:30:00+00:00,0.700000,0.900000,-1,down,-0.900000,0.700000,-1,decelerating,0,[],2026-04-24T07:51:03.322738+00:00
1136,6468,117,AU,AUD,CPI,cpi_headline_qoq,Headline CPI (QoQ),2025-07-01,2025-10-29T00:30:00+00:00,1.300000,0.700000,1,up,0.800000,-0.900000,1,accelerating,1,[],2026-04-24T07:51:03.322738+00:00
1137,6838,117,AU,AUD,CPI,cpi_headline_qoq,Headline CPI (QoQ),2025-11-01,2026-01-06T18:30:00+00:00,0.300000,1.300000,-1,down,-1.600000,0.800000,-1,decelerating,0,[],2026-04-24T07:51:03.322738+00:00
1138,242,117,AU,AUD,CPI,cpi_headline_qoq,Headline CPI (QoQ),2025-12-01,2026-01-27T18:30:00+00:00,0.900000,0.300000,1,up,1.600000,-1.600000,1,accelerating,1,[],2026-04-24T07:51:03.322738+00:00
1139,2956,126,AU,AUD,UNEMPLOYMENT,unemployment_rate,Unemployment Rate,2019-12-01,2020-01-23T00:30:00+00:00,5.100000,,,,,,,,,"[""direction_target_short_history"", ""acceleration_target_short_history""]",2026-04-24T07:51:03.322738+00:00
1140,2898,126,AU,AUD,UNEMPLOYMENT,unemployment_rate,Unemployment Rate,2020-01-01,2020-02-20T00:30:00+00:00,5.300000,5.100000,1,up,,,,,1,"[""acceleration_target_short_history""]",2026-04-24T07:51:03.322738+00:00
1141,2847,126,AU,AUD,UNEMPLOYMENT,unemployment_rate,Unemployment Rate,2020-02-01,2020-03-19T00:30:00+00:00,5.100000,5.300000,-1,down,-0.400000,,,,0,"[""acceleration_target_short_history""]",2026-04-24T07:51:03.322738+00:00
1142,2809,126,AU,AUD,UNEMPLOYMENT,unemployment_rate,Unemployment Rate,2020-03-01,2020-04-16T01:30:00+00:00,5.200000,5.100000,1,up,0.300000,-0.400000,1,accelerating,1,[],2026-04-24T07:51:03.322738+00:00
1143,2762,126,AU,AUD,UNEMPLOYMENT,unemployment_rate,Unemployment Rate,2020-04-01,2020-05-14T01:30:00+00:00,6.200000,5.200000,1,up,0.900000,0.300000,1,accelerating,1,[],2026-04-24T07:51:03.322738+00:00
1144,2709,126,AU,AUD,UNEMPLOYMENT,unemployment_rate,Unemployment Rate,2020-05-01,2020-06-18T01:30:00+00:00,7.100000,6.200000,1,up,-0.100000,0.900000,-1,decelerating,1,[],2026-04-24T07:51:03.322738+00:00
1145,3236,126,AU,AUD,UNEMPLOYMENT,unemployment_rate,Unemployment Rate,2020-06-01,2020-07-16T01:30:00+00:00,7.400000,7.100000,1,up,-0.600000,-0.100000,-1,decelerating,1,[],2026-04-24T07:51:03.322738+00:00
1146,3188,126,AU,AUD,UNEMPLOYMENT,unemployment_rate,Unemployment Rate,2020-07-01,2020-08-13T01:30:00+00:00,7.500000,7.400000,1,up,-0.200000,-0.600000,1,accelerating,1,[],2026-04-24T07:51:03.322738+00:00
1147,3134,126,AU,AUD,UNEMPLOYMENT,unemployment_rate,Unemployment Rate,2020-08-01,2020-09-17T01:30:00+00:00,6.800000,7.500000,-1,down,-0.800000,-0.200000,-1,decelerating,0,[],2026-04-24T07:51:03.322738+00:00
1148,3100,126,AU,AUD,UNEMPLOYMENT,unemployment_rate,Unemployment Rate,2020-09-01,2020-10-15T00:30:00+00:00,6.900000,6.800000,1,up,0.800000,-0.800000,1,accelerating,1,[],2026-04-24T07:51:03.322738+00:00
1149,3045,126,AU,AUD,UNEMPLOYMENT,unemployment_rate,Unemployment Rate,2020-10-01,2020-11-19T00:30:00+00:00,7.000000,6.900000,1,up,0.000000,0.800000,-1,decelerating,1,[],2026-04-24T07:51:03.322738+00:00
1150,2989,126,AU,AUD,UNEMPLOYMENT,unemployment_rate,Unemployment Rate,2020-11-01,2020-12-17T00:30:00+00:00,6.800000,7.000000,-1,down,-0.300000,0.000000,-1,decelerating,0,[],2026-04-24T07:51:03.322738+00:00
1151,3523,126,AU,AUD,UNEMPLOYMENT,unemployment_rate,Unemployment Rate,2020-12-01,2021-01-21T00:30:00+00:00,6.600000,6.800000,-1,down,0.000000,-0.300000,1,accelerating,0,[],2026-04-24T07:51:03.322738+00:00
1152,3470,126,AU,AUD,UNEMPLOYMENT,unemployment_rate,Unemployment Rate,2021-01-01,2021-02-18T00:30:00+00:00,6.400000,6.600000,-1,down,0.000000,0.000000,0,flat,0,[],2026-04-24T07:51:03.322738+00:00
1153,3414,126,AU,AUD,UNEMPLOYMENT,unemployment_rate,Unemployment Rate,2021-02-01,2021-03-18T00:30:00+00:00,5.800000,6.400000,-1,down,-0.400000,0.000000,-1,decelerating,0,[],2026-04-24T07:51:03.322738+00:00
1154,3379,126,AU,AUD,UNEMPLOYMENT,unemployment_rate,Unemployment Rate,2021-03-01,2021-04-15T01:30:00+00:00,5.600000,5.800000,-1,down,0.400000,-0.400000,1,accelerating,0,[],2026-04-24T07:51:03.322738+00:00
1155,3323,126,AU,AUD,UNEMPLOYMENT,unemployment_rate,Unemployment Rate,2021-04-01,2021-05-20T01:30:00+00:00,5.500000,5.600000,-1,down,0.100000,0.400000,-1,decelerating,0,[],2026-04-24T07:51:03.322738+00:00
1156,3272,126,AU,AUD,UNEMPLOYMENT,unemployment_rate,Unemployment Rate,2021-05-01,2021-06-17T01:30:00+00:00,5.100000,5.500000,-1,down,-0.300000,0.100000,-1,decelerating,0,[],2026-04-24T07:51:03.322738+00:00
1157,3814,126,AU,AUD,UNEMPLOYMENT,unemployment_rate,Unemployment Rate,2021-06-01,2021-07-15T01:30:00+00:00,4.900000,5.100000,-1,down,0.200000,-0.300000,1,accelerating,0,[],2026-04-24T07:51:03.322738+00:00
1158,3760,126,AU,AUD,UNEMPLOYMENT,unemployment_rate,Unemployment Rate,2021-07-01,2021-08-19T01:30:00+00:00,4.600000,4.900000,-1,down,-0.100000,0.200000,-1,decelerating,0,[],2026-04-24T07:51:03.322738+00:00
1159,3709,126,AU,AUD,UNEMPLOYMENT,unemployment_rate,Unemployment Rate,2021-08-01,2021-09-16T01:30:00+00:00,4.500000,4.600000,-1,down,0.200000,-0.100000,1,accelerating,0,[],2026-04-24T07:51:03.322738+00:00
1160,3668,126,AU,AUD,UNEMPLOYMENT,unemployment_rate,Unemployment Rate,2021-09-01,2021-10-14T00:30:00+00:00,4.600000,4.500000,1,up,0.200000,0.200000,0,flat,1,[],2026-04-24T07:51:03.322738+00:00
1161,3622,126,AU,AUD,UNEMPLOYMENT,unemployment_rate,Unemployment Rate,2021-10-01,2021-11-11T00:30:00+00:00,5.200000,4.600000,1,up,0.500000,0.200000,1,accelerating,1,[],2026-04-24T07:51:03.322738+00:00
1162,3552,126,AU,AUD,UNEMPLOYMENT,unemployment_rate,Unemployment Rate,2021-11-01,2021-12-16T00:30:00+00:00,4.600000,5.200000,-1,down,-1.200000,0.500000,-1,decelerating,0,[],2026-04-24T07:51:03.322738+00:00
1163,4114,126,AU,AUD,UNEMPLOYMENT,unemployment_rate,Unemployment Rate,2021-12-01,2022-01-20T00:30:00+00:00,4.200000,4.600000,-1,down,0.200000,-1.200000,1,accelerating,0,[],2026-04-24T07:51:03.322738+00:00
1164,4057,126,AU,AUD,UNEMPLOYMENT,unemployment_rate,Unemployment Rate,2022-01-01,2022-02-17T00:30:00+00:00,4.200000,4.200000,0,flat,0.400000,0.200000,1,accelerating,0,[],2026-04-24T07:51:03.322738+00:00
1165,4001,126,AU,AUD,UNEMPLOYMENT,unemployment_rate,Unemployment Rate,2022-02-01,2022-03-17T00:30:00+00:00,4.000000,4.200000,-1,down,-0.200000,0.400000,-1,decelerating,0,[],2026-04-24T07:51:03.322738+00:00
1166,3967,126,AU,AUD,UNEMPLOYMENT,unemployment_rate,Unemployment Rate,2022-03-01,2022-04-14T01:30:00+00:00,4.000000,4.000000,0,flat,0.200000,-0.200000,1,accelerating,0,[],2026-04-24T07:51:03.322738+00:00
1167,3907,126,AU,AUD,UNEMPLOYMENT,unemployment_rate,Unemployment Rate,2022-04-01,2022-05-19T01:30:00+00:00,3.900000,4.000000,-1,down,-0.100000,0.200000,-1,decelerating,0,[],2026-04-24T07:51:03.322738+00:00
1168,3850,126,AU,AUD,UNEMPLOYMENT,unemployment_rate,Unemployment Rate,2022-05-01,2022-06-16T01:30:00+00:00,3.900000,3.900000,0,flat,0.100000,-0.100000,1,accelerating,0,[],2026-04-24T07:51:03.322738+00:00
1169,4419,126,AU,AUD,UNEMPLOYMENT,unemployment_rate,Unemployment Rate,2022-06-01,2022-07-14T01:30:00+00:00,3.500000,3.900000,-1,down,-0.400000,0.100000,-1,decelerating,0,[],2026-04-24T07:51:03.322738+00:00
1170,4362,126,AU,AUD,UNEMPLOYMENT,unemployment_rate,Unemployment Rate,2022-07-01,2022-08-18T01:30:00+00:00,3.400000,3.500000,-1,down,0.300000,-0.400000,1,accelerating,0,[],2026-04-24T07:51:03.322738+00:00
1171,4316,126,AU,AUD,UNEMPLOYMENT,unemployment_rate,Unemployment Rate,2022-08-01,2022-09-15T01:30:00+00:00,3.500000,3.400000,1,up,0.200000,0.300000,-1,decelerating,1,[],2026-04-24T07:51:03.322738+00:00
1172,4266,126,AU,AUD,UNEMPLOYMENT,unemployment_rate,Unemployment Rate,2022-09-01,2022-10-20T00:30:00+00:00,3.500000,3.500000,0,flat,-0.100000,0.200000,-1,decelerating,0,[],2026-04-24T07:51:03.322738+00:00
1173,4211,126,AU,AUD,UNEMPLOYMENT,unemployment_rate,Unemployment Rate,2022-10-01,2022-11-17T00:30:00+00:00,3.400000,3.500000,-1,down,-0.100000,-0.100000,0,flat,0,[],2026-04-24T07:51:03.322738+00:00
1174,4153,126,AU,AUD,UNEMPLOYMENT,unemployment_rate,Unemployment Rate,2022-11-01,2022-12-15T00:30:00+00:00,3.400000,3.400000,0,flat,0.100000,-0.100000,1,accelerating,0,[],2026-04-24T07:51:03.322738+00:00
1175,4724,126,AU,AUD,UNEMPLOYMENT,unemployment_rate,Unemployment Rate,2022-12-01,2023-01-19T00:30:00+00:00,3.500000,3.400000,1,up,0.100000,0.100000,0,flat,1,[],2026-04-24T07:51:03.322738+00:00
1176,4670,126,AU,AUD,UNEMPLOYMENT,unemployment_rate,Unemployment Rate,2023-01-01,2023-02-16T00:30:00+00:00,3.700000,3.500000,1,up,0.100000,0.100000,0,flat,1,[],2026-04-24T07:51:03.322738+00:00
1177,4616,126,AU,AUD,UNEMPLOYMENT,unemployment_rate,Unemployment Rate,2023-02-01,2023-03-16T00:30:00+00:00,3.500000,3.700000,-1,down,-0.400000,0.100000,-1,decelerating,0,[],2026-04-24T07:51:03.322738+00:00
1178,4571,126,AU,AUD,UNEMPLOYMENT,unemployment_rate,Unemployment Rate,2023-03-01,2023-04-13T01:30:00+00:00,3.500000,3.500000,0,flat,0.200000,-0.400000,1,accelerating,0,[],2026-04-24T07:51:03.322738+00:00
1179,4512,126,AU,AUD,UNEMPLOYMENT,unemployment_rate,Unemployment Rate,2023-04-01,2023-05-18T01:30:00+00:00,3.700000,3.500000,1,up,0.200000,0.200000,0,flat,1,[],2026-04-24T07:51:03.322738+00:00
1180,4459,126,AU,AUD,UNEMPLOYMENT,unemployment_rate,Unemployment Rate,2023-05-01,2023-06-15T01:30:00+00:00,3.600000,3.700000,-1,down,-0.300000,0.200000,-1,decelerating,0,[],2026-04-24T07:51:03.322738+00:00
1181,5046,126,AU,AUD,UNEMPLOYMENT,unemployment_rate,Unemployment Rate,2023-06-01,2023-07-20T01:30:00+00:00,3.500000,3.600000,-1,down,0.000000,-0.300000,1,accelerating,0,[],2026-04-24T07:51:03.322738+00:00
1182,4986,126,AU,AUD,UNEMPLOYMENT,unemployment_rate,Unemployment Rate,2023-07-01,2023-08-17T01:30:00+00:00,3.700000,3.500000,1,up,0.300000,0.000000,1,accelerating,1,[],2026-04-24T07:51:03.322738+00:00
1183,4933,126,AU,AUD,UNEMPLOYMENT,unemployment_rate,Unemployment Rate,2023-08-01,2023-09-14T01:30:00+00:00,3.700000,3.700000,0,flat,-0.200000,0.300000,-1,decelerating,0,[],2026-04-24T07:51:03.322738+00:00
1184,4886,126,AU,AUD,UNEMPLOYMENT,unemployment_rate,Unemployment Rate,2023-09-01,2023-10-19T00:30:00+00:00,3.600000,3.700000,-1,down,-0.100000,-0.200000,1,accelerating,0,[],2026-04-24T07:51:03.322738+00:00
1185,4824,126,AU,AUD,UNEMPLOYMENT,unemployment_rate,Unemployment Rate,2023-10-01,2023-11-16T00:30:00+00:00,3.700000,3.600000,1,up,0.200000,-0.100000,1,accelerating,1,[],2026-04-24T07:51:03.322738+00:00
1186,4766,126,AU,AUD,UNEMPLOYMENT,unemployment_rate,Unemployment Rate,2023-11-01,2023-12-14T00:30:00+00:00,3.900000,3.700000,1,up,0.100000,0.200000,-1,decelerating,1,[],2026-04-24T07:51:03.322738+00:00
1187,5429,126,AU,AUD,UNEMPLOYMENT,unemployment_rate,Unemployment Rate,2023-12-01,2024-01-18T00:30:00+00:00,3.900000,3.900000,0,flat,-0.200000,0.100000,-1,decelerating,0,[],2026-04-24T07:51:03.322738+00:00
1188,5364,126,AU,AUD,UNEMPLOYMENT,unemployment_rate,Unemployment Rate,2024-01-01,2024-02-15T00:30:00+00:00,4.100000,3.900000,1,up,0.200000,-0.200000,1,accelerating,1,[],2026-04-24T07:51:03.322738+00:00
1189,5292,126,AU,AUD,UNEMPLOYMENT,unemployment_rate,Unemployment Rate,2024-02-01,2024-03-21T00:30:00+00:00,3.700000,4.100000,-1,down,-0.600000,0.200000,-1,decelerating,0,[],2026-04-24T07:51:03.322738+00:00
1190,5231,126,AU,AUD,UNEMPLOYMENT,unemployment_rate,Unemployment Rate,2024-03-01,2024-04-18T01:30:00+00:00,3.800000,3.700000,1,up,0.500000,-0.600000,1,accelerating,1,[],2026-04-24T07:51:03.322738+00:00
1191,5167,126,AU,AUD,UNEMPLOYMENT,unemployment_rate,Unemployment Rate,2024-04-01,2024-05-16T01:30:00+00:00,4.100000,3.800000,1,up,0.200000,0.500000,-1,decelerating,1,[],2026-04-24T07:51:03.322738+00:00
1192,5104,126,AU,AUD,UNEMPLOYMENT,unemployment_rate,Unemployment Rate,2024-05-01,2024-06-13T01:30:00+00:00,4.000000,4.100000,-1,down,-0.400000,0.200000,-1,decelerating,0,[],2026-04-24T07:51:03.322738+00:00
1193,5805,126,AU,AUD,UNEMPLOYMENT,unemployment_rate,Unemployment Rate,2024-06-01,2024-07-18T01:30:00+00:00,4.100000,4.000000,1,up,0.200000,-0.400000,1,accelerating,1,[],2026-04-24T07:51:03.322738+00:00
1194,5737,126,AU,AUD,UNEMPLOYMENT,unemployment_rate,Unemployment Rate,2024-07-01,2024-08-15T01:30:00+00:00,4.200000,4.100000,1,up,0.000000,0.200000,-1,decelerating,1,[],2026-04-24T07:51:03.322738+00:00
1195,5671,126,AU,AUD,UNEMPLOYMENT,unemployment_rate,Unemployment Rate,2024-08-01,2024-09-19T01:30:00+00:00,4.200000,4.200000,0,flat,-0.100000,0.000000,-1,decelerating,0,[],2026-04-24T07:51:03.322738+00:00
1196,5619,126,AU,AUD,UNEMPLOYMENT,unemployment_rate,Unemployment Rate,2024-09-01,2024-10-17T00:30:00+00:00,4.100000,4.200000,-1,down,-0.100000,-0.100000,0,flat,0,[],2026-04-24T07:51:03.322738+00:00
1197,5546,126,AU,AUD,UNEMPLOYMENT,unemployment_rate,Unemployment Rate,2024-10-01,2024-11-14T00:30:00+00:00,4.100000,4.100000,0,flat,0.100000,-0.100000,1,accelerating,0,[],2026-04-24T07:51:03.322738+00:00
1198,5479,126,AU,AUD,UNEMPLOYMENT,unemployment_rate,Unemployment Rate,2024-11-01,2024-12-12T00:30:00+00:00,3.900000,4.100000,-1,down,-0.200000,0.100000,-1,decelerating,0,[],2026-04-24T07:51:03.322738+00:00
1199,6265,126,AU,AUD,UNEMPLOYMENT,unemployment_rate,Unemployment Rate,2024-12-01,2025-01-16T00:30:00+00:00,4.000000,3.900000,1,up,0.300000,-0.200000,1,accelerating,1,[],2026-04-24T07:51:03.322738+00:00
1200,6168,126,AU,AUD,UNEMPLOYMENT,unemployment_rate,Unemployment Rate,2025-01-01,2025-02-20T00:30:00+00:00,4.100000,4.000000,1,up,0.000000,0.300000,-1,decelerating,1,[],2026-04-24T07:51:03.322738+00:00
1201,6095,126,AU,AUD,UNEMPLOYMENT,unemployment_rate,Unemployment Rate,2025-02-01,2025-03-20T00:30:00+00:00,4.100000,4.100000,0,flat,-0.100000,0.000000,-1,decelerating,0,[],2026-04-24T07:51:03.322738+00:00
1202,6018,126,AU,AUD,UNEMPLOYMENT,unemployment_rate,Unemployment Rate,2025-03-01,2025-04-17T01:30:00+00:00,4.100000,4.100000,0,flat,0.000000,-0.100000,1,accelerating,0,[],2026-04-24T07:51:03.322738+00:00
1203,5946,126,AU,AUD,UNEMPLOYMENT,unemployment_rate,Unemployment Rate,2025-04-01,2025-05-15T01:30:00+00:00,4.100000,4.100000,0,flat,0.000000,0.000000,0,flat,0,[],2026-04-24T07:51:03.322738+00:00
1204,5862,126,AU,AUD,UNEMPLOYMENT,unemployment_rate,Unemployment Rate,2025-05-01,2025-06-19T01:30:00+00:00,4.100000,4.100000,0,flat,0.000000,0.000000,0,flat,0,[],2026-04-24T07:51:03.322738+00:00
1205,6753,126,AU,AUD,UNEMPLOYMENT,unemployment_rate,Unemployment Rate,2025-06-01,2025-07-17T01:30:00+00:00,4.300000,4.100000,1,up,0.200000,0.000000,1,accelerating,1,[],2026-04-24T07:51:03.322738+00:00
1206,6670,126,AU,AUD,UNEMPLOYMENT,unemployment_rate,Unemployment Rate,2025-07-01,2025-08-14T01:30:00+00:00,4.200000,4.300000,-1,down,-0.300000,0.200000,-1,decelerating,0,[],2026-04-24T07:51:03.322738+00:00
1207,6571,126,AU,AUD,UNEMPLOYMENT,unemployment_rate,Unemployment Rate,2025-08-01,2025-09-18T01:30:00+00:00,4.200000,4.200000,0,flat,0.100000,-0.300000,1,accelerating,0,[],2026-04-24T07:51:03.322738+00:00
1208,6492,126,AU,AUD,UNEMPLOYMENT,unemployment_rate,Unemployment Rate,2025-09-01,2025-10-16T00:30:00+00:00,4.500000,4.200000,1,up,0.300000,0.100000,1,accelerating,1,[],2026-04-24T07:51:03.322738+00:00
1209,6412,126,AU,AUD,UNEMPLOYMENT,unemployment_rate,Unemployment Rate,2025-10-01,2025-11-13T00:30:00+00:00,4.300000,4.500000,-1,down,-0.500000,0.300000,-1,decelerating,0,[],2026-04-24T07:51:03.322738+00:00
1210,6328,126,AU,AUD,UNEMPLOYMENT,unemployment_rate,Unemployment Rate,2025-11-01,2025-12-11T00:30:00+00:00,4.300000,4.300000,0,flat,0.200000,-0.500000,1,accelerating,0,[],2026-04-24T07:51:03.322738+00:00
1211,249,126,AU,AUD,UNEMPLOYMENT,unemployment_rate,Unemployment Rate,2025-12-01,2026-01-22T00:30:00+00:00,4.100000,4.300000,-1,down,-0.200000,0.200000,-1,decelerating,0,[],2026-04-24T07:51:03.322738+00:00
1212,180,126,AU,AUD,UNEMPLOYMENT,unemployment_rate,Unemployment Rate,2026-01-01,2026-02-19T00:30:00+00:00,4.100000,4.100000,0,flat,0.200000,-0.200000,1,accelerating,0,[],2026-04-24T07:51:03.322738+00:00
1213,106,126,AU,AUD,UNEMPLOYMENT,unemployment_rate,Unemployment Rate,2026-02-01,2026-03-19T00:30:00+00:00,4.300000,4.100000,1,up,0.200000,0.200000,0,flat,1,[],2026-04-24T07:51:03.322738+00:00
1214,58,126,AU,AUD,UNEMPLOYMENT,unemployment_rate,Unemployment Rate,2026-03-01,2026-04-16T01:30:00+00:00,4.300000,4.300000,0,flat,-0.200000,0.200000,-1,decelerating,0,[],2026-04-24T07:51:03.322738+00:00
1215,24279,137,NZ,NZD,CPI,cpi_headline_yoy,Headline CPI (YoY),2019-10-01,2020-01-23T21:45:00+00:00,1.900000,,,,,,,,,"[""direction_target_short_history"", ""acceleration_target_short_history""]",2026-04-24T07:51:03.322738+00:00
1216,24214,137,NZ,NZD,CPI,cpi_headline_yoy,Headline CPI (YoY),2020-01-01,2020-04-19T22:45:00+00:00,2.500000,1.900000,1,up,,,,,1,"[""acceleration_target_short_history""]",2026-04-24T07:51:03.322738+00:00
1217,24425,137,NZ,NZD,CPI,cpi_headline_yoy,Headline CPI (YoY),2020-04-01,2020-07-15T22:45:00+00:00,1.500000,2.500000,-1,down,-1.600000,,,,0,"[""acceleration_target_short_history""]",2026-04-24T07:51:03.322738+00:00
1218,24351,137,NZ,NZD,CPI,cpi_headline_yoy,Headline CPI (YoY),2020-07-01,2020-10-22T21:45:00+00:00,1.400000,1.500000,-1,down,0.900000,-1.600000,1,accelerating,0,[],2026-04-24T07:51:03.322738+00:00
1219,24568,137,NZ,NZD,CPI,cpi_headline_yoy,Headline CPI (YoY),2020-10-01,2021-01-21T21:45:00+00:00,1.400000,1.400000,0,flat,0.100000,0.900000,-1,decelerating,0,[],2026-04-24T07:51:03.322738+00:00
1220,24493,137,NZ,NZD,CPI,cpi_headline_yoy,Headline CPI (YoY),2021-01-01,2021-04-20T22:45:00+00:00,1.500000,1.400000,1,up,0.100000,0.100000,0,flat,1,[],2026-04-24T07:51:03.322738+00:00
1221,24709,137,NZ,NZD,CPI,cpi_headline_yoy,Headline CPI (YoY),2021-04-01,2021-07-15T22:45:00+00:00,3.300000,1.500000,1,up,1.700000,0.100000,1,accelerating,1,[],2026-04-24T07:51:03.322738+00:00
1222,24642,137,NZ,NZD,CPI,cpi_headline_yoy,Headline CPI (YoY),2021-07-01,2021-10-17T21:45:00+00:00,4.900000,3.300000,1,up,-0.200000,1.700000,-1,decelerating,1,[],2026-04-24T07:51:03.322738+00:00
1223,24856,137,NZ,NZD,CPI,cpi_headline_yoy,Headline CPI (YoY),2021-10-01,2022-01-26T21:45:00+00:00,5.900000,4.900000,1,up,-0.600000,-0.200000,-1,decelerating,1,[],2026-04-24T07:51:03.322738+00:00
1224,24785,137,NZ,NZD,CPI,cpi_headline_yoy,Headline CPI (YoY),2022-01-01,2022-04-20T22:45:00+00:00,6.900000,5.900000,1,up,0.000000,-0.600000,1,accelerating,1,[],2026-04-24T07:51:03.322738+00:00
1225,25005,137,NZ,NZD,CPI,cpi_headline_yoy,Headline CPI (YoY),2022-04-01,2022-07-17T22:45:00+00:00,7.300000,6.900000,1,up,-0.600000,0.000000,-1,decelerating,1,[],2026-04-24T07:51:03.322738+00:00
1226,24935,137,NZ,NZD,CPI,cpi_headline_yoy,Headline CPI (YoY),2022-07-01,2022-10-17T21:45:00+00:00,7.200000,7.300000,-1,down,-0.500000,-0.600000,1,accelerating,0,[],2026-04-24T07:51:03.322738+00:00
1227,25153,137,NZ,NZD,CPI,cpi_headline_yoy,Headline CPI (YoY),2022-10-01,2023-01-24T21:45:00+00:00,7.200000,7.200000,0,flat,0.100000,-0.500000,1,accelerating,0,[],2026-04-24T07:51:03.322738+00:00
1228,25078,137,NZ,NZD,CPI,cpi_headline_yoy,Headline CPI (YoY),2023-01-01,2023-04-19T22:45:00+00:00,6.700000,7.200000,-1,down,-0.500000,0.100000,-1,decelerating,0,[],2026-04-24T07:51:03.322738+00:00
1229,25302,137,NZ,NZD,CPI,cpi_headline_yoy,Headline CPI (YoY),2023-04-01,2023-07-18T22:45:00+00:00,6.000000,6.700000,-1,down,-0.200000,-0.500000,1,accelerating,0,[],2026-04-24T07:51:03.322738+00:00
1230,25231,137,NZ,NZD,CPI,cpi_headline_yoy,Headline CPI (YoY),2023-07-01,2023-10-16T21:45:00+00:00,5.600000,6.000000,-1,down,0.300000,-0.200000,1,accelerating,0,[],2026-04-24T07:51:03.322738+00:00
1231,25517,137,NZ,NZD,CPI,cpi_headline_yoy,Headline CPI (YoY),2023-10-01,2024-01-23T21:45:00+00:00,4.700000,5.600000,-1,down,-0.500000,0.300000,-1,decelerating,0,[],2026-04-24T07:51:03.322738+00:00
1232,25409,137,NZ,NZD,CPI,cpi_headline_yoy,Headline CPI (YoY),2024-01-01,2024-04-16T22:45:00+00:00,4.000000,4.700000,-1,down,0.200000,-0.500000,1,accelerating,0,[],2026-04-24T07:51:03.322738+00:00
1233,25798,137,NZ,NZD,CPI,cpi_headline_yoy,Headline CPI (YoY),2024-04-01,2024-07-16T22:45:00+00:00,3.300000,4.000000,-1,down,0.000000,0.200000,-1,decelerating,0,[],2026-04-24T07:51:03.322738+00:00
1234,25660,137,NZ,NZD,CPI,cpi_headline_yoy,Headline CPI (YoY),2024-07-01,2024-10-15T21:45:00+00:00,2.200000,3.300000,-1,down,-0.400000,0.000000,-1,decelerating,0,[],2026-04-24T07:51:03.322738+00:00
1235,26115,137,NZ,NZD,CPI,cpi_headline_yoy,Headline CPI (YoY),2024-10-01,2025-01-21T21:45:00+00:00,2.200000,2.200000,0,flat,1.100000,-0.400000,1,accelerating,0,[],2026-04-24T07:51:03.322738+00:00
1236,25955,137,NZ,NZD,CPI,cpi_headline_yoy,Headline CPI (YoY),2025-01-01,2025-04-16T22:45:00+00:00,2.500000,2.200000,1,up,0.300000,1.100000,-1,decelerating,1,[],2026-04-24T07:51:03.322738+00:00
1237,26441,137,NZ,NZD,CPI,cpi_headline_yoy,Headline CPI (YoY),2025-04-01,2025-07-20T22:45:00+00:00,2.700000,2.500000,1,up,-0.100000,0.300000,-1,decelerating,1,[],2026-04-24T07:51:03.322738+00:00
1238,26285,137,NZ,NZD,CPI,cpi_headline_yoy,Headline CPI (YoY),2025-07-01,2025-10-19T21:45:00+00:00,3.000000,2.700000,1,up,0.100000,-0.100000,1,accelerating,1,[],2026-04-24T07:51:03.322738+00:00
1239,1377,137,NZ,NZD,CPI,cpi_headline_yoy,Headline CPI (YoY),2025-10-01,2026-01-22T21:45:00+00:00,3.100000,3.000000,1,up,-0.200000,0.100000,-1,decelerating,1,[],2026-04-24T07:51:03.322738+00:00
1240,1211,137,NZ,NZD,CPI,cpi_headline_yoy,Headline CPI (YoY),2026-01-01,2026-04-20T22:45:00+00:00,3.100000,3.100000,0,flat,-0.100000,-0.200000,1,accelerating,0,[],2026-04-24T07:51:03.322738+00:00
1241,24267,138,NZ,NZD,UNEMPLOYMENT,unemployment_rate,Unemployment Rate,2019-10-01,2020-02-04T21:45:00+00:00,4.000000,,,,,,,,,"[""direction_target_short_history"", ""acceleration_target_short_history""]",2026-04-24T07:51:03.322738+00:00
1242,24202,138,NZ,NZD,UNEMPLOYMENT,unemployment_rate,Unemployment Rate,2020-01-01,2020-05-05T22:45:00+00:00,4.200000,4.000000,1,up,,,,,1,"[""acceleration_target_short_history""]",2026-04-24T07:51:03.322738+00:00
1243,24413,138,NZ,NZD,UNEMPLOYMENT,unemployment_rate,Unemployment Rate,2020-04-01,2020-08-04T22:45:00+00:00,4.000000,4.200000,-1,down,-0.400000,,,,0,"[""acceleration_target_short_history""]",2026-04-24T07:51:03.322738+00:00
1244,24339,138,NZ,NZD,UNEMPLOYMENT,unemployment_rate,Unemployment Rate,2020-07-01,2020-11-03T21:45:00+00:00,5.300000,4.000000,1,up,1.500000,-0.400000,1,accelerating,1,[],2026-04-24T07:51:03.322738+00:00
1245,24560,138,NZ,NZD,UNEMPLOYMENT,unemployment_rate,Unemployment Rate,2020-10-01,2021-02-02T21:45:00+00:00,4.900000,5.300000,-1,down,-1.700000,1.500000,-1,decelerating,0,[],2026-04-24T07:51:03.322738+00:00
1246,24482,138,NZ,NZD,UNEMPLOYMENT,unemployment_rate,Unemployment Rate,2021-01-01,2021-05-04T22:45:00+00:00,4.700000,4.900000,-1,down,0.200000,-1.700000,1,accelerating,0,[],2026-04-24T07:51:03.322738+00:00
1247,24697,138,NZ,NZD,UNEMPLOYMENT,unemployment_rate,Unemployment Rate,2021-04-01,2021-08-03T22:45:00+00:00,4.000000,4.700000,-1,down,-0.500000,0.200000,-1,decelerating,0,[],2026-04-24T07:51:03.322738+00:00
1248,24625,138,NZ,NZD,UNEMPLOYMENT,unemployment_rate,Unemployment Rate,2021-07-01,2021-11-02T21:45:00+00:00,3.400000,4.000000,-1,down,0.100000,-0.500000,1,accelerating,0,[],2026-04-24T07:51:03.322738+00:00
1249,24847,138,NZ,NZD,UNEMPLOYMENT,unemployment_rate,Unemployment Rate,2021-10-01,2022-02-01T21:45:00+00:00,3.200000,3.400000,-1,down,0.400000,0.100000,1,accelerating,0,[],2026-04-24T07:51:03.322738+00:00
1250,24770,138,NZ,NZD,UNEMPLOYMENT,unemployment_rate,Unemployment Rate,2022-01-01,2022-05-03T22:45:00+00:00,3.200000,3.200000,0,flat,0.200000,0.400000,-1,decelerating,0,[],2026-04-24T07:51:03.322738+00:00
1251,24994,138,NZ,NZD,UNEMPLOYMENT,unemployment_rate,Unemployment Rate,2022-04-01,2022-08-02T22:45:00+00:00,3.300000,3.200000,1,up,0.100000,0.200000,-1,decelerating,1,[],2026-04-24T07:51:03.322738+00:00
1252,24922,138,NZ,NZD,UNEMPLOYMENT,unemployment_rate,Unemployment Rate,2022-07-01,2022-11-01T21:45:00+00:00,3.300000,3.300000,0,flat,-0.100000,0.100000,-1,decelerating,0,[],2026-04-24T07:51:03.322738+00:00
1253,25144,138,NZ,NZD,UNEMPLOYMENT,unemployment_rate,Unemployment Rate,2022-10-01,2023-01-31T21:45:00+00:00,3.400000,3.300000,1,up,0.100000,-0.100000,1,accelerating,1,[],2026-04-24T07:51:03.322738+00:00
1254,25068,138,NZ,NZD,UNEMPLOYMENT,unemployment_rate,Unemployment Rate,2023-01-01,2023-05-02T22:45:00+00:00,3.400000,3.400000,0,flat,-0.100000,0.100000,-1,decelerating,0,[],2026-04-24T07:51:03.322738+00:00
1255,25289,138,NZ,NZD,UNEMPLOYMENT,unemployment_rate,Unemployment Rate,2023-04-01,2023-08-01T22:45:00+00:00,3.600000,3.400000,1,up,0.200000,-0.100000,1,accelerating,1,[],2026-04-24T07:51:03.322738+00:00
1256,25215,138,NZ,NZD,UNEMPLOYMENT,unemployment_rate,Unemployment Rate,2023-07-01,2023-10-31T21:45:00+00:00,3.900000,3.600000,1,up,0.100000,0.200000,-1,decelerating,1,[],2026-04-24T07:51:03.322738+00:00
1257,25503,138,NZ,NZD,UNEMPLOYMENT,unemployment_rate,Unemployment Rate,2023-10-01,2024-02-06T21:45:00+00:00,4.000000,3.900000,1,up,-0.200000,0.100000,-1,decelerating,1,[],2026-04-24T07:51:03.322738+00:00
1258,25396,138,NZ,NZD,UNEMPLOYMENT,unemployment_rate,Unemployment Rate,2024-01-01,2024-04-30T22:45:00+00:00,4.300000,4.000000,1,up,0.200000,-0.200000,1,accelerating,1,[],2026-04-24T07:51:03.322738+00:00
1259,25777,138,NZ,NZD,UNEMPLOYMENT,unemployment_rate,Unemployment Rate,2024-04-01,2024-08-06T22:45:00+00:00,4.600000,4.300000,1,up,0.000000,0.200000,-1,decelerating,1,[],2026-04-24T07:51:03.322738+00:00
1260,25630,138,NZ,NZD,UNEMPLOYMENT,unemployment_rate,Unemployment Rate,2024-07-01,2024-11-05T21:45:00+00:00,4.800000,4.600000,1,up,-0.100000,0.000000,-1,decelerating,1,[],2026-04-24T07:51:03.322738+00:00
1261,26091,138,NZ,NZD,UNEMPLOYMENT,unemployment_rate,Unemployment Rate,2024-10-01,2025-02-04T21:45:00+00:00,5.100000,4.800000,1,up,0.100000,-0.100000,1,accelerating,1,[],2026-04-24T07:51:03.322738+00:00
1262,25928,138,NZ,NZD,UNEMPLOYMENT,unemployment_rate,Unemployment Rate,2025-01-01,2025-05-06T22:45:00+00:00,5.100000,5.100000,0,flat,-0.300000,0.100000,-1,decelerating,0,[],2026-04-24T07:51:03.322738+00:00
1263,26414,138,NZ,NZD,UNEMPLOYMENT,unemployment_rate,Unemployment Rate,2025-04-01,2025-08-05T22:45:00+00:00,5.200000,5.100000,1,up,0.100000,-0.300000,1,accelerating,1,[],2026-04-24T07:51:03.322738+00:00
1264,26256,138,NZ,NZD,UNEMPLOYMENT,unemployment_rate,Unemployment Rate,2025-07-01,2025-11-04T21:45:00+00:00,5.300000,5.200000,1,up,0.000000,0.100000,-1,decelerating,1,[],2026-04-24T07:51:03.322738+00:00
1265,1353,138,NZ,NZD,UNEMPLOYMENT,unemployment_rate,Unemployment Rate,2025-10-01,2026-02-03T21:45:00+00:00,5.400000,5.300000,1,up,0.000000,0.000000,0,flat,1,[],2026-04-24T07:51:03.322738+00:00
1266,24278,140,NZ,NZD,CPI,cpi_headline_qoq,Headline CPI (QoQ),2019-10-01,2020-01-23T21:45:00+00:00,0.500000,,,,,,,,,"[""direction_target_short_history"", ""acceleration_target_short_history""]",2026-04-24T07:51:03.322738+00:00
1267,24215,140,NZ,NZD,CPI,cpi_headline_qoq,Headline CPI (QoQ),2020-01-01,2020-04-19T22:45:00+00:00,0.800000,0.500000,1,up,,,,,1,"[""acceleration_target_short_history""]",2026-04-24T07:51:03.322738+00:00
1268,24424,140,NZ,NZD,CPI,cpi_headline_qoq,Headline CPI (QoQ),2020-04-01,2020-07-15T22:45:00+00:00,-0.500000,0.800000,-1,down,-1.600000,,,,0,"[""acceleration_target_short_history""]",2026-04-24T07:51:03.322738+00:00
1269,24350,140,NZ,NZD,CPI,cpi_headline_qoq,Headline CPI (QoQ),2020-07-01,2020-10-22T21:45:00+00:00,0.700000,-0.500000,1,up,2.500000,-1.600000,1,accelerating,1,[],2026-04-24T07:51:03.322738+00:00
1270,24569,140,NZ,NZD,CPI,cpi_headline_qoq,Headline CPI (QoQ),2020-10-01,2021-01-21T21:45:00+00:00,0.500000,0.700000,-1,down,-1.400000,2.500000,-1,decelerating,0,[],2026-04-24T07:51:03.322738+00:00
1271,24494,140,NZ,NZD,CPI,cpi_headline_qoq,Headline CPI (QoQ),2021-01-01,2021-04-20T22:45:00+00:00,0.800000,0.500000,1,up,0.500000,-1.400000,1,accelerating,1,[],2026-04-24T07:51:03.322738+00:00
1272,24710,140,NZ,NZD,CPI,cpi_headline_qoq,Headline CPI (QoQ),2021-04-01,2021-07-15T22:45:00+00:00,1.300000,0.800000,1,up,0.200000,0.500000,-1,decelerating,1,[],2026-04-24T07:51:03.322738+00:00
1273,24641,140,NZ,NZD,CPI,cpi_headline_qoq,Headline CPI (QoQ),2021-07-01,2021-10-17T21:45:00+00:00,2.200000,1.300000,1,up,0.400000,0.200000,1,accelerating,1,[],2026-04-24T07:51:03.322738+00:00
1274,24857,140,NZ,NZD,CPI,cpi_headline_qoq,Headline CPI (QoQ),2021-10-01,2022-01-26T21:45:00+00:00,1.400000,2.200000,-1,down,-1.700000,0.400000,-1,decelerating,0,[],2026-04-24T07:51:03.322738+00:00
1275,24784,140,NZ,NZD,CPI,cpi_headline_qoq,Headline CPI (QoQ),2022-01-01,2022-04-20T22:45:00+00:00,1.800000,1.400000,1,up,1.200000,-1.700000,1,accelerating,1,[],2026-04-24T07:51:03.322738+00:00
1276,25006,140,NZ,NZD,CPI,cpi_headline_qoq,Headline CPI (QoQ),2022-04-01,2022-07-17T22:45:00+00:00,1.700000,1.800000,-1,down,-0.500000,1.200000,-1,decelerating,0,[],2026-04-24T07:51:03.322738+00:00
1277,24934,140,NZ,NZD,CPI,cpi_headline_qoq,Headline CPI (QoQ),2022-07-01,2022-10-17T21:45:00+00:00,2.200000,1.700000,1,up,0.600000,-0.500000,1,accelerating,1,[],2026-04-24T07:51:03.322738+00:00
1278,25154,140,NZ,NZD,CPI,cpi_headline_qoq,Headline CPI (QoQ),2022-10-01,2023-01-24T21:45:00+00:00,1.400000,2.200000,-1,down,-1.300000,0.600000,-1,decelerating,0,[],2026-04-24T07:51:03.322738+00:00
1279,25077,140,NZ,NZD,CPI,cpi_headline_qoq,Headline CPI (QoQ),2023-01-01,2023-04-19T22:45:00+00:00,1.200000,1.400000,-1,down,0.600000,-1.300000,1,accelerating,0,[],2026-04-24T07:51:03.322738+00:00
1280,25301,140,NZ,NZD,CPI,cpi_headline_qoq,Headline CPI (QoQ),2023-04-01,2023-07-18T22:45:00+00:00,1.100000,1.200000,-1,down,0.100000,0.600000,-1,decelerating,0,[],2026-04-24T07:51:03.322738+00:00
1281,25229,140,NZ,NZD,CPI,cpi_headline_qoq,Headline CPI (QoQ),2023-07-01,2023-10-16T21:45:00+00:00,1.800000,1.100000,1,up,0.800000,0.100000,1,accelerating,1,[],2026-04-24T07:51:03.322738+00:00
1282,25519,140,NZ,NZD,CPI,cpi_headline_qoq,Headline CPI (QoQ),2023-10-01,2024-01-23T21:45:00+00:00,0.500000,1.800000,-1,down,-2.000000,0.800000,-1,decelerating,0,[],2026-04-24T07:51:03.322738+00:00
1283,25408,140,NZ,NZD,CPI,cpi_headline_qoq,Headline CPI (QoQ),2024-01-01,2024-04-16T22:45:00+00:00,0.600000,0.500000,1,up,1.400000,-2.000000,1,accelerating,1,[],2026-04-24T07:51:03.322738+00:00
1284,25799,140,NZ,NZD,CPI,cpi_headline_qoq,Headline CPI (QoQ),2024-04-01,2024-07-16T22:45:00+00:00,0.400000,0.600000,-1,down,-0.300000,1.400000,-1,decelerating,0,[],2026-04-24T07:51:03.322738+00:00
1285,25659,140,NZ,NZD,CPI,cpi_headline_qoq,Headline CPI (QoQ),2024-07-01,2024-10-15T21:45:00+00:00,0.600000,0.400000,1,up,0.400000,-0.300000,1,accelerating,1,[],2026-04-24T07:51:03.322738+00:00
1286,26116,140,NZ,NZD,CPI,cpi_headline_qoq,Headline CPI (QoQ),2024-10-01,2025-01-21T21:45:00+00:00,0.500000,0.600000,-1,down,-0.300000,0.400000,-1,decelerating,0,[],2026-04-24T07:51:03.322738+00:00
1287,25956,140,NZ,NZD,CPI,cpi_headline_qoq,Headline CPI (QoQ),2025-01-01,2025-04-16T22:45:00+00:00,0.900000,0.500000,1,up,0.500000,-0.300000,1,accelerating,1,[],2026-04-24T07:51:03.322738+00:00
1288,26440,140,NZ,NZD,CPI,cpi_headline_qoq,Headline CPI (QoQ),2025-04-01,2025-07-20T22:45:00+00:00,0.500000,0.900000,-1,down,-0.800000,0.500000,-1,decelerating,0,[],2026-04-24T07:51:03.322738+00:00
1289,26284,140,NZ,NZD,CPI,cpi_headline_qoq,Headline CPI (QoQ),2025-07-01,2025-10-19T21:45:00+00:00,1.000000,0.500000,1,up,0.900000,-0.800000,1,accelerating,1,[],2026-04-24T07:51:03.322738+00:00
1290,1376,140,NZ,NZD,CPI,cpi_headline_qoq,Headline CPI (QoQ),2025-10-01,2026-01-22T21:45:00+00:00,0.600000,1.000000,-1,down,-0.900000,0.900000,-1,decelerating,0,[],2026-04-24T07:51:03.322738+00:00
1291,1210,140,NZ,NZD,CPI,cpi_headline_qoq,Headline CPI (QoQ),2026-01-01,2026-04-20T22:45:00+00:00,0.900000,0.600000,1,up,0.700000,-0.900000,1,accelerating,1,[],2026-04-24T07:51:03.322738+00:00
1292,7069,152,CA,CAD,CPI,cpi_headline_yoy,Headline CPI (YoY),2019-12-01,2020-01-22T13:30:00+00:00,2.200000,,,,,,,,,"[""direction_target_short_history"", ""acceleration_target_short_history""]",2026-04-24T07:51:03.322738+00:00
1293,7028,152,CA,CAD,CPI,cpi_headline_yoy,Headline CPI (YoY),2020-01-01,2020-02-19T13:30:00+00:00,2.400000,2.200000,1,up,,,,,1,"[""acceleration_target_short_history""]",2026-04-24T07:51:03.322738+00:00
1294,6986,152,CA,CAD,CPI,cpi_headline_yoy,Headline CPI (YoY),2020-02-01,2020-03-18T12:30:00+00:00,2.200000,2.400000,-1,down,-0.400000,,,,0,"[""acceleration_target_short_history""]",2026-04-24T07:51:03.322738+00:00
1295,6939,152,CA,CAD,CPI,cpi_headline_yoy,Headline CPI (YoY),2020-03-01,2020-04-22T12:30:00+00:00,0.900000,2.200000,-1,down,-1.100000,-0.400000,-1,decelerating,0,[],2026-04-24T07:51:03.322738+00:00
1296,6905,152,CA,CAD,CPI,cpi_headline_yoy,Headline CPI (YoY),2020-04-01,2020-05-20T12:30:00+00:00,-0.200000,0.900000,-1,down,0.200000,-1.100000,1,accelerating,0,[],2026-04-24T07:51:03.322738+00:00
1297,6861,152,CA,CAD,CPI,cpi_headline_yoy,Headline CPI (YoY),2020-05-01,2020-06-17T12:30:00+00:00,-0.400000,-0.200000,-1,down,0.900000,0.200000,1,accelerating,0,[],2026-04-24T07:51:03.322738+00:00
1298,7316,152,CA,CAD,CPI,cpi_headline_yoy,Headline CPI (YoY),2020-06-01,2020-07-22T12:30:00+00:00,0.700000,-0.400000,1,up,1.300000,0.900000,1,accelerating,1,[],2026-04-24T07:51:03.322738+00:00
1299,7286,152,CA,CAD,CPI,cpi_headline_yoy,Headline CPI (YoY),2020-07-01,2020-08-19T12:30:00+00:00,0.100000,0.700000,-1,down,-1.700000,1.300000,-1,decelerating,0,[],2026-04-24T07:51:03.322738+00:00
1300,7239,152,CA,CAD,CPI,cpi_headline_yoy,Headline CPI (YoY),2020-08-01,2020-09-16T12:30:00+00:00,0.100000,0.100000,0,flat,0.600000,-1.700000,1,accelerating,0,[],2026-04-24T07:51:03.322738+00:00
1301,7193,152,CA,CAD,CPI,cpi_headline_yoy,Headline CPI (YoY),2020-09-01,2020-10-21T12:30:00+00:00,0.500000,0.100000,1,up,0.400000,0.600000,-1,decelerating,1,[],2026-04-24T07:51:03.322738+00:00
1302,7157,152,CA,CAD,CPI,cpi_headline_yoy,Headline CPI (YoY),2020-10-01,2020-11-18T13:30:00+00:00,0.700000,0.500000,1,up,-0.200000,0.400000,-1,decelerating,1,[],2026-04-24T07:51:03.322738+00:00
1303,7112,152,CA,CAD,CPI,cpi_headline_yoy,Headline CPI (YoY),2020-11-01,2020-12-16T13:30:00+00:00,1.000000,0.700000,1,up,0.100000,-0.200000,1,accelerating,1,[],2026-04-24T07:51:03.322738+00:00
1304,7576,152,CA,CAD,CPI,cpi_headline_yoy,Headline CPI (YoY),2020-12-01,2021-01-20T13:30:00+00:00,0.700000,1.000000,-1,down,-0.600000,0.100000,-1,decelerating,0,[],2026-04-24T07:51:03.322738+00:00
1305,7535,152,CA,CAD,CPI,cpi_headline_yoy,Headline CPI (YoY),2021-01-01,2021-02-17T13:30:00+00:00,1.000000,0.700000,1,up,0.600000,-0.600000,1,accelerating,1,[],2026-04-24T07:51:03.322738+00:00
1306,7491,152,CA,CAD,CPI,cpi_headline_yoy,Headline CPI (YoY),2021-02-01,2021-03-17T12:30:00+00:00,1.100000,1.000000,1,up,-0.200000,0.600000,-1,decelerating,1,[],2026-04-24T07:51:03.322738+00:00
1307,7447,152,CA,CAD,CPI,cpi_headline_yoy,Headline CPI (YoY),2021-03-01,2021-04-21T12:30:00+00:00,2.200000,1.100000,1,up,1.000000,-0.200000,1,accelerating,1,[],2026-04-24T07:51:03.322738+00:00
1308,7406,152,CA,CAD,CPI,cpi_headline_yoy,Headline CPI (YoY),2021-04-01,2021-05-19T12:30:00+00:00,3.400000,2.200000,1,up,0.100000,1.000000,-1,decelerating,1,[],2026-04-24T07:51:03.322738+00:00
1309,7362,152,CA,CAD,CPI,cpi_headline_yoy,Headline CPI (YoY),2021-05-01,2021-06-16T12:30:00+00:00,3.600000,3.400000,1,up,-1.000000,0.100000,-1,decelerating,1,[],2026-04-24T07:51:03.322738+00:00
1310,7859,152,CA,CAD,CPI,cpi_headline_yoy,Headline CPI (YoY),2021-06-01,2021-07-28T12:30:00+00:00,3.100000,3.600000,-1,down,-0.700000,-1.000000,1,accelerating,0,[],2026-04-24T07:51:03.322738+00:00
1311,7821,152,CA,CAD,CPI,cpi_headline_yoy,Headline CPI (YoY),2021-07-01,2021-08-18T12:30:00+00:00,3.700000,3.100000,1,up,1.100000,-0.700000,1,accelerating,1,[],2026-04-24T07:51:03.322738+00:00
1312,7780,152,CA,CAD,CPI,cpi_headline_yoy,Headline CPI (YoY),2021-08-01,2021-09-15T12:30:00+00:00,4.100000,3.700000,1,up,-0.200000,1.100000,-1,decelerating,1,[],2026-04-24T07:51:03.322738+00:00
1313,7723,152,CA,CAD,CPI,cpi_headline_yoy,Headline CPI (YoY),2021-09-01,2021-10-20T12:30:00+00:00,4.400000,4.100000,1,up,-0.100000,-0.200000,1,accelerating,1,[],2026-04-24T07:51:03.322738+00:00
1314,7673,152,CA,CAD,CPI,cpi_headline_yoy,Headline CPI (YoY),2021-10-01,2021-11-17T13:30:00+00:00,4.700000,4.400000,1,up,0.000000,-0.100000,1,accelerating,1,[],2026-04-24T07:51:03.322738+00:00
1315,7621,152,CA,CAD,CPI,cpi_headline_yoy,Headline CPI (YoY),2021-11-01,2021-12-15T13:30:00+00:00,4.700000,4.700000,0,flat,-0.300000,0.000000,-1,decelerating,0,[],2026-04-24T07:51:03.322738+00:00
1316,8168,152,CA,CAD,CPI,cpi_headline_yoy,Headline CPI (YoY),2021-12-01,2022-01-19T13:30:00+00:00,4.800000,4.700000,1,up,0.100000,-0.300000,1,accelerating,1,[],2026-04-24T07:51:03.322738+00:00
1317,8124,152,CA,CAD,CPI,cpi_headline_yoy,Headline CPI (YoY),2022-01-01,2022-02-16T13:30:00+00:00,5.100000,4.800000,1,up,0.200000,0.100000,1,accelerating,1,[],2026-04-24T07:51:03.322738+00:00
1318,8070,152,CA,CAD,CPI,cpi_headline_yoy,Headline CPI (YoY),2022-02-01,2022-03-16T12:30:00+00:00,5.700000,5.100000,1,up,0.300000,0.200000,1,accelerating,1,[],2026-04-24T07:51:03.322738+00:00
1319,8023,152,CA,CAD,CPI,cpi_headline_yoy,Headline CPI (YoY),2022-03-01,2022-04-20T12:30:00+00:00,6.700000,5.700000,1,up,0.400000,0.300000,1,accelerating,1,[],2026-04-24T07:51:03.322738+00:00
1320,7970,152,CA,CAD,CPI,cpi_headline_yoy,Headline CPI (YoY),2022-04-01,2022-05-18T12:30:00+00:00,6.800000,6.700000,1,up,-0.900000,0.400000,-1,decelerating,1,[],2026-04-24T07:51:03.322738+00:00
1321,7904,152,CA,CAD,CPI,cpi_headline_yoy,Headline CPI (YoY),2022-05-01,2022-06-22T12:30:00+00:00,7.700000,6.800000,1,up,0.800000,-0.900000,1,accelerating,1,[],2026-04-24T07:51:03.322738+00:00
1322,8472,152,CA,CAD,CPI,cpi_headline_yoy,Headline CPI (YoY),2022-06-01,2022-07-20T12:30:00+00:00,8.100000,7.700000,1,up,-0.500000,0.800000,-1,decelerating,1,[],2026-04-24T07:51:03.322738+00:00
1323,8426,152,CA,CAD,CPI,cpi_headline_yoy,Headline CPI (YoY),2022-07-01,2022-08-16T12:30:00+00:00,7.600000,8.100000,-1,down,-0.900000,-0.500000,-1,decelerating,0,[],2026-04-24T07:51:03.322738+00:00
1324,8369,152,CA,CAD,CPI,cpi_headline_yoy,Headline CPI (YoY),2022-08-01,2022-09-20T12:30:00+00:00,7.000000,7.600000,-1,down,-0.100000,-0.900000,1,accelerating,0,[],2026-04-24T07:51:03.322738+00:00
1325,8324,152,CA,CAD,CPI,cpi_headline_yoy,Headline CPI (YoY),2022-09-01,2022-10-19T12:30:00+00:00,6.900000,7.000000,-1,down,0.500000,-0.100000,1,accelerating,0,[],2026-04-24T07:51:03.322738+00:00
1326,8278,152,CA,CAD,CPI,cpi_headline_yoy,Headline CPI (YoY),2022-10-01,2022-11-16T13:30:00+00:00,6.900000,6.900000,0,flat,0.100000,0.500000,-1,decelerating,0,[],2026-04-24T07:51:03.322738+00:00
1327,8209,152,CA,CAD,CPI,cpi_headline_yoy,Headline CPI (YoY),2022-11-01,2022-12-21T13:30:00+00:00,6.800000,6.900000,-1,down,-0.100000,0.100000,-1,decelerating,0,[],2026-04-24T07:51:03.322738+00:00
1328,8775,152,CA,CAD,CPI,cpi_headline_yoy,Headline CPI (YoY),2022-12-01,2023-01-17T13:30:00+00:00,6.300000,6.800000,-1,down,-0.400000,-0.100000,-1,decelerating,0,[],2026-04-24T07:51:03.322738+00:00
1329,8715,152,CA,CAD,CPI,cpi_headline_yoy,Headline CPI (YoY),2023-01-01,2023-02-21T13:30:00+00:00,5.900000,6.300000,-1,down,0.100000,-0.400000,1,accelerating,0,[],2026-04-24T07:51:03.322738+00:00
1330,8663,152,CA,CAD,CPI,cpi_headline_yoy,Headline CPI (YoY),2023-02-01,2023-03-21T12:30:00+00:00,5.200000,5.900000,-1,down,-0.300000,0.100000,-1,decelerating,0,[],2026-04-24T07:51:03.322738+00:00
1331,8619,152,CA,CAD,CPI,cpi_headline_yoy,Headline CPI (YoY),2023-03-01,2023-04-18T12:30:00+00:00,4.300000,5.200000,-1,down,-0.200000,-0.300000,1,accelerating,0,[],2026-04-24T07:51:03.322738+00:00
1332,8572,152,CA,CAD,CPI,cpi_headline_yoy,Headline CPI (YoY),2023-04-01,2023-05-16T12:30:00+00:00,4.400000,4.300000,1,up,1.000000,-0.200000,1,accelerating,1,[],2026-04-24T07:51:03.322738+00:00
1333,8504,152,CA,CAD,CPI,cpi_headline_yoy,Headline CPI (YoY),2023-05-01,2023-06-27T12:30:00+00:00,3.400000,4.400000,-1,down,-1.100000,1.000000,-1,decelerating,0,[],2026-04-24T07:51:03.322738+00:00
1334,9071,152,CA,CAD,CPI,cpi_headline_yoy,Headline CPI (YoY),2023-06-01,2023-07-18T12:30:00+00:00,2.800000,3.400000,-1,down,0.400000,-1.100000,1,accelerating,0,[],2026-04-24T07:51:03.322738+00:00
1335,9034,152,CA,CAD,CPI,cpi_headline_yoy,Headline CPI (YoY),2023-07-01,2023-08-15T12:30:00+00:00,3.300000,2.800000,1,up,1.100000,0.400000,1,accelerating,1,[],2026-04-24T07:51:03.322738+00:00
1336,8968,152,CA,CAD,CPI,cpi_headline_yoy,Headline CPI (YoY),2023-08-01,2023-09-19T12:30:00+00:00,4.000000,3.300000,1,up,0.200000,1.100000,-1,decelerating,1,[],2026-04-24T07:51:03.322738+00:00
1337,8932,152,CA,CAD,CPI,cpi_headline_yoy,Headline CPI (YoY),2023-09-01,2023-10-17T12:30:00+00:00,3.800000,4.000000,-1,down,-0.900000,0.200000,-1,decelerating,0,[],2026-04-24T07:51:03.322738+00:00
1338,8869,152,CA,CAD,CPI,cpi_headline_yoy,Headline CPI (YoY),2023-10-01,2023-11-21T13:30:00+00:00,3.100000,3.800000,-1,down,-0.500000,-0.900000,1,accelerating,0,[],2026-04-24T07:51:03.322738+00:00
1339,8808,152,CA,CAD,CPI,cpi_headline_yoy,Headline CPI (YoY),2023-11-01,2023-12-19T13:30:00+00:00,3.100000,3.100000,0,flat,0.700000,-0.500000,1,accelerating,0,[],2026-04-24T07:51:03.322738+00:00
1340,9430,152,CA,CAD,CPI,cpi_headline_yoy,Headline CPI (YoY),2023-12-01,2024-01-16T13:30:00+00:00,3.400000,3.100000,1,up,0.300000,0.700000,-1,decelerating,1,[],2026-04-24T07:51:03.322738+00:00
1341,9368,152,CA,CAD,CPI,cpi_headline_yoy,Headline CPI (YoY),2024-01-01,2024-02-20T13:30:00+00:00,2.900000,3.400000,-1,down,-0.800000,0.300000,-1,decelerating,0,[],2026-04-24T07:51:03.322738+00:00
1342,9303,152,CA,CAD,CPI,cpi_headline_yoy,Headline CPI (YoY),2024-02-01,2024-03-19T12:30:00+00:00,2.800000,2.900000,-1,down,0.400000,-0.800000,1,accelerating,0,[],2026-04-24T07:51:03.322738+00:00
1343,9253,152,CA,CAD,CPI,cpi_headline_yoy,Headline CPI (YoY),2024-03-01,2024-04-16T12:30:00+00:00,2.900000,2.800000,1,up,0.200000,0.400000,-1,decelerating,1,[],2026-04-24T07:51:03.322738+00:00
1344,9187,152,CA,CAD,CPI,cpi_headline_yoy,Headline CPI (YoY),2024-04-01,2024-05-21T12:30:00+00:00,2.700000,2.900000,-1,down,-0.300000,0.200000,-1,decelerating,0,[],2026-04-24T07:51:03.322738+00:00
1345,9106,152,CA,CAD,CPI,cpi_headline_yoy,Headline CPI (YoY),2024-05-01,2024-06-25T12:30:00+00:00,2.900000,2.700000,1,up,0.400000,-0.300000,1,accelerating,1,[],2026-04-24T07:51:03.322738+00:00
1346,9791,152,CA,CAD,CPI,cpi_headline_yoy,Headline CPI (YoY),2024-06-01,2024-07-16T12:30:00+00:00,2.700000,2.900000,-1,down,-0.400000,0.400000,-1,decelerating,0,[],2026-04-24T07:51:03.322738+00:00
1347,9732,152,CA,CAD,CPI,cpi_headline_yoy,Headline CPI (YoY),2024-07-01,2024-08-20T12:30:00+00:00,2.500000,2.700000,-1,down,0.000000,-0.400000,1,accelerating,0,[],2026-04-24T07:51:03.322738+00:00
1348,9670,152,CA,CAD,CPI,cpi_headline_yoy,Headline CPI (YoY),2024-08-01,2024-09-17T12:30:00+00:00,2.000000,2.500000,-1,down,-0.300000,0.000000,-1,decelerating,0,[],2026-04-24T07:51:03.322738+00:00
1349,9616,152,CA,CAD,CPI,cpi_headline_yoy,Headline CPI (YoY),2024-09-01,2024-10-15T12:30:00+00:00,1.600000,2.000000,-1,down,0.100000,-0.300000,1,accelerating,0,[],2026-04-24T07:51:03.322738+00:00
1350,9540,152,CA,CAD,CPI,cpi_headline_yoy,Headline CPI (YoY),2024-10-01,2024-11-19T13:30:00+00:00,2.000000,1.600000,1,up,0.800000,0.100000,1,accelerating,1,[],2026-04-24T07:51:03.322738+00:00
1351,9474,152,CA,CAD,CPI,cpi_headline_yoy,Headline CPI (YoY),2024-11-01,2024-12-17T13:30:00+00:00,1.900000,2.000000,-1,down,-0.500000,0.800000,-1,decelerating,0,[],2026-04-24T07:51:03.322738+00:00
1352,10195,152,CA,CAD,CPI,cpi_headline_yoy,Headline CPI (YoY),2024-12-01,2025-01-21T13:30:00+00:00,1.800000,1.900000,-1,down,0.000000,-0.500000,1,accelerating,0,[],2026-04-24T07:51:03.322738+00:00
1353,10128,152,CA,CAD,CPI,cpi_headline_yoy,Headline CPI (YoY),2025-01-01,2025-02-18T13:30:00+00:00,1.900000,1.800000,1,up,0.200000,0.000000,1,accelerating,1,[],2026-04-24T07:51:03.322738+00:00
1354,10055,152,CA,CAD,CPI,cpi_headline_yoy,Headline CPI (YoY),2025-02-01,2025-03-18T12:30:00+00:00,2.600000,1.900000,1,up,0.600000,0.200000,1,accelerating,1,[],2026-04-24T07:51:03.322738+00:00
1355,10001,152,CA,CAD,CPI,cpi_headline_yoy,Headline CPI (YoY),2025-03-01,2025-04-15T12:30:00+00:00,2.300000,2.600000,-1,down,-1.000000,0.600000,-1,decelerating,0,[],2026-04-24T07:51:03.322738+00:00
1356,9923,152,CA,CAD,CPI,cpi_headline_yoy,Headline CPI (YoY),2025-04-01,2025-05-20T12:30:00+00:00,1.700000,2.300000,-1,down,-0.300000,-1.000000,1,accelerating,0,[],2026-04-24T07:51:03.322738+00:00
1357,9831,152,CA,CAD,CPI,cpi_headline_yoy,Headline CPI (YoY),2025-05-01,2025-06-24T12:30:00+00:00,1.700000,1.700000,0,flat,0.600000,-0.300000,1,accelerating,0,[],2026-04-24T07:51:03.322738+00:00
1358,10626,152,CA,CAD,CPI,cpi_headline_yoy,Headline CPI (YoY),2025-06-01,2025-07-15T12:30:00+00:00,1.900000,1.700000,1,up,0.200000,0.600000,-1,decelerating,1,[],2026-04-24T07:51:03.322738+00:00
1359,10551,152,CA,CAD,CPI,cpi_headline_yoy,Headline CPI (YoY),2025-07-01,2025-08-19T12:30:00+00:00,1.700000,1.900000,-1,down,-0.400000,0.200000,-1,decelerating,0,[],2026-04-24T07:51:03.322738+00:00
1360,10484,152,CA,CAD,CPI,cpi_headline_yoy,Headline CPI (YoY),2025-08-01,2025-09-16T12:30:00+00:00,1.900000,1.700000,1,up,0.400000,-0.400000,1,accelerating,1,[],2026-04-24T07:51:03.322738+00:00
1361,10401,152,CA,CAD,CPI,cpi_headline_yoy,Headline CPI (YoY),2025-09-01,2025-10-21T12:30:00+00:00,2.400000,1.900000,1,up,0.300000,0.400000,-1,decelerating,1,[],2026-04-24T07:51:03.322738+00:00
1362,10345,152,CA,CAD,CPI,cpi_headline_yoy,Headline CPI (YoY),2025-10-01,2025-11-17T13:30:00+00:00,2.200000,2.400000,-1,down,-0.700000,0.300000,-1,decelerating,0,[],2026-04-24T07:51:03.322738+00:00
1363,10258,152,CA,CAD,CPI,cpi_headline_yoy,Headline CPI (YoY),2025-11-01,2025-12-15T13:30:00+00:00,2.200000,2.200000,0,flat,0.200000,-0.700000,1,accelerating,0,[],2026-04-24T07:51:03.322738+00:00
1364,10678,152,CA,CAD,CPI,cpi_headline_yoy,Headline CPI (YoY),2025-12-01,2026-01-19T13:30:00+00:00,2.500000,2.200000,1,up,0.300000,0.200000,1,accelerating,1,[],2026-04-24T07:51:03.322738+00:00
1365,10679,152,CA,CAD,CPI,cpi_headline_yoy,Headline CPI (YoY),2025-12-01,2026-01-19T13:30:00+00:00,2.400000,2.500000,-1,down,-0.400000,0.300000,-1,decelerating,0,[],2026-04-24T07:51:03.322738+00:00
1366,45470,152,CA,CAD,CPI,cpi_headline_yoy,Headline CPI (YoY),2026-01-01,2026-02-17T13:30:00+00:00,2.300000,2.400000,-1,down,0.000000,-0.400000,1,accelerating,0,[],2026-04-24T07:51:03.322738+00:00
1367,45471,152,CA,CAD,CPI,cpi_headline_yoy,Headline CPI (YoY),2026-01-01,2026-02-17T13:30:00+00:00,2.400000,2.300000,1,up,0.200000,0.000000,1,accelerating,1,[],2026-04-24T07:51:03.322738+00:00
1368,45200,152,CA,CAD,CPI,cpi_headline_yoy,Headline CPI (YoY),2026-02-01,2026-03-16T12:30:00+00:00,1.800000,2.400000,-1,down,-0.700000,0.200000,-1,decelerating,0,[],2026-04-24T07:51:03.322738+00:00
1369,45467,152,CA,CAD,CPI,cpi_headline_yoy,Headline CPI (YoY),2026-02-01,2026-03-16T12:30:00+00:00,2.400000,1.800000,1,up,1.200000,-0.700000,1,accelerating,1,[],2026-04-24T07:51:03.322738+00:00
1370,45464,152,CA,CAD,CPI,cpi_headline_yoy,Headline CPI (YoY),2026-03-01,2026-04-20T12:30:00+00:00,2.300000,2.400000,-1,down,-0.700000,1.200000,-1,decelerating,0,[],2026-04-24T07:51:03.322738+00:00
1371,45465,152,CA,CAD,CPI,cpi_headline_yoy,Headline CPI (YoY),2026-03-01,2026-04-20T12:30:00+00:00,2.400000,2.300000,1,up,0.200000,-0.700000,1,accelerating,1,[],2026-04-24T07:51:03.322738+00:00
1372,7076,154,CA,CAD,UNEMPLOYMENT,unemployment_rate,Unemployment Rate,2019-12-01,2020-01-10T13:30:00+00:00,5.600000,,,,,,,,,"[""direction_target_short_history"", ""acceleration_target_short_history""]",2026-04-24T07:51:03.322738+00:00
1373,7041,154,CA,CAD,UNEMPLOYMENT,unemployment_rate,Unemployment Rate,2020-01-01,2020-02-07T13:30:00+00:00,5.500000,5.600000,-1,down,,,,,0,"[""acceleration_target_short_history""]",2026-04-24T07:51:03.322738+00:00
1374,7000,154,CA,CAD,UNEMPLOYMENT,unemployment_rate,Unemployment Rate,2020-02-01,2020-03-06T13:30:00+00:00,5.600000,5.500000,1,up,0.200000,,,,1,"[""acceleration_target_short_history""]",2026-04-24T07:51:03.322738+00:00
1375,6956,154,CA,CAD,UNEMPLOYMENT,unemployment_rate,Unemployment Rate,2020-03-01,2020-04-09T12:30:00+00:00,7.800000,5.600000,1,up,2.100000,0.200000,1,accelerating,1,[],2026-04-24T07:51:03.322738+00:00
1376,6921,154,CA,CAD,UNEMPLOYMENT,unemployment_rate,Unemployment Rate,2020-04-01,2020-05-08T12:30:00+00:00,13.000000,7.800000,1,up,3.000000,2.100000,1,accelerating,1,[],2026-04-24T07:51:03.322738+00:00
1377,6874,154,CA,CAD,UNEMPLOYMENT,unemployment_rate,Unemployment Rate,2020-05-01,2020-06-05T12:30:00+00:00,13.700000,13.000000,1,up,-4.500000,3.000000,-1,decelerating,1,[],2026-04-24T07:51:03.322738+00:00
1378,7334,154,CA,CAD,UNEMPLOYMENT,unemployment_rate,Unemployment Rate,2020-06-01,2020-07-10T12:30:00+00:00,12.300000,13.700000,-1,down,-2.100000,-4.500000,1,accelerating,0,[],2026-04-24T07:51:03.322738+00:00
1379,7297,154,CA,CAD,UNEMPLOYMENT,unemployment_rate,Unemployment Rate,2020-07-01,2020-08-07T12:30:00+00:00,10.900000,12.300000,-1,down,0.000000,-2.100000,1,accelerating,0,[],2026-04-24T07:51:03.322738+00:00
1380,7256,154,CA,CAD,UNEMPLOYMENT,unemployment_rate,Unemployment Rate,2020-08-01,2020-09-04T12:30:00+00:00,10.200000,10.900000,-1,down,0.700000,0.000000,1,accelerating,0,[],2026-04-24T07:51:03.322738+00:00
1381,7209,154,CA,CAD,UNEMPLOYMENT,unemployment_rate,Unemployment Rate,2020-09-01,2020-10-09T12:30:00+00:00,9.000000,10.200000,-1,down,-0.500000,0.700000,-1,decelerating,0,[],2026-04-24T07:51:03.322738+00:00
1382,7174,154,CA,CAD,UNEMPLOYMENT,unemployment_rate,Unemployment Rate,2020-10-01,2020-11-06T13:30:00+00:00,8.900000,9.000000,-1,down,1.100000,-0.500000,1,accelerating,0,[],2026-04-24T07:51:03.322738+00:00
1383,7123,154,CA,CAD,UNEMPLOYMENT,unemployment_rate,Unemployment Rate,2020-11-01,2020-12-04T13:30:00+00:00,8.500000,8.900000,-1,down,-0.300000,1.100000,-1,decelerating,0,[],2026-04-24T07:51:03.322738+00:00
1384,7587,154,CA,CAD,UNEMPLOYMENT,unemployment_rate,Unemployment Rate,2020-12-01,2021-01-08T13:30:00+00:00,8.600000,8.500000,1,up,0.500000,-0.300000,1,accelerating,1,[],2026-04-24T07:51:03.322738+00:00
1385,7547,154,CA,CAD,UNEMPLOYMENT,unemployment_rate,Unemployment Rate,2021-01-01,2021-02-05T13:30:00+00:00,9.400000,8.600000,1,up,0.700000,0.500000,1,accelerating,1,[],2026-04-24T07:51:03.322738+00:00
1386,7498,154,CA,CAD,UNEMPLOYMENT,unemployment_rate,Unemployment Rate,2021-02-01,2021-03-12T13:30:00+00:00,8.200000,9.400000,-1,down,-2.000000,0.700000,-1,decelerating,0,[],2026-04-24T07:51:03.322738+00:00
1387,7462,154,CA,CAD,UNEMPLOYMENT,unemployment_rate,Unemployment Rate,2021-03-01,2021-04-09T12:30:00+00:00,7.500000,8.200000,-1,down,0.500000,-2.000000,1,accelerating,0,[],2026-04-24T07:51:03.322738+00:00
1388,7421,154,CA,CAD,UNEMPLOYMENT,unemployment_rate,Unemployment Rate,2021-04-01,2021-05-07T12:30:00+00:00,8.100000,7.500000,1,up,1.300000,0.500000,1,accelerating,1,[],2026-04-24T07:51:03.322738+00:00
1389,7380,154,CA,CAD,UNEMPLOYMENT,unemployment_rate,Unemployment Rate,2021-05-01,2021-06-04T12:30:00+00:00,8.200000,8.100000,1,up,-0.500000,1.300000,-1,decelerating,1,[],2026-04-24T07:51:03.322738+00:00
1390,7882,154,CA,CAD,UNEMPLOYMENT,unemployment_rate,Unemployment Rate,2021-06-01,2021-07-09T12:30:00+00:00,7.800000,8.200000,-1,down,-0.500000,-0.500000,0,flat,0,[],2026-04-24T07:51:03.322738+00:00
1391,7835,154,CA,CAD,UNEMPLOYMENT,unemployment_rate,Unemployment Rate,2021-07-01,2021-08-06T12:30:00+00:00,7.500000,7.800000,-1,down,0.100000,-0.500000,1,accelerating,0,[],2026-04-24T07:51:03.322738+00:00
1392,7785,154,CA,CAD,UNEMPLOYMENT,unemployment_rate,Unemployment Rate,2021-08-01,2021-09-10T12:30:00+00:00,7.100000,7.500000,-1,down,-0.100000,0.100000,-1,decelerating,0,[],2026-04-24T07:51:03.322738+00:00
1393,7742,154,CA,CAD,UNEMPLOYMENT,unemployment_rate,Unemployment Rate,2021-09-01,2021-10-08T12:30:00+00:00,6.900000,7.100000,-1,down,0.200000,-0.100000,1,accelerating,0,[],2026-04-24T07:51:03.322738+00:00
1394,7687,154,CA,CAD,UNEMPLOYMENT,unemployment_rate,Unemployment Rate,2021-10-01,2021-11-05T12:30:00+00:00,6.700000,6.900000,-1,down,0.000000,0.200000,-1,decelerating,0,[],2026-04-24T07:51:03.322738+00:00
1395,7633,154,CA,CAD,UNEMPLOYMENT,unemployment_rate,Unemployment Rate,2021-11-01,2021-12-03T13:30:00+00:00,6.000000,6.700000,-1,down,-0.500000,0.000000,-1,decelerating,0,[],2026-04-24T07:51:03.322738+00:00
1396,8181,154,CA,CAD,UNEMPLOYMENT,unemployment_rate,Unemployment Rate,2021-12-01,2022-01-07T13:30:00+00:00,5.900000,6.000000,-1,down,0.600000,-0.500000,1,accelerating,0,[],2026-04-24T07:51:03.322738+00:00
1397,8138,154,CA,CAD,UNEMPLOYMENT,unemployment_rate,Unemployment Rate,2022-01-01,2022-02-04T13:30:00+00:00,6.500000,5.900000,1,up,0.700000,0.600000,1,accelerating,1,[],2026-04-24T07:51:03.322738+00:00
1398,8079,154,CA,CAD,UNEMPLOYMENT,unemployment_rate,Unemployment Rate,2022-02-01,2022-03-11T13:30:00+00:00,5.500000,6.500000,-1,down,-1.600000,0.700000,-1,decelerating,0,[],2026-04-24T07:51:03.322738+00:00
1399,8037,154,CA,CAD,UNEMPLOYMENT,unemployment_rate,Unemployment Rate,2022-03-01,2022-04-08T12:30:00+00:00,5.300000,5.500000,-1,down,0.800000,-1.600000,1,accelerating,0,[],2026-04-24T07:51:03.322738+00:00
1400,7988,154,CA,CAD,UNEMPLOYMENT,unemployment_rate,Unemployment Rate,2022-04-01,2022-05-06T12:30:00+00:00,5.200000,5.300000,-1,down,0.100000,0.800000,-1,decelerating,0,[],2026-04-24T07:51:03.322738+00:00
1401,7926,154,CA,CAD,UNEMPLOYMENT,unemployment_rate,Unemployment Rate,2022-05-01,2022-06-10T12:30:00+00:00,5.100000,5.200000,-1,down,0.000000,0.100000,-1,decelerating,0,[],2026-04-24T07:51:03.322738+00:00
1402,8485,154,CA,CAD,UNEMPLOYMENT,unemployment_rate,Unemployment Rate,2022-06-01,2022-07-08T12:30:00+00:00,4.900000,5.100000,-1,down,-0.100000,0.000000,-1,decelerating,0,[],2026-04-24T07:51:03.322738+00:00
1403,8436,154,CA,CAD,UNEMPLOYMENT,unemployment_rate,Unemployment Rate,2022-07-01,2022-08-05T12:30:00+00:00,4.900000,4.900000,0,flat,0.200000,-0.100000,1,accelerating,0,[],2026-04-24T07:51:03.322738+00:00
1404,8383,154,CA,CAD,UNEMPLOYMENT,unemployment_rate,Unemployment Rate,2022-08-01,2022-09-09T12:30:00+00:00,5.400000,4.900000,1,up,0.500000,0.200000,1,accelerating,1,[],2026-04-24T07:51:03.322738+00:00
1405,8342,154,CA,CAD,UNEMPLOYMENT,unemployment_rate,Unemployment Rate,2022-09-01,2022-10-07T12:30:00+00:00,5.200000,5.400000,-1,down,-0.700000,0.500000,-1,decelerating,0,[],2026-04-24T07:51:03.322738+00:00
1406,8289,154,CA,CAD,UNEMPLOYMENT,unemployment_rate,Unemployment Rate,2022-10-01,2022-11-04T12:30:00+00:00,5.200000,5.200000,0,flat,0.200000,-0.700000,1,accelerating,0,[],2026-04-24T07:51:03.322738+00:00
1407,8239,154,CA,CAD,UNEMPLOYMENT,unemployment_rate,Unemployment Rate,2022-11-01,2022-12-02T13:30:00+00:00,5.100000,5.200000,-1,down,-0.100000,0.200000,-1,decelerating,0,[],2026-04-24T07:51:03.322738+00:00
1408,8785,154,CA,CAD,UNEMPLOYMENT,unemployment_rate,Unemployment Rate,2022-12-01,2023-01-06T13:30:00+00:00,5.000000,5.100000,-1,down,0.000000,-0.100000,1,accelerating,0,[],2026-04-24T07:51:03.322738+00:00
1409,8733,154,CA,CAD,UNEMPLOYMENT,unemployment_rate,Unemployment Rate,2023-01-01,2023-02-10T13:30:00+00:00,5.000000,5.000000,0,flat,0.100000,0.000000,1,accelerating,0,[],2026-04-24T07:51:03.322738+00:00
1410,8677,154,CA,CAD,UNEMPLOYMENT,unemployment_rate,Unemployment Rate,2023-02-01,2023-03-10T13:30:00+00:00,5.000000,5.000000,0,flat,0.000000,0.100000,-1,decelerating,0,[],2026-04-24T07:51:03.322738+00:00
1411,8634,154,CA,CAD,UNEMPLOYMENT,unemployment_rate,Unemployment Rate,2023-03-01,2023-04-06T12:30:00+00:00,5.000000,5.000000,0,flat,0.000000,0.000000,0,flat,0,[],2026-04-24T07:51:03.322738+00:00
1412,8586,154,CA,CAD,UNEMPLOYMENT,unemployment_rate,Unemployment Rate,2023-04-01,2023-05-05T12:30:00+00:00,5.000000,5.000000,0,flat,0.000000,0.000000,0,flat,0,[],2026-04-24T07:51:03.322738+00:00
1413,8531,154,CA,CAD,UNEMPLOYMENT,unemployment_rate,Unemployment Rate,2023-05-01,2023-06-09T12:30:00+00:00,5.200000,5.000000,1,up,0.200000,0.000000,1,accelerating,1,[],2026-04-24T07:51:03.322738+00:00
1414,9090,154,CA,CAD,UNEMPLOYMENT,unemployment_rate,Unemployment Rate,2023-06-01,2023-07-07T12:30:00+00:00,5.400000,5.200000,1,up,0.000000,0.200000,-1,decelerating,1,[],2026-04-24T07:51:03.322738+00:00
1415,9042,154,CA,CAD,UNEMPLOYMENT,unemployment_rate,Unemployment Rate,2023-07-01,2023-08-04T12:30:00+00:00,5.500000,5.400000,1,up,-0.100000,0.000000,-1,decelerating,1,[],2026-04-24T07:51:03.322738+00:00
1416,8986,154,CA,CAD,UNEMPLOYMENT,unemployment_rate,Unemployment Rate,2023-08-01,2023-09-08T12:30:00+00:00,5.500000,5.500000,0,flat,-0.100000,-0.100000,0,flat,0,[],2026-04-24T07:51:03.322738+00:00
1417,8939,154,CA,CAD,UNEMPLOYMENT,unemployment_rate,Unemployment Rate,2023-09-01,2023-10-06T12:30:00+00:00,5.500000,5.500000,0,flat,0.000000,-0.100000,1,accelerating,0,[],2026-04-24T07:51:03.322738+00:00
1418,8898,154,CA,CAD,UNEMPLOYMENT,unemployment_rate,Unemployment Rate,2023-10-01,2023-11-03T12:30:00+00:00,5.700000,5.500000,1,up,0.200000,0.000000,1,accelerating,1,[],2026-04-24T07:51:03.322738+00:00
1419,8846,154,CA,CAD,UNEMPLOYMENT,unemployment_rate,Unemployment Rate,2023-11-01,2023-12-01T13:30:00+00:00,5.800000,5.700000,1,up,-0.100000,0.200000,-1,decelerating,1,[],2026-04-24T07:51:03.322738+00:00
1420,9450,154,CA,CAD,UNEMPLOYMENT,unemployment_rate,Unemployment Rate,2023-12-01,2024-01-05T13:30:00+00:00,5.800000,5.800000,0,flat,-0.100000,-0.100000,0,flat,0,[],2026-04-24T07:51:03.322738+00:00
1421,9389,154,CA,CAD,UNEMPLOYMENT,unemployment_rate,Unemployment Rate,2024-01-01,2024-02-09T13:30:00+00:00,5.700000,5.800000,-1,down,-0.100000,-0.100000,0,flat,0,[],2026-04-24T07:51:03.322738+00:00
1422,9327,154,CA,CAD,UNEMPLOYMENT,unemployment_rate,Unemployment Rate,2024-02-01,2024-03-08T13:30:00+00:00,5.800000,5.700000,1,up,0.200000,-0.100000,1,accelerating,1,[],2026-04-24T07:51:03.322738+00:00
1423,9270,154,CA,CAD,UNEMPLOYMENT,unemployment_rate,Unemployment Rate,2024-03-01,2024-04-05T12:30:00+00:00,6.100000,5.800000,1,up,0.200000,0.200000,0,flat,1,[],2026-04-24T07:51:03.322738+00:00
1424,9205,154,CA,CAD,UNEMPLOYMENT,unemployment_rate,Unemployment Rate,2024-04-01,2024-05-10T12:30:00+00:00,6.100000,6.100000,0,flat,-0.300000,0.200000,-1,decelerating,0,[],2026-04-24T07:51:03.322738+00:00
1425,9136,154,CA,CAD,UNEMPLOYMENT,unemployment_rate,Unemployment Rate,2024-05-01,2024-06-07T12:30:00+00:00,6.200000,6.100000,1,up,0.100000,-0.300000,1,accelerating,1,[],2026-04-24T07:51:03.322738+00:00
1426,9808,154,CA,CAD,UNEMPLOYMENT,unemployment_rate,Unemployment Rate,2024-06-01,2024-07-05T12:30:00+00:00,6.400000,6.200000,1,up,0.100000,0.100000,0,flat,1,[],2026-04-24T07:51:03.322738+00:00
1427,9747,154,CA,CAD,UNEMPLOYMENT,unemployment_rate,Unemployment Rate,2024-07-01,2024-08-09T12:30:00+00:00,6.400000,6.400000,0,flat,-0.200000,0.100000,-1,decelerating,0,[],2026-04-24T07:51:03.322738+00:00
1428,9690,154,CA,CAD,UNEMPLOYMENT,unemployment_rate,Unemployment Rate,2024-08-01,2024-09-06T12:30:00+00:00,6.600000,6.400000,1,up,0.200000,-0.200000,1,accelerating,1,[],2026-04-24T07:51:03.322738+00:00
1429,9627,154,CA,CAD,UNEMPLOYMENT,unemployment_rate,Unemployment Rate,2024-09-01,2024-10-11T12:30:00+00:00,6.500000,6.600000,-1,down,-0.300000,0.200000,-1,decelerating,0,[],2026-04-24T07:51:03.322738+00:00
1430,9565,154,CA,CAD,UNEMPLOYMENT,unemployment_rate,Unemployment Rate,2024-10-01,2024-11-08T13:30:00+00:00,6.500000,6.500000,0,flat,0.100000,-0.300000,1,accelerating,0,[],2026-04-24T07:51:03.322738+00:00
1431,9499,154,CA,CAD,UNEMPLOYMENT,unemployment_rate,Unemployment Rate,2024-11-01,2024-12-06T13:30:00+00:00,6.800000,6.500000,1,up,0.300000,0.100000,1,accelerating,1,[],2026-04-24T07:51:03.322738+00:00
1432,10215,154,CA,CAD,UNEMPLOYMENT,unemployment_rate,Unemployment Rate,2024-12-01,2025-01-10T13:30:00+00:00,6.700000,6.800000,-1,down,-0.400000,0.300000,-1,decelerating,0,[],2026-04-24T07:51:03.322738+00:00
1433,10156,154,CA,CAD,UNEMPLOYMENT,unemployment_rate,Unemployment Rate,2025-01-01,2025-02-07T13:30:00+00:00,6.600000,6.700000,-1,down,0.000000,-0.400000,1,accelerating,0,[],2026-04-24T07:51:03.322738+00:00
1434,10079,154,CA,CAD,UNEMPLOYMENT,unemployment_rate,Unemployment Rate,2025-02-01,2025-03-07T13:30:00+00:00,6.600000,6.600000,0,flat,0.100000,0.000000,1,accelerating,0,[],2026-04-24T07:51:03.322738+00:00
1435,10018,154,CA,CAD,UNEMPLOYMENT,unemployment_rate,Unemployment Rate,2025-03-01,2025-04-04T12:30:00+00:00,6.700000,6.600000,1,up,0.100000,0.100000,0,flat,1,[],2026-04-24T07:51:03.322738+00:00
1436,9943,154,CA,CAD,UNEMPLOYMENT,unemployment_rate,Unemployment Rate,2025-04-01,2025-05-09T12:30:00+00:00,6.900000,6.700000,1,up,0.100000,0.100000,0,flat,1,[],2026-04-24T07:51:03.322738+00:00
1437,9868,154,CA,CAD,UNEMPLOYMENT,unemployment_rate,Unemployment Rate,2025-05-01,2025-06-06T12:30:00+00:00,7.000000,6.900000,1,up,-0.100000,0.100000,-1,decelerating,1,[],2026-04-24T07:51:03.322738+00:00
1438,10640,154,CA,CAD,UNEMPLOYMENT,unemployment_rate,Unemployment Rate,2025-06-01,2025-07-11T12:30:00+00:00,6.900000,7.000000,-1,down,-0.200000,-0.100000,-1,decelerating,0,[],2026-04-24T07:51:03.322738+00:00
1439,10576,154,CA,CAD,UNEMPLOYMENT,unemployment_rate,Unemployment Rate,2025-07-01,2025-08-08T12:30:00+00:00,6.900000,6.900000,0,flat,0.100000,-0.200000,1,accelerating,0,[],2026-04-24T07:51:03.322738+00:00
1440,10500,154,CA,CAD,UNEMPLOYMENT,unemployment_rate,Unemployment Rate,2025-08-01,2025-09-05T12:30:00+00:00,7.100000,6.900000,1,up,0.200000,0.100000,1,accelerating,1,[],2026-04-24T07:51:03.322738+00:00
1441,10427,154,CA,CAD,UNEMPLOYMENT,unemployment_rate,Unemployment Rate,2025-09-01,2025-10-10T12:30:00+00:00,7.100000,7.100000,0,flat,-0.200000,0.200000,-1,decelerating,0,[],2026-04-24T07:51:03.322738+00:00
1442,10356,154,CA,CAD,UNEMPLOYMENT,unemployment_rate,Unemployment Rate,2025-10-01,2025-11-07T13:30:00+00:00,6.900000,7.100000,-1,down,-0.200000,-0.200000,0,flat,0,[],2026-04-24T07:51:03.322738+00:00
1443,10287,154,CA,CAD,UNEMPLOYMENT,unemployment_rate,Unemployment Rate,2025-11-01,2025-12-05T13:30:00+00:00,6.500000,6.900000,-1,down,-0.200000,-0.200000,0,flat,0,[],2026-04-24T07:51:03.322738+00:00
1444,10697,154,CA,CAD,UNEMPLOYMENT,unemployment_rate,Unemployment Rate,2025-12-01,2026-01-09T13:30:00+00:00,6.800000,6.500000,1,up,0.700000,-0.200000,1,accelerating,1,[],2026-04-24T07:51:03.322738+00:00
1445,433,154,CA,CAD,UNEMPLOYMENT,unemployment_rate,Unemployment Rate,2026-01-01,2026-02-06T13:30:00+00:00,6.500000,6.800000,-1,down,-0.600000,0.700000,-1,decelerating,0,[],2026-04-24T07:51:03.322738+00:00
1446,361,154,CA,CAD,UNEMPLOYMENT,unemployment_rate,Unemployment Rate,2026-02-01,2026-03-13T12:30:00+00:00,6.700000,6.500000,1,up,0.500000,-0.600000,1,accelerating,1,[],2026-04-24T07:51:03.322738+00:00
1447,304,154,CA,CAD,UNEMPLOYMENT,unemployment_rate,Unemployment Rate,2026-03-01,2026-04-10T12:30:00+00:00,6.700000,6.700000,0,flat,-0.200000,0.500000,-1,decelerating,0,[],2026-04-24T07:51:03.322738+00:00
1448,7029,159,CA,CAD,CPI,cpi_headline_mom,Headline CPI (MoM),2020-01-01,2020-02-19T13:30:00+00:00,0.300000,,,,,,,,,"[""direction_target_short_history"", ""acceleration_target_short_history""]",2026-04-24T07:51:03.322738+00:00
1449,6985,159,CA,CAD,CPI,cpi_headline_mom,Headline CPI (MoM),2020-02-01,2020-03-18T12:30:00+00:00,0.400000,0.300000,1,up,,,,,1,"[""acceleration_target_short_history""]",2026-04-24T07:51:03.322738+00:00
1450,6938,159,CA,CAD,CPI,cpi_headline_mom,Headline CPI (MoM),2020-03-01,2020-04-22T12:30:00+00:00,-0.600000,0.400000,-1,down,-1.100000,,,,0,"[""acceleration_target_short_history""]",2026-04-24T07:51:03.322738+00:00
1451,6904,159,CA,CAD,CPI,cpi_headline_mom,Headline CPI (MoM),2020-04-01,2020-05-20T12:30:00+00:00,-0.700000,-0.600000,-1,down,0.900000,-1.100000,1,accelerating,0,[],2026-04-24T07:51:03.322738+00:00
1452,6859,159,CA,CAD,CPI,cpi_headline_mom,Headline CPI (MoM),2020-05-01,2020-06-17T12:30:00+00:00,0.300000,-0.700000,1,up,1.100000,0.900000,1,accelerating,1,[],2026-04-24T07:51:03.322738+00:00
1453,7318,159,CA,CAD,CPI,cpi_headline_mom,Headline CPI (MoM),2020-06-01,2020-07-22T12:30:00+00:00,0.800000,0.300000,1,up,-0.500000,1.100000,-1,decelerating,1,[],2026-04-24T07:51:03.322738+00:00
1454,7287,159,CA,CAD,CPI,cpi_headline_mom,Headline CPI (MoM),2020-07-01,2020-08-19T12:30:00+00:00,-0.100000,0.800000,-1,down,-1.400000,-0.500000,-1,decelerating,0,[],2026-04-24T07:51:03.322738+00:00
1455,7242,159,CA,CAD,CPI,cpi_headline_mom,Headline CPI (MoM),2020-08-01,2020-09-16T12:30:00+00:00,-0.100000,-0.100000,0,flat,0.900000,-1.400000,1,accelerating,0,[],2026-04-24T07:51:03.322738+00:00
1456,7194,159,CA,CAD,CPI,cpi_headline_mom,Headline CPI (MoM),2020-09-01,2020-10-21T12:30:00+00:00,-0.100000,-0.100000,0,flat,0.000000,0.900000,-1,decelerating,0,[],2026-04-24T07:51:03.322738+00:00
1457,7155,159,CA,CAD,CPI,cpi_headline_mom,Headline CPI (MoM),2020-10-01,2020-11-18T13:30:00+00:00,0.400000,-0.100000,1,up,0.500000,0.000000,1,accelerating,1,[],2026-04-24T07:51:03.322738+00:00
1458,7111,159,CA,CAD,CPI,cpi_headline_mom,Headline CPI (MoM),2020-11-01,2020-12-16T13:30:00+00:00,0.100000,0.400000,-1,down,-0.800000,0.500000,-1,decelerating,0,[],2026-04-24T07:51:03.322738+00:00
1459,7574,159,CA,CAD,CPI,cpi_headline_mom,Headline CPI (MoM),2020-12-01,2021-01-20T13:30:00+00:00,-0.200000,0.100000,-1,down,0.000000,-0.800000,1,accelerating,0,[],2026-04-24T07:51:03.322738+00:00
1460,7533,159,CA,CAD,CPI,cpi_headline_mom,Headline CPI (MoM),2021-01-01,2021-02-17T13:30:00+00:00,0.600000,-0.200000,1,up,1.100000,0.000000,1,accelerating,1,[],2026-04-24T07:51:03.322738+00:00
1461,7490,159,CA,CAD,CPI,cpi_headline_mom,Headline CPI (MoM),2021-02-01,2021-03-17T12:30:00+00:00,0.500000,0.600000,-1,down,-0.900000,1.100000,-1,decelerating,0,[],2026-04-24T07:51:03.322738+00:00
1462,7449,159,CA,CAD,CPI,cpi_headline_mom,Headline CPI (MoM),2021-03-01,2021-04-21T12:30:00+00:00,0.500000,0.500000,0,flat,0.100000,-0.900000,1,accelerating,0,[],2026-04-24T07:51:03.322738+00:00
1463,7407,159,CA,CAD,CPI,cpi_headline_mom,Headline CPI (MoM),2021-04-01,2021-05-19T12:30:00+00:00,0.500000,0.500000,0,flat,0.000000,0.100000,-1,decelerating,0,[],2026-04-24T07:51:03.322738+00:00
1464,7363,159,CA,CAD,CPI,cpi_headline_mom,Headline CPI (MoM),2021-05-01,2021-06-16T12:30:00+00:00,0.500000,0.500000,0,flat,0.000000,0.000000,0,flat,0,[],2026-04-24T07:51:03.322738+00:00
1465,7858,159,CA,CAD,CPI,cpi_headline_mom,Headline CPI (MoM),2021-06-01,2021-07-28T12:30:00+00:00,0.300000,0.500000,-1,down,-0.200000,0.000000,-1,decelerating,0,[],2026-04-24T07:51:03.322738+00:00
1466,7823,159,CA,CAD,CPI,cpi_headline_mom,Headline CPI (MoM),2021-07-01,2021-08-18T12:30:00+00:00,0.600000,0.300000,1,up,0.500000,-0.200000,1,accelerating,1,[],2026-04-24T07:51:03.322738+00:00
1467,7779,159,CA,CAD,CPI,cpi_headline_mom,Headline CPI (MoM),2021-08-01,2021-09-15T12:30:00+00:00,0.200000,0.600000,-1,down,-0.700000,0.500000,-1,decelerating,0,[],2026-04-24T07:51:03.322738+00:00
1468,7724,159,CA,CAD,CPI,cpi_headline_mom,Headline CPI (MoM),2021-09-01,2021-10-20T12:30:00+00:00,0.200000,0.200000,0,flat,0.400000,-0.700000,1,accelerating,0,[],2026-04-24T07:51:03.322738+00:00
1469,7670,159,CA,CAD,CPI,cpi_headline_mom,Headline CPI (MoM),2021-10-01,2021-11-17T13:30:00+00:00,0.700000,0.200000,1,up,0.500000,0.400000,1,accelerating,1,[],2026-04-24T07:51:03.322738+00:00
1470,7622,159,CA,CAD,CPI,cpi_headline_mom,Headline CPI (MoM),2021-11-01,2021-12-15T13:30:00+00:00,0.200000,0.700000,-1,down,-1.000000,0.500000,-1,decelerating,0,[],2026-04-24T07:51:03.322738+00:00
1471,8165,159,CA,CAD,CPI,cpi_headline_mom,Headline CPI (MoM),2021-12-01,2022-01-19T13:30:00+00:00,-0.100000,0.200000,-1,down,0.200000,-1.000000,1,accelerating,0,[],2026-04-24T07:51:03.322738+00:00
1472,8123,159,CA,CAD,CPI,cpi_headline_mom,Headline CPI (MoM),2022-01-01,2022-02-16T13:30:00+00:00,0.900000,-0.100000,1,up,1.300000,0.200000,1,accelerating,1,[],2026-04-24T07:51:03.322738+00:00
1473,8073,159,CA,CAD,CPI,cpi_headline_mom,Headline CPI (MoM),2022-02-01,2022-03-16T12:30:00+00:00,1.000000,0.900000,1,up,-0.900000,1.300000,-1,decelerating,1,[],2026-04-24T07:51:03.322738+00:00
1474,8026,159,CA,CAD,CPI,cpi_headline_mom,Headline CPI (MoM),2022-03-01,2022-04-20T12:30:00+00:00,1.400000,1.000000,1,up,0.300000,-0.900000,1,accelerating,1,[],2026-04-24T07:51:03.322738+00:00
1475,7971,159,CA,CAD,CPI,cpi_headline_mom,Headline CPI (MoM),2022-04-01,2022-05-18T12:30:00+00:00,0.600000,1.400000,-1,down,-1.200000,0.300000,-1,decelerating,0,[],2026-04-24T07:51:03.322738+00:00
1476,7906,159,CA,CAD,CPI,cpi_headline_mom,Headline CPI (MoM),2022-05-01,2022-06-22T12:30:00+00:00,1.400000,0.600000,1,up,1.600000,-1.200000,1,accelerating,1,[],2026-04-24T07:51:03.322738+00:00
1477,8465,159,CA,CAD,CPI,cpi_headline_mom,Headline CPI (MoM),2022-06-01,2022-07-20T12:30:00+00:00,0.700000,1.400000,-1,down,-1.500000,1.600000,-1,decelerating,0,[],2026-04-24T07:51:03.322738+00:00
1478,8425,159,CA,CAD,CPI,cpi_headline_mom,Headline CPI (MoM),2022-07-01,2022-08-16T12:30:00+00:00,0.100000,0.700000,-1,down,0.100000,-1.500000,1,accelerating,0,[],2026-04-24T07:51:03.322738+00:00
1479,8368,159,CA,CAD,CPI,cpi_headline_mom,Headline CPI (MoM),2022-08-01,2022-09-20T12:30:00+00:00,-0.300000,0.100000,-1,down,0.200000,0.100000,1,accelerating,0,[],2026-04-24T07:51:03.322738+00:00
1480,8323,159,CA,CAD,CPI,cpi_headline_mom,Headline CPI (MoM),2022-09-01,2022-10-19T12:30:00+00:00,0.100000,-0.300000,1,up,0.800000,0.200000,1,accelerating,1,[],2026-04-24T07:51:03.322738+00:00
1481,8277,159,CA,CAD,CPI,cpi_headline_mom,Headline CPI (MoM),2022-10-01,2022-11-16T13:30:00+00:00,0.700000,0.100000,1,up,0.200000,0.800000,-1,decelerating,1,[],2026-04-24T07:51:03.322738+00:00
1482,8210,159,CA,CAD,CPI,cpi_headline_mom,Headline CPI (MoM),2022-11-01,2022-12-21T13:30:00+00:00,0.100000,0.700000,-1,down,-1.200000,0.200000,-1,decelerating,0,[],2026-04-24T07:51:03.322738+00:00
1483,8773,159,CA,CAD,CPI,cpi_headline_mom,Headline CPI (MoM),2022-12-01,2023-01-17T13:30:00+00:00,-0.600000,0.100000,-1,down,-0.100000,-1.200000,1,accelerating,0,[],2026-04-24T07:51:03.322738+00:00
1484,8708,159,CA,CAD,CPI,cpi_headline_mom,Headline CPI (MoM),2023-01-01,2023-02-21T13:30:00+00:00,0.500000,-0.600000,1,up,1.800000,-0.100000,1,accelerating,1,[],2026-04-24T07:51:03.322738+00:00
1485,8662,159,CA,CAD,CPI,cpi_headline_mom,Headline CPI (MoM),2023-02-01,2023-03-21T12:30:00+00:00,0.400000,0.500000,-1,down,-1.200000,1.800000,-1,decelerating,0,[],2026-04-24T07:51:03.322738+00:00
1486,8620,159,CA,CAD,CPI,cpi_headline_mom,Headline CPI (MoM),2023-03-01,2023-04-18T12:30:00+00:00,0.500000,0.400000,1,up,0.200000,-1.200000,1,accelerating,1,[],2026-04-24T07:51:03.322738+00:00
1487,8573,159,CA,CAD,CPI,cpi_headline_mom,Headline CPI (MoM),2023-04-01,2023-05-16T12:30:00+00:00,0.700000,0.500000,1,up,0.100000,0.200000,-1,decelerating,1,[],2026-04-24T07:51:03.322738+00:00
1488,8506,159,CA,CAD,CPI,cpi_headline_mom,Headline CPI (MoM),2023-05-01,2023-06-27T12:30:00+00:00,0.400000,0.700000,-1,down,-0.500000,0.100000,-1,decelerating,0,[],2026-04-24T07:51:03.322738+00:00
1489,9073,159,CA,CAD,CPI,cpi_headline_mom,Headline CPI (MoM),2023-06-01,2023-07-18T12:30:00+00:00,0.100000,0.400000,-1,down,0.000000,-0.500000,1,accelerating,0,[],2026-04-24T07:51:03.322738+00:00
1490,9033,159,CA,CAD,CPI,cpi_headline_mom,Headline CPI (MoM),2023-07-01,2023-08-15T12:30:00+00:00,0.600000,0.100000,1,up,0.800000,0.000000,1,accelerating,1,[],2026-04-24T07:51:03.322738+00:00
1491,8969,159,CA,CAD,CPI,cpi_headline_mom,Headline CPI (MoM),2023-08-01,2023-09-19T12:30:00+00:00,0.400000,0.600000,-1,down,-0.700000,0.800000,-1,decelerating,0,[],2026-04-24T07:51:03.322738+00:00
1492,8925,159,CA,CAD,CPI,cpi_headline_mom,Headline CPI (MoM),2023-09-01,2023-10-17T12:30:00+00:00,-0.100000,0.400000,-1,down,-0.300000,-0.700000,1,accelerating,0,[],2026-04-24T07:51:03.322738+00:00
1493,8870,159,CA,CAD,CPI,cpi_headline_mom,Headline CPI (MoM),2023-10-01,2023-11-21T13:30:00+00:00,0.100000,-0.100000,1,up,0.700000,-0.300000,1,accelerating,1,[],2026-04-24T07:51:03.322738+00:00
1494,8813,159,CA,CAD,CPI,cpi_headline_mom,Headline CPI (MoM),2023-11-01,2023-12-19T13:30:00+00:00,0.100000,0.100000,0,flat,-0.200000,0.700000,-1,decelerating,0,[],2026-04-24T07:51:03.322738+00:00
1495,9431,159,CA,CAD,CPI,cpi_headline_mom,Headline CPI (MoM),2023-12-01,2024-01-16T13:30:00+00:00,-0.300000,0.100000,-1,down,-0.400000,-0.200000,-1,decelerating,0,[],2026-04-24T07:51:03.322738+00:00
1496,9301,159,CA,CAD,CPI,cpi_headline_mom,Headline CPI (MoM),2024-02-01,2024-03-19T12:30:00+00:00,0.300000,-0.300000,1,up,1.000000,-0.400000,1,accelerating,1,[],2026-04-24T07:51:03.322738+00:00
1497,9252,159,CA,CAD,CPI,cpi_headline_mom,Headline CPI (MoM),2024-03-01,2024-04-16T12:30:00+00:00,0.600000,0.300000,1,up,-0.300000,1.000000,-1,decelerating,1,[],2026-04-24T07:51:03.322738+00:00
1498,9185,159,CA,CAD,CPI,cpi_headline_mom,Headline CPI (MoM),2024-04-01,2024-05-21T12:30:00+00:00,0.500000,0.600000,-1,down,-0.400000,-0.300000,-1,decelerating,0,[],2026-04-24T07:51:03.322738+00:00
1499,9111,159,CA,CAD,CPI,cpi_headline_mom,Headline CPI (MoM),2024-05-01,2024-06-25T12:30:00+00:00,0.600000,0.500000,1,up,0.200000,-0.400000,1,accelerating,1,[],2026-04-24T07:51:03.322738+00:00
1500,9794,159,CA,CAD,CPI,cpi_headline_mom,Headline CPI (MoM),2024-06-01,2024-07-16T12:30:00+00:00,-0.100000,0.600000,-1,down,-0.800000,0.200000,-1,decelerating,0,[],2026-04-24T07:51:03.322738+00:00
1501,9733,159,CA,CAD,CPI,cpi_headline_mom,Headline CPI (MoM),2024-07-01,2024-08-20T12:30:00+00:00,0.400000,-0.100000,1,up,1.200000,-0.800000,1,accelerating,1,[],2026-04-24T07:51:03.322738+00:00
1502,9674,159,CA,CAD,CPI,cpi_headline_mom,Headline CPI (MoM),2024-08-01,2024-09-17T12:30:00+00:00,-0.200000,0.400000,-1,down,-1.100000,1.200000,-1,decelerating,0,[],2026-04-24T07:51:03.322738+00:00
1503,9620,159,CA,CAD,CPI,cpi_headline_mom,Headline CPI (MoM),2024-09-01,2024-10-15T12:30:00+00:00,-0.400000,-0.200000,-1,down,0.400000,-1.100000,1,accelerating,0,[],2026-04-24T07:51:03.322738+00:00
1504,9542,159,CA,CAD,CPI,cpi_headline_mom,Headline CPI (MoM),2024-10-01,2024-11-19T13:30:00+00:00,0.400000,-0.400000,1,up,1.000000,0.400000,1,accelerating,1,[],2026-04-24T07:51:03.322738+00:00
1505,10199,159,CA,CAD,CPI,cpi_headline_mom,Headline CPI (MoM),2024-12-01,2025-01-21T13:30:00+00:00,-0.400000,0.400000,-1,down,-1.600000,1.000000,-1,decelerating,0,[],2026-04-24T07:51:03.322738+00:00
1506,10125,159,CA,CAD,CPI,cpi_headline_mom,Headline CPI (MoM),2025-01-01,2025-02-18T13:30:00+00:00,0.100000,-0.400000,1,up,1.300000,-1.600000,1,accelerating,1,[],2026-04-24T07:51:03.322738+00:00
1507,10058,159,CA,CAD,CPI,cpi_headline_mom,Headline CPI (MoM),2025-02-01,2025-03-18T12:30:00+00:00,1.100000,0.100000,1,up,0.500000,1.300000,-1,decelerating,1,[],2026-04-24T07:51:03.322738+00:00
1508,9997,159,CA,CAD,CPI,cpi_headline_mom,Headline CPI (MoM),2025-03-01,2025-04-15T12:30:00+00:00,0.300000,1.100000,-1,down,-1.800000,0.500000,-1,decelerating,0,[],2026-04-24T07:51:03.322738+00:00
1509,9922,159,CA,CAD,CPI,cpi_headline_mom,Headline CPI (MoM),2025-04-01,2025-05-20T12:30:00+00:00,-0.100000,0.300000,-1,down,0.400000,-1.800000,1,accelerating,0,[],2026-04-24T07:51:03.322738+00:00
1510,9835,159,CA,CAD,CPI,cpi_headline_mom,Headline CPI (MoM),2025-05-01,2025-06-24T12:30:00+00:00,0.600000,-0.100000,1,up,1.100000,0.400000,1,accelerating,1,[],2026-04-24T07:51:03.322738+00:00
1511,10627,159,CA,CAD,CPI,cpi_headline_mom,Headline CPI (MoM),2025-06-01,2025-07-15T12:30:00+00:00,0.100000,0.600000,-1,down,-1.200000,1.100000,-1,decelerating,0,[],2026-04-24T07:51:03.322738+00:00
1512,10553,159,CA,CAD,CPI,cpi_headline_mom,Headline CPI (MoM),2025-07-01,2025-08-19T12:30:00+00:00,0.300000,0.100000,1,up,0.700000,-1.200000,1,accelerating,1,[],2026-04-24T07:51:03.322738+00:00
1513,10482,159,CA,CAD,CPI,cpi_headline_mom,Headline CPI (MoM),2025-08-01,2025-09-16T12:30:00+00:00,-0.100000,0.300000,-1,down,-0.600000,0.700000,-1,decelerating,0,[],2026-04-24T07:51:03.322738+00:00
1514,10402,159,CA,CAD,CPI,cpi_headline_mom,Headline CPI (MoM),2025-09-01,2025-10-21T12:30:00+00:00,0.100000,-0.100000,1,up,0.600000,-0.600000,1,accelerating,1,[],2026-04-24T07:51:03.322738+00:00
1515,10339,159,CA,CAD,CPI,cpi_headline_mom,Headline CPI (MoM),2025-10-01,2025-11-17T13:30:00+00:00,0.200000,0.100000,1,up,-0.100000,0.600000,-1,decelerating,1,[],2026-04-24T07:51:03.322738+00:00
1516,10262,159,CA,CAD,CPI,cpi_headline_mom,Headline CPI (MoM),2025-11-01,2025-12-15T13:30:00+00:00,0.100000,0.200000,-1,down,-0.200000,-0.100000,-1,decelerating,0,[],2026-04-24T07:51:03.322738+00:00
1517,10681,159,CA,CAD,CPI,cpi_headline_mom,Headline CPI (MoM),2025-12-01,2026-01-19T07:30:00+00:00,-0.200000,0.100000,-1,down,-0.200000,-0.200000,0,flat,0,[],2026-04-24T07:51:03.322738+00:00
1518,10676,159,CA,CAD,CPI,cpi_headline_mom,Headline CPI (MoM),2025-12-01,2026-01-19T13:30:00+00:00,-0.200000,-0.200000,0,flat,0.300000,-0.200000,1,accelerating,0,[],2026-04-24T07:51:03.322738+00:00
1519,351,159,CA,CAD,CPI,cpi_headline_mom,Headline CPI (MoM),2026-02-01,2026-03-16T12:30:00+00:00,0.500000,-0.200000,1,up,0.700000,0.300000,1,accelerating,1,[],2026-04-24T07:51:03.322738+00:00
1520,44885,159,CA,CAD,CPI,cpi_headline_mom,Headline CPI (MoM),2026-03-01,2026-04-20T12:30:00+00:00,0.900000,0.500000,1,up,-0.300000,0.700000,-1,decelerating,1,[],2026-04-24T07:51:03.322738+00:00
1521,45463,159,CA,CAD,CPI,cpi_headline_mom,Headline CPI (MoM),2026-03-01,2026-04-20T12:30:00+00:00,0.900000,0.900000,0,flat,-0.400000,-0.300000,-1,decelerating,0,[],2026-04-24T07:51:03.322738+00:00
1522,10811,172,CH,CHF,CPI,cpi_headline_yoy,Headline CPI (YoY),2019-12-01,2020-01-07T07:30:00+00:00,0.200000,,,,,,,,,"[""direction_target_short_history"", ""acceleration_target_short_history""]",2026-04-24T07:51:03.322738+00:00
1523,10787,172,CH,CHF,CPI,cpi_headline_yoy,Headline CPI (YoY),2020-01-01,2020-02-10T07:30:00+00:00,0.200000,0.200000,0,flat,,,,,0,"[""acceleration_target_short_history""]",2026-04-24T07:51:03.322738+00:00
1524,10774,172,CH,CHF,CPI,cpi_headline_yoy,Headline CPI (YoY),2020-02-01,2020-03-04T07:30:00+00:00,-0.100000,0.200000,-1,down,-0.300000,,,,0,"[""acceleration_target_short_history""]",2026-04-24T07:51:03.322738+00:00
1525,10756,172,CH,CHF,CPI,cpi_headline_yoy,Headline CPI (YoY),2020-03-01,2020-04-02T06:30:00+00:00,-0.500000,-0.100000,-1,down,-0.100000,-0.300000,1,accelerating,0,[],2026-04-24T07:51:03.322738+00:00
1526,10742,172,CH,CHF,CPI,cpi_headline_yoy,Headline CPI (YoY),2020-04-01,2020-05-05T06:30:00+00:00,-1.100000,-0.500000,-1,down,-0.200000,-0.100000,-1,decelerating,0,[],2026-04-24T07:51:03.322738+00:00
1527,10725,172,CH,CHF,CPI,cpi_headline_yoy,Headline CPI (YoY),2020-05-01,2020-06-04T06:30:00+00:00,-1.300000,-1.100000,-1,down,0.400000,-0.200000,1,accelerating,0,[],2026-04-24T07:51:03.322738+00:00
1528,10910,172,CH,CHF,CPI,cpi_headline_yoy,Headline CPI (YoY),2020-06-01,2020-07-02T06:30:00+00:00,-1.300000,-1.300000,0,flat,0.200000,0.400000,-1,decelerating,0,[],2026-04-24T07:51:03.322738+00:00
1529,10896,172,CH,CHF,CPI,cpi_headline_yoy,Headline CPI (YoY),2020-07-01,2020-08-03T06:30:00+00:00,-0.900000,-1.300000,1,up,0.400000,0.200000,1,accelerating,1,[],2026-04-24T07:51:03.322738+00:00
1530,10879,172,CH,CHF,CPI,cpi_headline_yoy,Headline CPI (YoY),2020-08-01,2020-09-03T06:30:00+00:00,-0.900000,-0.900000,0,flat,-0.400000,0.400000,-1,decelerating,0,[],2026-04-24T07:51:03.322738+00:00
1531,10865,172,CH,CHF,CPI,cpi_headline_yoy,Headline CPI (YoY),2020-09-01,2020-10-01T06:30:00+00:00,-0.800000,-0.900000,1,up,0.100000,-0.400000,1,accelerating,1,[],2026-04-24T07:51:03.322738+00:00
1532,10849,172,CH,CHF,CPI,cpi_headline_yoy,Headline CPI (YoY),2020-10-01,2020-11-03T07:30:00+00:00,-0.600000,-0.800000,1,up,0.100000,0.100000,0,flat,1,[],2026-04-24T07:51:03.322738+00:00
1533,10829,172,CH,CHF,CPI,cpi_headline_yoy,Headline CPI (YoY),2020-11-01,2020-12-02T07:30:00+00:00,-0.700000,-0.600000,-1,down,-0.300000,0.100000,-1,decelerating,0,[],2026-04-24T07:51:03.322738+00:00
1534,11008,172,CH,CHF,CPI,cpi_headline_yoy,Headline CPI (YoY),2020-12-01,2021-01-05T07:30:00+00:00,-0.800000,-0.700000,-1,down,0.000000,-0.300000,1,accelerating,0,[],2026-04-24T07:51:03.322738+00:00
1535,10985,172,CH,CHF,CPI,cpi_headline_yoy,Headline CPI (YoY),2021-01-01,2021-02-12T07:30:00+00:00,-0.500000,-0.800000,1,up,0.400000,0.000000,1,accelerating,1,[],2026-04-24T07:51:03.322738+00:00
1536,10971,172,CH,CHF,CPI,cpi_headline_yoy,Headline CPI (YoY),2021-02-01,2021-03-03T07:30:00+00:00,-0.500000,-0.500000,0,flat,-0.300000,0.400000,-1,decelerating,0,[],2026-04-24T07:51:03.322738+00:00
1537,10956,172,CH,CHF,CPI,cpi_headline_yoy,Headline CPI (YoY),2021-03-01,2021-04-01T06:30:00+00:00,-0.200000,-0.500000,1,up,0.300000,-0.300000,1,accelerating,1,[],2026-04-24T07:51:03.322738+00:00
1538,10942,172,CH,CHF,CPI,cpi_headline_yoy,Headline CPI (YoY),2021-04-01,2021-05-05T06:30:00+00:00,0.300000,-0.200000,1,up,0.200000,0.300000,-1,decelerating,1,[],2026-04-24T07:51:03.322738+00:00
1539,10923,172,CH,CHF,CPI,cpi_headline_yoy,Headline CPI (YoY),2021-05-01,2021-06-07T06:30:00+00:00,0.600000,0.300000,1,up,-0.200000,0.200000,-1,decelerating,1,[],2026-04-24T07:51:03.322738+00:00
1540,11101,172,CH,CHF,CPI,cpi_headline_yoy,Headline CPI (YoY),2021-06-01,2021-07-01T06:30:00+00:00,0.600000,0.600000,0,flat,-0.300000,-0.200000,-1,decelerating,0,[],2026-04-24T07:51:03.322738+00:00
1541,11089,172,CH,CHF,CPI,cpi_headline_yoy,Headline CPI (YoY),2021-07-01,2021-08-02T06:30:00+00:00,0.700000,0.600000,1,up,0.100000,-0.300000,1,accelerating,1,[],2026-04-24T07:51:03.322738+00:00
1542,11074,172,CH,CHF,CPI,cpi_headline_yoy,Headline CPI (YoY),2021-08-01,2021-09-02T06:30:00+00:00,0.900000,0.700000,1,up,0.100000,0.100000,0,flat,1,[],2026-04-24T07:51:03.322738+00:00
1543,11055,172,CH,CHF,CPI,cpi_headline_yoy,Headline CPI (YoY),2021-09-01,2021-10-04T06:30:00+00:00,0.900000,0.900000,0,flat,-0.200000,0.100000,-1,decelerating,0,[],2026-04-24T07:51:03.322738+00:00
1544,11045,172,CH,CHF,CPI,cpi_headline_yoy,Headline CPI (YoY),2021-10-01,2021-11-02T07:30:00+00:00,1.200000,0.900000,1,up,0.300000,-0.200000,1,accelerating,1,[],2026-04-24T07:51:03.322738+00:00
1545,11030,172,CH,CHF,CPI,cpi_headline_yoy,Headline CPI (YoY),2021-11-01,2021-12-01T07:30:00+00:00,1.500000,1.200000,1,up,0.000000,0.300000,-1,decelerating,1,[],2026-04-24T07:51:03.322738+00:00
1546,11211,172,CH,CHF,CPI,cpi_headline_yoy,Headline CPI (YoY),2021-12-01,2022-01-04T07:30:00+00:00,1.500000,1.500000,0,flat,-0.300000,0.000000,-1,decelerating,0,[],2026-04-24T07:51:03.322738+00:00
1547,11190,172,CH,CHF,CPI,cpi_headline_yoy,Headline CPI (YoY),2022-01-01,2022-02-11T07:30:00+00:00,1.600000,1.500000,1,up,0.100000,-0.300000,1,accelerating,1,[],2026-04-24T07:51:03.322738+00:00
1548,11176,172,CH,CHF,CPI,cpi_headline_yoy,Headline CPI (YoY),2022-02-01,2022-03-03T07:30:00+00:00,2.200000,1.600000,1,up,0.500000,0.100000,1,accelerating,1,[],2026-04-24T07:51:03.322738+00:00
1549,11161,172,CH,CHF,CPI,cpi_headline_yoy,Headline CPI (YoY),2022-03-01,2022-04-01T06:30:00+00:00,2.400000,2.200000,1,up,-0.400000,0.500000,-1,decelerating,1,[],2026-04-24T07:51:03.322738+00:00
1550,11145,172,CH,CHF,CPI,cpi_headline_yoy,Headline CPI (YoY),2022-04-01,2022-05-05T06:30:00+00:00,2.500000,2.400000,1,up,-0.100000,-0.400000,1,accelerating,1,[],2026-04-24T07:51:03.322738+00:00
1551,11122,172,CH,CHF,CPI,cpi_headline_yoy,Headline CPI (YoY),2022-05-01,2022-06-02T06:30:00+00:00,2.900000,2.500000,1,up,0.300000,-0.100000,1,accelerating,1,[],2026-04-24T07:51:03.322738+00:00
1552,11312,172,CH,CHF,CPI,cpi_headline_yoy,Headline CPI (YoY),2022-06-01,2022-07-04T06:30:00+00:00,3.400000,2.900000,1,up,0.100000,0.300000,-1,decelerating,1,[],2026-04-24T07:51:03.322738+00:00
1553,11297,172,CH,CHF,CPI,cpi_headline_yoy,Headline CPI (YoY),2022-07-01,2022-08-03T06:30:00+00:00,3.400000,3.400000,0,flat,-0.500000,0.100000,-1,decelerating,0,[],2026-04-24T07:51:03.322738+00:00
1554,11285,172,CH,CHF,CPI,cpi_headline_yoy,Headline CPI (YoY),2022-08-01,2022-09-01T06:30:00+00:00,3.500000,3.400000,1,up,0.100000,-0.500000,1,accelerating,1,[],2026-04-24T07:51:03.322738+00:00
1555,11267,172,CH,CHF,CPI,cpi_headline_yoy,Headline CPI (YoY),2022-09-01,2022-10-03T06:30:00+00:00,3.300000,3.500000,-1,down,-0.300000,0.100000,-1,decelerating,0,[],2026-04-24T07:51:03.322738+00:00
1556,11251,172,CH,CHF,CPI,cpi_headline_yoy,Headline CPI (YoY),2022-10-01,2022-11-03T07:30:00+00:00,3.000000,3.300000,-1,down,-0.100000,-0.300000,1,accelerating,0,[],2026-04-24T07:51:03.322738+00:00
1557,11235,172,CH,CHF,CPI,cpi_headline_yoy,Headline CPI (YoY),2022-11-01,2022-12-01T07:30:00+00:00,3.000000,3.000000,0,flat,0.300000,-0.100000,1,accelerating,0,[],2026-04-24T07:51:03.322738+00:00
1558,11419,172,CH,CHF,CPI,cpi_headline_yoy,Headline CPI (YoY),2022-12-01,2023-01-04T07:30:00+00:00,2.800000,3.000000,-1,down,-0.200000,0.300000,-1,decelerating,0,[],2026-04-24T07:51:03.322738+00:00
1559,11394,172,CH,CHF,CPI,cpi_headline_yoy,Headline CPI (YoY),2023-01-01,2023-02-13T07:30:00+00:00,3.300000,2.800000,1,up,0.700000,-0.200000,1,accelerating,1,[],2026-04-24T07:51:03.322738+00:00
1560,11381,172,CH,CHF,CPI,cpi_headline_yoy,Headline CPI (YoY),2023-02-01,2023-03-06T07:30:00+00:00,3.400000,3.300000,1,up,-0.400000,0.700000,-1,decelerating,1,[],2026-04-24T07:51:03.322738+00:00
1561,11364,172,CH,CHF,CPI,cpi_headline_yoy,Headline CPI (YoY),2023-03-01,2023-04-03T06:30:00+00:00,2.900000,3.400000,-1,down,-0.600000,-0.400000,-1,decelerating,0,[],2026-04-24T07:51:03.322738+00:00
1562,11346,172,CH,CHF,CPI,cpi_headline_yoy,Headline CPI (YoY),2023-04-01,2023-05-05T06:30:00+00:00,2.600000,2.900000,-1,down,0.200000,-0.600000,1,accelerating,0,[],2026-04-24T07:51:03.322738+00:00
1563,11328,172,CH,CHF,CPI,cpi_headline_yoy,Headline CPI (YoY),2023-05-01,2023-06-05T06:30:00+00:00,2.200000,2.600000,-1,down,-0.100000,0.200000,-1,decelerating,0,[],2026-04-24T07:51:03.322738+00:00
1564,11523,172,CH,CHF,CPI,cpi_headline_yoy,Headline CPI (YoY),2023-06-01,2023-07-03T06:30:00+00:00,1.700000,2.200000,-1,down,-0.100000,-0.100000,0,flat,0,[],2026-04-24T07:51:03.322738+00:00
1565,11507,172,CH,CHF,CPI,cpi_headline_yoy,Headline CPI (YoY),2023-07-01,2023-08-03T06:30:00+00:00,1.600000,1.700000,-1,down,0.400000,-0.100000,1,accelerating,0,[],2026-04-24T07:51:03.322738+00:00
1566,11492,172,CH,CHF,CPI,cpi_headline_yoy,Headline CPI (YoY),2023-08-01,2023-09-01T06:30:00+00:00,1.600000,1.600000,0,flat,0.100000,0.400000,-1,decelerating,0,[],2026-04-24T07:51:03.322738+00:00
1567,11472,172,CH,CHF,CPI,cpi_headline_yoy,Headline CPI (YoY),2023-09-01,2023-10-03T06:30:00+00:00,1.700000,1.600000,1,up,0.100000,0.100000,0,flat,1,[],2026-04-24T07:51:03.322738+00:00
1568,11459,172,CH,CHF,CPI,cpi_headline_yoy,Headline CPI (YoY),2023-10-01,2023-11-02T07:30:00+00:00,1.700000,1.700000,0,flat,-0.100000,0.100000,-1,decelerating,0,[],2026-04-24T07:51:03.322738+00:00
1569,11436,172,CH,CHF,CPI,cpi_headline_yoy,Headline CPI (YoY),2023-11-01,2023-12-04T07:30:00+00:00,1.400000,1.700000,-1,down,-0.300000,-0.100000,-1,decelerating,0,[],2026-04-24T07:51:03.322738+00:00
1570,11667,172,CH,CHF,CPI,cpi_headline_yoy,Headline CPI (YoY),2023-12-01,2024-01-08T07:30:00+00:00,1.700000,1.400000,1,up,0.600000,-0.300000,1,accelerating,1,[],2026-04-24T07:51:03.322738+00:00
1571,11644,172,CH,CHF,CPI,cpi_headline_yoy,Headline CPI (YoY),2024-01-01,2024-02-13T07:30:00+00:00,1.300000,1.700000,-1,down,-0.700000,0.600000,-1,decelerating,0,[],2026-04-24T07:51:03.322738+00:00
1572,11621,172,CH,CHF,CPI,cpi_headline_yoy,Headline CPI (YoY),2024-02-01,2024-03-04T07:30:00+00:00,1.200000,1.300000,-1,down,0.300000,-0.700000,1,accelerating,0,[],2026-04-24T07:51:03.322738+00:00
1573,11594,172,CH,CHF,CPI,cpi_headline_yoy,Headline CPI (YoY),2024-03-01,2024-04-04T06:30:00+00:00,1.000000,1.200000,-1,down,-0.100000,0.300000,-1,decelerating,0,[],2026-04-24T07:51:03.322738+00:00
1574,11575,172,CH,CHF,CPI,cpi_headline_yoy,Headline CPI (YoY),2024-04-01,2024-05-02T06:30:00+00:00,1.400000,1.000000,1,up,0.600000,-0.100000,1,accelerating,1,[],2026-04-24T07:51:03.322738+00:00
1575,11544,172,CH,CHF,CPI,cpi_headline_yoy,Headline CPI (YoY),2024-05-01,2024-06-04T06:30:00+00:00,1.400000,1.400000,0,flat,-0.400000,0.600000,-1,decelerating,0,[],2026-04-24T07:51:03.322738+00:00
1576,11821,172,CH,CHF,CPI,cpi_headline_yoy,Headline CPI (YoY),2024-06-01,2024-07-04T06:30:00+00:00,1.300000,1.400000,-1,down,-0.100000,-0.400000,1,accelerating,0,[],2026-04-24T07:51:03.322738+00:00
1577,11804,172,CH,CHF,CPI,cpi_headline_yoy,Headline CPI (YoY),2024-07-01,2024-08-02T06:30:00+00:00,1.300000,1.300000,0,flat,0.100000,-0.100000,1,accelerating,0,[],2026-04-24T07:51:03.322738+00:00
1578,11777,172,CH,CHF,CPI,cpi_headline_yoy,Headline CPI (YoY),2024-08-01,2024-09-03T06:30:00+00:00,1.100000,1.300000,-1,down,-0.200000,0.100000,-1,decelerating,0,[],2026-04-24T07:51:03.322738+00:00
1579,11752,172,CH,CHF,CPI,cpi_headline_yoy,Headline CPI (YoY),2024-09-01,2024-10-03T06:30:00+00:00,0.800000,1.100000,-1,down,-0.100000,-0.200000,1,accelerating,0,[],2026-04-24T07:51:03.322738+00:00
1580,11731,172,CH,CHF,CPI,cpi_headline_yoy,Headline CPI (YoY),2024-10-01,2024-11-01T07:30:00+00:00,0.600000,0.800000,-1,down,0.100000,-0.100000,1,accelerating,0,[],2026-04-24T07:51:03.322738+00:00
1581,11696,172,CH,CHF,CPI,cpi_headline_yoy,Headline CPI (YoY),2024-11-01,2024-12-03T07:30:00+00:00,0.700000,0.600000,1,up,0.300000,0.100000,1,accelerating,1,[],2026-04-24T07:51:03.322738+00:00
1582,12012,172,CH,CHF,CPI,cpi_headline_yoy,Headline CPI (YoY),2024-12-01,2025-01-07T07:30:00+00:00,0.600000,0.700000,-1,down,-0.200000,0.300000,-1,decelerating,0,[],2026-04-24T07:51:03.322738+00:00
1583,11975,172,CH,CHF,CPI,cpi_headline_yoy,Headline CPI (YoY),2025-01-01,2025-02-13T07:30:00+00:00,0.400000,0.600000,-1,down,-0.100000,-0.200000,1,accelerating,0,[],2026-04-24T07:51:03.322738+00:00
1584,11948,172,CH,CHF,CPI,cpi_headline_yoy,Headline CPI (YoY),2025-02-01,2025-03-05T07:30:00+00:00,0.300000,0.400000,-1,down,0.100000,-0.100000,1,accelerating,0,[],2026-04-24T07:51:03.322738+00:00
1585,11916,172,CH,CHF,CPI,cpi_headline_yoy,Headline CPI (YoY),2025-03-01,2025-04-03T06:30:00+00:00,0.300000,0.300000,0,flat,0.100000,0.100000,0,flat,0,[],2026-04-24T07:51:03.322738+00:00
1586,11851,172,CH,CHF,CPI,cpi_headline_yoy,Headline CPI (YoY),2025-05-01,2025-06-03T06:30:00+00:00,-0.100000,0.300000,-1,down,-0.400000,0.100000,-1,decelerating,0,[],2026-04-24T07:51:03.322738+00:00
1587,12199,172,CH,CHF,CPI,cpi_headline_yoy,Headline CPI (YoY),2025-06-01,2025-07-03T06:30:00+00:00,0.100000,-0.100000,1,up,0.600000,-0.400000,1,accelerating,1,[],2026-04-24T07:51:03.322738+00:00
1588,12173,172,CH,CHF,CPI,cpi_headline_yoy,Headline CPI (YoY),2025-07-01,2025-08-04T06:30:00+00:00,0.200000,0.100000,1,up,-0.100000,0.600000,-1,decelerating,1,[],2026-04-24T07:51:03.322738+00:00
1589,12136,172,CH,CHF,CPI,cpi_headline_yoy,Headline CPI (YoY),2025-08-01,2025-09-04T06:30:00+00:00,0.200000,0.200000,0,flat,-0.100000,-0.100000,0,flat,0,[],2026-04-24T07:51:03.322738+00:00
1590,12107,172,CH,CHF,CPI,cpi_headline_yoy,Headline CPI (YoY),2025-09-01,2025-10-02T06:30:00+00:00,0.200000,0.200000,0,flat,0.000000,-0.100000,1,accelerating,0,[],2026-04-24T07:51:03.322738+00:00
1591,12086,172,CH,CHF,CPI,cpi_headline_yoy,Headline CPI (YoY),2025-10-01,2025-11-03T07:30:00+00:00,0.100000,0.200000,-1,down,-0.100000,0.000000,-1,decelerating,0,[],2026-04-24T07:51:03.322738+00:00
1592,12217,172,CH,CHF,CPI,cpi_headline_yoy,Headline CPI (YoY),2025-12-01,2026-01-08T07:30:00+00:00,0.100000,0.100000,0,flat,0.100000,-0.100000,1,accelerating,0,[],2026-04-24T07:51:03.322738+00:00
1593,553,172,CH,CHF,CPI,cpi_headline_yoy,Headline CPI (YoY),2026-01-01,2026-02-13T07:30:00+00:00,0.100000,0.100000,0,flat,0.000000,0.100000,-1,decelerating,0,[],2026-04-24T07:51:03.322738+00:00
1594,527,172,CH,CHF,CPI,cpi_headline_yoy,Headline CPI (YoY),2026-02-01,2026-03-04T07:30:00+00:00,0.100000,0.100000,0,flat,0.000000,0.000000,0,flat,0,[],2026-04-24T07:51:03.322738+00:00
1595,496,172,CH,CHF,CPI,cpi_headline_yoy,Headline CPI (YoY),2026-03-01,2026-04-02T06:30:00+00:00,0.300000,0.100000,1,up,0.200000,0.000000,1,accelerating,1,[],2026-04-24T07:51:03.322738+00:00
1596,10807,173,CH,CHF,UNEMPLOYMENT,unemployment_rate,Unemployment Rate,2019-12-01,2020-01-10T06:45:00+00:00,2.500000,,,,,,,,,"[""direction_target_short_history"", ""acceleration_target_short_history""]",2026-04-24T07:51:03.322738+00:00
1597,10789,173,CH,CHF,UNEMPLOYMENT,unemployment_rate,Unemployment Rate,2020-01-01,2020-02-10T06:45:00+00:00,2.600000,2.500000,1,up,,,,,1,"[""acceleration_target_short_history""]",2026-04-24T07:51:03.322738+00:00
1598,10771,173,CH,CHF,UNEMPLOYMENT,unemployment_rate,Unemployment Rate,2020-02-01,2020-03-09T06:45:00+00:00,2.500000,2.600000,-1,down,-0.200000,,,,0,"[""acceleration_target_short_history""]",2026-04-24T07:51:03.322738+00:00
1599,10755,173,CH,CHF,UNEMPLOYMENT,unemployment_rate,Unemployment Rate,2020-03-01,2020-04-07T05:45:00+00:00,2.900000,2.500000,1,up,0.500000,-0.200000,1,accelerating,1,[],2026-04-24T07:51:03.322738+00:00
1600,10741,173,CH,CHF,UNEMPLOYMENT,unemployment_rate,Unemployment Rate,2020-04-01,2020-05-07T05:45:00+00:00,3.300000,2.900000,1,up,0.000000,0.500000,-1,decelerating,1,[],2026-04-24T07:51:03.322738+00:00
1601,10722,173,CH,CHF,UNEMPLOYMENT,unemployment_rate,Unemployment Rate,2020-05-01,2020-06-09T05:45:00+00:00,3.400000,3.300000,1,up,-0.300000,0.000000,-1,decelerating,1,[],2026-04-24T07:51:03.322738+00:00
1602,10907,173,CH,CHF,UNEMPLOYMENT,unemployment_rate,Unemployment Rate,2020-06-01,2020-07-08T05:45:00+00:00,3.200000,3.400000,-1,down,-0.300000,-0.300000,0,flat,0,[],2026-04-24T07:51:03.322738+00:00
1603,10892,173,CH,CHF,UNEMPLOYMENT,unemployment_rate,Unemployment Rate,2020-07-01,2020-08-10T05:45:00+00:00,3.200000,3.200000,0,flat,0.200000,-0.300000,1,accelerating,0,[],2026-04-24T07:51:03.322738+00:00
1604,10876,173,CH,CHF,UNEMPLOYMENT,unemployment_rate,Unemployment Rate,2020-08-01,2020-09-09T05:45:00+00:00,3.300000,3.200000,1,up,0.100000,0.200000,-1,decelerating,1,[],2026-04-24T07:51:03.322738+00:00
1605,10861,173,CH,CHF,UNEMPLOYMENT,unemployment_rate,Unemployment Rate,2020-09-01,2020-10-08T05:45:00+00:00,3.200000,3.300000,-1,down,-0.200000,0.100000,-1,decelerating,0,[],2026-04-24T07:51:03.322738+00:00
1606,10844,173,CH,CHF,UNEMPLOYMENT,unemployment_rate,Unemployment Rate,2020-10-01,2020-11-09T06:45:00+00:00,3.200000,3.200000,0,flat,0.100000,-0.200000,1,accelerating,0,[],2026-04-24T07:51:03.322738+00:00
1607,10827,173,CH,CHF,UNEMPLOYMENT,unemployment_rate,Unemployment Rate,2020-11-01,2020-12-08T06:45:00+00:00,3.300000,3.200000,1,up,0.100000,0.100000,0,flat,1,[],2026-04-24T07:51:03.322738+00:00
1608,11004,173,CH,CHF,UNEMPLOYMENT,unemployment_rate,Unemployment Rate,2020-12-01,2021-01-08T06:45:00+00:00,3.500000,3.300000,1,up,0.100000,0.100000,0,flat,1,[],2026-04-24T07:51:03.322738+00:00
1609,10987,173,CH,CHF,UNEMPLOYMENT,unemployment_rate,Unemployment Rate,2021-01-01,2021-02-08T06:45:00+00:00,3.700000,3.500000,1,up,0.000000,0.100000,-1,decelerating,1,[],2026-04-24T07:51:03.322738+00:00
1610,10969,173,CH,CHF,UNEMPLOYMENT,unemployment_rate,Unemployment Rate,2021-02-01,2021-03-08T06:45:00+00:00,3.600000,3.700000,-1,down,-0.300000,0.000000,-1,decelerating,0,[],2026-04-24T07:51:03.322738+00:00
1611,10953,173,CH,CHF,UNEMPLOYMENT,unemployment_rate,Unemployment Rate,2021-03-01,2021-04-09T05:45:00+00:00,3.400000,3.600000,-1,down,-0.100000,-0.300000,1,accelerating,0,[],2026-04-24T07:51:03.322738+00:00
1612,10940,173,CH,CHF,UNEMPLOYMENT,unemployment_rate,Unemployment Rate,2021-04-01,2021-05-07T05:45:00+00:00,3.300000,3.400000,-1,down,0.100000,-0.100000,1,accelerating,0,[],2026-04-24T07:51:03.322738+00:00
1613,10924,173,CH,CHF,UNEMPLOYMENT,unemployment_rate,Unemployment Rate,2021-05-01,2021-06-07T05:45:00+00:00,3.100000,3.300000,-1,down,-0.100000,0.100000,-1,decelerating,0,[],2026-04-24T07:51:03.322738+00:00
1614,11098,173,CH,CHF,UNEMPLOYMENT,unemployment_rate,Unemployment Rate,2021-06-01,2021-07-08T05:45:00+00:00,2.800000,3.100000,-1,down,-0.100000,-0.100000,0,flat,0,[],2026-04-24T07:51:03.322738+00:00
1615,11084,173,CH,CHF,UNEMPLOYMENT,unemployment_rate,Unemployment Rate,2021-07-01,2021-08-09T05:45:00+00:00,2.800000,2.800000,0,flat,0.300000,-0.100000,1,accelerating,0,[],2026-04-24T07:51:03.322738+00:00
1616,11069,173,CH,CHF,UNEMPLOYMENT,unemployment_rate,Unemployment Rate,2021-08-01,2021-09-07T05:45:00+00:00,2.700000,2.800000,-1,down,-0.100000,0.300000,-1,decelerating,0,[],2026-04-24T07:51:03.322738+00:00
1617,11054,173,CH,CHF,UNEMPLOYMENT,unemployment_rate,Unemployment Rate,2021-09-01,2021-10-07T05:45:00+00:00,2.600000,2.700000,-1,down,0.000000,-0.100000,1,accelerating,0,[],2026-04-24T07:51:03.322738+00:00
1618,11040,173,CH,CHF,UNEMPLOYMENT,unemployment_rate,Unemployment Rate,2021-10-01,2021-11-08T06:45:00+00:00,2.500000,2.600000,-1,down,0.000000,0.000000,0,flat,0,[],2026-04-24T07:51:03.322738+00:00
1619,11025,173,CH,CHF,UNEMPLOYMENT,unemployment_rate,Unemployment Rate,2021-11-01,2021-12-07T06:45:00+00:00,2.500000,2.500000,0,flat,0.100000,0.000000,1,accelerating,0,[],2026-04-24T07:51:03.322738+00:00
1620,11210,173,CH,CHF,UNEMPLOYMENT,unemployment_rate,Unemployment Rate,2021-12-01,2022-01-07T06:45:00+00:00,2.600000,2.500000,1,up,0.100000,0.100000,0,flat,1,[],2026-04-24T07:51:03.322738+00:00
1621,11192,173,CH,CHF,UNEMPLOYMENT,unemployment_rate,Unemployment Rate,2022-01-01,2022-02-07T06:45:00+00:00,2.600000,2.600000,0,flat,-0.100000,0.100000,-1,decelerating,0,[],2026-04-24T07:51:03.322738+00:00
1622,11174,173,CH,CHF,UNEMPLOYMENT,unemployment_rate,Unemployment Rate,2022-02-01,2022-03-07T06:45:00+00:00,2.500000,2.600000,-1,down,-0.100000,-0.100000,0,flat,0,[],2026-04-24T07:51:03.322738+00:00
1623,11158,173,CH,CHF,UNEMPLOYMENT,unemployment_rate,Unemployment Rate,2022-03-01,2022-04-07T05:45:00+00:00,2.400000,2.500000,-1,down,0.000000,-0.100000,1,accelerating,0,[],2026-04-24T07:51:03.322738+00:00
1624,11143,173,CH,CHF,UNEMPLOYMENT,unemployment_rate,Unemployment Rate,2022-04-01,2022-05-06T05:45:00+00:00,2.300000,2.400000,-1,down,0.000000,0.000000,0,flat,0,[],2026-04-24T07:51:03.322738+00:00
1625,11119,173,CH,CHF,UNEMPLOYMENT,unemployment_rate,Unemployment Rate,2022-05-01,2022-06-08T05:45:00+00:00,2.100000,2.300000,-1,down,-0.100000,0.000000,-1,decelerating,0,[],2026-04-24T07:51:03.322738+00:00
1626,11310,173,CH,CHF,UNEMPLOYMENT,unemployment_rate,Unemployment Rate,2022-06-01,2022-07-07T05:45:00+00:00,2.000000,2.100000,-1,down,0.100000,-0.100000,1,accelerating,0,[],2026-04-24T07:51:03.322738+00:00
1627,11295,173,CH,CHF,UNEMPLOYMENT,unemployment_rate,Unemployment Rate,2022-07-01,2022-08-08T05:45:00+00:00,2.000000,2.000000,0,flat,0.100000,0.100000,0,flat,0,[],2026-04-24T07:51:03.322738+00:00
1628,11279,173,CH,CHF,UNEMPLOYMENT,unemployment_rate,Unemployment Rate,2022-08-01,2022-09-08T05:45:00+00:00,2.000000,2.000000,0,flat,0.000000,0.100000,-1,decelerating,0,[],2026-04-24T07:51:03.322738+00:00
1629,11265,173,CH,CHF,UNEMPLOYMENT,unemployment_rate,Unemployment Rate,2022-09-01,2022-10-07T05:45:00+00:00,1.900000,2.000000,-1,down,-0.100000,0.000000,-1,decelerating,0,[],2026-04-24T07:51:03.322738+00:00
1630,11250,173,CH,CHF,UNEMPLOYMENT,unemployment_rate,Unemployment Rate,2022-10-01,2022-11-07T06:45:00+00:00,1.900000,1.900000,0,flat,0.100000,-0.100000,1,accelerating,0,[],2026-04-24T07:51:03.322738+00:00
1631,11231,173,CH,CHF,UNEMPLOYMENT,unemployment_rate,Unemployment Rate,2022-11-01,2022-12-07T06:45:00+00:00,2.000000,1.900000,1,up,0.100000,0.100000,0,flat,1,[],2026-04-24T07:51:03.322738+00:00
1632,11414,173,CH,CHF,UNEMPLOYMENT,unemployment_rate,Unemployment Rate,2022-12-01,2023-01-09T06:45:00+00:00,2.100000,2.000000,1,up,0.000000,0.100000,-1,decelerating,1,[],2026-04-24T07:51:03.322738+00:00
1633,11398,173,CH,CHF,UNEMPLOYMENT,unemployment_rate,Unemployment Rate,2023-01-01,2023-02-07T06:45:00+00:00,2.200000,2.100000,1,up,0.000000,0.000000,0,flat,1,[],2026-04-24T07:51:03.322738+00:00
1634,11378,173,CH,CHF,UNEMPLOYMENT,unemployment_rate,Unemployment Rate,2023-02-01,2023-03-07T06:45:00+00:00,2.100000,2.200000,-1,down,-0.200000,0.000000,-1,decelerating,0,[],2026-04-24T07:51:03.322738+00:00
1635,11360,173,CH,CHF,UNEMPLOYMENT,unemployment_rate,Unemployment Rate,2023-03-01,2023-04-06T05:45:00+00:00,2.000000,2.100000,-1,down,0.000000,-0.200000,1,accelerating,0,[],2026-04-24T07:51:03.322738+00:00
1636,11348,173,CH,CHF,UNEMPLOYMENT,unemployment_rate,Unemployment Rate,2023-04-01,2023-05-05T05:45:00+00:00,2.000000,2.000000,0,flat,0.100000,0.000000,1,accelerating,0,[],2026-04-24T07:51:03.322738+00:00
1637,11326,173,CH,CHF,UNEMPLOYMENT,unemployment_rate,Unemployment Rate,2023-05-01,2023-06-07T05:45:00+00:00,1.900000,2.000000,-1,down,-0.100000,0.100000,-1,decelerating,0,[],2026-04-24T07:51:03.322738+00:00
1638,11519,173,CH,CHF,UNEMPLOYMENT,unemployment_rate,Unemployment Rate,2023-06-01,2023-07-07T05:45:00+00:00,1.900000,1.900000,0,flat,0.100000,-0.100000,1,accelerating,0,[],2026-04-24T07:51:03.322738+00:00
1639,11504,173,CH,CHF,UNEMPLOYMENT,unemployment_rate,Unemployment Rate,2023-07-01,2023-08-07T05:45:00+00:00,1.900000,1.900000,0,flat,0.000000,0.100000,-1,decelerating,0,[],2026-04-24T07:51:03.322738+00:00
1640,11487,173,CH,CHF,UNEMPLOYMENT,unemployment_rate,Unemployment Rate,2023-08-01,2023-09-07T05:45:00+00:00,2.000000,1.900000,1,up,0.100000,0.000000,1,accelerating,1,[],2026-04-24T07:51:03.322738+00:00
1641,11471,173,CH,CHF,UNEMPLOYMENT,unemployment_rate,Unemployment Rate,2023-09-01,2023-10-06T05:45:00+00:00,2.000000,2.000000,0,flat,-0.100000,0.100000,-1,decelerating,0,[],2026-04-24T07:51:03.322738+00:00
1642,11455,173,CH,CHF,UNEMPLOYMENT,unemployment_rate,Unemployment Rate,2023-10-01,2023-11-07T06:45:00+00:00,2.000000,2.000000,0,flat,0.000000,-0.100000,1,accelerating,0,[],2026-04-24T07:51:03.322738+00:00
1643,11435,173,CH,CHF,UNEMPLOYMENT,unemployment_rate,Unemployment Rate,2023-11-01,2023-12-07T06:45:00+00:00,2.100000,2.000000,1,up,0.100000,0.000000,1,accelerating,1,[],2026-04-24T07:51:03.322738+00:00
1644,11666,173,CH,CHF,UNEMPLOYMENT,unemployment_rate,Unemployment Rate,2023-12-01,2024-01-09T06:45:00+00:00,2.300000,2.100000,1,up,0.100000,0.100000,0,flat,1,[],2026-04-24T07:51:03.322738+00:00
1645,11648,173,CH,CHF,UNEMPLOYMENT,unemployment_rate,Unemployment Rate,2024-01-01,2024-02-07T06:45:00+00:00,2.500000,2.300000,1,up,0.000000,0.100000,-1,decelerating,1,[],2026-04-24T07:51:03.322738+00:00
1646,11620,173,CH,CHF,UNEMPLOYMENT,unemployment_rate,Unemployment Rate,2024-02-01,2024-03-07T06:45:00+00:00,2.400000,2.500000,-1,down,-0.300000,0.000000,-1,decelerating,0,[],2026-04-24T07:51:03.322738+00:00
1647,11590,173,CH,CHF,UNEMPLOYMENT,unemployment_rate,Unemployment Rate,2024-03-01,2024-04-08T05:45:00+00:00,2.400000,2.400000,0,flat,0.100000,-0.300000,1,accelerating,0,[],2026-04-24T07:51:03.322738+00:00
1648,11571,173,CH,CHF,UNEMPLOYMENT,unemployment_rate,Unemployment Rate,2024-04-01,2024-05-07T05:45:00+00:00,2.300000,2.400000,-1,down,-0.100000,0.100000,-1,decelerating,0,[],2026-04-24T07:51:03.322738+00:00
1649,11542,173,CH,CHF,UNEMPLOYMENT,unemployment_rate,Unemployment Rate,2024-05-01,2024-06-06T05:45:00+00:00,2.300000,2.300000,0,flat,0.100000,-0.100000,1,accelerating,0,[],2026-04-24T07:51:03.322738+00:00
1650,11823,173,CH,CHF,UNEMPLOYMENT,unemployment_rate,Unemployment Rate,2024-06-01,2024-07-04T05:45:00+00:00,2.300000,2.300000,0,flat,0.000000,0.100000,-1,decelerating,0,[],2026-04-24T07:51:03.322738+00:00
1651,11801,173,CH,CHF,UNEMPLOYMENT,unemployment_rate,Unemployment Rate,2024-07-01,2024-08-06T05:45:00+00:00,2.300000,2.300000,0,flat,0.000000,0.000000,0,flat,0,[],2026-04-24T07:51:03.322738+00:00
1652,11774,173,CH,CHF,UNEMPLOYMENT,unemployment_rate,Unemployment Rate,2024-08-01,2024-09-05T05:45:00+00:00,2.400000,2.300000,1,up,0.100000,0.000000,1,accelerating,1,[],2026-04-24T07:51:03.322738+00:00
1653,11750,173,CH,CHF,UNEMPLOYMENT,unemployment_rate,Unemployment Rate,2024-09-01,2024-10-04T05:45:00+00:00,2.500000,2.400000,1,up,0.000000,0.100000,-1,decelerating,1,[],2026-04-24T07:51:03.322738+00:00
1654,11727,173,CH,CHF,UNEMPLOYMENT,unemployment_rate,Unemployment Rate,2024-10-01,2024-11-05T06:45:00+00:00,2.500000,2.500000,0,flat,-0.100000,0.000000,-1,decelerating,0,[],2026-04-24T07:51:03.322738+00:00
1655,11695,173,CH,CHF,UNEMPLOYMENT,unemployment_rate,Unemployment Rate,2024-11-01,2024-12-05T06:45:00+00:00,2.600000,2.500000,1,up,0.100000,-0.100000,1,accelerating,1,[],2026-04-24T07:51:03.322738+00:00
1656,12009,173,CH,CHF,UNEMPLOYMENT,unemployment_rate,Unemployment Rate,2024-12-01,2025-01-10T06:45:00+00:00,2.800000,2.600000,1,up,0.100000,0.100000,0,flat,1,[],2026-04-24T07:51:03.322738+00:00
1657,11981,173,CH,CHF,UNEMPLOYMENT,unemployment_rate,Unemployment Rate,2025-01-01,2025-02-06T06:45:00+00:00,3.000000,2.800000,1,up,0.000000,0.100000,-1,decelerating,1,[],2026-04-24T07:51:03.322738+00:00
1658,11945,173,CH,CHF,UNEMPLOYMENT,unemployment_rate,Unemployment Rate,2025-02-01,2025-03-06T06:45:00+00:00,2.900000,3.000000,-1,down,-0.300000,0.000000,-1,decelerating,0,[],2026-04-24T07:51:03.322738+00:00
1659,11914,173,CH,CHF,UNEMPLOYMENT,unemployment_rate,Unemployment Rate,2025-03-01,2025-04-04T05:45:00+00:00,2.900000,2.900000,0,flat,0.100000,-0.300000,1,accelerating,0,[],2026-04-24T07:51:03.322738+00:00
1660,11886,173,CH,CHF,UNEMPLOYMENT,unemployment_rate,Unemployment Rate,2025-04-01,2025-05-06T05:45:00+00:00,2.800000,2.900000,-1,down,-0.100000,0.100000,-1,decelerating,0,[],2026-04-24T07:51:03.322738+00:00
1661,11850,173,CH,CHF,UNEMPLOYMENT,unemployment_rate,Unemployment Rate,2025-05-01,2025-06-05T07:00:00+00:00,2.800000,2.800000,0,flat,0.100000,-0.100000,1,accelerating,0,[],2026-04-24T07:51:03.322738+00:00
1662,12197,173,CH,CHF,UNEMPLOYMENT,unemployment_rate,Unemployment Rate,2025-06-01,2025-07-04T07:00:00+00:00,2.700000,2.800000,-1,down,-0.100000,0.100000,-1,decelerating,0,[],2026-04-24T07:51:03.322738+00:00
1663,12167,173,CH,CHF,UNEMPLOYMENT,unemployment_rate,Unemployment Rate,2025-07-01,2025-08-07T07:00:00+00:00,2.700000,2.700000,0,flat,0.100000,-0.100000,1,accelerating,0,[],2026-04-24T07:51:03.322738+00:00
1664,12134,173,CH,CHF,UNEMPLOYMENT,unemployment_rate,Unemployment Rate,2025-08-01,2025-09-04T07:00:00+00:00,2.800000,2.700000,1,up,0.100000,0.100000,0,flat,1,[],2026-04-24T07:51:03.322738+00:00
1665,12103,173,CH,CHF,UNEMPLOYMENT,unemployment_rate,Unemployment Rate,2025-09-01,2025-10-06T07:00:00+00:00,2.800000,2.800000,0,flat,-0.100000,0.100000,-1,decelerating,0,[],2026-04-24T07:51:03.322738+00:00
1666,12084,173,CH,CHF,UNEMPLOYMENT,unemployment_rate,Unemployment Rate,2025-10-01,2025-11-06T08:00:00+00:00,2.900000,2.800000,1,up,0.100000,-0.100000,1,accelerating,1,[],2026-04-24T07:51:03.322738+00:00
1667,12047,173,CH,CHF,UNEMPLOYMENT,unemployment_rate,Unemployment Rate,2025-11-01,2025-12-04T08:00:00+00:00,2.900000,2.900000,0,flat,-0.100000,0.100000,-1,decelerating,0,[],2026-04-24T07:51:03.322738+00:00
1668,12213,173,CH,CHF,UNEMPLOYMENT,unemployment_rate,Unemployment Rate,2025-12-01,2026-01-09T08:00:00+00:00,3.100000,2.900000,1,up,0.200000,-0.100000,1,accelerating,1,[],2026-04-24T07:51:03.322738+00:00
1669,559,173,CH,CHF,UNEMPLOYMENT,unemployment_rate,Unemployment Rate,2026-01-01,2026-02-06T08:00:00+00:00,3.200000,3.100000,1,up,-0.100000,0.200000,-1,decelerating,1,[],2026-04-24T07:51:03.322738+00:00
1670,523,173,CH,CHF,UNEMPLOYMENT,unemployment_rate,Unemployment Rate,2026-02-01,2026-03-05T08:00:00+00:00,3.200000,3.200000,0,flat,-0.100000,-0.100000,0,flat,0,[],2026-04-24T07:51:03.322738+00:00
1671,490,173,CH,CHF,UNEMPLOYMENT,unemployment_rate,Unemployment Rate,2026-03-01,2026-04-08T07:00:00+00:00,3.100000,3.200000,-1,down,-0.100000,-0.100000,0,flat,0,[],2026-04-24T07:51:03.322738+00:00
1672,10776,174,CH,CHF,GDP,gdp_qoq,GDP (QoQ),2019-10-01,2020-03-03T06:45:00+00:00,0.300000,,,,,,,,,"[""direction_target_short_history"", ""acceleration_target_short_history""]",2026-04-24T07:51:03.322738+00:00
1673,10727,174,CH,CHF,GDP,gdp_qoq,GDP (QoQ),2020-01-01,2020-06-03T05:45:00+00:00,-2.600000,0.300000,-1,down,,,,,0,"[""acceleration_target_short_history""]",2026-04-24T07:51:03.322738+00:00
1674,10885,174,CH,CHF,GDP,gdp_qoq,GDP (QoQ),2020-04-01,2020-08-27T05:45:00+00:00,-8.200000,-2.600000,-1,down,-2.700000,,,,0,"[""acceleration_target_short_history""]",2026-04-24T07:51:03.322738+00:00
1675,10832,174,CH,CHF,GDP,gdp_qoq,GDP (QoQ),2020-07-01,2020-12-01T06:45:00+00:00,7.200000,-8.200000,1,up,21.000000,-2.700000,1,accelerating,1,[],2026-04-24T07:51:03.322738+00:00
1676,10978,174,CH,CHF,GDP,gdp_qoq,GDP (QoQ),2020-10-01,2021-02-26T08:00:00+00:00,0.300000,7.200000,-1,down,-22.300000,21.000000,-1,decelerating,0,[],2026-04-24T07:51:03.322738+00:00
1677,10927,174,CH,CHF,GDP,gdp_qoq,GDP (QoQ),2021-01-01,2021-06-01T07:00:00+00:00,-0.500000,0.300000,-1,down,6.100000,-22.300000,1,accelerating,0,[],2026-04-24T07:51:03.322738+00:00
1678,11071,174,CH,CHF,GDP,gdp_qoq,GDP (QoQ),2021-04-01,2021-09-02T07:00:00+00:00,1.800000,-0.500000,1,up,3.100000,6.100000,-1,decelerating,1,[],2026-04-24T07:51:03.322738+00:00
1679,11033,174,CH,CHF,GDP,gdp_qoq,GDP (QoQ),2021-07-01,2021-11-26T08:00:00+00:00,1.700000,1.800000,-1,down,-2.400000,3.100000,-1,decelerating,0,[],2026-04-24T07:51:03.322738+00:00
1680,11180,174,CH,CHF,GDP,gdp_qoq,GDP (QoQ),2021-10-01,2022-02-28T08:00:00+00:00,0.300000,1.700000,-1,down,-1.300000,-2.400000,1,accelerating,0,[],2026-04-24T07:51:03.322738+00:00
1681,11125,174,CH,CHF,GDP,gdp_qoq,GDP (QoQ),2022-01-01,2022-05-31T07:00:00+00:00,0.500000,0.300000,1,up,1.600000,-1.300000,1,accelerating,1,[],2026-04-24T07:51:03.322738+00:00
1682,11282,174,CH,CHF,GDP,gdp_qoq,GDP (QoQ),2022-04-01,2022-09-05T07:00:00+00:00,0.300000,0.500000,-1,down,-0.400000,1.600000,-1,decelerating,0,[],2026-04-24T07:51:03.322738+00:00
1683,11241,174,CH,CHF,GDP,gdp_qoq,GDP (QoQ),2022-07-01,2022-11-29T08:00:00+00:00,0.200000,0.300000,-1,down,0.100000,-0.400000,1,accelerating,0,[],2026-04-24T07:51:03.322738+00:00
1684,11335,174,CH,CHF,GDP,gdp_qoq,GDP (QoQ),2023-01-01,2023-05-30T07:00:00+00:00,0.300000,0.200000,1,up,0.200000,0.100000,1,accelerating,1,[],2026-04-24T07:51:03.322738+00:00
1685,11441,174,CH,CHF,GDP,gdp_qoq,GDP (QoQ),2023-07-01,2023-12-01T08:00:00+00:00,0.300000,0.300000,0,flat,-0.100000,0.200000,-1,decelerating,0,[],2026-04-24T07:51:03.322738+00:00
1686,11629,174,CH,CHF,GDP,gdp_qoq,GDP (QoQ),2023-10-01,2024-02-29T08:00:00+00:00,0.300000,0.300000,0,flat,0.000000,-0.100000,1,accelerating,0,[],2026-04-24T07:51:03.322738+00:00
1687,11551,174,CH,CHF,GDP,gdp_qoq,GDP (QoQ),2024-01-01,2024-05-30T07:00:00+00:00,0.500000,0.300000,1,up,0.200000,0.000000,1,accelerating,1,[],2026-04-24T07:51:03.322738+00:00
1688,11775,174,CH,CHF,GDP,gdp_qoq,GDP (QoQ),2024-04-01,2024-09-03T07:00:00+00:00,0.700000,0.500000,1,up,0.000000,0.200000,-1,decelerating,1,[],2026-04-24T07:51:03.322738+00:00
1689,11703,174,CH,CHF,GDP,gdp_qoq,GDP (QoQ),2024-07-01,2024-11-29T08:00:00+00:00,0.400000,0.700000,-1,down,-0.500000,0.000000,-1,decelerating,0,[],2026-04-24T07:51:03.322738+00:00
1690,11957,174,CH,CHF,GDP,gdp_qoq,GDP (QoQ),2024-10-01,2025-02-27T08:00:00+00:00,0.200000,0.400000,-1,down,0.100000,-0.500000,1,accelerating,0,[],2026-04-24T07:51:03.322738+00:00
1691,11858,174,CH,CHF,GDP,gdp_qoq,GDP (QoQ),2025-01-01,2025-06-02T07:00:00+00:00,0.500000,0.200000,1,up,0.500000,0.100000,1,accelerating,1,[],2026-04-24T07:51:03.322738+00:00
1692,12149,174,CH,CHF,GDP,gdp_qoq,GDP (QoQ),2025-04-01,2025-08-28T07:00:00+00:00,0.100000,0.500000,-1,down,-0.700000,0.500000,-1,decelerating,0,[],2026-04-24T07:51:03.322738+00:00
1693,12055,174,CH,CHF,GDP,gdp_qoq,GDP (QoQ),2025-07-01,2025-11-28T08:00:00+00:00,-0.500000,0.100000,-1,down,-0.200000,-0.700000,1,accelerating,0,[],2026-04-24T07:51:03.322738+00:00
1694,535,174,CH,CHF,GDP,gdp_qoq,GDP (QoQ),2025-10-01,2026-02-27T08:00:00+00:00,0.200000,-0.500000,1,up,1.300000,-0.200000,1,accelerating,1,[],2026-04-24T07:51:03.322738+00:00
1695,12544,187,EU,EUR,CPI,cpi_headline_mom,Headline HICP (MoM),2019-12-01,2020-01-17T10:00:00+00:00,0.300000,,,,,,,,,"[""direction_target_short_history"", ""acceleration_target_short_history""]",2026-04-24T07:51:03.322738+00:00
1696,12467,187,EU,EUR,CPI,cpi_headline_mom,Headline HICP (MoM),2020-01-01,2020-02-21T10:00:00+00:00,-1.000000,0.300000,-1,down,,,,,0,"[""acceleration_target_short_history""]",2026-04-24T07:51:03.322738+00:00
1697,12444,187,EU,EUR,CPI,cpi_headline_mom,Headline HICP (MoM),2020-02-01,2020-03-03T10:00:00+00:00,0.200000,-1.000000,1,up,2.500000,,,,1,"[""acceleration_target_short_history""]",2026-04-24T07:51:03.322738+00:00
1698,12420,187,EU,EUR,CPI,cpi_headline_mom,Headline HICP (MoM),2020-02-01,2020-03-18T10:00:00+00:00,0.200000,0.200000,0,flat,-1.200000,2.500000,-1,decelerating,0,[],2026-04-24T07:51:03.322738+00:00
1699,12397,187,EU,EUR,CPI,cpi_headline_mom,Headline HICP (MoM),2020-03-01,2020-03-31T09:00:00+00:00,0.500000,0.200000,1,up,0.300000,-1.200000,1,accelerating,1,[],2026-04-24T07:51:03.322738+00:00
1700,12380,187,EU,EUR,CPI,cpi_headline_mom,Headline HICP (MoM),2020-03-01,2020-04-17T09:00:00+00:00,0.500000,0.500000,0,flat,-0.300000,0.300000,-1,decelerating,0,[],2026-04-24T07:51:03.322738+00:00
1701,12353,187,EU,EUR,CPI,cpi_headline_mom,Headline HICP (MoM),2020-04-01,2020-04-30T09:00:00+00:00,0.300000,0.500000,-1,down,-0.200000,-0.300000,1,accelerating,0,[],2026-04-24T07:51:03.322738+00:00
1702,12316,187,EU,EUR,CPI,cpi_headline_mom,Headline HICP (MoM),2020-04-01,2020-05-20T09:00:00+00:00,0.300000,0.300000,0,flat,0.200000,-0.200000,1,accelerating,0,[],2026-04-24T07:51:03.322738+00:00
1703,12290,187,EU,EUR,CPI,cpi_headline_mom,Headline HICP (MoM),2020-05-01,2020-05-29T09:00:00+00:00,-0.100000,0.300000,-1,down,-0.400000,0.200000,-1,decelerating,0,[],2026-04-24T07:51:03.322738+00:00
1704,12258,187,EU,EUR,CPI,cpi_headline_mom,Headline HICP (MoM),2020-05-01,2020-06-17T09:00:00+00:00,-0.100000,-0.100000,0,flat,0.400000,-0.400000,1,accelerating,0,[],2026-04-24T07:51:03.322738+00:00
1705,12227,187,EU,EUR,CPI,cpi_headline_mom,Headline HICP (MoM),2020-06-01,2020-06-30T09:00:00+00:00,0.300000,-0.100000,1,up,0.400000,0.400000,0,flat,1,[],2026-04-24T07:51:03.322738+00:00
1706,12926,187,EU,EUR,CPI,cpi_headline_mom,Headline HICP (MoM),2020-06-01,2020-07-17T09:00:00+00:00,0.300000,0.300000,0,flat,-0.400000,0.400000,-1,decelerating,0,[],2026-04-24T07:51:03.322738+00:00
1707,12900,187,EU,EUR,CPI,cpi_headline_mom,Headline HICP (MoM),2020-07-01,2020-07-31T09:00:00+00:00,-0.300000,0.300000,-1,down,-0.600000,-0.400000,-1,decelerating,0,[],2026-04-24T07:51:03.322738+00:00
1708,12873,187,EU,EUR,CPI,cpi_headline_mom,Headline HICP (MoM),2020-07-01,2020-08-19T09:00:00+00:00,-0.400000,-0.300000,-1,down,0.500000,-0.600000,1,accelerating,0,[],2026-04-24T07:51:03.322738+00:00
1709,12852,187,EU,EUR,CPI,cpi_headline_mom,Headline HICP (MoM),2020-08-01,2020-09-01T09:00:00+00:00,-0.400000,-0.400000,0,flat,0.100000,0.500000,-1,decelerating,0,[],2026-04-24T07:51:03.322738+00:00
1710,12814,187,EU,EUR,CPI,cpi_headline_mom,Headline HICP (MoM),2020-08-01,2020-09-17T09:00:00+00:00,-0.400000,-0.400000,0,flat,0.000000,0.100000,-1,decelerating,0,[],2026-04-24T07:51:03.322738+00:00
1711,12777,187,EU,EUR,CPI,cpi_headline_mom,Headline HICP (MoM),2020-09-01,2020-10-02T09:00:00+00:00,0.100000,-0.400000,1,up,0.500000,0.000000,1,accelerating,1,[],2026-04-24T07:51:03.322738+00:00
1712,12741,187,EU,EUR,CPI,cpi_headline_mom,Headline HICP (MoM),2020-09-01,2020-10-16T09:00:00+00:00,0.100000,0.100000,0,flat,-0.500000,0.500000,-1,decelerating,0,[],2026-04-24T07:51:03.322738+00:00
1713,12710,187,EU,EUR,CPI,cpi_headline_mom,Headline HICP (MoM),2020-10-01,2020-10-30T10:00:00+00:00,0.200000,0.100000,1,up,0.100000,-0.500000,1,accelerating,1,[],2026-04-24T07:51:03.322738+00:00
1714,12660,187,EU,EUR,CPI,cpi_headline_mom,Headline HICP (MoM),2020-10-01,2020-11-18T10:00:00+00:00,0.200000,0.200000,0,flat,-0.100000,0.100000,-1,decelerating,0,[],2026-04-24T07:51:03.322738+00:00
1715,12626,187,EU,EUR,CPI,cpi_headline_mom,Headline HICP (MoM),2020-11-01,2020-12-01T10:00:00+00:00,-0.300000,0.200000,-1,down,-0.500000,-0.100000,-1,decelerating,0,[],2026-04-24T07:51:03.322738+00:00
1716,12583,187,EU,EUR,CPI,cpi_headline_mom,Headline HICP (MoM),2020-11-01,2020-12-17T10:00:00+00:00,-0.300000,-0.300000,0,flat,0.500000,-0.500000,1,accelerating,0,[],2026-04-24T07:51:03.322738+00:00
1717,13296,187,EU,EUR,CPI,cpi_headline_mom,Headline HICP (MoM),2020-12-01,2021-01-07T10:00:00+00:00,0.300000,-0.300000,1,up,0.600000,0.500000,1,accelerating,1,[],2026-04-24T07:51:03.322738+00:00
1718,13243,187,EU,EUR,CPI,cpi_headline_mom,Headline HICP (MoM),2021-01-01,2021-02-03T10:00:00+00:00,0.200000,0.300000,-1,down,-0.700000,0.600000,-1,decelerating,0,[],2026-04-24T07:51:03.322738+00:00
1719,13206,187,EU,EUR,CPI,cpi_headline_mom,Headline HICP (MoM),2021-01-01,2021-02-23T10:00:00+00:00,0.200000,0.200000,0,flat,0.100000,-0.700000,1,accelerating,0,[],2026-04-24T07:51:03.322738+00:00
1720,13187,187,EU,EUR,CPI,cpi_headline_mom,Headline HICP (MoM),2021-02-01,2021-03-02T10:00:00+00:00,0.200000,0.200000,0,flat,0.000000,0.100000,-1,decelerating,0,[],2026-04-24T07:51:03.322738+00:00
1721,13154,187,EU,EUR,CPI,cpi_headline_mom,Headline HICP (MoM),2021-02-01,2021-03-17T10:00:00+00:00,0.200000,0.200000,0,flat,0.000000,0.000000,0,flat,0,[],2026-04-24T07:51:03.322738+00:00
1722,13123,187,EU,EUR,CPI,cpi_headline_mom,Headline HICP (MoM),2021-03-01,2021-03-31T09:00:00+00:00,0.900000,0.200000,1,up,0.700000,0.000000,1,accelerating,1,[],2026-04-24T07:51:03.322738+00:00
1723,13100,187,EU,EUR,CPI,cpi_headline_mom,Headline HICP (MoM),2021-03-01,2021-04-16T09:00:00+00:00,0.900000,0.900000,0,flat,-0.700000,0.700000,-1,decelerating,0,[],2026-04-24T07:51:03.322738+00:00
1724,13071,187,EU,EUR,CPI,cpi_headline_mom,Headline HICP (MoM),2021-04-01,2021-04-30T09:00:00+00:00,0.600000,0.900000,-1,down,-0.300000,-0.700000,1,accelerating,0,[],2026-04-24T07:51:03.322738+00:00
1725,13043,187,EU,EUR,CPI,cpi_headline_mom,Headline HICP (MoM),2021-04-01,2021-05-19T09:00:00+00:00,0.600000,0.600000,0,flat,0.300000,-0.300000,1,accelerating,0,[],2026-04-24T07:51:03.322738+00:00
1726,13015,187,EU,EUR,CPI,cpi_headline_mom,Headline HICP (MoM),2021-05-01,2021-06-01T09:00:00+00:00,0.300000,0.600000,-1,down,-0.300000,0.300000,-1,decelerating,0,[],2026-04-24T07:51:03.322738+00:00
1727,12988,187,EU,EUR,CPI,cpi_headline_mom,Headline HICP (MoM),2021-05-01,2021-06-17T09:00:00+00:00,0.300000,0.300000,0,flat,0.300000,-0.300000,1,accelerating,0,[],2026-04-24T07:51:03.322738+00:00
1728,12960,187,EU,EUR,CPI,cpi_headline_mom,Headline HICP (MoM),2021-06-01,2021-06-30T09:00:00+00:00,0.300000,0.300000,0,flat,0.000000,0.300000,-1,decelerating,0,[],2026-04-24T07:51:03.322738+00:00
1729,13641,187,EU,EUR,CPI,cpi_headline_mom,Headline HICP (MoM),2021-06-01,2021-07-16T09:00:00+00:00,0.300000,0.300000,0,flat,0.000000,0.000000,0,flat,0,[],2026-04-24T07:51:03.322738+00:00
1730,13623,187,EU,EUR,CPI,cpi_headline_mom,Headline HICP (MoM),2021-07-01,2021-07-30T09:00:00+00:00,-0.100000,0.300000,-1,down,-0.400000,0.000000,-1,decelerating,0,[],2026-04-24T07:51:03.322738+00:00
1731,13597,187,EU,EUR,CPI,cpi_headline_mom,Headline HICP (MoM),2021-07-01,2021-08-18T09:00:00+00:00,-0.100000,-0.100000,0,flat,0.400000,-0.400000,1,accelerating,0,[],2026-04-24T07:51:03.322738+00:00
1732,13582,187,EU,EUR,CPI,cpi_headline_mom,Headline HICP (MoM),2021-08-01,2021-08-31T09:00:00+00:00,0.400000,-0.100000,1,up,0.500000,0.400000,1,accelerating,1,[],2026-04-24T07:51:03.322738+00:00
1733,13544,187,EU,EUR,CPI,cpi_headline_mom,Headline HICP (MoM),2021-08-01,2021-09-17T09:00:00+00:00,0.400000,0.400000,0,flat,-0.500000,0.500000,-1,decelerating,0,[],2026-04-24T07:51:03.322738+00:00
1734,13511,187,EU,EUR,CPI,cpi_headline_mom,Headline HICP (MoM),2021-09-01,2021-10-01T09:00:00+00:00,0.500000,0.400000,1,up,0.100000,-0.500000,1,accelerating,1,[],2026-04-24T07:51:03.322738+00:00
1735,13474,187,EU,EUR,CPI,cpi_headline_mom,Headline HICP (MoM),2021-09-01,2021-10-20T09:00:00+00:00,0.500000,0.500000,0,flat,-0.100000,0.100000,-1,decelerating,0,[],2026-04-24T07:51:03.322738+00:00
1736,13454,187,EU,EUR,CPI,cpi_headline_mom,Headline HICP (MoM),2021-10-01,2021-10-29T09:00:00+00:00,0.800000,0.500000,1,up,0.300000,-0.100000,1,accelerating,1,[],2026-04-24T07:51:03.322738+00:00
1737,13407,187,EU,EUR,CPI,cpi_headline_mom,Headline HICP (MoM),2021-10-01,2021-11-17T10:00:00+00:00,0.800000,0.800000,0,flat,-0.300000,0.300000,-1,decelerating,0,[],2026-04-24T07:51:03.322738+00:00
1738,13363,187,EU,EUR,CPI,cpi_headline_mom,Headline HICP (MoM),2021-11-01,2021-11-30T10:00:00+00:00,0.500000,0.800000,-1,down,-0.300000,-0.300000,0,flat,0,[],2026-04-24T07:51:03.322738+00:00
1739,13317,187,EU,EUR,CPI,cpi_headline_mom,Headline HICP (MoM),2021-11-01,2021-12-17T10:00:00+00:00,0.400000,0.500000,-1,down,0.200000,-0.300000,1,accelerating,0,[],2026-04-24T07:51:03.322738+00:00
1740,14107,187,EU,EUR,CPI,cpi_headline_mom,Headline HICP (MoM),2021-12-01,2022-01-07T10:00:00+00:00,0.400000,0.400000,0,flat,0.100000,0.200000,-1,decelerating,0,[],2026-04-24T07:51:03.322738+00:00
1741,14078,187,EU,EUR,CPI,cpi_headline_mom,Headline HICP (MoM),2021-12-01,2022-01-20T10:00:00+00:00,0.400000,0.400000,0,flat,0.000000,0.100000,-1,decelerating,0,[],2026-04-24T07:51:03.322738+00:00
1742,14053,187,EU,EUR,CPI,cpi_headline_mom,Headline HICP (MoM),2022-01-01,2022-02-02T10:00:00+00:00,0.300000,0.400000,-1,down,-0.100000,0.000000,-1,decelerating,0,[],2026-04-24T07:51:03.322738+00:00
1743,14011,187,EU,EUR,CPI,cpi_headline_mom,Headline HICP (MoM),2022-01-01,2022-02-23T10:00:00+00:00,0.300000,0.300000,0,flat,0.100000,-0.100000,1,accelerating,0,[],2026-04-24T07:51:03.322738+00:00
1744,13985,187,EU,EUR,CPI,cpi_headline_mom,Headline HICP (MoM),2022-02-01,2022-03-02T10:00:00+00:00,0.900000,0.300000,1,up,0.600000,0.100000,1,accelerating,1,[],2026-04-24T07:51:03.322738+00:00
1745,13940,187,EU,EUR,CPI,cpi_headline_mom,Headline HICP (MoM),2022-02-01,2022-03-17T10:00:00+00:00,0.900000,0.900000,0,flat,-0.600000,0.600000,-1,decelerating,0,[],2026-04-24T07:51:03.322738+00:00
1746,13897,187,EU,EUR,CPI,cpi_headline_mom,Headline HICP (MoM),2022-03-01,2022-04-01T09:00:00+00:00,2.500000,0.900000,1,up,1.600000,-0.600000,1,accelerating,1,[],2026-04-24T07:51:03.322738+00:00
1747,13863,187,EU,EUR,CPI,cpi_headline_mom,Headline HICP (MoM),2022-03-01,2022-04-21T09:00:00+00:00,2.400000,2.500000,-1,down,-1.700000,1.600000,-1,decelerating,0,[],2026-04-24T07:51:03.322738+00:00
1748,13840,187,EU,EUR,CPI,cpi_headline_mom,Headline HICP (MoM),2022-04-01,2022-04-29T09:00:00+00:00,0.600000,2.400000,-1,down,-1.700000,-1.700000,0,flat,0,[],2026-04-24T07:51:03.322738+00:00
1749,13793,187,EU,EUR,CPI,cpi_headline_mom,Headline HICP (MoM),2022-04-01,2022-05-18T09:00:00+00:00,0.600000,0.600000,0,flat,1.800000,-1.700000,1,accelerating,0,[],2026-04-24T07:51:03.322738+00:00
1750,13760,187,EU,EUR,CPI,cpi_headline_mom,Headline HICP (MoM),2022-05-01,2022-05-31T09:00:00+00:00,0.800000,0.600000,1,up,0.200000,1.800000,-1,decelerating,1,[],2026-04-24T07:51:03.322738+00:00
1751,13711,187,EU,EUR,CPI,cpi_headline_mom,Headline HICP (MoM),2022-05-01,2022-06-17T09:00:00+00:00,0.800000,0.800000,0,flat,-0.200000,0.200000,-1,decelerating,0,[],2026-04-24T07:51:03.322738+00:00
1752,14536,187,EU,EUR,CPI,cpi_headline_mom,Headline HICP (MoM),2022-06-01,2022-07-01T09:00:00+00:00,0.800000,0.800000,0,flat,0.000000,-0.200000,1,accelerating,0,[],2026-04-24T07:51:03.322738+00:00
1753,14511,187,EU,EUR,CPI,cpi_headline_mom,Headline HICP (MoM),2022-06-01,2022-07-19T09:00:00+00:00,0.800000,0.800000,0,flat,0.000000,0.000000,0,flat,0,[],2026-04-24T07:51:03.322738+00:00
1754,14482,187,EU,EUR,CPI,cpi_headline_mom,Headline HICP (MoM),2022-07-01,2022-07-29T09:00:00+00:00,0.100000,0.800000,-1,down,-0.700000,0.000000,-1,decelerating,0,[],2026-04-24T07:51:03.322738+00:00
1755,14460,187,EU,EUR,CPI,cpi_headline_mom,Headline HICP (MoM),2022-07-01,2022-08-18T09:00:00+00:00,0.100000,0.100000,0,flat,0.700000,-0.700000,1,accelerating,0,[],2026-04-24T07:51:03.322738+00:00
1756,14439,187,EU,EUR,CPI,cpi_headline_mom,Headline HICP (MoM),2022-08-01,2022-08-31T09:00:00+00:00,0.500000,0.100000,1,up,0.400000,0.700000,-1,decelerating,1,[],2026-04-24T07:51:03.322738+00:00
1757,14387,187,EU,EUR,CPI,cpi_headline_mom,Headline HICP (MoM),2022-08-01,2022-09-16T09:00:00+00:00,0.600000,0.500000,1,up,-0.300000,0.400000,-1,decelerating,1,[],2026-04-24T07:51:03.322738+00:00
1758,14340,187,EU,EUR,CPI,cpi_headline_mom,Headline HICP (MoM),2022-09-01,2022-09-30T09:00:00+00:00,1.200000,0.600000,1,up,0.500000,-0.300000,1,accelerating,1,[],2026-04-24T07:51:03.322738+00:00
1759,14300,187,EU,EUR,CPI,cpi_headline_mom,Headline HICP (MoM),2022-09-01,2022-10-19T09:00:00+00:00,1.200000,1.200000,0,flat,-0.600000,0.500000,-1,decelerating,0,[],2026-04-24T07:51:03.322738+00:00
1760,14266,187,EU,EUR,CPI,cpi_headline_mom,Headline HICP (MoM),2022-10-01,2022-10-31T10:00:00+00:00,1.500000,1.200000,1,up,0.300000,-0.600000,1,accelerating,1,[],2026-04-24T07:51:03.322738+00:00
1761,14223,187,EU,EUR,CPI,cpi_headline_mom,Headline HICP (MoM),2022-10-01,2022-11-17T10:00:00+00:00,1.500000,1.500000,0,flat,-0.300000,0.300000,-1,decelerating,0,[],2026-04-24T07:51:03.322738+00:00
1762,14181,187,EU,EUR,CPI,cpi_headline_mom,Headline HICP (MoM),2022-11-01,2022-11-30T10:00:00+00:00,-0.100000,1.500000,-1,down,-1.600000,-0.300000,-1,decelerating,0,[],2026-04-24T07:51:03.322738+00:00
1763,14131,187,EU,EUR,CPI,cpi_headline_mom,Headline HICP (MoM),2022-11-01,2022-12-16T10:00:00+00:00,-0.100000,-0.100000,0,flat,1.600000,-1.600000,1,accelerating,0,[],2026-04-24T07:51:03.322738+00:00
1764,15015,187,EU,EUR,CPI,cpi_headline_mom,Headline HICP (MoM),2022-12-01,2023-01-06T10:00:00+00:00,-0.300000,-0.100000,-1,down,-0.200000,1.600000,-1,decelerating,0,[],2026-04-24T07:51:03.322738+00:00
1765,14955,187,EU,EUR,CPI,cpi_headline_mom,Headline HICP (MoM),2023-01-01,2023-02-01T10:00:00+00:00,-0.400000,-0.300000,-1,down,0.100000,-0.200000,1,accelerating,0,[],2026-04-24T07:51:03.322738+00:00
1766,14901,187,EU,EUR,CPI,cpi_headline_mom,Headline HICP (MoM),2023-01-01,2023-02-23T10:00:00+00:00,-0.200000,-0.400000,1,up,0.300000,0.100000,1,accelerating,1,[],2026-04-24T07:51:03.322738+00:00
1767,14880,187,EU,EUR,CPI,cpi_headline_mom,Headline HICP (MoM),2023-02-01,2023-03-02T10:00:00+00:00,0.800000,-0.200000,1,up,0.800000,0.300000,1,accelerating,1,[],2026-04-24T07:51:03.322738+00:00
1768,14842,187,EU,EUR,CPI,cpi_headline_mom,Headline HICP (MoM),2023-02-01,2023-03-17T10:00:00+00:00,0.800000,0.800000,0,flat,-1.000000,0.800000,-1,decelerating,0,[],2026-04-24T07:51:03.322738+00:00
1769,14802,187,EU,EUR,CPI,cpi_headline_mom,Headline HICP (MoM),2023-03-01,2023-03-31T09:00:00+00:00,0.900000,0.800000,1,up,0.100000,-1.000000,1,accelerating,1,[],2026-04-24T07:51:03.322738+00:00
1770,14766,187,EU,EUR,CPI,cpi_headline_mom,Headline HICP (MoM),2023-03-01,2023-04-19T09:00:00+00:00,0.900000,0.900000,0,flat,-0.100000,0.100000,-1,decelerating,0,[],2026-04-24T07:51:03.322738+00:00
1771,14724,187,EU,EUR,CPI,cpi_headline_mom,Headline HICP (MoM),2023-04-01,2023-05-02T09:00:00+00:00,0.700000,0.900000,-1,down,-0.200000,-0.100000,-1,decelerating,0,[],2026-04-24T07:51:03.322738+00:00
1772,14688,187,EU,EUR,CPI,cpi_headline_mom,Headline HICP (MoM),2023-04-01,2023-05-17T09:00:00+00:00,0.600000,0.700000,-1,down,0.100000,-0.200000,1,accelerating,0,[],2026-04-24T07:51:03.322738+00:00
1773,14543,187,EU,EUR,CPI,cpi_headline_mom,Headline HICP (MoM),2023-06-01,2023-06-30T09:00:00+00:00,0.300000,0.600000,-1,down,-0.200000,0.100000,-1,decelerating,0,[],2026-04-24T07:51:03.322738+00:00
1774,15439,187,EU,EUR,CPI,cpi_headline_mom,Headline HICP (MoM),2023-06-01,2023-07-19T09:00:00+00:00,0.300000,0.300000,0,flat,0.300000,-0.200000,1,accelerating,0,[],2026-04-24T07:51:03.322738+00:00
1775,15411,187,EU,EUR,CPI,cpi_headline_mom,Headline HICP (MoM),2023-07-01,2023-07-31T09:00:00+00:00,-0.100000,0.300000,-1,down,-0.400000,0.300000,-1,decelerating,0,[],2026-04-24T07:51:03.322738+00:00
1776,15385,187,EU,EUR,CPI,cpi_headline_mom,Headline HICP (MoM),2023-07-01,2023-08-18T09:00:00+00:00,-0.100000,-0.100000,0,flat,0.400000,-0.400000,1,accelerating,0,[],2026-04-24T07:51:03.322738+00:00
1777,15361,187,EU,EUR,CPI,cpi_headline_mom,Headline HICP (MoM),2023-08-01,2023-08-31T09:00:00+00:00,0.600000,-0.100000,1,up,0.700000,0.400000,1,accelerating,1,[],2026-04-24T07:51:03.322738+00:00
1778,15314,187,EU,EUR,CPI,cpi_headline_mom,Headline HICP (MoM),2023-08-01,2023-09-19T09:00:00+00:00,0.500000,0.600000,-1,down,-0.800000,0.700000,-1,decelerating,0,[],2026-04-24T07:51:03.322738+00:00
1779,15264,187,EU,EUR,CPI,cpi_headline_mom,Headline HICP (MoM),2023-09-01,2023-09-29T09:00:00+00:00,0.300000,0.500000,-1,down,-0.100000,-0.800000,1,accelerating,0,[],2026-04-24T07:51:03.322738+00:00
1780,15220,187,EU,EUR,CPI,cpi_headline_mom,Headline HICP (MoM),2023-09-01,2023-10-18T09:00:00+00:00,0.300000,0.300000,0,flat,0.200000,-0.100000,1,accelerating,0,[],2026-04-24T07:51:03.322738+00:00
1781,15179,187,EU,EUR,CPI,cpi_headline_mom,Headline HICP (MoM),2023-10-01,2023-10-31T10:00:00+00:00,0.100000,0.300000,-1,down,-0.200000,0.200000,-1,decelerating,0,[],2026-04-24T07:51:03.322738+00:00
1782,15130,187,EU,EUR,CPI,cpi_headline_mom,Headline HICP (MoM),2023-10-01,2023-11-17T10:00:00+00:00,0.100000,0.100000,0,flat,0.200000,-0.200000,1,accelerating,0,[],2026-04-24T07:51:03.322738+00:00
1783,15085,187,EU,EUR,CPI,cpi_headline_mom,Headline HICP (MoM),2023-11-01,2023-11-30T10:00:00+00:00,-0.500000,0.100000,-1,down,-0.600000,0.200000,-1,decelerating,0,[],2026-04-24T07:51:03.322738+00:00
1784,15033,187,EU,EUR,CPI,cpi_headline_mom,Headline HICP (MoM),2023-11-01,2023-12-19T10:00:00+00:00,-0.600000,-0.500000,-1,down,0.500000,-0.600000,1,accelerating,0,[],2026-04-24T07:51:03.322738+00:00
1785,16077,187,EU,EUR,CPI,cpi_headline_mom,Headline HICP (MoM),2023-12-01,2024-01-05T10:00:00+00:00,0.200000,-0.600000,1,up,0.900000,0.500000,1,accelerating,1,[],2026-04-24T07:51:03.322738+00:00
1786,16000,187,EU,EUR,CPI,cpi_headline_mom,Headline HICP (MoM),2024-01-01,2024-02-01T10:00:00+00:00,-0.400000,0.200000,-1,down,-1.400000,0.900000,-1,decelerating,0,[],2026-04-24T07:51:03.322738+00:00
1787,15926,187,EU,EUR,CPI,cpi_headline_mom,Headline HICP (MoM),2024-01-01,2024-02-22T10:00:00+00:00,-0.400000,-0.400000,0,flat,0.600000,-1.400000,1,accelerating,0,[],2026-04-24T07:51:03.322738+00:00
1788,15900,187,EU,EUR,CPI,cpi_headline_mom,Headline HICP (MoM),2024-02-01,2024-03-01T10:00:00+00:00,0.600000,-0.400000,1,up,1.000000,0.600000,1,accelerating,1,[],2026-04-24T07:51:03.322738+00:00
1789,15854,187,EU,EUR,CPI,cpi_headline_mom,Headline HICP (MoM),2024-02-01,2024-03-18T10:00:00+00:00,0.600000,0.600000,0,flat,-1.000000,1.000000,-1,decelerating,0,[],2026-04-24T07:51:03.322738+00:00
1790,15801,187,EU,EUR,CPI,cpi_headline_mom,Headline HICP (MoM),2024-03-01,2024-04-03T09:00:00+00:00,0.800000,0.600000,1,up,0.200000,-1.000000,1,accelerating,1,[],2026-04-24T07:51:03.322738+00:00
1791,15750,187,EU,EUR,CPI,cpi_headline_mom,Headline HICP (MoM),2024-03-01,2024-04-17T09:00:00+00:00,0.800000,0.800000,0,flat,-0.200000,0.200000,-1,decelerating,0,[],2026-04-24T07:51:03.322738+00:00
1792,15691,187,EU,EUR,CPI,cpi_headline_mom,Headline HICP (MoM),2024-04-01,2024-04-30T09:00:00+00:00,0.600000,0.800000,-1,down,-0.200000,-0.200000,0,flat,0,[],2026-04-24T07:51:03.322738+00:00
1793,15643,187,EU,EUR,CPI,cpi_headline_mom,Headline HICP (MoM),2024-04-01,2024-05-17T09:00:00+00:00,0.600000,0.600000,0,flat,0.200000,-0.200000,1,accelerating,0,[],2026-04-24T07:51:03.322738+00:00
1794,15596,187,EU,EUR,CPI,cpi_headline_mom,Headline HICP (MoM),2024-05-01,2024-05-31T09:00:00+00:00,0.200000,0.600000,-1,down,-0.400000,0.200000,-1,decelerating,0,[],2026-04-24T07:51:03.322738+00:00
1795,15527,187,EU,EUR,CPI,cpi_headline_mom,Headline HICP (MoM),2024-05-01,2024-06-18T09:00:00+00:00,0.200000,0.200000,0,flat,0.400000,-0.400000,1,accelerating,0,[],2026-04-24T07:51:03.322738+00:00
1796,16721,187,EU,EUR,CPI,cpi_headline_mom,Headline HICP (MoM),2024-06-01,2024-07-02T09:00:00+00:00,0.200000,0.200000,0,flat,0.000000,0.400000,-1,decelerating,0,[],2026-04-24T07:51:03.322738+00:00
1797,16677,187,EU,EUR,CPI,cpi_headline_mom,Headline HICP (MoM),2024-06-01,2024-07-17T09:00:00+00:00,0.200000,0.200000,0,flat,0.000000,0.000000,0,flat,0,[],2026-04-24T07:51:03.322738+00:00
1798,16547,187,EU,EUR,CPI,cpi_headline_mom,Headline HICP (MoM),2024-08-01,2024-08-30T09:00:00+00:00,0.200000,0.200000,0,flat,0.000000,0.000000,0,flat,0,[],2026-04-24T07:51:03.322738+00:00
1799,16484,187,EU,EUR,CPI,cpi_headline_mom,Headline HICP (MoM),2024-08-01,2024-09-18T09:00:00+00:00,0.100000,0.200000,-1,down,-0.100000,0.000000,-1,decelerating,0,[],2026-04-24T07:51:03.322738+00:00
1800,16424,187,EU,EUR,CPI,cpi_headline_mom,Headline HICP (MoM),2024-09-01,2024-10-01T09:00:00+00:00,-0.100000,0.100000,-1,down,-0.100000,-0.100000,0,flat,0,[],2026-04-24T07:51:03.322738+00:00
1801,16376,187,EU,EUR,CPI,cpi_headline_mom,Headline HICP (MoM),2024-09-01,2024-10-17T09:00:00+00:00,-0.100000,-0.100000,0,flat,0.200000,-0.100000,1,accelerating,0,[],2026-04-24T07:51:03.322738+00:00
1802,16309,187,EU,EUR,CPI,cpi_headline_mom,Headline HICP (MoM),2024-10-01,2024-10-31T10:00:00+00:00,0.300000,-0.100000,1,up,0.400000,0.200000,1,accelerating,1,[],2026-04-24T07:51:03.322738+00:00
1803,16230,187,EU,EUR,CPI,cpi_headline_mom,Headline HICP (MoM),2024-10-01,2024-11-19T10:00:00+00:00,0.300000,0.300000,0,flat,-0.400000,0.400000,-1,decelerating,0,[],2026-04-24T07:51:03.322738+00:00
1804,16177,187,EU,EUR,CPI,cpi_headline_mom,Headline HICP (MoM),2024-11-01,2024-11-29T10:00:00+00:00,-0.300000,0.300000,-1,down,-0.600000,-0.400000,-1,decelerating,0,[],2026-04-24T07:51:03.322738+00:00
1805,16100,187,EU,EUR,CPI,cpi_headline_mom,Headline HICP (MoM),2024-11-01,2024-12-18T10:00:00+00:00,-0.300000,-0.300000,0,flat,0.600000,-0.600000,1,accelerating,0,[],2026-04-24T07:51:03.322738+00:00
1806,17444,187,EU,EUR,CPI,cpi_headline_mom,Headline HICP (MoM),2024-12-01,2025-01-07T10:00:00+00:00,0.400000,-0.300000,1,up,0.700000,0.600000,1,accelerating,1,[],2026-04-24T07:51:03.322738+00:00
1807,17409,187,EU,EUR,CPI,cpi_headline_mom,Headline HICP (MoM),2024-12-01,2025-01-17T10:00:00+00:00,0.400000,0.400000,0,flat,-0.700000,0.700000,-1,decelerating,0,[],2026-04-24T07:51:03.322738+00:00
1808,17337,187,EU,EUR,CPI,cpi_headline_mom,Headline HICP (MoM),2025-01-01,2025-02-03T10:00:00+00:00,-0.300000,0.400000,-1,down,-0.700000,-0.700000,0,flat,0,[],2026-04-24T07:51:03.322738+00:00
1809,17271,187,EU,EUR,CPI,cpi_headline_mom,Headline HICP (MoM),2025-01-01,2025-02-24T10:00:00+00:00,-0.300000,-0.300000,0,flat,0.700000,-0.700000,1,accelerating,0,[],2026-04-24T07:51:03.322738+00:00
1810,17241,187,EU,EUR,CPI,cpi_headline_mom,Headline HICP (MoM),2025-02-01,2025-03-03T10:00:00+00:00,0.500000,-0.300000,1,up,0.800000,0.700000,1,accelerating,1,[],2026-04-24T07:51:03.322738+00:00
1811,17168,187,EU,EUR,CPI,cpi_headline_mom,Headline HICP (MoM),2025-02-01,2025-03-19T10:00:00+00:00,0.400000,0.500000,-1,down,-0.900000,0.800000,-1,decelerating,0,[],2026-04-24T07:51:03.322738+00:00
1812,17105,187,EU,EUR,CPI,cpi_headline_mom,Headline HICP (MoM),2025-03-01,2025-04-01T09:00:00+00:00,0.600000,0.400000,1,up,0.300000,-0.900000,1,accelerating,1,[],2026-04-24T07:51:03.322738+00:00
1813,17044,187,EU,EUR,CPI,cpi_headline_mom,Headline HICP (MoM),2025-03-01,2025-04-16T09:00:00+00:00,0.600000,0.600000,0,flat,-0.200000,0.300000,-1,decelerating,0,[],2026-04-24T07:51:03.322738+00:00
1814,16971,187,EU,EUR,CPI,cpi_headline_mom,Headline HICP (MoM),2025-04-01,2025-05-02T09:00:00+00:00,0.600000,0.600000,0,flat,0.000000,-0.200000,1,accelerating,0,[],2026-04-24T07:51:03.322738+00:00
1815,16928,187,EU,EUR,CPI,cpi_headline_mom,Headline HICP (MoM),2025-04-01,2025-05-19T09:00:00+00:00,0.600000,0.600000,0,flat,0.000000,0.000000,0,flat,0,[],2026-04-24T07:51:03.322738+00:00
1816,18128,187,EU,EUR,CPI,cpi_headline_mom,Headline HICP (MoM),2025-06-01,2025-07-01T09:00:00+00:00,0.300000,0.600000,-1,down,-0.300000,0.000000,-1,decelerating,0,[],2026-04-24T07:51:03.322738+00:00
1817,18070,187,EU,EUR,CPI,cpi_headline_mom,Headline HICP (MoM),2025-06-01,2025-07-17T09:00:00+00:00,0.300000,0.300000,0,flat,0.300000,-0.300000,1,accelerating,0,[],2026-04-24T07:51:03.322738+00:00
1818,17933,187,EU,EUR,CPI,cpi_headline_mom,Headline HICP (MoM),2025-08-01,2025-09-02T09:00:00+00:00,0.200000,0.300000,-1,down,-0.100000,0.300000,-1,decelerating,0,[],2026-04-24T07:51:03.322738+00:00
1819,17873,187,EU,EUR,CPI,cpi_headline_mom,Headline HICP (MoM),2025-08-01,2025-09-17T09:00:00+00:00,0.100000,0.200000,-1,down,0.000000,-0.100000,1,accelerating,0,[],2026-04-24T07:51:03.322738+00:00
1820,17807,187,EU,EUR,CPI,cpi_headline_mom,Headline HICP (MoM),2025-09-01,2025-10-01T09:00:00+00:00,0.100000,0.100000,0,flat,0.100000,0.000000,1,accelerating,0,[],2026-04-24T07:51:03.322738+00:00
1821,17746,187,EU,EUR,CPI,cpi_headline_mom,Headline HICP (MoM),2025-09-01,2025-10-17T09:00:00+00:00,0.100000,0.100000,0,flat,0.000000,0.100000,-1,decelerating,0,[],2026-04-24T07:51:03.322738+00:00
1822,17680,187,EU,EUR,CPI,cpi_headline_mom,Headline HICP (MoM),2025-10-01,2025-10-31T10:00:00+00:00,0.200000,0.100000,1,up,0.100000,0.000000,1,accelerating,1,[],2026-04-24T07:51:03.322738+00:00
1823,17604,187,EU,EUR,CPI,cpi_headline_mom,Headline HICP (MoM),2025-10-01,2025-11-19T10:00:00+00:00,0.200000,0.200000,0,flat,-0.100000,0.100000,-1,decelerating,0,[],2026-04-24T07:51:03.322738+00:00
1824,17542,187,EU,EUR,CPI,cpi_headline_mom,Headline HICP (MoM),2025-11-01,2025-12-02T10:00:00+00:00,-0.300000,0.200000,-1,down,-0.500000,-0.100000,-1,decelerating,0,[],2026-04-24T07:51:03.322738+00:00
1825,18187,187,EU,EUR,CPI,cpi_headline_mom,Headline HICP (MoM),2025-12-01,2026-01-07T10:00:00+00:00,0.200000,-0.300000,1,up,1.000000,-0.500000,1,accelerating,1,[],2026-04-24T07:51:03.322738+00:00
1826,18147,187,EU,EUR,CPI,cpi_headline_mom,Headline HICP (MoM),2025-12-01,2026-01-19T10:00:00+00:00,0.200000,0.200000,0,flat,-0.500000,1.000000,-1,decelerating,0,[],2026-04-24T07:51:03.322738+00:00
1827,843,187,EU,EUR,CPI,cpi_headline_mom,Headline HICP (MoM),2026-01-01,2026-02-04T10:00:00+00:00,-0.500000,0.200000,-1,down,-0.700000,-0.500000,-1,decelerating,0,[],2026-04-24T07:51:03.322738+00:00
1828,759,187,EU,EUR,CPI,cpi_headline_mom,Headline HICP (MoM),2026-02-01,2026-03-03T10:00:00+00:00,0.700000,-0.500000,1,up,1.900000,-0.700000,1,accelerating,1,[],2026-04-24T07:51:03.322738+00:00
1829,637,187,EU,EUR,CPI,cpi_headline_mom,Headline HICP (MoM),2026-03-01,2026-04-16T09:00:00+00:00,1.300000,0.700000,1,up,-0.600000,1.900000,-1,decelerating,1,[],2026-04-24T07:51:03.322738+00:00
1830,7055,211,CA,CAD,GDP,gdp_mom,GDP (MoM),2019-11-01,2020-01-31T13:30:00+00:00,0.100000,,,,,,,,,"[""direction_target_short_history"", ""acceleration_target_short_history""]",2026-04-24T07:51:03.322738+00:00
1831,7013,211,CA,CAD,GDP,gdp_mom,GDP (MoM),2019-12-01,2020-02-28T13:30:00+00:00,0.300000,0.100000,1,up,,,,,1,"[""acceleration_target_short_history""]",2026-04-24T07:51:03.322738+00:00
1832,6968,211,CA,CAD,GDP,gdp_mom,GDP (MoM),2020-01-01,2020-03-31T12:30:00+00:00,0.100000,0.300000,-1,down,-0.400000,,,,0,"[""acceleration_target_short_history""]",2026-04-24T07:51:03.322738+00:00
1833,6887,211,CA,CAD,GDP,gdp_mom,GDP (MoM),2020-03-01,2020-05-29T12:30:00+00:00,-7.200000,0.100000,-1,down,-7.100000,-0.400000,-1,decelerating,0,[],2026-04-24T07:51:03.322738+00:00
1834,6843,211,CA,CAD,GDP,gdp_mom,GDP (MoM),2020-04-01,2020-06-30T12:30:00+00:00,-11.600000,-7.200000,-1,down,2.900000,-7.100000,1,accelerating,0,[],2026-04-24T07:51:03.322738+00:00
1835,7308,211,CA,CAD,GDP,gdp_mom,GDP (MoM),2020-05-01,2020-07-31T12:30:00+00:00,4.500000,-11.600000,1,up,20.500000,2.900000,1,accelerating,1,[],2026-04-24T07:51:03.322738+00:00
1836,7269,211,CA,CAD,GDP,gdp_mom,GDP (MoM),2020-06-01,2020-08-28T12:30:00+00:00,6.500000,4.500000,1,up,-14.100000,20.500000,-1,decelerating,1,[],2026-04-24T07:51:03.322738+00:00
1837,7223,211,CA,CAD,GDP,gdp_mom,GDP (MoM),2020-07-01,2020-09-30T12:30:00+00:00,3.000000,6.500000,-1,down,-5.500000,-14.100000,1,accelerating,0,[],2026-04-24T07:51:03.322738+00:00
1838,7185,211,CA,CAD,GDP,gdp_mom,GDP (MoM),2020-08-01,2020-10-30T12:30:00+00:00,1.200000,3.000000,-1,down,1.700000,-5.500000,1,accelerating,0,[],2026-04-24T07:51:03.322738+00:00
1839,7134,211,CA,CAD,GDP,gdp_mom,GDP (MoM),2020-09-01,2020-12-01T13:30:00+00:00,0.800000,1.200000,-1,down,1.400000,1.700000,-1,decelerating,0,[],2026-04-24T07:51:03.322738+00:00
1840,7097,211,CA,CAD,GDP,gdp_mom,GDP (MoM),2020-10-01,2020-12-23T13:30:00+00:00,0.400000,0.800000,-1,down,0.000000,1.400000,-1,decelerating,0,[],2026-04-24T07:51:03.322738+00:00
1841,7558,211,CA,CAD,GDP,gdp_mom,GDP (MoM),2020-11-01,2021-01-29T13:30:00+00:00,0.700000,0.400000,1,up,0.700000,0.000000,1,accelerating,1,[],2026-04-24T07:51:03.322738+00:00
1842,7517,211,CA,CAD,GDP,gdp_mom,GDP (MoM),2020-12-01,2021-03-02T13:30:00+00:00,0.100000,0.700000,-1,down,-0.900000,0.700000,-1,decelerating,0,[],2026-04-24T07:51:03.322738+00:00
1843,7476,211,CA,CAD,GDP,gdp_mom,GDP (MoM),2021-01-01,2021-03-31T12:30:00+00:00,0.700000,0.100000,1,up,1.200000,-0.900000,1,accelerating,1,[],2026-04-24T07:51:03.322738+00:00
1844,7433,211,CA,CAD,GDP,gdp_mom,GDP (MoM),2021-02-01,2021-04-30T12:30:00+00:00,0.400000,0.700000,-1,down,-0.900000,1.200000,-1,decelerating,0,[],2026-04-24T07:51:03.322738+00:00
1845,7384,211,CA,CAD,GDP,gdp_mom,GDP (MoM),2021-03-01,2021-06-01T12:30:00+00:00,1.100000,0.400000,1,up,1.000000,-0.900000,1,accelerating,1,[],2026-04-24T07:51:03.322738+00:00
1846,7347,211,CA,CAD,GDP,gdp_mom,GDP (MoM),2021-04-01,2021-06-30T12:30:00+00:00,-0.300000,1.100000,-1,down,-2.100000,1.000000,-1,decelerating,0,[],2026-04-24T07:51:03.322738+00:00
1847,7854,211,CA,CAD,GDP,gdp_mom,GDP (MoM),2021-05-01,2021-07-30T12:30:00+00:00,-0.300000,-0.300000,0,flat,1.400000,-2.100000,1,accelerating,0,[],2026-04-24T07:51:03.322738+00:00
1848,7801,211,CA,CAD,GDP,gdp_mom,GDP (MoM),2021-06-01,2021-08-31T12:30:00+00:00,0.700000,-0.300000,1,up,1.000000,1.400000,-1,decelerating,1,[],2026-04-24T07:51:03.322738+00:00
1849,7752,211,CA,CAD,GDP,gdp_mom,GDP (MoM),2021-07-01,2021-10-01T12:30:00+00:00,-0.100000,0.700000,-1,down,-1.800000,1.000000,-1,decelerating,0,[],2026-04-24T07:51:03.322738+00:00
1850,7704,211,CA,CAD,GDP,gdp_mom,GDP (MoM),2021-08-01,2021-10-29T12:30:00+00:00,0.400000,-0.100000,1,up,1.300000,-1.800000,1,accelerating,1,[],2026-04-24T07:51:03.322738+00:00
1851,7643,211,CA,CAD,GDP,gdp_mom,GDP (MoM),2021-09-01,2021-11-30T13:30:00+00:00,0.100000,0.400000,-1,down,-0.800000,1.300000,-1,decelerating,0,[],2026-04-24T07:51:03.322738+00:00
1852,7603,211,CA,CAD,GDP,gdp_mom,GDP (MoM),2021-10-01,2021-12-23T13:30:00+00:00,0.800000,0.100000,1,up,1.000000,-0.800000,1,accelerating,1,[],2026-04-24T07:51:03.322738+00:00
1853,8146,211,CA,CAD,GDP,gdp_mom,GDP (MoM),2021-11-01,2022-02-01T13:30:00+00:00,0.600000,0.800000,-1,down,-0.900000,1.000000,-1,decelerating,0,[],2026-04-24T07:51:03.322738+00:00
1854,8048,211,CA,CAD,GDP,gdp_mom,GDP (MoM),2022-01-01,2022-03-31T12:30:00+00:00,0.200000,0.600000,-1,down,-0.200000,-0.900000,1,accelerating,0,[],2026-04-24T07:51:03.322738+00:00
1855,8002,211,CA,CAD,GDP,gdp_mom,GDP (MoM),2022-02-01,2022-04-29T12:30:00+00:00,1.100000,0.200000,1,up,1.300000,-0.200000,1,accelerating,1,[],2026-04-24T07:51:03.322738+00:00
1856,7949,211,CA,CAD,GDP,gdp_mom,GDP (MoM),2022-03-01,2022-05-31T12:30:00+00:00,0.700000,1.100000,-1,down,-1.300000,1.300000,-1,decelerating,0,[],2026-04-24T07:51:03.322738+00:00
1857,7948,211,CA,CAD,GDP,gdp_mom,GDP (MoM),2022-04-01,2022-05-31T12:30:00+00:00,0.200000,0.700000,-1,down,-0.100000,-1.300000,1,accelerating,0,[],2026-04-24T07:51:03.322738+00:00
1858,7894,211,CA,CAD,GDP,gdp_mom,GDP (MoM),2022-04-01,2022-06-30T12:30:00+00:00,0.300000,0.200000,1,up,0.600000,-0.100000,1,accelerating,1,[],2026-04-24T07:51:03.322738+00:00
1859,7893,211,CA,CAD,GDP,gdp_mom,GDP (MoM),2022-05-01,2022-06-30T12:30:00+00:00,-0.200000,0.300000,-1,down,-0.600000,0.600000,-1,decelerating,0,[],2026-04-24T07:51:03.322738+00:00
1860,8451,211,CA,CAD,GDP,gdp_mom,GDP (MoM),2022-06-01,2022-07-29T12:30:00+00:00,0.100000,-0.200000,1,up,0.800000,-0.600000,1,accelerating,1,[],2026-04-24T07:51:03.322738+00:00
1861,8401,211,CA,CAD,GDP,gdp_mom,GDP (MoM),2022-06-01,2022-08-31T12:30:00+00:00,0.100000,0.100000,0,flat,-0.300000,0.800000,-1,decelerating,0,[],2026-04-24T07:51:03.322738+00:00
1862,8402,211,CA,CAD,GDP,gdp_mom,GDP (MoM),2022-07-01,2022-08-31T12:30:00+00:00,-0.100000,0.100000,-1,down,-0.200000,-0.300000,1,accelerating,0,[],2026-04-24T07:51:03.322738+00:00
1863,8352,211,CA,CAD,GDP,gdp_mom,GDP (MoM),2022-07-01,2022-09-29T12:30:00+00:00,0.100000,-0.100000,1,up,0.400000,-0.200000,1,accelerating,1,[],2026-04-24T07:51:03.322738+00:00
1864,8305,211,CA,CAD,GDP,gdp_mom,GDP (MoM),2022-08-01,2022-10-28T12:30:00+00:00,0.100000,0.100000,0,flat,-0.200000,0.400000,-1,decelerating,0,[],2026-04-24T07:51:03.322738+00:00
1865,8304,211,CA,CAD,GDP,gdp_mom,GDP (MoM),2022-09-01,2022-10-28T12:30:00+00:00,0.100000,0.100000,0,flat,0.000000,-0.200000,1,accelerating,0,[],2026-04-24T07:51:03.322738+00:00
1866,8249,211,CA,CAD,GDP,gdp_mom,GDP (MoM),2022-09-01,2022-11-29T13:30:00+00:00,0.100000,0.100000,0,flat,0.000000,0.000000,0,flat,0,[],2026-04-24T07:51:03.322738+00:00
1867,8205,211,CA,CAD,GDP,gdp_mom,GDP (MoM),2022-10-01,2022-12-23T13:30:00+00:00,0.100000,0.100000,0,flat,0.000000,0.000000,0,flat,0,[],2026-04-24T07:51:03.322738+00:00
1868,8747,211,CA,CAD,GDP,gdp_mom,GDP (MoM),2022-11-01,2023-01-31T13:30:00+00:00,0.100000,0.100000,0,flat,0.000000,0.000000,0,flat,0,[],2026-04-24T07:51:03.322738+00:00
1869,8694,211,CA,CAD,GDP,gdp_mom,GDP (MoM),2022-12-01,2023-02-28T13:30:00+00:00,-0.100000,0.100000,-1,down,-0.200000,0.000000,-1,decelerating,0,[],2026-04-24T07:51:03.322738+00:00
1870,8698,211,CA,CAD,GDP,gdp_mom,GDP (MoM),2023-01-01,2023-02-28T13:30:00+00:00,0.300000,-0.100000,1,up,0.600000,-0.200000,1,accelerating,1,[],2026-04-24T07:51:03.322738+00:00
1871,8644,211,CA,CAD,GDP,gdp_mom,GDP (MoM),2023-01-01,2023-03-31T12:30:00+00:00,0.500000,0.300000,1,up,-0.200000,0.600000,-1,decelerating,1,[],2026-04-24T07:51:03.322738+00:00
1872,8645,211,CA,CAD,GDP,gdp_mom,GDP (MoM),2023-02-01,2023-03-31T12:30:00+00:00,0.300000,0.500000,-1,down,-0.400000,-0.200000,-1,decelerating,0,[],2026-04-24T07:51:03.322738+00:00
1873,8597,211,CA,CAD,GDP,gdp_mom,GDP (MoM),2023-02-01,2023-04-28T12:30:00+00:00,0.100000,0.300000,-1,down,0.000000,-0.400000,1,accelerating,0,[],2026-04-24T07:51:03.322738+00:00
1874,8596,211,CA,CAD,GDP,gdp_mom,GDP (MoM),2023-03-01,2023-04-28T12:30:00+00:00,-0.100000,0.100000,-1,down,0.000000,0.000000,0,flat,0,[],2026-04-24T07:51:03.322738+00:00
1875,8548,211,CA,CAD,GDP,gdp_mom,GDP (MoM),2023-04-01,2023-05-31T12:30:00+00:00,0.200000,-0.100000,1,up,0.500000,0.000000,1,accelerating,1,[],2026-04-24T07:51:03.322738+00:00
1876,8497,211,CA,CAD,GDP,gdp_mom,GDP (MoM),2023-05-01,2023-06-30T12:30:00+00:00,0.400000,0.200000,1,up,-0.100000,0.500000,-1,decelerating,1,[],2026-04-24T07:51:03.322738+00:00
1877,9053,211,CA,CAD,GDP,gdp_mom,GDP (MoM),2023-05-01,2023-07-28T12:30:00+00:00,0.300000,0.400000,-1,down,-0.300000,-0.100000,-1,decelerating,0,[],2026-04-24T07:51:03.322738+00:00
1878,9054,211,CA,CAD,GDP,gdp_mom,GDP (MoM),2023-06-01,2023-07-28T12:30:00+00:00,-0.200000,0.300000,-1,down,-0.400000,-0.300000,-1,decelerating,0,[],2026-04-24T07:51:03.322738+00:00
1879,8999,211,CA,CAD,GDP,gdp_mom,GDP (MoM),2023-06-01,2023-09-01T12:30:00+00:00,-0.200000,-0.200000,0,flat,0.500000,-0.400000,1,accelerating,0,[],2026-04-24T07:51:03.322738+00:00
1880,8951,211,CA,CAD,GDP,gdp_mom,GDP (MoM),2023-08-01,2023-09-29T12:30:00+00:00,0.100000,-0.200000,1,up,0.300000,0.500000,-1,decelerating,1,[],2026-04-24T07:51:03.322738+00:00
1881,8849,211,CA,CAD,GDP,gdp_mom,GDP (MoM),2023-09-01,2023-11-30T13:30:00+00:00,0.100000,0.100000,0,flat,-0.300000,0.300000,-1,decelerating,0,[],2026-04-24T07:51:03.322738+00:00
1882,8854,211,CA,CAD,GDP,gdp_mom,GDP (MoM),2023-10-01,2023-11-30T13:30:00+00:00,0.200000,0.100000,1,up,0.100000,-0.300000,1,accelerating,1,[],2026-04-24T07:51:03.322738+00:00
1883,8800,211,CA,CAD,GDP,gdp_mom,GDP (MoM),2023-11-01,2023-12-22T13:30:00+00:00,0.100000,0.200000,-1,down,-0.200000,0.100000,-1,decelerating,0,[],2026-04-24T07:51:03.322738+00:00
1884,9409,211,CA,CAD,GDP,gdp_mom,GDP (MoM),2023-11-01,2024-01-31T13:30:00+00:00,0.200000,0.100000,1,up,0.200000,-0.200000,1,accelerating,1,[],2026-04-24T07:51:03.322738+00:00
1885,9408,211,CA,CAD,GDP,gdp_mom,GDP (MoM),2023-12-01,2024-01-31T13:30:00+00:00,0.300000,0.200000,1,up,0.000000,0.200000,-1,decelerating,1,[],2026-04-24T07:51:03.322738+00:00
1886,9343,211,CA,CAD,GDP,gdp_mom,GDP (MoM),2024-01-01,2024-02-29T13:30:00+00:00,0.400000,0.300000,1,up,0.000000,0.000000,0,flat,1,[],2026-04-24T07:51:03.322738+00:00
1887,9286,211,CA,CAD,GDP,gdp_mom,GDP (MoM),2024-01-01,2024-03-28T12:30:00+00:00,0.600000,0.400000,1,up,0.100000,0.000000,1,accelerating,1,[],2026-04-24T07:51:03.322738+00:00
1888,9284,211,CA,CAD,GDP,gdp_mom,GDP (MoM),2024-02-01,2024-03-28T12:30:00+00:00,0.400000,0.600000,-1,down,-0.400000,0.100000,-1,decelerating,0,[],2026-04-24T07:51:03.322738+00:00
1889,9226,211,CA,CAD,GDP,gdp_mom,GDP (MoM),2024-02-01,2024-04-30T12:30:00+00:00,0.200000,0.400000,-1,down,0.000000,-0.400000,1,accelerating,0,[],2026-04-24T07:51:03.322738+00:00
1890,9161,211,CA,CAD,GDP,gdp_mom,GDP (MoM),2024-04-01,2024-05-31T12:30:00+00:00,0.300000,0.200000,1,up,0.300000,0.000000,1,accelerating,1,[],2026-04-24T07:51:03.322738+00:00
1891,9100,211,CA,CAD,GDP,gdp_mom,GDP (MoM),2024-04-01,2024-06-28T12:30:00+00:00,0.300000,0.300000,0,flat,-0.100000,0.300000,-1,decelerating,0,[],2026-04-24T07:51:03.322738+00:00
1892,9101,211,CA,CAD,GDP,gdp_mom,GDP (MoM),2024-05-01,2024-06-28T12:30:00+00:00,0.100000,0.300000,-1,down,-0.200000,-0.100000,-1,decelerating,0,[],2026-04-24T07:51:03.322738+00:00
1893,9767,211,CA,CAD,GDP,gdp_mom,GDP (MoM),2024-05-01,2024-07-31T12:30:00+00:00,0.200000,0.100000,1,up,0.300000,-0.200000,1,accelerating,1,[],2026-04-24T07:51:03.322738+00:00
1894,9766,211,CA,CAD,GDP,gdp_mom,GDP (MoM),2024-06-01,2024-07-31T12:30:00+00:00,0.100000,0.200000,-1,down,-0.200000,0.300000,-1,decelerating,0,[],2026-04-24T07:51:03.322738+00:00
1895,9645,211,CA,CAD,GDP,gdp_mom,GDP (MoM),2024-07-01,2024-09-27T12:30:00+00:00,0.200000,0.100000,1,up,0.200000,-0.200000,1,accelerating,1,[],2026-04-24T07:51:03.322738+00:00
1896,9583,211,CA,CAD,GDP,gdp_mom,GDP (MoM),2024-09-01,2024-10-31T12:30:00+00:00,0.300000,0.200000,1,up,0.000000,0.200000,-1,decelerating,1,[],2026-04-24T07:51:03.322738+00:00
1897,9517,211,CA,CAD,GDP,gdp_mom,GDP (MoM),2024-09-01,2024-11-29T13:30:00+00:00,0.100000,0.300000,-1,down,-0.300000,0.000000,-1,decelerating,0,[],2026-04-24T07:51:03.322738+00:00
1898,9518,211,CA,CAD,GDP,gdp_mom,GDP (MoM),2024-10-01,2024-11-29T13:30:00+00:00,0.100000,0.100000,0,flat,0.200000,-0.300000,1,accelerating,0,[],2026-04-24T07:51:03.322738+00:00
1899,9461,211,CA,CAD,GDP,gdp_mom,GDP (MoM),2024-10-01,2024-12-23T13:30:00+00:00,0.300000,0.100000,1,up,0.200000,0.200000,0,flat,1,[],2026-04-24T07:51:03.322738+00:00
1900,9459,211,CA,CAD,GDP,gdp_mom,GDP (MoM),2024-11-01,2024-12-23T13:30:00+00:00,-0.100000,0.300000,-1,down,-0.600000,0.200000,-1,decelerating,0,[],2026-04-24T07:51:03.322738+00:00
1901,10172,211,CA,CAD,GDP,gdp_mom,GDP (MoM),2024-11-01,2025-01-31T13:30:00+00:00,-0.200000,-0.100000,-1,down,0.300000,-0.600000,1,accelerating,0,[],2026-04-24T07:51:03.322738+00:00
1902,10171,211,CA,CAD,GDP,gdp_mom,GDP (MoM),2024-12-01,2025-01-31T13:30:00+00:00,0.200000,-0.200000,1,up,0.500000,0.300000,1,accelerating,1,[],2026-04-24T07:51:03.322738+00:00
1903,10102,211,CA,CAD,GDP,gdp_mom,GDP (MoM),2024-12-01,2025-02-28T13:30:00+00:00,0.200000,0.200000,0,flat,-0.400000,0.500000,-1,decelerating,0,[],2026-04-24T07:51:03.322738+00:00
1904,10100,211,CA,CAD,GDP,gdp_mom,GDP (MoM),2025-01-01,2025-02-28T13:30:00+00:00,0.300000,0.200000,1,up,0.100000,-0.400000,1,accelerating,1,[],2026-04-24T07:51:03.322738+00:00
1905,10034,211,CA,CAD,GDP,gdp_mom,GDP (MoM),2025-01-01,2025-03-28T12:30:00+00:00,0.400000,0.300000,1,up,0.000000,0.100000,-1,decelerating,1,[],2026-04-24T07:51:03.322738+00:00
1906,9966,211,CA,CAD,GDP,gdp_mom,GDP (MoM),2025-02-01,2025-04-30T12:30:00+00:00,-0.200000,0.400000,-1,down,-0.700000,0.000000,-1,decelerating,0,[],2026-04-24T07:51:03.322738+00:00
1907,9965,211,CA,CAD,GDP,gdp_mom,GDP (MoM),2025-03-01,2025-04-30T12:30:00+00:00,0.100000,-0.200000,1,up,0.900000,-0.700000,1,accelerating,1,[],2026-04-24T07:51:03.322738+00:00
1908,9891,211,CA,CAD,GDP,gdp_mom,GDP (MoM),2025-03-01,2025-05-30T12:30:00+00:00,0.100000,0.100000,0,flat,-0.300000,0.900000,-1,decelerating,0,[],2026-04-24T07:51:03.322738+00:00
1909,9895,211,CA,CAD,GDP,gdp_mom,GDP (MoM),2025-04-01,2025-05-30T12:30:00+00:00,0.100000,0.100000,0,flat,0.000000,-0.300000,1,accelerating,0,[],2026-04-24T07:51:03.322738+00:00
1910,9823,211,CA,CAD,GDP,gdp_mom,GDP (MoM),2025-04-01,2025-06-27T12:30:00+00:00,-0.100000,0.100000,-1,down,-0.200000,0.000000,-1,decelerating,0,[],2026-04-24T07:51:03.322738+00:00
1911,9822,211,CA,CAD,GDP,gdp_mom,GDP (MoM),2025-05-01,2025-06-27T12:30:00+00:00,-0.100000,-0.100000,0,flat,0.200000,-0.200000,1,accelerating,0,[],2026-04-24T07:51:03.322738+00:00
1912,10591,211,CA,CAD,GDP,gdp_mom,GDP (MoM),2025-05-01,2025-07-31T12:30:00+00:00,-0.100000,-0.100000,0,flat,0.000000,0.200000,-1,decelerating,0,[],2026-04-24T07:51:03.322738+00:00
1913,10590,211,CA,CAD,GDP,gdp_mom,GDP (MoM),2025-06-01,2025-07-31T12:30:00+00:00,0.100000,-0.100000,1,up,0.200000,0.000000,1,accelerating,1,[],2026-04-24T07:51:03.322738+00:00
1914,10519,211,CA,CAD,GDP,gdp_mom,GDP (MoM),2025-06-01,2025-08-29T12:30:00+00:00,-0.100000,0.100000,-1,down,-0.400000,0.200000,-1,decelerating,0,[],2026-04-24T07:51:03.322738+00:00
1915,10521,211,CA,CAD,GDP,gdp_mom,GDP (MoM),2025-07-01,2025-08-29T12:30:00+00:00,0.100000,-0.100000,1,up,0.400000,-0.400000,1,accelerating,1,[],2026-04-24T07:51:03.322738+00:00
1916,10452,211,CA,CAD,GDP,gdp_mom,GDP (MoM),2025-07-01,2025-09-26T12:30:00+00:00,0.200000,0.100000,1,up,-0.100000,0.400000,-1,decelerating,1,[],2026-04-24T07:51:03.322738+00:00
1917,10382,211,CA,CAD,GDP,gdp_mom,GDP (MoM),2025-08-01,2025-10-31T12:30:00+00:00,-0.300000,0.200000,-1,down,-0.600000,-0.100000,-1,decelerating,0,[],2026-04-24T07:51:03.322738+00:00
1918,10381,211,CA,CAD,GDP,gdp_mom,GDP (MoM),2025-09-01,2025-10-31T12:30:00+00:00,0.100000,-0.300000,1,up,0.900000,-0.600000,1,accelerating,1,[],2026-04-24T07:51:03.322738+00:00
1919,10305,211,CA,CAD,GDP,gdp_mom,GDP (MoM),2025-09-01,2025-11-28T13:30:00+00:00,0.200000,0.100000,1,up,-0.300000,0.900000,-1,decelerating,1,[],2026-04-24T07:51:03.322738+00:00
1920,10308,211,CA,CAD,GDP,gdp_mom,GDP (MoM),2025-10-01,2025-11-28T13:30:00+00:00,-0.300000,0.200000,-1,down,-0.600000,-0.300000,-1,decelerating,0,[],2026-04-24T07:51:03.322738+00:00
1921,10239,211,CA,CAD,GDP,gdp_mom,GDP (MoM),2025-10-01,2025-12-23T13:30:00+00:00,-0.300000,-0.300000,0,flat,0.500000,-0.600000,1,accelerating,0,[],2026-04-24T07:51:03.322738+00:00
1922,10238,211,CA,CAD,GDP,gdp_mom,GDP (MoM),2025-11-01,2025-12-23T13:30:00+00:00,0.100000,-0.300000,1,up,0.400000,0.500000,-1,decelerating,1,[],2026-04-24T07:51:03.322738+00:00
1923,383,211,CA,CAD,GDP,gdp_mom,GDP (MoM),2025-12-01,2026-02-27T13:30:00+00:00,0.200000,0.100000,1,up,-0.300000,0.400000,-1,decelerating,1,[],2026-04-24T07:51:03.322738+00:00
1924,322,211,CA,CAD,GDP,gdp_mom,GDP (MoM),2026-01-01,2026-03-31T12:30:00+00:00,0.100000,0.200000,-1,down,-0.200000,-0.300000,1,accelerating,0,[],2026-04-24T07:51:03.322738+00:00
1925,321,211,CA,CAD,GDP,gdp_mom,GDP (MoM),2026-02-01,2026-03-31T12:30:00+00:00,0.200000,0.100000,1,up,0.200000,-0.200000,1,accelerating,1,[],2026-04-24T07:51:03.322738+00:00
1926,45560,277,DE,EUR,CPI,cpi_headline_yoy,Headline CPI (YoY),2026-01-01,2026-02-17T01:00:00+00:00,2.100000,,,,,,,,,"[""direction_target_short_history"", ""acceleration_target_short_history""]",2026-04-24T07:51:03.322738+00:00
1927,45558,277,DE,EUR,CPI,cpi_headline_yoy,Headline CPI (YoY),2026-01-01,2026-02-17T07:00:00+00:00,2.100000,2.100000,0,flat,,,,,0,"[""acceleration_target_short_history""]",2026-04-24T07:51:03.322738+00:00
1928,45513,277,DE,EUR,CPI,cpi_headline_yoy,Headline CPI (YoY),2026-02-01,2026-02-27T13:00:00+00:00,1.900000,2.100000,-1,down,-0.200000,,,,0,"[""acceleration_target_short_history""]",2026-04-24T07:51:03.322738+00:00
1929,45007,277,DE,EUR,CPI,cpi_headline_yoy,Headline CPI (YoY),2026-03-01,2026-04-10T06:00:00+00:00,2.700000,1.900000,1,up,1.000000,-0.200000,1,accelerating,1,[],2026-04-24T07:51:03.322738+00:00
1930,45561,278,DE,EUR,CPI,cpi_headline_mom,Headline CPI (MoM),2026-01-01,2026-02-17T01:00:00+00:00,0.100000,,,,,,,,,"[""direction_target_short_history"", ""acceleration_target_short_history""]",2026-04-24T07:51:03.322738+00:00
1931,45555,278,DE,EUR,CPI,cpi_headline_mom,Headline CPI (MoM),2026-01-01,2026-02-17T07:00:00+00:00,0.100000,0.100000,0,flat,,,,,0,"[""acceleration_target_short_history""]",2026-04-24T07:51:03.322738+00:00
1932,45511,278,DE,EUR,CPI,cpi_headline_mom,Headline CPI (MoM),2026-02-01,2026-02-27T13:00:00+00:00,0.200000,0.100000,1,up,0.100000,,,,1,"[""acceleration_target_short_history""]",2026-04-24T07:51:03.322738+00:00
1933,45014,278,DE,EUR,CPI,cpi_headline_mom,Headline CPI (MoM),2026-03-01,2026-04-10T06:00:00+00:00,1.100000,0.200000,1,up,0.800000,0.100000,1,accelerating,1,[],2026-04-24T07:51:03.322738+00:00
1934,45537,284,DE,EUR,GDP,gdp_qoq,GDP (QoQ),2025-10-01,2026-02-25T07:00:00+00:00,0.300000,,,,,,,,,"[""direction_target_short_history"", ""acceleration_target_short_history""]",2026-04-24T07:51:03.322738+00:00
1935,45534,284,DE,EUR,GDP,gdp_qoq,GDP (QoQ),2025-10-01,2026-02-25T08:00:00+00:00,0.300000,0.300000,0,flat,,,,,0,"[""acceleration_target_short_history""]",2026-04-24T07:51:03.322738+00:00
1936,45536,285,DE,EUR,GDP,gdp_yoy,GDP (YoY),2025-10-01,2026-02-25T07:00:00+00:00,0.400000,,,,,,,,,"[""direction_target_short_history"", ""acceleration_target_short_history""]",2026-04-24T07:51:03.322738+00:00
1937,45533,285,DE,EUR,GDP,gdp_yoy,GDP (YoY),2025-10-01,2026-02-25T08:00:00+00:00,0.400000,0.400000,0,flat,,,,,0,"[""acceleration_target_short_history""]",2026-04-24T07:51:03.322738+00:00
1938,45604,291,DE,EUR,UNEMPLOYMENT,unemployment_rate,Unemployment Rate,2026-01-01,2026-01-30T08:55:00+00:00,6.300000,,,,,,,,,"[""direction_target_short_history"", ""acceleration_target_short_history""]",2026-04-24T07:51:03.322738+00:00
1939,45528,291,DE,EUR,UNEMPLOYMENT,unemployment_rate,Unemployment Rate,2026-02-01,2026-02-27T08:55:00+00:00,6.300000,6.300000,0,flat,,,,,0,"[""acceleration_target_short_history""]",2026-04-24T07:51:03.322738+00:00
1940,45030,291,DE,EUR,UNEMPLOYMENT,unemployment_rate,Unemployment Rate,2026-03-01,2026-03-31T07:55:00+00:00,6.300000,6.300000,0,flat,0.000000,,,,0,"[""acceleration_target_short_history""]",2026-04-24T07:51:03.322738+00:00
1941,45689,304,FR,EUR,CPI,cpi_headline_yoy,Headline CPI (YoY),2026-01-01,2026-02-18T07:45:00+00:00,0.300000,,,,,,,,,"[""direction_target_short_history"", ""acceleration_target_short_history""]",2026-04-24T07:51:03.322738+00:00
1942,45686,304,FR,EUR,CPI,cpi_headline_yoy,Headline CPI (YoY),2026-01-01,2026-02-18T08:45:00+00:00,0.300000,0.300000,0,flat,,,,,0,"[""acceleration_target_short_history""]",2026-04-24T07:51:03.322738+00:00
1943,45664,304,FR,EUR,CPI,cpi_headline_yoy,Headline CPI (YoY),2026-02-01,2026-02-27T07:45:00+00:00,1.000000,0.300000,1,up,0.700000,,,,1,"[""acceleration_target_short_history""]",2026-04-24T07:51:03.322738+00:00
1944,45126,304,FR,EUR,CPI,cpi_headline_yoy,Headline CPI (YoY),2026-03-01,2026-04-15T06:45:00+00:00,1.700000,1.000000,1,up,0.000000,0.700000,-1,decelerating,1,[],2026-04-24T07:51:03.322738+00:00
1945,45690,305,FR,EUR,CPI,cpi_headline_mom,Headline CPI (MoM),2026-01-01,2026-02-18T07:45:00+00:00,-0.300000,,,,,,,,,"[""direction_target_short_history"", ""acceleration_target_short_history""]",2026-04-24T07:51:03.322738+00:00
1946,45681,305,FR,EUR,CPI,cpi_headline_mom,Headline CPI (MoM),2026-01-01,2026-02-18T08:45:00+00:00,-0.300000,-0.300000,0,flat,,,,,0,"[""acceleration_target_short_history""]",2026-04-24T07:51:03.322738+00:00
1947,45668,305,FR,EUR,CPI,cpi_headline_mom,Headline CPI (MoM),2026-02-01,2026-02-27T07:45:00+00:00,0.700000,-0.300000,1,up,1.000000,,,,1,"[""acceleration_target_short_history""]",2026-04-24T07:51:03.322738+00:00
1948,45129,305,FR,EUR,CPI,cpi_headline_mom,Headline CPI (MoM),2026-03-01,2026-04-15T06:45:00+00:00,1.000000,0.700000,1,up,-0.700000,1.000000,-1,decelerating,1,[],2026-04-24T07:51:03.322738+00:00
1949,45661,311,FR,EUR,GDP,gdp_qoq,GDP (QoQ),2025-10-01,2026-02-27T07:45:00+00:00,0.200000,,,,,,,,,"[""direction_target_short_history"", ""acceleration_target_short_history""]",2026-04-24T07:51:03.322738+00:00
1950,45657,311,FR,EUR,GDP,gdp_qoq,GDP (QoQ),2025-10-01,2026-02-27T08:45:00+00:00,0.200000,0.200000,0,flat,,,,,0,"[""acceleration_target_short_history""]",2026-04-24T07:51:03.322738+00:00
1951,45665,312,FR,EUR,GDP,gdp_yoy,GDP (YoY),2025-10-01,2026-02-27T07:45:00+00:00,1.200000,,,,,,,,,"[""direction_target_short_history"", ""acceleration_target_short_history""]",2026-04-24T07:51:03.322738+00:00
1952,45659,312,FR,EUR,GDP,gdp_yoy,GDP (YoY),2025-10-01,2026-02-27T08:45:00+00:00,1.100000,1.200000,-1,down,,,,,0,"[""acceleration_target_short_history""]",2026-04-24T07:51:03.322738+00:00
1953,45694,318,FR,EUR,UNEMPLOYMENT,unemployment_rate,Unemployment Rate,2025-10-01,2026-02-10T06:30:00+00:00,7.900000,,,,,,,,,"[""direction_target_short_history"", ""acceleration_target_short_history""]",2026-04-24T07:51:03.322738+00:00
1954,10788,381,CH,CHF,CPI,cpi_headline_mom,Headline CPI (MoM),2020-01-01,2020-02-10T07:30:00+00:00,-0.200000,,,,,,,,,"[""direction_target_short_history"", ""acceleration_target_short_history""]",2026-04-24T07:51:03.322738+00:00
1955,10773,381,CH,CHF,CPI,cpi_headline_mom,Headline CPI (MoM),2020-02-01,2020-03-04T07:30:00+00:00,0.100000,-0.200000,1,up,,,,,1,"[""acceleration_target_short_history""]",2026-04-24T07:51:03.322738+00:00
1956,10757,381,CH,CHF,CPI,cpi_headline_mom,Headline CPI (MoM),2020-03-01,2020-04-02T06:30:00+00:00,0.100000,0.100000,0,flat,-0.300000,,,,0,"[""acceleration_target_short_history""]",2026-04-24T07:51:03.322738+00:00
1957,10743,381,CH,CHF,CPI,cpi_headline_mom,Headline CPI (MoM),2020-04-01,2020-05-05T06:30:00+00:00,-0.400000,0.100000,-1,down,-0.500000,-0.300000,-1,decelerating,0,[],2026-04-24T07:51:03.322738+00:00
1958,10897,381,CH,CHF,CPI,cpi_headline_mom,Headline CPI (MoM),2020-07-01,2020-08-03T06:30:00+00:00,-0.200000,-0.400000,1,up,0.700000,-0.500000,1,accelerating,1,[],2026-04-24T07:51:03.322738+00:00
1959,10830,381,CH,CHF,CPI,cpi_headline_mom,Headline CPI (MoM),2020-11-01,2020-12-02T07:30:00+00:00,-0.200000,-0.200000,0,flat,-0.200000,0.700000,-1,decelerating,0,[],2026-04-24T07:51:03.322738+00:00
1960,11007,381,CH,CHF,CPI,cpi_headline_mom,Headline CPI (MoM),2020-12-01,2021-01-05T07:30:00+00:00,-0.100000,-0.200000,1,up,0.100000,-0.200000,1,accelerating,1,[],2026-04-24T07:51:03.322738+00:00
1961,10986,381,CH,CHF,CPI,cpi_headline_mom,Headline CPI (MoM),2021-01-01,2021-02-12T07:30:00+00:00,0.100000,-0.100000,1,up,0.100000,0.100000,0,flat,1,[],2026-04-24T07:51:03.322738+00:00
1962,10972,381,CH,CHF,CPI,cpi_headline_mom,Headline CPI (MoM),2021-02-01,2021-03-03T07:30:00+00:00,0.200000,0.100000,1,up,-0.100000,0.100000,-1,decelerating,1,[],2026-04-24T07:51:03.322738+00:00
1963,10959,381,CH,CHF,CPI,cpi_headline_mom,Headline CPI (MoM),2021-03-01,2021-04-01T06:30:00+00:00,0.300000,0.200000,1,up,0.000000,-0.100000,1,accelerating,1,[],2026-04-24T07:51:03.322738+00:00
1964,10941,381,CH,CHF,CPI,cpi_headline_mom,Headline CPI (MoM),2021-04-01,2021-05-05T06:30:00+00:00,0.200000,0.300000,-1,down,-0.200000,0.000000,-1,decelerating,0,[],2026-04-24T07:51:03.322738+00:00
1965,10922,381,CH,CHF,CPI,cpi_headline_mom,Headline CPI (MoM),2021-05-01,2021-06-07T06:30:00+00:00,0.300000,0.200000,1,up,0.200000,-0.200000,1,accelerating,1,[],2026-04-24T07:51:03.322738+00:00
1966,11102,381,CH,CHF,CPI,cpi_headline_mom,Headline CPI (MoM),2021-06-01,2021-07-01T06:30:00+00:00,0.100000,0.300000,-1,down,-0.300000,0.200000,-1,decelerating,0,[],2026-04-24T07:51:03.322738+00:00
1967,11090,381,CH,CHF,CPI,cpi_headline_mom,Headline CPI (MoM),2021-07-01,2021-08-02T06:30:00+00:00,-0.100000,0.100000,-1,down,0.000000,-0.300000,1,accelerating,0,[],2026-04-24T07:51:03.322738+00:00
1968,11075,381,CH,CHF,CPI,cpi_headline_mom,Headline CPI (MoM),2021-08-01,2021-09-02T06:30:00+00:00,0.200000,-0.100000,1,up,0.500000,0.000000,1,accelerating,1,[],2026-04-24T07:51:03.322738+00:00
1969,11044,381,CH,CHF,CPI,cpi_headline_mom,Headline CPI (MoM),2021-10-01,2021-11-02T07:30:00+00:00,0.300000,0.200000,1,up,-0.200000,0.500000,-1,decelerating,1,[],2026-04-24T07:51:03.322738+00:00
1970,11212,381,CH,CHF,CPI,cpi_headline_mom,Headline CPI (MoM),2021-12-01,2022-01-04T07:30:00+00:00,-0.100000,0.300000,-1,down,-0.500000,-0.200000,-1,decelerating,0,[],2026-04-24T07:51:03.322738+00:00
1971,11189,381,CH,CHF,CPI,cpi_headline_mom,Headline CPI (MoM),2022-01-01,2022-02-11T07:30:00+00:00,0.200000,-0.100000,1,up,0.700000,-0.500000,1,accelerating,1,[],2026-04-24T07:51:03.322738+00:00
1972,11175,381,CH,CHF,CPI,cpi_headline_mom,Headline CPI (MoM),2022-02-01,2022-03-03T07:30:00+00:00,0.700000,0.200000,1,up,0.200000,0.700000,-1,decelerating,1,[],2026-04-24T07:51:03.322738+00:00
1973,11160,381,CH,CHF,CPI,cpi_headline_mom,Headline CPI (MoM),2022-03-01,2022-04-01T06:30:00+00:00,0.600000,0.700000,-1,down,-0.600000,0.200000,-1,decelerating,0,[],2026-04-24T07:51:03.322738+00:00
1974,11144,381,CH,CHF,CPI,cpi_headline_mom,Headline CPI (MoM),2022-04-01,2022-05-05T06:30:00+00:00,0.400000,0.600000,-1,down,-0.100000,-0.600000,1,accelerating,0,[],2026-04-24T07:51:03.322738+00:00
1975,11123,381,CH,CHF,CPI,cpi_headline_mom,Headline CPI (MoM),2022-05-01,2022-06-02T06:30:00+00:00,0.700000,0.400000,1,up,0.500000,-0.100000,1,accelerating,1,[],2026-04-24T07:51:03.322738+00:00
1976,11311,381,CH,CHF,CPI,cpi_headline_mom,Headline CPI (MoM),2022-06-01,2022-07-04T06:30:00+00:00,0.500000,0.700000,-1,down,-0.500000,0.500000,-1,decelerating,0,[],2026-04-24T07:51:03.322738+00:00
1977,11286,381,CH,CHF,CPI,cpi_headline_mom,Headline CPI (MoM),2022-08-01,2022-09-01T06:30:00+00:00,0.300000,0.500000,-1,down,0.000000,-0.500000,1,accelerating,0,[],2026-04-24T07:51:03.322738+00:00
1978,11268,381,CH,CHF,CPI,cpi_headline_mom,Headline CPI (MoM),2022-09-01,2022-10-03T06:30:00+00:00,-0.200000,0.300000,-1,down,-0.300000,0.000000,-1,decelerating,0,[],2026-04-24T07:51:03.322738+00:00
1979,11253,381,CH,CHF,CPI,cpi_headline_mom,Headline CPI (MoM),2022-10-01,2022-11-03T07:30:00+00:00,0.100000,-0.200000,1,up,0.800000,-0.300000,1,accelerating,1,[],2026-04-24T07:51:03.322738+00:00
1980,11418,381,CH,CHF,CPI,cpi_headline_mom,Headline CPI (MoM),2022-12-01,2023-01-04T07:30:00+00:00,-0.200000,0.100000,-1,down,-0.600000,0.800000,-1,decelerating,0,[],2026-04-24T07:51:03.322738+00:00
1981,11395,381,CH,CHF,CPI,cpi_headline_mom,Headline CPI (MoM),2023-01-01,2023-02-13T07:30:00+00:00,0.600000,-0.200000,1,up,1.100000,-0.600000,1,accelerating,1,[],2026-04-24T07:51:03.322738+00:00
1982,11379,381,CH,CHF,CPI,cpi_headline_mom,Headline CPI (MoM),2023-02-01,2023-03-06T07:30:00+00:00,0.700000,0.600000,1,up,-0.700000,1.100000,-1,decelerating,1,[],2026-04-24T07:51:03.322738+00:00
1983,11363,381,CH,CHF,CPI,cpi_headline_mom,Headline CPI (MoM),2023-03-01,2023-04-03T06:30:00+00:00,0.200000,0.700000,-1,down,-0.600000,-0.700000,1,accelerating,0,[],2026-04-24T07:51:03.322738+00:00
1984,11327,381,CH,CHF,CPI,cpi_headline_mom,Headline CPI (MoM),2023-05-01,2023-06-05T06:30:00+00:00,0.300000,0.200000,1,up,0.600000,-0.600000,1,accelerating,1,[],2026-04-24T07:51:03.322738+00:00
1985,11521,381,CH,CHF,CPI,cpi_headline_mom,Headline CPI (MoM),2023-06-01,2023-07-03T06:30:00+00:00,0.100000,0.300000,-1,down,-0.300000,0.600000,-1,decelerating,0,[],2026-04-24T07:51:03.322738+00:00
1986,11506,381,CH,CHF,CPI,cpi_headline_mom,Headline CPI (MoM),2023-07-01,2023-08-03T06:30:00+00:00,-0.100000,0.100000,-1,down,0.000000,-0.300000,1,accelerating,0,[],2026-04-24T07:51:03.322738+00:00
1987,11493,381,CH,CHF,CPI,cpi_headline_mom,Headline CPI (MoM),2023-08-01,2023-09-01T06:30:00+00:00,0.200000,-0.100000,1,up,0.500000,0.000000,1,accelerating,1,[],2026-04-24T07:51:03.322738+00:00
1988,11474,381,CH,CHF,CPI,cpi_headline_mom,Headline CPI (MoM),2023-09-01,2023-10-03T06:30:00+00:00,-0.100000,0.200000,-1,down,-0.600000,0.500000,-1,decelerating,0,[],2026-04-24T07:51:03.322738+00:00
1989,11458,381,CH,CHF,CPI,cpi_headline_mom,Headline CPI (MoM),2023-10-01,2023-11-02T07:30:00+00:00,0.100000,-0.100000,1,up,0.500000,-0.600000,1,accelerating,1,[],2026-04-24T07:51:03.322738+00:00
1990,11437,381,CH,CHF,CPI,cpi_headline_mom,Headline CPI (MoM),2023-11-01,2023-12-04T07:30:00+00:00,-0.200000,0.100000,-1,down,-0.500000,0.500000,-1,decelerating,0,[],2026-04-24T07:51:03.322738+00:00
1991,11645,381,CH,CHF,CPI,cpi_headline_mom,Headline CPI (MoM),2024-01-01,2024-02-13T07:30:00+00:00,0.200000,-0.200000,1,up,0.700000,-0.500000,1,accelerating,1,[],2026-04-24T07:51:03.322738+00:00
1992,11623,381,CH,CHF,CPI,cpi_headline_mom,Headline CPI (MoM),2024-02-01,2024-03-04T07:30:00+00:00,0.600000,0.200000,1,up,0.000000,0.700000,-1,decelerating,1,[],2026-04-24T07:51:03.322738+00:00
1993,11578,381,CH,CHF,CPI,cpi_headline_mom,Headline CPI (MoM),2024-04-01,2024-05-02T06:30:00+00:00,0.300000,0.600000,-1,down,-0.700000,0.000000,-1,decelerating,0,[],2026-04-24T07:51:03.322738+00:00
1994,11543,381,CH,CHF,CPI,cpi_headline_mom,Headline CPI (MoM),2024-05-01,2024-06-04T06:30:00+00:00,0.300000,0.300000,0,flat,0.300000,-0.700000,1,accelerating,0,[],2026-04-24T07:51:03.322738+00:00
1995,11805,381,CH,CHF,CPI,cpi_headline_mom,Headline CPI (MoM),2024-07-01,2024-08-02T06:30:00+00:00,-0.200000,0.300000,-1,down,-0.500000,0.300000,-1,decelerating,0,[],2026-04-24T07:51:03.322738+00:00
1996,11751,381,CH,CHF,CPI,cpi_headline_mom,Headline CPI (MoM),2024-09-01,2024-10-03T06:30:00+00:00,-0.300000,-0.200000,-1,down,0.400000,-0.500000,1,accelerating,0,[],2026-04-24T07:51:03.322738+00:00
1997,11730,381,CH,CHF,CPI,cpi_headline_mom,Headline CPI (MoM),2024-10-01,2024-11-01T07:30:00+00:00,-0.100000,-0.300000,1,up,0.300000,0.400000,-1,decelerating,1,[],2026-04-24T07:51:03.322738+00:00
1998,11697,381,CH,CHF,CPI,cpi_headline_mom,Headline CPI (MoM),2024-11-01,2024-12-03T07:30:00+00:00,-0.100000,-0.100000,0,flat,-0.200000,0.300000,-1,decelerating,0,[],2026-04-24T07:51:03.322738+00:00
1999,12013,381,CH,CHF,CPI,cpi_headline_mom,Headline CPI (MoM),2024-12-01,2025-01-07T07:30:00+00:00,-0.100000,-0.100000,0,flat,0.000000,-0.200000,1,accelerating,0,[],2026-04-24T07:51:03.322738+00:00
2000,11974,381,CH,CHF,CPI,cpi_headline_mom,Headline CPI (MoM),2025-01-01,2025-02-13T07:30:00+00:00,-0.100000,-0.100000,0,flat,0.000000,0.000000,0,flat,0,[],2026-04-24T07:51:03.322738+00:00
2001,11947,381,CH,CHF,CPI,cpi_headline_mom,Headline CPI (MoM),2025-02-01,2025-03-05T07:30:00+00:00,0.600000,-0.100000,1,up,0.700000,0.000000,1,accelerating,1,[],2026-04-24T07:51:03.322738+00:00
2002,11852,381,CH,CHF,CPI,cpi_headline_mom,Headline CPI (MoM),2025-05-01,2025-06-03T06:30:00+00:00,0.100000,0.600000,-1,down,-1.200000,0.700000,-1,decelerating,0,[],2026-04-24T07:51:03.322738+00:00
2003,12198,381,CH,CHF,CPI,cpi_headline_mom,Headline CPI (MoM),2025-06-01,2025-07-03T06:30:00+00:00,0.200000,0.100000,1,up,0.600000,-1.200000,1,accelerating,1,[],2026-04-24T07:51:03.322738+00:00
2004,12137,381,CH,CHF,CPI,cpi_headline_mom,Headline CPI (MoM),2025-08-01,2025-09-04T06:30:00+00:00,-0.100000,0.200000,-1,down,-0.400000,0.600000,-1,decelerating,0,[],2026-04-24T07:51:03.322738+00:00
2005,12105,381,CH,CHF,CPI,cpi_headline_mom,Headline CPI (MoM),2025-09-01,2025-10-02T06:30:00+00:00,-0.200000,-0.100000,-1,down,0.200000,-0.400000,1,accelerating,0,[],2026-04-24T07:51:03.322738+00:00
2006,12088,381,CH,CHF,CPI,cpi_headline_mom,Headline CPI (MoM),2025-10-01,2025-11-03T07:30:00+00:00,-0.300000,-0.200000,-1,down,0.000000,0.200000,-1,decelerating,0,[],2026-04-24T07:51:03.322738+00:00
2007,12048,381,CH,CHF,CPI,cpi_headline_mom,Headline CPI (MoM),2025-11-01,2025-12-03T07:30:00+00:00,-0.200000,-0.300000,1,up,0.200000,0.000000,1,accelerating,1,[],2026-04-24T07:51:03.322738+00:00
2008,552,381,CH,CHF,CPI,cpi_headline_mom,Headline CPI (MoM),2026-01-01,2026-02-13T07:30:00+00:00,-0.100000,-0.200000,1,up,0.000000,0.200000,-1,decelerating,1,[],2026-04-24T07:51:03.322738+00:00
2009,528,381,CH,CHF,CPI,cpi_headline_mom,Headline CPI (MoM),2026-02-01,2026-03-04T07:30:00+00:00,0.600000,-0.100000,1,up,0.600000,0.000000,1,accelerating,1,[],2026-04-24T07:51:03.322738+00:00
2010,494,381,CH,CHF,CPI,cpi_headline_mom,Headline CPI (MoM),2026-03-01,2026-04-02T06:30:00+00:00,0.200000,0.600000,-1,down,-1.100000,0.600000,-1,decelerating,0,[],2026-04-24T07:51:03.322738+00:00
