lag_result_id,country_code,currency_code,headline_target_type,headline_indicator_id,headline_indicator_key,candidate_indicator_id,candidate_indicator_key,candidate_indicator_name,candidate_macro_theme,lag_months,observation_pairs,correlation,abs_correlation,is_best_lag,relationship_strength,processed_at
1,AU,AUD,CPI,115,cpi_headline_yoy,117,cpi_headline_qoq,Headline CPI (QoQ),Inflation,6,23,0.507558,0.507558,True,moderate,2026-04-24T07:51:03.322738+00:00
2,AU,AUD,CPI,115,cpi_headline_yoy,117,cpi_headline_qoq,Headline CPI (QoQ),Inflation,3,24,0.361119,0.361119,False,weak,2026-04-24T07:51:03.322738+00:00
3,AU,AUD,CPI,115,cpi_headline_yoy,117,cpi_headline_qoq,Headline CPI (QoQ),Inflation,0,26,0.251806,0.251806,False,weak,2026-04-24T07:51:03.322738+00:00
4,AU,AUD,CPI,115,cpi_headline_yoy,118,consumer_price_index,Consumer Price Index,Inflation,6,12,0.193288,0.193288,True,very_weak,2026-04-24T07:51:03.322738+00:00
5,AU,AUD,CPI,115,cpi_headline_yoy,118,consumer_price_index,Consumer Price Index,Inflation,0,19,0.089434,0.089434,False,very_weak,2026-04-24T07:51:03.322738+00:00
6,AU,AUD,CPI,115,cpi_headline_yoy,118,consumer_price_index,Consumer Price Index,Inflation,3,15,-0.008071,0.008071,False,very_weak,2026-04-24T07:51:03.322738+00:00
7,AU,AUD,CPI,115,cpi_headline_yoy,119,rba_trimmed_mean_cpi_qoq,RBA Trimmed Mean CPI (QoQ),Inflation,6,23,0.627831,0.627831,True,moderate,2026-04-24T07:51:03.322738+00:00
8,AU,AUD,CPI,115,cpi_headline_yoy,119,rba_trimmed_mean_cpi_qoq,RBA Trimmed Mean CPI (QoQ),Inflation,3,24,0.479443,0.479443,False,moderate,2026-04-24T07:51:03.322738+00:00
9,AU,AUD,CPI,115,cpi_headline_yoy,119,rba_trimmed_mean_cpi_qoq,RBA Trimmed Mean CPI (QoQ),Inflation,0,22,0.360654,0.360654,False,weak,2026-04-24T07:51:03.322738+00:00
10,AU,AUD,CPI,115,cpi_headline_yoy,120,rba_trimmed_mean_cpi_yoy,RBA Trimmed Mean CPI (YoY),Inflation,6,23,0.821546,0.821546,True,strong,2026-04-24T07:51:03.322738+00:00
11,AU,AUD,CPI,115,cpi_headline_yoy,120,rba_trimmed_mean_cpi_yoy,RBA Trimmed Mean CPI (YoY),Inflation,3,24,0.667721,0.667721,False,moderate,2026-04-24T07:51:03.322738+00:00
12,AU,AUD,CPI,115,cpi_headline_yoy,120,rba_trimmed_mean_cpi_yoy,RBA Trimmed Mean CPI (YoY),Inflation,0,22,0.557092,0.557092,False,moderate,2026-04-24T07:51:03.322738+00:00
13,AU,AUD,CPI,115,cpi_headline_yoy,121,export_price_index_qoq,Export Price Index (QoQ),Inflation,3,32,-0.266315,0.266315,True,weak,2026-04-24T07:51:03.322738+00:00
14,AU,AUD,CPI,115,cpi_headline_yoy,121,export_price_index_qoq,Export Price Index (QoQ),Inflation,6,30,-0.131280,0.131280,False,very_weak,2026-04-24T07:51:03.322738+00:00
15,AU,AUD,CPI,115,cpi_headline_yoy,121,export_price_index_qoq,Export Price Index (QoQ),Inflation,4,8,0.000000,0.000000,False,very_weak,2026-04-24T07:51:03.322738+00:00
16,AU,AUD,CPI,115,cpi_headline_yoy,122,import_price_index_qoq,Import Price Index (QoQ),Inflation,3,31,-0.259069,0.259069,True,weak,2026-04-24T07:51:03.322738+00:00
17,AU,AUD,CPI,115,cpi_headline_yoy,122,import_price_index_qoq,Import Price Index (QoQ),Inflation,6,29,-0.016068,0.016068,False,very_weak,2026-04-24T07:51:03.322738+00:00
18,AU,AUD,CPI,115,cpi_headline_yoy,122,import_price_index_qoq,Import Price Index (QoQ),Inflation,4,8,0.000000,0.000000,False,very_weak,2026-04-24T07:51:03.322738+00:00
19,AU,AUD,CPI,115,cpi_headline_yoy,123,producer_price_index_qoq,Producer Price Index (QoQ),Inflation,6,23,0.416096,0.416096,True,weak,2026-04-24T07:51:03.322738+00:00
20,AU,AUD,CPI,115,cpi_headline_yoy,123,producer_price_index_qoq,Producer Price Index (QoQ),Inflation,3,24,0.350577,0.350577,False,weak,2026-04-24T07:51:03.322738+00:00
21,AU,AUD,CPI,115,cpi_headline_yoy,124,producer_price_index_yoy,Producer Price Index (YoY),Inflation,6,23,0.495893,0.495893,True,moderate,2026-04-24T07:51:03.322738+00:00
22,AU,AUD,CPI,115,cpi_headline_yoy,124,producer_price_index_yoy,Producer Price Index (YoY),Inflation,3,24,0.433516,0.433516,False,weak,2026-04-24T07:51:03.322738+00:00
23,AU,AUD,CPI,115,cpi_headline_yoy,125,commodity_prices_yoy,Commodity Prices (YoY),Inflation,5,22,-0.498475,0.498475,True,moderate,2026-04-24T07:51:03.322738+00:00
24,AU,AUD,CPI,115,cpi_headline_yoy,125,commodity_prices_yoy,Commodity Prices (YoY),Inflation,2,23,-0.354994,0.354994,False,weak,2026-04-24T07:51:03.322738+00:00
25,AU,AUD,CPI,115,cpi_headline_yoy,125,commodity_prices_yoy,Commodity Prices (YoY),Inflation,0,23,-0.328099,0.328099,False,weak,2026-04-24T07:51:03.322738+00:00
26,AU,AUD,CPI,115,cpi_headline_yoy,125,commodity_prices_yoy,Commodity Prices (YoY),Inflation,3,22,-0.303661,0.303661,False,weak,2026-04-24T07:51:03.322738+00:00
27,AU,AUD,CPI,115,cpi_headline_yoy,125,commodity_prices_yoy,Commodity Prices (YoY),Inflation,1,23,-0.222746,0.222746,False,very_weak,2026-04-24T07:51:03.322738+00:00
28,AU,AUD,CPI,115,cpi_headline_yoy,125,commodity_prices_yoy,Commodity Prices (YoY),Inflation,6,21,-0.122263,0.122263,False,very_weak,2026-04-24T07:51:03.322738+00:00
29,AU,AUD,CPI,115,cpi_headline_yoy,125,commodity_prices_yoy,Commodity Prices (YoY),Inflation,4,22,-0.006440,0.006440,False,very_weak,2026-04-24T07:51:03.322738+00:00
30,AU,AUD,CPI,115,cpi_headline_yoy,126,unemployment_rate,Unemployment Rate,Labor,6,29,-0.435372,0.435372,True,weak,2026-04-24T07:51:03.322738+00:00
31,AU,AUD,CPI,115,cpi_headline_yoy,126,unemployment_rate,Unemployment Rate,Labor,4,30,-0.378548,0.378548,False,weak,2026-04-24T07:51:03.322738+00:00
32,AU,AUD,CPI,115,cpi_headline_yoy,126,unemployment_rate,Unemployment Rate,Labor,3,30,-0.339580,0.339580,False,weak,2026-04-24T07:51:03.322738+00:00
33,AU,AUD,CPI,115,cpi_headline_yoy,126,unemployment_rate,Unemployment Rate,Labor,1,31,-0.270015,0.270015,False,weak,2026-04-24T07:51:03.322738+00:00
34,AU,AUD,CPI,115,cpi_headline_yoy,126,unemployment_rate,Unemployment Rate,Labor,0,31,-0.241208,0.241208,False,very_weak,2026-04-24T07:51:03.322738+00:00
35,AU,AUD,CPI,115,cpi_headline_yoy,126,unemployment_rate,Unemployment Rate,Labor,5,30,-0.221299,0.221299,False,very_weak,2026-04-24T07:51:03.322738+00:00
36,AU,AUD,CPI,115,cpi_headline_yoy,126,unemployment_rate,Unemployment Rate,Labor,2,31,-0.178107,0.178107,False,very_weak,2026-04-24T07:51:03.322738+00:00
37,AU,AUD,CPI,115,cpi_headline_yoy,127,employment_change,Employment Change,Labor,0,31,0.357413,0.357413,True,weak,2026-04-24T07:51:03.322738+00:00
38,AU,AUD,CPI,115,cpi_headline_yoy,127,employment_change,Employment Change,Labor,6,29,0.335791,0.335791,False,weak,2026-04-24T07:51:03.322738+00:00
39,AU,AUD,CPI,115,cpi_headline_yoy,127,employment_change,Employment Change,Labor,3,30,0.308758,0.308758,False,weak,2026-04-24T07:51:03.322738+00:00
40,AU,AUD,CPI,115,cpi_headline_yoy,127,employment_change,Employment Change,Labor,2,31,0.237518,0.237518,False,very_weak,2026-04-24T07:51:03.322738+00:00
41,AU,AUD,CPI,115,cpi_headline_yoy,127,employment_change,Employment Change,Labor,5,30,0.182122,0.182122,False,very_weak,2026-04-24T07:51:03.322738+00:00
42,AU,AUD,CPI,115,cpi_headline_yoy,127,employment_change,Employment Change,Labor,4,30,-0.034187,0.034187,False,very_weak,2026-04-24T07:51:03.322738+00:00
43,AU,AUD,CPI,115,cpi_headline_yoy,127,employment_change,Employment Change,Labor,1,31,0.022924,0.022924,False,very_weak,2026-04-24T07:51:03.322738+00:00
44,AU,AUD,CPI,115,cpi_headline_yoy,128,full_time_employment_change,Full-Time Employment Change,Labor,2,31,0.244670,0.244670,True,very_weak,2026-04-24T07:51:03.322738+00:00
45,AU,AUD,CPI,115,cpi_headline_yoy,128,full_time_employment_change,Full-Time Employment Change,Labor,5,30,0.237291,0.237291,False,very_weak,2026-04-24T07:51:03.322738+00:00
46,AU,AUD,CPI,115,cpi_headline_yoy,128,full_time_employment_change,Full-Time Employment Change,Labor,4,30,0.083268,0.083268,False,very_weak,2026-04-24T07:51:03.322738+00:00
47,AU,AUD,CPI,115,cpi_headline_yoy,128,full_time_employment_change,Full-Time Employment Change,Labor,6,29,0.076333,0.076333,False,very_weak,2026-04-24T07:51:03.322738+00:00
48,AU,AUD,CPI,115,cpi_headline_yoy,128,full_time_employment_change,Full-Time Employment Change,Labor,1,31,0.053010,0.053010,False,very_weak,2026-04-24T07:51:03.322738+00:00
49,AU,AUD,CPI,115,cpi_headline_yoy,128,full_time_employment_change,Full-Time Employment Change,Labor,3,30,-0.022300,0.022300,False,very_weak,2026-04-24T07:51:03.322738+00:00
50,AU,AUD,CPI,115,cpi_headline_yoy,128,full_time_employment_change,Full-Time Employment Change,Labor,0,31,-0.007586,0.007586,False,very_weak,2026-04-24T07:51:03.322738+00:00
51,AU,AUD,CPI,115,cpi_headline_yoy,129,part_time_employment_change,Part-Time Employment Change,Labor,0,31,0.410940,0.410940,True,weak,2026-04-24T07:51:03.322738+00:00
52,AU,AUD,CPI,115,cpi_headline_yoy,129,part_time_employment_change,Part-Time Employment Change,Labor,6,29,0.358298,0.358298,False,weak,2026-04-24T07:51:03.322738+00:00
53,AU,AUD,CPI,115,cpi_headline_yoy,129,part_time_employment_change,Part-Time Employment Change,Labor,3,30,0.350196,0.350196,False,weak,2026-04-24T07:51:03.322738+00:00
54,AU,AUD,CPI,115,cpi_headline_yoy,129,part_time_employment_change,Part-Time Employment Change,Labor,4,30,-0.184303,0.184303,False,very_weak,2026-04-24T07:51:03.322738+00:00
55,AU,AUD,CPI,115,cpi_headline_yoy,129,part_time_employment_change,Part-Time Employment Change,Labor,2,31,0.152069,0.152069,False,very_weak,2026-04-24T07:51:03.322738+00:00
56,AU,AUD,CPI,115,cpi_headline_yoy,129,part_time_employment_change,Part-Time Employment Change,Labor,1,31,-0.127260,0.127260,False,very_weak,2026-04-24T07:51:03.322738+00:00
57,AU,AUD,CPI,115,cpi_headline_yoy,129,part_time_employment_change,Part-Time Employment Change,Labor,5,30,0.064391,0.064391,False,very_weak,2026-04-24T07:51:03.322738+00:00
58,AU,AUD,CPI,115,cpi_headline_yoy,131,leading_index_mom,Leading Index (MoM),Growth,1,29,0.453764,0.453764,True,moderate,2026-04-24T07:51:03.322738+00:00
59,AU,AUD,CPI,115,cpi_headline_yoy,131,leading_index_mom,Leading Index (MoM),Growth,4,31,0.228670,0.228670,False,very_weak,2026-04-24T07:51:03.322738+00:00
60,AU,AUD,CPI,115,cpi_headline_yoy,131,leading_index_mom,Leading Index (MoM),Growth,5,31,-0.157834,0.157834,False,very_weak,2026-04-24T07:51:03.322738+00:00
61,AU,AUD,CPI,115,cpi_headline_yoy,131,leading_index_mom,Leading Index (MoM),Growth,0,33,0.102628,0.102628,False,very_weak,2026-04-24T07:51:03.322738+00:00
62,AU,AUD,CPI,115,cpi_headline_yoy,131,leading_index_mom,Leading Index (MoM),Growth,3,29,0.099501,0.099501,False,very_weak,2026-04-24T07:51:03.322738+00:00
63,AU,AUD,CPI,115,cpi_headline_yoy,131,leading_index_mom,Leading Index (MoM),Growth,6,31,0.083054,0.083054,False,very_weak,2026-04-24T07:51:03.322738+00:00
64,AU,AUD,CPI,115,cpi_headline_yoy,131,leading_index_mom,Leading Index (MoM),Growth,2,31,-0.025099,0.025099,False,very_weak,2026-04-24T07:51:03.322738+00:00
65,AU,AUD,CPI,115,cpi_headline_yoy,132,private_sector_credit_mom,Private Sector Credit (MoM),Growth,1,31,-0.451542,0.451542,True,moderate,2026-04-24T07:51:03.322738+00:00
66,AU,AUD,CPI,115,cpi_headline_yoy,132,private_sector_credit_mom,Private Sector Credit (MoM),Growth,4,30,-0.374360,0.374360,False,weak,2026-04-24T07:51:03.322738+00:00
67,AU,AUD,CPI,115,cpi_headline_yoy,132,private_sector_credit_mom,Private Sector Credit (MoM),Growth,0,22,-0.275811,0.275811,False,weak,2026-04-24T07:51:03.322738+00:00
68,AU,AUD,CPI,115,cpi_headline_yoy,132,private_sector_credit_mom,Private Sector Credit (MoM),Growth,6,27,-0.182524,0.182524,False,very_weak,2026-04-24T07:51:03.322738+00:00
69,AU,AUD,CPI,115,cpi_headline_yoy,132,private_sector_credit_mom,Private Sector Credit (MoM),Growth,3,28,-0.154268,0.154268,False,very_weak,2026-04-24T07:51:03.322738+00:00
70,AU,AUD,CPI,115,cpi_headline_yoy,132,private_sector_credit_mom,Private Sector Credit (MoM),Growth,2,30,-0.128154,0.128154,False,very_weak,2026-04-24T07:51:03.322738+00:00
71,AU,AUD,CPI,115,cpi_headline_yoy,132,private_sector_credit_mom,Private Sector Credit (MoM),Growth,5,29,-0.083733,0.083733,False,very_weak,2026-04-24T07:51:03.322738+00:00
72,AU,AUD,CPI,115,cpi_headline_yoy,133,private_sector_credit_yoy,Private Sector Credit (YoY),Growth,1,31,-0.216413,0.216413,True,very_weak,2026-04-24T07:51:03.322738+00:00
73,AU,AUD,CPI,115,cpi_headline_yoy,133,private_sector_credit_yoy,Private Sector Credit (YoY),Growth,2,31,-0.189483,0.189483,False,very_weak,2026-04-24T07:51:03.322738+00:00
74,AU,AUD,CPI,115,cpi_headline_yoy,133,private_sector_credit_yoy,Private Sector Credit (YoY),Growth,4,30,-0.110334,0.110334,False,very_weak,2026-04-24T07:51:03.322738+00:00
75,AU,AUD,CPI,115,cpi_headline_yoy,133,private_sector_credit_yoy,Private Sector Credit (YoY),Growth,6,29,0.107734,0.107734,False,very_weak,2026-04-24T07:51:03.322738+00:00
76,AU,AUD,CPI,115,cpi_headline_yoy,133,private_sector_credit_yoy,Private Sector Credit (YoY),Growth,3,30,0.096483,0.096483,False,very_weak,2026-04-24T07:51:03.322738+00:00
77,AU,AUD,CPI,115,cpi_headline_yoy,133,private_sector_credit_yoy,Private Sector Credit (YoY),Growth,5,30,-0.080322,0.080322,False,very_weak,2026-04-24T07:51:03.322738+00:00
78,AU,AUD,CPI,115,cpi_headline_yoy,133,private_sector_credit_yoy,Private Sector Credit (YoY),Growth,0,24,-0.012709,0.012709,False,very_weak,2026-04-24T07:51:03.322738+00:00
79,AU,AUD,CPI,115,cpi_headline_yoy,134,manufacturing_pmi,Manufacturing PMI,Growth,2,44,-0.533148,0.533148,True,moderate,2026-04-24T07:51:03.322738+00:00
80,AU,AUD,CPI,115,cpi_headline_yoy,134,manufacturing_pmi,Manufacturing PMI,Growth,5,44,-0.479466,0.479466,False,moderate,2026-04-24T07:51:03.322738+00:00
81,AU,AUD,CPI,115,cpi_headline_yoy,134,manufacturing_pmi,Manufacturing PMI,Growth,1,42,-0.318300,0.318300,False,weak,2026-04-24T07:51:03.322738+00:00
82,AU,AUD,CPI,115,cpi_headline_yoy,134,manufacturing_pmi,Manufacturing PMI,Growth,4,46,-0.190489,0.190489,False,very_weak,2026-04-24T07:51:03.322738+00:00
83,AU,AUD,CPI,115,cpi_headline_yoy,134,manufacturing_pmi,Manufacturing PMI,Growth,0,40,0.135186,0.135186,False,very_weak,2026-04-24T07:51:03.322738+00:00
84,AU,AUD,CPI,115,cpi_headline_yoy,134,manufacturing_pmi,Manufacturing PMI,Growth,6,42,0.045771,0.045771,False,very_weak,2026-04-24T07:51:03.322738+00:00
85,AU,AUD,CPI,115,cpi_headline_yoy,134,manufacturing_pmi,Manufacturing PMI,Growth,3,44,0.039743,0.039743,False,very_weak,2026-04-24T07:51:03.322738+00:00
86,AU,AUD,CPI,115,cpi_headline_yoy,135,services_pmi,Services PMI,Growth,1,44,0.131335,0.131335,True,very_weak,2026-04-24T07:51:03.322738+00:00
87,AU,AUD,CPI,115,cpi_headline_yoy,135,services_pmi,Services PMI,Growth,4,46,0.103279,0.103279,False,very_weak,2026-04-24T07:51:03.322738+00:00
88,AU,AUD,CPI,115,cpi_headline_yoy,135,services_pmi,Services PMI,Growth,5,45,-0.057764,0.057764,False,very_weak,2026-04-24T07:51:03.322738+00:00
89,AU,AUD,CPI,115,cpi_headline_yoy,135,services_pmi,Services PMI,Growth,0,46,0.029624,0.029624,False,very_weak,2026-04-24T07:51:03.322738+00:00
90,AU,AUD,CPI,115,cpi_headline_yoy,135,services_pmi,Services PMI,Growth,2,47,0.006243,0.006243,False,very_weak,2026-04-24T07:51:03.322738+00:00
91,AU,AUD,CPI,115,cpi_headline_yoy,135,services_pmi,Services PMI,Growth,3,46,0.005931,0.005931,False,very_weak,2026-04-24T07:51:03.322738+00:00
92,AU,AUD,CPI,115,cpi_headline_yoy,135,services_pmi,Services PMI,Growth,6,44,0.005347,0.005347,False,very_weak,2026-04-24T07:51:03.322738+00:00
93,AU,AUD,CPI,115,cpi_headline_yoy,136,composite_pmi,Composite PMI,Growth,1,35,0.125612,0.125612,True,very_weak,2026-04-24T07:51:03.322738+00:00
94,AU,AUD,CPI,115,cpi_headline_yoy,136,composite_pmi,Composite PMI,Growth,4,36,0.108216,0.108216,False,very_weak,2026-04-24T07:51:03.322738+00:00
95,AU,AUD,CPI,115,cpi_headline_yoy,136,composite_pmi,Composite PMI,Growth,5,36,-0.097743,0.097743,False,very_weak,2026-04-24T07:51:03.322738+00:00
96,AU,AUD,CPI,115,cpi_headline_yoy,136,composite_pmi,Composite PMI,Growth,0,36,0.078090,0.078090,False,very_weak,2026-04-24T07:51:03.322738+00:00
97,AU,AUD,CPI,115,cpi_headline_yoy,136,composite_pmi,Composite PMI,Growth,2,35,-0.058871,0.058871,False,very_weak,2026-04-24T07:51:03.322738+00:00
98,AU,AUD,CPI,115,cpi_headline_yoy,136,composite_pmi,Composite PMI,Growth,3,37,0.051332,0.051332,False,very_weak,2026-04-24T07:51:03.322738+00:00
99,AU,AUD,CPI,115,cpi_headline_yoy,136,composite_pmi,Composite PMI,Growth,6,36,0.026288,0.026288,False,very_weak,2026-04-24T07:51:03.322738+00:00
100,AU,AUD,CPI,115,cpi_headline_yoy,199,retail_sales_mom,Retail Sales (MoM),Growth,1,36,-0.391040,0.391040,True,weak,2026-04-24T07:51:03.322738+00:00
101,AU,AUD,CPI,115,cpi_headline_yoy,199,retail_sales_mom,Retail Sales (MoM),Growth,4,36,-0.303851,0.303851,False,weak,2026-04-24T07:51:03.322738+00:00
102,AU,AUD,CPI,115,cpi_headline_yoy,199,retail_sales_mom,Retail Sales (MoM),Growth,5,37,-0.198308,0.198308,False,very_weak,2026-04-24T07:51:03.322738+00:00
103,AU,AUD,CPI,115,cpi_headline_yoy,199,retail_sales_mom,Retail Sales (MoM),Growth,2,35,-0.170865,0.170865,False,very_weak,2026-04-24T07:51:03.322738+00:00
104,AU,AUD,CPI,115,cpi_headline_yoy,199,retail_sales_mom,Retail Sales (MoM),Growth,6,37,-0.106083,0.106083,False,very_weak,2026-04-24T07:51:03.322738+00:00
105,AU,AUD,CPI,115,cpi_headline_yoy,199,retail_sales_mom,Retail Sales (MoM),Growth,0,33,0.026699,0.026699,False,very_weak,2026-04-24T07:51:03.322738+00:00
106,AU,AUD,CPI,115,cpi_headline_yoy,199,retail_sales_mom,Retail Sales (MoM),Growth,3,33,-0.016814,0.016814,False,very_weak,2026-04-24T07:51:03.322738+00:00
107,AU,AUD,CPI,115,cpi_headline_yoy,200,building_permits,Building Permits,Growth,3,45,-0.244781,0.244781,True,very_weak,2026-04-24T07:51:03.322738+00:00
108,AU,AUD,CPI,115,cpi_headline_yoy,200,building_permits,Building Permits,Growth,6,47,-0.236196,0.236196,False,very_weak,2026-04-24T07:51:03.322738+00:00
109,AU,AUD,CPI,115,cpi_headline_yoy,200,building_permits,Building Permits,Growth,5,46,0.216679,0.216679,False,very_weak,2026-04-24T07:51:03.322738+00:00
110,AU,AUD,CPI,115,cpi_headline_yoy,200,building_permits,Building Permits,Growth,2,40,0.124012,0.124012,False,very_weak,2026-04-24T07:51:03.322738+00:00
111,AU,AUD,CPI,115,cpi_headline_yoy,200,building_permits,Building Permits,Growth,0,33,-0.085656,0.085656,False,very_weak,2026-04-24T07:51:03.322738+00:00
112,AU,AUD,CPI,115,cpi_headline_yoy,200,building_permits,Building Permits,Growth,4,50,0.062641,0.062641,False,very_weak,2026-04-24T07:51:03.322738+00:00
113,AU,AUD,CPI,115,cpi_headline_yoy,200,building_permits,Building Permits,Growth,1,40,0.027509,0.027509,False,very_weak,2026-04-24T07:51:03.322738+00:00
114,AU,AUD,CPI,115,cpi_headline_yoy,201,td_mi_inflation_gauge_mom,TD-MI Inflation Gauge (MoM),Inflation,5,28,0.473854,0.473854,True,moderate,2026-04-24T07:51:03.322738+00:00
115,AU,AUD,CPI,115,cpi_headline_yoy,201,td_mi_inflation_gauge_mom,TD-MI Inflation Gauge (MoM),Inflation,2,29,0.435942,0.435942,False,weak,2026-04-24T07:51:03.322738+00:00
116,AU,AUD,CPI,115,cpi_headline_yoy,201,td_mi_inflation_gauge_mom,TD-MI Inflation Gauge (MoM),Inflation,1,30,-0.201993,0.201993,False,very_weak,2026-04-24T07:51:03.322738+00:00
117,AU,AUD,CPI,115,cpi_headline_yoy,201,td_mi_inflation_gauge_mom,TD-MI Inflation Gauge (MoM),Inflation,4,29,-0.096009,0.096009,False,very_weak,2026-04-24T07:51:03.322738+00:00
118,AU,AUD,CPI,115,cpi_headline_yoy,201,td_mi_inflation_gauge_mom,TD-MI Inflation Gauge (MoM),Inflation,3,30,-0.026042,0.026042,False,very_weak,2026-04-24T07:51:03.322738+00:00
119,AU,AUD,CPI,115,cpi_headline_yoy,201,td_mi_inflation_gauge_mom,TD-MI Inflation Gauge (MoM),Inflation,0,31,0.022636,0.022636,False,very_weak,2026-04-24T07:51:03.322738+00:00
120,AU,AUD,CPI,115,cpi_headline_yoy,201,td_mi_inflation_gauge_mom,TD-MI Inflation Gauge (MoM),Inflation,6,29,-0.001404,0.001404,False,very_weak,2026-04-24T07:51:03.322738+00:00
121,AU,AUD,CPI,115,cpi_headline_yoy,202,consumer_inflation_expectation,Consumer Inflation Expectation,Inflation,4,33,0.329539,0.329539,True,weak,2026-04-24T07:51:03.322738+00:00
122,AU,AUD,CPI,115,cpi_headline_yoy,202,consumer_inflation_expectation,Consumer Inflation Expectation,Inflation,6,29,0.227444,0.227444,False,very_weak,2026-04-24T07:51:03.322738+00:00
123,AU,AUD,CPI,115,cpi_headline_yoy,202,consumer_inflation_expectation,Consumer Inflation Expectation,Inflation,5,28,0.226012,0.226012,False,very_weak,2026-04-24T07:51:03.322738+00:00
124,AU,AUD,CPI,115,cpi_headline_yoy,202,consumer_inflation_expectation,Consumer Inflation Expectation,Inflation,3,31,0.205272,0.205272,False,very_weak,2026-04-24T07:51:03.322738+00:00
125,AU,AUD,CPI,115,cpi_headline_yoy,202,consumer_inflation_expectation,Consumer Inflation Expectation,Inflation,2,30,0.191493,0.191493,False,very_weak,2026-04-24T07:51:03.322738+00:00
126,AU,AUD,CPI,115,cpi_headline_yoy,202,consumer_inflation_expectation,Consumer Inflation Expectation,Inflation,1,34,0.190409,0.190409,False,very_weak,2026-04-24T07:51:03.322738+00:00
127,AU,AUD,CPI,115,cpi_headline_yoy,202,consumer_inflation_expectation,Consumer Inflation Expectation,Inflation,0,35,0.045921,0.045921,False,very_weak,2026-04-24T07:51:03.322738+00:00
128,AU,AUD,CPI,115,cpi_headline_yoy,203,ai_group_manufacturing_index,Ai Group Manufacturing Index,Growth,1,26,-0.327990,0.327990,True,weak,2026-04-24T07:51:03.322738+00:00
129,AU,AUD,CPI,115,cpi_headline_yoy,203,ai_group_manufacturing_index,Ai Group Manufacturing Index,Growth,4,27,-0.277221,0.277221,False,weak,2026-04-24T07:51:03.322738+00:00
130,AU,AUD,CPI,115,cpi_headline_yoy,203,ai_group_manufacturing_index,Ai Group Manufacturing Index,Growth,0,28,-0.237390,0.237390,False,very_weak,2026-04-24T07:51:03.322738+00:00
131,AU,AUD,CPI,115,cpi_headline_yoy,203,ai_group_manufacturing_index,Ai Group Manufacturing Index,Growth,3,29,-0.212105,0.212105,False,very_weak,2026-04-24T07:51:03.322738+00:00
132,AU,AUD,CPI,115,cpi_headline_yoy,203,ai_group_manufacturing_index,Ai Group Manufacturing Index,Growth,5,29,-0.205207,0.205207,False,very_weak,2026-04-24T07:51:03.322738+00:00
133,AU,AUD,CPI,115,cpi_headline_yoy,203,ai_group_manufacturing_index,Ai Group Manufacturing Index,Growth,2,28,-0.144314,0.144314,False,very_weak,2026-04-24T07:51:03.322738+00:00
134,AU,AUD,CPI,115,cpi_headline_yoy,203,ai_group_manufacturing_index,Ai Group Manufacturing Index,Growth,6,28,-0.096217,0.096217,False,very_weak,2026-04-24T07:51:03.322738+00:00
135,AU,AUD,CPI,115,cpi_headline_yoy,204,ai_group_industry_index,Ai Group Industry Index,Growth,6,17,0.508002,0.508002,True,moderate,2026-04-24T07:51:03.322738+00:00
136,AU,AUD,CPI,115,cpi_headline_yoy,204,ai_group_industry_index,Ai Group Industry Index,Growth,3,18,0.454320,0.454320,False,moderate,2026-04-24T07:51:03.322738+00:00
137,AU,AUD,CPI,115,cpi_headline_yoy,204,ai_group_industry_index,Ai Group Industry Index,Growth,2,16,-0.278226,0.278226,False,weak,2026-04-24T07:51:03.322738+00:00
138,AU,AUD,CPI,115,cpi_headline_yoy,204,ai_group_industry_index,Ai Group Industry Index,Growth,0,17,0.192386,0.192386,False,very_weak,2026-04-24T07:51:03.322738+00:00
139,AU,AUD,CPI,115,cpi_headline_yoy,204,ai_group_industry_index,Ai Group Industry Index,Growth,1,15,-0.101280,0.101280,False,very_weak,2026-04-24T07:51:03.322738+00:00
140,AU,AUD,CPI,115,cpi_headline_yoy,204,ai_group_industry_index,Ai Group Industry Index,Growth,4,16,-0.091854,0.091854,False,very_weak,2026-04-24T07:51:03.322738+00:00
141,AU,AUD,CPI,115,cpi_headline_yoy,204,ai_group_industry_index,Ai Group Industry Index,Growth,5,17,-0.089243,0.089243,False,very_weak,2026-04-24T07:51:03.322738+00:00
142,AU,AUD,CPI,115,cpi_headline_yoy,205,ai_group_construction_index,Ai Group Construction Index,Growth,1,26,-0.277506,0.277506,True,weak,2026-04-24T07:51:03.322738+00:00
143,AU,AUD,CPI,115,cpi_headline_yoy,205,ai_group_construction_index,Ai Group Construction Index,Growth,4,27,-0.226168,0.226168,False,very_weak,2026-04-24T07:51:03.322738+00:00
144,AU,AUD,CPI,115,cpi_headline_yoy,205,ai_group_construction_index,Ai Group Construction Index,Growth,6,28,0.069758,0.069758,False,very_weak,2026-04-24T07:51:03.322738+00:00
145,AU,AUD,CPI,115,cpi_headline_yoy,205,ai_group_construction_index,Ai Group Construction Index,Growth,5,29,0.046211,0.046211,False,very_weak,2026-04-24T07:51:03.322738+00:00
146,AU,AUD,CPI,115,cpi_headline_yoy,205,ai_group_construction_index,Ai Group Construction Index,Growth,2,28,-0.034851,0.034851,False,very_weak,2026-04-24T07:51:03.322738+00:00
147,AU,AUD,CPI,115,cpi_headline_yoy,205,ai_group_construction_index,Ai Group Construction Index,Growth,3,29,0.026977,0.026977,False,very_weak,2026-04-24T07:51:03.322738+00:00
148,AU,AUD,CPI,115,cpi_headline_yoy,205,ai_group_construction_index,Ai Group Construction Index,Growth,0,28,0.015088,0.015088,False,very_weak,2026-04-24T07:51:03.322738+00:00
149,AU,AUD,CPI,115,cpi_headline_yoy,345,rba_weighted_median_cpi_qoq,RBA Weighted Median CPI (QoQ),Inflation,6,27,0.621455,0.621455,True,moderate,2026-04-24T07:51:03.322738+00:00
150,AU,AUD,CPI,115,cpi_headline_yoy,345,rba_weighted_median_cpi_qoq,RBA Weighted Median CPI (QoQ),Inflation,3,26,0.421233,0.421233,False,weak,2026-04-24T07:51:03.322738+00:00
151,AU,AUD,CPI,115,cpi_headline_yoy,345,rba_weighted_median_cpi_qoq,RBA Weighted Median CPI (QoQ),Inflation,0,26,0.337367,0.337367,False,weak,2026-04-24T07:51:03.322738+00:00
152,AU,AUD,CPI,115,cpi_headline_yoy,346,rba_weighted_median_cpi_yoy,RBA Weighted Median CPI (YoY),Inflation,6,27,0.555129,0.555129,True,moderate,2026-04-24T07:51:03.322738+00:00
153,AU,AUD,CPI,115,cpi_headline_yoy,346,rba_weighted_median_cpi_yoy,RBA Weighted Median CPI (YoY),Inflation,3,26,0.422094,0.422094,False,weak,2026-04-24T07:51:03.322738+00:00
154,AU,AUD,CPI,115,cpi_headline_yoy,346,rba_weighted_median_cpi_yoy,RBA Weighted Median CPI (YoY),Inflation,0,26,0.419539,0.419539,False,weak,2026-04-24T07:51:03.322738+00:00
155,AU,AUD,CPI,115,cpi_headline_yoy,347,monthly_cpi_indicator,Monthly CPI Indicator,Inflation,1,14,0.327258,0.327258,True,weak,2026-04-24T07:51:03.322738+00:00
156,AU,AUD,CPI,115,cpi_headline_yoy,347,monthly_cpi_indicator,Monthly CPI Indicator,Inflation,4,19,0.236461,0.236461,False,very_weak,2026-04-24T07:51:03.322738+00:00
157,AU,AUD,CPI,115,cpi_headline_yoy,347,monthly_cpi_indicator,Monthly CPI Indicator,Inflation,0,12,-0.173439,0.173439,False,very_weak,2026-04-24T07:51:03.322738+00:00
158,AU,AUD,CPI,115,cpi_headline_yoy,347,monthly_cpi_indicator,Monthly CPI Indicator,Inflation,5,19,-0.072088,0.072088,False,very_weak,2026-04-24T07:51:03.322738+00:00
159,AU,AUD,CPI,115,cpi_headline_yoy,347,monthly_cpi_indicator,Monthly CPI Indicator,Inflation,6,18,0.059317,0.059317,False,very_weak,2026-04-24T07:51:03.322738+00:00
160,AU,AUD,CPI,115,cpi_headline_yoy,347,monthly_cpi_indicator,Monthly CPI Indicator,Inflation,3,17,-0.050286,0.050286,False,very_weak,2026-04-24T07:51:03.322738+00:00
161,AU,AUD,CPI,115,cpi_headline_yoy,347,monthly_cpi_indicator,Monthly CPI Indicator,Inflation,2,16,-0.028072,0.028072,False,very_weak,2026-04-24T07:51:03.322738+00:00
162,AU,AUD,CPI,115,cpi_headline_yoy,348,household_spending_mom,Household Spending (MoM),Growth,1,9,-0.365776,0.365776,True,weak,2026-04-24T07:51:03.322738+00:00
163,AU,AUD,CPI,115,cpi_headline_yoy,348,household_spending_mom,Household Spending (MoM),Growth,4,8,-0.301155,0.301155,False,weak,2026-04-24T07:51:03.322738+00:00
164,AU,AUD,CPI,115,cpi_headline_yoy,348,household_spending_mom,Household Spending (MoM),Growth,3,9,0.147564,0.147564,False,very_weak,2026-04-24T07:51:03.322738+00:00
165,AU,AUD,CPI,115,cpi_headline_yoy,348,household_spending_mom,Household Spending (MoM),Growth,2,9,0.108739,0.108739,False,very_weak,2026-04-24T07:51:03.322738+00:00
166,AU,AUD,CPI,115,cpi_headline_yoy,349,household_spending_yoy,Household Spending (YoY),Growth,4,8,-0.411851,0.411851,True,weak,2026-04-24T07:51:03.322738+00:00
167,AU,AUD,CPI,115,cpi_headline_yoy,349,household_spending_yoy,Household Spending (YoY),Growth,2,9,0.296333,0.296333,False,weak,2026-04-24T07:51:03.322738+00:00
168,AU,AUD,CPI,115,cpi_headline_yoy,349,household_spending_yoy,Household Spending (YoY),Growth,3,9,-0.166032,0.166032,False,very_weak,2026-04-24T07:51:03.322738+00:00
169,AU,AUD,CPI,115,cpi_headline_yoy,349,household_spending_yoy,Household Spending (YoY),Growth,1,9,0.048515,0.048515,False,very_weak,2026-04-24T07:51:03.322738+00:00
170,AU,AUD,CPI,115,cpi_headline_yoy,350,nab_business_confidence,NAB Business Confidence,Growth,1,30,0.350045,0.350045,True,weak,2026-04-24T07:51:03.322738+00:00
171,AU,AUD,CPI,115,cpi_headline_yoy,350,nab_business_confidence,NAB Business Confidence,Growth,4,29,0.273284,0.273284,False,weak,2026-04-24T07:51:03.322738+00:00
172,AU,AUD,CPI,115,cpi_headline_yoy,350,nab_business_confidence,NAB Business Confidence,Growth,6,27,-0.203877,0.203877,False,very_weak,2026-04-24T07:51:03.322738+00:00
173,AU,AUD,CPI,115,cpi_headline_yoy,350,nab_business_confidence,NAB Business Confidence,Growth,3,28,-0.068055,0.068055,False,very_weak,2026-04-24T07:51:03.322738+00:00
174,AU,AUD,CPI,115,cpi_headline_yoy,350,nab_business_confidence,NAB Business Confidence,Growth,0,29,-0.040632,0.040632,False,very_weak,2026-04-24T07:51:03.322738+00:00
175,AU,AUD,CPI,115,cpi_headline_yoy,350,nab_business_confidence,NAB Business Confidence,Growth,5,29,0.017595,0.017595,False,very_weak,2026-04-24T07:51:03.322738+00:00
176,AU,AUD,CPI,115,cpi_headline_yoy,350,nab_business_confidence,NAB Business Confidence,Growth,2,30,-0.005182,0.005182,False,very_weak,2026-04-24T07:51:03.322738+00:00
177,AU,AUD,CPI,115,cpi_headline_yoy,351,westpac_consumer_confidence_change,Westpac Consumer Confidence Change,Growth,5,29,-0.479864,0.479864,True,moderate,2026-04-24T07:51:03.322738+00:00
178,AU,AUD,CPI,115,cpi_headline_yoy,351,westpac_consumer_confidence_change,Westpac Consumer Confidence Change,Growth,0,31,0.363915,0.363915,False,weak,2026-04-24T07:51:03.322738+00:00
179,AU,AUD,CPI,115,cpi_headline_yoy,351,westpac_consumer_confidence_change,Westpac Consumer Confidence Change,Growth,2,30,-0.307800,0.307800,False,weak,2026-04-24T07:51:03.322738+00:00
180,AU,AUD,CPI,115,cpi_headline_yoy,351,westpac_consumer_confidence_change,Westpac Consumer Confidence Change,Growth,6,29,0.235552,0.235552,False,very_weak,2026-04-24T07:51:03.322738+00:00
181,AU,AUD,CPI,115,cpi_headline_yoy,351,westpac_consumer_confidence_change,Westpac Consumer Confidence Change,Growth,3,30,0.226724,0.226724,False,very_weak,2026-04-24T07:51:03.322738+00:00
182,AU,AUD,CPI,115,cpi_headline_yoy,351,westpac_consumer_confidence_change,Westpac Consumer Confidence Change,Growth,1,30,0.123435,0.123435,False,very_weak,2026-04-24T07:51:03.322738+00:00
183,AU,AUD,CPI,115,cpi_headline_yoy,351,westpac_consumer_confidence_change,Westpac Consumer Confidence Change,Growth,4,29,0.062193,0.062193,False,very_weak,2026-04-24T07:51:03.322738+00:00
184,AU,AUD,CPI,115,cpi_headline_yoy,352,westpac_consumer_confidence_index,Westpac Consumer Confidence Index,Growth,5,29,-0.590551,0.590551,True,moderate,2026-04-24T07:51:03.322738+00:00
185,AU,AUD,CPI,115,cpi_headline_yoy,352,westpac_consumer_confidence_index,Westpac Consumer Confidence Index,Growth,4,30,-0.519426,0.519426,False,moderate,2026-04-24T07:51:03.322738+00:00
186,AU,AUD,CPI,115,cpi_headline_yoy,352,westpac_consumer_confidence_index,Westpac Consumer Confidence Index,Growth,2,30,-0.466582,0.466582,False,moderate,2026-04-24T07:51:03.322738+00:00
187,AU,AUD,CPI,115,cpi_headline_yoy,352,westpac_consumer_confidence_index,Westpac Consumer Confidence Index,Growth,1,31,-0.392075,0.392075,False,weak,2026-04-24T07:51:03.322738+00:00
188,AU,AUD,CPI,115,cpi_headline_yoy,352,westpac_consumer_confidence_index,Westpac Consumer Confidence Index,Growth,0,31,0.133741,0.133741,False,very_weak,2026-04-24T07:51:03.322738+00:00
189,AU,AUD,CPI,115,cpi_headline_yoy,352,westpac_consumer_confidence_index,Westpac Consumer Confidence Index,Growth,6,29,-0.070271,0.070271,False,very_weak,2026-04-24T07:51:03.322738+00:00
190,AU,AUD,CPI,115,cpi_headline_yoy,352,westpac_consumer_confidence_index,Westpac Consumer Confidence Index,Growth,3,30,-0.057278,0.057278,False,very_weak,2026-04-24T07:51:03.322738+00:00
191,AU,AUD,CPI,115,cpi_headline_yoy,353,thomson_reuters_ipsos_pcsi,Thomson Reuters IPSOS PCSI,Growth,4,12,0.499266,0.499266,True,moderate,2026-04-24T07:51:03.322738+00:00
192,AU,AUD,CPI,115,cpi_headline_yoy,353,thomson_reuters_ipsos_pcsi,Thomson Reuters IPSOS PCSI,Growth,6,11,0.426086,0.426086,False,weak,2026-04-24T07:51:03.322738+00:00
193,AU,AUD,CPI,115,cpi_headline_yoy,353,thomson_reuters_ipsos_pcsi,Thomson Reuters IPSOS PCSI,Growth,0,13,0.389595,0.389595,False,weak,2026-04-24T07:51:03.322738+00:00
194,AU,AUD,CPI,115,cpi_headline_yoy,353,thomson_reuters_ipsos_pcsi,Thomson Reuters IPSOS PCSI,Growth,3,12,0.339544,0.339544,False,weak,2026-04-24T07:51:03.322738+00:00
195,AU,AUD,CPI,115,cpi_headline_yoy,353,thomson_reuters_ipsos_pcsi,Thomson Reuters IPSOS PCSI,Growth,2,11,0.275633,0.275633,False,weak,2026-04-24T07:51:03.322738+00:00
196,AU,AUD,CPI,115,cpi_headline_yoy,353,thomson_reuters_ipsos_pcsi,Thomson Reuters IPSOS PCSI,Growth,5,10,-0.248568,0.248568,False,very_weak,2026-04-24T07:51:03.322738+00:00
197,AU,AUD,CPI,115,cpi_headline_yoy,353,thomson_reuters_ipsos_pcsi,Thomson Reuters IPSOS PCSI,Growth,1,13,-0.059293,0.059293,False,very_weak,2026-04-24T07:51:03.322738+00:00
198,AU,AUD,CPI,115,cpi_headline_yoy,354,housing_credit_mom,Housing Credit (MoM),Growth,6,18,-0.441505,0.441505,True,weak,2026-04-24T07:51:03.322738+00:00
199,AU,AUD,CPI,115,cpi_headline_yoy,354,housing_credit_mom,Housing Credit (MoM),Growth,1,19,-0.414163,0.414163,False,weak,2026-04-24T07:51:03.322738+00:00
200,AU,AUD,CPI,115,cpi_headline_yoy,354,housing_credit_mom,Housing Credit (MoM),Growth,0,13,-0.378057,0.378057,False,weak,2026-04-24T07:51:03.322738+00:00
201,AU,AUD,CPI,115,cpi_headline_yoy,354,housing_credit_mom,Housing Credit (MoM),Growth,3,19,-0.338104,0.338104,False,weak,2026-04-24T07:51:03.322738+00:00
202,AU,AUD,CPI,115,cpi_headline_yoy,354,housing_credit_mom,Housing Credit (MoM),Growth,4,18,-0.315778,0.315778,False,weak,2026-04-24T07:51:03.322738+00:00
203,AU,AUD,CPI,115,cpi_headline_yoy,354,housing_credit_mom,Housing Credit (MoM),Growth,5,18,-0.150345,0.150345,False,very_weak,2026-04-24T07:51:03.322738+00:00
204,AU,AUD,CPI,115,cpi_headline_yoy,354,housing_credit_mom,Housing Credit (MoM),Growth,2,19,-0.100600,0.100600,False,very_weak,2026-04-24T07:51:03.322738+00:00
205,AU,AUD,CPI,115,cpi_headline_yoy,355,manufacturing_pmi_flash,Manufacturing PMI Flash,Growth,1,8,0.488055,0.488055,True,moderate,2026-04-24T07:51:03.322738+00:00
206,AU,AUD,CPI,115,cpi_headline_yoy,355,manufacturing_pmi_flash,Manufacturing PMI Flash,Growth,3,9,-0.351130,0.351130,False,weak,2026-04-24T07:51:03.322738+00:00
207,AU,AUD,CPI,115,cpi_headline_yoy,355,manufacturing_pmi_flash,Manufacturing PMI Flash,Growth,5,9,0.259954,0.259954,False,weak,2026-04-24T07:51:03.322738+00:00
208,AU,AUD,CPI,115,cpi_headline_yoy,355,manufacturing_pmi_flash,Manufacturing PMI Flash,Growth,6,8,-0.241005,0.241005,False,very_weak,2026-04-24T07:51:03.322738+00:00
209,AU,AUD,CPI,115,cpi_headline_yoy,355,manufacturing_pmi_flash,Manufacturing PMI Flash,Growth,2,10,0.145171,0.145171,False,very_weak,2026-04-24T07:51:03.322738+00:00
210,AU,AUD,CPI,115,cpi_headline_yoy,355,manufacturing_pmi_flash,Manufacturing PMI Flash,Growth,4,9,0.099439,0.099439,False,very_weak,2026-04-24T07:51:03.322738+00:00
211,AU,AUD,CPI,115,cpi_headline_yoy,356,services_pmi_flash,Services PMI Flash,Growth,2,10,0.642127,0.642127,True,moderate,2026-04-24T07:51:03.322738+00:00
212,AU,AUD,CPI,115,cpi_headline_yoy,356,services_pmi_flash,Services PMI Flash,Growth,1,8,-0.387478,0.387478,False,weak,2026-04-24T07:51:03.322738+00:00
213,AU,AUD,CPI,115,cpi_headline_yoy,356,services_pmi_flash,Services PMI Flash,Growth,3,9,0.310219,0.310219,False,weak,2026-04-24T07:51:03.322738+00:00
214,AU,AUD,CPI,115,cpi_headline_yoy,356,services_pmi_flash,Services PMI Flash,Growth,6,8,0.305947,0.305947,False,weak,2026-04-24T07:51:03.322738+00:00
215,AU,AUD,CPI,115,cpi_headline_yoy,356,services_pmi_flash,Services PMI Flash,Growth,4,9,-0.295007,0.295007,False,weak,2026-04-24T07:51:03.322738+00:00
216,AU,AUD,CPI,115,cpi_headline_yoy,356,services_pmi_flash,Services PMI Flash,Growth,5,9,-0.131454,0.131454,False,very_weak,2026-04-24T07:51:03.322738+00:00
217,AU,AUD,CPI,115,cpi_headline_yoy,357,composite_pmi_flash,Composite PMI Flash,Growth,2,10,0.587433,0.587433,True,moderate,2026-04-24T07:51:03.322738+00:00
218,AU,AUD,CPI,115,cpi_headline_yoy,357,composite_pmi_flash,Composite PMI Flash,Growth,1,8,-0.312187,0.312187,False,weak,2026-04-24T07:51:03.322738+00:00
219,AU,AUD,CPI,115,cpi_headline_yoy,357,composite_pmi_flash,Composite PMI Flash,Growth,3,9,0.299566,0.299566,False,weak,2026-04-24T07:51:03.322738+00:00
220,AU,AUD,CPI,115,cpi_headline_yoy,357,composite_pmi_flash,Composite PMI Flash,Growth,6,8,0.297969,0.297969,False,weak,2026-04-24T07:51:03.322738+00:00
221,AU,AUD,CPI,115,cpi_headline_yoy,357,composite_pmi_flash,Composite PMI Flash,Growth,4,9,-0.295138,0.295138,False,weak,2026-04-24T07:51:03.322738+00:00
222,AU,AUD,CPI,115,cpi_headline_yoy,357,composite_pmi_flash,Composite PMI Flash,Growth,5,9,-0.238795,0.238795,False,very_weak,2026-04-24T07:51:03.322738+00:00
223,AU,AUD,CPI,115,cpi_headline_yoy,360,private_house_approvals_mom,Private House Approvals (MoM),Growth,4,40,-0.210028,0.210028,True,very_weak,2026-04-24T07:51:03.322738+00:00
224,AU,AUD,CPI,115,cpi_headline_yoy,360,private_house_approvals_mom,Private House Approvals (MoM),Growth,2,34,0.188048,0.188048,False,very_weak,2026-04-24T07:51:03.322738+00:00
225,AU,AUD,CPI,115,cpi_headline_yoy,360,private_house_approvals_mom,Private House Approvals (MoM),Growth,1,36,-0.174869,0.174869,False,very_weak,2026-04-24T07:51:03.322738+00:00
226,AU,AUD,CPI,115,cpi_headline_yoy,360,private_house_approvals_mom,Private House Approvals (MoM),Growth,5,36,0.158245,0.158245,False,very_weak,2026-04-24T07:51:03.322738+00:00
227,AU,AUD,CPI,115,cpi_headline_yoy,360,private_house_approvals_mom,Private House Approvals (MoM),Growth,3,37,-0.136013,0.136013,False,very_weak,2026-04-24T07:51:03.322738+00:00
228,AU,AUD,CPI,115,cpi_headline_yoy,360,private_house_approvals_mom,Private House Approvals (MoM),Growth,0,23,-0.091546,0.091546,False,very_weak,2026-04-24T07:51:03.322738+00:00
229,AU,AUD,CPI,115,cpi_headline_yoy,360,private_house_approvals_mom,Private House Approvals (MoM),Growth,6,37,-0.090048,0.090048,False,very_weak,2026-04-24T07:51:03.322738+00:00
230,AU,AUD,CPI,115,cpi_headline_yoy,361,corelogic_dwelling_prices_mom,CoreLogic Dwelling Prices (MoM),Growth,3,9,0.743025,0.743025,True,strong,2026-04-24T07:51:03.322738+00:00
231,AU,AUD,CPI,115,cpi_headline_yoy,361,corelogic_dwelling_prices_mom,CoreLogic Dwelling Prices (MoM),Growth,5,12,0.721942,0.721942,False,strong,2026-04-24T07:51:03.322738+00:00
232,AU,AUD,CPI,115,cpi_headline_yoy,361,corelogic_dwelling_prices_mom,CoreLogic Dwelling Prices (MoM),Growth,6,13,0.682188,0.682188,False,moderate,2026-04-24T07:51:03.322738+00:00
233,AU,AUD,CPI,115,cpi_headline_yoy,361,corelogic_dwelling_prices_mom,CoreLogic Dwelling Prices (MoM),Growth,0,9,0.681684,0.681684,False,moderate,2026-04-24T07:51:03.322738+00:00
234,AU,AUD,CPI,115,cpi_headline_yoy,361,corelogic_dwelling_prices_mom,CoreLogic Dwelling Prices (MoM),Growth,2,10,0.666824,0.666824,False,moderate,2026-04-24T07:51:03.322738+00:00
235,AU,AUD,CPI,115,cpi_headline_yoy,361,corelogic_dwelling_prices_mom,CoreLogic Dwelling Prices (MoM),Growth,4,11,0.617308,0.617308,False,moderate,2026-04-24T07:51:03.322738+00:00
236,AU,AUD,CPI,115,cpi_headline_yoy,361,corelogic_dwelling_prices_mom,CoreLogic Dwelling Prices (MoM),Growth,1,11,0.512363,0.512363,False,moderate,2026-04-24T07:51:03.322738+00:00
237,AU,AUD,CPI,115,cpi_headline_yoy,362,ai_group_services_index,Ai Group Services Index,Growth,4,10,0.273886,0.273886,True,weak,2026-04-24T07:51:03.322738+00:00
238,AU,AUD,CPI,115,cpi_headline_yoy,362,ai_group_services_index,Ai Group Services Index,Growth,1,10,0.265678,0.265678,False,weak,2026-04-24T07:51:03.322738+00:00
239,AU,AUD,CPI,115,cpi_headline_yoy,362,ai_group_services_index,Ai Group Services Index,Growth,6,10,0.226503,0.226503,False,very_weak,2026-04-24T07:51:03.322738+00:00
240,AU,AUD,CPI,115,cpi_headline_yoy,362,ai_group_services_index,Ai Group Services Index,Growth,2,12,-0.148554,0.148554,False,very_weak,2026-04-24T07:51:03.322738+00:00
241,AU,AUD,CPI,115,cpi_headline_yoy,362,ai_group_services_index,Ai Group Services Index,Growth,0,10,0.138683,0.138683,False,very_weak,2026-04-24T07:51:03.322738+00:00
242,AU,AUD,CPI,115,cpi_headline_yoy,362,ai_group_services_index,Ai Group Services Index,Growth,5,12,-0.113272,0.113272,False,very_weak,2026-04-24T07:51:03.322738+00:00
243,AU,AUD,CPI,115,cpi_headline_yoy,362,ai_group_services_index,Ai Group Services Index,Growth,3,10,0.085500,0.085500,False,very_weak,2026-04-24T07:51:03.322738+00:00
244,AU,AUD,CPI,115,cpi_headline_yoy,363,balance_of_trade,Balance of Trade,Growth,0,23,-0.339928,0.339928,True,weak,2026-04-24T07:51:03.322738+00:00
245,AU,AUD,CPI,115,cpi_headline_yoy,363,balance_of_trade,Balance of Trade,Growth,2,31,0.304357,0.304357,False,weak,2026-04-24T07:51:03.322738+00:00
246,AU,AUD,CPI,115,cpi_headline_yoy,363,balance_of_trade,Balance of Trade,Growth,5,30,0.247538,0.247538,False,very_weak,2026-04-24T07:51:03.322738+00:00
247,AU,AUD,CPI,115,cpi_headline_yoy,363,balance_of_trade,Balance of Trade,Growth,1,31,-0.215260,0.215260,False,very_weak,2026-04-24T07:51:03.322738+00:00
248,AU,AUD,CPI,115,cpi_headline_yoy,363,balance_of_trade,Balance of Trade,Growth,6,30,0.092160,0.092160,False,very_weak,2026-04-24T07:51:03.322738+00:00
249,AU,AUD,CPI,115,cpi_headline_yoy,363,balance_of_trade,Balance of Trade,Growth,4,30,-0.090299,0.090299,False,very_weak,2026-04-24T07:51:03.322738+00:00
250,AU,AUD,CPI,115,cpi_headline_yoy,363,balance_of_trade,Balance of Trade,Growth,3,31,-0.013483,0.013483,False,very_weak,2026-04-24T07:51:03.322738+00:00
251,AU,AUD,CPI,115,cpi_headline_yoy,364,exports_mom,Exports (MoM),Growth,5,30,0.220814,0.220814,True,very_weak,2026-04-24T07:51:03.322738+00:00
252,AU,AUD,CPI,115,cpi_headline_yoy,364,exports_mom,Exports (MoM),Growth,6,30,0.207688,0.207688,False,very_weak,2026-04-24T07:51:03.322738+00:00
253,AU,AUD,CPI,115,cpi_headline_yoy,364,exports_mom,Exports (MoM),Growth,4,29,-0.204475,0.204475,False,very_weak,2026-04-24T07:51:03.322738+00:00
254,AU,AUD,CPI,115,cpi_headline_yoy,364,exports_mom,Exports (MoM),Growth,2,31,0.186533,0.186533,False,very_weak,2026-04-24T07:51:03.322738+00:00
255,AU,AUD,CPI,115,cpi_headline_yoy,364,exports_mom,Exports (MoM),Growth,1,30,-0.144119,0.144119,False,very_weak,2026-04-24T07:51:03.322738+00:00
256,AU,AUD,CPI,115,cpi_headline_yoy,364,exports_mom,Exports (MoM),Growth,3,31,0.118513,0.118513,False,very_weak,2026-04-24T07:51:03.322738+00:00
257,AU,AUD,CPI,115,cpi_headline_yoy,364,exports_mom,Exports (MoM),Growth,0,23,-0.099423,0.099423,False,very_weak,2026-04-24T07:51:03.322738+00:00
258,AU,AUD,CPI,115,cpi_headline_yoy,365,imports_mom,Imports (MoM),Growth,4,30,-0.248054,0.248054,True,very_weak,2026-04-24T07:51:03.322738+00:00
259,AU,AUD,CPI,115,cpi_headline_yoy,365,imports_mom,Imports (MoM),Growth,5,30,0.116851,0.116851,False,very_weak,2026-04-24T07:51:03.322738+00:00
260,AU,AUD,CPI,115,cpi_headline_yoy,365,imports_mom,Imports (MoM),Growth,0,23,0.112792,0.112792,False,very_weak,2026-04-24T07:51:03.322738+00:00
261,AU,AUD,CPI,115,cpi_headline_yoy,365,imports_mom,Imports (MoM),Growth,1,31,-0.082138,0.082138,False,very_weak,2026-04-24T07:51:03.322738+00:00
262,AU,AUD,CPI,115,cpi_headline_yoy,365,imports_mom,Imports (MoM),Growth,2,31,-0.027679,0.027679,False,very_weak,2026-04-24T07:51:03.322738+00:00
263,AU,AUD,CPI,115,cpi_headline_yoy,365,imports_mom,Imports (MoM),Growth,6,30,-0.023070,0.023070,False,very_weak,2026-04-24T07:51:03.322738+00:00
264,AU,AUD,CPI,115,cpi_headline_yoy,365,imports_mom,Imports (MoM),Growth,3,31,0.017840,0.017840,False,very_weak,2026-04-24T07:51:03.322738+00:00
265,AU,AUD,CPI,115,cpi_headline_yoy,366,current_account,Current Account,Growth,3,21,-0.334084,0.334084,True,weak,2026-04-24T07:51:03.322738+00:00
266,AU,AUD,CPI,115,cpi_headline_yoy,366,current_account,Current Account,Growth,6,23,-0.175098,0.175098,False,very_weak,2026-04-24T07:51:03.322738+00:00
267,AU,AUD,CPI,117,cpi_headline_qoq,115,cpi_headline_yoy,Headline CPI (YoY),Inflation,0,22,0.831128,0.831128,True,strong,2026-04-24T07:51:03.322738+00:00
268,AU,AUD,CPI,117,cpi_headline_qoq,115,cpi_headline_yoy,Headline CPI (YoY),Inflation,6,20,0.455108,0.455108,False,moderate,2026-04-24T07:51:03.322738+00:00
269,AU,AUD,CPI,117,cpi_headline_qoq,115,cpi_headline_yoy,Headline CPI (YoY),Inflation,3,21,0.218699,0.218699,False,very_weak,2026-04-24T07:51:03.322738+00:00
270,AU,AUD,CPI,117,cpi_headline_qoq,118,consumer_price_index,Consumer Price Index,Inflation,0,11,0.587554,0.587554,True,moderate,2026-04-24T07:51:03.322738+00:00
271,AU,AUD,CPI,117,cpi_headline_qoq,118,consumer_price_index,Consumer Price Index,Inflation,6,9,-0.120838,0.120838,False,very_weak,2026-04-24T07:51:03.322738+00:00
272,AU,AUD,CPI,117,cpi_headline_qoq,118,consumer_price_index,Consumer Price Index,Inflation,3,10,0.047011,0.047011,False,very_weak,2026-04-24T07:51:03.322738+00:00
273,AU,AUD,CPI,117,cpi_headline_qoq,119,rba_trimmed_mean_cpi_qoq,RBA Trimmed Mean CPI (QoQ),Inflation,0,22,0.840056,0.840056,True,strong,2026-04-24T07:51:03.322738+00:00
274,AU,AUD,CPI,117,cpi_headline_qoq,119,rba_trimmed_mean_cpi_qoq,RBA Trimmed Mean CPI (QoQ),Inflation,6,20,0.535087,0.535087,False,moderate,2026-04-24T07:51:03.322738+00:00
275,AU,AUD,CPI,117,cpi_headline_qoq,119,rba_trimmed_mean_cpi_qoq,RBA Trimmed Mean CPI (QoQ),Inflation,3,21,0.289551,0.289551,False,weak,2026-04-24T07:51:03.322738+00:00
276,AU,AUD,CPI,117,cpi_headline_qoq,120,rba_trimmed_mean_cpi_yoy,RBA Trimmed Mean CPI (YoY),Inflation,6,20,0.722356,0.722356,True,strong,2026-04-24T07:51:03.322738+00:00
277,AU,AUD,CPI,117,cpi_headline_qoq,120,rba_trimmed_mean_cpi_yoy,RBA Trimmed Mean CPI (YoY),Inflation,0,22,0.626109,0.626109,False,moderate,2026-04-24T07:51:03.322738+00:00
278,AU,AUD,CPI,117,cpi_headline_qoq,120,rba_trimmed_mean_cpi_yoy,RBA Trimmed Mean CPI (YoY),Inflation,3,21,0.548620,0.548620,False,moderate,2026-04-24T07:51:03.322738+00:00
279,AU,AUD,CPI,117,cpi_headline_qoq,121,export_price_index_qoq,Export Price Index (QoQ),Inflation,3,26,-0.155317,0.155317,True,very_weak,2026-04-24T07:51:03.322738+00:00
280,AU,AUD,CPI,117,cpi_headline_qoq,121,export_price_index_qoq,Export Price Index (QoQ),Inflation,6,24,0.107260,0.107260,False,very_weak,2026-04-24T07:51:03.322738+00:00
281,AU,AUD,CPI,117,cpi_headline_qoq,122,import_price_index_qoq,Import Price Index (QoQ),Inflation,6,24,0.305767,0.305767,True,weak,2026-04-24T07:51:03.322738+00:00
282,AU,AUD,CPI,117,cpi_headline_qoq,122,import_price_index_qoq,Import Price Index (QoQ),Inflation,3,25,-0.070046,0.070046,False,very_weak,2026-04-24T07:51:03.322738+00:00
283,AU,AUD,CPI,117,cpi_headline_qoq,123,producer_price_index_qoq,Producer Price Index (QoQ),Inflation,6,20,0.214948,0.214948,True,very_weak,2026-04-24T07:51:03.322738+00:00
284,AU,AUD,CPI,117,cpi_headline_qoq,123,producer_price_index_qoq,Producer Price Index (QoQ),Inflation,3,21,-0.131325,0.131325,False,very_weak,2026-04-24T07:51:03.322738+00:00
285,AU,AUD,CPI,117,cpi_headline_qoq,124,producer_price_index_yoy,Producer Price Index (YoY),Inflation,6,20,0.232866,0.232866,True,very_weak,2026-04-24T07:51:03.322738+00:00
286,AU,AUD,CPI,117,cpi_headline_qoq,124,producer_price_index_yoy,Producer Price Index (YoY),Inflation,3,21,-0.093472,0.093472,False,very_weak,2026-04-24T07:51:03.322738+00:00
287,AU,AUD,CPI,117,cpi_headline_qoq,125,commodity_prices_yoy,Commodity Prices (YoY),Inflation,5,15,-0.476810,0.476810,True,moderate,2026-04-24T07:51:03.322738+00:00
288,AU,AUD,CPI,117,cpi_headline_qoq,125,commodity_prices_yoy,Commodity Prices (YoY),Inflation,2,16,-0.472540,0.472540,False,moderate,2026-04-24T07:51:03.322738+00:00
289,AU,AUD,CPI,117,cpi_headline_qoq,125,commodity_prices_yoy,Commodity Prices (YoY),Inflation,0,16,-0.298798,0.298798,False,weak,2026-04-24T07:51:03.322738+00:00
290,AU,AUD,CPI,117,cpi_headline_qoq,125,commodity_prices_yoy,Commodity Prices (YoY),Inflation,4,15,0.295741,0.295741,False,weak,2026-04-24T07:51:03.322738+00:00
291,AU,AUD,CPI,117,cpi_headline_qoq,125,commodity_prices_yoy,Commodity Prices (YoY),Inflation,3,15,-0.116577,0.116577,False,very_weak,2026-04-24T07:51:03.322738+00:00
292,AU,AUD,CPI,117,cpi_headline_qoq,125,commodity_prices_yoy,Commodity Prices (YoY),Inflation,1,16,0.085921,0.085921,False,very_weak,2026-04-24T07:51:03.322738+00:00
293,AU,AUD,CPI,117,cpi_headline_qoq,125,commodity_prices_yoy,Commodity Prices (YoY),Inflation,6,14,0.002316,0.002316,False,very_weak,2026-04-24T07:51:03.322738+00:00
294,AU,AUD,CPI,117,cpi_headline_qoq,126,unemployment_rate,Unemployment Rate,Labor,0,24,-0.615905,0.615905,True,moderate,2026-04-24T07:51:03.322738+00:00
295,AU,AUD,CPI,117,cpi_headline_qoq,126,unemployment_rate,Unemployment Rate,Labor,4,23,-0.420805,0.420805,False,weak,2026-04-24T07:51:03.322738+00:00
296,AU,AUD,CPI,117,cpi_headline_qoq,126,unemployment_rate,Unemployment Rate,Labor,1,24,-0.270520,0.270520,False,weak,2026-04-24T07:51:03.322738+00:00
297,AU,AUD,CPI,117,cpi_headline_qoq,126,unemployment_rate,Unemployment Rate,Labor,6,22,-0.269587,0.269587,False,weak,2026-04-24T07:51:03.322738+00:00
298,AU,AUD,CPI,117,cpi_headline_qoq,126,unemployment_rate,Unemployment Rate,Labor,5,23,-0.132071,0.132071,False,very_weak,2026-04-24T07:51:03.322738+00:00
299,AU,AUD,CPI,117,cpi_headline_qoq,126,unemployment_rate,Unemployment Rate,Labor,2,24,-0.078438,0.078438,False,very_weak,2026-04-24T07:51:03.322738+00:00
300,AU,AUD,CPI,117,cpi_headline_qoq,126,unemployment_rate,Unemployment Rate,Labor,3,23,-0.017243,0.017243,False,very_weak,2026-04-24T07:51:03.322738+00:00
301,AU,AUD,CPI,117,cpi_headline_qoq,127,employment_change,Employment Change,Labor,0,24,0.759093,0.759093,True,strong,2026-04-24T07:51:03.322738+00:00
302,AU,AUD,CPI,117,cpi_headline_qoq,127,employment_change,Employment Change,Labor,3,23,-0.227073,0.227073,False,very_weak,2026-04-24T07:51:03.322738+00:00
303,AU,AUD,CPI,117,cpi_headline_qoq,127,employment_change,Employment Change,Labor,2,24,0.142121,0.142121,False,very_weak,2026-04-24T07:51:03.322738+00:00
304,AU,AUD,CPI,117,cpi_headline_qoq,127,employment_change,Employment Change,Labor,1,24,0.130209,0.130209,False,very_weak,2026-04-24T07:51:03.322738+00:00
305,AU,AUD,CPI,117,cpi_headline_qoq,127,employment_change,Employment Change,Labor,4,23,-0.107746,0.107746,False,very_weak,2026-04-24T07:51:03.322738+00:00
306,AU,AUD,CPI,117,cpi_headline_qoq,127,employment_change,Employment Change,Labor,5,23,-0.081027,0.081027,False,very_weak,2026-04-24T07:51:03.322738+00:00
307,AU,AUD,CPI,117,cpi_headline_qoq,127,employment_change,Employment Change,Labor,6,22,0.036748,0.036748,False,very_weak,2026-04-24T07:51:03.322738+00:00
308,AU,AUD,CPI,117,cpi_headline_qoq,128,full_time_employment_change,Full-Time Employment Change,Labor,0,24,0.546222,0.546222,True,moderate,2026-04-24T07:51:03.322738+00:00
309,AU,AUD,CPI,117,cpi_headline_qoq,128,full_time_employment_change,Full-Time Employment Change,Labor,2,24,0.304842,0.304842,False,weak,2026-04-24T07:51:03.322738+00:00
310,AU,AUD,CPI,117,cpi_headline_qoq,128,full_time_employment_change,Full-Time Employment Change,Labor,3,23,-0.297735,0.297735,False,weak,2026-04-24T07:51:03.322738+00:00
311,AU,AUD,CPI,117,cpi_headline_qoq,128,full_time_employment_change,Full-Time Employment Change,Labor,6,22,-0.111174,0.111174,False,very_weak,2026-04-24T07:51:03.322738+00:00
312,AU,AUD,CPI,117,cpi_headline_qoq,128,full_time_employment_change,Full-Time Employment Change,Labor,5,23,-0.050369,0.050369,False,very_weak,2026-04-24T07:51:03.322738+00:00
313,AU,AUD,CPI,117,cpi_headline_qoq,128,full_time_employment_change,Full-Time Employment Change,Labor,1,24,0.025031,0.025031,False,very_weak,2026-04-24T07:51:03.322738+00:00
314,AU,AUD,CPI,117,cpi_headline_qoq,128,full_time_employment_change,Full-Time Employment Change,Labor,4,23,0.004381,0.004381,False,very_weak,2026-04-24T07:51:03.322738+00:00
315,AU,AUD,CPI,117,cpi_headline_qoq,129,part_time_employment_change,Part-Time Employment Change,Labor,0,24,0.735811,0.735811,True,strong,2026-04-24T07:51:03.322738+00:00
316,AU,AUD,CPI,117,cpi_headline_qoq,129,part_time_employment_change,Part-Time Employment Change,Labor,3,23,-0.208216,0.208216,False,very_weak,2026-04-24T07:51:03.322738+00:00
317,AU,AUD,CPI,117,cpi_headline_qoq,129,part_time_employment_change,Part-Time Employment Change,Labor,6,22,0.071247,0.071247,False,very_weak,2026-04-24T07:51:03.322738+00:00
318,AU,AUD,CPI,117,cpi_headline_qoq,129,part_time_employment_change,Part-Time Employment Change,Labor,1,24,0.031025,0.031025,False,very_weak,2026-04-24T07:51:03.322738+00:00
319,AU,AUD,CPI,117,cpi_headline_qoq,129,part_time_employment_change,Part-Time Employment Change,Labor,2,24,0.021312,0.021312,False,very_weak,2026-04-24T07:51:03.322738+00:00
320,AU,AUD,CPI,117,cpi_headline_qoq,129,part_time_employment_change,Part-Time Employment Change,Labor,5,23,0.016018,0.016018,False,very_weak,2026-04-24T07:51:03.322738+00:00
321,AU,AUD,CPI,117,cpi_headline_qoq,129,part_time_employment_change,Part-Time Employment Change,Labor,4,23,0.007488,0.007488,False,very_weak,2026-04-24T07:51:03.322738+00:00
322,AU,AUD,CPI,117,cpi_headline_qoq,131,leading_index_mom,Leading Index (MoM),Growth,5,23,-0.441553,0.441553,True,weak,2026-04-24T07:51:03.322738+00:00
323,AU,AUD,CPI,117,cpi_headline_qoq,131,leading_index_mom,Leading Index (MoM),Growth,1,21,0.347372,0.347372,False,weak,2026-04-24T07:51:03.322738+00:00
324,AU,AUD,CPI,117,cpi_headline_qoq,131,leading_index_mom,Leading Index (MoM),Growth,0,22,0.309154,0.309154,False,weak,2026-04-24T07:51:03.322738+00:00
325,AU,AUD,CPI,117,cpi_headline_qoq,131,leading_index_mom,Leading Index (MoM),Growth,4,23,-0.191154,0.191154,False,very_weak,2026-04-24T07:51:03.322738+00:00
326,AU,AUD,CPI,117,cpi_headline_qoq,131,leading_index_mom,Leading Index (MoM),Growth,6,21,0.163720,0.163720,False,very_weak,2026-04-24T07:51:03.322738+00:00
327,AU,AUD,CPI,117,cpi_headline_qoq,131,leading_index_mom,Leading Index (MoM),Growth,2,25,-0.088368,0.088368,False,very_weak,2026-04-24T07:51:03.322738+00:00
328,AU,AUD,CPI,117,cpi_headline_qoq,131,leading_index_mom,Leading Index (MoM),Growth,3,21,0.048270,0.048270,False,very_weak,2026-04-24T07:51:03.322738+00:00
329,AU,AUD,CPI,117,cpi_headline_qoq,132,private_sector_credit_mom,Private Sector Credit (MoM),Growth,1,24,-0.668259,0.668259,True,moderate,2026-04-24T07:51:03.322738+00:00
330,AU,AUD,CPI,117,cpi_headline_qoq,132,private_sector_credit_mom,Private Sector Credit (MoM),Growth,0,21,-0.369613,0.369613,False,weak,2026-04-24T07:51:03.322738+00:00
331,AU,AUD,CPI,117,cpi_headline_qoq,132,private_sector_credit_mom,Private Sector Credit (MoM),Growth,2,23,-0.272512,0.272512,False,weak,2026-04-24T07:51:03.322738+00:00
332,AU,AUD,CPI,117,cpi_headline_qoq,132,private_sector_credit_mom,Private Sector Credit (MoM),Growth,5,22,0.177007,0.177007,False,very_weak,2026-04-24T07:51:03.322738+00:00
333,AU,AUD,CPI,117,cpi_headline_qoq,132,private_sector_credit_mom,Private Sector Credit (MoM),Growth,4,23,0.135601,0.135601,False,very_weak,2026-04-24T07:51:03.322738+00:00
334,AU,AUD,CPI,117,cpi_headline_qoq,132,private_sector_credit_mom,Private Sector Credit (MoM),Growth,6,20,-0.133046,0.133046,False,very_weak,2026-04-24T07:51:03.322738+00:00
335,AU,AUD,CPI,117,cpi_headline_qoq,132,private_sector_credit_mom,Private Sector Credit (MoM),Growth,3,21,-0.046876,0.046876,False,very_weak,2026-04-24T07:51:03.322738+00:00
336,AU,AUD,CPI,117,cpi_headline_qoq,133,private_sector_credit_yoy,Private Sector Credit (YoY),Growth,5,23,0.349363,0.349363,True,weak,2026-04-24T07:51:03.322738+00:00
337,AU,AUD,CPI,117,cpi_headline_qoq,133,private_sector_credit_yoy,Private Sector Credit (YoY),Growth,3,23,0.254606,0.254606,False,weak,2026-04-24T07:51:03.322738+00:00
338,AU,AUD,CPI,117,cpi_headline_qoq,133,private_sector_credit_yoy,Private Sector Credit (YoY),Growth,1,24,-0.245297,0.245297,False,very_weak,2026-04-24T07:51:03.322738+00:00
339,AU,AUD,CPI,117,cpi_headline_qoq,133,private_sector_credit_yoy,Private Sector Credit (YoY),Growth,2,24,-0.226688,0.226688,False,very_weak,2026-04-24T07:51:03.322738+00:00
340,AU,AUD,CPI,117,cpi_headline_qoq,133,private_sector_credit_yoy,Private Sector Credit (YoY),Growth,6,22,0.165595,0.165595,False,very_weak,2026-04-24T07:51:03.322738+00:00
341,AU,AUD,CPI,117,cpi_headline_qoq,133,private_sector_credit_yoy,Private Sector Credit (YoY),Growth,4,23,0.162682,0.162682,False,very_weak,2026-04-24T07:51:03.322738+00:00
342,AU,AUD,CPI,117,cpi_headline_qoq,133,private_sector_credit_yoy,Private Sector Credit (YoY),Growth,0,23,-0.066146,0.066146,False,very_weak,2026-04-24T07:51:03.322738+00:00
343,AU,AUD,CPI,117,cpi_headline_qoq,134,manufacturing_pmi,Manufacturing PMI,Growth,2,34,-0.620149,0.620149,True,moderate,2026-04-24T07:51:03.322738+00:00
344,AU,AUD,CPI,117,cpi_headline_qoq,134,manufacturing_pmi,Manufacturing PMI,Growth,0,32,0.490177,0.490177,False,moderate,2026-04-24T07:51:03.322738+00:00
345,AU,AUD,CPI,117,cpi_headline_qoq,134,manufacturing_pmi,Manufacturing PMI,Growth,3,32,-0.391576,0.391576,False,weak,2026-04-24T07:51:03.322738+00:00
346,AU,AUD,CPI,117,cpi_headline_qoq,134,manufacturing_pmi,Manufacturing PMI,Growth,4,33,0.147510,0.147510,False,very_weak,2026-04-24T07:51:03.322738+00:00
347,AU,AUD,CPI,117,cpi_headline_qoq,134,manufacturing_pmi,Manufacturing PMI,Growth,1,33,0.066378,0.066378,False,very_weak,2026-04-24T07:51:03.322738+00:00
348,AU,AUD,CPI,117,cpi_headline_qoq,134,manufacturing_pmi,Manufacturing PMI,Growth,6,29,-0.030618,0.030618,False,very_weak,2026-04-24T07:51:03.322738+00:00
349,AU,AUD,CPI,117,cpi_headline_qoq,134,manufacturing_pmi,Manufacturing PMI,Growth,5,31,-0.010728,0.010728,False,very_weak,2026-04-24T07:51:03.322738+00:00
350,AU,AUD,CPI,117,cpi_headline_qoq,135,services_pmi,Services PMI,Growth,1,33,0.625528,0.625528,True,moderate,2026-04-24T07:51:03.322738+00:00
351,AU,AUD,CPI,117,cpi_headline_qoq,135,services_pmi,Services PMI,Growth,0,35,0.305244,0.305244,False,weak,2026-04-24T07:51:03.322738+00:00
352,AU,AUD,CPI,117,cpi_headline_qoq,135,services_pmi,Services PMI,Growth,3,34,-0.274668,0.274668,False,weak,2026-04-24T07:51:03.322738+00:00
353,AU,AUD,CPI,117,cpi_headline_qoq,135,services_pmi,Services PMI,Growth,4,33,-0.253565,0.253565,False,weak,2026-04-24T07:51:03.322738+00:00
354,AU,AUD,CPI,117,cpi_headline_qoq,135,services_pmi,Services PMI,Growth,5,32,-0.141411,0.141411,False,very_weak,2026-04-24T07:51:03.322738+00:00
355,AU,AUD,CPI,117,cpi_headline_qoq,135,services_pmi,Services PMI,Growth,2,35,-0.011568,0.011568,False,very_weak,2026-04-24T07:51:03.322738+00:00
356,AU,AUD,CPI,117,cpi_headline_qoq,135,services_pmi,Services PMI,Growth,6,31,0.003742,0.003742,False,very_weak,2026-04-24T07:51:03.322738+00:00
357,AU,AUD,CPI,117,cpi_headline_qoq,136,composite_pmi,Composite PMI,Growth,1,30,0.578416,0.578416,True,moderate,2026-04-24T07:51:03.322738+00:00
358,AU,AUD,CPI,117,cpi_headline_qoq,136,composite_pmi,Composite PMI,Growth,0,30,0.387336,0.387336,False,weak,2026-04-24T07:51:03.322738+00:00
359,AU,AUD,CPI,117,cpi_headline_qoq,136,composite_pmi,Composite PMI,Growth,3,30,-0.222947,0.222947,False,very_weak,2026-04-24T07:51:03.322738+00:00
360,AU,AUD,CPI,117,cpi_headline_qoq,136,composite_pmi,Composite PMI,Growth,5,29,-0.187229,0.187229,False,very_weak,2026-04-24T07:51:03.322738+00:00
361,AU,AUD,CPI,117,cpi_headline_qoq,136,composite_pmi,Composite PMI,Growth,6,29,-0.182866,0.182866,False,very_weak,2026-04-24T07:51:03.322738+00:00
362,AU,AUD,CPI,117,cpi_headline_qoq,136,composite_pmi,Composite PMI,Growth,4,29,-0.152743,0.152743,False,very_weak,2026-04-24T07:51:03.322738+00:00
363,AU,AUD,CPI,117,cpi_headline_qoq,136,composite_pmi,Composite PMI,Growth,2,30,-0.063261,0.063261,False,very_weak,2026-04-24T07:51:03.322738+00:00
364,AU,AUD,CPI,117,cpi_headline_qoq,199,retail_sales_mom,Retail Sales (MoM),Growth,1,36,-0.524058,0.524058,True,moderate,2026-04-24T07:51:03.322738+00:00
365,AU,AUD,CPI,117,cpi_headline_qoq,199,retail_sales_mom,Retail Sales (MoM),Growth,5,35,-0.408255,0.408255,False,weak,2026-04-24T07:51:03.322738+00:00
366,AU,AUD,CPI,117,cpi_headline_qoq,199,retail_sales_mom,Retail Sales (MoM),Growth,4,35,0.262131,0.262131,False,weak,2026-04-24T07:51:03.322738+00:00
367,AU,AUD,CPI,117,cpi_headline_qoq,199,retail_sales_mom,Retail Sales (MoM),Growth,0,33,0.232332,0.232332,False,very_weak,2026-04-24T07:51:03.322738+00:00
368,AU,AUD,CPI,117,cpi_headline_qoq,199,retail_sales_mom,Retail Sales (MoM),Growth,6,34,-0.161810,0.161810,False,very_weak,2026-04-24T07:51:03.322738+00:00
369,AU,AUD,CPI,117,cpi_headline_qoq,199,retail_sales_mom,Retail Sales (MoM),Growth,3,33,-0.103046,0.103046,False,very_weak,2026-04-24T07:51:03.322738+00:00
370,AU,AUD,CPI,117,cpi_headline_qoq,199,retail_sales_mom,Retail Sales (MoM),Growth,2,35,-0.059296,0.059296,False,very_weak,2026-04-24T07:51:03.322738+00:00
371,AU,AUD,CPI,117,cpi_headline_qoq,200,building_permits,Building Permits,Growth,6,33,-0.431706,0.431706,True,weak,2026-04-24T07:51:03.322738+00:00
372,AU,AUD,CPI,117,cpi_headline_qoq,200,building_permits,Building Permits,Growth,5,32,0.309633,0.309633,False,weak,2026-04-24T07:51:03.322738+00:00
373,AU,AUD,CPI,117,cpi_headline_qoq,200,building_permits,Building Permits,Growth,1,36,0.243917,0.243917,False,very_weak,2026-04-24T07:51:03.322738+00:00
374,AU,AUD,CPI,117,cpi_headline_qoq,200,building_permits,Building Permits,Growth,0,33,-0.193986,0.193986,False,very_weak,2026-04-24T07:51:03.322738+00:00
375,AU,AUD,CPI,117,cpi_headline_qoq,200,building_permits,Building Permits,Growth,4,36,0.091377,0.091377,False,very_weak,2026-04-24T07:51:03.322738+00:00
376,AU,AUD,CPI,117,cpi_headline_qoq,200,building_permits,Building Permits,Growth,2,34,0.043856,0.043856,False,very_weak,2026-04-24T07:51:03.322738+00:00
377,AU,AUD,CPI,117,cpi_headline_qoq,200,building_permits,Building Permits,Growth,3,35,-0.022692,0.022692,False,very_weak,2026-04-24T07:51:03.322738+00:00
378,AU,AUD,CPI,117,cpi_headline_qoq,201,td_mi_inflation_gauge_mom,TD-MI Inflation Gauge (MoM),Inflation,0,24,0.250265,0.250265,True,weak,2026-04-24T07:51:03.322738+00:00
379,AU,AUD,CPI,117,cpi_headline_qoq,201,td_mi_inflation_gauge_mom,TD-MI Inflation Gauge (MoM),Inflation,6,22,0.160199,0.160199,False,very_weak,2026-04-24T07:51:03.322738+00:00
380,AU,AUD,CPI,117,cpi_headline_qoq,201,td_mi_inflation_gauge_mom,TD-MI Inflation Gauge (MoM),Inflation,3,23,-0.130528,0.130528,False,very_weak,2026-04-24T07:51:03.322738+00:00
381,AU,AUD,CPI,117,cpi_headline_qoq,201,td_mi_inflation_gauge_mom,TD-MI Inflation Gauge (MoM),Inflation,5,21,0.113505,0.113505,False,very_weak,2026-04-24T07:51:03.322738+00:00
382,AU,AUD,CPI,117,cpi_headline_qoq,201,td_mi_inflation_gauge_mom,TD-MI Inflation Gauge (MoM),Inflation,2,22,0.109734,0.109734,False,very_weak,2026-04-24T07:51:03.322738+00:00
383,AU,AUD,CPI,117,cpi_headline_qoq,201,td_mi_inflation_gauge_mom,TD-MI Inflation Gauge (MoM),Inflation,4,22,-0.004819,0.004819,False,very_weak,2026-04-24T07:51:03.322738+00:00
384,AU,AUD,CPI,117,cpi_headline_qoq,201,td_mi_inflation_gauge_mom,TD-MI Inflation Gauge (MoM),Inflation,1,23,-0.000379,0.000379,False,very_weak,2026-04-24T07:51:03.322738+00:00
385,AU,AUD,CPI,117,cpi_headline_qoq,202,consumer_inflation_expectation,Consumer Inflation Expectation,Inflation,4,24,0.300632,0.300632,True,weak,2026-04-24T07:51:03.322738+00:00
386,AU,AUD,CPI,117,cpi_headline_qoq,202,consumer_inflation_expectation,Consumer Inflation Expectation,Inflation,3,22,0.254843,0.254843,False,weak,2026-04-24T07:51:03.322738+00:00
387,AU,AUD,CPI,117,cpi_headline_qoq,202,consumer_inflation_expectation,Consumer Inflation Expectation,Inflation,6,22,0.250007,0.250007,False,weak,2026-04-24T07:51:03.322738+00:00
388,AU,AUD,CPI,117,cpi_headline_qoq,202,consumer_inflation_expectation,Consumer Inflation Expectation,Inflation,0,25,0.210915,0.210915,False,very_weak,2026-04-24T07:51:03.322738+00:00
389,AU,AUD,CPI,117,cpi_headline_qoq,202,consumer_inflation_expectation,Consumer Inflation Expectation,Inflation,1,26,0.209021,0.209021,False,very_weak,2026-04-24T07:51:03.322738+00:00
390,AU,AUD,CPI,117,cpi_headline_qoq,202,consumer_inflation_expectation,Consumer Inflation Expectation,Inflation,2,23,0.169824,0.169824,False,very_weak,2026-04-24T07:51:03.322738+00:00
391,AU,AUD,CPI,117,cpi_headline_qoq,202,consumer_inflation_expectation,Consumer Inflation Expectation,Inflation,5,22,0.106208,0.106208,False,very_weak,2026-04-24T07:51:03.322738+00:00
392,AU,AUD,CPI,117,cpi_headline_qoq,203,ai_group_manufacturing_index,Ai Group Manufacturing Index,Growth,3,22,-0.432953,0.432953,True,weak,2026-04-24T07:51:03.322738+00:00
393,AU,AUD,CPI,117,cpi_headline_qoq,203,ai_group_manufacturing_index,Ai Group Manufacturing Index,Growth,5,22,-0.285898,0.285898,False,weak,2026-04-24T07:51:03.322738+00:00
394,AU,AUD,CPI,117,cpi_headline_qoq,203,ai_group_manufacturing_index,Ai Group Manufacturing Index,Growth,0,22,0.211679,0.211679,False,very_weak,2026-04-24T07:51:03.322738+00:00
395,AU,AUD,CPI,117,cpi_headline_qoq,203,ai_group_manufacturing_index,Ai Group Manufacturing Index,Growth,1,21,-0.139513,0.139513,False,very_weak,2026-04-24T07:51:03.322738+00:00
396,AU,AUD,CPI,117,cpi_headline_qoq,203,ai_group_manufacturing_index,Ai Group Manufacturing Index,Growth,2,23,-0.096769,0.096769,False,very_weak,2026-04-24T07:51:03.322738+00:00
397,AU,AUD,CPI,117,cpi_headline_qoq,203,ai_group_manufacturing_index,Ai Group Manufacturing Index,Growth,4,20,-0.076609,0.076609,False,very_weak,2026-04-24T07:51:03.322738+00:00
398,AU,AUD,CPI,117,cpi_headline_qoq,203,ai_group_manufacturing_index,Ai Group Manufacturing Index,Growth,6,21,0.022674,0.022674,False,very_weak,2026-04-24T07:51:03.322738+00:00
399,AU,AUD,CPI,117,cpi_headline_qoq,204,ai_group_industry_index,Ai Group Industry Index,Growth,4,9,-0.441115,0.441115,True,weak,2026-04-24T07:51:03.322738+00:00
400,AU,AUD,CPI,117,cpi_headline_qoq,204,ai_group_industry_index,Ai Group Industry Index,Growth,2,11,0.327379,0.327379,False,weak,2026-04-24T07:51:03.322738+00:00
401,AU,AUD,CPI,117,cpi_headline_qoq,204,ai_group_industry_index,Ai Group Industry Index,Growth,1,10,0.263550,0.263550,False,weak,2026-04-24T07:51:03.322738+00:00
402,AU,AUD,CPI,117,cpi_headline_qoq,204,ai_group_industry_index,Ai Group Industry Index,Growth,3,11,0.255091,0.255091,False,weak,2026-04-24T07:51:03.322738+00:00
403,AU,AUD,CPI,117,cpi_headline_qoq,204,ai_group_industry_index,Ai Group Industry Index,Growth,0,11,0.197974,0.197974,False,very_weak,2026-04-24T07:51:03.322738+00:00
404,AU,AUD,CPI,117,cpi_headline_qoq,204,ai_group_industry_index,Ai Group Industry Index,Growth,5,10,0.086143,0.086143,False,very_weak,2026-04-24T07:51:03.322738+00:00
405,AU,AUD,CPI,117,cpi_headline_qoq,204,ai_group_industry_index,Ai Group Industry Index,Growth,6,10,-0.006753,0.006753,False,very_weak,2026-04-24T07:51:03.322738+00:00
406,AU,AUD,CPI,117,cpi_headline_qoq,205,ai_group_construction_index,Ai Group Construction Index,Growth,0,22,0.532601,0.532601,True,moderate,2026-04-24T07:51:03.322738+00:00
407,AU,AUD,CPI,117,cpi_headline_qoq,205,ai_group_construction_index,Ai Group Construction Index,Growth,3,22,-0.319928,0.319928,False,weak,2026-04-24T07:51:03.322738+00:00
408,AU,AUD,CPI,117,cpi_headline_qoq,205,ai_group_construction_index,Ai Group Construction Index,Growth,5,22,0.194943,0.194943,False,very_weak,2026-04-24T07:51:03.322738+00:00
409,AU,AUD,CPI,117,cpi_headline_qoq,205,ai_group_construction_index,Ai Group Construction Index,Growth,4,20,-0.130440,0.130440,False,very_weak,2026-04-24T07:51:03.322738+00:00
410,AU,AUD,CPI,117,cpi_headline_qoq,205,ai_group_construction_index,Ai Group Construction Index,Growth,6,21,-0.086656,0.086656,False,very_weak,2026-04-24T07:51:03.322738+00:00
411,AU,AUD,CPI,117,cpi_headline_qoq,205,ai_group_construction_index,Ai Group Construction Index,Growth,1,21,0.044866,0.044866,False,very_weak,2026-04-24T07:51:03.322738+00:00
412,AU,AUD,CPI,117,cpi_headline_qoq,205,ai_group_construction_index,Ai Group Construction Index,Growth,2,23,0.007813,0.007813,False,very_weak,2026-04-24T07:51:03.322738+00:00
413,AU,AUD,CPI,117,cpi_headline_qoq,345,rba_weighted_median_cpi_qoq,RBA Weighted Median CPI (QoQ),Inflation,0,26,0.699277,0.699277,True,moderate,2026-04-24T07:51:03.322738+00:00
414,AU,AUD,CPI,117,cpi_headline_qoq,345,rba_weighted_median_cpi_qoq,RBA Weighted Median CPI (QoQ),Inflation,6,24,0.621172,0.621172,False,moderate,2026-04-24T07:51:03.322738+00:00
415,AU,AUD,CPI,117,cpi_headline_qoq,345,rba_weighted_median_cpi_qoq,RBA Weighted Median CPI (QoQ),Inflation,3,25,0.151865,0.151865,False,very_weak,2026-04-24T07:51:03.322738+00:00
416,AU,AUD,CPI,117,cpi_headline_qoq,346,rba_weighted_median_cpi_yoy,RBA Weighted Median CPI (YoY),Inflation,6,24,0.646839,0.646839,True,moderate,2026-04-24T07:51:03.322738+00:00
417,AU,AUD,CPI,117,cpi_headline_qoq,346,rba_weighted_median_cpi_yoy,RBA Weighted Median CPI (YoY),Inflation,0,26,0.336999,0.336999,False,weak,2026-04-24T07:51:03.322738+00:00
418,AU,AUD,CPI,117,cpi_headline_qoq,346,rba_weighted_median_cpi_yoy,RBA Weighted Median CPI (YoY),Inflation,3,25,0.268368,0.268368,False,weak,2026-04-24T07:51:03.322738+00:00
419,AU,AUD,CPI,117,cpi_headline_qoq,347,monthly_cpi_indicator,Monthly CPI Indicator,Inflation,2,13,-0.406938,0.406938,True,weak,2026-04-24T07:51:03.322738+00:00
420,AU,AUD,CPI,117,cpi_headline_qoq,347,monthly_cpi_indicator,Monthly CPI Indicator,Inflation,0,11,0.387507,0.387507,False,weak,2026-04-24T07:51:03.322738+00:00
421,AU,AUD,CPI,117,cpi_headline_qoq,347,monthly_cpi_indicator,Monthly CPI Indicator,Inflation,6,11,0.374159,0.374159,False,weak,2026-04-24T07:51:03.322738+00:00
422,AU,AUD,CPI,117,cpi_headline_qoq,347,monthly_cpi_indicator,Monthly CPI Indicator,Inflation,4,12,-0.235360,0.235360,False,very_weak,2026-04-24T07:51:03.322738+00:00
423,AU,AUD,CPI,117,cpi_headline_qoq,347,monthly_cpi_indicator,Monthly CPI Indicator,Inflation,3,12,-0.226925,0.226925,False,very_weak,2026-04-24T07:51:03.322738+00:00
424,AU,AUD,CPI,117,cpi_headline_qoq,347,monthly_cpi_indicator,Monthly CPI Indicator,Inflation,5,12,-0.222156,0.222156,False,very_weak,2026-04-24T07:51:03.322738+00:00
425,AU,AUD,CPI,117,cpi_headline_qoq,347,monthly_cpi_indicator,Monthly CPI Indicator,Inflation,1,12,0.044775,0.044775,False,very_weak,2026-04-24T07:51:03.322738+00:00
426,AU,AUD,CPI,117,cpi_headline_qoq,350,nab_business_confidence,NAB Business Confidence,Growth,1,23,0.723233,0.723233,True,strong,2026-04-24T07:51:03.322738+00:00
427,AU,AUD,CPI,117,cpi_headline_qoq,350,nab_business_confidence,NAB Business Confidence,Growth,6,20,-0.394387,0.394387,False,weak,2026-04-24T07:51:03.322738+00:00
428,AU,AUD,CPI,117,cpi_headline_qoq,350,nab_business_confidence,NAB Business Confidence,Growth,2,23,0.338980,0.338980,False,weak,2026-04-24T07:51:03.322738+00:00
429,AU,AUD,CPI,117,cpi_headline_qoq,350,nab_business_confidence,NAB Business Confidence,Growth,4,22,-0.289498,0.289498,False,weak,2026-04-24T07:51:03.322738+00:00
430,AU,AUD,CPI,117,cpi_headline_qoq,350,nab_business_confidence,NAB Business Confidence,Growth,3,21,-0.286387,0.286387,False,weak,2026-04-24T07:51:03.322738+00:00
431,AU,AUD,CPI,117,cpi_headline_qoq,350,nab_business_confidence,NAB Business Confidence,Growth,0,22,0.186485,0.186485,False,very_weak,2026-04-24T07:51:03.322738+00:00
432,AU,AUD,CPI,117,cpi_headline_qoq,350,nab_business_confidence,NAB Business Confidence,Growth,5,22,-0.182727,0.182727,False,very_weak,2026-04-24T07:51:03.322738+00:00
433,AU,AUD,CPI,117,cpi_headline_qoq,351,westpac_consumer_confidence_change,Westpac Consumer Confidence Change,Growth,5,22,-0.357208,0.357208,True,weak,2026-04-24T07:51:03.322738+00:00
434,AU,AUD,CPI,117,cpi_headline_qoq,351,westpac_consumer_confidence_change,Westpac Consumer Confidence Change,Growth,0,24,0.352308,0.352308,False,weak,2026-04-24T07:51:03.322738+00:00
435,AU,AUD,CPI,117,cpi_headline_qoq,351,westpac_consumer_confidence_change,Westpac Consumer Confidence Change,Growth,1,23,0.221816,0.221816,False,very_weak,2026-04-24T07:51:03.322738+00:00
436,AU,AUD,CPI,117,cpi_headline_qoq,351,westpac_consumer_confidence_change,Westpac Consumer Confidence Change,Growth,3,23,-0.181995,0.181995,False,very_weak,2026-04-24T07:51:03.322738+00:00
437,AU,AUD,CPI,117,cpi_headline_qoq,351,westpac_consumer_confidence_change,Westpac Consumer Confidence Change,Growth,4,22,-0.152585,0.152585,False,very_weak,2026-04-24T07:51:03.322738+00:00
438,AU,AUD,CPI,117,cpi_headline_qoq,351,westpac_consumer_confidence_change,Westpac Consumer Confidence Change,Growth,2,23,-0.039663,0.039663,False,very_weak,2026-04-24T07:51:03.322738+00:00
439,AU,AUD,CPI,117,cpi_headline_qoq,351,westpac_consumer_confidence_change,Westpac Consumer Confidence Change,Growth,6,22,0.020915,0.020915,False,very_weak,2026-04-24T07:51:03.322738+00:00
440,AU,AUD,CPI,117,cpi_headline_qoq,352,westpac_consumer_confidence_index,Westpac Consumer Confidence Index,Growth,4,23,-0.573583,0.573583,True,moderate,2026-04-24T07:51:03.322738+00:00
441,AU,AUD,CPI,117,cpi_headline_qoq,352,westpac_consumer_confidence_index,Westpac Consumer Confidence Index,Growth,5,22,-0.520002,0.520002,False,moderate,2026-04-24T07:51:03.322738+00:00
442,AU,AUD,CPI,117,cpi_headline_qoq,352,westpac_consumer_confidence_index,Westpac Consumer Confidence Index,Growth,3,23,-0.507896,0.507896,False,moderate,2026-04-24T07:51:03.322738+00:00
443,AU,AUD,CPI,117,cpi_headline_qoq,352,westpac_consumer_confidence_index,Westpac Consumer Confidence Index,Growth,2,23,-0.493969,0.493969,False,moderate,2026-04-24T07:51:03.322738+00:00
444,AU,AUD,CPI,117,cpi_headline_qoq,352,westpac_consumer_confidence_index,Westpac Consumer Confidence Index,Growth,0,24,0.269660,0.269660,False,weak,2026-04-24T07:51:03.322738+00:00
445,AU,AUD,CPI,117,cpi_headline_qoq,352,westpac_consumer_confidence_index,Westpac Consumer Confidence Index,Growth,6,22,-0.198815,0.198815,False,very_weak,2026-04-24T07:51:03.322738+00:00
446,AU,AUD,CPI,117,cpi_headline_qoq,352,westpac_consumer_confidence_index,Westpac Consumer Confidence Index,Growth,1,24,-0.120068,0.120068,False,very_weak,2026-04-24T07:51:03.322738+00:00
447,AU,AUD,CPI,117,cpi_headline_qoq,354,housing_credit_mom,Housing Credit (MoM),Growth,5,11,-0.655105,0.655105,True,moderate,2026-04-24T07:51:03.322738+00:00
448,AU,AUD,CPI,117,cpi_headline_qoq,354,housing_credit_mom,Housing Credit (MoM),Growth,0,12,-0.592067,0.592067,False,moderate,2026-04-24T07:51:03.322738+00:00
449,AU,AUD,CPI,117,cpi_headline_qoq,354,housing_credit_mom,Housing Credit (MoM),Growth,1,12,-0.501949,0.501949,False,moderate,2026-04-24T07:51:03.322738+00:00
450,AU,AUD,CPI,117,cpi_headline_qoq,354,housing_credit_mom,Housing Credit (MoM),Growth,3,12,-0.363978,0.363978,False,weak,2026-04-24T07:51:03.322738+00:00
451,AU,AUD,CPI,117,cpi_headline_qoq,354,housing_credit_mom,Housing Credit (MoM),Growth,6,11,-0.355784,0.355784,False,weak,2026-04-24T07:51:03.322738+00:00
452,AU,AUD,CPI,117,cpi_headline_qoq,354,housing_credit_mom,Housing Credit (MoM),Growth,4,11,0.127251,0.127251,False,very_weak,2026-04-24T07:51:03.322738+00:00
453,AU,AUD,CPI,117,cpi_headline_qoq,354,housing_credit_mom,Housing Credit (MoM),Growth,2,12,-0.043705,0.043705,False,very_weak,2026-04-24T07:51:03.322738+00:00
454,AU,AUD,CPI,117,cpi_headline_qoq,360,private_house_approvals_mom,Private House Approvals (MoM),Growth,1,27,-0.284685,0.284685,True,weak,2026-04-24T07:51:03.322738+00:00
455,AU,AUD,CPI,117,cpi_headline_qoq,360,private_house_approvals_mom,Private House Approvals (MoM),Growth,5,22,0.274811,0.274811,False,weak,2026-04-24T07:51:03.322738+00:00
456,AU,AUD,CPI,117,cpi_headline_qoq,360,private_house_approvals_mom,Private House Approvals (MoM),Growth,4,26,-0.264198,0.264198,False,weak,2026-04-24T07:51:03.322738+00:00
457,AU,AUD,CPI,117,cpi_headline_qoq,360,private_house_approvals_mom,Private House Approvals (MoM),Growth,3,25,-0.108813,0.108813,False,very_weak,2026-04-24T07:51:03.322738+00:00
458,AU,AUD,CPI,117,cpi_headline_qoq,360,private_house_approvals_mom,Private House Approvals (MoM),Growth,0,23,-0.093933,0.093933,False,very_weak,2026-04-24T07:51:03.322738+00:00
459,AU,AUD,CPI,117,cpi_headline_qoq,360,private_house_approvals_mom,Private House Approvals (MoM),Growth,2,24,-0.047654,0.047654,False,very_weak,2026-04-24T07:51:03.322738+00:00
460,AU,AUD,CPI,117,cpi_headline_qoq,360,private_house_approvals_mom,Private House Approvals (MoM),Growth,6,23,0.003361,0.003361,False,very_weak,2026-04-24T07:51:03.322738+00:00
461,AU,AUD,CPI,117,cpi_headline_qoq,361,corelogic_dwelling_prices_mom,CoreLogic Dwelling Prices (MoM),Growth,0,9,0.707396,0.707396,True,strong,2026-04-24T07:51:03.322738+00:00
462,AU,AUD,CPI,117,cpi_headline_qoq,361,corelogic_dwelling_prices_mom,CoreLogic Dwelling Prices (MoM),Growth,3,9,0.206684,0.206684,False,very_weak,2026-04-24T07:51:03.322738+00:00
463,AU,AUD,CPI,117,cpi_headline_qoq,361,corelogic_dwelling_prices_mom,CoreLogic Dwelling Prices (MoM),Growth,5,10,0.167071,0.167071,False,very_weak,2026-04-24T07:51:03.322738+00:00
464,AU,AUD,CPI,117,cpi_headline_qoq,361,corelogic_dwelling_prices_mom,CoreLogic Dwelling Prices (MoM),Growth,4,10,0.124839,0.124839,False,very_weak,2026-04-24T07:51:03.322738+00:00
465,AU,AUD,CPI,117,cpi_headline_qoq,361,corelogic_dwelling_prices_mom,CoreLogic Dwelling Prices (MoM),Growth,1,11,0.093457,0.093457,False,very_weak,2026-04-24T07:51:03.322738+00:00
466,AU,AUD,CPI,117,cpi_headline_qoq,361,corelogic_dwelling_prices_mom,CoreLogic Dwelling Prices (MoM),Growth,6,10,0.085639,0.085639,False,very_weak,2026-04-24T07:51:03.322738+00:00
467,AU,AUD,CPI,117,cpi_headline_qoq,361,corelogic_dwelling_prices_mom,CoreLogic Dwelling Prices (MoM),Growth,2,10,-0.011101,0.011101,False,very_weak,2026-04-24T07:51:03.322738+00:00
468,AU,AUD,CPI,117,cpi_headline_qoq,362,ai_group_services_index,Ai Group Services Index,Growth,1,10,0.715713,0.715713,True,strong,2026-04-24T07:51:03.322738+00:00
469,AU,AUD,CPI,117,cpi_headline_qoq,362,ai_group_services_index,Ai Group Services Index,Growth,0,10,0.593575,0.593575,False,moderate,2026-04-24T07:51:03.322738+00:00
470,AU,AUD,CPI,117,cpi_headline_qoq,362,ai_group_services_index,Ai Group Services Index,Growth,4,10,-0.408430,0.408430,False,weak,2026-04-24T07:51:03.322738+00:00
471,AU,AUD,CPI,117,cpi_headline_qoq,362,ai_group_services_index,Ai Group Services Index,Growth,5,12,-0.341600,0.341600,False,weak,2026-04-24T07:51:03.322738+00:00
472,AU,AUD,CPI,117,cpi_headline_qoq,362,ai_group_services_index,Ai Group Services Index,Growth,3,10,-0.323504,0.323504,False,weak,2026-04-24T07:51:03.322738+00:00
473,AU,AUD,CPI,117,cpi_headline_qoq,362,ai_group_services_index,Ai Group Services Index,Growth,2,12,-0.077261,0.077261,False,very_weak,2026-04-24T07:51:03.322738+00:00
474,AU,AUD,CPI,117,cpi_headline_qoq,362,ai_group_services_index,Ai Group Services Index,Growth,6,10,-0.063204,0.063204,False,very_weak,2026-04-24T07:51:03.322738+00:00
475,AU,AUD,CPI,117,cpi_headline_qoq,363,balance_of_trade,Balance of Trade,Growth,1,24,-0.536876,0.536876,True,moderate,2026-04-24T07:51:03.322738+00:00
476,AU,AUD,CPI,117,cpi_headline_qoq,363,balance_of_trade,Balance of Trade,Growth,4,23,0.324267,0.324267,False,weak,2026-04-24T07:51:03.322738+00:00
477,AU,AUD,CPI,117,cpi_headline_qoq,363,balance_of_trade,Balance of Trade,Growth,6,23,0.280892,0.280892,False,weak,2026-04-24T07:51:03.322738+00:00
478,AU,AUD,CPI,117,cpi_headline_qoq,363,balance_of_trade,Balance of Trade,Growth,2,24,0.273662,0.273662,False,weak,2026-04-24T07:51:03.322738+00:00
479,AU,AUD,CPI,117,cpi_headline_qoq,363,balance_of_trade,Balance of Trade,Growth,3,24,0.228660,0.228660,False,very_weak,2026-04-24T07:51:03.322738+00:00
480,AU,AUD,CPI,117,cpi_headline_qoq,363,balance_of_trade,Balance of Trade,Growth,0,23,-0.213497,0.213497,False,very_weak,2026-04-24T07:51:03.322738+00:00
481,AU,AUD,CPI,117,cpi_headline_qoq,363,balance_of_trade,Balance of Trade,Growth,5,23,0.085256,0.085256,False,very_weak,2026-04-24T07:51:03.322738+00:00
482,AU,AUD,CPI,117,cpi_headline_qoq,364,exports_mom,Exports (MoM),Growth,3,24,0.436899,0.436899,True,weak,2026-04-24T07:51:03.322738+00:00
483,AU,AUD,CPI,117,cpi_headline_qoq,364,exports_mom,Exports (MoM),Growth,1,23,-0.351165,0.351165,False,weak,2026-04-24T07:51:03.322738+00:00
484,AU,AUD,CPI,117,cpi_headline_qoq,364,exports_mom,Exports (MoM),Growth,2,24,0.230412,0.230412,False,very_weak,2026-04-24T07:51:03.322738+00:00
485,AU,AUD,CPI,117,cpi_headline_qoq,364,exports_mom,Exports (MoM),Growth,4,22,-0.193441,0.193441,False,very_weak,2026-04-24T07:51:03.322738+00:00
486,AU,AUD,CPI,117,cpi_headline_qoq,364,exports_mom,Exports (MoM),Growth,0,23,0.168734,0.168734,False,very_weak,2026-04-24T07:51:03.322738+00:00
487,AU,AUD,CPI,117,cpi_headline_qoq,364,exports_mom,Exports (MoM),Growth,6,23,-0.048595,0.048595,False,very_weak,2026-04-24T07:51:03.322738+00:00
488,AU,AUD,CPI,117,cpi_headline_qoq,364,exports_mom,Exports (MoM),Growth,5,23,0.038943,0.038943,False,very_weak,2026-04-24T07:51:03.322738+00:00
489,AU,AUD,CPI,117,cpi_headline_qoq,365,imports_mom,Imports (MoM),Growth,0,23,0.421743,0.421743,True,weak,2026-04-24T07:51:03.322738+00:00
490,AU,AUD,CPI,117,cpi_headline_qoq,365,imports_mom,Imports (MoM),Growth,2,24,0.291413,0.291413,False,weak,2026-04-24T07:51:03.322738+00:00
491,AU,AUD,CPI,117,cpi_headline_qoq,365,imports_mom,Imports (MoM),Growth,4,23,-0.230312,0.230312,False,very_weak,2026-04-24T07:51:03.322738+00:00
492,AU,AUD,CPI,117,cpi_headline_qoq,365,imports_mom,Imports (MoM),Growth,3,24,-0.136858,0.136858,False,very_weak,2026-04-24T07:51:03.322738+00:00
493,AU,AUD,CPI,117,cpi_headline_qoq,365,imports_mom,Imports (MoM),Growth,6,23,-0.129342,0.129342,False,very_weak,2026-04-24T07:51:03.322738+00:00
494,AU,AUD,CPI,117,cpi_headline_qoq,365,imports_mom,Imports (MoM),Growth,5,23,0.115564,0.115564,False,very_weak,2026-04-24T07:51:03.322738+00:00
495,AU,AUD,CPI,117,cpi_headline_qoq,365,imports_mom,Imports (MoM),Growth,1,24,0.061800,0.061800,False,very_weak,2026-04-24T07:51:03.322738+00:00
496,AU,AUD,CPI,117,cpi_headline_qoq,366,current_account,Current Account,Growth,6,20,0.175007,0.175007,True,very_weak,2026-04-24T07:51:03.322738+00:00
497,AU,AUD,CPI,117,cpi_headline_qoq,366,current_account,Current Account,Growth,3,21,0.012203,0.012203,False,very_weak,2026-04-24T07:51:03.322738+00:00
498,AU,AUD,UNEMPLOYMENT,126,unemployment_rate,127,employment_change,Employment Change,Labor,6,68,-0.355822,0.355822,True,weak,2026-04-24T07:51:03.322738+00:00
499,AU,AUD,UNEMPLOYMENT,126,unemployment_rate,127,employment_change,Employment Change,Labor,3,71,-0.331000,0.331000,False,weak,2026-04-24T07:51:03.322738+00:00
500,AU,AUD,UNEMPLOYMENT,126,unemployment_rate,127,employment_change,Employment Change,Labor,2,72,-0.311601,0.311601,False,weak,2026-04-24T07:51:03.322738+00:00
501,AU,AUD,UNEMPLOYMENT,126,unemployment_rate,127,employment_change,Employment Change,Labor,5,69,-0.298197,0.298197,False,weak,2026-04-24T07:51:03.322738+00:00
502,AU,AUD,UNEMPLOYMENT,126,unemployment_rate,127,employment_change,Employment Change,Labor,1,73,-0.278540,0.278540,False,weak,2026-04-24T07:51:03.322738+00:00
503,AU,AUD,UNEMPLOYMENT,126,unemployment_rate,127,employment_change,Employment Change,Labor,4,70,-0.272087,0.272087,False,weak,2026-04-24T07:51:03.322738+00:00
504,AU,AUD,UNEMPLOYMENT,126,unemployment_rate,127,employment_change,Employment Change,Labor,0,74,-0.173969,0.173969,False,very_weak,2026-04-24T07:51:03.322738+00:00
505,AU,AUD,UNEMPLOYMENT,126,unemployment_rate,128,full_time_employment_change,Full-Time Employment Change,Labor,6,68,-0.200581,0.200581,True,very_weak,2026-04-24T07:51:03.322738+00:00
506,AU,AUD,UNEMPLOYMENT,126,unemployment_rate,128,full_time_employment_change,Full-Time Employment Change,Labor,3,71,-0.165298,0.165298,False,very_weak,2026-04-24T07:51:03.322738+00:00
507,AU,AUD,UNEMPLOYMENT,126,unemployment_rate,128,full_time_employment_change,Full-Time Employment Change,Labor,5,69,-0.126377,0.126377,False,very_weak,2026-04-24T07:51:03.322738+00:00
508,AU,AUD,UNEMPLOYMENT,126,unemployment_rate,128,full_time_employment_change,Full-Time Employment Change,Labor,4,70,-0.125459,0.125459,False,very_weak,2026-04-24T07:51:03.322738+00:00
509,AU,AUD,UNEMPLOYMENT,126,unemployment_rate,128,full_time_employment_change,Full-Time Employment Change,Labor,2,72,-0.124515,0.124515,False,very_weak,2026-04-24T07:51:03.322738+00:00
510,AU,AUD,UNEMPLOYMENT,126,unemployment_rate,128,full_time_employment_change,Full-Time Employment Change,Labor,1,73,-0.105217,0.105217,False,very_weak,2026-04-24T07:51:03.322738+00:00
511,AU,AUD,UNEMPLOYMENT,126,unemployment_rate,128,full_time_employment_change,Full-Time Employment Change,Labor,0,74,-0.024434,0.024434,False,very_weak,2026-04-24T07:51:03.322738+00:00
512,AU,AUD,UNEMPLOYMENT,126,unemployment_rate,129,part_time_employment_change,Part-Time Employment Change,Labor,2,72,-0.263629,0.263629,True,weak,2026-04-24T07:51:03.322738+00:00
513,AU,AUD,UNEMPLOYMENT,126,unemployment_rate,129,part_time_employment_change,Part-Time Employment Change,Labor,6,68,-0.262868,0.262868,False,weak,2026-04-24T07:51:03.322738+00:00
514,AU,AUD,UNEMPLOYMENT,126,unemployment_rate,129,part_time_employment_change,Part-Time Employment Change,Labor,3,71,-0.252683,0.252683,False,weak,2026-04-24T07:51:03.322738+00:00
515,AU,AUD,UNEMPLOYMENT,126,unemployment_rate,129,part_time_employment_change,Part-Time Employment Change,Labor,1,73,-0.246224,0.246224,False,very_weak,2026-04-24T07:51:03.322738+00:00
516,AU,AUD,UNEMPLOYMENT,126,unemployment_rate,129,part_time_employment_change,Part-Time Employment Change,Labor,5,69,-0.229378,0.229378,False,very_weak,2026-04-24T07:51:03.322738+00:00
517,AU,AUD,UNEMPLOYMENT,126,unemployment_rate,129,part_time_employment_change,Part-Time Employment Change,Labor,4,70,-0.207779,0.207779,False,very_weak,2026-04-24T07:51:03.322738+00:00
518,AU,AUD,UNEMPLOYMENT,126,unemployment_rate,129,part_time_employment_change,Part-Time Employment Change,Labor,0,74,-0.138372,0.138372,False,very_weak,2026-04-24T07:51:03.322738+00:00
519,AU,AUD,UNEMPLOYMENT,126,unemployment_rate,131,leading_index_mom,Leading Index (MoM),Growth,3,68,-0.215714,0.215714,True,very_weak,2026-04-24T07:51:03.322738+00:00
520,AU,AUD,UNEMPLOYMENT,126,unemployment_rate,131,leading_index_mom,Leading Index (MoM),Growth,6,65,-0.192988,0.192988,False,very_weak,2026-04-24T07:51:03.322738+00:00
521,AU,AUD,UNEMPLOYMENT,126,unemployment_rate,131,leading_index_mom,Leading Index (MoM),Growth,4,67,-0.179754,0.179754,False,very_weak,2026-04-24T07:51:03.322738+00:00
522,AU,AUD,UNEMPLOYMENT,126,unemployment_rate,131,leading_index_mom,Leading Index (MoM),Growth,5,67,-0.160419,0.160419,False,very_weak,2026-04-24T07:51:03.322738+00:00
523,AU,AUD,UNEMPLOYMENT,126,unemployment_rate,131,leading_index_mom,Leading Index (MoM),Growth,2,70,-0.151297,0.151297,False,very_weak,2026-04-24T07:51:03.322738+00:00
524,AU,AUD,UNEMPLOYMENT,126,unemployment_rate,131,leading_index_mom,Leading Index (MoM),Growth,1,72,-0.136173,0.136173,False,very_weak,2026-04-24T07:51:03.322738+00:00
525,AU,AUD,UNEMPLOYMENT,126,unemployment_rate,131,leading_index_mom,Leading Index (MoM),Growth,0,34,0.095845,0.095845,False,very_weak,2026-04-24T07:51:03.322738+00:00
526,AU,AUD,UNEMPLOYMENT,126,unemployment_rate,132,private_sector_credit_mom,Private Sector Credit (MoM),Growth,4,67,0.325041,0.325041,True,weak,2026-04-24T07:51:03.322738+00:00
527,AU,AUD,UNEMPLOYMENT,126,unemployment_rate,132,private_sector_credit_mom,Private Sector Credit (MoM),Growth,3,68,0.288249,0.288249,False,weak,2026-04-24T07:51:03.322738+00:00
528,AU,AUD,UNEMPLOYMENT,126,unemployment_rate,132,private_sector_credit_mom,Private Sector Credit (MoM),Growth,5,66,0.266484,0.266484,False,weak,2026-04-24T07:51:03.322738+00:00
529,AU,AUD,UNEMPLOYMENT,126,unemployment_rate,132,private_sector_credit_mom,Private Sector Credit (MoM),Growth,6,65,0.254076,0.254076,False,weak,2026-04-24T07:51:03.322738+00:00
530,AU,AUD,UNEMPLOYMENT,126,unemployment_rate,132,private_sector_credit_mom,Private Sector Credit (MoM),Growth,2,69,0.238076,0.238076,False,very_weak,2026-04-24T07:51:03.322738+00:00
531,AU,AUD,UNEMPLOYMENT,126,unemployment_rate,132,private_sector_credit_mom,Private Sector Credit (MoM),Growth,1,70,0.159165,0.159165,False,very_weak,2026-04-24T07:51:03.322738+00:00
532,AU,AUD,UNEMPLOYMENT,126,unemployment_rate,133,private_sector_credit_yoy,Private Sector Credit (YoY),Growth,1,73,-0.147730,0.147730,True,very_weak,2026-04-24T07:51:03.322738+00:00
533,AU,AUD,UNEMPLOYMENT,126,unemployment_rate,133,private_sector_credit_yoy,Private Sector Credit (YoY),Growth,2,72,-0.060762,0.060762,False,very_weak,2026-04-24T07:51:03.322738+00:00
534,AU,AUD,UNEMPLOYMENT,126,unemployment_rate,133,private_sector_credit_yoy,Private Sector Credit (YoY),Growth,4,70,0.052586,0.052586,False,very_weak,2026-04-24T07:51:03.322738+00:00
535,AU,AUD,UNEMPLOYMENT,126,unemployment_rate,133,private_sector_credit_yoy,Private Sector Credit (YoY),Growth,5,69,0.035267,0.035267,False,very_weak,2026-04-24T07:51:03.322738+00:00
536,AU,AUD,UNEMPLOYMENT,126,unemployment_rate,133,private_sector_credit_yoy,Private Sector Credit (YoY),Growth,6,68,0.019082,0.019082,False,very_weak,2026-04-24T07:51:03.322738+00:00
537,AU,AUD,UNEMPLOYMENT,126,unemployment_rate,133,private_sector_credit_yoy,Private Sector Credit (YoY),Growth,3,71,0.001381,0.001381,False,very_weak,2026-04-24T07:51:03.322738+00:00
538,AU,AUD,UNEMPLOYMENT,126,unemployment_rate,134,manufacturing_pmi,Manufacturing PMI,Growth,4,97,0.082880,0.082880,True,very_weak,2026-04-24T07:51:03.322738+00:00
539,AU,AUD,UNEMPLOYMENT,126,unemployment_rate,134,manufacturing_pmi,Manufacturing PMI,Growth,0,101,0.079838,0.079838,False,very_weak,2026-04-24T07:51:03.322738+00:00
540,AU,AUD,UNEMPLOYMENT,126,unemployment_rate,134,manufacturing_pmi,Manufacturing PMI,Growth,5,96,0.078679,0.078679,False,very_weak,2026-04-24T07:51:03.322738+00:00
541,AU,AUD,UNEMPLOYMENT,126,unemployment_rate,134,manufacturing_pmi,Manufacturing PMI,Growth,6,94,0.072603,0.072603,False,very_weak,2026-04-24T07:51:03.322738+00:00
542,AU,AUD,UNEMPLOYMENT,126,unemployment_rate,134,manufacturing_pmi,Manufacturing PMI,Growth,3,98,0.035457,0.035457,False,very_weak,2026-04-24T07:51:03.322738+00:00
543,AU,AUD,UNEMPLOYMENT,126,unemployment_rate,134,manufacturing_pmi,Manufacturing PMI,Growth,1,100,-0.007219,0.007219,False,very_weak,2026-04-24T07:51:03.322738+00:00
544,AU,AUD,UNEMPLOYMENT,126,unemployment_rate,134,manufacturing_pmi,Manufacturing PMI,Growth,2,99,-0.005706,0.005706,False,very_weak,2026-04-24T07:51:03.322738+00:00
545,AU,AUD,UNEMPLOYMENT,126,unemployment_rate,135,services_pmi,Services PMI,Growth,2,103,-0.164826,0.164826,True,very_weak,2026-04-24T07:51:03.322738+00:00
546,AU,AUD,UNEMPLOYMENT,126,unemployment_rate,135,services_pmi,Services PMI,Growth,3,102,-0.164334,0.164334,False,very_weak,2026-04-24T07:51:03.322738+00:00
547,AU,AUD,UNEMPLOYMENT,126,unemployment_rate,135,services_pmi,Services PMI,Growth,4,100,-0.156943,0.156943,False,very_weak,2026-04-24T07:51:03.322738+00:00
548,AU,AUD,UNEMPLOYMENT,126,unemployment_rate,135,services_pmi,Services PMI,Growth,6,97,-0.151971,0.151971,False,very_weak,2026-04-24T07:51:03.322738+00:00
549,AU,AUD,UNEMPLOYMENT,126,unemployment_rate,135,services_pmi,Services PMI,Growth,5,99,-0.147055,0.147055,False,very_weak,2026-04-24T07:51:03.322738+00:00
550,AU,AUD,UNEMPLOYMENT,126,unemployment_rate,135,services_pmi,Services PMI,Growth,1,105,-0.105043,0.105043,False,very_weak,2026-04-24T07:51:03.322738+00:00
551,AU,AUD,UNEMPLOYMENT,126,unemployment_rate,135,services_pmi,Services PMI,Growth,0,106,-0.009762,0.009762,False,very_weak,2026-04-24T07:51:03.322738+00:00
552,AU,AUD,UNEMPLOYMENT,126,unemployment_rate,136,composite_pmi,Composite PMI,Growth,2,90,-0.176338,0.176338,True,very_weak,2026-04-24T07:51:03.322738+00:00
553,AU,AUD,UNEMPLOYMENT,126,unemployment_rate,136,composite_pmi,Composite PMI,Growth,3,89,-0.170111,0.170111,False,very_weak,2026-04-24T07:51:03.322738+00:00
554,AU,AUD,UNEMPLOYMENT,126,unemployment_rate,136,composite_pmi,Composite PMI,Growth,4,89,-0.158968,0.158968,False,very_weak,2026-04-24T07:51:03.322738+00:00
555,AU,AUD,UNEMPLOYMENT,126,unemployment_rate,136,composite_pmi,Composite PMI,Growth,6,87,-0.148597,0.148597,False,very_weak,2026-04-24T07:51:03.322738+00:00
556,AU,AUD,UNEMPLOYMENT,126,unemployment_rate,136,composite_pmi,Composite PMI,Growth,5,88,-0.147427,0.147427,False,very_weak,2026-04-24T07:51:03.322738+00:00
557,AU,AUD,UNEMPLOYMENT,126,unemployment_rate,136,composite_pmi,Composite PMI,Growth,1,91,-0.117700,0.117700,False,very_weak,2026-04-24T07:51:03.322738+00:00
558,AU,AUD,UNEMPLOYMENT,126,unemployment_rate,136,composite_pmi,Composite PMI,Growth,0,92,-0.015076,0.015076,False,very_weak,2026-04-24T07:51:03.322738+00:00
559,AU,AUD,UNEMPLOYMENT,126,unemployment_rate,199,retail_sales_mom,Retail Sales (MoM),Growth,2,104,0.205532,0.205532,True,very_weak,2026-04-24T07:51:03.322738+00:00
560,AU,AUD,UNEMPLOYMENT,126,unemployment_rate,199,retail_sales_mom,Retail Sales (MoM),Growth,6,104,0.187980,0.187980,False,very_weak,2026-04-24T07:51:03.322738+00:00
561,AU,AUD,UNEMPLOYMENT,126,unemployment_rate,199,retail_sales_mom,Retail Sales (MoM),Growth,3,104,0.183511,0.183511,False,very_weak,2026-04-24T07:51:03.322738+00:00
562,AU,AUD,UNEMPLOYMENT,126,unemployment_rate,199,retail_sales_mom,Retail Sales (MoM),Growth,4,104,0.172592,0.172592,False,very_weak,2026-04-24T07:51:03.322738+00:00
563,AU,AUD,UNEMPLOYMENT,126,unemployment_rate,199,retail_sales_mom,Retail Sales (MoM),Growth,5,104,0.155820,0.155820,False,very_weak,2026-04-24T07:51:03.322738+00:00
564,AU,AUD,UNEMPLOYMENT,126,unemployment_rate,199,retail_sales_mom,Retail Sales (MoM),Growth,1,104,0.137839,0.137839,False,very_weak,2026-04-24T07:51:03.322738+00:00
565,AU,AUD,UNEMPLOYMENT,126,unemployment_rate,200,building_permits,Building Permits,Growth,6,101,-0.095242,0.095242,True,very_weak,2026-04-24T07:51:03.322738+00:00
566,AU,AUD,UNEMPLOYMENT,126,unemployment_rate,200,building_permits,Building Permits,Growth,4,103,-0.062219,0.062219,False,very_weak,2026-04-24T07:51:03.322738+00:00
567,AU,AUD,UNEMPLOYMENT,126,unemployment_rate,200,building_permits,Building Permits,Growth,1,103,-0.033673,0.033673,False,very_weak,2026-04-24T07:51:03.322738+00:00
568,AU,AUD,UNEMPLOYMENT,126,unemployment_rate,200,building_permits,Building Permits,Growth,5,103,-0.030710,0.030710,False,very_weak,2026-04-24T07:51:03.322738+00:00
569,AU,AUD,UNEMPLOYMENT,126,unemployment_rate,200,building_permits,Building Permits,Growth,3,103,-0.027757,0.027757,False,very_weak,2026-04-24T07:51:03.322738+00:00
570,AU,AUD,UNEMPLOYMENT,126,unemployment_rate,200,building_permits,Building Permits,Growth,2,103,0.009487,0.009487,False,very_weak,2026-04-24T07:51:03.322738+00:00
571,AU,AUD,UNEMPLOYMENT,126,unemployment_rate,203,ai_group_manufacturing_index,Ai Group Manufacturing Index,Growth,0,66,0.228134,0.228134,True,very_weak,2026-04-24T07:51:03.322738+00:00
572,AU,AUD,UNEMPLOYMENT,126,unemployment_rate,203,ai_group_manufacturing_index,Ai Group Manufacturing Index,Growth,6,63,0.202933,0.202933,False,very_weak,2026-04-24T07:51:03.322738+00:00
573,AU,AUD,UNEMPLOYMENT,126,unemployment_rate,203,ai_group_manufacturing_index,Ai Group Manufacturing Index,Growth,4,65,0.196074,0.196074,False,very_weak,2026-04-24T07:51:03.322738+00:00
574,AU,AUD,UNEMPLOYMENT,126,unemployment_rate,203,ai_group_manufacturing_index,Ai Group Manufacturing Index,Growth,1,67,0.188876,0.188876,False,very_weak,2026-04-24T07:51:03.322738+00:00
575,AU,AUD,UNEMPLOYMENT,126,unemployment_rate,203,ai_group_manufacturing_index,Ai Group Manufacturing Index,Growth,3,65,0.186627,0.186627,False,very_weak,2026-04-24T07:51:03.322738+00:00
576,AU,AUD,UNEMPLOYMENT,126,unemployment_rate,203,ai_group_manufacturing_index,Ai Group Manufacturing Index,Growth,5,64,0.172885,0.172885,False,very_weak,2026-04-24T07:51:03.322738+00:00
577,AU,AUD,UNEMPLOYMENT,126,unemployment_rate,203,ai_group_manufacturing_index,Ai Group Manufacturing Index,Growth,2,66,0.166646,0.166646,False,very_weak,2026-04-24T07:51:03.322738+00:00
578,AU,AUD,UNEMPLOYMENT,126,unemployment_rate,204,ai_group_industry_index,Ai Group Industry Index,Growth,4,31,0.146391,0.146391,True,very_weak,2026-04-24T07:51:03.322738+00:00
579,AU,AUD,UNEMPLOYMENT,126,unemployment_rate,204,ai_group_industry_index,Ai Group Industry Index,Growth,1,33,0.141762,0.141762,False,very_weak,2026-04-24T07:51:03.322738+00:00
580,AU,AUD,UNEMPLOYMENT,126,unemployment_rate,204,ai_group_industry_index,Ai Group Industry Index,Growth,5,30,-0.120827,0.120827,False,very_weak,2026-04-24T07:51:03.322738+00:00
581,AU,AUD,UNEMPLOYMENT,126,unemployment_rate,204,ai_group_industry_index,Ai Group Industry Index,Growth,3,31,0.113551,0.113551,False,very_weak,2026-04-24T07:51:03.322738+00:00
582,AU,AUD,UNEMPLOYMENT,126,unemployment_rate,204,ai_group_industry_index,Ai Group Industry Index,Growth,6,29,-0.107399,0.107399,False,very_weak,2026-04-24T07:51:03.322738+00:00
583,AU,AUD,UNEMPLOYMENT,126,unemployment_rate,204,ai_group_industry_index,Ai Group Industry Index,Growth,0,34,0.035249,0.035249,False,very_weak,2026-04-24T07:51:03.322738+00:00
584,AU,AUD,UNEMPLOYMENT,126,unemployment_rate,204,ai_group_industry_index,Ai Group Industry Index,Growth,2,32,-0.026073,0.026073,False,very_weak,2026-04-24T07:51:03.322738+00:00
585,AU,AUD,UNEMPLOYMENT,126,unemployment_rate,205,ai_group_construction_index,Ai Group Construction Index,Growth,0,66,0.160334,0.160334,True,very_weak,2026-04-24T07:51:03.322738+00:00
586,AU,AUD,UNEMPLOYMENT,126,unemployment_rate,205,ai_group_construction_index,Ai Group Construction Index,Growth,1,67,0.095110,0.095110,False,very_weak,2026-04-24T07:51:03.322738+00:00
587,AU,AUD,UNEMPLOYMENT,126,unemployment_rate,205,ai_group_construction_index,Ai Group Construction Index,Growth,2,66,0.070592,0.070592,False,very_weak,2026-04-24T07:51:03.322738+00:00
588,AU,AUD,UNEMPLOYMENT,126,unemployment_rate,205,ai_group_construction_index,Ai Group Construction Index,Growth,3,65,0.064985,0.064985,False,very_weak,2026-04-24T07:51:03.322738+00:00
589,AU,AUD,UNEMPLOYMENT,126,unemployment_rate,205,ai_group_construction_index,Ai Group Construction Index,Growth,4,65,0.063337,0.063337,False,very_weak,2026-04-24T07:51:03.322738+00:00
590,AU,AUD,UNEMPLOYMENT,126,unemployment_rate,205,ai_group_construction_index,Ai Group Construction Index,Growth,6,63,0.063158,0.063158,False,very_weak,2026-04-24T07:51:03.322738+00:00
591,AU,AUD,UNEMPLOYMENT,126,unemployment_rate,205,ai_group_construction_index,Ai Group Construction Index,Growth,5,64,0.057218,0.057218,False,very_weak,2026-04-24T07:51:03.322738+00:00
592,AU,AUD,UNEMPLOYMENT,126,unemployment_rate,348,household_spending_mom,Household Spending (MoM),Growth,1,8,-0.201521,0.201521,True,very_weak,2026-04-24T07:51:03.322738+00:00
593,AU,AUD,UNEMPLOYMENT,126,unemployment_rate,349,household_spending_yoy,Household Spending (YoY),Growth,1,8,-0.270088,0.270088,True,weak,2026-04-24T07:51:03.322738+00:00
594,AU,AUD,UNEMPLOYMENT,126,unemployment_rate,350,nab_business_confidence,NAB Business Confidence,Growth,4,66,-0.325883,0.325883,True,weak,2026-04-24T07:51:03.322738+00:00
595,AU,AUD,UNEMPLOYMENT,126,unemployment_rate,350,nab_business_confidence,NAB Business Confidence,Growth,6,64,-0.311850,0.311850,False,weak,2026-04-24T07:51:03.322738+00:00
596,AU,AUD,UNEMPLOYMENT,126,unemployment_rate,350,nab_business_confidence,NAB Business Confidence,Growth,3,67,-0.292637,0.292637,False,weak,2026-04-24T07:51:03.322738+00:00
597,AU,AUD,UNEMPLOYMENT,126,unemployment_rate,350,nab_business_confidence,NAB Business Confidence,Growth,5,65,-0.277087,0.277087,False,weak,2026-04-24T07:51:03.322738+00:00
598,AU,AUD,UNEMPLOYMENT,126,unemployment_rate,350,nab_business_confidence,NAB Business Confidence,Growth,2,68,-0.232318,0.232318,False,very_weak,2026-04-24T07:51:03.322738+00:00
599,AU,AUD,UNEMPLOYMENT,126,unemployment_rate,350,nab_business_confidence,NAB Business Confidence,Growth,1,69,-0.106860,0.106860,False,very_weak,2026-04-24T07:51:03.322738+00:00
600,AU,AUD,UNEMPLOYMENT,126,unemployment_rate,350,nab_business_confidence,NAB Business Confidence,Growth,0,64,0.015884,0.015884,False,very_weak,2026-04-24T07:51:03.322738+00:00
601,AU,AUD,UNEMPLOYMENT,126,unemployment_rate,351,westpac_consumer_confidence_change,Westpac Consumer Confidence Change,Growth,5,67,-0.129273,0.129273,True,very_weak,2026-04-24T07:51:03.322738+00:00
602,AU,AUD,UNEMPLOYMENT,126,unemployment_rate,351,westpac_consumer_confidence_change,Westpac Consumer Confidence Change,Growth,2,70,-0.124313,0.124313,False,very_weak,2026-04-24T07:51:03.322738+00:00
603,AU,AUD,UNEMPLOYMENT,126,unemployment_rate,351,westpac_consumer_confidence_change,Westpac Consumer Confidence Change,Growth,3,69,-0.117990,0.117990,False,very_weak,2026-04-24T07:51:03.322738+00:00
604,AU,AUD,UNEMPLOYMENT,126,unemployment_rate,351,westpac_consumer_confidence_change,Westpac Consumer Confidence Change,Growth,6,66,-0.099572,0.099572,False,very_weak,2026-04-24T07:51:03.322738+00:00
605,AU,AUD,UNEMPLOYMENT,126,unemployment_rate,351,westpac_consumer_confidence_change,Westpac Consumer Confidence Change,Growth,4,68,-0.082315,0.082315,False,very_weak,2026-04-24T07:51:03.322738+00:00
606,AU,AUD,UNEMPLOYMENT,126,unemployment_rate,351,westpac_consumer_confidence_change,Westpac Consumer Confidence Change,Growth,1,71,-0.072698,0.072698,False,very_weak,2026-04-24T07:51:03.322738+00:00
607,AU,AUD,UNEMPLOYMENT,126,unemployment_rate,351,westpac_consumer_confidence_change,Westpac Consumer Confidence Change,Growth,0,72,-0.041448,0.041448,False,very_weak,2026-04-24T07:51:03.322738+00:00
608,AU,AUD,UNEMPLOYMENT,126,unemployment_rate,352,westpac_consumer_confidence_index,Westpac Consumer Confidence Index,Growth,2,71,-0.068558,0.068558,True,very_weak,2026-04-24T07:51:03.322738+00:00
609,AU,AUD,UNEMPLOYMENT,126,unemployment_rate,352,westpac_consumer_confidence_index,Westpac Consumer Confidence Index,Growth,3,70,-0.067179,0.067179,False,very_weak,2026-04-24T07:51:03.322738+00:00
610,AU,AUD,UNEMPLOYMENT,126,unemployment_rate,352,westpac_consumer_confidence_index,Westpac Consumer Confidence Index,Growth,0,73,0.060140,0.060140,False,very_weak,2026-04-24T07:51:03.322738+00:00
611,AU,AUD,UNEMPLOYMENT,126,unemployment_rate,352,westpac_consumer_confidence_index,Westpac Consumer Confidence Index,Growth,5,68,-0.046448,0.046448,False,very_weak,2026-04-24T07:51:03.322738+00:00
612,AU,AUD,UNEMPLOYMENT,126,unemployment_rate,352,westpac_consumer_confidence_index,Westpac Consumer Confidence Index,Growth,4,69,-0.038703,0.038703,False,very_weak,2026-04-24T07:51:03.322738+00:00
613,AU,AUD,UNEMPLOYMENT,126,unemployment_rate,352,westpac_consumer_confidence_index,Westpac Consumer Confidence Index,Growth,6,67,-0.015160,0.015160,False,very_weak,2026-04-24T07:51:03.322738+00:00
614,AU,AUD,UNEMPLOYMENT,126,unemployment_rate,352,westpac_consumer_confidence_index,Westpac Consumer Confidence Index,Growth,1,72,-0.014778,0.014778,False,very_weak,2026-04-24T07:51:03.322738+00:00
615,AU,AUD,UNEMPLOYMENT,126,unemployment_rate,353,thomson_reuters_ipsos_pcsi,Thomson Reuters IPSOS PCSI,Growth,6,12,0.449489,0.449489,True,weak,2026-04-24T07:51:03.322738+00:00
616,AU,AUD,UNEMPLOYMENT,126,unemployment_rate,353,thomson_reuters_ipsos_pcsi,Thomson Reuters IPSOS PCSI,Growth,1,17,0.382341,0.382341,False,weak,2026-04-24T07:51:03.322738+00:00
617,AU,AUD,UNEMPLOYMENT,126,unemployment_rate,353,thomson_reuters_ipsos_pcsi,Thomson Reuters IPSOS PCSI,Growth,0,18,0.347778,0.347778,False,weak,2026-04-24T07:51:03.322738+00:00
618,AU,AUD,UNEMPLOYMENT,126,unemployment_rate,353,thomson_reuters_ipsos_pcsi,Thomson Reuters IPSOS PCSI,Growth,4,14,-0.197450,0.197450,False,very_weak,2026-04-24T07:51:03.322738+00:00
619,AU,AUD,UNEMPLOYMENT,126,unemployment_rate,353,thomson_reuters_ipsos_pcsi,Thomson Reuters IPSOS PCSI,Growth,3,15,0.184034,0.184034,False,very_weak,2026-04-24T07:51:03.322738+00:00
620,AU,AUD,UNEMPLOYMENT,126,unemployment_rate,353,thomson_reuters_ipsos_pcsi,Thomson Reuters IPSOS PCSI,Growth,2,16,0.142420,0.142420,False,very_weak,2026-04-24T07:51:03.322738+00:00
621,AU,AUD,UNEMPLOYMENT,126,unemployment_rate,353,thomson_reuters_ipsos_pcsi,Thomson Reuters IPSOS PCSI,Growth,5,13,0.110037,0.110037,False,very_weak,2026-04-24T07:51:03.322738+00:00
622,AU,AUD,UNEMPLOYMENT,126,unemployment_rate,354,housing_credit_mom,Housing Credit (MoM),Growth,3,36,0.489216,0.489216,True,moderate,2026-04-24T07:51:03.322738+00:00
623,AU,AUD,UNEMPLOYMENT,126,unemployment_rate,354,housing_credit_mom,Housing Credit (MoM),Growth,2,37,0.405186,0.405186,False,weak,2026-04-24T07:51:03.322738+00:00
624,AU,AUD,UNEMPLOYMENT,126,unemployment_rate,354,housing_credit_mom,Housing Credit (MoM),Growth,1,38,0.366158,0.366158,False,weak,2026-04-24T07:51:03.322738+00:00
625,AU,AUD,UNEMPLOYMENT,126,unemployment_rate,354,housing_credit_mom,Housing Credit (MoM),Growth,4,35,0.360484,0.360484,False,weak,2026-04-24T07:51:03.322738+00:00
626,AU,AUD,UNEMPLOYMENT,126,unemployment_rate,354,housing_credit_mom,Housing Credit (MoM),Growth,6,33,0.314291,0.314291,False,weak,2026-04-24T07:51:03.322738+00:00
627,AU,AUD,UNEMPLOYMENT,126,unemployment_rate,354,housing_credit_mom,Housing Credit (MoM),Growth,5,34,0.229015,0.229015,False,very_weak,2026-04-24T07:51:03.322738+00:00
628,AU,AUD,UNEMPLOYMENT,126,unemployment_rate,355,manufacturing_pmi_flash,Manufacturing PMI Flash,Growth,2,8,0.432688,0.432688,True,weak,2026-04-24T07:51:03.322738+00:00
629,AU,AUD,UNEMPLOYMENT,126,unemployment_rate,355,manufacturing_pmi_flash,Manufacturing PMI Flash,Growth,0,8,-0.269284,0.269284,False,weak,2026-04-24T07:51:03.322738+00:00
630,AU,AUD,UNEMPLOYMENT,126,unemployment_rate,355,manufacturing_pmi_flash,Manufacturing PMI Flash,Growth,1,8,0.213950,0.213950,False,very_weak,2026-04-24T07:51:03.322738+00:00
631,AU,AUD,UNEMPLOYMENT,126,unemployment_rate,355,manufacturing_pmi_flash,Manufacturing PMI Flash,Growth,3,8,0.150793,0.150793,False,very_weak,2026-04-24T07:51:03.322738+00:00
632,AU,AUD,UNEMPLOYMENT,126,unemployment_rate,356,services_pmi_flash,Services PMI Flash,Growth,2,8,0.595789,0.595789,True,moderate,2026-04-24T07:51:03.322738+00:00
633,AU,AUD,UNEMPLOYMENT,126,unemployment_rate,356,services_pmi_flash,Services PMI Flash,Growth,3,8,0.230635,0.230635,False,very_weak,2026-04-24T07:51:03.322738+00:00
634,AU,AUD,UNEMPLOYMENT,126,unemployment_rate,356,services_pmi_flash,Services PMI Flash,Growth,0,8,0.202418,0.202418,False,very_weak,2026-04-24T07:51:03.322738+00:00
635,AU,AUD,UNEMPLOYMENT,126,unemployment_rate,356,services_pmi_flash,Services PMI Flash,Growth,1,8,0.118530,0.118530,False,very_weak,2026-04-24T07:51:03.322738+00:00
636,AU,AUD,UNEMPLOYMENT,126,unemployment_rate,357,composite_pmi_flash,Composite PMI Flash,Growth,2,8,0.509027,0.509027,True,moderate,2026-04-24T07:51:03.322738+00:00
637,AU,AUD,UNEMPLOYMENT,126,unemployment_rate,357,composite_pmi_flash,Composite PMI Flash,Growth,0,8,0.299076,0.299076,False,weak,2026-04-24T07:51:03.322738+00:00
638,AU,AUD,UNEMPLOYMENT,126,unemployment_rate,357,composite_pmi_flash,Composite PMI Flash,Growth,3,8,0.225751,0.225751,False,very_weak,2026-04-24T07:51:03.322738+00:00
639,AU,AUD,UNEMPLOYMENT,126,unemployment_rate,357,composite_pmi_flash,Composite PMI Flash,Growth,1,8,0.028848,0.028848,False,very_weak,2026-04-24T07:51:03.322738+00:00
640,AU,AUD,UNEMPLOYMENT,126,unemployment_rate,360,private_house_approvals_mom,Private House Approvals (MoM),Growth,5,73,0.176181,0.176181,True,very_weak,2026-04-24T07:51:03.322738+00:00
641,AU,AUD,UNEMPLOYMENT,126,unemployment_rate,360,private_house_approvals_mom,Private House Approvals (MoM),Growth,3,75,-0.073991,0.073991,False,very_weak,2026-04-24T07:51:03.322738+00:00
642,AU,AUD,UNEMPLOYMENT,126,unemployment_rate,360,private_house_approvals_mom,Private House Approvals (MoM),Growth,6,71,0.072981,0.072981,False,very_weak,2026-04-24T07:51:03.322738+00:00
643,AU,AUD,UNEMPLOYMENT,126,unemployment_rate,360,private_house_approvals_mom,Private House Approvals (MoM),Growth,4,74,-0.057442,0.057442,False,very_weak,2026-04-24T07:51:03.322738+00:00
644,AU,AUD,UNEMPLOYMENT,126,unemployment_rate,360,private_house_approvals_mom,Private House Approvals (MoM),Growth,2,76,0.010324,0.010324,False,very_weak,2026-04-24T07:51:03.322738+00:00
645,AU,AUD,UNEMPLOYMENT,126,unemployment_rate,360,private_house_approvals_mom,Private House Approvals (MoM),Growth,1,77,0.007804,0.007804,False,very_weak,2026-04-24T07:51:03.322738+00:00
646,AU,AUD,UNEMPLOYMENT,126,unemployment_rate,361,corelogic_dwelling_prices_mom,CoreLogic Dwelling Prices (MoM),Growth,6,30,-0.457621,0.457621,True,moderate,2026-04-24T07:51:03.322738+00:00
647,AU,AUD,UNEMPLOYMENT,126,unemployment_rate,361,corelogic_dwelling_prices_mom,CoreLogic Dwelling Prices (MoM),Growth,0,30,-0.401306,0.401306,False,weak,2026-04-24T07:51:03.322738+00:00
648,AU,AUD,UNEMPLOYMENT,126,unemployment_rate,361,corelogic_dwelling_prices_mom,CoreLogic Dwelling Prices (MoM),Growth,1,30,-0.398659,0.398659,False,weak,2026-04-24T07:51:03.322738+00:00
649,AU,AUD,UNEMPLOYMENT,126,unemployment_rate,361,corelogic_dwelling_prices_mom,CoreLogic Dwelling Prices (MoM),Growth,4,30,-0.367996,0.367996,False,weak,2026-04-24T07:51:03.322738+00:00
650,AU,AUD,UNEMPLOYMENT,126,unemployment_rate,361,corelogic_dwelling_prices_mom,CoreLogic Dwelling Prices (MoM),Growth,5,30,-0.336767,0.336767,False,weak,2026-04-24T07:51:03.322738+00:00
651,AU,AUD,UNEMPLOYMENT,126,unemployment_rate,361,corelogic_dwelling_prices_mom,CoreLogic Dwelling Prices (MoM),Growth,3,30,-0.278561,0.278561,False,weak,2026-04-24T07:51:03.322738+00:00
652,AU,AUD,UNEMPLOYMENT,126,unemployment_rate,361,corelogic_dwelling_prices_mom,CoreLogic Dwelling Prices (MoM),Growth,2,30,-0.262274,0.262274,False,weak,2026-04-24T07:51:03.322738+00:00
653,AU,AUD,UNEMPLOYMENT,126,unemployment_rate,362,ai_group_services_index,Ai Group Services Index,Growth,6,32,-0.227827,0.227827,True,very_weak,2026-04-24T07:51:03.322738+00:00
654,AU,AUD,UNEMPLOYMENT,126,unemployment_rate,362,ai_group_services_index,Ai Group Services Index,Growth,4,32,-0.205836,0.205836,False,very_weak,2026-04-24T07:51:03.322738+00:00
655,AU,AUD,UNEMPLOYMENT,126,unemployment_rate,362,ai_group_services_index,Ai Group Services Index,Growth,3,32,-0.203560,0.203560,False,very_weak,2026-04-24T07:51:03.322738+00:00
656,AU,AUD,UNEMPLOYMENT,126,unemployment_rate,362,ai_group_services_index,Ai Group Services Index,Growth,5,32,-0.180787,0.180787,False,very_weak,2026-04-24T07:51:03.322738+00:00
657,AU,AUD,UNEMPLOYMENT,126,unemployment_rate,362,ai_group_services_index,Ai Group Services Index,Growth,0,31,0.156656,0.156656,False,very_weak,2026-04-24T07:51:03.322738+00:00
658,AU,AUD,UNEMPLOYMENT,126,unemployment_rate,362,ai_group_services_index,Ai Group Services Index,Growth,2,32,-0.135097,0.135097,False,very_weak,2026-04-24T07:51:03.322738+00:00
659,AU,AUD,UNEMPLOYMENT,126,unemployment_rate,362,ai_group_services_index,Ai Group Services Index,Growth,1,32,0.006004,0.006004,False,very_weak,2026-04-24T07:51:03.322738+00:00
660,AU,AUD,UNEMPLOYMENT,126,unemployment_rate,363,balance_of_trade,Balance of Trade,Growth,2,73,0.163022,0.163022,True,very_weak,2026-04-24T07:51:03.322738+00:00
661,AU,AUD,UNEMPLOYMENT,126,unemployment_rate,363,balance_of_trade,Balance of Trade,Growth,3,72,0.142711,0.142711,False,very_weak,2026-04-24T07:51:03.322738+00:00
662,AU,AUD,UNEMPLOYMENT,126,unemployment_rate,363,balance_of_trade,Balance of Trade,Growth,4,71,0.120117,0.120117,False,very_weak,2026-04-24T07:51:03.322738+00:00
663,AU,AUD,UNEMPLOYMENT,126,unemployment_rate,363,balance_of_trade,Balance of Trade,Growth,1,74,0.108037,0.108037,False,very_weak,2026-04-24T07:51:03.322738+00:00
664,AU,AUD,UNEMPLOYMENT,126,unemployment_rate,363,balance_of_trade,Balance of Trade,Growth,6,69,0.098201,0.098201,False,very_weak,2026-04-24T07:51:03.322738+00:00
665,AU,AUD,UNEMPLOYMENT,126,unemployment_rate,363,balance_of_trade,Balance of Trade,Growth,5,70,0.078394,0.078394,False,very_weak,2026-04-24T07:51:03.322738+00:00
666,AU,AUD,UNEMPLOYMENT,126,unemployment_rate,364,exports_mom,Exports (MoM),Growth,6,68,-0.101606,0.101606,True,very_weak,2026-04-24T07:51:03.322738+00:00
667,AU,AUD,UNEMPLOYMENT,126,unemployment_rate,364,exports_mom,Exports (MoM),Growth,5,69,-0.076922,0.076922,False,very_weak,2026-04-24T07:51:03.322738+00:00
668,AU,AUD,UNEMPLOYMENT,126,unemployment_rate,364,exports_mom,Exports (MoM),Growth,4,70,-0.034867,0.034867,False,very_weak,2026-04-24T07:51:03.322738+00:00
669,AU,AUD,UNEMPLOYMENT,126,unemployment_rate,364,exports_mom,Exports (MoM),Growth,1,73,-0.029672,0.029672,False,very_weak,2026-04-24T07:51:03.322738+00:00
670,AU,AUD,UNEMPLOYMENT,126,unemployment_rate,364,exports_mom,Exports (MoM),Growth,2,72,0.015829,0.015829,False,very_weak,2026-04-24T07:51:03.322738+00:00
671,AU,AUD,UNEMPLOYMENT,126,unemployment_rate,364,exports_mom,Exports (MoM),Growth,3,71,0.003470,0.003470,False,very_weak,2026-04-24T07:51:03.322738+00:00
672,AU,AUD,UNEMPLOYMENT,126,unemployment_rate,365,imports_mom,Imports (MoM),Growth,1,74,0.060126,0.060126,True,very_weak,2026-04-24T07:51:03.322738+00:00
673,AU,AUD,UNEMPLOYMENT,126,unemployment_rate,365,imports_mom,Imports (MoM),Growth,6,69,-0.031316,0.031316,False,very_weak,2026-04-24T07:51:03.322738+00:00
674,AU,AUD,UNEMPLOYMENT,126,unemployment_rate,365,imports_mom,Imports (MoM),Growth,5,70,-0.021933,0.021933,False,very_weak,2026-04-24T07:51:03.322738+00:00
675,AU,AUD,UNEMPLOYMENT,126,unemployment_rate,365,imports_mom,Imports (MoM),Growth,4,71,0.016127,0.016127,False,very_weak,2026-04-24T07:51:03.322738+00:00
676,AU,AUD,UNEMPLOYMENT,126,unemployment_rate,365,imports_mom,Imports (MoM),Growth,2,73,0.003246,0.003246,False,very_weak,2026-04-24T07:51:03.322738+00:00
677,AU,AUD,UNEMPLOYMENT,126,unemployment_rate,365,imports_mom,Imports (MoM),Growth,3,72,-0.001665,0.001665,False,very_weak,2026-04-24T07:51:03.322738+00:00
678,AU,AUD,UNEMPLOYMENT,126,unemployment_rate,366,current_account,Current Account,Growth,6,22,0.537613,0.537613,True,moderate,2026-04-24T07:51:03.322738+00:00
679,AU,AUD,UNEMPLOYMENT,126,unemployment_rate,366,current_account,Current Account,Growth,4,23,0.441986,0.441986,False,weak,2026-04-24T07:51:03.322738+00:00
680,AU,AUD,UNEMPLOYMENT,126,unemployment_rate,366,current_account,Current Account,Growth,5,23,0.433688,0.433688,False,weak,2026-04-24T07:51:03.322738+00:00
681,CA,CAD,CPI,152,cpi_headline_yoy,153,core_cpi_yoy,Core CPI (YoY),Inflation,6,72,0.414448,0.414448,True,weak,2026-04-24T07:51:03.322738+00:00
682,CA,CAD,CPI,152,cpi_headline_yoy,153,core_cpi_yoy,Core CPI (YoY),Inflation,5,73,0.380281,0.380281,False,weak,2026-04-24T07:51:03.322738+00:00
683,CA,CAD,CPI,152,cpi_headline_yoy,153,core_cpi_yoy,Core CPI (YoY),Inflation,4,74,0.329575,0.329575,False,weak,2026-04-24T07:51:03.322738+00:00
684,CA,CAD,CPI,152,cpi_headline_yoy,153,core_cpi_yoy,Core CPI (YoY),Inflation,3,75,0.257531,0.257531,False,weak,2026-04-24T07:51:03.322738+00:00
685,CA,CAD,CPI,152,cpi_headline_yoy,153,core_cpi_yoy,Core CPI (YoY),Inflation,2,76,0.199844,0.199844,False,very_weak,2026-04-24T07:51:03.322738+00:00
686,CA,CAD,CPI,152,cpi_headline_yoy,153,core_cpi_yoy,Core CPI (YoY),Inflation,1,77,0.199161,0.199161,False,very_weak,2026-04-24T07:51:03.322738+00:00
687,CA,CAD,CPI,152,cpi_headline_yoy,153,core_cpi_yoy,Core CPI (YoY),Inflation,0,78,0.157145,0.157145,False,very_weak,2026-04-24T07:51:03.322738+00:00
688,CA,CAD,CPI,152,cpi_headline_yoy,154,unemployment_rate,Unemployment Rate,Labor,6,72,-0.386639,0.386639,True,weak,2026-04-24T07:51:03.322738+00:00
689,CA,CAD,CPI,152,cpi_headline_yoy,154,unemployment_rate,Unemployment Rate,Labor,5,73,-0.376292,0.376292,False,weak,2026-04-24T07:51:03.322738+00:00
690,CA,CAD,CPI,152,cpi_headline_yoy,154,unemployment_rate,Unemployment Rate,Labor,4,74,-0.333382,0.333382,False,weak,2026-04-24T07:51:03.322738+00:00
691,CA,CAD,CPI,152,cpi_headline_yoy,154,unemployment_rate,Unemployment Rate,Labor,2,76,-0.300612,0.300612,False,weak,2026-04-24T07:51:03.322738+00:00
692,CA,CAD,CPI,152,cpi_headline_yoy,154,unemployment_rate,Unemployment Rate,Labor,1,77,-0.288012,0.288012,False,weak,2026-04-24T07:51:03.322738+00:00
693,CA,CAD,CPI,152,cpi_headline_yoy,154,unemployment_rate,Unemployment Rate,Labor,3,75,-0.268579,0.268579,False,weak,2026-04-24T07:51:03.322738+00:00
694,CA,CAD,CPI,152,cpi_headline_yoy,154,unemployment_rate,Unemployment Rate,Labor,0,78,-0.222198,0.222198,False,very_weak,2026-04-24T07:51:03.322738+00:00
695,CA,CAD,CPI,152,cpi_headline_yoy,155,employment_change,Employment Change,Labor,2,76,0.211648,0.211648,True,very_weak,2026-04-24T07:51:03.322738+00:00
696,CA,CAD,CPI,152,cpi_headline_yoy,155,employment_change,Employment Change,Labor,1,77,0.197595,0.197595,False,very_weak,2026-04-24T07:51:03.322738+00:00
697,CA,CAD,CPI,152,cpi_headline_yoy,155,employment_change,Employment Change,Labor,5,73,0.195902,0.195902,False,very_weak,2026-04-24T07:51:03.322738+00:00
698,CA,CAD,CPI,152,cpi_headline_yoy,155,employment_change,Employment Change,Labor,4,74,0.192193,0.192193,False,very_weak,2026-04-24T07:51:03.322738+00:00
699,CA,CAD,CPI,152,cpi_headline_yoy,155,employment_change,Employment Change,Labor,6,72,0.178571,0.178571,False,very_weak,2026-04-24T07:51:03.322738+00:00
700,CA,CAD,CPI,152,cpi_headline_yoy,155,employment_change,Employment Change,Labor,3,75,0.153267,0.153267,False,very_weak,2026-04-24T07:51:03.322738+00:00
701,CA,CAD,CPI,152,cpi_headline_yoy,155,employment_change,Employment Change,Labor,0,78,0.131595,0.131595,False,very_weak,2026-04-24T07:51:03.322738+00:00
702,CA,CAD,CPI,152,cpi_headline_yoy,156,full_time_employment_change,Full-Time Employment Change,Labor,2,76,0.207509,0.207509,True,very_weak,2026-04-24T07:51:03.322738+00:00
703,CA,CAD,CPI,152,cpi_headline_yoy,156,full_time_employment_change,Full-Time Employment Change,Labor,5,73,0.194832,0.194832,False,very_weak,2026-04-24T07:51:03.322738+00:00
704,CA,CAD,CPI,152,cpi_headline_yoy,156,full_time_employment_change,Full-Time Employment Change,Labor,1,77,0.194747,0.194747,False,very_weak,2026-04-24T07:51:03.322738+00:00
705,CA,CAD,CPI,152,cpi_headline_yoy,156,full_time_employment_change,Full-Time Employment Change,Labor,4,74,0.191428,0.191428,False,very_weak,2026-04-24T07:51:03.322738+00:00
706,CA,CAD,CPI,152,cpi_headline_yoy,156,full_time_employment_change,Full-Time Employment Change,Labor,6,72,0.176892,0.176892,False,very_weak,2026-04-24T07:51:03.322738+00:00
707,CA,CAD,CPI,152,cpi_headline_yoy,156,full_time_employment_change,Full-Time Employment Change,Labor,3,75,0.149470,0.149470,False,very_weak,2026-04-24T07:51:03.322738+00:00
708,CA,CAD,CPI,152,cpi_headline_yoy,156,full_time_employment_change,Full-Time Employment Change,Labor,0,78,0.129596,0.129596,False,very_weak,2026-04-24T07:51:03.322738+00:00
709,CA,CAD,CPI,152,cpi_headline_yoy,157,part_time_employment_change,Part-Time Employment Change,Labor,2,76,0.211805,0.211805,True,very_weak,2026-04-24T07:51:03.322738+00:00
710,CA,CAD,CPI,152,cpi_headline_yoy,157,part_time_employment_change,Part-Time Employment Change,Labor,1,77,0.198067,0.198067,False,very_weak,2026-04-24T07:51:03.322738+00:00
711,CA,CAD,CPI,152,cpi_headline_yoy,157,part_time_employment_change,Part-Time Employment Change,Labor,5,73,0.195778,0.195778,False,very_weak,2026-04-24T07:51:03.322738+00:00
712,CA,CAD,CPI,152,cpi_headline_yoy,157,part_time_employment_change,Part-Time Employment Change,Labor,4,74,0.191949,0.191949,False,very_weak,2026-04-24T07:51:03.322738+00:00
713,CA,CAD,CPI,152,cpi_headline_yoy,157,part_time_employment_change,Part-Time Employment Change,Labor,6,72,0.177585,0.177585,False,very_weak,2026-04-24T07:51:03.322738+00:00
714,CA,CAD,CPI,152,cpi_headline_yoy,157,part_time_employment_change,Part-Time Employment Change,Labor,3,75,0.152648,0.152648,False,very_weak,2026-04-24T07:51:03.322738+00:00
715,CA,CAD,CPI,152,cpi_headline_yoy,157,part_time_employment_change,Part-Time Employment Change,Labor,0,78,0.132919,0.132919,False,very_weak,2026-04-24T07:51:03.322738+00:00
716,CA,CAD,CPI,152,cpi_headline_yoy,159,cpi_headline_mom,Headline CPI (MoM),Inflation,2,73,0.135139,0.135139,True,very_weak,2026-04-24T07:51:03.322738+00:00
717,CA,CAD,CPI,152,cpi_headline_yoy,159,cpi_headline_mom,Headline CPI (MoM),Inflation,5,70,0.133564,0.133564,False,very_weak,2026-04-24T07:51:03.322738+00:00
718,CA,CAD,CPI,152,cpi_headline_yoy,159,cpi_headline_mom,Headline CPI (MoM),Inflation,4,71,0.132132,0.132132,False,very_weak,2026-04-24T07:51:03.322738+00:00
719,CA,CAD,CPI,152,cpi_headline_yoy,159,cpi_headline_mom,Headline CPI (MoM),Inflation,6,69,0.118674,0.118674,False,very_weak,2026-04-24T07:51:03.322738+00:00
720,CA,CAD,CPI,152,cpi_headline_yoy,159,cpi_headline_mom,Headline CPI (MoM),Inflation,1,74,0.110647,0.110647,False,very_weak,2026-04-24T07:51:03.322738+00:00
721,CA,CAD,CPI,152,cpi_headline_yoy,159,cpi_headline_mom,Headline CPI (MoM),Inflation,3,74,0.101567,0.101567,False,very_weak,2026-04-24T07:51:03.322738+00:00
722,CA,CAD,CPI,152,cpi_headline_yoy,159,cpi_headline_mom,Headline CPI (MoM),Inflation,0,77,0.025837,0.025837,False,very_weak,2026-04-24T07:51:03.322738+00:00
723,CA,CAD,CPI,152,cpi_headline_yoy,160,core_cpi_mom,Core CPI (MoM),Inflation,4,42,-0.294777,0.294777,True,weak,2026-04-24T07:51:03.322738+00:00
724,CA,CAD,CPI,152,cpi_headline_yoy,160,core_cpi_mom,Core CPI (MoM),Inflation,3,44,-0.283781,0.283781,False,weak,2026-04-24T07:51:03.322738+00:00
725,CA,CAD,CPI,152,cpi_headline_yoy,160,core_cpi_mom,Core CPI (MoM),Inflation,5,41,-0.268727,0.268727,False,weak,2026-04-24T07:51:03.322738+00:00
726,CA,CAD,CPI,152,cpi_headline_yoy,160,core_cpi_mom,Core CPI (MoM),Inflation,6,40,-0.267950,0.267950,False,weak,2026-04-24T07:51:03.322738+00:00
727,CA,CAD,CPI,152,cpi_headline_yoy,160,core_cpi_mom,Core CPI (MoM),Inflation,2,45,-0.262145,0.262145,False,weak,2026-04-24T07:51:03.322738+00:00
728,CA,CAD,CPI,152,cpi_headline_yoy,160,core_cpi_mom,Core CPI (MoM),Inflation,0,47,-0.249933,0.249933,False,very_weak,2026-04-24T07:51:03.322738+00:00
729,CA,CAD,CPI,152,cpi_headline_yoy,160,core_cpi_mom,Core CPI (MoM),Inflation,1,46,-0.228506,0.228506,False,very_weak,2026-04-24T07:51:03.322738+00:00
730,CA,CAD,CPI,152,cpi_headline_yoy,162,new_housing_price_index_mom,New Housing Price Index (MoM),Inflation,1,65,-0.209771,0.209771,True,very_weak,2026-04-24T07:51:03.322738+00:00
731,CA,CAD,CPI,152,cpi_headline_yoy,162,new_housing_price_index_mom,New Housing Price Index (MoM),Inflation,0,13,-0.185628,0.185628,False,very_weak,2026-04-24T07:51:03.322738+00:00
732,CA,CAD,CPI,152,cpi_headline_yoy,162,new_housing_price_index_mom,New Housing Price Index (MoM),Inflation,2,64,-0.132104,0.132104,False,very_weak,2026-04-24T07:51:03.322738+00:00
733,CA,CAD,CPI,152,cpi_headline_yoy,162,new_housing_price_index_mom,New Housing Price Index (MoM),Inflation,3,63,-0.109272,0.109272,False,very_weak,2026-04-24T07:51:03.322738+00:00
734,CA,CAD,CPI,152,cpi_headline_yoy,162,new_housing_price_index_mom,New Housing Price Index (MoM),Inflation,5,63,-0.109101,0.109101,False,very_weak,2026-04-24T07:51:03.322738+00:00
735,CA,CAD,CPI,152,cpi_headline_yoy,162,new_housing_price_index_mom,New Housing Price Index (MoM),Inflation,4,62,-0.095499,0.095499,False,very_weak,2026-04-24T07:51:03.322738+00:00
736,CA,CAD,CPI,152,cpi_headline_yoy,162,new_housing_price_index_mom,New Housing Price Index (MoM),Inflation,6,62,-0.089668,0.089668,False,very_weak,2026-04-24T07:51:03.322738+00:00
737,CA,CAD,CPI,152,cpi_headline_yoy,163,new_housing_price_index_yoy,New Housing Price Index (YoY),Inflation,0,12,-0.903717,0.903717,True,strong,2026-04-24T07:51:03.322738+00:00
738,CA,CAD,CPI,152,cpi_headline_yoy,163,new_housing_price_index_yoy,New Housing Price Index (YoY),Inflation,1,61,-0.447796,0.447796,False,weak,2026-04-24T07:51:03.322738+00:00
739,CA,CAD,CPI,152,cpi_headline_yoy,163,new_housing_price_index_yoy,New Housing Price Index (YoY),Inflation,2,61,-0.436710,0.436710,False,weak,2026-04-24T07:51:03.322738+00:00
740,CA,CAD,CPI,152,cpi_headline_yoy,163,new_housing_price_index_yoy,New Housing Price Index (YoY),Inflation,3,61,-0.395430,0.395430,False,weak,2026-04-24T07:51:03.322738+00:00
741,CA,CAD,CPI,152,cpi_headline_yoy,163,new_housing_price_index_yoy,New Housing Price Index (YoY),Inflation,4,61,-0.356710,0.356710,False,weak,2026-04-24T07:51:03.322738+00:00
742,CA,CAD,CPI,152,cpi_headline_yoy,163,new_housing_price_index_yoy,New Housing Price Index (YoY),Inflation,5,61,-0.346349,0.346349,False,weak,2026-04-24T07:51:03.322738+00:00
743,CA,CAD,CPI,152,cpi_headline_yoy,163,new_housing_price_index_yoy,New Housing Price Index (YoY),Inflation,6,61,-0.289210,0.289210,False,weak,2026-04-24T07:51:03.322738+00:00
744,CA,CAD,CPI,152,cpi_headline_yoy,164,manufacturing_sales_mom,Manufacturing Sales (MoM),Growth,1,121,0.092660,0.092660,True,very_weak,2026-04-24T07:51:03.322738+00:00
745,CA,CAD,CPI,152,cpi_headline_yoy,164,manufacturing_sales_mom,Manufacturing Sales (MoM),Growth,4,122,0.082968,0.082968,False,very_weak,2026-04-24T07:51:03.322738+00:00
746,CA,CAD,CPI,152,cpi_headline_yoy,164,manufacturing_sales_mom,Manufacturing Sales (MoM),Growth,5,124,0.055008,0.055008,False,very_weak,2026-04-24T07:51:03.322738+00:00
747,CA,CAD,CPI,152,cpi_headline_yoy,164,manufacturing_sales_mom,Manufacturing Sales (MoM),Growth,2,122,0.050746,0.050746,False,very_weak,2026-04-24T07:51:03.322738+00:00
748,CA,CAD,CPI,152,cpi_headline_yoy,164,manufacturing_sales_mom,Manufacturing Sales (MoM),Growth,3,122,0.035852,0.035852,False,very_weak,2026-04-24T07:51:03.322738+00:00
749,CA,CAD,CPI,152,cpi_headline_yoy,164,manufacturing_sales_mom,Manufacturing Sales (MoM),Growth,6,122,0.015821,0.015821,False,very_weak,2026-04-24T07:51:03.322738+00:00
750,CA,CAD,CPI,152,cpi_headline_yoy,165,ppi_yoy,PPI (YoY),Inflation,0,27,-0.610777,0.610777,True,moderate,2026-04-24T07:51:03.322738+00:00
751,CA,CAD,CPI,152,cpi_headline_yoy,165,ppi_yoy,PPI (YoY),Inflation,1,87,-0.189452,0.189452,False,very_weak,2026-04-24T07:51:03.322738+00:00
752,CA,CAD,CPI,152,cpi_headline_yoy,165,ppi_yoy,PPI (YoY),Inflation,2,86,-0.153969,0.153969,False,very_weak,2026-04-24T07:51:03.322738+00:00
753,CA,CAD,CPI,152,cpi_headline_yoy,165,ppi_yoy,PPI (YoY),Inflation,3,85,-0.116785,0.116785,False,very_weak,2026-04-24T07:51:03.322738+00:00
754,CA,CAD,CPI,152,cpi_headline_yoy,165,ppi_yoy,PPI (YoY),Inflation,4,84,-0.078774,0.078774,False,very_weak,2026-04-24T07:51:03.322738+00:00
755,CA,CAD,CPI,152,cpi_headline_yoy,165,ppi_yoy,PPI (YoY),Inflation,5,83,-0.044078,0.044078,False,very_weak,2026-04-24T07:51:03.322738+00:00
756,CA,CAD,CPI,152,cpi_headline_yoy,165,ppi_yoy,PPI (YoY),Inflation,6,82,-0.002183,0.002183,False,very_weak,2026-04-24T07:51:03.322738+00:00
757,CA,CAD,CPI,152,cpi_headline_yoy,166,ppi_mom,PPI (MoM),Inflation,0,26,-0.295765,0.295765,True,weak,2026-04-24T07:51:03.322738+00:00
758,CA,CAD,CPI,152,cpi_headline_yoy,166,ppi_mom,PPI (MoM),Inflation,4,80,0.150953,0.150953,False,very_weak,2026-04-24T07:51:03.322738+00:00
759,CA,CAD,CPI,152,cpi_headline_yoy,166,ppi_mom,PPI (MoM),Inflation,3,81,0.144934,0.144934,False,very_weak,2026-04-24T07:51:03.322738+00:00
760,CA,CAD,CPI,152,cpi_headline_yoy,166,ppi_mom,PPI (MoM),Inflation,5,79,0.125582,0.125582,False,very_weak,2026-04-24T07:51:03.322738+00:00
761,CA,CAD,CPI,152,cpi_headline_yoy,166,ppi_mom,PPI (MoM),Inflation,6,78,0.106543,0.106543,False,very_weak,2026-04-24T07:51:03.322738+00:00
762,CA,CAD,CPI,152,cpi_headline_yoy,166,ppi_mom,PPI (MoM),Inflation,2,82,0.098581,0.098581,False,very_weak,2026-04-24T07:51:03.322738+00:00
763,CA,CAD,CPI,152,cpi_headline_yoy,166,ppi_mom,PPI (MoM),Inflation,1,82,0.068595,0.068595,False,very_weak,2026-04-24T07:51:03.322738+00:00
764,CA,CAD,CPI,152,cpi_headline_yoy,167,raw_materials_prices_yoy,Raw Materials Prices (YoY),Inflation,0,17,-0.280872,0.280872,True,weak,2026-04-24T07:51:03.322738+00:00
765,CA,CAD,CPI,152,cpi_headline_yoy,167,raw_materials_prices_yoy,Raw Materials Prices (YoY),Inflation,1,77,-0.131375,0.131375,False,very_weak,2026-04-24T07:51:03.322738+00:00
766,CA,CAD,CPI,152,cpi_headline_yoy,167,raw_materials_prices_yoy,Raw Materials Prices (YoY),Inflation,2,76,-0.060105,0.060105,False,very_weak,2026-04-24T07:51:03.322738+00:00
767,CA,CAD,CPI,152,cpi_headline_yoy,167,raw_materials_prices_yoy,Raw Materials Prices (YoY),Inflation,6,72,0.054814,0.054814,False,very_weak,2026-04-24T07:51:03.322738+00:00
768,CA,CAD,CPI,152,cpi_headline_yoy,167,raw_materials_prices_yoy,Raw Materials Prices (YoY),Inflation,3,75,-0.015293,0.015293,False,very_weak,2026-04-24T07:51:03.322738+00:00
769,CA,CAD,CPI,152,cpi_headline_yoy,167,raw_materials_prices_yoy,Raw Materials Prices (YoY),Inflation,4,74,0.004501,0.004501,False,very_weak,2026-04-24T07:51:03.322738+00:00
770,CA,CAD,CPI,152,cpi_headline_yoy,167,raw_materials_prices_yoy,Raw Materials Prices (YoY),Inflation,5,73,-0.001320,0.001320,False,very_weak,2026-04-24T07:51:03.322738+00:00
771,CA,CAD,CPI,152,cpi_headline_yoy,168,raw_materials_prices_mom,Raw Materials Prices (MoM),Inflation,4,73,0.078176,0.078176,True,very_weak,2026-04-24T07:51:03.322738+00:00
772,CA,CAD,CPI,152,cpi_headline_yoy,168,raw_materials_prices_mom,Raw Materials Prices (MoM),Inflation,3,74,0.057857,0.057857,False,very_weak,2026-04-24T07:51:03.322738+00:00
773,CA,CAD,CPI,152,cpi_headline_yoy,168,raw_materials_prices_mom,Raw Materials Prices (MoM),Inflation,1,76,-0.043030,0.043030,False,very_weak,2026-04-24T07:51:03.322738+00:00
774,CA,CAD,CPI,152,cpi_headline_yoy,168,raw_materials_prices_mom,Raw Materials Prices (MoM),Inflation,0,16,0.042239,0.042239,False,very_weak,2026-04-24T07:51:03.322738+00:00
775,CA,CAD,CPI,152,cpi_headline_yoy,168,raw_materials_prices_mom,Raw Materials Prices (MoM),Inflation,5,72,0.028569,0.028569,False,very_weak,2026-04-24T07:51:03.322738+00:00
776,CA,CAD,CPI,152,cpi_headline_yoy,168,raw_materials_prices_mom,Raw Materials Prices (MoM),Inflation,2,75,-0.008321,0.008321,False,very_weak,2026-04-24T07:51:03.322738+00:00
777,CA,CAD,CPI,152,cpi_headline_yoy,168,raw_materials_prices_mom,Raw Materials Prices (MoM),Inflation,6,71,-0.001825,0.001825,False,very_weak,2026-04-24T07:51:03.322738+00:00
778,CA,CAD,CPI,152,cpi_headline_yoy,169,retail_sales_yoy,Retail Sales (YoY),Growth,5,74,0.158770,0.158770,True,very_weak,2026-04-24T07:51:03.322738+00:00
779,CA,CAD,CPI,152,cpi_headline_yoy,169,retail_sales_yoy,Retail Sales (YoY),Growth,1,10,-0.138936,0.138936,False,very_weak,2026-04-24T07:51:03.322738+00:00
780,CA,CAD,CPI,152,cpi_headline_yoy,169,retail_sales_yoy,Retail Sales (YoY),Growth,6,73,0.131437,0.131437,False,very_weak,2026-04-24T07:51:03.322738+00:00
781,CA,CAD,CPI,152,cpi_headline_yoy,169,retail_sales_yoy,Retail Sales (YoY),Growth,4,75,0.123677,0.123677,False,very_weak,2026-04-24T07:51:03.322738+00:00
782,CA,CAD,CPI,152,cpi_headline_yoy,169,retail_sales_yoy,Retail Sales (YoY),Growth,2,75,0.119122,0.119122,False,very_weak,2026-04-24T07:51:03.322738+00:00
783,CA,CAD,CPI,152,cpi_headline_yoy,169,retail_sales_yoy,Retail Sales (YoY),Growth,3,74,0.077215,0.077215,False,very_weak,2026-04-24T07:51:03.322738+00:00
784,CA,CAD,CPI,152,cpi_headline_yoy,170,retail_sales_ex_autos_mom,Retail Sales Ex Autos (MoM),Growth,4,72,0.157136,0.157136,True,very_weak,2026-04-24T07:51:03.322738+00:00
785,CA,CAD,CPI,152,cpi_headline_yoy,170,retail_sales_ex_autos_mom,Retail Sales Ex Autos (MoM),Growth,3,73,0.153935,0.153935,False,very_weak,2026-04-24T07:51:03.322738+00:00
786,CA,CAD,CPI,152,cpi_headline_yoy,170,retail_sales_ex_autos_mom,Retail Sales Ex Autos (MoM),Growth,5,71,0.142646,0.142646,False,very_weak,2026-04-24T07:51:03.322738+00:00
787,CA,CAD,CPI,152,cpi_headline_yoy,170,retail_sales_ex_autos_mom,Retail Sales Ex Autos (MoM),Growth,6,70,0.132325,0.132325,False,very_weak,2026-04-24T07:51:03.322738+00:00
788,CA,CAD,CPI,152,cpi_headline_yoy,170,retail_sales_ex_autos_mom,Retail Sales Ex Autos (MoM),Growth,2,74,0.117662,0.117662,False,very_weak,2026-04-24T07:51:03.322738+00:00
789,CA,CAD,CPI,152,cpi_headline_yoy,170,retail_sales_ex_autos_mom,Retail Sales Ex Autos (MoM),Growth,1,9,-0.116929,0.116929,False,very_weak,2026-04-24T07:51:03.322738+00:00
790,CA,CAD,CPI,152,cpi_headline_yoy,171,budget_balance,Budget Balance,Growth,6,72,0.151677,0.151677,True,very_weak,2026-04-24T07:51:03.322738+00:00
791,CA,CAD,CPI,152,cpi_headline_yoy,171,budget_balance,Budget Balance,Growth,5,73,0.127524,0.127524,False,very_weak,2026-04-24T07:51:03.322738+00:00
792,CA,CAD,CPI,152,cpi_headline_yoy,171,budget_balance,Budget Balance,Growth,4,74,0.108070,0.108070,False,very_weak,2026-04-24T07:51:03.322738+00:00
793,CA,CAD,CPI,152,cpi_headline_yoy,171,budget_balance,Budget Balance,Growth,3,75,0.096262,0.096262,False,very_weak,2026-04-24T07:51:03.322738+00:00
794,CA,CAD,CPI,152,cpi_headline_yoy,171,budget_balance,Budget Balance,Growth,2,71,0.062640,0.062640,False,very_weak,2026-04-24T07:51:03.322738+00:00
795,CA,CAD,CPI,152,cpi_headline_yoy,210,retail_sales_mom,Retail Sales (MoM),Growth,2,85,0.210032,0.210032,True,very_weak,2026-04-24T07:51:03.322738+00:00
796,CA,CAD,CPI,152,cpi_headline_yoy,210,retail_sales_mom,Retail Sales (MoM),Growth,5,85,0.155801,0.155801,False,very_weak,2026-04-24T07:51:03.322738+00:00
797,CA,CAD,CPI,152,cpi_headline_yoy,210,retail_sales_mom,Retail Sales (MoM),Growth,4,85,0.150084,0.150084,False,very_weak,2026-04-24T07:51:03.322738+00:00
798,CA,CAD,CPI,152,cpi_headline_yoy,210,retail_sales_mom,Retail Sales (MoM),Growth,3,85,0.146739,0.146739,False,very_weak,2026-04-24T07:51:03.322738+00:00
799,CA,CAD,CPI,152,cpi_headline_yoy,210,retail_sales_mom,Retail Sales (MoM),Growth,6,85,0.144235,0.144235,False,very_weak,2026-04-24T07:51:03.322738+00:00
800,CA,CAD,CPI,152,cpi_headline_yoy,210,retail_sales_mom,Retail Sales (MoM),Growth,1,22,0.000552,0.000552,False,very_weak,2026-04-24T07:51:03.322738+00:00
801,CA,CAD,CPI,152,cpi_headline_yoy,211,gdp_mom,GDP (MoM),Growth,1,36,-0.212955,0.212955,True,very_weak,2026-04-24T07:51:03.322738+00:00
802,CA,CAD,CPI,152,cpi_headline_yoy,211,gdp_mom,GDP (MoM),Growth,2,98,0.190406,0.190406,False,very_weak,2026-04-24T07:51:03.322738+00:00
803,CA,CAD,CPI,152,cpi_headline_yoy,211,gdp_mom,GDP (MoM),Growth,5,97,0.176830,0.176830,False,very_weak,2026-04-24T07:51:03.322738+00:00
804,CA,CAD,CPI,152,cpi_headline_yoy,211,gdp_mom,GDP (MoM),Growth,4,97,0.175353,0.175353,False,very_weak,2026-04-24T07:51:03.322738+00:00
805,CA,CAD,CPI,152,cpi_headline_yoy,211,gdp_mom,GDP (MoM),Growth,6,95,0.155807,0.155807,False,very_weak,2026-04-24T07:51:03.322738+00:00
806,CA,CAD,CPI,152,cpi_headline_yoy,211,gdp_mom,GDP (MoM),Growth,3,98,0.139211,0.139211,False,very_weak,2026-04-24T07:51:03.322738+00:00
807,CA,CAD,CPI,152,cpi_headline_yoy,212,wholesale_sales_mom,Wholesale Sales (MoM),Growth,6,127,0.154587,0.154587,True,very_weak,2026-04-24T07:51:03.322738+00:00
808,CA,CAD,CPI,152,cpi_headline_yoy,212,wholesale_sales_mom,Wholesale Sales (MoM),Growth,4,127,0.140726,0.140726,False,very_weak,2026-04-24T07:51:03.322738+00:00
809,CA,CAD,CPI,152,cpi_headline_yoy,212,wholesale_sales_mom,Wholesale Sales (MoM),Growth,5,129,0.130359,0.130359,False,very_weak,2026-04-24T07:51:03.322738+00:00
810,CA,CAD,CPI,152,cpi_headline_yoy,212,wholesale_sales_mom,Wholesale Sales (MoM),Growth,3,127,0.125206,0.125206,False,very_weak,2026-04-24T07:51:03.322738+00:00
811,CA,CAD,CPI,152,cpi_headline_yoy,212,wholesale_sales_mom,Wholesale Sales (MoM),Growth,2,128,0.119832,0.119832,False,very_weak,2026-04-24T07:51:03.322738+00:00
812,CA,CAD,CPI,152,cpi_headline_yoy,212,wholesale_sales_mom,Wholesale Sales (MoM),Growth,1,121,0.093525,0.093525,False,very_weak,2026-04-24T07:51:03.322738+00:00
813,CA,CAD,CPI,152,cpi_headline_yoy,213,imports,Imports,Growth,6,73,0.403776,0.403776,True,weak,2026-04-24T07:51:03.322738+00:00
814,CA,CAD,CPI,152,cpi_headline_yoy,213,imports,Imports,Growth,5,74,0.393022,0.393022,False,weak,2026-04-24T07:51:03.322738+00:00
815,CA,CAD,CPI,152,cpi_headline_yoy,213,imports,Imports,Growth,4,77,0.389829,0.389829,False,weak,2026-04-24T07:51:03.322738+00:00
816,CA,CAD,CPI,152,cpi_headline_yoy,213,imports,Imports,Growth,3,78,0.384712,0.384712,False,weak,2026-04-24T07:51:03.322738+00:00
817,CA,CAD,CPI,152,cpi_headline_yoy,213,imports,Imports,Growth,2,79,0.366194,0.366194,False,weak,2026-04-24T07:51:03.322738+00:00
818,CA,CAD,CPI,152,cpi_headline_yoy,213,imports,Imports,Growth,1,74,0.203731,0.203731,False,very_weak,2026-04-24T07:51:03.322738+00:00
819,CA,CAD,CPI,152,cpi_headline_yoy,214,exports,Exports,Growth,6,73,0.370042,0.370042,True,weak,2026-04-24T07:51:03.322738+00:00
820,CA,CAD,CPI,152,cpi_headline_yoy,214,exports,Exports,Growth,4,77,0.322980,0.322980,False,weak,2026-04-24T07:51:03.322738+00:00
821,CA,CAD,CPI,152,cpi_headline_yoy,214,exports,Exports,Growth,5,74,0.309972,0.309972,False,weak,2026-04-24T07:51:03.322738+00:00
822,CA,CAD,CPI,152,cpi_headline_yoy,214,exports,Exports,Growth,3,78,0.300755,0.300755,False,weak,2026-04-24T07:51:03.322738+00:00
823,CA,CAD,CPI,152,cpi_headline_yoy,214,exports,Exports,Growth,1,74,0.276293,0.276293,False,weak,2026-04-24T07:51:03.322738+00:00
824,CA,CAD,CPI,152,cpi_headline_yoy,214,exports,Exports,Growth,2,79,0.258395,0.258395,False,weak,2026-04-24T07:51:03.322738+00:00
825,CA,CAD,CPI,152,cpi_headline_yoy,371,ivey_pmi_sa,Ivey PMI s.a.,Growth,2,72,0.071582,0.071582,True,very_weak,2026-04-24T07:51:03.322738+00:00
826,CA,CAD,CPI,152,cpi_headline_yoy,371,ivey_pmi_sa,Ivey PMI s.a.,Growth,1,71,0.057522,0.057522,False,very_weak,2026-04-24T07:51:03.322738+00:00
827,CA,CAD,CPI,152,cpi_headline_yoy,371,ivey_pmi_sa,Ivey PMI s.a.,Growth,4,74,0.034855,0.034855,False,very_weak,2026-04-24T07:51:03.322738+00:00
828,CA,CAD,CPI,152,cpi_headline_yoy,371,ivey_pmi_sa,Ivey PMI s.a.,Growth,3,73,0.030443,0.030443,False,very_weak,2026-04-24T07:51:03.322738+00:00
829,CA,CAD,CPI,152,cpi_headline_yoy,371,ivey_pmi_sa,Ivey PMI s.a.,Growth,6,72,0.015861,0.015861,False,very_weak,2026-04-24T07:51:03.322738+00:00
830,CA,CAD,CPI,152,cpi_headline_yoy,371,ivey_pmi_sa,Ivey PMI s.a.,Growth,0,70,-0.008172,0.008172,False,very_weak,2026-04-24T07:51:03.322738+00:00
831,CA,CAD,CPI,152,cpi_headline_yoy,371,ivey_pmi_sa,Ivey PMI s.a.,Growth,5,73,0.005435,0.005435,False,very_weak,2026-04-24T07:51:03.322738+00:00
832,CA,CAD,CPI,152,cpi_headline_yoy,374,manufacturing_pmi,Manufacturing PMI,Growth,0,51,-0.249842,0.249842,True,very_weak,2026-04-24T07:51:03.322738+00:00
833,CA,CAD,CPI,152,cpi_headline_yoy,374,manufacturing_pmi,Manufacturing PMI,Growth,4,47,-0.234491,0.234491,False,very_weak,2026-04-24T07:51:03.322738+00:00
834,CA,CAD,CPI,152,cpi_headline_yoy,374,manufacturing_pmi,Manufacturing PMI,Growth,5,46,-0.228974,0.228974,False,very_weak,2026-04-24T07:51:03.322738+00:00
835,CA,CAD,CPI,152,cpi_headline_yoy,374,manufacturing_pmi,Manufacturing PMI,Growth,6,45,-0.219034,0.219034,False,very_weak,2026-04-24T07:51:03.322738+00:00
836,CA,CAD,CPI,152,cpi_headline_yoy,374,manufacturing_pmi,Manufacturing PMI,Growth,1,50,-0.211551,0.211551,False,very_weak,2026-04-24T07:51:03.322738+00:00
837,CA,CAD,CPI,152,cpi_headline_yoy,374,manufacturing_pmi,Manufacturing PMI,Growth,3,48,-0.201719,0.201719,False,very_weak,2026-04-24T07:51:03.322738+00:00
838,CA,CAD,CPI,152,cpi_headline_yoy,374,manufacturing_pmi,Manufacturing PMI,Growth,2,49,-0.174228,0.174228,False,very_weak,2026-04-24T07:51:03.322738+00:00
839,CA,CAD,CPI,152,cpi_headline_yoy,375,services_pmi,Services PMI,Growth,2,30,0.409414,0.409414,True,weak,2026-04-24T07:51:03.322738+00:00
840,CA,CAD,CPI,152,cpi_headline_yoy,375,services_pmi,Services PMI,Growth,3,29,0.371336,0.371336,False,weak,2026-04-24T07:51:03.322738+00:00
841,CA,CAD,CPI,152,cpi_headline_yoy,375,services_pmi,Services PMI,Growth,1,31,0.316940,0.316940,False,weak,2026-04-24T07:51:03.322738+00:00
842,CA,CAD,CPI,152,cpi_headline_yoy,375,services_pmi,Services PMI,Growth,6,26,-0.278845,0.278845,False,weak,2026-04-24T07:51:03.322738+00:00
843,CA,CAD,CPI,152,cpi_headline_yoy,375,services_pmi,Services PMI,Growth,4,28,0.194862,0.194862,False,very_weak,2026-04-24T07:51:03.322738+00:00
844,CA,CAD,CPI,152,cpi_headline_yoy,375,services_pmi,Services PMI,Growth,0,32,0.089481,0.089481,False,very_weak,2026-04-24T07:51:03.322738+00:00
845,CA,CAD,CPI,152,cpi_headline_yoy,375,services_pmi,Services PMI,Growth,5,27,0.018617,0.018617,False,very_weak,2026-04-24T07:51:03.322738+00:00
846,CA,CAD,CPI,152,cpi_headline_yoy,376,composite_pmi,Composite PMI,Growth,2,30,0.376524,0.376524,True,weak,2026-04-24T07:51:03.322738+00:00
847,CA,CAD,CPI,152,cpi_headline_yoy,376,composite_pmi,Composite PMI,Growth,3,29,0.298998,0.298998,False,weak,2026-04-24T07:51:03.322738+00:00
848,CA,CAD,CPI,152,cpi_headline_yoy,376,composite_pmi,Composite PMI,Growth,6,26,-0.229058,0.229058,False,very_weak,2026-04-24T07:51:03.322738+00:00
849,CA,CAD,CPI,152,cpi_headline_yoy,376,composite_pmi,Composite PMI,Growth,1,31,0.213945,0.213945,False,very_weak,2026-04-24T07:51:03.322738+00:00
850,CA,CAD,CPI,152,cpi_headline_yoy,376,composite_pmi,Composite PMI,Growth,4,28,0.183339,0.183339,False,very_weak,2026-04-24T07:51:03.322738+00:00
851,CA,CAD,CPI,152,cpi_headline_yoy,376,composite_pmi,Composite PMI,Growth,5,27,0.180419,0.180419,False,very_weak,2026-04-24T07:51:03.322738+00:00
852,CA,CAD,CPI,152,cpi_headline_yoy,376,composite_pmi,Composite PMI,Growth,0,32,0.028103,0.028103,False,very_weak,2026-04-24T07:51:03.322738+00:00
853,CA,CAD,CPI,152,cpi_headline_yoy,377,cfib_business_barometer,CFIB Business Barometer,Growth,0,56,-0.205891,0.205891,True,very_weak,2026-04-24T07:51:03.322738+00:00
854,CA,CAD,CPI,152,cpi_headline_yoy,377,cfib_business_barometer,CFIB Business Barometer,Growth,2,54,-0.202361,0.202361,False,very_weak,2026-04-24T07:51:03.322738+00:00
855,CA,CAD,CPI,152,cpi_headline_yoy,377,cfib_business_barometer,CFIB Business Barometer,Growth,1,55,-0.189968,0.189968,False,very_weak,2026-04-24T07:51:03.322738+00:00
856,CA,CAD,CPI,152,cpi_headline_yoy,377,cfib_business_barometer,CFIB Business Barometer,Growth,3,53,-0.182668,0.182668,False,very_weak,2026-04-24T07:51:03.322738+00:00
857,CA,CAD,CPI,152,cpi_headline_yoy,377,cfib_business_barometer,CFIB Business Barometer,Growth,6,50,-0.158827,0.158827,False,very_weak,2026-04-24T07:51:03.322738+00:00
858,CA,CAD,CPI,152,cpi_headline_yoy,377,cfib_business_barometer,CFIB Business Barometer,Growth,4,52,-0.156026,0.156026,False,very_weak,2026-04-24T07:51:03.322738+00:00
859,CA,CAD,CPI,152,cpi_headline_yoy,377,cfib_business_barometer,CFIB Business Barometer,Growth,5,51,-0.138562,0.138562,False,very_weak,2026-04-24T07:51:03.322738+00:00
860,CA,CAD,CPI,152,cpi_headline_yoy,378,new_motor_vehicle_sales,New Motor Vehicle Sales,Growth,1,73,0.081695,0.081695,True,very_weak,2026-04-24T07:51:03.322738+00:00
861,CA,CAD,CPI,152,cpi_headline_yoy,378,new_motor_vehicle_sales,New Motor Vehicle Sales,Growth,2,77,0.059817,0.059817,False,very_weak,2026-04-24T07:51:03.322738+00:00
862,CA,CAD,CPI,152,cpi_headline_yoy,378,new_motor_vehicle_sales,New Motor Vehicle Sales,Growth,3,76,0.049378,0.049378,False,very_weak,2026-04-24T07:51:03.322738+00:00
863,CA,CAD,CPI,152,cpi_headline_yoy,378,new_motor_vehicle_sales,New Motor Vehicle Sales,Growth,4,75,0.035012,0.035012,False,very_weak,2026-04-24T07:51:03.322738+00:00
864,CA,CAD,CPI,152,cpi_headline_yoy,378,new_motor_vehicle_sales,New Motor Vehicle Sales,Growth,5,74,0.012976,0.012976,False,very_weak,2026-04-24T07:51:03.322738+00:00
865,CA,CAD,CPI,152,cpi_headline_yoy,378,new_motor_vehicle_sales,New Motor Vehicle Sales,Growth,6,73,0.005536,0.005536,False,very_weak,2026-04-24T07:51:03.322738+00:00
866,CA,CAD,CPI,152,cpi_headline_yoy,379,vehicle_sales_mom,Vehicle Sales (MoM),Growth,6,17,0.651803,0.651803,True,moderate,2026-04-24T07:51:03.322738+00:00
867,CA,CAD,CPI,152,cpi_headline_yoy,379,vehicle_sales_mom,Vehicle Sales (MoM),Growth,2,21,-0.303987,0.303987,False,weak,2026-04-24T07:51:03.322738+00:00
868,CA,CAD,CPI,152,cpi_headline_yoy,379,vehicle_sales_mom,Vehicle Sales (MoM),Growth,5,18,0.248504,0.248504,False,very_weak,2026-04-24T07:51:03.322738+00:00
869,CA,CAD,CPI,152,cpi_headline_yoy,379,vehicle_sales_mom,Vehicle Sales (MoM),Growth,4,19,-0.202271,0.202271,False,very_weak,2026-04-24T07:51:03.322738+00:00
870,CA,CAD,CPI,152,cpi_headline_yoy,379,vehicle_sales_mom,Vehicle Sales (MoM),Growth,1,22,-0.198982,0.198982,False,very_weak,2026-04-24T07:51:03.322738+00:00
871,CA,CAD,CPI,152,cpi_headline_yoy,379,vehicle_sales_mom,Vehicle Sales (MoM),Growth,3,20,-0.156017,0.156017,False,very_weak,2026-04-24T07:51:03.322738+00:00
872,CA,CAD,CPI,152,cpi_headline_yoy,380,balance_of_trade,Balance of Trade,Growth,1,72,0.158591,0.158591,True,very_weak,2026-04-24T07:51:03.322738+00:00
873,CA,CAD,CPI,152,cpi_headline_yoy,380,balance_of_trade,Balance of Trade,Growth,6,73,0.119780,0.119780,False,very_weak,2026-04-24T07:51:03.322738+00:00
874,CA,CAD,CPI,152,cpi_headline_yoy,380,balance_of_trade,Balance of Trade,Growth,4,75,0.101197,0.101197,False,very_weak,2026-04-24T07:51:03.322738+00:00
875,CA,CAD,CPI,152,cpi_headline_yoy,380,balance_of_trade,Balance of Trade,Growth,5,74,0.082979,0.082979,False,very_weak,2026-04-24T07:51:03.322738+00:00
876,CA,CAD,CPI,152,cpi_headline_yoy,380,balance_of_trade,Balance of Trade,Growth,3,76,0.072579,0.072579,False,very_weak,2026-04-24T07:51:03.322738+00:00
877,CA,CAD,CPI,152,cpi_headline_yoy,380,balance_of_trade,Balance of Trade,Growth,2,77,0.067421,0.067421,False,very_weak,2026-04-24T07:51:03.322738+00:00
878,CA,CAD,CPI,159,cpi_headline_mom,152,cpi_headline_yoy,Headline CPI (YoY),Inflation,0,76,0.418482,0.418482,True,weak,2026-04-24T07:51:03.322738+00:00
879,CA,CAD,CPI,159,cpi_headline_mom,152,cpi_headline_yoy,Headline CPI (YoY),Inflation,4,69,0.278519,0.278519,False,weak,2026-04-24T07:51:03.322738+00:00
880,CA,CAD,CPI,159,cpi_headline_mom,152,cpi_headline_yoy,Headline CPI (YoY),Inflation,1,75,0.222241,0.222241,False,very_weak,2026-04-24T07:51:03.322738+00:00
881,CA,CAD,CPI,159,cpi_headline_mom,152,cpi_headline_yoy,Headline CPI (YoY),Inflation,5,68,0.217867,0.217867,False,very_weak,2026-04-24T07:51:03.322738+00:00
882,CA,CAD,CPI,159,cpi_headline_mom,152,cpi_headline_yoy,Headline CPI (YoY),Inflation,6,67,0.187644,0.187644,False,very_weak,2026-04-24T07:51:03.322738+00:00
883,CA,CAD,CPI,159,cpi_headline_mom,152,cpi_headline_yoy,Headline CPI (YoY),Inflation,2,74,0.106530,0.106530,False,very_weak,2026-04-24T07:51:03.322738+00:00
884,CA,CAD,CPI,159,cpi_headline_mom,152,cpi_headline_yoy,Headline CPI (YoY),Inflation,3,72,0.063359,0.063359,False,very_weak,2026-04-24T07:51:03.322738+00:00
885,CA,CAD,CPI,159,cpi_headline_mom,153,core_cpi_yoy,Core CPI (YoY),Inflation,0,72,0.308959,0.308959,True,weak,2026-04-24T07:51:03.322738+00:00
886,CA,CAD,CPI,159,cpi_headline_mom,153,core_cpi_yoy,Core CPI (YoY),Inflation,4,69,0.257962,0.257962,False,weak,2026-04-24T07:51:03.322738+00:00
887,CA,CAD,CPI,159,cpi_headline_mom,153,core_cpi_yoy,Core CPI (YoY),Inflation,5,68,0.225006,0.225006,False,very_weak,2026-04-24T07:51:03.322738+00:00
888,CA,CAD,CPI,159,cpi_headline_mom,153,core_cpi_yoy,Core CPI (YoY),Inflation,3,70,0.168966,0.168966,False,very_weak,2026-04-24T07:51:03.322738+00:00
889,CA,CAD,CPI,159,cpi_headline_mom,153,core_cpi_yoy,Core CPI (YoY),Inflation,6,67,0.094090,0.094090,False,very_weak,2026-04-24T07:51:03.322738+00:00
890,CA,CAD,CPI,159,cpi_headline_mom,153,core_cpi_yoy,Core CPI (YoY),Inflation,1,72,0.071083,0.071083,False,very_weak,2026-04-24T07:51:03.322738+00:00
891,CA,CAD,CPI,159,cpi_headline_mom,153,core_cpi_yoy,Core CPI (YoY),Inflation,2,71,0.028951,0.028951,False,very_weak,2026-04-24T07:51:03.322738+00:00
892,CA,CAD,CPI,159,cpi_headline_mom,154,unemployment_rate,Unemployment Rate,Labor,0,73,-0.311443,0.311443,True,weak,2026-04-24T07:51:03.322738+00:00
893,CA,CAD,CPI,159,cpi_headline_mom,154,unemployment_rate,Unemployment Rate,Labor,1,72,-0.289978,0.289978,False,weak,2026-04-24T07:51:03.322738+00:00
894,CA,CAD,CPI,159,cpi_headline_mom,154,unemployment_rate,Unemployment Rate,Labor,4,69,-0.278744,0.278744,False,weak,2026-04-24T07:51:03.322738+00:00
895,CA,CAD,CPI,159,cpi_headline_mom,154,unemployment_rate,Unemployment Rate,Labor,5,68,-0.230153,0.230153,False,very_weak,2026-04-24T07:51:03.322738+00:00
896,CA,CAD,CPI,159,cpi_headline_mom,154,unemployment_rate,Unemployment Rate,Labor,6,67,-0.194819,0.194819,False,very_weak,2026-04-24T07:51:03.322738+00:00
897,CA,CAD,CPI,159,cpi_headline_mom,154,unemployment_rate,Unemployment Rate,Labor,2,71,-0.061353,0.061353,False,very_weak,2026-04-24T07:51:03.322738+00:00
898,CA,CAD,CPI,159,cpi_headline_mom,154,unemployment_rate,Unemployment Rate,Labor,3,70,-0.010203,0.010203,False,very_weak,2026-04-24T07:51:03.322738+00:00
899,CA,CAD,CPI,159,cpi_headline_mom,155,employment_change,Employment Change,Labor,1,72,0.270581,0.270581,True,weak,2026-04-24T07:51:03.322738+00:00
900,CA,CAD,CPI,159,cpi_headline_mom,155,employment_change,Employment Change,Labor,0,73,0.239197,0.239197,False,very_weak,2026-04-24T07:51:03.322738+00:00
901,CA,CAD,CPI,159,cpi_headline_mom,155,employment_change,Employment Change,Labor,3,70,-0.144696,0.144696,False,very_weak,2026-04-24T07:51:03.322738+00:00
902,CA,CAD,CPI,159,cpi_headline_mom,155,employment_change,Employment Change,Labor,6,67,0.126773,0.126773,False,very_weak,2026-04-24T07:51:03.322738+00:00
903,CA,CAD,CPI,159,cpi_headline_mom,155,employment_change,Employment Change,Labor,5,68,0.122275,0.122275,False,very_weak,2026-04-24T07:51:03.322738+00:00
904,CA,CAD,CPI,159,cpi_headline_mom,155,employment_change,Employment Change,Labor,4,69,0.115255,0.115255,False,very_weak,2026-04-24T07:51:03.322738+00:00
905,CA,CAD,CPI,159,cpi_headline_mom,155,employment_change,Employment Change,Labor,2,71,-0.003794,0.003794,False,very_weak,2026-04-24T07:51:03.322738+00:00
906,CA,CAD,CPI,159,cpi_headline_mom,156,full_time_employment_change,Full-Time Employment Change,Labor,1,72,0.266413,0.266413,True,weak,2026-04-24T07:51:03.322738+00:00
907,CA,CAD,CPI,159,cpi_headline_mom,156,full_time_employment_change,Full-Time Employment Change,Labor,0,73,0.241494,0.241494,False,very_weak,2026-04-24T07:51:03.322738+00:00
908,CA,CAD,CPI,159,cpi_headline_mom,156,full_time_employment_change,Full-Time Employment Change,Labor,3,70,-0.147006,0.147006,False,very_weak,2026-04-24T07:51:03.322738+00:00
909,CA,CAD,CPI,159,cpi_headline_mom,156,full_time_employment_change,Full-Time Employment Change,Labor,6,67,0.124870,0.124870,False,very_weak,2026-04-24T07:51:03.322738+00:00
910,CA,CAD,CPI,159,cpi_headline_mom,156,full_time_employment_change,Full-Time Employment Change,Labor,5,68,0.124397,0.124397,False,very_weak,2026-04-24T07:51:03.322738+00:00
911,CA,CAD,CPI,159,cpi_headline_mom,156,full_time_employment_change,Full-Time Employment Change,Labor,4,69,0.121959,0.121959,False,very_weak,2026-04-24T07:51:03.322738+00:00
912,CA,CAD,CPI,159,cpi_headline_mom,156,full_time_employment_change,Full-Time Employment Change,Labor,2,71,-0.007388,0.007388,False,very_weak,2026-04-24T07:51:03.322738+00:00
913,CA,CAD,CPI,159,cpi_headline_mom,157,part_time_employment_change,Part-Time Employment Change,Labor,1,72,0.273357,0.273357,True,weak,2026-04-24T07:51:03.322738+00:00
914,CA,CAD,CPI,159,cpi_headline_mom,157,part_time_employment_change,Part-Time Employment Change,Labor,0,73,0.246981,0.246981,False,very_weak,2026-04-24T07:51:03.322738+00:00
915,CA,CAD,CPI,159,cpi_headline_mom,157,part_time_employment_change,Part-Time Employment Change,Labor,3,70,-0.141132,0.141132,False,very_weak,2026-04-24T07:51:03.322738+00:00
916,CA,CAD,CPI,159,cpi_headline_mom,157,part_time_employment_change,Part-Time Employment Change,Labor,4,69,0.118230,0.118230,False,very_weak,2026-04-24T07:51:03.322738+00:00
917,CA,CAD,CPI,159,cpi_headline_mom,157,part_time_employment_change,Part-Time Employment Change,Labor,6,67,0.116478,0.116478,False,very_weak,2026-04-24T07:51:03.322738+00:00
918,CA,CAD,CPI,159,cpi_headline_mom,157,part_time_employment_change,Part-Time Employment Change,Labor,5,68,0.114814,0.114814,False,very_weak,2026-04-24T07:51:03.322738+00:00
919,CA,CAD,CPI,159,cpi_headline_mom,157,part_time_employment_change,Part-Time Employment Change,Labor,2,71,-0.007044,0.007044,False,very_weak,2026-04-24T07:51:03.322738+00:00
920,CA,CAD,CPI,159,cpi_headline_mom,160,core_cpi_mom,Core CPI (MoM),Inflation,0,41,0.514777,0.514777,True,moderate,2026-04-24T07:51:03.322738+00:00
921,CA,CAD,CPI,159,cpi_headline_mom,160,core_cpi_mom,Core CPI (MoM),Inflation,1,41,0.223049,0.223049,False,very_weak,2026-04-24T07:51:03.322738+00:00
922,CA,CAD,CPI,159,cpi_headline_mom,160,core_cpi_mom,Core CPI (MoM),Inflation,6,36,0.171428,0.171428,False,very_weak,2026-04-24T07:51:03.322738+00:00
923,CA,CAD,CPI,159,cpi_headline_mom,160,core_cpi_mom,Core CPI (MoM),Inflation,4,37,-0.157317,0.157317,False,very_weak,2026-04-24T07:51:03.322738+00:00
924,CA,CAD,CPI,159,cpi_headline_mom,160,core_cpi_mom,Core CPI (MoM),Inflation,3,39,-0.081250,0.081250,False,very_weak,2026-04-24T07:51:03.322738+00:00
925,CA,CAD,CPI,159,cpi_headline_mom,160,core_cpi_mom,Core CPI (MoM),Inflation,5,38,0.045783,0.045783,False,very_weak,2026-04-24T07:51:03.322738+00:00
926,CA,CAD,CPI,159,cpi_headline_mom,160,core_cpi_mom,Core CPI (MoM),Inflation,2,41,-0.024671,0.024671,False,very_weak,2026-04-24T07:51:03.322738+00:00
927,CA,CAD,CPI,159,cpi_headline_mom,162,new_housing_price_index_mom,New Housing Price Index (MoM),Inflation,2,62,0.192789,0.192789,True,very_weak,2026-04-24T07:51:03.322738+00:00
928,CA,CAD,CPI,159,cpi_headline_mom,162,new_housing_price_index_mom,New Housing Price Index (MoM),Inflation,5,58,-0.176603,0.176603,False,very_weak,2026-04-24T07:51:03.322738+00:00
929,CA,CAD,CPI,159,cpi_headline_mom,162,new_housing_price_index_mom,New Housing Price Index (MoM),Inflation,3,61,0.150568,0.150568,False,very_weak,2026-04-24T07:51:03.322738+00:00
930,CA,CAD,CPI,159,cpi_headline_mom,162,new_housing_price_index_mom,New Housing Price Index (MoM),Inflation,1,61,0.129394,0.129394,False,very_weak,2026-04-24T07:51:03.322738+00:00
931,CA,CAD,CPI,159,cpi_headline_mom,162,new_housing_price_index_mom,New Housing Price Index (MoM),Inflation,4,57,-0.117981,0.117981,False,very_weak,2026-04-24T07:51:03.322738+00:00
932,CA,CAD,CPI,159,cpi_headline_mom,162,new_housing_price_index_mom,New Housing Price Index (MoM),Inflation,0,12,-0.099556,0.099556,False,very_weak,2026-04-24T07:51:03.322738+00:00
933,CA,CAD,CPI,159,cpi_headline_mom,162,new_housing_price_index_mom,New Housing Price Index (MoM),Inflation,6,57,-0.059549,0.059549,False,very_weak,2026-04-24T07:51:03.322738+00:00
934,CA,CAD,CPI,159,cpi_headline_mom,163,new_housing_price_index_yoy,New Housing Price Index (YoY),Inflation,0,11,-0.545400,0.545400,True,moderate,2026-04-24T07:51:03.322738+00:00
935,CA,CAD,CPI,159,cpi_headline_mom,163,new_housing_price_index_yoy,New Housing Price Index (YoY),Inflation,1,59,-0.276972,0.276972,False,weak,2026-04-24T07:51:03.322738+00:00
936,CA,CAD,CPI,159,cpi_headline_mom,163,new_housing_price_index_yoy,New Housing Price Index (YoY),Inflation,4,59,0.115539,0.115539,False,very_weak,2026-04-24T07:51:03.322738+00:00
937,CA,CAD,CPI,159,cpi_headline_mom,163,new_housing_price_index_yoy,New Housing Price Index (YoY),Inflation,2,59,-0.068427,0.068427,False,very_weak,2026-04-24T07:51:03.322738+00:00
938,CA,CAD,CPI,159,cpi_headline_mom,163,new_housing_price_index_yoy,New Housing Price Index (YoY),Inflation,5,59,-0.009747,0.009747,False,very_weak,2026-04-24T07:51:03.322738+00:00
939,CA,CAD,CPI,159,cpi_headline_mom,163,new_housing_price_index_yoy,New Housing Price Index (YoY),Inflation,6,60,-0.009468,0.009468,False,very_weak,2026-04-24T07:51:03.322738+00:00
940,CA,CAD,CPI,159,cpi_headline_mom,163,new_housing_price_index_yoy,New Housing Price Index (YoY),Inflation,3,60,-0.008011,0.008011,False,very_weak,2026-04-24T07:51:03.322738+00:00
941,CA,CAD,CPI,159,cpi_headline_mom,164,manufacturing_sales_mom,Manufacturing Sales (MoM),Growth,2,118,-0.229355,0.229355,True,very_weak,2026-04-24T07:51:03.322738+00:00
942,CA,CAD,CPI,159,cpi_headline_mom,164,manufacturing_sales_mom,Manufacturing Sales (MoM),Growth,4,112,0.224259,0.224259,False,very_weak,2026-04-24T07:51:03.322738+00:00
943,CA,CAD,CPI,159,cpi_headline_mom,164,manufacturing_sales_mom,Manufacturing Sales (MoM),Growth,1,114,0.134980,0.134980,False,very_weak,2026-04-24T07:51:03.322738+00:00
944,CA,CAD,CPI,159,cpi_headline_mom,164,manufacturing_sales_mom,Manufacturing Sales (MoM),Growth,6,113,0.051933,0.051933,False,very_weak,2026-04-24T07:51:03.322738+00:00
945,CA,CAD,CPI,159,cpi_headline_mom,164,manufacturing_sales_mom,Manufacturing Sales (MoM),Growth,5,114,0.027381,0.027381,False,very_weak,2026-04-24T07:51:03.322738+00:00
946,CA,CAD,CPI,159,cpi_headline_mom,164,manufacturing_sales_mom,Manufacturing Sales (MoM),Growth,3,114,0.022003,0.022003,False,very_weak,2026-04-24T07:51:03.322738+00:00
947,CA,CAD,CPI,159,cpi_headline_mom,165,ppi_yoy,PPI (YoY),Inflation,4,79,0.196844,0.196844,True,very_weak,2026-04-24T07:51:03.322738+00:00
948,CA,CAD,CPI,159,cpi_headline_mom,165,ppi_yoy,PPI (YoY),Inflation,5,78,0.116392,0.116392,False,very_weak,2026-04-24T07:51:03.322738+00:00
949,CA,CAD,CPI,159,cpi_headline_mom,165,ppi_yoy,PPI (YoY),Inflation,1,82,0.076955,0.076955,False,very_weak,2026-04-24T07:51:03.322738+00:00
950,CA,CAD,CPI,159,cpi_headline_mom,165,ppi_yoy,PPI (YoY),Inflation,6,77,0.055853,0.055853,False,very_weak,2026-04-24T07:51:03.322738+00:00
951,CA,CAD,CPI,159,cpi_headline_mom,165,ppi_yoy,PPI (YoY),Inflation,2,81,-0.036793,0.036793,False,very_weak,2026-04-24T07:51:03.322738+00:00
952,CA,CAD,CPI,159,cpi_headline_mom,165,ppi_yoy,PPI (YoY),Inflation,0,26,-0.033337,0.033337,False,very_weak,2026-04-24T07:51:03.322738+00:00
953,CA,CAD,CPI,159,cpi_headline_mom,165,ppi_yoy,PPI (YoY),Inflation,3,80,0.013764,0.013764,False,very_weak,2026-04-24T07:51:03.322738+00:00
954,CA,CAD,CPI,159,cpi_headline_mom,166,ppi_mom,PPI (MoM),Inflation,1,77,0.269208,0.269208,True,weak,2026-04-24T07:51:03.322738+00:00
955,CA,CAD,CPI,159,cpi_headline_mom,166,ppi_mom,PPI (MoM),Inflation,4,76,0.199414,0.199414,False,very_weak,2026-04-24T07:51:03.322738+00:00
956,CA,CAD,CPI,159,cpi_headline_mom,166,ppi_mom,PPI (MoM),Inflation,5,75,0.190823,0.190823,False,very_weak,2026-04-24T07:51:03.322738+00:00
957,CA,CAD,CPI,159,cpi_headline_mom,166,ppi_mom,PPI (MoM),Inflation,2,77,0.119705,0.119705,False,very_weak,2026-04-24T07:51:03.322738+00:00
958,CA,CAD,CPI,159,cpi_headline_mom,166,ppi_mom,PPI (MoM),Inflation,0,25,-0.106651,0.106651,False,very_weak,2026-04-24T07:51:03.322738+00:00
959,CA,CAD,CPI,159,cpi_headline_mom,166,ppi_mom,PPI (MoM),Inflation,3,76,-0.077422,0.077422,False,very_weak,2026-04-24T07:51:03.322738+00:00
960,CA,CAD,CPI,159,cpi_headline_mom,166,ppi_mom,PPI (MoM),Inflation,6,74,0.025258,0.025258,False,very_weak,2026-04-24T07:51:03.322738+00:00
961,CA,CAD,CPI,159,cpi_headline_mom,167,raw_materials_prices_yoy,Raw Materials Prices (YoY),Inflation,0,16,0.184193,0.184193,True,very_weak,2026-04-24T07:51:03.322738+00:00
962,CA,CAD,CPI,159,cpi_headline_mom,167,raw_materials_prices_yoy,Raw Materials Prices (YoY),Inflation,6,67,0.146468,0.146468,False,very_weak,2026-04-24T07:51:03.322738+00:00
963,CA,CAD,CPI,159,cpi_headline_mom,167,raw_materials_prices_yoy,Raw Materials Prices (YoY),Inflation,1,72,0.113214,0.113214,False,very_weak,2026-04-24T07:51:03.322738+00:00
964,CA,CAD,CPI,159,cpi_headline_mom,167,raw_materials_prices_yoy,Raw Materials Prices (YoY),Inflation,2,71,0.090373,0.090373,False,very_weak,2026-04-24T07:51:03.322738+00:00
965,CA,CAD,CPI,159,cpi_headline_mom,167,raw_materials_prices_yoy,Raw Materials Prices (YoY),Inflation,4,69,0.030587,0.030587,False,very_weak,2026-04-24T07:51:03.322738+00:00
966,CA,CAD,CPI,159,cpi_headline_mom,167,raw_materials_prices_yoy,Raw Materials Prices (YoY),Inflation,3,70,0.017007,0.017007,False,very_weak,2026-04-24T07:51:03.322738+00:00
967,CA,CAD,CPI,159,cpi_headline_mom,167,raw_materials_prices_yoy,Raw Materials Prices (YoY),Inflation,5,68,0.009081,0.009081,False,very_weak,2026-04-24T07:51:03.322738+00:00
968,CA,CAD,CPI,159,cpi_headline_mom,168,raw_materials_prices_mom,Raw Materials Prices (MoM),Inflation,1,71,0.327945,0.327945,True,weak,2026-04-24T07:51:03.322738+00:00
969,CA,CAD,CPI,159,cpi_headline_mom,168,raw_materials_prices_mom,Raw Materials Prices (MoM),Inflation,0,15,0.203625,0.203625,False,very_weak,2026-04-24T07:51:03.322738+00:00
970,CA,CAD,CPI,159,cpi_headline_mom,168,raw_materials_prices_mom,Raw Materials Prices (MoM),Inflation,4,68,0.202605,0.202605,False,very_weak,2026-04-24T07:51:03.322738+00:00
971,CA,CAD,CPI,159,cpi_headline_mom,168,raw_materials_prices_mom,Raw Materials Prices (MoM),Inflation,2,70,0.153447,0.153447,False,very_weak,2026-04-24T07:51:03.322738+00:00
972,CA,CAD,CPI,159,cpi_headline_mom,168,raw_materials_prices_mom,Raw Materials Prices (MoM),Inflation,6,66,-0.107748,0.107748,False,very_weak,2026-04-24T07:51:03.322738+00:00
973,CA,CAD,CPI,159,cpi_headline_mom,168,raw_materials_prices_mom,Raw Materials Prices (MoM),Inflation,5,67,-0.042381,0.042381,False,very_weak,2026-04-24T07:51:03.322738+00:00
974,CA,CAD,CPI,159,cpi_headline_mom,168,raw_materials_prices_mom,Raw Materials Prices (MoM),Inflation,3,69,0.017198,0.017198,False,very_weak,2026-04-24T07:51:03.322738+00:00
975,CA,CAD,CPI,159,cpi_headline_mom,169,retail_sales_yoy,Retail Sales (YoY),Growth,5,69,0.158773,0.158773,True,very_weak,2026-04-24T07:51:03.322738+00:00
976,CA,CAD,CPI,159,cpi_headline_mom,169,retail_sales_yoy,Retail Sales (YoY),Growth,4,70,0.131979,0.131979,False,very_weak,2026-04-24T07:51:03.322738+00:00
977,CA,CAD,CPI,159,cpi_headline_mom,169,retail_sales_yoy,Retail Sales (YoY),Growth,1,10,-0.074240,0.074240,False,very_weak,2026-04-24T07:51:03.322738+00:00
978,CA,CAD,CPI,159,cpi_headline_mom,169,retail_sales_yoy,Retail Sales (YoY),Growth,3,69,-0.058866,0.058866,False,very_weak,2026-04-24T07:51:03.322738+00:00
979,CA,CAD,CPI,159,cpi_headline_mom,169,retail_sales_yoy,Retail Sales (YoY),Growth,2,71,-0.029030,0.029030,False,very_weak,2026-04-24T07:51:03.322738+00:00
980,CA,CAD,CPI,159,cpi_headline_mom,169,retail_sales_yoy,Retail Sales (YoY),Growth,6,68,-0.023393,0.023393,False,very_weak,2026-04-24T07:51:03.322738+00:00
981,CA,CAD,CPI,159,cpi_headline_mom,170,retail_sales_ex_autos_mom,Retail Sales Ex Autos (MoM),Growth,5,66,0.140196,0.140196,True,very_weak,2026-04-24T07:51:03.322738+00:00
982,CA,CAD,CPI,159,cpi_headline_mom,170,retail_sales_ex_autos_mom,Retail Sales Ex Autos (MoM),Growth,2,69,-0.126730,0.126730,False,very_weak,2026-04-24T07:51:03.322738+00:00
983,CA,CAD,CPI,159,cpi_headline_mom,170,retail_sales_ex_autos_mom,Retail Sales Ex Autos (MoM),Growth,4,67,0.126395,0.126395,False,very_weak,2026-04-24T07:51:03.322738+00:00
984,CA,CAD,CPI,159,cpi_headline_mom,170,retail_sales_ex_autos_mom,Retail Sales Ex Autos (MoM),Growth,3,68,0.091345,0.091345,False,very_weak,2026-04-24T07:51:03.322738+00:00
985,CA,CAD,CPI,159,cpi_headline_mom,170,retail_sales_ex_autos_mom,Retail Sales Ex Autos (MoM),Growth,6,65,-0.056199,0.056199,False,very_weak,2026-04-24T07:51:03.322738+00:00
986,CA,CAD,CPI,159,cpi_headline_mom,170,retail_sales_ex_autos_mom,Retail Sales Ex Autos (MoM),Growth,1,9,0.040264,0.040264,False,very_weak,2026-04-24T07:51:03.322738+00:00
987,CA,CAD,CPI,159,cpi_headline_mom,171,budget_balance,Budget Balance,Growth,5,68,0.316204,0.316204,True,weak,2026-04-24T07:51:03.322738+00:00
988,CA,CAD,CPI,159,cpi_headline_mom,171,budget_balance,Budget Balance,Growth,3,70,0.206089,0.206089,False,very_weak,2026-04-24T07:51:03.322738+00:00
989,CA,CAD,CPI,159,cpi_headline_mom,171,budget_balance,Budget Balance,Growth,6,67,0.109152,0.109152,False,very_weak,2026-04-24T07:51:03.322738+00:00
990,CA,CAD,CPI,159,cpi_headline_mom,171,budget_balance,Budget Balance,Growth,2,66,-0.012339,0.012339,False,very_weak,2026-04-24T07:51:03.322738+00:00
991,CA,CAD,CPI,159,cpi_headline_mom,171,budget_balance,Budget Balance,Growth,4,69,-0.000013,0.000013,False,very_weak,2026-04-24T07:51:03.322738+00:00
992,CA,CAD,CPI,159,cpi_headline_mom,210,retail_sales_mom,Retail Sales (MoM),Growth,1,21,0.213193,0.213193,True,very_weak,2026-04-24T07:51:03.322738+00:00
993,CA,CAD,CPI,159,cpi_headline_mom,210,retail_sales_mom,Retail Sales (MoM),Growth,3,80,-0.160367,0.160367,False,very_weak,2026-04-24T07:51:03.322738+00:00
994,CA,CAD,CPI,159,cpi_headline_mom,210,retail_sales_mom,Retail Sales (MoM),Growth,5,77,0.128446,0.128446,False,very_weak,2026-04-24T07:51:03.322738+00:00
995,CA,CAD,CPI,159,cpi_headline_mom,210,retail_sales_mom,Retail Sales (MoM),Growth,4,78,0.093888,0.093888,False,very_weak,2026-04-24T07:51:03.322738+00:00
996,CA,CAD,CPI,159,cpi_headline_mom,210,retail_sales_mom,Retail Sales (MoM),Growth,6,77,0.029027,0.029027,False,very_weak,2026-04-24T07:51:03.322738+00:00
997,CA,CAD,CPI,159,cpi_headline_mom,210,retail_sales_mom,Retail Sales (MoM),Growth,2,80,-0.022440,0.022440,False,very_weak,2026-04-24T07:51:03.322738+00:00
998,CA,CAD,CPI,159,cpi_headline_mom,211,gdp_mom,GDP (MoM),Growth,4,89,0.155891,0.155891,True,very_weak,2026-04-24T07:51:03.322738+00:00
999,CA,CAD,CPI,159,cpi_headline_mom,211,gdp_mom,GDP (MoM),Growth,6,88,0.117313,0.117313,False,very_weak,2026-04-24T07:51:03.322738+00:00
1000,CA,CAD,CPI,159,cpi_headline_mom,211,gdp_mom,GDP (MoM),Growth,3,92,-0.113403,0.113403,False,very_weak,2026-04-24T07:51:03.322738+00:00
1001,CA,CAD,CPI,159,cpi_headline_mom,211,gdp_mom,GDP (MoM),Growth,5,91,0.087073,0.087073,False,very_weak,2026-04-24T07:51:03.322738+00:00
1002,CA,CAD,CPI,159,cpi_headline_mom,211,gdp_mom,GDP (MoM),Growth,1,34,0.035702,0.035702,False,very_weak,2026-04-24T07:51:03.322738+00:00
1003,CA,CAD,CPI,159,cpi_headline_mom,211,gdp_mom,GDP (MoM),Growth,2,91,0.020270,0.020270,False,very_weak,2026-04-24T07:51:03.322738+00:00
1004,CA,CAD,CPI,159,cpi_headline_mom,212,wholesale_sales_mom,Wholesale Sales (MoM),Growth,4,120,0.183839,0.183839,True,very_weak,2026-04-24T07:51:03.322738+00:00
1005,CA,CAD,CPI,159,cpi_headline_mom,212,wholesale_sales_mom,Wholesale Sales (MoM),Growth,2,123,-0.154694,0.154694,False,very_weak,2026-04-24T07:51:03.322738+00:00
1006,CA,CAD,CPI,159,cpi_headline_mom,212,wholesale_sales_mom,Wholesale Sales (MoM),Growth,5,121,0.152715,0.152715,False,very_weak,2026-04-24T07:51:03.322738+00:00
1007,CA,CAD,CPI,159,cpi_headline_mom,212,wholesale_sales_mom,Wholesale Sales (MoM),Growth,6,117,0.084215,0.084215,False,very_weak,2026-04-24T07:51:03.322738+00:00
1008,CA,CAD,CPI,159,cpi_headline_mom,212,wholesale_sales_mom,Wholesale Sales (MoM),Growth,3,119,-0.035613,0.035613,False,very_weak,2026-04-24T07:51:03.322738+00:00
1009,CA,CAD,CPI,159,cpi_headline_mom,212,wholesale_sales_mom,Wholesale Sales (MoM),Growth,1,114,-0.019829,0.019829,False,very_weak,2026-04-24T07:51:03.322738+00:00
1010,CA,CAD,CPI,159,cpi_headline_mom,213,imports,Imports,Growth,1,71,0.297824,0.297824,True,weak,2026-04-24T07:51:03.322738+00:00
1011,CA,CAD,CPI,159,cpi_headline_mom,213,imports,Imports,Growth,3,72,0.217992,0.217992,False,very_weak,2026-04-24T07:51:03.322738+00:00
1012,CA,CAD,CPI,159,cpi_headline_mom,213,imports,Imports,Growth,5,69,0.183530,0.183530,False,very_weak,2026-04-24T07:51:03.322738+00:00
1013,CA,CAD,CPI,159,cpi_headline_mom,213,imports,Imports,Growth,2,72,0.118035,0.118035,False,very_weak,2026-04-24T07:51:03.322738+00:00
1014,CA,CAD,CPI,159,cpi_headline_mom,213,imports,Imports,Growth,4,72,0.104897,0.104897,False,very_weak,2026-04-24T07:51:03.322738+00:00
1015,CA,CAD,CPI,159,cpi_headline_mom,213,imports,Imports,Growth,6,68,0.037999,0.037999,False,very_weak,2026-04-24T07:51:03.322738+00:00
1016,CA,CAD,CPI,159,cpi_headline_mom,214,exports,Exports,Growth,4,72,0.230122,0.230122,True,very_weak,2026-04-24T07:51:03.322738+00:00
1017,CA,CAD,CPI,159,cpi_headline_mom,214,exports,Exports,Growth,6,68,0.210054,0.210054,False,very_weak,2026-04-24T07:51:03.322738+00:00
1018,CA,CAD,CPI,159,cpi_headline_mom,214,exports,Exports,Growth,5,69,0.195317,0.195317,False,very_weak,2026-04-24T07:51:03.322738+00:00
1019,CA,CAD,CPI,159,cpi_headline_mom,214,exports,Exports,Growth,1,71,0.158876,0.158876,False,very_weak,2026-04-24T07:51:03.322738+00:00
1020,CA,CAD,CPI,159,cpi_headline_mom,214,exports,Exports,Growth,3,72,0.136326,0.136326,False,very_weak,2026-04-24T07:51:03.322738+00:00
1021,CA,CAD,CPI,159,cpi_headline_mom,214,exports,Exports,Growth,2,72,-0.002524,0.002524,False,very_weak,2026-04-24T07:51:03.322738+00:00
1022,CA,CAD,CPI,159,cpi_headline_mom,371,ivey_pmi_sa,Ivey PMI s.a.,Growth,0,68,0.393411,0.393411,True,weak,2026-04-24T07:51:03.322738+00:00
1023,CA,CAD,CPI,159,cpi_headline_mom,371,ivey_pmi_sa,Ivey PMI s.a.,Growth,1,69,0.253911,0.253911,False,weak,2026-04-24T07:51:03.322738+00:00
1024,CA,CAD,CPI,159,cpi_headline_mom,371,ivey_pmi_sa,Ivey PMI s.a.,Growth,3,68,-0.231599,0.231599,False,very_weak,2026-04-24T07:51:03.322738+00:00
1025,CA,CAD,CPI,159,cpi_headline_mom,371,ivey_pmi_sa,Ivey PMI s.a.,Growth,5,68,-0.054575,0.054575,False,very_weak,2026-04-24T07:51:03.322738+00:00
1026,CA,CAD,CPI,159,cpi_headline_mom,371,ivey_pmi_sa,Ivey PMI s.a.,Growth,2,68,-0.039291,0.039291,False,very_weak,2026-04-24T07:51:03.322738+00:00
1027,CA,CAD,CPI,159,cpi_headline_mom,371,ivey_pmi_sa,Ivey PMI s.a.,Growth,4,69,0.010337,0.010337,False,very_weak,2026-04-24T07:51:03.322738+00:00
1028,CA,CAD,CPI,159,cpi_headline_mom,371,ivey_pmi_sa,Ivey PMI s.a.,Growth,6,67,-0.006010,0.006010,False,very_weak,2026-04-24T07:51:03.322738+00:00
1029,CA,CAD,CPI,159,cpi_headline_mom,374,manufacturing_pmi,Manufacturing PMI,Growth,5,41,0.288415,0.288415,True,weak,2026-04-24T07:51:03.322738+00:00
1030,CA,CAD,CPI,159,cpi_headline_mom,374,manufacturing_pmi,Manufacturing PMI,Growth,2,44,0.281256,0.281256,False,weak,2026-04-24T07:51:03.322738+00:00
1031,CA,CAD,CPI,159,cpi_headline_mom,374,manufacturing_pmi,Manufacturing PMI,Growth,6,40,0.247157,0.247157,False,very_weak,2026-04-24T07:51:03.322738+00:00
1032,CA,CAD,CPI,159,cpi_headline_mom,374,manufacturing_pmi,Manufacturing PMI,Growth,1,45,0.231637,0.231637,False,very_weak,2026-04-24T07:51:03.322738+00:00
1033,CA,CAD,CPI,159,cpi_headline_mom,374,manufacturing_pmi,Manufacturing PMI,Growth,0,46,-0.092236,0.092236,False,very_weak,2026-04-24T07:51:03.322738+00:00
1034,CA,CAD,CPI,159,cpi_headline_mom,374,manufacturing_pmi,Manufacturing PMI,Growth,4,42,-0.031114,0.031114,False,very_weak,2026-04-24T07:51:03.322738+00:00
1035,CA,CAD,CPI,159,cpi_headline_mom,374,manufacturing_pmi,Manufacturing PMI,Growth,3,43,-0.006708,0.006708,False,very_weak,2026-04-24T07:51:03.322738+00:00
1036,CA,CAD,CPI,159,cpi_headline_mom,375,services_pmi,Services PMI,Growth,2,26,-0.301580,0.301580,True,weak,2026-04-24T07:51:03.322738+00:00
1037,CA,CAD,CPI,159,cpi_headline_mom,375,services_pmi,Services PMI,Growth,4,24,-0.261484,0.261484,False,weak,2026-04-24T07:51:03.322738+00:00
1038,CA,CAD,CPI,159,cpi_headline_mom,375,services_pmi,Services PMI,Growth,0,27,0.224291,0.224291,False,very_weak,2026-04-24T07:51:03.322738+00:00
1039,CA,CAD,CPI,159,cpi_headline_mom,375,services_pmi,Services PMI,Growth,6,22,0.149849,0.149849,False,very_weak,2026-04-24T07:51:03.322738+00:00
1040,CA,CAD,CPI,159,cpi_headline_mom,375,services_pmi,Services PMI,Growth,5,23,-0.112354,0.112354,False,very_weak,2026-04-24T07:51:03.322738+00:00
1041,CA,CAD,CPI,159,cpi_headline_mom,375,services_pmi,Services PMI,Growth,3,25,0.045742,0.045742,False,very_weak,2026-04-24T07:51:03.322738+00:00
1042,CA,CAD,CPI,159,cpi_headline_mom,375,services_pmi,Services PMI,Growth,1,26,0.030029,0.030029,False,very_weak,2026-04-24T07:51:03.322738+00:00
1043,CA,CAD,CPI,159,cpi_headline_mom,376,composite_pmi,Composite PMI,Growth,2,26,-0.213151,0.213151,True,very_weak,2026-04-24T07:51:03.322738+00:00
1044,CA,CAD,CPI,159,cpi_headline_mom,376,composite_pmi,Composite PMI,Growth,4,24,-0.179022,0.179022,False,very_weak,2026-04-24T07:51:03.322738+00:00
1045,CA,CAD,CPI,159,cpi_headline_mom,376,composite_pmi,Composite PMI,Growth,0,27,0.122878,0.122878,False,very_weak,2026-04-24T07:51:03.322738+00:00
1046,CA,CAD,CPI,159,cpi_headline_mom,376,composite_pmi,Composite PMI,Growth,1,26,-0.089628,0.089628,False,very_weak,2026-04-24T07:51:03.322738+00:00
1047,CA,CAD,CPI,159,cpi_headline_mom,376,composite_pmi,Composite PMI,Growth,6,22,0.082883,0.082883,False,very_weak,2026-04-24T07:51:03.322738+00:00
1048,CA,CAD,CPI,159,cpi_headline_mom,376,composite_pmi,Composite PMI,Growth,3,25,-0.056297,0.056297,False,very_weak,2026-04-24T07:51:03.322738+00:00
1049,CA,CAD,CPI,159,cpi_headline_mom,376,composite_pmi,Composite PMI,Growth,5,23,0.005865,0.005865,False,very_weak,2026-04-24T07:51:03.322738+00:00
1050,CA,CAD,CPI,159,cpi_headline_mom,377,cfib_business_barometer,CFIB Business Barometer,Growth,3,48,0.186657,0.186657,True,very_weak,2026-04-24T07:51:03.322738+00:00
1051,CA,CAD,CPI,159,cpi_headline_mom,377,cfib_business_barometer,CFIB Business Barometer,Growth,4,47,-0.103038,0.103038,False,very_weak,2026-04-24T07:51:03.322738+00:00
1052,CA,CAD,CPI,159,cpi_headline_mom,377,cfib_business_barometer,CFIB Business Barometer,Growth,6,45,-0.097936,0.097936,False,very_weak,2026-04-24T07:51:03.322738+00:00
1053,CA,CAD,CPI,159,cpi_headline_mom,377,cfib_business_barometer,CFIB Business Barometer,Growth,1,50,0.062722,0.062722,False,very_weak,2026-04-24T07:51:03.322738+00:00
1054,CA,CAD,CPI,159,cpi_headline_mom,377,cfib_business_barometer,CFIB Business Barometer,Growth,5,46,-0.028203,0.028203,False,very_weak,2026-04-24T07:51:03.322738+00:00
1055,CA,CAD,CPI,159,cpi_headline_mom,377,cfib_business_barometer,CFIB Business Barometer,Growth,2,49,0.025800,0.025800,False,very_weak,2026-04-24T07:51:03.322738+00:00
1056,CA,CAD,CPI,159,cpi_headline_mom,377,cfib_business_barometer,CFIB Business Barometer,Growth,0,51,-0.004297,0.004297,False,very_weak,2026-04-24T07:51:03.322738+00:00
1057,CA,CAD,CPI,159,cpi_headline_mom,378,new_motor_vehicle_sales,New Motor Vehicle Sales,Growth,5,69,-0.354498,0.354498,True,weak,2026-04-24T07:51:03.322738+00:00
1058,CA,CAD,CPI,159,cpi_headline_mom,378,new_motor_vehicle_sales,New Motor Vehicle Sales,Growth,3,71,-0.317616,0.317616,False,weak,2026-04-24T07:51:03.322738+00:00
1059,CA,CAD,CPI,159,cpi_headline_mom,378,new_motor_vehicle_sales,New Motor Vehicle Sales,Growth,6,68,-0.272331,0.272331,False,weak,2026-04-24T07:51:03.322738+00:00
1060,CA,CAD,CPI,159,cpi_headline_mom,378,new_motor_vehicle_sales,New Motor Vehicle Sales,Growth,2,72,-0.237038,0.237038,False,very_weak,2026-04-24T07:51:03.322738+00:00
1061,CA,CAD,CPI,159,cpi_headline_mom,378,new_motor_vehicle_sales,New Motor Vehicle Sales,Growth,4,70,-0.212767,0.212767,False,very_weak,2026-04-24T07:51:03.322738+00:00
1062,CA,CAD,CPI,159,cpi_headline_mom,378,new_motor_vehicle_sales,New Motor Vehicle Sales,Growth,1,67,0.055799,0.055799,False,very_weak,2026-04-24T07:51:03.322738+00:00
1063,CA,CAD,CPI,159,cpi_headline_mom,379,vehicle_sales_mom,Vehicle Sales (MoM),Growth,4,16,-0.382286,0.382286,True,weak,2026-04-24T07:51:03.322738+00:00
1064,CA,CAD,CPI,159,cpi_headline_mom,379,vehicle_sales_mom,Vehicle Sales (MoM),Growth,3,17,-0.249479,0.249479,False,very_weak,2026-04-24T07:51:03.322738+00:00
1065,CA,CAD,CPI,159,cpi_headline_mom,379,vehicle_sales_mom,Vehicle Sales (MoM),Growth,5,15,-0.217028,0.217028,False,very_weak,2026-04-24T07:51:03.322738+00:00
1066,CA,CAD,CPI,159,cpi_headline_mom,379,vehicle_sales_mom,Vehicle Sales (MoM),Growth,2,17,-0.108925,0.108925,False,very_weak,2026-04-24T07:51:03.322738+00:00
1067,CA,CAD,CPI,159,cpi_headline_mom,379,vehicle_sales_mom,Vehicle Sales (MoM),Growth,1,18,0.102245,0.102245,False,very_weak,2026-04-24T07:51:03.322738+00:00
1068,CA,CAD,CPI,159,cpi_headline_mom,379,vehicle_sales_mom,Vehicle Sales (MoM),Growth,6,14,0.053638,0.053638,False,very_weak,2026-04-24T07:51:03.322738+00:00
1069,CA,CAD,CPI,159,cpi_headline_mom,380,balance_of_trade,Balance of Trade,Growth,4,70,0.281323,0.281323,True,weak,2026-04-24T07:51:03.322738+00:00
1070,CA,CAD,CPI,159,cpi_headline_mom,380,balance_of_trade,Balance of Trade,Growth,6,68,0.239487,0.239487,False,very_weak,2026-04-24T07:51:03.322738+00:00
1071,CA,CAD,CPI,159,cpi_headline_mom,380,balance_of_trade,Balance of Trade,Growth,5,69,0.104244,0.104244,False,very_weak,2026-04-24T07:51:03.322738+00:00
1072,CA,CAD,CPI,159,cpi_headline_mom,380,balance_of_trade,Balance of Trade,Growth,1,69,0.094050,0.094050,False,very_weak,2026-04-24T07:51:03.322738+00:00
1073,CA,CAD,CPI,159,cpi_headline_mom,380,balance_of_trade,Balance of Trade,Growth,2,72,-0.090819,0.090819,False,very_weak,2026-04-24T07:51:03.322738+00:00
1074,CA,CAD,CPI,159,cpi_headline_mom,380,balance_of_trade,Balance of Trade,Growth,3,71,-0.057326,0.057326,False,very_weak,2026-04-24T07:51:03.322738+00:00
1075,CA,CAD,GDP,211,gdp_mom,164,manufacturing_sales_mom,Manufacturing Sales (MoM),Growth,0,122,0.568683,0.568683,True,moderate,2026-04-24T07:51:03.322738+00:00
1076,CA,CAD,GDP,211,gdp_mom,164,manufacturing_sales_mom,Manufacturing Sales (MoM),Growth,3,156,-0.432611,0.432611,False,weak,2026-04-24T07:51:03.322738+00:00
1077,CA,CAD,GDP,211,gdp_mom,164,manufacturing_sales_mom,Manufacturing Sales (MoM),Growth,2,154,-0.430035,0.430035,False,weak,2026-04-24T07:51:03.322738+00:00
1078,CA,CAD,GDP,211,gdp_mom,164,manufacturing_sales_mom,Manufacturing Sales (MoM),Growth,1,156,0.326455,0.326455,False,weak,2026-04-24T07:51:03.322738+00:00
1079,CA,CAD,GDP,211,gdp_mom,164,manufacturing_sales_mom,Manufacturing Sales (MoM),Growth,5,150,0.144460,0.144460,False,very_weak,2026-04-24T07:51:03.322738+00:00
1080,CA,CAD,GDP,211,gdp_mom,164,manufacturing_sales_mom,Manufacturing Sales (MoM),Growth,6,149,0.106299,0.106299,False,very_weak,2026-04-24T07:51:03.322738+00:00
1081,CA,CAD,GDP,211,gdp_mom,164,manufacturing_sales_mom,Manufacturing Sales (MoM),Growth,4,154,-0.014422,0.014422,False,very_weak,2026-04-24T07:51:03.322738+00:00
1082,CA,CAD,GDP,211,gdp_mom,169,retail_sales_yoy,Retail Sales (YoY),Growth,0,59,0.538980,0.538980,True,moderate,2026-04-24T07:51:03.322738+00:00
1083,CA,CAD,GDP,211,gdp_mom,169,retail_sales_yoy,Retail Sales (YoY),Growth,3,92,-0.419679,0.419679,False,weak,2026-04-24T07:51:03.322738+00:00
1084,CA,CAD,GDP,211,gdp_mom,169,retail_sales_yoy,Retail Sales (YoY),Growth,1,92,0.388504,0.388504,False,weak,2026-04-24T07:51:03.322738+00:00
1085,CA,CAD,GDP,211,gdp_mom,169,retail_sales_yoy,Retail Sales (YoY),Growth,2,92,-0.374568,0.374568,False,weak,2026-04-24T07:51:03.322738+00:00
1086,CA,CAD,GDP,211,gdp_mom,169,retail_sales_yoy,Retail Sales (YoY),Growth,4,91,-0.186592,0.186592,False,very_weak,2026-04-24T07:51:03.322738+00:00
1087,CA,CAD,GDP,211,gdp_mom,169,retail_sales_yoy,Retail Sales (YoY),Growth,6,89,-0.062699,0.062699,False,very_weak,2026-04-24T07:51:03.322738+00:00
1088,CA,CAD,GDP,211,gdp_mom,169,retail_sales_yoy,Retail Sales (YoY),Growth,5,90,-0.011658,0.011658,False,very_weak,2026-04-24T07:51:03.322738+00:00
1089,CA,CAD,GDP,211,gdp_mom,170,retail_sales_ex_autos_mom,Retail Sales Ex Autos (MoM),Growth,0,58,0.747905,0.747905,True,strong,2026-04-24T07:51:03.322738+00:00
1090,CA,CAD,GDP,211,gdp_mom,170,retail_sales_ex_autos_mom,Retail Sales Ex Autos (MoM),Growth,2,91,-0.530315,0.530315,False,moderate,2026-04-24T07:51:03.322738+00:00
1091,CA,CAD,GDP,211,gdp_mom,170,retail_sales_ex_autos_mom,Retail Sales Ex Autos (MoM),Growth,1,89,-0.232571,0.232571,False,very_weak,2026-04-24T07:51:03.322738+00:00
1092,CA,CAD,GDP,211,gdp_mom,170,retail_sales_ex_autos_mom,Retail Sales Ex Autos (MoM),Growth,4,88,-0.203747,0.203747,False,very_weak,2026-04-24T07:51:03.322738+00:00
1093,CA,CAD,GDP,211,gdp_mom,170,retail_sales_ex_autos_mom,Retail Sales Ex Autos (MoM),Growth,3,89,-0.177787,0.177787,False,very_weak,2026-04-24T07:51:03.322738+00:00
1094,CA,CAD,GDP,211,gdp_mom,170,retail_sales_ex_autos_mom,Retail Sales Ex Autos (MoM),Growth,5,87,-0.111739,0.111739,False,very_weak,2026-04-24T07:51:03.322738+00:00
1095,CA,CAD,GDP,211,gdp_mom,170,retail_sales_ex_autos_mom,Retail Sales Ex Autos (MoM),Growth,6,85,-0.074411,0.074411,False,very_weak,2026-04-24T07:51:03.322738+00:00
1096,CA,CAD,GDP,211,gdp_mom,171,budget_balance,Budget Balance,Growth,2,90,-0.200460,0.200460,True,very_weak,2026-04-24T07:51:03.322738+00:00
1097,CA,CAD,GDP,211,gdp_mom,171,budget_balance,Budget Balance,Growth,1,70,0.166331,0.166331,False,very_weak,2026-04-24T07:51:03.322738+00:00
1098,CA,CAD,GDP,211,gdp_mom,171,budget_balance,Budget Balance,Growth,0,30,-0.156524,0.156524,False,very_weak,2026-04-24T07:51:03.322738+00:00
1099,CA,CAD,GDP,211,gdp_mom,171,budget_balance,Budget Balance,Growth,3,91,-0.091317,0.091317,False,very_weak,2026-04-24T07:51:03.322738+00:00
1100,CA,CAD,GDP,211,gdp_mom,171,budget_balance,Budget Balance,Growth,4,91,-0.052126,0.052126,False,very_weak,2026-04-24T07:51:03.322738+00:00
1101,CA,CAD,GDP,211,gdp_mom,171,budget_balance,Budget Balance,Growth,6,87,-0.015641,0.015641,False,very_weak,2026-04-24T07:51:03.322738+00:00
1102,CA,CAD,GDP,211,gdp_mom,171,budget_balance,Budget Balance,Growth,5,88,-0.003335,0.003335,False,very_weak,2026-04-24T07:51:03.322738+00:00
1103,CA,CAD,GDP,211,gdp_mom,210,retail_sales_mom,Retail Sales (MoM),Growth,3,106,-0.696465,0.696465,True,moderate,2026-04-24T07:51:03.322738+00:00
1104,CA,CAD,GDP,211,gdp_mom,210,retail_sales_mom,Retail Sales (MoM),Growth,1,109,0.649643,0.649643,False,moderate,2026-04-24T07:51:03.322738+00:00
1105,CA,CAD,GDP,211,gdp_mom,210,retail_sales_mom,Retail Sales (MoM),Growth,0,76,0.540406,0.540406,False,moderate,2026-04-24T07:51:03.322738+00:00
1106,CA,CAD,GDP,211,gdp_mom,210,retail_sales_mom,Retail Sales (MoM),Growth,4,104,-0.345410,0.345410,False,weak,2026-04-24T07:51:03.322738+00:00
1107,CA,CAD,GDP,211,gdp_mom,210,retail_sales_mom,Retail Sales (MoM),Growth,2,108,-0.308098,0.308098,False,weak,2026-04-24T07:51:03.322738+00:00
1108,CA,CAD,GDP,211,gdp_mom,210,retail_sales_mom,Retail Sales (MoM),Growth,6,99,-0.236559,0.236559,False,very_weak,2026-04-24T07:51:03.322738+00:00
1109,CA,CAD,GDP,211,gdp_mom,210,retail_sales_mom,Retail Sales (MoM),Growth,5,103,-0.200502,0.200502,False,very_weak,2026-04-24T07:51:03.322738+00:00
1110,CA,CAD,GDP,211,gdp_mom,212,wholesale_sales_mom,Wholesale Sales (MoM),Growth,0,133,0.497381,0.497381,True,moderate,2026-04-24T07:51:03.322738+00:00
1111,CA,CAD,GDP,211,gdp_mom,212,wholesale_sales_mom,Wholesale Sales (MoM),Growth,2,163,-0.219147,0.219147,False,very_weak,2026-04-24T07:51:03.322738+00:00
1112,CA,CAD,GDP,211,gdp_mom,212,wholesale_sales_mom,Wholesale Sales (MoM),Growth,3,162,-0.174571,0.174571,False,very_weak,2026-04-24T07:51:03.322738+00:00
1113,CA,CAD,GDP,211,gdp_mom,212,wholesale_sales_mom,Wholesale Sales (MoM),Growth,1,165,-0.070560,0.070560,False,very_weak,2026-04-24T07:51:03.322738+00:00
1114,CA,CAD,GDP,211,gdp_mom,212,wholesale_sales_mom,Wholesale Sales (MoM),Growth,5,160,0.049036,0.049036,False,very_weak,2026-04-24T07:51:03.322738+00:00
1115,CA,CAD,GDP,211,gdp_mom,212,wholesale_sales_mom,Wholesale Sales (MoM),Growth,4,163,-0.047423,0.047423,False,very_weak,2026-04-24T07:51:03.322738+00:00
1116,CA,CAD,GDP,211,gdp_mom,212,wholesale_sales_mom,Wholesale Sales (MoM),Growth,6,162,0.044696,0.044696,False,very_weak,2026-04-24T07:51:03.322738+00:00
1117,CA,CAD,GDP,211,gdp_mom,213,imports,Imports,Growth,0,58,0.714797,0.714797,True,strong,2026-04-24T07:51:03.322738+00:00
1118,CA,CAD,GDP,211,gdp_mom,213,imports,Imports,Growth,4,91,-0.370426,0.370426,False,weak,2026-04-24T07:51:03.322738+00:00
1119,CA,CAD,GDP,211,gdp_mom,213,imports,Imports,Growth,6,89,-0.269078,0.269078,False,weak,2026-04-24T07:51:03.322738+00:00
1120,CA,CAD,GDP,211,gdp_mom,213,imports,Imports,Growth,5,90,-0.264145,0.264145,False,weak,2026-04-24T07:51:03.322738+00:00
1121,CA,CAD,GDP,211,gdp_mom,213,imports,Imports,Growth,3,93,-0.260313,0.260313,False,weak,2026-04-24T07:51:03.322738+00:00
1122,CA,CAD,GDP,211,gdp_mom,213,imports,Imports,Growth,2,94,-0.190953,0.190953,False,very_weak,2026-04-24T07:51:03.322738+00:00
1123,CA,CAD,GDP,211,gdp_mom,213,imports,Imports,Growth,1,92,0.178430,0.178430,False,very_weak,2026-04-24T07:51:03.322738+00:00
1124,CA,CAD,GDP,211,gdp_mom,214,exports,Exports,Growth,0,58,0.610694,0.610694,True,moderate,2026-04-24T07:51:03.322738+00:00
1125,CA,CAD,GDP,211,gdp_mom,214,exports,Exports,Growth,2,94,-0.221375,0.221375,False,very_weak,2026-04-24T07:51:03.322738+00:00
1126,CA,CAD,GDP,211,gdp_mom,214,exports,Exports,Growth,4,91,-0.215112,0.215112,False,very_weak,2026-04-24T07:51:03.322738+00:00
1127,CA,CAD,GDP,211,gdp_mom,214,exports,Exports,Growth,5,90,-0.181630,0.181630,False,very_weak,2026-04-24T07:51:03.322738+00:00
1128,CA,CAD,GDP,211,gdp_mom,214,exports,Exports,Growth,6,89,-0.135330,0.135330,False,very_weak,2026-04-24T07:51:03.322738+00:00
1129,CA,CAD,GDP,211,gdp_mom,214,exports,Exports,Growth,3,93,-0.133621,0.133621,False,very_weak,2026-04-24T07:51:03.322738+00:00
1130,CA,CAD,GDP,211,gdp_mom,214,exports,Exports,Growth,1,92,-0.012242,0.012242,False,very_weak,2026-04-24T07:51:03.322738+00:00
1131,CA,CAD,GDP,211,gdp_mom,371,ivey_pmi_sa,Ivey PMI s.a.,Growth,3,91,-0.484577,0.484577,True,moderate,2026-04-24T07:51:03.322738+00:00
1132,CA,CAD,GDP,211,gdp_mom,371,ivey_pmi_sa,Ivey PMI s.a.,Growth,0,90,0.415065,0.415065,False,weak,2026-04-24T07:51:03.322738+00:00
1133,CA,CAD,GDP,211,gdp_mom,371,ivey_pmi_sa,Ivey PMI s.a.,Growth,1,91,0.394456,0.394456,False,weak,2026-04-24T07:51:03.322738+00:00
1134,CA,CAD,GDP,211,gdp_mom,371,ivey_pmi_sa,Ivey PMI s.a.,Growth,4,90,-0.241702,0.241702,False,very_weak,2026-04-24T07:51:03.322738+00:00
1135,CA,CAD,GDP,211,gdp_mom,371,ivey_pmi_sa,Ivey PMI s.a.,Growth,2,91,-0.229288,0.229288,False,very_weak,2026-04-24T07:51:03.322738+00:00
1136,CA,CAD,GDP,211,gdp_mom,371,ivey_pmi_sa,Ivey PMI s.a.,Growth,5,89,-0.117631,0.117631,False,very_weak,2026-04-24T07:51:03.322738+00:00
1137,CA,CAD,GDP,211,gdp_mom,371,ivey_pmi_sa,Ivey PMI s.a.,Growth,6,88,-0.005917,0.005917,False,very_weak,2026-04-24T07:51:03.322738+00:00
1138,CA,CAD,GDP,211,gdp_mom,374,manufacturing_pmi,Manufacturing PMI,Growth,5,59,-0.277292,0.277292,True,weak,2026-04-24T07:51:03.322738+00:00
1139,CA,CAD,GDP,211,gdp_mom,374,manufacturing_pmi,Manufacturing PMI,Growth,2,64,-0.184096,0.184096,False,very_weak,2026-04-24T07:51:03.322738+00:00
1140,CA,CAD,GDP,211,gdp_mom,374,manufacturing_pmi,Manufacturing PMI,Growth,3,62,0.148967,0.148967,False,very_weak,2026-04-24T07:51:03.322738+00:00
1141,CA,CAD,GDP,211,gdp_mom,374,manufacturing_pmi,Manufacturing PMI,Growth,6,58,-0.129954,0.129954,False,very_weak,2026-04-24T07:51:03.322738+00:00
1142,CA,CAD,GDP,211,gdp_mom,374,manufacturing_pmi,Manufacturing PMI,Growth,4,61,0.115137,0.115137,False,very_weak,2026-04-24T07:51:03.322738+00:00
1143,CA,CAD,GDP,211,gdp_mom,374,manufacturing_pmi,Manufacturing PMI,Growth,0,67,0.098216,0.098216,False,very_weak,2026-04-24T07:51:03.322738+00:00
1144,CA,CAD,GDP,211,gdp_mom,374,manufacturing_pmi,Manufacturing PMI,Growth,1,66,0.003150,0.003150,False,very_weak,2026-04-24T07:51:03.322738+00:00
1145,CA,CAD,GDP,211,gdp_mom,375,services_pmi,Services PMI,Growth,2,38,0.356597,0.356597,True,weak,2026-04-24T07:51:03.322738+00:00
1146,CA,CAD,GDP,211,gdp_mom,375,services_pmi,Services PMI,Growth,5,34,0.326207,0.326207,False,weak,2026-04-24T07:51:03.322738+00:00
1147,CA,CAD,GDP,211,gdp_mom,375,services_pmi,Services PMI,Growth,3,36,-0.033207,0.033207,False,very_weak,2026-04-24T07:51:03.322738+00:00
1148,CA,CAD,GDP,211,gdp_mom,375,services_pmi,Services PMI,Growth,4,36,0.031230,0.031230,False,very_weak,2026-04-24T07:51:03.322738+00:00
1149,CA,CAD,GDP,211,gdp_mom,375,services_pmi,Services PMI,Growth,0,41,0.008495,0.008495,False,very_weak,2026-04-24T07:51:03.322738+00:00
1150,CA,CAD,GDP,211,gdp_mom,375,services_pmi,Services PMI,Growth,6,32,0.002898,0.002898,False,very_weak,2026-04-24T07:51:03.322738+00:00
1151,CA,CAD,GDP,211,gdp_mom,375,services_pmi,Services PMI,Growth,1,40,-0.002105,0.002105,False,very_weak,2026-04-24T07:51:03.322738+00:00
1152,CA,CAD,GDP,211,gdp_mom,376,composite_pmi,Composite PMI,Growth,2,39,0.318889,0.318889,True,weak,2026-04-24T07:51:03.322738+00:00
1153,CA,CAD,GDP,211,gdp_mom,376,composite_pmi,Composite PMI,Growth,5,34,0.290718,0.290718,False,weak,2026-04-24T07:51:03.322738+00:00
1154,CA,CAD,GDP,211,gdp_mom,376,composite_pmi,Composite PMI,Growth,6,31,-0.102722,0.102722,False,very_weak,2026-04-24T07:51:03.322738+00:00
1155,CA,CAD,GDP,211,gdp_mom,376,composite_pmi,Composite PMI,Growth,4,38,0.062665,0.062665,False,very_weak,2026-04-24T07:51:03.322738+00:00
1156,CA,CAD,GDP,211,gdp_mom,376,composite_pmi,Composite PMI,Growth,3,36,-0.046480,0.046480,False,very_weak,2026-04-24T07:51:03.322738+00:00
1157,CA,CAD,GDP,211,gdp_mom,376,composite_pmi,Composite PMI,Growth,1,40,-0.026748,0.026748,False,very_weak,2026-04-24T07:51:03.322738+00:00
1158,CA,CAD,GDP,211,gdp_mom,376,composite_pmi,Composite PMI,Growth,0,41,-0.000773,0.000773,False,very_weak,2026-04-24T07:51:03.322738+00:00
1159,CA,CAD,GDP,211,gdp_mom,377,cfib_business_barometer,CFIB Business Barometer,Growth,3,70,-0.197085,0.197085,True,very_weak,2026-04-24T07:51:03.322738+00:00
1160,CA,CAD,GDP,211,gdp_mom,377,cfib_business_barometer,CFIB Business Barometer,Growth,4,69,-0.113465,0.113465,False,very_weak,2026-04-24T07:51:03.322738+00:00
1161,CA,CAD,GDP,211,gdp_mom,377,cfib_business_barometer,CFIB Business Barometer,Growth,6,66,-0.104922,0.104922,False,very_weak,2026-04-24T07:51:03.322738+00:00
1162,CA,CAD,GDP,211,gdp_mom,377,cfib_business_barometer,CFIB Business Barometer,Growth,2,71,0.103023,0.103023,False,very_weak,2026-04-24T07:51:03.322738+00:00
1163,CA,CAD,GDP,211,gdp_mom,377,cfib_business_barometer,CFIB Business Barometer,Growth,1,72,-0.073118,0.073118,False,very_weak,2026-04-24T07:51:03.322738+00:00
1164,CA,CAD,GDP,211,gdp_mom,377,cfib_business_barometer,CFIB Business Barometer,Growth,0,72,0.046126,0.046126,False,very_weak,2026-04-24T07:51:03.322738+00:00
1165,CA,CAD,GDP,211,gdp_mom,377,cfib_business_barometer,CFIB Business Barometer,Growth,5,67,-0.028523,0.028523,False,very_weak,2026-04-24T07:51:03.322738+00:00
1166,CA,CAD,GDP,211,gdp_mom,378,new_motor_vehicle_sales,New Motor Vehicle Sales,Growth,0,59,0.298605,0.298605,True,weak,2026-04-24T07:51:03.322738+00:00
1167,CA,CAD,GDP,211,gdp_mom,378,new_motor_vehicle_sales,New Motor Vehicle Sales,Growth,2,93,-0.114687,0.114687,False,very_weak,2026-04-24T07:51:03.322738+00:00
1168,CA,CAD,GDP,211,gdp_mom,378,new_motor_vehicle_sales,New Motor Vehicle Sales,Growth,6,89,0.070464,0.070464,False,very_weak,2026-04-24T07:51:03.322738+00:00
1169,CA,CAD,GDP,211,gdp_mom,378,new_motor_vehicle_sales,New Motor Vehicle Sales,Growth,3,92,-0.062903,0.062903,False,very_weak,2026-04-24T07:51:03.322738+00:00
1170,CA,CAD,GDP,211,gdp_mom,378,new_motor_vehicle_sales,New Motor Vehicle Sales,Growth,5,90,0.036349,0.036349,False,very_weak,2026-04-24T07:51:03.322738+00:00
1171,CA,CAD,GDP,211,gdp_mom,378,new_motor_vehicle_sales,New Motor Vehicle Sales,Growth,4,91,-0.009482,0.009482,False,very_weak,2026-04-24T07:51:03.322738+00:00
1172,CA,CAD,GDP,211,gdp_mom,378,new_motor_vehicle_sales,New Motor Vehicle Sales,Growth,1,93,-0.008143,0.008143,False,very_weak,2026-04-24T07:51:03.322738+00:00
1173,CA,CAD,GDP,211,gdp_mom,379,vehicle_sales_mom,Vehicle Sales (MoM),Growth,3,24,-0.398231,0.398231,True,weak,2026-04-24T07:51:03.322738+00:00
1174,CA,CAD,GDP,211,gdp_mom,379,vehicle_sales_mom,Vehicle Sales (MoM),Growth,0,16,-0.385679,0.385679,False,weak,2026-04-24T07:51:03.322738+00:00
1175,CA,CAD,GDP,211,gdp_mom,379,vehicle_sales_mom,Vehicle Sales (MoM),Growth,4,22,0.198823,0.198823,False,very_weak,2026-04-24T07:51:03.322738+00:00
1176,CA,CAD,GDP,211,gdp_mom,379,vehicle_sales_mom,Vehicle Sales (MoM),Growth,2,26,-0.197240,0.197240,False,very_weak,2026-04-24T07:51:03.322738+00:00
1177,CA,CAD,GDP,211,gdp_mom,379,vehicle_sales_mom,Vehicle Sales (MoM),Growth,1,28,-0.174762,0.174762,False,very_weak,2026-04-24T07:51:03.322738+00:00
1178,CA,CAD,GDP,211,gdp_mom,379,vehicle_sales_mom,Vehicle Sales (MoM),Growth,5,20,-0.130036,0.130036,False,very_weak,2026-04-24T07:51:03.322738+00:00
1179,CA,CAD,GDP,211,gdp_mom,379,vehicle_sales_mom,Vehicle Sales (MoM),Growth,6,19,0.007468,0.007468,False,very_weak,2026-04-24T07:51:03.322738+00:00
1180,CA,CAD,GDP,211,gdp_mom,380,balance_of_trade,Balance of Trade,Growth,0,58,0.310867,0.310867,True,weak,2026-04-24T07:51:03.322738+00:00
1181,CA,CAD,GDP,211,gdp_mom,380,balance_of_trade,Balance of Trade,Growth,5,90,-0.117105,0.117105,False,very_weak,2026-04-24T07:51:03.322738+00:00
1182,CA,CAD,GDP,211,gdp_mom,380,balance_of_trade,Balance of Trade,Growth,4,91,-0.114533,0.114533,False,very_weak,2026-04-24T07:51:03.322738+00:00
1183,CA,CAD,GDP,211,gdp_mom,380,balance_of_trade,Balance of Trade,Growth,2,93,-0.075713,0.075713,False,very_weak,2026-04-24T07:51:03.322738+00:00
1184,CA,CAD,GDP,211,gdp_mom,380,balance_of_trade,Balance of Trade,Growth,1,91,-0.028290,0.028290,False,very_weak,2026-04-24T07:51:03.322738+00:00
1185,CA,CAD,GDP,211,gdp_mom,380,balance_of_trade,Balance of Trade,Growth,6,89,0.017840,0.017840,False,very_weak,2026-04-24T07:51:03.322738+00:00
1186,CA,CAD,GDP,211,gdp_mom,380,balance_of_trade,Balance of Trade,Growth,3,92,-0.017839,0.017839,False,very_weak,2026-04-24T07:51:03.322738+00:00
1187,CA,CAD,UNEMPLOYMENT,154,unemployment_rate,155,employment_change,Employment Change,Labor,2,72,-0.463277,0.463277,True,moderate,2026-04-24T07:51:03.322738+00:00
1188,CA,CAD,UNEMPLOYMENT,154,unemployment_rate,155,employment_change,Employment Change,Labor,3,71,-0.413909,0.413909,False,weak,2026-04-24T07:51:03.322738+00:00
1189,CA,CAD,UNEMPLOYMENT,154,unemployment_rate,155,employment_change,Employment Change,Labor,1,73,-0.408688,0.408688,False,weak,2026-04-24T07:51:03.322738+00:00
1190,CA,CAD,UNEMPLOYMENT,154,unemployment_rate,155,employment_change,Employment Change,Labor,4,70,-0.367346,0.367346,False,weak,2026-04-24T07:51:03.322738+00:00
1191,CA,CAD,UNEMPLOYMENT,154,unemployment_rate,155,employment_change,Employment Change,Labor,5,69,-0.355028,0.355028,False,weak,2026-04-24T07:51:03.322738+00:00
1192,CA,CAD,UNEMPLOYMENT,154,unemployment_rate,155,employment_change,Employment Change,Labor,6,68,-0.270349,0.270349,False,weak,2026-04-24T07:51:03.322738+00:00
1193,CA,CAD,UNEMPLOYMENT,154,unemployment_rate,155,employment_change,Employment Change,Labor,0,74,-0.065848,0.065848,False,very_weak,2026-04-24T07:51:03.322738+00:00
1194,CA,CAD,UNEMPLOYMENT,154,unemployment_rate,156,full_time_employment_change,Full-Time Employment Change,Labor,2,72,-0.455037,0.455037,True,moderate,2026-04-24T07:51:03.322738+00:00
1195,CA,CAD,UNEMPLOYMENT,154,unemployment_rate,156,full_time_employment_change,Full-Time Employment Change,Labor,1,73,-0.408295,0.408295,False,weak,2026-04-24T07:51:03.322738+00:00
1196,CA,CAD,UNEMPLOYMENT,154,unemployment_rate,156,full_time_employment_change,Full-Time Employment Change,Labor,3,71,-0.403124,0.403124,False,weak,2026-04-24T07:51:03.322738+00:00
1197,CA,CAD,UNEMPLOYMENT,154,unemployment_rate,156,full_time_employment_change,Full-Time Employment Change,Labor,4,70,-0.356941,0.356941,False,weak,2026-04-24T07:51:03.322738+00:00
1198,CA,CAD,UNEMPLOYMENT,154,unemployment_rate,156,full_time_employment_change,Full-Time Employment Change,Labor,5,69,-0.345890,0.345890,False,weak,2026-04-24T07:51:03.322738+00:00
1199,CA,CAD,UNEMPLOYMENT,154,unemployment_rate,156,full_time_employment_change,Full-Time Employment Change,Labor,6,68,-0.262892,0.262892,False,weak,2026-04-24T07:51:03.322738+00:00
1200,CA,CAD,UNEMPLOYMENT,154,unemployment_rate,156,full_time_employment_change,Full-Time Employment Change,Labor,0,74,-0.068674,0.068674,False,very_weak,2026-04-24T07:51:03.322738+00:00
1201,CA,CAD,UNEMPLOYMENT,154,unemployment_rate,157,part_time_employment_change,Part-Time Employment Change,Labor,2,72,-0.458645,0.458645,True,moderate,2026-04-24T07:51:03.322738+00:00
1202,CA,CAD,UNEMPLOYMENT,154,unemployment_rate,157,part_time_employment_change,Part-Time Employment Change,Labor,3,71,-0.410328,0.410328,False,weak,2026-04-24T07:51:03.322738+00:00
1203,CA,CAD,UNEMPLOYMENT,154,unemployment_rate,157,part_time_employment_change,Part-Time Employment Change,Labor,1,73,-0.406510,0.406510,False,weak,2026-04-24T07:51:03.322738+00:00
1204,CA,CAD,UNEMPLOYMENT,154,unemployment_rate,157,part_time_employment_change,Part-Time Employment Change,Labor,4,70,-0.366035,0.366035,False,weak,2026-04-24T07:51:03.322738+00:00
1205,CA,CAD,UNEMPLOYMENT,154,unemployment_rate,157,part_time_employment_change,Part-Time Employment Change,Labor,5,69,-0.353759,0.353759,False,weak,2026-04-24T07:51:03.322738+00:00
1206,CA,CAD,UNEMPLOYMENT,154,unemployment_rate,157,part_time_employment_change,Part-Time Employment Change,Labor,6,68,-0.266844,0.266844,False,weak,2026-04-24T07:51:03.322738+00:00
1207,CA,CAD,UNEMPLOYMENT,154,unemployment_rate,157,part_time_employment_change,Part-Time Employment Change,Labor,0,74,-0.063522,0.063522,False,very_weak,2026-04-24T07:51:03.322738+00:00
1208,CA,CAD,UNEMPLOYMENT,154,unemployment_rate,164,manufacturing_sales_mom,Manufacturing Sales (MoM),Growth,2,118,-0.239177,0.239177,True,very_weak,2026-04-24T07:51:03.322738+00:00
1209,CA,CAD,UNEMPLOYMENT,154,unemployment_rate,164,manufacturing_sales_mom,Manufacturing Sales (MoM),Growth,3,117,-0.083379,0.083379,False,very_weak,2026-04-24T07:51:03.322738+00:00
1210,CA,CAD,UNEMPLOYMENT,154,unemployment_rate,164,manufacturing_sales_mom,Manufacturing Sales (MoM),Growth,5,116,-0.051682,0.051682,False,very_weak,2026-04-24T07:51:03.322738+00:00
1211,CA,CAD,UNEMPLOYMENT,154,unemployment_rate,164,manufacturing_sales_mom,Manufacturing Sales (MoM),Growth,4,116,-0.049251,0.049251,False,very_weak,2026-04-24T07:51:03.322738+00:00
1212,CA,CAD,UNEMPLOYMENT,154,unemployment_rate,164,manufacturing_sales_mom,Manufacturing Sales (MoM),Growth,1,49,-0.029544,0.029544,False,very_weak,2026-04-24T07:51:03.322738+00:00
1213,CA,CAD,UNEMPLOYMENT,154,unemployment_rate,164,manufacturing_sales_mom,Manufacturing Sales (MoM),Growth,6,114,-0.022443,0.022443,False,very_weak,2026-04-24T07:51:03.322738+00:00
1214,CA,CAD,UNEMPLOYMENT,154,unemployment_rate,169,retail_sales_yoy,Retail Sales (YoY),Growth,2,72,-0.283378,0.283378,True,weak,2026-04-24T07:51:03.322738+00:00
1215,CA,CAD,UNEMPLOYMENT,154,unemployment_rate,169,retail_sales_yoy,Retail Sales (YoY),Growth,3,71,-0.157001,0.157001,False,very_weak,2026-04-24T07:51:03.322738+00:00
1216,CA,CAD,UNEMPLOYMENT,154,unemployment_rate,169,retail_sales_yoy,Retail Sales (YoY),Growth,4,71,-0.102420,0.102420,False,very_weak,2026-04-24T07:51:03.322738+00:00
1217,CA,CAD,UNEMPLOYMENT,154,unemployment_rate,169,retail_sales_yoy,Retail Sales (YoY),Growth,5,70,-0.095993,0.095993,False,very_weak,2026-04-24T07:51:03.322738+00:00
1218,CA,CAD,UNEMPLOYMENT,154,unemployment_rate,169,retail_sales_yoy,Retail Sales (YoY),Growth,6,69,-0.052524,0.052524,False,very_weak,2026-04-24T07:51:03.322738+00:00
1219,CA,CAD,UNEMPLOYMENT,154,unemployment_rate,170,retail_sales_ex_autos_mom,Retail Sales Ex Autos (MoM),Growth,2,70,-0.387329,0.387329,True,weak,2026-04-24T07:51:03.322738+00:00
1220,CA,CAD,UNEMPLOYMENT,154,unemployment_rate,170,retail_sales_ex_autos_mom,Retail Sales Ex Autos (MoM),Growth,3,69,-0.314148,0.314148,False,weak,2026-04-24T07:51:03.322738+00:00
1221,CA,CAD,UNEMPLOYMENT,154,unemployment_rate,170,retail_sales_ex_autos_mom,Retail Sales Ex Autos (MoM),Growth,4,68,-0.281228,0.281228,False,weak,2026-04-24T07:51:03.322738+00:00
1222,CA,CAD,UNEMPLOYMENT,154,unemployment_rate,170,retail_sales_ex_autos_mom,Retail Sales Ex Autos (MoM),Growth,6,66,-0.236965,0.236965,False,very_weak,2026-04-24T07:51:03.322738+00:00
1223,CA,CAD,UNEMPLOYMENT,154,unemployment_rate,170,retail_sales_ex_autos_mom,Retail Sales Ex Autos (MoM),Growth,5,67,-0.218330,0.218330,False,very_weak,2026-04-24T07:51:03.322738+00:00
1224,CA,CAD,UNEMPLOYMENT,154,unemployment_rate,171,budget_balance,Budget Balance,Growth,3,71,-0.150906,0.150906,True,very_weak,2026-04-24T07:51:03.322738+00:00
1225,CA,CAD,UNEMPLOYMENT,154,unemployment_rate,171,budget_balance,Budget Balance,Growth,2,67,-0.147743,0.147743,False,very_weak,2026-04-24T07:51:03.322738+00:00
1226,CA,CAD,UNEMPLOYMENT,154,unemployment_rate,171,budget_balance,Budget Balance,Growth,5,69,-0.146256,0.146256,False,very_weak,2026-04-24T07:51:03.322738+00:00
1227,CA,CAD,UNEMPLOYMENT,154,unemployment_rate,171,budget_balance,Budget Balance,Growth,4,70,-0.140371,0.140371,False,very_weak,2026-04-24T07:51:03.322738+00:00
1228,CA,CAD,UNEMPLOYMENT,154,unemployment_rate,171,budget_balance,Budget Balance,Growth,6,68,-0.132235,0.132235,False,very_weak,2026-04-24T07:51:03.322738+00:00
1229,CA,CAD,UNEMPLOYMENT,154,unemployment_rate,210,retail_sales_mom,Retail Sales (MoM),Growth,2,81,-0.458848,0.458848,True,moderate,2026-04-24T07:51:03.322738+00:00
1230,CA,CAD,UNEMPLOYMENT,154,unemployment_rate,210,retail_sales_mom,Retail Sales (MoM),Growth,3,80,-0.403515,0.403515,False,weak,2026-04-24T07:51:03.322738+00:00
1231,CA,CAD,UNEMPLOYMENT,154,unemployment_rate,210,retail_sales_mom,Retail Sales (MoM),Growth,4,79,-0.374771,0.374771,False,weak,2026-04-24T07:51:03.322738+00:00
1232,CA,CAD,UNEMPLOYMENT,154,unemployment_rate,210,retail_sales_mom,Retail Sales (MoM),Growth,5,78,-0.361834,0.361834,False,weak,2026-04-24T07:51:03.322738+00:00
1233,CA,CAD,UNEMPLOYMENT,154,unemployment_rate,210,retail_sales_mom,Retail Sales (MoM),Growth,6,77,-0.276948,0.276948,False,weak,2026-04-24T07:51:03.322738+00:00
1234,CA,CAD,UNEMPLOYMENT,154,unemployment_rate,210,retail_sales_mom,Retail Sales (MoM),Growth,1,11,-0.167500,0.167500,False,very_weak,2026-04-24T07:51:03.322738+00:00
1235,CA,CAD,UNEMPLOYMENT,154,unemployment_rate,211,gdp_mom,GDP (MoM),Growth,2,93,-0.495928,0.495928,True,moderate,2026-04-24T07:51:03.322738+00:00
1236,CA,CAD,UNEMPLOYMENT,154,unemployment_rate,211,gdp_mom,GDP (MoM),Growth,3,92,-0.415056,0.415056,False,weak,2026-04-24T07:51:03.322738+00:00
1237,CA,CAD,UNEMPLOYMENT,154,unemployment_rate,211,gdp_mom,GDP (MoM),Growth,4,91,-0.348578,0.348578,False,weak,2026-04-24T07:51:03.322738+00:00
1238,CA,CAD,UNEMPLOYMENT,154,unemployment_rate,211,gdp_mom,GDP (MoM),Growth,5,90,-0.329058,0.329058,False,weak,2026-04-24T07:51:03.322738+00:00
1239,CA,CAD,UNEMPLOYMENT,154,unemployment_rate,211,gdp_mom,GDP (MoM),Growth,6,88,-0.259337,0.259337,False,weak,2026-04-24T07:51:03.322738+00:00
1240,CA,CAD,UNEMPLOYMENT,154,unemployment_rate,211,gdp_mom,GDP (MoM),Growth,1,34,0.048792,0.048792,False,very_weak,2026-04-24T07:51:03.322738+00:00
1241,CA,CAD,UNEMPLOYMENT,154,unemployment_rate,212,wholesale_sales_mom,Wholesale Sales (MoM),Growth,1,55,-0.282278,0.282278,True,weak,2026-04-24T07:51:03.322738+00:00
1242,CA,CAD,UNEMPLOYMENT,154,unemployment_rate,212,wholesale_sales_mom,Wholesale Sales (MoM),Growth,2,124,-0.250221,0.250221,False,weak,2026-04-24T07:51:03.322738+00:00
1243,CA,CAD,UNEMPLOYMENT,154,unemployment_rate,212,wholesale_sales_mom,Wholesale Sales (MoM),Growth,6,120,-0.210176,0.210176,False,very_weak,2026-04-24T07:51:03.322738+00:00
1244,CA,CAD,UNEMPLOYMENT,154,unemployment_rate,212,wholesale_sales_mom,Wholesale Sales (MoM),Growth,5,122,-0.183112,0.183112,False,very_weak,2026-04-24T07:51:03.322738+00:00
1245,CA,CAD,UNEMPLOYMENT,154,unemployment_rate,212,wholesale_sales_mom,Wholesale Sales (MoM),Growth,4,122,-0.177309,0.177309,False,very_weak,2026-04-24T07:51:03.322738+00:00
1246,CA,CAD,UNEMPLOYMENT,154,unemployment_rate,212,wholesale_sales_mom,Wholesale Sales (MoM),Growth,3,123,-0.169889,0.169889,False,very_weak,2026-04-24T07:51:03.322738+00:00
1247,CA,CAD,UNEMPLOYMENT,154,unemployment_rate,213,imports,Imports,Growth,2,73,-0.567393,0.567393,True,moderate,2026-04-24T07:51:03.322738+00:00
1248,CA,CAD,UNEMPLOYMENT,154,unemployment_rate,213,imports,Imports,Growth,3,73,-0.493366,0.493366,False,moderate,2026-04-24T07:51:03.322738+00:00
1249,CA,CAD,UNEMPLOYMENT,154,unemployment_rate,213,imports,Imports,Growth,4,72,-0.454894,0.454894,False,moderate,2026-04-24T07:51:03.322738+00:00
1250,CA,CAD,UNEMPLOYMENT,154,unemployment_rate,213,imports,Imports,Growth,1,63,-0.428167,0.428167,False,weak,2026-04-24T07:51:03.322738+00:00
1251,CA,CAD,UNEMPLOYMENT,154,unemployment_rate,213,imports,Imports,Growth,5,70,-0.413310,0.413310,False,weak,2026-04-24T07:51:03.322738+00:00
1252,CA,CAD,UNEMPLOYMENT,154,unemployment_rate,213,imports,Imports,Growth,6,69,-0.397406,0.397406,False,weak,2026-04-24T07:51:03.322738+00:00
1253,CA,CAD,UNEMPLOYMENT,154,unemployment_rate,214,exports,Exports,Growth,1,63,-0.372061,0.372061,True,weak,2026-04-24T07:51:03.322738+00:00
1254,CA,CAD,UNEMPLOYMENT,154,unemployment_rate,214,exports,Exports,Growth,2,73,-0.356199,0.356199,False,weak,2026-04-24T07:51:03.322738+00:00
1255,CA,CAD,UNEMPLOYMENT,154,unemployment_rate,214,exports,Exports,Growth,3,73,-0.319137,0.319137,False,weak,2026-04-24T07:51:03.322738+00:00
1256,CA,CAD,UNEMPLOYMENT,154,unemployment_rate,214,exports,Exports,Growth,4,72,-0.301617,0.301617,False,weak,2026-04-24T07:51:03.322738+00:00
1257,CA,CAD,UNEMPLOYMENT,154,unemployment_rate,214,exports,Exports,Growth,6,69,-0.274702,0.274702,False,weak,2026-04-24T07:51:03.322738+00:00
1258,CA,CAD,UNEMPLOYMENT,154,unemployment_rate,214,exports,Exports,Growth,5,70,-0.266539,0.266539,False,weak,2026-04-24T07:51:03.322738+00:00
1259,CA,CAD,UNEMPLOYMENT,154,unemployment_rate,371,ivey_pmi_sa,Ivey PMI s.a.,Growth,2,70,-0.238791,0.238791,True,very_weak,2026-04-24T07:51:03.322738+00:00
1260,CA,CAD,UNEMPLOYMENT,154,unemployment_rate,371,ivey_pmi_sa,Ivey PMI s.a.,Growth,1,70,-0.234079,0.234079,False,very_weak,2026-04-24T07:51:03.322738+00:00
1261,CA,CAD,UNEMPLOYMENT,154,unemployment_rate,371,ivey_pmi_sa,Ivey PMI s.a.,Growth,3,70,-0.197155,0.197155,False,very_weak,2026-04-24T07:51:03.322738+00:00
1262,CA,CAD,UNEMPLOYMENT,154,unemployment_rate,371,ivey_pmi_sa,Ivey PMI s.a.,Growth,4,70,-0.150350,0.150350,False,very_weak,2026-04-24T07:51:03.322738+00:00
1263,CA,CAD,UNEMPLOYMENT,154,unemployment_rate,371,ivey_pmi_sa,Ivey PMI s.a.,Growth,0,39,-0.125982,0.125982,False,very_weak,2026-04-24T07:51:03.322738+00:00
1264,CA,CAD,UNEMPLOYMENT,154,unemployment_rate,371,ivey_pmi_sa,Ivey PMI s.a.,Growth,5,69,-0.120579,0.120579,False,very_weak,2026-04-24T07:51:03.322738+00:00
1265,CA,CAD,UNEMPLOYMENT,154,unemployment_rate,371,ivey_pmi_sa,Ivey PMI s.a.,Growth,6,68,-0.075372,0.075372,False,very_weak,2026-04-24T07:51:03.322738+00:00
1266,CA,CAD,UNEMPLOYMENT,154,unemployment_rate,374,manufacturing_pmi,Manufacturing PMI,Growth,0,46,0.198088,0.198088,True,very_weak,2026-04-24T07:51:03.322738+00:00
1267,CA,CAD,UNEMPLOYMENT,154,unemployment_rate,374,manufacturing_pmi,Manufacturing PMI,Growth,1,46,0.163273,0.163273,False,very_weak,2026-04-24T07:51:03.322738+00:00
1268,CA,CAD,UNEMPLOYMENT,154,unemployment_rate,374,manufacturing_pmi,Manufacturing PMI,Growth,2,45,0.123622,0.123622,False,very_weak,2026-04-24T07:51:03.322738+00:00
1269,CA,CAD,UNEMPLOYMENT,154,unemployment_rate,374,manufacturing_pmi,Manufacturing PMI,Growth,6,41,0.122244,0.122244,False,very_weak,2026-04-24T07:51:03.322738+00:00
1270,CA,CAD,UNEMPLOYMENT,154,unemployment_rate,374,manufacturing_pmi,Manufacturing PMI,Growth,5,42,0.116107,0.116107,False,very_weak,2026-04-24T07:51:03.322738+00:00
1271,CA,CAD,UNEMPLOYMENT,154,unemployment_rate,374,manufacturing_pmi,Manufacturing PMI,Growth,4,43,0.102772,0.102772,False,very_weak,2026-04-24T07:51:03.322738+00:00
1272,CA,CAD,UNEMPLOYMENT,154,unemployment_rate,374,manufacturing_pmi,Manufacturing PMI,Growth,3,44,0.067557,0.067557,False,very_weak,2026-04-24T07:51:03.322738+00:00
1273,CA,CAD,UNEMPLOYMENT,154,unemployment_rate,375,services_pmi,Services PMI,Growth,5,23,-0.411645,0.411645,True,weak,2026-04-24T07:51:03.322738+00:00
1274,CA,CAD,UNEMPLOYMENT,154,unemployment_rate,375,services_pmi,Services PMI,Growth,6,22,-0.380743,0.380743,False,weak,2026-04-24T07:51:03.322738+00:00
1275,CA,CAD,UNEMPLOYMENT,154,unemployment_rate,375,services_pmi,Services PMI,Growth,3,25,-0.340179,0.340179,False,weak,2026-04-24T07:51:03.322738+00:00
1276,CA,CAD,UNEMPLOYMENT,154,unemployment_rate,375,services_pmi,Services PMI,Growth,4,24,-0.322068,0.322068,False,weak,2026-04-24T07:51:03.322738+00:00
1277,CA,CAD,UNEMPLOYMENT,154,unemployment_rate,375,services_pmi,Services PMI,Growth,2,26,-0.214121,0.214121,False,very_weak,2026-04-24T07:51:03.322738+00:00
1278,CA,CAD,UNEMPLOYMENT,154,unemployment_rate,375,services_pmi,Services PMI,Growth,1,27,-0.184169,0.184169,False,very_weak,2026-04-24T07:51:03.322738+00:00
1279,CA,CAD,UNEMPLOYMENT,154,unemployment_rate,375,services_pmi,Services PMI,Growth,0,28,-0.140875,0.140875,False,very_weak,2026-04-24T07:51:03.322738+00:00
1280,CA,CAD,UNEMPLOYMENT,154,unemployment_rate,376,composite_pmi,Composite PMI,Growth,5,23,-0.387737,0.387737,True,weak,2026-04-24T07:51:03.322738+00:00
1281,CA,CAD,UNEMPLOYMENT,154,unemployment_rate,376,composite_pmi,Composite PMI,Growth,4,24,-0.384539,0.384539,False,weak,2026-04-24T07:51:03.322738+00:00
1282,CA,CAD,UNEMPLOYMENT,154,unemployment_rate,376,composite_pmi,Composite PMI,Growth,3,25,-0.291369,0.291369,False,weak,2026-04-24T07:51:03.322738+00:00
1283,CA,CAD,UNEMPLOYMENT,154,unemployment_rate,376,composite_pmi,Composite PMI,Growth,6,22,-0.264366,0.264366,False,weak,2026-04-24T07:51:03.322738+00:00
1284,CA,CAD,UNEMPLOYMENT,154,unemployment_rate,376,composite_pmi,Composite PMI,Growth,2,26,-0.157496,0.157496,False,very_weak,2026-04-24T07:51:03.322738+00:00
1285,CA,CAD,UNEMPLOYMENT,154,unemployment_rate,376,composite_pmi,Composite PMI,Growth,1,27,-0.103479,0.103479,False,very_weak,2026-04-24T07:51:03.322738+00:00
1286,CA,CAD,UNEMPLOYMENT,154,unemployment_rate,376,composite_pmi,Composite PMI,Growth,0,28,-0.092595,0.092595,False,very_weak,2026-04-24T07:51:03.322738+00:00
1287,CA,CAD,UNEMPLOYMENT,154,unemployment_rate,377,cfib_business_barometer,CFIB Business Barometer,Growth,4,48,0.101792,0.101792,True,very_weak,2026-04-24T07:51:03.322738+00:00
1288,CA,CAD,UNEMPLOYMENT,154,unemployment_rate,377,cfib_business_barometer,CFIB Business Barometer,Growth,5,47,0.091979,0.091979,False,very_weak,2026-04-24T07:51:03.322738+00:00
1289,CA,CAD,UNEMPLOYMENT,154,unemployment_rate,377,cfib_business_barometer,CFIB Business Barometer,Growth,3,49,0.090908,0.090908,False,very_weak,2026-04-24T07:51:03.322738+00:00
1290,CA,CAD,UNEMPLOYMENT,154,unemployment_rate,377,cfib_business_barometer,CFIB Business Barometer,Growth,6,46,0.089054,0.089054,False,very_weak,2026-04-24T07:51:03.322738+00:00
1291,CA,CAD,UNEMPLOYMENT,154,unemployment_rate,377,cfib_business_barometer,CFIB Business Barometer,Growth,1,51,0.083194,0.083194,False,very_weak,2026-04-24T07:51:03.322738+00:00
1292,CA,CAD,UNEMPLOYMENT,154,unemployment_rate,377,cfib_business_barometer,CFIB Business Barometer,Growth,2,50,0.061024,0.061024,False,very_weak,2026-04-24T07:51:03.322738+00:00
1293,CA,CAD,UNEMPLOYMENT,154,unemployment_rate,377,cfib_business_barometer,CFIB Business Barometer,Growth,0,52,0.035729,0.035729,False,very_weak,2026-04-24T07:51:03.322738+00:00
1294,CA,CAD,UNEMPLOYMENT,154,unemployment_rate,378,new_motor_vehicle_sales,New Motor Vehicle Sales,Growth,2,71,-0.011861,0.011861,True,very_weak,2026-04-24T07:51:03.322738+00:00
1295,CA,CAD,UNEMPLOYMENT,154,unemployment_rate,378,new_motor_vehicle_sales,New Motor Vehicle Sales,Growth,4,71,-0.007953,0.007953,False,very_weak,2026-04-24T07:51:03.322738+00:00
1296,CA,CAD,UNEMPLOYMENT,154,unemployment_rate,378,new_motor_vehicle_sales,New Motor Vehicle Sales,Growth,6,69,-0.007808,0.007808,False,very_weak,2026-04-24T07:51:03.322738+00:00
1297,CA,CAD,UNEMPLOYMENT,154,unemployment_rate,378,new_motor_vehicle_sales,New Motor Vehicle Sales,Growth,5,70,-0.005654,0.005654,False,very_weak,2026-04-24T07:51:03.322738+00:00
1298,CA,CAD,UNEMPLOYMENT,154,unemployment_rate,378,new_motor_vehicle_sales,New Motor Vehicle Sales,Growth,3,72,-0.004612,0.004612,False,very_weak,2026-04-24T07:51:03.322738+00:00
1299,CA,CAD,UNEMPLOYMENT,154,unemployment_rate,379,vehicle_sales_mom,Vehicle Sales (MoM),Growth,2,17,0.565203,0.565203,True,moderate,2026-04-24T07:51:03.322738+00:00
1300,CA,CAD,UNEMPLOYMENT,154,unemployment_rate,379,vehicle_sales_mom,Vehicle Sales (MoM),Growth,3,16,0.524098,0.524098,False,moderate,2026-04-24T07:51:03.322738+00:00
1301,CA,CAD,UNEMPLOYMENT,154,unemployment_rate,379,vehicle_sales_mom,Vehicle Sales (MoM),Growth,4,15,0.251338,0.251338,False,weak,2026-04-24T07:51:03.322738+00:00
1302,CA,CAD,UNEMPLOYMENT,154,unemployment_rate,379,vehicle_sales_mom,Vehicle Sales (MoM),Growth,6,13,-0.181666,0.181666,False,very_weak,2026-04-24T07:51:03.322738+00:00
1303,CA,CAD,UNEMPLOYMENT,154,unemployment_rate,379,vehicle_sales_mom,Vehicle Sales (MoM),Growth,5,14,0.113022,0.113022,False,very_weak,2026-04-24T07:51:03.322738+00:00
1304,CA,CAD,UNEMPLOYMENT,154,unemployment_rate,380,balance_of_trade,Balance of Trade,Growth,1,62,-0.151069,0.151069,True,very_weak,2026-04-24T07:51:03.322738+00:00
1305,CA,CAD,UNEMPLOYMENT,154,unemployment_rate,380,balance_of_trade,Balance of Trade,Growth,2,72,-0.137651,0.137651,False,very_weak,2026-04-24T07:51:03.322738+00:00
1306,CA,CAD,UNEMPLOYMENT,154,unemployment_rate,380,balance_of_trade,Balance of Trade,Growth,3,72,-0.110488,0.110488,False,very_weak,2026-04-24T07:51:03.322738+00:00
1307,CA,CAD,UNEMPLOYMENT,154,unemployment_rate,380,balance_of_trade,Balance of Trade,Growth,4,71,-0.107986,0.107986,False,very_weak,2026-04-24T07:51:03.322738+00:00
1308,CA,CAD,UNEMPLOYMENT,154,unemployment_rate,380,balance_of_trade,Balance of Trade,Growth,6,69,-0.101422,0.101422,False,very_weak,2026-04-24T07:51:03.322738+00:00
1309,CA,CAD,UNEMPLOYMENT,154,unemployment_rate,380,balance_of_trade,Balance of Trade,Growth,5,70,-0.086459,0.086459,False,very_weak,2026-04-24T07:51:03.322738+00:00
1310,CH,CHF,CPI,172,cpi_headline_yoy,173,unemployment_rate,Unemployment Rate,Labor,6,66,-0.470027,0.470027,True,moderate,2026-04-24T07:51:03.322738+00:00
1311,CH,CHF,CPI,172,cpi_headline_yoy,173,unemployment_rate,Unemployment Rate,Labor,5,67,-0.468581,0.468581,False,moderate,2026-04-24T07:51:03.322738+00:00
1312,CH,CHF,CPI,172,cpi_headline_yoy,173,unemployment_rate,Unemployment Rate,Labor,4,68,-0.437204,0.437204,False,weak,2026-04-24T07:51:03.322738+00:00
1313,CH,CHF,CPI,172,cpi_headline_yoy,173,unemployment_rate,Unemployment Rate,Labor,3,69,-0.421895,0.421895,False,weak,2026-04-24T07:51:03.322738+00:00
1314,CH,CHF,CPI,172,cpi_headline_yoy,173,unemployment_rate,Unemployment Rate,Labor,2,70,-0.410976,0.410976,False,weak,2026-04-24T07:51:03.322738+00:00
1315,CH,CHF,CPI,172,cpi_headline_yoy,173,unemployment_rate,Unemployment Rate,Labor,1,71,-0.384360,0.384360,False,weak,2026-04-24T07:51:03.322738+00:00
1316,CH,CHF,CPI,172,cpi_headline_yoy,173,unemployment_rate,Unemployment Rate,Labor,0,9,-0.207975,0.207975,False,very_weak,2026-04-24T07:51:03.322738+00:00
1317,CH,CHF,CPI,172,cpi_headline_yoy,174,gdp_qoq,GDP (QoQ),Growth,4,17,0.070001,0.070001,True,very_weak,2026-04-24T07:51:03.322738+00:00
1318,CH,CHF,CPI,172,cpi_headline_yoy,174,gdp_qoq,GDP (QoQ),Growth,5,21,0.069389,0.069389,False,very_weak,2026-04-24T07:51:03.322738+00:00
1319,CH,CHF,CPI,172,cpi_headline_yoy,174,gdp_qoq,GDP (QoQ),Growth,6,19,0.043268,0.043268,False,very_weak,2026-04-24T07:51:03.322738+00:00
1320,CH,CHF,CPI,172,cpi_headline_yoy,176,balance_of_trade,Balance of Trade,Growth,6,66,-0.275612,0.275612,True,weak,2026-04-24T07:51:03.322738+00:00
1321,CH,CHF,CPI,172,cpi_headline_yoy,176,balance_of_trade,Balance of Trade,Growth,5,67,-0.267030,0.267030,False,weak,2026-04-24T07:51:03.322738+00:00
1322,CH,CHF,CPI,172,cpi_headline_yoy,176,balance_of_trade,Balance of Trade,Growth,2,70,-0.232104,0.232104,False,very_weak,2026-04-24T07:51:03.322738+00:00
1323,CH,CHF,CPI,172,cpi_headline_yoy,176,balance_of_trade,Balance of Trade,Growth,4,68,-0.228446,0.228446,False,very_weak,2026-04-24T07:51:03.322738+00:00
1324,CH,CHF,CPI,172,cpi_headline_yoy,176,balance_of_trade,Balance of Trade,Growth,3,69,-0.227548,0.227548,False,very_weak,2026-04-24T07:51:03.322738+00:00
1325,CH,CHF,CPI,172,cpi_headline_yoy,176,balance_of_trade,Balance of Trade,Growth,1,71,-0.199343,0.199343,False,very_weak,2026-04-24T07:51:03.322738+00:00
1326,CH,CHF,CPI,172,cpi_headline_yoy,215,retail_sales_yoy,Retail Sales (YoY),Growth,5,66,0.202456,0.202456,True,very_weak,2026-04-24T07:51:03.322738+00:00
1327,CH,CHF,CPI,172,cpi_headline_yoy,215,retail_sales_yoy,Retail Sales (YoY),Growth,1,65,0.199853,0.199853,False,very_weak,2026-04-24T07:51:03.322738+00:00
1328,CH,CHF,CPI,172,cpi_headline_yoy,215,retail_sales_yoy,Retail Sales (YoY),Growth,6,66,0.193475,0.193475,False,very_weak,2026-04-24T07:51:03.322738+00:00
1329,CH,CHF,CPI,172,cpi_headline_yoy,215,retail_sales_yoy,Retail Sales (YoY),Growth,2,69,0.191163,0.191163,False,very_weak,2026-04-24T07:51:03.322738+00:00
1330,CH,CHF,CPI,172,cpi_headline_yoy,215,retail_sales_yoy,Retail Sales (YoY),Growth,3,68,0.181061,0.181061,False,very_weak,2026-04-24T07:51:03.322738+00:00
1331,CH,CHF,CPI,172,cpi_headline_yoy,215,retail_sales_yoy,Retail Sales (YoY),Growth,4,67,0.174584,0.174584,False,very_weak,2026-04-24T07:51:03.322738+00:00
1332,CH,CHF,CPI,172,cpi_headline_yoy,216,economic_sentiment_index,Economic Sentiment Index,Growth,3,67,0.225968,0.225968,True,very_weak,2026-04-24T07:51:03.322738+00:00
1333,CH,CHF,CPI,172,cpi_headline_yoy,216,economic_sentiment_index,Economic Sentiment Index,Growth,2,68,0.217953,0.217953,False,very_weak,2026-04-24T07:51:03.322738+00:00
1334,CH,CHF,CPI,172,cpi_headline_yoy,216,economic_sentiment_index,Economic Sentiment Index,Growth,5,65,0.198029,0.198029,False,very_weak,2026-04-24T07:51:03.322738+00:00
1335,CH,CHF,CPI,172,cpi_headline_yoy,216,economic_sentiment_index,Economic Sentiment Index,Growth,1,69,0.193559,0.193559,False,very_weak,2026-04-24T07:51:03.322738+00:00
1336,CH,CHF,CPI,172,cpi_headline_yoy,216,economic_sentiment_index,Economic Sentiment Index,Growth,6,64,0.191445,0.191445,False,very_weak,2026-04-24T07:51:03.322738+00:00
1337,CH,CHF,CPI,172,cpi_headline_yoy,216,economic_sentiment_index,Economic Sentiment Index,Growth,4,66,0.189604,0.189604,False,very_weak,2026-04-24T07:51:03.322738+00:00
1338,CH,CHF,CPI,172,cpi_headline_yoy,216,economic_sentiment_index,Economic Sentiment Index,Growth,0,70,0.134527,0.134527,False,very_weak,2026-04-24T07:51:03.322738+00:00
1339,CH,CHF,CPI,172,cpi_headline_yoy,381,cpi_headline_mom,Headline CPI (MoM),Inflation,0,54,-0.144899,0.144899,True,very_weak,2026-04-24T07:51:03.322738+00:00
1340,CH,CHF,CPI,172,cpi_headline_yoy,381,cpi_headline_mom,Headline CPI (MoM),Inflation,1,53,-0.118193,0.118193,False,very_weak,2026-04-24T07:51:03.322738+00:00
1341,CH,CHF,CPI,172,cpi_headline_yoy,381,cpi_headline_mom,Headline CPI (MoM),Inflation,5,49,-0.064542,0.064542,False,very_weak,2026-04-24T07:51:03.322738+00:00
1342,CH,CHF,CPI,172,cpi_headline_yoy,381,cpi_headline_mom,Headline CPI (MoM),Inflation,6,48,-0.061017,0.061017,False,very_weak,2026-04-24T07:51:03.322738+00:00
1343,CH,CHF,CPI,172,cpi_headline_yoy,381,cpi_headline_mom,Headline CPI (MoM),Inflation,3,50,-0.053030,0.053030,False,very_weak,2026-04-24T07:51:03.322738+00:00
1344,CH,CHF,CPI,172,cpi_headline_yoy,381,cpi_headline_mom,Headline CPI (MoM),Inflation,4,51,-0.041234,0.041234,False,very_weak,2026-04-24T07:51:03.322738+00:00
1345,CH,CHF,CPI,172,cpi_headline_yoy,381,cpi_headline_mom,Headline CPI (MoM),Inflation,2,51,0.016007,0.016007,False,very_weak,2026-04-24T07:51:03.322738+00:00
1346,CH,CHF,CPI,172,cpi_headline_yoy,382,producer_import_prices_mom,Producer & Import Prices (MoM),Inflation,6,58,-0.155461,0.155461,True,very_weak,2026-04-24T07:51:03.322738+00:00
1347,CH,CHF,CPI,172,cpi_headline_yoy,382,producer_import_prices_mom,Producer & Import Prices (MoM),Inflation,5,59,-0.146925,0.146925,False,very_weak,2026-04-24T07:51:03.322738+00:00
1348,CH,CHF,CPI,172,cpi_headline_yoy,382,producer_import_prices_mom,Producer & Import Prices (MoM),Inflation,1,63,-0.129454,0.129454,False,very_weak,2026-04-24T07:51:03.322738+00:00
1349,CH,CHF,CPI,172,cpi_headline_yoy,382,producer_import_prices_mom,Producer & Import Prices (MoM),Inflation,2,62,-0.116074,0.116074,False,very_weak,2026-04-24T07:51:03.322738+00:00
1350,CH,CHF,CPI,172,cpi_headline_yoy,382,producer_import_prices_mom,Producer & Import Prices (MoM),Inflation,3,61,-0.112982,0.112982,False,very_weak,2026-04-24T07:51:03.322738+00:00
1351,CH,CHF,CPI,172,cpi_headline_yoy,382,producer_import_prices_mom,Producer & Import Prices (MoM),Inflation,4,61,-0.076409,0.076409,False,very_weak,2026-04-24T07:51:03.322738+00:00
1352,CH,CHF,CPI,172,cpi_headline_yoy,383,producer_import_prices_yoy,Producer & Import Prices (YoY),Inflation,1,72,-0.100900,0.100900,True,very_weak,2026-04-24T07:51:03.322738+00:00
1353,CH,CHF,CPI,172,cpi_headline_yoy,383,producer_import_prices_yoy,Producer & Import Prices (YoY),Inflation,2,70,-0.065856,0.065856,False,very_weak,2026-04-24T07:51:03.322738+00:00
1354,CH,CHF,CPI,172,cpi_headline_yoy,383,producer_import_prices_yoy,Producer & Import Prices (YoY),Inflation,3,69,-0.063274,0.063274,False,very_weak,2026-04-24T07:51:03.322738+00:00
1355,CH,CHF,CPI,172,cpi_headline_yoy,383,producer_import_prices_yoy,Producer & Import Prices (YoY),Inflation,6,66,0.055569,0.055569,False,very_weak,2026-04-24T07:51:03.322738+00:00
1356,CH,CHF,CPI,172,cpi_headline_yoy,383,producer_import_prices_yoy,Producer & Import Prices (YoY),Inflation,4,68,-0.009141,0.009141,False,very_weak,2026-04-24T07:51:03.322738+00:00
1357,CH,CHF,CPI,172,cpi_headline_yoy,383,producer_import_prices_yoy,Producer & Import Prices (YoY),Inflation,5,67,0.008862,0.008862,False,very_weak,2026-04-24T07:51:03.322738+00:00
1358,CH,CHF,CPI,172,cpi_headline_yoy,384,retail_sales_mom,Retail Sales (MoM),Growth,5,68,0.127090,0.127090,True,very_weak,2026-04-24T07:51:03.322738+00:00
1359,CH,CHF,CPI,172,cpi_headline_yoy,384,retail_sales_mom,Retail Sales (MoM),Growth,2,71,0.101870,0.101870,False,very_weak,2026-04-24T07:51:03.322738+00:00
1360,CH,CHF,CPI,172,cpi_headline_yoy,384,retail_sales_mom,Retail Sales (MoM),Growth,3,70,0.097454,0.097454,False,very_weak,2026-04-24T07:51:03.322738+00:00
1361,CH,CHF,CPI,172,cpi_headline_yoy,384,retail_sales_mom,Retail Sales (MoM),Growth,6,67,0.092859,0.092859,False,very_weak,2026-04-24T07:51:03.322738+00:00
1362,CH,CHF,CPI,172,cpi_headline_yoy,384,retail_sales_mom,Retail Sales (MoM),Growth,1,67,0.091627,0.091627,False,very_weak,2026-04-24T07:51:03.322738+00:00
1363,CH,CHF,CPI,172,cpi_headline_yoy,384,retail_sales_mom,Retail Sales (MoM),Growth,4,69,0.088125,0.088125,False,very_weak,2026-04-24T07:51:03.322738+00:00
1364,CH,CHF,CPI,172,cpi_headline_yoy,385,consumer_confidence,Consumer Confidence,Growth,0,12,-0.635701,0.635701,True,moderate,2026-04-24T07:51:03.322738+00:00
1365,CH,CHF,CPI,172,cpi_headline_yoy,385,consumer_confidence,Consumer Confidence,Growth,3,37,-0.385698,0.385698,False,weak,2026-04-24T07:51:03.322738+00:00
1366,CH,CHF,CPI,172,cpi_headline_yoy,385,consumer_confidence,Consumer Confidence,Growth,2,38,-0.381302,0.381302,False,weak,2026-04-24T07:51:03.322738+00:00
1367,CH,CHF,CPI,172,cpi_headline_yoy,385,consumer_confidence,Consumer Confidence,Growth,1,39,-0.372252,0.372252,False,weak,2026-04-24T07:51:03.322738+00:00
1368,CH,CHF,CPI,172,cpi_headline_yoy,385,consumer_confidence,Consumer Confidence,Growth,6,34,-0.344583,0.344583,False,weak,2026-04-24T07:51:03.322738+00:00
1369,CH,CHF,CPI,172,cpi_headline_yoy,385,consumer_confidence,Consumer Confidence,Growth,5,35,-0.332348,0.332348,False,weak,2026-04-24T07:51:03.322738+00:00
1370,CH,CHF,CPI,172,cpi_headline_yoy,385,consumer_confidence,Consumer Confidence,Growth,4,36,-0.329546,0.329546,False,weak,2026-04-24T07:51:03.322738+00:00
1371,CH,CHF,CPI,381,cpi_headline_mom,172,cpi_headline_yoy,Headline CPI (YoY),Inflation,0,54,0.401740,0.401740,True,weak,2026-04-24T07:51:03.322738+00:00
1372,CH,CHF,CPI,381,cpi_headline_mom,172,cpi_headline_yoy,Headline CPI (YoY),Inflation,6,51,0.329240,0.329240,False,weak,2026-04-24T07:51:03.322738+00:00
1373,CH,CHF,CPI,381,cpi_headline_mom,172,cpi_headline_yoy,Headline CPI (YoY),Inflation,4,51,0.265721,0.265721,False,weak,2026-04-24T07:51:03.322738+00:00
1374,CH,CHF,CPI,381,cpi_headline_mom,172,cpi_headline_yoy,Headline CPI (YoY),Inflation,1,53,0.223417,0.223417,False,very_weak,2026-04-24T07:51:03.322738+00:00
1375,CH,CHF,CPI,381,cpi_headline_mom,172,cpi_headline_yoy,Headline CPI (YoY),Inflation,5,51,0.202531,0.202531,False,very_weak,2026-04-24T07:51:03.322738+00:00
1376,CH,CHF,CPI,381,cpi_headline_mom,172,cpi_headline_yoy,Headline CPI (YoY),Inflation,3,52,0.118617,0.118617,False,very_weak,2026-04-24T07:51:03.322738+00:00
1377,CH,CHF,CPI,381,cpi_headline_mom,172,cpi_headline_yoy,Headline CPI (YoY),Inflation,2,51,0.118592,0.118592,False,very_weak,2026-04-24T07:51:03.322738+00:00
1378,CH,CHF,CPI,381,cpi_headline_mom,173,unemployment_rate,Unemployment Rate,Labor,2,54,0.197728,0.197728,True,very_weak,2026-04-24T07:51:03.322738+00:00
1379,CH,CHF,CPI,381,cpi_headline_mom,173,unemployment_rate,Unemployment Rate,Labor,1,55,-0.138404,0.138404,False,very_weak,2026-04-24T07:51:03.322738+00:00
1380,CH,CHF,CPI,381,cpi_headline_mom,173,unemployment_rate,Unemployment Rate,Labor,5,53,0.138125,0.138125,False,very_weak,2026-04-24T07:51:03.322738+00:00
1381,CH,CHF,CPI,381,cpi_headline_mom,173,unemployment_rate,Unemployment Rate,Labor,3,53,0.081261,0.081261,False,very_weak,2026-04-24T07:51:03.322738+00:00
1382,CH,CHF,CPI,381,cpi_headline_mom,173,unemployment_rate,Unemployment Rate,Labor,4,53,0.069346,0.069346,False,very_weak,2026-04-24T07:51:03.322738+00:00
1383,CH,CHF,CPI,381,cpi_headline_mom,173,unemployment_rate,Unemployment Rate,Labor,6,52,-0.061418,0.061418,False,very_weak,2026-04-24T07:51:03.322738+00:00
1384,CH,CHF,CPI,381,cpi_headline_mom,174,gdp_qoq,GDP (QoQ),Growth,5,14,-0.226108,0.226108,True,very_weak,2026-04-24T07:51:03.322738+00:00
1385,CH,CHF,CPI,381,cpi_headline_mom,174,gdp_qoq,GDP (QoQ),Growth,6,16,-0.141895,0.141895,False,very_weak,2026-04-24T07:51:03.322738+00:00
1386,CH,CHF,CPI,381,cpi_headline_mom,174,gdp_qoq,GDP (QoQ),Growth,4,15,0.067922,0.067922,False,very_weak,2026-04-24T07:51:03.322738+00:00
1387,CH,CHF,CPI,381,cpi_headline_mom,176,balance_of_trade,Balance of Trade,Growth,2,54,-0.342231,0.342231,True,weak,2026-04-24T07:51:03.322738+00:00
1388,CH,CHF,CPI,381,cpi_headline_mom,176,balance_of_trade,Balance of Trade,Growth,3,53,-0.309616,0.309616,False,weak,2026-04-24T07:51:03.322738+00:00
1389,CH,CHF,CPI,381,cpi_headline_mom,176,balance_of_trade,Balance of Trade,Growth,6,52,-0.253351,0.253351,False,weak,2026-04-24T07:51:03.322738+00:00
1390,CH,CHF,CPI,381,cpi_headline_mom,176,balance_of_trade,Balance of Trade,Growth,5,53,-0.200133,0.200133,False,very_weak,2026-04-24T07:51:03.322738+00:00
1391,CH,CHF,CPI,381,cpi_headline_mom,176,balance_of_trade,Balance of Trade,Growth,4,53,-0.165285,0.165285,False,very_weak,2026-04-24T07:51:03.322738+00:00
1392,CH,CHF,CPI,381,cpi_headline_mom,176,balance_of_trade,Balance of Trade,Growth,1,55,-0.093080,0.093080,False,very_weak,2026-04-24T07:51:03.322738+00:00
1393,CH,CHF,CPI,381,cpi_headline_mom,215,retail_sales_yoy,Retail Sales (YoY),Growth,1,50,0.207164,0.207164,True,very_weak,2026-04-24T07:51:03.322738+00:00
1394,CH,CHF,CPI,381,cpi_headline_mom,215,retail_sales_yoy,Retail Sales (YoY),Growth,4,52,0.156072,0.156072,False,very_weak,2026-04-24T07:51:03.322738+00:00
1395,CH,CHF,CPI,381,cpi_headline_mom,215,retail_sales_yoy,Retail Sales (YoY),Growth,6,51,0.099459,0.099459,False,very_weak,2026-04-24T07:51:03.322738+00:00
1396,CH,CHF,CPI,381,cpi_headline_mom,215,retail_sales_yoy,Retail Sales (YoY),Growth,2,54,-0.092510,0.092510,False,very_weak,2026-04-24T07:51:03.322738+00:00
1397,CH,CHF,CPI,381,cpi_headline_mom,215,retail_sales_yoy,Retail Sales (YoY),Growth,5,52,-0.041375,0.041375,False,very_weak,2026-04-24T07:51:03.322738+00:00
1398,CH,CHF,CPI,381,cpi_headline_mom,215,retail_sales_yoy,Retail Sales (YoY),Growth,3,52,0.023266,0.023266,False,very_weak,2026-04-24T07:51:03.322738+00:00
1399,CH,CHF,CPI,381,cpi_headline_mom,216,economic_sentiment_index,Economic Sentiment Index,Growth,6,51,-0.337637,0.337637,True,weak,2026-04-24T07:51:03.322738+00:00
1400,CH,CHF,CPI,381,cpi_headline_mom,216,economic_sentiment_index,Economic Sentiment Index,Growth,1,53,0.278124,0.278124,False,weak,2026-04-24T07:51:03.322738+00:00
1401,CH,CHF,CPI,381,cpi_headline_mom,216,economic_sentiment_index,Economic Sentiment Index,Growth,4,52,0.162954,0.162954,False,very_weak,2026-04-24T07:51:03.322738+00:00
1402,CH,CHF,CPI,381,cpi_headline_mom,216,economic_sentiment_index,Economic Sentiment Index,Growth,3,52,0.133734,0.133734,False,very_weak,2026-04-24T07:51:03.322738+00:00
1403,CH,CHF,CPI,381,cpi_headline_mom,216,economic_sentiment_index,Economic Sentiment Index,Growth,2,52,0.085386,0.085386,False,very_weak,2026-04-24T07:51:03.322738+00:00
1404,CH,CHF,CPI,381,cpi_headline_mom,216,economic_sentiment_index,Economic Sentiment Index,Growth,5,51,-0.084989,0.084989,False,very_weak,2026-04-24T07:51:03.322738+00:00
1405,CH,CHF,CPI,381,cpi_headline_mom,216,economic_sentiment_index,Economic Sentiment Index,Growth,0,54,0.023965,0.023965,False,very_weak,2026-04-24T07:51:03.322738+00:00
1406,CH,CHF,CPI,381,cpi_headline_mom,382,producer_import_prices_mom,Producer & Import Prices (MoM),Inflation,6,47,-0.317334,0.317334,True,weak,2026-04-24T07:51:03.322738+00:00
1407,CH,CHF,CPI,381,cpi_headline_mom,382,producer_import_prices_mom,Producer & Import Prices (MoM),Inflation,5,45,-0.302201,0.302201,False,weak,2026-04-24T07:51:03.322738+00:00
1408,CH,CHF,CPI,381,cpi_headline_mom,382,producer_import_prices_mom,Producer & Import Prices (MoM),Inflation,1,49,0.256346,0.256346,False,weak,2026-04-24T07:51:03.322738+00:00
1409,CH,CHF,CPI,381,cpi_headline_mom,382,producer_import_prices_mom,Producer & Import Prices (MoM),Inflation,3,47,-0.107809,0.107809,False,very_weak,2026-04-24T07:51:03.322738+00:00
1410,CH,CHF,CPI,381,cpi_headline_mom,382,producer_import_prices_mom,Producer & Import Prices (MoM),Inflation,2,47,0.083253,0.083253,False,very_weak,2026-04-24T07:51:03.322738+00:00
1411,CH,CHF,CPI,381,cpi_headline_mom,382,producer_import_prices_mom,Producer & Import Prices (MoM),Inflation,4,47,0.046461,0.046461,False,very_weak,2026-04-24T07:51:03.322738+00:00
1412,CH,CHF,CPI,381,cpi_headline_mom,383,producer_import_prices_yoy,Producer & Import Prices (YoY),Inflation,2,54,0.138144,0.138144,True,very_weak,2026-04-24T07:51:03.322738+00:00
1413,CH,CHF,CPI,381,cpi_headline_mom,383,producer_import_prices_yoy,Producer & Import Prices (YoY),Inflation,6,52,0.137452,0.137452,False,very_weak,2026-04-24T07:51:03.322738+00:00
1414,CH,CHF,CPI,381,cpi_headline_mom,383,producer_import_prices_yoy,Producer & Import Prices (YoY),Inflation,4,53,0.050651,0.050651,False,very_weak,2026-04-24T07:51:03.322738+00:00
1415,CH,CHF,CPI,381,cpi_headline_mom,383,producer_import_prices_yoy,Producer & Import Prices (YoY),Inflation,3,53,0.050032,0.050032,False,very_weak,2026-04-24T07:51:03.322738+00:00
1416,CH,CHF,CPI,381,cpi_headline_mom,383,producer_import_prices_yoy,Producer & Import Prices (YoY),Inflation,5,53,0.041883,0.041883,False,very_weak,2026-04-24T07:51:03.322738+00:00
1417,CH,CHF,CPI,381,cpi_headline_mom,383,producer_import_prices_yoy,Producer & Import Prices (YoY),Inflation,1,56,0.021447,0.021447,False,very_weak,2026-04-24T07:51:03.322738+00:00
1418,CH,CHF,CPI,381,cpi_headline_mom,384,retail_sales_mom,Retail Sales (MoM),Growth,1,52,0.190622,0.190622,True,very_weak,2026-04-24T07:51:03.322738+00:00
1419,CH,CHF,CPI,381,cpi_headline_mom,384,retail_sales_mom,Retail Sales (MoM),Growth,2,55,-0.134673,0.134673,False,very_weak,2026-04-24T07:51:03.322738+00:00
1420,CH,CHF,CPI,381,cpi_headline_mom,384,retail_sales_mom,Retail Sales (MoM),Growth,6,53,-0.039112,0.039112,False,very_weak,2026-04-24T07:51:03.322738+00:00
1421,CH,CHF,CPI,381,cpi_headline_mom,384,retail_sales_mom,Retail Sales (MoM),Growth,4,53,-0.030080,0.030080,False,very_weak,2026-04-24T07:51:03.322738+00:00
1422,CH,CHF,CPI,381,cpi_headline_mom,384,retail_sales_mom,Retail Sales (MoM),Growth,5,53,-0.027823,0.027823,False,very_weak,2026-04-24T07:51:03.322738+00:00
1423,CH,CHF,CPI,381,cpi_headline_mom,384,retail_sales_mom,Retail Sales (MoM),Growth,3,54,0.002761,0.002761,False,very_weak,2026-04-24T07:51:03.322738+00:00
1424,CH,CHF,CPI,381,cpi_headline_mom,385,consumer_confidence,Consumer Confidence,Growth,4,29,-0.328854,0.328854,True,weak,2026-04-24T07:51:03.322738+00:00
1425,CH,CHF,CPI,381,cpi_headline_mom,385,consumer_confidence,Consumer Confidence,Growth,0,10,-0.321420,0.321420,False,weak,2026-04-24T07:51:03.322738+00:00
1426,CH,CHF,CPI,381,cpi_headline_mom,385,consumer_confidence,Consumer Confidence,Growth,5,27,0.255721,0.255721,False,weak,2026-04-24T07:51:03.322738+00:00
1427,CH,CHF,CPI,381,cpi_headline_mom,385,consumer_confidence,Consumer Confidence,Growth,3,30,-0.224933,0.224933,False,very_weak,2026-04-24T07:51:03.322738+00:00
1428,CH,CHF,CPI,381,cpi_headline_mom,385,consumer_confidence,Consumer Confidence,Growth,1,30,-0.103877,0.103877,False,very_weak,2026-04-24T07:51:03.322738+00:00
1429,CH,CHF,CPI,381,cpi_headline_mom,385,consumer_confidence,Consumer Confidence,Growth,2,29,0.085412,0.085412,False,very_weak,2026-04-24T07:51:03.322738+00:00
1430,CH,CHF,CPI,381,cpi_headline_mom,385,consumer_confidence,Consumer Confidence,Growth,6,28,-0.042418,0.042418,False,very_weak,2026-04-24T07:51:03.322738+00:00
1431,CH,CHF,GDP,174,gdp_qoq,176,balance_of_trade,Balance of Trade,Growth,4,20,0.357606,0.357606,True,weak,2026-04-24T07:51:03.322738+00:00
1432,CH,CHF,GDP,174,gdp_qoq,176,balance_of_trade,Balance of Trade,Growth,0,21,-0.224707,0.224707,False,very_weak,2026-04-24T07:51:03.322738+00:00
1433,CH,CHF,GDP,174,gdp_qoq,176,balance_of_trade,Balance of Trade,Growth,3,20,0.206395,0.206395,False,very_weak,2026-04-24T07:51:03.322738+00:00
1434,CH,CHF,GDP,174,gdp_qoq,176,balance_of_trade,Balance of Trade,Growth,1,21,-0.200185,0.200185,False,very_weak,2026-04-24T07:51:03.322738+00:00
1435,CH,CHF,GDP,174,gdp_qoq,176,balance_of_trade,Balance of Trade,Growth,5,20,-0.124315,0.124315,False,very_weak,2026-04-24T07:51:03.322738+00:00
1436,CH,CHF,GDP,174,gdp_qoq,176,balance_of_trade,Balance of Trade,Growth,2,21,0.101317,0.101317,False,very_weak,2026-04-24T07:51:03.322738+00:00
1437,CH,CHF,GDP,174,gdp_qoq,176,balance_of_trade,Balance of Trade,Growth,6,19,0.096826,0.096826,False,very_weak,2026-04-24T07:51:03.322738+00:00
1438,CH,CHF,GDP,174,gdp_qoq,215,retail_sales_yoy,Retail Sales (YoY),Growth,4,20,-0.871825,0.871825,True,strong,2026-04-24T07:51:03.322738+00:00
1439,CH,CHF,GDP,174,gdp_qoq,215,retail_sales_yoy,Retail Sales (YoY),Growth,1,21,0.757168,0.757168,False,strong,2026-04-24T07:51:03.322738+00:00
1440,CH,CHF,GDP,174,gdp_qoq,215,retail_sales_yoy,Retail Sales (YoY),Growth,0,21,0.647008,0.647008,False,moderate,2026-04-24T07:51:03.322738+00:00
1441,CH,CHF,GDP,174,gdp_qoq,215,retail_sales_yoy,Retail Sales (YoY),Growth,3,20,-0.584023,0.584023,False,moderate,2026-04-24T07:51:03.322738+00:00
1442,CH,CHF,GDP,174,gdp_qoq,215,retail_sales_yoy,Retail Sales (YoY),Growth,2,20,-0.179522,0.179522,False,very_weak,2026-04-24T07:51:03.322738+00:00
1443,CH,CHF,GDP,174,gdp_qoq,215,retail_sales_yoy,Retail Sales (YoY),Growth,6,19,-0.119460,0.119460,False,very_weak,2026-04-24T07:51:03.322738+00:00
1444,CH,CHF,GDP,174,gdp_qoq,215,retail_sales_yoy,Retail Sales (YoY),Growth,5,19,0.088015,0.088015,False,very_weak,2026-04-24T07:51:03.322738+00:00
1445,CH,CHF,GDP,174,gdp_qoq,216,economic_sentiment_index,Economic Sentiment Index,Growth,4,19,-0.933176,0.933176,True,strong,2026-04-24T07:51:03.322738+00:00
1446,CH,CHF,GDP,174,gdp_qoq,216,economic_sentiment_index,Economic Sentiment Index,Growth,1,20,0.785561,0.785561,False,strong,2026-04-24T07:51:03.322738+00:00
1447,CH,CHF,GDP,174,gdp_qoq,216,economic_sentiment_index,Economic Sentiment Index,Growth,6,19,-0.488638,0.488638,False,moderate,2026-04-24T07:51:03.322738+00:00
1448,CH,CHF,GDP,174,gdp_qoq,216,economic_sentiment_index,Economic Sentiment Index,Growth,2,20,0.253366,0.253366,False,weak,2026-04-24T07:51:03.322738+00:00
1449,CH,CHF,GDP,174,gdp_qoq,216,economic_sentiment_index,Economic Sentiment Index,Growth,3,20,0.244535,0.244535,False,very_weak,2026-04-24T07:51:03.322738+00:00
1450,CH,CHF,GDP,174,gdp_qoq,216,economic_sentiment_index,Economic Sentiment Index,Growth,5,19,-0.027497,0.027497,False,very_weak,2026-04-24T07:51:03.322738+00:00
1451,CH,CHF,GDP,174,gdp_qoq,216,economic_sentiment_index,Economic Sentiment Index,Growth,0,21,0.001143,0.001143,False,very_weak,2026-04-24T07:51:03.322738+00:00
1452,CH,CHF,GDP,174,gdp_qoq,384,retail_sales_mom,Retail Sales (MoM),Growth,4,20,-0.773093,0.773093,True,strong,2026-04-24T07:51:03.322738+00:00
1453,CH,CHF,GDP,174,gdp_qoq,384,retail_sales_mom,Retail Sales (MoM),Growth,1,21,0.672187,0.672187,False,moderate,2026-04-24T07:51:03.322738+00:00
1454,CH,CHF,GDP,174,gdp_qoq,384,retail_sales_mom,Retail Sales (MoM),Growth,0,22,0.485582,0.485582,False,moderate,2026-04-24T07:51:03.322738+00:00
1455,CH,CHF,GDP,174,gdp_qoq,384,retail_sales_mom,Retail Sales (MoM),Growth,5,20,0.342465,0.342465,False,weak,2026-04-24T07:51:03.322738+00:00
1456,CH,CHF,GDP,174,gdp_qoq,384,retail_sales_mom,Retail Sales (MoM),Growth,3,21,-0.215784,0.215784,False,very_weak,2026-04-24T07:51:03.322738+00:00
1457,CH,CHF,GDP,174,gdp_qoq,384,retail_sales_mom,Retail Sales (MoM),Growth,6,20,-0.156165,0.156165,False,very_weak,2026-04-24T07:51:03.322738+00:00
1458,CH,CHF,GDP,174,gdp_qoq,384,retail_sales_mom,Retail Sales (MoM),Growth,2,21,0.138272,0.138272,False,very_weak,2026-04-24T07:51:03.322738+00:00
1459,CH,CHF,GDP,174,gdp_qoq,385,consumer_confidence,Consumer Confidence,Growth,0,21,0.226990,0.226990,True,very_weak,2026-04-24T07:51:03.322738+00:00
1460,CH,CHF,GDP,174,gdp_qoq,385,consumer_confidence,Consumer Confidence,Growth,3,20,-0.078585,0.078585,False,very_weak,2026-04-24T07:51:03.322738+00:00
1461,CH,CHF,GDP,174,gdp_qoq,385,consumer_confidence,Consumer Confidence,Growth,6,19,0.032570,0.032570,False,very_weak,2026-04-24T07:51:03.322738+00:00
1462,CH,CHF,UNEMPLOYMENT,173,unemployment_rate,174,gdp_qoq,GDP (QoQ),Growth,4,21,-0.151026,0.151026,True,very_weak,2026-04-24T07:51:03.322738+00:00
1463,CH,CHF,UNEMPLOYMENT,173,unemployment_rate,174,gdp_qoq,GDP (QoQ),Growth,6,20,-0.145582,0.145582,False,very_weak,2026-04-24T07:51:03.322738+00:00
1464,CH,CHF,UNEMPLOYMENT,173,unemployment_rate,174,gdp_qoq,GDP (QoQ),Growth,5,21,-0.140548,0.140548,False,very_weak,2026-04-24T07:51:03.322738+00:00
1465,CH,CHF,UNEMPLOYMENT,173,unemployment_rate,176,balance_of_trade,Balance of Trade,Growth,6,68,0.183587,0.183587,True,very_weak,2026-04-24T07:51:03.322738+00:00
1466,CH,CHF,UNEMPLOYMENT,173,unemployment_rate,176,balance_of_trade,Balance of Trade,Growth,5,69,0.156861,0.156861,False,very_weak,2026-04-24T07:51:03.322738+00:00
1467,CH,CHF,UNEMPLOYMENT,173,unemployment_rate,176,balance_of_trade,Balance of Trade,Growth,4,70,0.145561,0.145561,False,very_weak,2026-04-24T07:51:03.322738+00:00
1468,CH,CHF,UNEMPLOYMENT,173,unemployment_rate,176,balance_of_trade,Balance of Trade,Growth,1,73,0.118734,0.118734,False,very_weak,2026-04-24T07:51:03.322738+00:00
1469,CH,CHF,UNEMPLOYMENT,173,unemployment_rate,176,balance_of_trade,Balance of Trade,Growth,3,71,0.101564,0.101564,False,very_weak,2026-04-24T07:51:03.322738+00:00
1470,CH,CHF,UNEMPLOYMENT,173,unemployment_rate,176,balance_of_trade,Balance of Trade,Growth,2,72,0.086811,0.086811,False,very_weak,2026-04-24T07:51:03.322738+00:00
1471,CH,CHF,UNEMPLOYMENT,173,unemployment_rate,215,retail_sales_yoy,Retail Sales (YoY),Growth,1,70,-0.172559,0.172559,True,very_weak,2026-04-24T07:51:03.322738+00:00
1472,CH,CHF,UNEMPLOYMENT,173,unemployment_rate,215,retail_sales_yoy,Retail Sales (YoY),Growth,2,71,-0.170817,0.170817,False,very_weak,2026-04-24T07:51:03.322738+00:00
1473,CH,CHF,UNEMPLOYMENT,173,unemployment_rate,215,retail_sales_yoy,Retail Sales (YoY),Growth,5,68,-0.157459,0.157459,False,very_weak,2026-04-24T07:51:03.322738+00:00
1474,CH,CHF,UNEMPLOYMENT,173,unemployment_rate,215,retail_sales_yoy,Retail Sales (YoY),Growth,6,67,-0.142880,0.142880,False,very_weak,2026-04-24T07:51:03.322738+00:00
1475,CH,CHF,UNEMPLOYMENT,173,unemployment_rate,215,retail_sales_yoy,Retail Sales (YoY),Growth,4,69,-0.137847,0.137847,False,very_weak,2026-04-24T07:51:03.322738+00:00
1476,CH,CHF,UNEMPLOYMENT,173,unemployment_rate,215,retail_sales_yoy,Retail Sales (YoY),Growth,3,70,-0.132495,0.132495,False,very_weak,2026-04-24T07:51:03.322738+00:00
1477,CH,CHF,UNEMPLOYMENT,173,unemployment_rate,216,economic_sentiment_index,Economic Sentiment Index,Growth,5,67,-0.193869,0.193869,True,very_weak,2026-04-24T07:51:03.322738+00:00
1478,CH,CHF,UNEMPLOYMENT,173,unemployment_rate,216,economic_sentiment_index,Economic Sentiment Index,Growth,2,70,-0.185908,0.185908,False,very_weak,2026-04-24T07:51:03.322738+00:00
1479,CH,CHF,UNEMPLOYMENT,173,unemployment_rate,216,economic_sentiment_index,Economic Sentiment Index,Growth,6,66,-0.168502,0.168502,False,very_weak,2026-04-24T07:51:03.322738+00:00
1480,CH,CHF,UNEMPLOYMENT,173,unemployment_rate,216,economic_sentiment_index,Economic Sentiment Index,Growth,4,68,-0.160191,0.160191,False,very_weak,2026-04-24T07:51:03.322738+00:00
1481,CH,CHF,UNEMPLOYMENT,173,unemployment_rate,216,economic_sentiment_index,Economic Sentiment Index,Growth,1,71,-0.153593,0.153593,False,very_weak,2026-04-24T07:51:03.322738+00:00
1482,CH,CHF,UNEMPLOYMENT,173,unemployment_rate,216,economic_sentiment_index,Economic Sentiment Index,Growth,3,69,-0.149995,0.149995,False,very_weak,2026-04-24T07:51:03.322738+00:00
1483,CH,CHF,UNEMPLOYMENT,173,unemployment_rate,216,economic_sentiment_index,Economic Sentiment Index,Growth,0,72,-0.058370,0.058370,False,very_weak,2026-04-24T07:51:03.322738+00:00
1484,CH,CHF,UNEMPLOYMENT,173,unemployment_rate,384,retail_sales_mom,Retail Sales (MoM),Growth,4,71,-0.087912,0.087912,True,very_weak,2026-04-24T07:51:03.322738+00:00
1485,CH,CHF,UNEMPLOYMENT,173,unemployment_rate,384,retail_sales_mom,Retail Sales (MoM),Growth,1,72,-0.083659,0.083659,False,very_weak,2026-04-24T07:51:03.322738+00:00
1486,CH,CHF,UNEMPLOYMENT,173,unemployment_rate,384,retail_sales_mom,Retail Sales (MoM),Growth,5,70,-0.080611,0.080611,False,very_weak,2026-04-24T07:51:03.322738+00:00
1487,CH,CHF,UNEMPLOYMENT,173,unemployment_rate,384,retail_sales_mom,Retail Sales (MoM),Growth,3,72,-0.072765,0.072765,False,very_weak,2026-04-24T07:51:03.322738+00:00
1488,CH,CHF,UNEMPLOYMENT,173,unemployment_rate,384,retail_sales_mom,Retail Sales (MoM),Growth,2,73,-0.072707,0.072707,False,very_weak,2026-04-24T07:51:03.322738+00:00
1489,CH,CHF,UNEMPLOYMENT,173,unemployment_rate,384,retail_sales_mom,Retail Sales (MoM),Growth,6,69,-0.058417,0.058417,False,very_weak,2026-04-24T07:51:03.322738+00:00
1490,CH,CHF,UNEMPLOYMENT,173,unemployment_rate,385,consumer_confidence,Consumer Confidence,Growth,0,16,0.510323,0.510323,True,moderate,2026-04-24T07:51:03.322738+00:00
1491,CH,CHF,UNEMPLOYMENT,173,unemployment_rate,385,consumer_confidence,Consumer Confidence,Growth,1,41,0.355741,0.355741,False,weak,2026-04-24T07:51:03.322738+00:00
1492,CH,CHF,UNEMPLOYMENT,173,unemployment_rate,385,consumer_confidence,Consumer Confidence,Growth,2,40,0.352733,0.352733,False,weak,2026-04-24T07:51:03.322738+00:00
1493,CH,CHF,UNEMPLOYMENT,173,unemployment_rate,385,consumer_confidence,Consumer Confidence,Growth,6,36,0.314494,0.314494,False,weak,2026-04-24T07:51:03.322738+00:00
1494,CH,CHF,UNEMPLOYMENT,173,unemployment_rate,385,consumer_confidence,Consumer Confidence,Growth,3,39,0.311084,0.311084,False,weak,2026-04-24T07:51:03.322738+00:00
1495,CH,CHF,UNEMPLOYMENT,173,unemployment_rate,385,consumer_confidence,Consumer Confidence,Growth,5,37,0.299502,0.299502,False,weak,2026-04-24T07:51:03.322738+00:00
1496,CH,CHF,UNEMPLOYMENT,173,unemployment_rate,385,consumer_confidence,Consumer Confidence,Growth,4,38,0.270693,0.270693,False,weak,2026-04-24T07:51:03.322738+00:00
1497,EU,EUR,CPI,88,cpi_headline_yoy,89,core_cpi_yoy,Core HICP (YoY),Inflation,5,247,0.503680,0.503680,True,moderate,2026-04-24T07:51:03.322738+00:00
1498,EU,EUR,CPI,88,cpi_headline_yoy,89,core_cpi_yoy,Core HICP (YoY),Inflation,6,248,0.493378,0.493378,False,moderate,2026-04-24T07:51:03.322738+00:00
1499,EU,EUR,CPI,88,cpi_headline_yoy,89,core_cpi_yoy,Core HICP (YoY),Inflation,1,258,0.446778,0.446778,False,weak,2026-04-24T07:51:03.322738+00:00
1500,EU,EUR,CPI,88,cpi_headline_yoy,89,core_cpi_yoy,Core HICP (YoY),Inflation,2,256,0.430587,0.430587,False,weak,2026-04-24T07:51:03.322738+00:00
1501,EU,EUR,CPI,88,cpi_headline_yoy,89,core_cpi_yoy,Core HICP (YoY),Inflation,4,249,0.430235,0.430235,False,weak,2026-04-24T07:51:03.322738+00:00
1502,EU,EUR,CPI,88,cpi_headline_yoy,89,core_cpi_yoy,Core HICP (YoY),Inflation,3,253,0.430091,0.430091,False,weak,2026-04-24T07:51:03.322738+00:00
1503,EU,EUR,CPI,88,cpi_headline_yoy,89,core_cpi_yoy,Core HICP (YoY),Inflation,0,203,0.374018,0.374018,False,weak,2026-04-24T07:51:03.322738+00:00
1504,EU,EUR,CPI,88,cpi_headline_yoy,90,unemployment_rate,Unemployment Rate,Labor,5,130,-0.401232,0.401232,True,weak,2026-04-24T07:51:03.322738+00:00
1505,EU,EUR,CPI,88,cpi_headline_yoy,90,unemployment_rate,Unemployment Rate,Labor,4,132,-0.381759,0.381759,False,weak,2026-04-24T07:51:03.322738+00:00
1506,EU,EUR,CPI,88,cpi_headline_yoy,90,unemployment_rate,Unemployment Rate,Labor,6,129,-0.376021,0.376021,False,weak,2026-04-24T07:51:03.322738+00:00
1507,EU,EUR,CPI,88,cpi_headline_yoy,90,unemployment_rate,Unemployment Rate,Labor,3,134,-0.347612,0.347612,False,weak,2026-04-24T07:51:03.322738+00:00
1508,EU,EUR,CPI,88,cpi_headline_yoy,90,unemployment_rate,Unemployment Rate,Labor,2,136,-0.320478,0.320478,False,weak,2026-04-24T07:51:03.322738+00:00
1509,EU,EUR,CPI,88,cpi_headline_yoy,90,unemployment_rate,Unemployment Rate,Labor,1,105,-0.252608,0.252608,False,weak,2026-04-24T07:51:03.322738+00:00
1510,EU,EUR,CPI,88,cpi_headline_yoy,91,gdp_qoq,GDP (QoQ),Growth,3,55,-0.193102,0.193102,True,very_weak,2026-04-24T07:51:03.322738+00:00
1511,EU,EUR,CPI,88,cpi_headline_yoy,91,gdp_qoq,GDP (QoQ),Growth,5,97,-0.167251,0.167251,False,very_weak,2026-04-24T07:51:03.322738+00:00
1512,EU,EUR,CPI,88,cpi_headline_yoy,91,gdp_qoq,GDP (QoQ),Growth,4,89,-0.145697,0.145697,False,very_weak,2026-04-24T07:51:03.322738+00:00
1513,EU,EUR,CPI,88,cpi_headline_yoy,91,gdp_qoq,GDP (QoQ),Growth,6,109,-0.142288,0.142288,False,very_weak,2026-04-24T07:51:03.322738+00:00
1514,EU,EUR,CPI,88,cpi_headline_yoy,93,construction_output_mom,Construction Output (MoM),Growth,5,26,0.620410,0.620410,True,moderate,2026-04-24T07:51:03.322738+00:00
1515,EU,EUR,CPI,88,cpi_headline_yoy,93,construction_output_mom,Construction Output (MoM),Growth,3,30,-0.326104,0.326104,False,weak,2026-04-24T07:51:03.322738+00:00
1516,EU,EUR,CPI,88,cpi_headline_yoy,93,construction_output_mom,Construction Output (MoM),Growth,2,32,-0.264575,0.264575,False,weak,2026-04-24T07:51:03.322738+00:00
1517,EU,EUR,CPI,88,cpi_headline_yoy,93,construction_output_mom,Construction Output (MoM),Growth,6,24,0.100263,0.100263,False,very_weak,2026-04-24T07:51:03.322738+00:00
1518,EU,EUR,CPI,88,cpi_headline_yoy,93,construction_output_mom,Construction Output (MoM),Growth,4,28,-0.060973,0.060973,False,very_weak,2026-04-24T07:51:03.322738+00:00
1519,EU,EUR,CPI,88,cpi_headline_yoy,94,construction_output_yoy,Construction Output (YoY),Growth,1,30,-0.166368,0.166368,True,very_weak,2026-04-24T07:51:03.322738+00:00
1520,EU,EUR,CPI,88,cpi_headline_yoy,94,construction_output_yoy,Construction Output (YoY),Growth,2,134,-0.092374,0.092374,False,very_weak,2026-04-24T07:51:03.322738+00:00
1521,EU,EUR,CPI,88,cpi_headline_yoy,94,construction_output_yoy,Construction Output (YoY),Growth,4,130,-0.087107,0.087107,False,very_weak,2026-04-24T07:51:03.322738+00:00
1522,EU,EUR,CPI,88,cpi_headline_yoy,94,construction_output_yoy,Construction Output (YoY),Growth,3,132,-0.084685,0.084685,False,very_weak,2026-04-24T07:51:03.322738+00:00
1523,EU,EUR,CPI,88,cpi_headline_yoy,94,construction_output_yoy,Construction Output (YoY),Growth,5,128,-0.014327,0.014327,False,very_weak,2026-04-24T07:51:03.322738+00:00
1524,EU,EUR,CPI,88,cpi_headline_yoy,94,construction_output_yoy,Construction Output (YoY),Growth,6,127,0.010426,0.010426,False,very_weak,2026-04-24T07:51:03.322738+00:00
1525,EU,EUR,CPI,88,cpi_headline_yoy,95,zew_economic_sentiment,ZEW Economic Sentiment Index,Growth,6,125,-0.188577,0.188577,True,very_weak,2026-04-24T07:51:03.322738+00:00
1526,EU,EUR,CPI,88,cpi_headline_yoy,95,zew_economic_sentiment,ZEW Economic Sentiment Index,Growth,5,127,-0.170251,0.170251,False,very_weak,2026-04-24T07:51:03.322738+00:00
1527,EU,EUR,CPI,88,cpi_headline_yoy,95,zew_economic_sentiment,ZEW Economic Sentiment Index,Growth,3,130,-0.159256,0.159256,False,very_weak,2026-04-24T07:51:03.322738+00:00
1528,EU,EUR,CPI,88,cpi_headline_yoy,95,zew_economic_sentiment,ZEW Economic Sentiment Index,Growth,4,129,-0.150659,0.150659,False,very_weak,2026-04-24T07:51:03.322738+00:00
1529,EU,EUR,CPI,88,cpi_headline_yoy,95,zew_economic_sentiment,ZEW Economic Sentiment Index,Growth,2,132,-0.100227,0.100227,False,very_weak,2026-04-24T07:51:03.322738+00:00
1530,EU,EUR,CPI,88,cpi_headline_yoy,95,zew_economic_sentiment,ZEW Economic Sentiment Index,Growth,1,134,-0.083870,0.083870,False,very_weak,2026-04-24T07:51:03.322738+00:00
1531,EU,EUR,CPI,88,cpi_headline_yoy,95,zew_economic_sentiment,ZEW Economic Sentiment Index,Growth,0,136,-0.065440,0.065440,False,very_weak,2026-04-24T07:51:03.322738+00:00
1532,EU,EUR,CPI,88,cpi_headline_yoy,96,consumer_confidence,Consumer Confidence,Growth,4,223,-0.231478,0.231478,True,very_weak,2026-04-24T07:51:03.322738+00:00
1533,EU,EUR,CPI,88,cpi_headline_yoy,96,consumer_confidence,Consumer Confidence,Growth,6,215,-0.219137,0.219137,False,very_weak,2026-04-24T07:51:03.322738+00:00
1534,EU,EUR,CPI,88,cpi_headline_yoy,96,consumer_confidence,Consumer Confidence,Growth,3,219,-0.211756,0.211756,False,very_weak,2026-04-24T07:51:03.322738+00:00
1535,EU,EUR,CPI,88,cpi_headline_yoy,96,consumer_confidence,Consumer Confidence,Growth,5,218,-0.209884,0.209884,False,very_weak,2026-04-24T07:51:03.322738+00:00
1536,EU,EUR,CPI,88,cpi_headline_yoy,96,consumer_confidence,Consumer Confidence,Growth,2,221,-0.199323,0.199323,False,very_weak,2026-04-24T07:51:03.322738+00:00
1537,EU,EUR,CPI,88,cpi_headline_yoy,96,consumer_confidence,Consumer Confidence,Growth,1,224,-0.149882,0.149882,False,very_weak,2026-04-24T07:51:03.322738+00:00
1538,EU,EUR,CPI,88,cpi_headline_yoy,96,consumer_confidence,Consumer Confidence,Growth,0,225,-0.103377,0.103377,False,very_weak,2026-04-24T07:51:03.322738+00:00
1539,EU,EUR,CPI,88,cpi_headline_yoy,97,manufacturing_pmi,Manufacturing PMI,Growth,4,207,-0.409074,0.409074,True,weak,2026-04-24T07:51:03.322738+00:00
1540,EU,EUR,CPI,88,cpi_headline_yoy,97,manufacturing_pmi,Manufacturing PMI,Growth,3,210,-0.404916,0.404916,False,weak,2026-04-24T07:51:03.322738+00:00
1541,EU,EUR,CPI,88,cpi_headline_yoy,97,manufacturing_pmi,Manufacturing PMI,Growth,2,215,-0.394317,0.394317,False,weak,2026-04-24T07:51:03.322738+00:00
1542,EU,EUR,CPI,88,cpi_headline_yoy,97,manufacturing_pmi,Manufacturing PMI,Growth,5,205,-0.386442,0.386442,False,weak,2026-04-24T07:51:03.322738+00:00
1543,EU,EUR,CPI,88,cpi_headline_yoy,97,manufacturing_pmi,Manufacturing PMI,Growth,1,217,-0.369521,0.369521,False,weak,2026-04-24T07:51:03.322738+00:00
1544,EU,EUR,CPI,88,cpi_headline_yoy,97,manufacturing_pmi,Manufacturing PMI,Growth,6,205,-0.366744,0.366744,False,weak,2026-04-24T07:51:03.322738+00:00
1545,EU,EUR,CPI,88,cpi_headline_yoy,97,manufacturing_pmi,Manufacturing PMI,Growth,0,194,-0.338770,0.338770,False,weak,2026-04-24T07:51:03.322738+00:00
1546,EU,EUR,CPI,88,cpi_headline_yoy,98,services_pmi,Services PMI,Growth,4,40,-0.442574,0.442574,True,weak,2026-04-24T07:51:03.322738+00:00
1547,EU,EUR,CPI,88,cpi_headline_yoy,98,services_pmi,Services PMI,Growth,5,40,-0.417962,0.417962,False,weak,2026-04-24T07:51:03.322738+00:00
1548,EU,EUR,CPI,88,cpi_headline_yoy,98,services_pmi,Services PMI,Growth,6,42,-0.391015,0.391015,False,weak,2026-04-24T07:51:03.322738+00:00
1549,EU,EUR,CPI,88,cpi_headline_yoy,98,services_pmi,Services PMI,Growth,3,41,-0.385297,0.385297,False,weak,2026-04-24T07:51:03.322738+00:00
1550,EU,EUR,CPI,88,cpi_headline_yoy,98,services_pmi,Services PMI,Growth,2,44,-0.248254,0.248254,False,very_weak,2026-04-24T07:51:03.322738+00:00
1551,EU,EUR,CPI,88,cpi_headline_yoy,98,services_pmi,Services PMI,Growth,1,45,-0.126440,0.126440,False,very_weak,2026-04-24T07:51:03.322738+00:00
1552,EU,EUR,CPI,88,cpi_headline_yoy,98,services_pmi,Services PMI,Growth,0,36,-0.022222,0.022222,False,very_weak,2026-04-24T07:51:03.322738+00:00
1553,EU,EUR,CPI,88,cpi_headline_yoy,99,composite_pmi,Composite PMI,Growth,4,40,-0.460976,0.460976,True,moderate,2026-04-24T07:51:03.322738+00:00
1554,EU,EUR,CPI,88,cpi_headline_yoy,99,composite_pmi,Composite PMI,Growth,5,40,-0.407890,0.407890,False,weak,2026-04-24T07:51:03.322738+00:00
1555,EU,EUR,CPI,88,cpi_headline_yoy,99,composite_pmi,Composite PMI,Growth,6,42,-0.375181,0.375181,False,weak,2026-04-24T07:51:03.322738+00:00
1556,EU,EUR,CPI,88,cpi_headline_yoy,99,composite_pmi,Composite PMI,Growth,3,41,-0.354542,0.354542,False,weak,2026-04-24T07:51:03.322738+00:00
1557,EU,EUR,CPI,88,cpi_headline_yoy,99,composite_pmi,Composite PMI,Growth,2,44,-0.231903,0.231903,False,very_weak,2026-04-24T07:51:03.322738+00:00
1558,EU,EUR,CPI,88,cpi_headline_yoy,99,composite_pmi,Composite PMI,Growth,1,45,-0.137435,0.137435,False,very_weak,2026-04-24T07:51:03.322738+00:00
1559,EU,EUR,CPI,88,cpi_headline_yoy,99,composite_pmi,Composite PMI,Growth,0,36,-0.080319,0.080319,False,very_weak,2026-04-24T07:51:03.322738+00:00
1560,EU,EUR,CPI,88,cpi_headline_yoy,187,cpi_headline_mom,Headline HICP (MoM),Inflation,5,236,0.106973,0.106973,True,very_weak,2026-04-24T07:51:03.322738+00:00
1561,EU,EUR,CPI,88,cpi_headline_yoy,187,cpi_headline_mom,Headline HICP (MoM),Inflation,6,238,0.105822,0.105822,False,very_weak,2026-04-24T07:51:03.322738+00:00
1562,EU,EUR,CPI,88,cpi_headline_yoy,187,cpi_headline_mom,Headline HICP (MoM),Inflation,4,239,0.066422,0.066422,False,very_weak,2026-04-24T07:51:03.322738+00:00
1563,EU,EUR,CPI,88,cpi_headline_yoy,187,cpi_headline_mom,Headline HICP (MoM),Inflation,3,241,0.060625,0.060625,False,very_weak,2026-04-24T07:51:03.322738+00:00
1564,EU,EUR,CPI,88,cpi_headline_yoy,187,cpi_headline_mom,Headline HICP (MoM),Inflation,1,248,0.054165,0.054165,False,very_weak,2026-04-24T07:51:03.322738+00:00
1565,EU,EUR,CPI,88,cpi_headline_yoy,187,cpi_headline_mom,Headline HICP (MoM),Inflation,0,192,0.047555,0.047555,False,very_weak,2026-04-24T07:51:03.322738+00:00
1566,EU,EUR,CPI,88,cpi_headline_yoy,187,cpi_headline_mom,Headline HICP (MoM),Inflation,2,244,0.041483,0.041483,False,very_weak,2026-04-24T07:51:03.322738+00:00
1567,EU,EUR,CPI,88,cpi_headline_yoy,188,cpi_index,Consumer Price Index,Inflation,6,157,0.266373,0.266373,True,weak,2026-04-24T07:51:03.322738+00:00
1568,EU,EUR,CPI,88,cpi_headline_yoy,188,cpi_index,Consumer Price Index,Inflation,5,160,0.224030,0.224030,False,very_weak,2026-04-24T07:51:03.322738+00:00
1569,EU,EUR,CPI,88,cpi_headline_yoy,188,cpi_index,Consumer Price Index,Inflation,4,163,0.200839,0.200839,False,very_weak,2026-04-24T07:51:03.322738+00:00
1570,EU,EUR,CPI,88,cpi_headline_yoy,188,cpi_index,Consumer Price Index,Inflation,3,166,0.173802,0.173802,False,very_weak,2026-04-24T07:51:03.322738+00:00
1571,EU,EUR,CPI,88,cpi_headline_yoy,188,cpi_index,Consumer Price Index,Inflation,0,136,0.145826,0.145826,False,very_weak,2026-04-24T07:51:03.322738+00:00
1572,EU,EUR,CPI,88,cpi_headline_yoy,188,cpi_index,Consumer Price Index,Inflation,1,172,0.124914,0.124914,False,very_weak,2026-04-24T07:51:03.322738+00:00
1573,EU,EUR,CPI,88,cpi_headline_yoy,188,cpi_index,Consumer Price Index,Inflation,2,170,0.123373,0.123373,False,very_weak,2026-04-24T07:51:03.322738+00:00
1574,EU,EUR,CPI,88,cpi_headline_yoy,189,economic_sentiment,Economic Sentiment,Growth,3,166,-0.059590,0.059590,True,very_weak,2026-04-24T07:51:03.322738+00:00
1575,EU,EUR,CPI,88,cpi_headline_yoy,189,economic_sentiment,Economic Sentiment,Growth,2,169,-0.056532,0.056532,False,very_weak,2026-04-24T07:51:03.322738+00:00
1576,EU,EUR,CPI,88,cpi_headline_yoy,189,economic_sentiment,Economic Sentiment,Growth,0,171,-0.048220,0.048220,False,very_weak,2026-04-24T07:51:03.322738+00:00
1577,EU,EUR,CPI,88,cpi_headline_yoy,189,economic_sentiment,Economic Sentiment,Growth,1,172,-0.044046,0.044046,False,very_weak,2026-04-24T07:51:03.322738+00:00
1578,EU,EUR,CPI,88,cpi_headline_yoy,189,economic_sentiment,Economic Sentiment,Growth,4,162,-0.031650,0.031650,False,very_weak,2026-04-24T07:51:03.322738+00:00
1579,EU,EUR,CPI,88,cpi_headline_yoy,189,economic_sentiment,Economic Sentiment,Growth,5,159,-0.023779,0.023779,False,very_weak,2026-04-24T07:51:03.322738+00:00
1580,EU,EUR,CPI,88,cpi_headline_yoy,189,economic_sentiment,Economic Sentiment,Growth,6,155,-0.000240,0.000240,False,very_weak,2026-04-24T07:51:03.322738+00:00
1581,EU,EUR,CPI,88,cpi_headline_yoy,190,consumer_inflation_expectation,Consumer Inflation Expectation,Inflation,0,131,-0.240525,0.240525,True,very_weak,2026-04-24T07:51:03.322738+00:00
1582,EU,EUR,CPI,88,cpi_headline_yoy,190,consumer_inflation_expectation,Consumer Inflation Expectation,Inflation,6,173,0.121118,0.121118,False,very_weak,2026-04-24T07:51:03.322738+00:00
1583,EU,EUR,CPI,88,cpi_headline_yoy,190,consumer_inflation_expectation,Consumer Inflation Expectation,Inflation,1,182,-0.105337,0.105337,False,very_weak,2026-04-24T07:51:03.322738+00:00
1584,EU,EUR,CPI,88,cpi_headline_yoy,190,consumer_inflation_expectation,Consumer Inflation Expectation,Inflation,5,177,0.070566,0.070566,False,very_weak,2026-04-24T07:51:03.322738+00:00
1585,EU,EUR,CPI,88,cpi_headline_yoy,190,consumer_inflation_expectation,Consumer Inflation Expectation,Inflation,2,185,-0.052823,0.052823,False,very_weak,2026-04-24T07:51:03.322738+00:00
1586,EU,EUR,CPI,88,cpi_headline_yoy,190,consumer_inflation_expectation,Consumer Inflation Expectation,Inflation,4,180,0.043942,0.043942,False,very_weak,2026-04-24T07:51:03.322738+00:00
1587,EU,EUR,CPI,88,cpi_headline_yoy,190,consumer_inflation_expectation,Consumer Inflation Expectation,Inflation,3,183,-0.003340,0.003340,False,very_weak,2026-04-24T07:51:03.322738+00:00
1588,EU,EUR,CPI,187,cpi_headline_mom,88,cpi_headline_yoy,Headline HICP (YoY),Inflation,1,248,0.327213,0.327213,True,weak,2026-04-24T07:51:03.322738+00:00
1589,EU,EUR,CPI,187,cpi_headline_mom,88,cpi_headline_yoy,Headline HICP (YoY),Inflation,0,192,0.285369,0.285369,False,weak,2026-04-24T07:51:03.322738+00:00
1590,EU,EUR,CPI,187,cpi_headline_mom,88,cpi_headline_yoy,Headline HICP (YoY),Inflation,4,239,0.261637,0.261637,False,weak,2026-04-24T07:51:03.322738+00:00
1591,EU,EUR,CPI,187,cpi_headline_mom,88,cpi_headline_yoy,Headline HICP (YoY),Inflation,6,234,0.260371,0.260371,False,weak,2026-04-24T07:51:03.322738+00:00
1592,EU,EUR,CPI,187,cpi_headline_mom,88,cpi_headline_yoy,Headline HICP (YoY),Inflation,2,246,0.247221,0.247221,False,very_weak,2026-04-24T07:51:03.322738+00:00
1593,EU,EUR,CPI,187,cpi_headline_mom,88,cpi_headline_yoy,Headline HICP (YoY),Inflation,3,243,0.245960,0.245960,False,very_weak,2026-04-24T07:51:03.322738+00:00
1594,EU,EUR,CPI,187,cpi_headline_mom,88,cpi_headline_yoy,Headline HICP (YoY),Inflation,5,238,0.243882,0.243882,False,very_weak,2026-04-24T07:51:03.322738+00:00
1595,EU,EUR,CPI,187,cpi_headline_mom,89,core_cpi_yoy,Core HICP (YoY),Inflation,2,246,0.286183,0.286183,True,weak,2026-04-24T07:51:03.322738+00:00
1596,EU,EUR,CPI,187,cpi_headline_mom,89,core_cpi_yoy,Core HICP (YoY),Inflation,1,248,0.224258,0.224258,False,very_weak,2026-04-24T07:51:03.322738+00:00
1597,EU,EUR,CPI,187,cpi_headline_mom,89,core_cpi_yoy,Core HICP (YoY),Inflation,6,234,0.212447,0.212447,False,very_weak,2026-04-24T07:51:03.322738+00:00
1598,EU,EUR,CPI,187,cpi_headline_mom,89,core_cpi_yoy,Core HICP (YoY),Inflation,0,193,0.203106,0.203106,False,very_weak,2026-04-24T07:51:03.322738+00:00
1599,EU,EUR,CPI,187,cpi_headline_mom,89,core_cpi_yoy,Core HICP (YoY),Inflation,4,239,0.190762,0.190762,False,very_weak,2026-04-24T07:51:03.322738+00:00
1600,EU,EUR,CPI,187,cpi_headline_mom,89,core_cpi_yoy,Core HICP (YoY),Inflation,3,243,0.188805,0.188805,False,very_weak,2026-04-24T07:51:03.322738+00:00
1601,EU,EUR,CPI,187,cpi_headline_mom,89,core_cpi_yoy,Core HICP (YoY),Inflation,5,238,0.179108,0.179108,False,very_weak,2026-04-24T07:51:03.322738+00:00
1602,EU,EUR,CPI,187,cpi_headline_mom,90,unemployment_rate,Unemployment Rate,Labor,2,131,-0.307225,0.307225,True,weak,2026-04-24T07:51:03.322738+00:00
1603,EU,EUR,CPI,187,cpi_headline_mom,90,unemployment_rate,Unemployment Rate,Labor,3,129,-0.283545,0.283545,False,weak,2026-04-24T07:51:03.322738+00:00
1604,EU,EUR,CPI,187,cpi_headline_mom,90,unemployment_rate,Unemployment Rate,Labor,1,100,-0.274371,0.274371,False,weak,2026-04-24T07:51:03.322738+00:00
1605,EU,EUR,CPI,187,cpi_headline_mom,90,unemployment_rate,Unemployment Rate,Labor,5,125,-0.227370,0.227370,False,very_weak,2026-04-24T07:51:03.322738+00:00
1606,EU,EUR,CPI,187,cpi_headline_mom,90,unemployment_rate,Unemployment Rate,Labor,4,127,-0.211665,0.211665,False,very_weak,2026-04-24T07:51:03.322738+00:00
1607,EU,EUR,CPI,187,cpi_headline_mom,90,unemployment_rate,Unemployment Rate,Labor,6,123,-0.043935,0.043935,False,very_weak,2026-04-24T07:51:03.322738+00:00
1608,EU,EUR,CPI,187,cpi_headline_mom,91,gdp_qoq,GDP (QoQ),Growth,5,105,-0.410129,0.410129,True,weak,2026-04-24T07:51:03.322738+00:00
1609,EU,EUR,CPI,187,cpi_headline_mom,91,gdp_qoq,GDP (QoQ),Growth,4,79,-0.146955,0.146955,False,very_weak,2026-04-24T07:51:03.322738+00:00
1610,EU,EUR,CPI,187,cpi_headline_mom,91,gdp_qoq,GDP (QoQ),Growth,3,50,-0.059838,0.059838,False,very_weak,2026-04-24T07:51:03.322738+00:00
1611,EU,EUR,CPI,187,cpi_headline_mom,91,gdp_qoq,GDP (QoQ),Growth,6,97,0.055025,0.055025,False,very_weak,2026-04-24T07:51:03.322738+00:00
1612,EU,EUR,CPI,187,cpi_headline_mom,93,construction_output_mom,Construction Output (MoM),Growth,6,20,0.292934,0.292934,True,weak,2026-04-24T07:51:03.322738+00:00
1613,EU,EUR,CPI,187,cpi_headline_mom,93,construction_output_mom,Construction Output (MoM),Growth,4,24,0.189913,0.189913,False,very_weak,2026-04-24T07:51:03.322738+00:00
1614,EU,EUR,CPI,187,cpi_headline_mom,93,construction_output_mom,Construction Output (MoM),Growth,3,24,-0.160451,0.160451,False,very_weak,2026-04-24T07:51:03.322738+00:00
1615,EU,EUR,CPI,187,cpi_headline_mom,93,construction_output_mom,Construction Output (MoM),Growth,5,24,0.141951,0.141951,False,very_weak,2026-04-24T07:51:03.322738+00:00
1616,EU,EUR,CPI,187,cpi_headline_mom,93,construction_output_mom,Construction Output (MoM),Growth,2,26,0.002677,0.002677,False,very_weak,2026-04-24T07:51:03.322738+00:00
1617,EU,EUR,CPI,187,cpi_headline_mom,94,construction_output_yoy,Construction Output (YoY),Growth,3,127,-0.130543,0.130543,True,very_weak,2026-04-24T07:51:03.322738+00:00
1618,EU,EUR,CPI,187,cpi_headline_mom,94,construction_output_yoy,Construction Output (YoY),Growth,5,123,0.073924,0.073924,False,very_weak,2026-04-24T07:51:03.322738+00:00
1619,EU,EUR,CPI,187,cpi_headline_mom,94,construction_output_yoy,Construction Output (YoY),Growth,4,127,-0.037297,0.037297,False,very_weak,2026-04-24T07:51:03.322738+00:00
1620,EU,EUR,CPI,187,cpi_headline_mom,94,construction_output_yoy,Construction Output (YoY),Growth,6,123,0.026522,0.026522,False,very_weak,2026-04-24T07:51:03.322738+00:00
1621,EU,EUR,CPI,187,cpi_headline_mom,94,construction_output_yoy,Construction Output (YoY),Growth,2,129,0.006119,0.006119,False,very_weak,2026-04-24T07:51:03.322738+00:00
1622,EU,EUR,CPI,187,cpi_headline_mom,94,construction_output_yoy,Construction Output (YoY),Growth,1,29,0.000351,0.000351,False,very_weak,2026-04-24T07:51:03.322738+00:00
1623,EU,EUR,CPI,187,cpi_headline_mom,95,zew_economic_sentiment,ZEW Economic Sentiment Index,Growth,0,131,-0.313876,0.313876,True,weak,2026-04-24T07:51:03.322738+00:00
1624,EU,EUR,CPI,187,cpi_headline_mom,95,zew_economic_sentiment,ZEW Economic Sentiment Index,Growth,6,119,-0.269590,0.269590,False,weak,2026-04-24T07:51:03.322738+00:00
1625,EU,EUR,CPI,187,cpi_headline_mom,95,zew_economic_sentiment,ZEW Economic Sentiment Index,Growth,4,123,0.084491,0.084491,False,very_weak,2026-04-24T07:51:03.322738+00:00
1626,EU,EUR,CPI,187,cpi_headline_mom,95,zew_economic_sentiment,ZEW Economic Sentiment Index,Growth,2,127,0.063029,0.063029,False,very_weak,2026-04-24T07:51:03.322738+00:00
1627,EU,EUR,CPI,187,cpi_headline_mom,95,zew_economic_sentiment,ZEW Economic Sentiment Index,Growth,1,129,-0.045470,0.045470,False,very_weak,2026-04-24T07:51:03.322738+00:00
1628,EU,EUR,CPI,187,cpi_headline_mom,95,zew_economic_sentiment,ZEW Economic Sentiment Index,Growth,5,121,-0.044563,0.044563,False,very_weak,2026-04-24T07:51:03.322738+00:00
1629,EU,EUR,CPI,187,cpi_headline_mom,95,zew_economic_sentiment,ZEW Economic Sentiment Index,Growth,3,125,-0.016740,0.016740,False,very_weak,2026-04-24T07:51:03.322738+00:00
1630,EU,EUR,CPI,187,cpi_headline_mom,96,consumer_confidence,Consumer Confidence,Growth,0,217,-0.325898,0.325898,True,weak,2026-04-24T07:51:03.322738+00:00
1631,EU,EUR,CPI,187,cpi_headline_mom,96,consumer_confidence,Consumer Confidence,Growth,2,211,-0.165828,0.165828,False,very_weak,2026-04-24T07:51:03.322738+00:00
1632,EU,EUR,CPI,187,cpi_headline_mom,96,consumer_confidence,Consumer Confidence,Growth,1,218,-0.146610,0.146610,False,very_weak,2026-04-24T07:51:03.322738+00:00
1633,EU,EUR,CPI,187,cpi_headline_mom,96,consumer_confidence,Consumer Confidence,Growth,3,211,-0.144839,0.144839,False,very_weak,2026-04-24T07:51:03.322738+00:00
1634,EU,EUR,CPI,187,cpi_headline_mom,96,consumer_confidence,Consumer Confidence,Growth,6,203,-0.130745,0.130745,False,very_weak,2026-04-24T07:51:03.322738+00:00
1635,EU,EUR,CPI,187,cpi_headline_mom,96,consumer_confidence,Consumer Confidence,Growth,5,211,-0.076909,0.076909,False,very_weak,2026-04-24T07:51:03.322738+00:00
1636,EU,EUR,CPI,187,cpi_headline_mom,96,consumer_confidence,Consumer Confidence,Growth,4,211,-0.069982,0.069982,False,very_weak,2026-04-24T07:51:03.322738+00:00
1637,EU,EUR,CPI,187,cpi_headline_mom,97,manufacturing_pmi,Manufacturing PMI,Growth,6,198,-0.330578,0.330578,True,weak,2026-04-24T07:51:03.322738+00:00
1638,EU,EUR,CPI,187,cpi_headline_mom,97,manufacturing_pmi,Manufacturing PMI,Growth,0,189,-0.264683,0.264683,False,weak,2026-04-24T07:51:03.322738+00:00
1639,EU,EUR,CPI,187,cpi_headline_mom,97,manufacturing_pmi,Manufacturing PMI,Growth,5,198,-0.212326,0.212326,False,very_weak,2026-04-24T07:51:03.322738+00:00
1640,EU,EUR,CPI,187,cpi_headline_mom,97,manufacturing_pmi,Manufacturing PMI,Growth,3,200,-0.193686,0.193686,False,very_weak,2026-04-24T07:51:03.322738+00:00
1641,EU,EUR,CPI,187,cpi_headline_mom,97,manufacturing_pmi,Manufacturing PMI,Growth,4,199,-0.065490,0.065490,False,very_weak,2026-04-24T07:51:03.322738+00:00
1642,EU,EUR,CPI,187,cpi_headline_mom,97,manufacturing_pmi,Manufacturing PMI,Growth,1,209,-0.046084,0.046084,False,very_weak,2026-04-24T07:51:03.322738+00:00
1643,EU,EUR,CPI,187,cpi_headline_mom,97,manufacturing_pmi,Manufacturing PMI,Growth,2,205,-0.039225,0.039225,False,very_weak,2026-04-24T07:51:03.322738+00:00
1644,EU,EUR,CPI,187,cpi_headline_mom,98,services_pmi,Services PMI,Growth,0,36,-0.249508,0.249508,True,very_weak,2026-04-24T07:51:03.322738+00:00
1645,EU,EUR,CPI,187,cpi_headline_mom,98,services_pmi,Services PMI,Growth,2,40,0.119816,0.119816,False,very_weak,2026-04-24T07:51:03.322738+00:00
1646,EU,EUR,CPI,187,cpi_headline_mom,98,services_pmi,Services PMI,Growth,4,38,-0.119254,0.119254,False,very_weak,2026-04-24T07:51:03.322738+00:00
1647,EU,EUR,CPI,187,cpi_headline_mom,98,services_pmi,Services PMI,Growth,3,39,-0.062693,0.062693,False,very_weak,2026-04-24T07:51:03.322738+00:00
1648,EU,EUR,CPI,187,cpi_headline_mom,98,services_pmi,Services PMI,Growth,1,45,-0.017861,0.017861,False,very_weak,2026-04-24T07:51:03.322738+00:00
1649,EU,EUR,CPI,187,cpi_headline_mom,98,services_pmi,Services PMI,Growth,6,39,0.017363,0.017363,False,very_weak,2026-04-24T07:51:03.322738+00:00
1650,EU,EUR,CPI,187,cpi_headline_mom,98,services_pmi,Services PMI,Growth,5,40,0.010785,0.010785,False,very_weak,2026-04-24T07:51:03.322738+00:00
1651,EU,EUR,CPI,187,cpi_headline_mom,99,composite_pmi,Composite PMI,Growth,0,36,-0.262972,0.262972,True,weak,2026-04-24T07:51:03.322738+00:00
1652,EU,EUR,CPI,187,cpi_headline_mom,99,composite_pmi,Composite PMI,Growth,4,38,-0.251501,0.251501,False,weak,2026-04-24T07:51:03.322738+00:00
1653,EU,EUR,CPI,187,cpi_headline_mom,99,composite_pmi,Composite PMI,Growth,3,39,-0.135499,0.135499,False,very_weak,2026-04-24T07:51:03.322738+00:00
1654,EU,EUR,CPI,187,cpi_headline_mom,99,composite_pmi,Composite PMI,Growth,1,45,0.114230,0.114230,False,very_weak,2026-04-24T07:51:03.322738+00:00
1655,EU,EUR,CPI,187,cpi_headline_mom,99,composite_pmi,Composite PMI,Growth,6,39,0.109779,0.109779,False,very_weak,2026-04-24T07:51:03.322738+00:00
1656,EU,EUR,CPI,187,cpi_headline_mom,99,composite_pmi,Composite PMI,Growth,2,40,0.090260,0.090260,False,very_weak,2026-04-24T07:51:03.322738+00:00
1657,EU,EUR,CPI,187,cpi_headline_mom,99,composite_pmi,Composite PMI,Growth,5,40,0.044417,0.044417,False,very_weak,2026-04-24T07:51:03.322738+00:00
1658,EU,EUR,CPI,187,cpi_headline_mom,188,cpi_index,Consumer Price Index,Inflation,0,125,0.424674,0.424674,True,weak,2026-04-24T07:51:03.322738+00:00
1659,EU,EUR,CPI,187,cpi_headline_mom,188,cpi_index,Consumer Price Index,Inflation,6,142,0.250692,0.250692,False,weak,2026-04-24T07:51:03.322738+00:00
1660,EU,EUR,CPI,187,cpi_headline_mom,188,cpi_index,Consumer Price Index,Inflation,2,156,-0.073940,0.073940,False,very_weak,2026-04-24T07:51:03.322738+00:00
1661,EU,EUR,CPI,187,cpi_headline_mom,188,cpi_index,Consumer Price Index,Inflation,3,152,0.068619,0.068619,False,very_weak,2026-04-24T07:51:03.322738+00:00
1662,EU,EUR,CPI,187,cpi_headline_mom,188,cpi_index,Consumer Price Index,Inflation,4,149,-0.052197,0.052197,False,very_weak,2026-04-24T07:51:03.322738+00:00
1663,EU,EUR,CPI,187,cpi_headline_mom,188,cpi_index,Consumer Price Index,Inflation,5,148,0.050558,0.050558,False,very_weak,2026-04-24T07:51:03.322738+00:00
1664,EU,EUR,CPI,187,cpi_headline_mom,188,cpi_index,Consumer Price Index,Inflation,1,158,-0.014871,0.014871,False,very_weak,2026-04-24T07:51:03.322738+00:00
1665,EU,EUR,CPI,187,cpi_headline_mom,189,economic_sentiment,Economic Sentiment,Growth,1,161,-0.130178,0.130178,True,very_weak,2026-04-24T07:51:03.322738+00:00
1666,EU,EUR,CPI,187,cpi_headline_mom,189,economic_sentiment,Economic Sentiment,Growth,0,160,-0.114240,0.114240,False,very_weak,2026-04-24T07:51:03.322738+00:00
1667,EU,EUR,CPI,187,cpi_headline_mom,189,economic_sentiment,Economic Sentiment,Growth,2,158,-0.079103,0.079103,False,very_weak,2026-04-24T07:51:03.322738+00:00
1668,EU,EUR,CPI,187,cpi_headline_mom,189,economic_sentiment,Economic Sentiment,Growth,4,153,0.074010,0.074010,False,very_weak,2026-04-24T07:51:03.322738+00:00
1669,EU,EUR,CPI,187,cpi_headline_mom,189,economic_sentiment,Economic Sentiment,Growth,5,149,0.045937,0.045937,False,very_weak,2026-04-24T07:51:03.322738+00:00
1670,EU,EUR,CPI,187,cpi_headline_mom,189,economic_sentiment,Economic Sentiment,Growth,6,145,0.038073,0.038073,False,very_weak,2026-04-24T07:51:03.322738+00:00
1671,EU,EUR,CPI,187,cpi_headline_mom,189,economic_sentiment,Economic Sentiment,Growth,3,155,0.013747,0.013747,False,very_weak,2026-04-24T07:51:03.322738+00:00
1672,EU,EUR,CPI,187,cpi_headline_mom,190,consumer_inflation_expectation,Consumer Inflation Expectation,Inflation,0,126,0.453470,0.453470,True,moderate,2026-04-24T07:51:03.322738+00:00
1673,EU,EUR,CPI,187,cpi_headline_mom,190,consumer_inflation_expectation,Consumer Inflation Expectation,Inflation,6,161,0.200344,0.200344,False,very_weak,2026-04-24T07:51:03.322738+00:00
1674,EU,EUR,CPI,187,cpi_headline_mom,190,consumer_inflation_expectation,Consumer Inflation Expectation,Inflation,1,171,0.081630,0.081630,False,very_weak,2026-04-24T07:51:03.322738+00:00
1675,EU,EUR,CPI,187,cpi_headline_mom,190,consumer_inflation_expectation,Consumer Inflation Expectation,Inflation,4,169,-0.079726,0.079726,False,very_weak,2026-04-24T07:51:03.322738+00:00
1676,EU,EUR,CPI,187,cpi_headline_mom,190,consumer_inflation_expectation,Consumer Inflation Expectation,Inflation,5,163,0.079632,0.079632,False,very_weak,2026-04-24T07:51:03.322738+00:00
1677,EU,EUR,CPI,187,cpi_headline_mom,190,consumer_inflation_expectation,Consumer Inflation Expectation,Inflation,2,174,0.064108,0.064108,False,very_weak,2026-04-24T07:51:03.322738+00:00
1678,EU,EUR,CPI,187,cpi_headline_mom,190,consumer_inflation_expectation,Consumer Inflation Expectation,Inflation,3,170,0.021227,0.021227,False,very_weak,2026-04-24T07:51:03.322738+00:00
1679,EU,EUR,GDP,91,gdp_qoq,93,construction_output_mom,Construction Output (MoM),Growth,1,10,0.850999,0.850999,True,strong,2026-04-24T07:51:03.322738+00:00
1680,EU,EUR,GDP,91,gdp_qoq,93,construction_output_mom,Construction Output (MoM),Growth,5,9,-0.558165,0.558165,False,moderate,2026-04-24T07:51:03.322738+00:00
1681,EU,EUR,GDP,91,gdp_qoq,93,construction_output_mom,Construction Output (MoM),Growth,0,14,-0.328644,0.328644,False,weak,2026-04-24T07:51:03.322738+00:00
1682,EU,EUR,GDP,91,gdp_qoq,93,construction_output_mom,Construction Output (MoM),Growth,3,13,-0.287800,0.287800,False,weak,2026-04-24T07:51:03.322738+00:00
1683,EU,EUR,GDP,91,gdp_qoq,93,construction_output_mom,Construction Output (MoM),Growth,2,13,0.232090,0.232090,False,very_weak,2026-04-24T07:51:03.322738+00:00
1684,EU,EUR,GDP,91,gdp_qoq,93,construction_output_mom,Construction Output (MoM),Growth,6,9,0.188741,0.188741,False,very_weak,2026-04-24T07:51:03.322738+00:00
1685,EU,EUR,GDP,91,gdp_qoq,94,construction_output_yoy,Construction Output (YoY),Growth,3,52,-0.471297,0.471297,True,moderate,2026-04-24T07:51:03.322738+00:00
1686,EU,EUR,GDP,91,gdp_qoq,94,construction_output_yoy,Construction Output (YoY),Growth,0,55,0.386770,0.386770,False,weak,2026-04-24T07:51:03.322738+00:00
1687,EU,EUR,GDP,91,gdp_qoq,94,construction_output_yoy,Construction Output (YoY),Growth,6,49,0.313210,0.313210,False,weak,2026-04-24T07:51:03.322738+00:00
1688,EU,EUR,GDP,91,gdp_qoq,94,construction_output_yoy,Construction Output (YoY),Growth,1,55,0.302606,0.302606,False,weak,2026-04-24T07:51:03.322738+00:00
1689,EU,EUR,GDP,91,gdp_qoq,94,construction_output_yoy,Construction Output (YoY),Growth,4,52,-0.160386,0.160386,False,very_weak,2026-04-24T07:51:03.322738+00:00
1690,EU,EUR,GDP,91,gdp_qoq,94,construction_output_yoy,Construction Output (YoY),Growth,5,52,-0.135479,0.135479,False,very_weak,2026-04-24T07:51:03.322738+00:00
1691,EU,EUR,GDP,91,gdp_qoq,94,construction_output_yoy,Construction Output (YoY),Growth,2,55,-0.066964,0.066964,False,very_weak,2026-04-24T07:51:03.322738+00:00
1692,EU,EUR,GDP,91,gdp_qoq,95,zew_economic_sentiment,ZEW Economic Sentiment Index,Growth,4,52,-0.585147,0.585147,True,moderate,2026-04-24T07:51:03.322738+00:00
1693,EU,EUR,GDP,91,gdp_qoq,95,zew_economic_sentiment,ZEW Economic Sentiment Index,Growth,1,55,0.481293,0.481293,False,moderate,2026-04-24T07:51:03.322738+00:00
1694,EU,EUR,GDP,91,gdp_qoq,95,zew_economic_sentiment,ZEW Economic Sentiment Index,Growth,5,49,-0.315794,0.315794,False,weak,2026-04-24T07:51:03.322738+00:00
1695,EU,EUR,GDP,91,gdp_qoq,95,zew_economic_sentiment,ZEW Economic Sentiment Index,Growth,6,49,-0.229413,0.229413,False,very_weak,2026-04-24T07:51:03.322738+00:00
1696,EU,EUR,GDP,91,gdp_qoq,95,zew_economic_sentiment,ZEW Economic Sentiment Index,Growth,2,52,0.195591,0.195591,False,very_weak,2026-04-24T07:51:03.322738+00:00
1697,EU,EUR,GDP,91,gdp_qoq,95,zew_economic_sentiment,ZEW Economic Sentiment Index,Growth,3,52,0.051539,0.051539,False,very_weak,2026-04-24T07:51:03.322738+00:00
1698,EU,EUR,GDP,91,gdp_qoq,95,zew_economic_sentiment,ZEW Economic Sentiment Index,Growth,0,55,0.003133,0.003133,False,very_weak,2026-04-24T07:51:03.322738+00:00
1699,EU,EUR,GDP,91,gdp_qoq,96,consumer_confidence,Consumer Confidence,Growth,3,98,-0.407127,0.407127,True,weak,2026-04-24T07:51:03.322738+00:00
1700,EU,EUR,GDP,91,gdp_qoq,96,consumer_confidence,Consumer Confidence,Growth,0,98,0.383372,0.383372,False,weak,2026-04-24T07:51:03.322738+00:00
1701,EU,EUR,GDP,91,gdp_qoq,96,consumer_confidence,Consumer Confidence,Growth,5,78,-0.378812,0.378812,False,weak,2026-04-24T07:51:03.322738+00:00
1702,EU,EUR,GDP,91,gdp_qoq,96,consumer_confidence,Consumer Confidence,Growth,1,88,0.306271,0.306271,False,weak,2026-04-24T07:51:03.322738+00:00
1703,EU,EUR,GDP,91,gdp_qoq,96,consumer_confidence,Consumer Confidence,Growth,4,85,-0.305141,0.305141,False,weak,2026-04-24T07:51:03.322738+00:00
1704,EU,EUR,GDP,91,gdp_qoq,96,consumer_confidence,Consumer Confidence,Growth,2,89,-0.034592,0.034592,False,very_weak,2026-04-24T07:51:03.322738+00:00
1705,EU,EUR,GDP,91,gdp_qoq,96,consumer_confidence,Consumer Confidence,Growth,6,90,-0.009784,0.009784,False,very_weak,2026-04-24T07:51:03.322738+00:00
1706,EU,EUR,GDP,91,gdp_qoq,97,manufacturing_pmi,Manufacturing PMI,Growth,0,90,0.438019,0.438019,True,weak,2026-04-24T07:51:03.322738+00:00
1707,EU,EUR,GDP,91,gdp_qoq,97,manufacturing_pmi,Manufacturing PMI,Growth,3,85,-0.426559,0.426559,False,weak,2026-04-24T07:51:03.322738+00:00
1708,EU,EUR,GDP,91,gdp_qoq,97,manufacturing_pmi,Manufacturing PMI,Growth,1,94,0.362911,0.362911,False,weak,2026-04-24T07:51:03.322738+00:00
1709,EU,EUR,GDP,91,gdp_qoq,97,manufacturing_pmi,Manufacturing PMI,Growth,5,84,0.220872,0.220872,False,very_weak,2026-04-24T07:51:03.322738+00:00
1710,EU,EUR,GDP,91,gdp_qoq,97,manufacturing_pmi,Manufacturing PMI,Growth,4,90,-0.171237,0.171237,False,very_weak,2026-04-24T07:51:03.322738+00:00
1711,EU,EUR,GDP,91,gdp_qoq,97,manufacturing_pmi,Manufacturing PMI,Growth,6,79,0.138574,0.138574,False,very_weak,2026-04-24T07:51:03.322738+00:00
1712,EU,EUR,GDP,91,gdp_qoq,97,manufacturing_pmi,Manufacturing PMI,Growth,2,88,-0.120586,0.120586,False,very_weak,2026-04-24T07:51:03.322738+00:00
1713,EU,EUR,GDP,91,gdp_qoq,98,services_pmi,Services PMI,Growth,3,16,0.620686,0.620686,True,moderate,2026-04-24T07:51:03.322738+00:00
1714,EU,EUR,GDP,91,gdp_qoq,98,services_pmi,Services PMI,Growth,5,20,-0.558318,0.558318,False,moderate,2026-04-24T07:51:03.322738+00:00
1715,EU,EUR,GDP,91,gdp_qoq,98,services_pmi,Services PMI,Growth,6,19,-0.539015,0.539015,False,moderate,2026-04-24T07:51:03.322738+00:00
1716,EU,EUR,GDP,91,gdp_qoq,98,services_pmi,Services PMI,Growth,1,16,-0.500050,0.500050,False,moderate,2026-04-24T07:51:03.322738+00:00
1717,EU,EUR,GDP,91,gdp_qoq,98,services_pmi,Services PMI,Growth,2,18,0.380457,0.380457,False,weak,2026-04-24T07:51:03.322738+00:00
1718,EU,EUR,GDP,91,gdp_qoq,98,services_pmi,Services PMI,Growth,0,14,-0.253768,0.253768,False,weak,2026-04-24T07:51:03.322738+00:00
1719,EU,EUR,GDP,91,gdp_qoq,98,services_pmi,Services PMI,Growth,4,18,0.031468,0.031468,False,very_weak,2026-04-24T07:51:03.322738+00:00
1720,EU,EUR,GDP,91,gdp_qoq,99,composite_pmi,Composite PMI,Growth,3,16,0.656511,0.656511,True,moderate,2026-04-24T07:51:03.322738+00:00
1721,EU,EUR,GDP,91,gdp_qoq,99,composite_pmi,Composite PMI,Growth,6,19,-0.576912,0.576912,False,moderate,2026-04-24T07:51:03.322738+00:00
1722,EU,EUR,GDP,91,gdp_qoq,99,composite_pmi,Composite PMI,Growth,1,16,-0.453446,0.453446,False,moderate,2026-04-24T07:51:03.322738+00:00
1723,EU,EUR,GDP,91,gdp_qoq,99,composite_pmi,Composite PMI,Growth,5,20,-0.450244,0.450244,False,moderate,2026-04-24T07:51:03.322738+00:00
1724,EU,EUR,GDP,91,gdp_qoq,99,composite_pmi,Composite PMI,Growth,2,18,0.195401,0.195401,False,very_weak,2026-04-24T07:51:03.322738+00:00
1725,EU,EUR,GDP,91,gdp_qoq,99,composite_pmi,Composite PMI,Growth,0,14,-0.194982,0.194982,False,very_weak,2026-04-24T07:51:03.322738+00:00
1726,EU,EUR,GDP,91,gdp_qoq,99,composite_pmi,Composite PMI,Growth,4,18,-0.114461,0.114461,False,very_weak,2026-04-24T07:51:03.322738+00:00
1727,EU,EUR,GDP,91,gdp_qoq,189,economic_sentiment,Economic Sentiment,Growth,3,64,-0.650649,0.650649,True,moderate,2026-04-24T07:51:03.322738+00:00
1728,EU,EUR,GDP,91,gdp_qoq,189,economic_sentiment,Economic Sentiment,Growth,4,61,-0.589728,0.589728,False,moderate,2026-04-24T07:51:03.322738+00:00
1729,EU,EUR,GDP,91,gdp_qoq,189,economic_sentiment,Economic Sentiment,Growth,0,70,0.535441,0.535441,False,moderate,2026-04-24T07:51:03.322738+00:00
1730,EU,EUR,GDP,91,gdp_qoq,189,economic_sentiment,Economic Sentiment,Growth,1,67,0.454173,0.454173,False,moderate,2026-04-24T07:51:03.322738+00:00
1731,EU,EUR,GDP,91,gdp_qoq,189,economic_sentiment,Economic Sentiment,Growth,6,58,0.357867,0.357867,False,weak,2026-04-24T07:51:03.322738+00:00
1732,EU,EUR,GDP,91,gdp_qoq,189,economic_sentiment,Economic Sentiment,Growth,5,64,0.086215,0.086215,False,very_weak,2026-04-24T07:51:03.322738+00:00
1733,EU,EUR,GDP,91,gdp_qoq,189,economic_sentiment,Economic Sentiment,Growth,2,70,-0.045243,0.045243,False,very_weak,2026-04-24T07:51:03.322738+00:00
1734,EU,EUR,UNEMPLOYMENT,90,unemployment_rate,91,gdp_qoq,GDP (QoQ),Growth,2,18,0.213018,0.213018,True,very_weak,2026-04-24T07:51:03.322738+00:00
1735,EU,EUR,UNEMPLOYMENT,90,unemployment_rate,91,gdp_qoq,GDP (QoQ),Growth,3,36,0.115743,0.115743,False,very_weak,2026-04-24T07:51:03.322738+00:00
1736,EU,EUR,UNEMPLOYMENT,90,unemployment_rate,91,gdp_qoq,GDP (QoQ),Growth,4,57,0.059727,0.059727,False,very_weak,2026-04-24T07:51:03.322738+00:00
1737,EU,EUR,UNEMPLOYMENT,90,unemployment_rate,91,gdp_qoq,GDP (QoQ),Growth,5,56,0.039891,0.039891,False,very_weak,2026-04-24T07:51:03.322738+00:00
1738,EU,EUR,UNEMPLOYMENT,90,unemployment_rate,91,gdp_qoq,GDP (QoQ),Growth,6,56,-0.003282,0.003282,False,very_weak,2026-04-24T07:51:03.322738+00:00
1739,EU,EUR,UNEMPLOYMENT,90,unemployment_rate,93,construction_output_mom,Construction Output (MoM),Growth,3,16,-0.517213,0.517213,True,moderate,2026-04-24T07:51:03.322738+00:00
1740,EU,EUR,UNEMPLOYMENT,90,unemployment_rate,93,construction_output_mom,Construction Output (MoM),Growth,4,15,-0.335602,0.335602,False,weak,2026-04-24T07:51:03.322738+00:00
1741,EU,EUR,UNEMPLOYMENT,90,unemployment_rate,93,construction_output_mom,Construction Output (MoM),Growth,5,14,-0.335105,0.335105,False,weak,2026-04-24T07:51:03.322738+00:00
1742,EU,EUR,UNEMPLOYMENT,90,unemployment_rate,93,construction_output_mom,Construction Output (MoM),Growth,2,17,-0.258563,0.258563,False,weak,2026-04-24T07:51:03.322738+00:00
1743,EU,EUR,UNEMPLOYMENT,90,unemployment_rate,93,construction_output_mom,Construction Output (MoM),Growth,1,18,-0.105863,0.105863,False,very_weak,2026-04-24T07:51:03.322738+00:00
1744,EU,EUR,UNEMPLOYMENT,90,unemployment_rate,93,construction_output_mom,Construction Output (MoM),Growth,6,13,-0.062281,0.062281,False,very_weak,2026-04-24T07:51:03.322738+00:00
1745,EU,EUR,UNEMPLOYMENT,90,unemployment_rate,94,construction_output_yoy,Construction Output (YoY),Growth,1,72,0.131845,0.131845,True,very_weak,2026-04-24T07:51:03.322738+00:00
1746,EU,EUR,UNEMPLOYMENT,90,unemployment_rate,94,construction_output_yoy,Construction Output (YoY),Growth,2,71,0.102837,0.102837,False,very_weak,2026-04-24T07:51:03.322738+00:00
1747,EU,EUR,UNEMPLOYMENT,90,unemployment_rate,94,construction_output_yoy,Construction Output (YoY),Growth,3,70,0.063679,0.063679,False,very_weak,2026-04-24T07:51:03.322738+00:00
1748,EU,EUR,UNEMPLOYMENT,90,unemployment_rate,94,construction_output_yoy,Construction Output (YoY),Growth,4,69,0.047249,0.047249,False,very_weak,2026-04-24T07:51:03.322738+00:00
1749,EU,EUR,UNEMPLOYMENT,90,unemployment_rate,94,construction_output_yoy,Construction Output (YoY),Growth,5,68,0.039077,0.039077,False,very_weak,2026-04-24T07:51:03.322738+00:00
1750,EU,EUR,UNEMPLOYMENT,90,unemployment_rate,94,construction_output_yoy,Construction Output (YoY),Growth,6,67,0.019730,0.019730,False,very_weak,2026-04-24T07:51:03.322738+00:00
1751,EU,EUR,UNEMPLOYMENT,90,unemployment_rate,95,zew_economic_sentiment,ZEW Economic Sentiment Index,Growth,0,72,-0.125893,0.125893,True,very_weak,2026-04-24T07:51:03.322738+00:00
1752,EU,EUR,UNEMPLOYMENT,90,unemployment_rate,95,zew_economic_sentiment,ZEW Economic Sentiment Index,Growth,6,66,-0.098476,0.098476,False,very_weak,2026-04-24T07:51:03.322738+00:00
1753,EU,EUR,UNEMPLOYMENT,90,unemployment_rate,95,zew_economic_sentiment,ZEW Economic Sentiment Index,Growth,1,71,-0.091457,0.091457,False,very_weak,2026-04-24T07:51:03.322738+00:00
1754,EU,EUR,UNEMPLOYMENT,90,unemployment_rate,95,zew_economic_sentiment,ZEW Economic Sentiment Index,Growth,5,67,-0.078138,0.078138,False,very_weak,2026-04-24T07:51:03.322738+00:00
1755,EU,EUR,UNEMPLOYMENT,90,unemployment_rate,95,zew_economic_sentiment,ZEW Economic Sentiment Index,Growth,4,68,-0.075130,0.075130,False,very_weak,2026-04-24T07:51:03.322738+00:00
1756,EU,EUR,UNEMPLOYMENT,90,unemployment_rate,95,zew_economic_sentiment,ZEW Economic Sentiment Index,Growth,3,69,-0.063373,0.063373,False,very_weak,2026-04-24T07:51:03.322738+00:00
1757,EU,EUR,UNEMPLOYMENT,90,unemployment_rate,95,zew_economic_sentiment,ZEW Economic Sentiment Index,Growth,2,70,-0.038506,0.038506,False,very_weak,2026-04-24T07:51:03.322738+00:00
1758,EU,EUR,UNEMPLOYMENT,90,unemployment_rate,96,consumer_confidence,Consumer Confidence,Growth,6,113,-0.096740,0.096740,True,very_weak,2026-04-24T07:51:03.322738+00:00
1759,EU,EUR,UNEMPLOYMENT,90,unemployment_rate,96,consumer_confidence,Consumer Confidence,Growth,5,115,-0.069776,0.069776,False,very_weak,2026-04-24T07:51:03.322738+00:00
1760,EU,EUR,UNEMPLOYMENT,90,unemployment_rate,96,consumer_confidence,Consumer Confidence,Growth,4,116,-0.062276,0.062276,False,very_weak,2026-04-24T07:51:03.322738+00:00
1761,EU,EUR,UNEMPLOYMENT,90,unemployment_rate,96,consumer_confidence,Consumer Confidence,Growth,0,120,-0.022458,0.022458,False,very_weak,2026-04-24T07:51:03.322738+00:00
1762,EU,EUR,UNEMPLOYMENT,90,unemployment_rate,96,consumer_confidence,Consumer Confidence,Growth,3,117,-0.021809,0.021809,False,very_weak,2026-04-24T07:51:03.322738+00:00
1763,EU,EUR,UNEMPLOYMENT,90,unemployment_rate,96,consumer_confidence,Consumer Confidence,Growth,1,119,-0.007395,0.007395,False,very_weak,2026-04-24T07:51:03.322738+00:00
1764,EU,EUR,UNEMPLOYMENT,90,unemployment_rate,96,consumer_confidence,Consumer Confidence,Growth,2,118,0.002023,0.002023,False,very_weak,2026-04-24T07:51:03.322738+00:00
1765,EU,EUR,UNEMPLOYMENT,90,unemployment_rate,97,manufacturing_pmi,Manufacturing PMI,Growth,1,114,0.176236,0.176236,True,very_weak,2026-04-24T07:51:03.322738+00:00
1766,EU,EUR,UNEMPLOYMENT,90,unemployment_rate,97,manufacturing_pmi,Manufacturing PMI,Growth,2,113,0.163410,0.163410,False,very_weak,2026-04-24T07:51:03.322738+00:00
1767,EU,EUR,UNEMPLOYMENT,90,unemployment_rate,97,manufacturing_pmi,Manufacturing PMI,Growth,0,115,0.138061,0.138061,False,very_weak,2026-04-24T07:51:03.322738+00:00
1768,EU,EUR,UNEMPLOYMENT,90,unemployment_rate,97,manufacturing_pmi,Manufacturing PMI,Growth,3,112,0.136682,0.136682,False,very_weak,2026-04-24T07:51:03.322738+00:00
1769,EU,EUR,UNEMPLOYMENT,90,unemployment_rate,97,manufacturing_pmi,Manufacturing PMI,Growth,4,111,0.122261,0.122261,False,very_weak,2026-04-24T07:51:03.322738+00:00
1770,EU,EUR,UNEMPLOYMENT,90,unemployment_rate,97,manufacturing_pmi,Manufacturing PMI,Growth,5,109,0.106971,0.106971,False,very_weak,2026-04-24T07:51:03.322738+00:00
1771,EU,EUR,UNEMPLOYMENT,90,unemployment_rate,97,manufacturing_pmi,Manufacturing PMI,Growth,6,107,0.074598,0.074598,False,very_weak,2026-04-24T07:51:03.322738+00:00
1772,EU,EUR,UNEMPLOYMENT,90,unemployment_rate,98,services_pmi,Services PMI,Growth,6,22,-0.697951,0.697951,True,moderate,2026-04-24T07:51:03.322738+00:00
1773,EU,EUR,UNEMPLOYMENT,90,unemployment_rate,98,services_pmi,Services PMI,Growth,5,22,-0.470622,0.470622,False,moderate,2026-04-24T07:51:03.322738+00:00
1774,EU,EUR,UNEMPLOYMENT,90,unemployment_rate,98,services_pmi,Services PMI,Growth,3,22,-0.446301,0.446301,False,weak,2026-04-24T07:51:03.322738+00:00
1775,EU,EUR,UNEMPLOYMENT,90,unemployment_rate,98,services_pmi,Services PMI,Growth,4,22,-0.390409,0.390409,False,weak,2026-04-24T07:51:03.322738+00:00
1776,EU,EUR,UNEMPLOYMENT,90,unemployment_rate,98,services_pmi,Services PMI,Growth,0,25,0.165377,0.165377,False,very_weak,2026-04-24T07:51:03.322738+00:00
1777,EU,EUR,UNEMPLOYMENT,90,unemployment_rate,98,services_pmi,Services PMI,Growth,1,24,0.146149,0.146149,False,very_weak,2026-04-24T07:51:03.322738+00:00
1778,EU,EUR,UNEMPLOYMENT,90,unemployment_rate,98,services_pmi,Services PMI,Growth,2,23,-0.120172,0.120172,False,very_weak,2026-04-24T07:51:03.322738+00:00
1779,EU,EUR,UNEMPLOYMENT,90,unemployment_rate,99,composite_pmi,Composite PMI,Growth,6,22,-0.669663,0.669663,True,moderate,2026-04-24T07:51:03.322738+00:00
1780,EU,EUR,UNEMPLOYMENT,90,unemployment_rate,99,composite_pmi,Composite PMI,Growth,3,22,-0.445236,0.445236,False,weak,2026-04-24T07:51:03.322738+00:00
1781,EU,EUR,UNEMPLOYMENT,90,unemployment_rate,99,composite_pmi,Composite PMI,Growth,5,22,-0.387694,0.387694,False,weak,2026-04-24T07:51:03.322738+00:00
1782,EU,EUR,UNEMPLOYMENT,90,unemployment_rate,99,composite_pmi,Composite PMI,Growth,4,22,-0.323794,0.323794,False,weak,2026-04-24T07:51:03.322738+00:00
1783,EU,EUR,UNEMPLOYMENT,90,unemployment_rate,99,composite_pmi,Composite PMI,Growth,2,23,-0.150530,0.150530,False,very_weak,2026-04-24T07:51:03.322738+00:00
1784,EU,EUR,UNEMPLOYMENT,90,unemployment_rate,99,composite_pmi,Composite PMI,Growth,0,25,0.083773,0.083773,False,very_weak,2026-04-24T07:51:03.322738+00:00
1785,EU,EUR,UNEMPLOYMENT,90,unemployment_rate,99,composite_pmi,Composite PMI,Growth,1,24,0.065430,0.065430,False,very_weak,2026-04-24T07:51:03.322738+00:00
1786,EU,EUR,UNEMPLOYMENT,90,unemployment_rate,189,economic_sentiment,Economic Sentiment,Growth,0,92,0.095349,0.095349,True,very_weak,2026-04-24T07:51:03.322738+00:00
1787,EU,EUR,UNEMPLOYMENT,90,unemployment_rate,189,economic_sentiment,Economic Sentiment,Growth,1,91,0.091809,0.091809,False,very_weak,2026-04-24T07:51:03.322738+00:00
1788,EU,EUR,UNEMPLOYMENT,90,unemployment_rate,189,economic_sentiment,Economic Sentiment,Growth,2,90,0.086929,0.086929,False,very_weak,2026-04-24T07:51:03.322738+00:00
1789,EU,EUR,UNEMPLOYMENT,90,unemployment_rate,189,economic_sentiment,Economic Sentiment,Growth,3,88,0.062341,0.062341,False,very_weak,2026-04-24T07:51:03.322738+00:00
1790,EU,EUR,UNEMPLOYMENT,90,unemployment_rate,189,economic_sentiment,Economic Sentiment,Growth,4,86,0.030937,0.030937,False,very_weak,2026-04-24T07:51:03.322738+00:00
1791,EU,EUR,UNEMPLOYMENT,90,unemployment_rate,189,economic_sentiment,Economic Sentiment,Growth,5,84,0.030533,0.030533,False,very_weak,2026-04-24T07:51:03.322738+00:00
1792,EU,EUR,UNEMPLOYMENT,90,unemployment_rate,189,economic_sentiment,Economic Sentiment,Growth,6,82,0.015272,0.015272,False,very_weak,2026-04-24T07:51:03.322738+00:00
1793,JP,JPY,CPI,101,cpi_headline_yoy,102,core_cpi_yoy,Core CPI (YoY),Inflation,6,66,0.297701,0.297701,True,weak,2026-04-24T07:51:03.322738+00:00
1794,JP,JPY,CPI,101,cpi_headline_yoy,102,core_cpi_yoy,Core CPI (YoY),Inflation,5,67,0.238485,0.238485,False,very_weak,2026-04-24T07:51:03.322738+00:00
1795,JP,JPY,CPI,101,cpi_headline_yoy,102,core_cpi_yoy,Core CPI (YoY),Inflation,4,68,0.227970,0.227970,False,very_weak,2026-04-24T07:51:03.322738+00:00
1796,JP,JPY,CPI,101,cpi_headline_yoy,102,core_cpi_yoy,Core CPI (YoY),Inflation,2,72,0.197819,0.197819,False,very_weak,2026-04-24T07:51:03.322738+00:00
1797,JP,JPY,CPI,101,cpi_headline_yoy,102,core_cpi_yoy,Core CPI (YoY),Inflation,3,69,0.189463,0.189463,False,very_weak,2026-04-24T07:51:03.322738+00:00
1798,JP,JPY,CPI,101,cpi_headline_yoy,102,core_cpi_yoy,Core CPI (YoY),Inflation,1,72,0.157334,0.157334,False,very_weak,2026-04-24T07:51:03.322738+00:00
1799,JP,JPY,CPI,101,cpi_headline_yoy,102,core_cpi_yoy,Core CPI (YoY),Inflation,0,74,0.151029,0.151029,False,very_weak,2026-04-24T07:51:03.322738+00:00
1800,JP,JPY,CPI,101,cpi_headline_yoy,103,unemployment_rate,Unemployment Rate,Labor,6,69,-0.223272,0.223272,True,very_weak,2026-04-24T07:51:03.322738+00:00
1801,JP,JPY,CPI,101,cpi_headline_yoy,103,unemployment_rate,Unemployment Rate,Labor,5,70,-0.212938,0.212938,False,very_weak,2026-04-24T07:51:03.322738+00:00
1802,JP,JPY,CPI,101,cpi_headline_yoy,103,unemployment_rate,Unemployment Rate,Labor,4,71,-0.186432,0.186432,False,very_weak,2026-04-24T07:51:03.322738+00:00
1803,JP,JPY,CPI,101,cpi_headline_yoy,103,unemployment_rate,Unemployment Rate,Labor,3,72,-0.167100,0.167100,False,very_weak,2026-04-24T07:51:03.322738+00:00
1804,JP,JPY,CPI,101,cpi_headline_yoy,103,unemployment_rate,Unemployment Rate,Labor,2,73,-0.141611,0.141611,False,very_weak,2026-04-24T07:51:03.322738+00:00
1805,JP,JPY,CPI,101,cpi_headline_yoy,103,unemployment_rate,Unemployment Rate,Labor,1,74,-0.057276,0.057276,False,very_weak,2026-04-24T07:51:03.322738+00:00
1806,JP,JPY,CPI,101,cpi_headline_yoy,104,gdp_qoq,GDP (QoQ),Growth,5,43,-0.248287,0.248287,True,very_weak,2026-04-24T07:51:03.322738+00:00
1807,JP,JPY,CPI,101,cpi_headline_yoy,104,gdp_qoq,GDP (QoQ),Growth,6,46,0.095300,0.095300,False,very_weak,2026-04-24T07:51:03.322738+00:00
1808,JP,JPY,CPI,101,cpi_headline_yoy,104,gdp_qoq,GDP (QoQ),Growth,3,23,0.077875,0.077875,False,very_weak,2026-04-24T07:51:03.322738+00:00
1809,JP,JPY,CPI,101,cpi_headline_yoy,104,gdp_qoq,GDP (QoQ),Growth,4,44,-0.029775,0.029775,False,very_weak,2026-04-24T07:51:03.322738+00:00
1810,JP,JPY,CPI,101,cpi_headline_yoy,105,tertiary_industry_index_mom,Tertiary Industry Index (MoM),Growth,3,72,0.165420,0.165420,True,very_weak,2026-04-24T07:51:03.322738+00:00
1811,JP,JPY,CPI,101,cpi_headline_yoy,105,tertiary_industry_index_mom,Tertiary Industry Index (MoM),Growth,1,68,0.161520,0.161520,False,very_weak,2026-04-24T07:51:03.322738+00:00
1812,JP,JPY,CPI,101,cpi_headline_yoy,105,tertiary_industry_index_mom,Tertiary Industry Index (MoM),Growth,2,73,0.111775,0.111775,False,very_weak,2026-04-24T07:51:03.322738+00:00
1813,JP,JPY,CPI,101,cpi_headline_yoy,105,tertiary_industry_index_mom,Tertiary Industry Index (MoM),Growth,4,71,0.082135,0.082135,False,very_weak,2026-04-24T07:51:03.322738+00:00
1814,JP,JPY,CPI,101,cpi_headline_yoy,105,tertiary_industry_index_mom,Tertiary Industry Index (MoM),Growth,5,70,0.064269,0.064269,False,very_weak,2026-04-24T07:51:03.322738+00:00
1815,JP,JPY,CPI,101,cpi_headline_yoy,105,tertiary_industry_index_mom,Tertiary Industry Index (MoM),Growth,6,69,0.050946,0.050946,False,very_weak,2026-04-24T07:51:03.322738+00:00
1816,JP,JPY,CPI,101,cpi_headline_yoy,107,balance_of_trade,Balance of Trade,Growth,4,71,-0.090215,0.090215,True,very_weak,2026-04-24T07:51:03.322738+00:00
1817,JP,JPY,CPI,101,cpi_headline_yoy,107,balance_of_trade,Balance of Trade,Growth,5,70,-0.085303,0.085303,False,very_weak,2026-04-24T07:51:03.322738+00:00
1818,JP,JPY,CPI,101,cpi_headline_yoy,107,balance_of_trade,Balance of Trade,Growth,3,72,-0.079257,0.079257,False,very_weak,2026-04-24T07:51:03.322738+00:00
1819,JP,JPY,CPI,101,cpi_headline_yoy,107,balance_of_trade,Balance of Trade,Growth,0,69,0.069584,0.069584,False,very_weak,2026-04-24T07:51:03.322738+00:00
1820,JP,JPY,CPI,101,cpi_headline_yoy,107,balance_of_trade,Balance of Trade,Growth,6,69,-0.067823,0.067823,False,very_weak,2026-04-24T07:51:03.322738+00:00
1821,JP,JPY,CPI,101,cpi_headline_yoy,107,balance_of_trade,Balance of Trade,Growth,1,74,0.049784,0.049784,False,very_weak,2026-04-24T07:51:03.322738+00:00
1822,JP,JPY,CPI,101,cpi_headline_yoy,107,balance_of_trade,Balance of Trade,Growth,2,73,-0.005081,0.005081,False,very_weak,2026-04-24T07:51:03.322738+00:00
1823,JP,JPY,CPI,101,cpi_headline_yoy,108,exports_yoy,Exports (YoY),Growth,4,71,-0.198099,0.198099,True,very_weak,2026-04-24T07:51:03.322738+00:00
1824,JP,JPY,CPI,101,cpi_headline_yoy,108,exports_yoy,Exports (YoY),Growth,3,72,-0.176967,0.176967,False,very_weak,2026-04-24T07:51:03.322738+00:00
1825,JP,JPY,CPI,101,cpi_headline_yoy,108,exports_yoy,Exports (YoY),Growth,5,70,-0.169986,0.169986,False,very_weak,2026-04-24T07:51:03.322738+00:00
1826,JP,JPY,CPI,101,cpi_headline_yoy,108,exports_yoy,Exports (YoY),Growth,6,69,-0.139911,0.139911,False,very_weak,2026-04-24T07:51:03.322738+00:00
1827,JP,JPY,CPI,101,cpi_headline_yoy,108,exports_yoy,Exports (YoY),Growth,0,69,-0.129784,0.129784,False,very_weak,2026-04-24T07:51:03.322738+00:00
1828,JP,JPY,CPI,101,cpi_headline_yoy,108,exports_yoy,Exports (YoY),Growth,1,74,-0.125825,0.125825,False,very_weak,2026-04-24T07:51:03.322738+00:00
1829,JP,JPY,CPI,101,cpi_headline_yoy,108,exports_yoy,Exports (YoY),Growth,2,73,-0.117907,0.117907,False,very_weak,2026-04-24T07:51:03.322738+00:00
1830,JP,JPY,CPI,101,cpi_headline_yoy,109,imports_yoy,Imports (YoY),Growth,2,73,-0.151810,0.151810,True,very_weak,2026-04-24T07:51:03.322738+00:00
1831,JP,JPY,CPI,101,cpi_headline_yoy,109,imports_yoy,Imports (YoY),Growth,1,74,-0.146862,0.146862,False,very_weak,2026-04-24T07:51:03.322738+00:00
1832,JP,JPY,CPI,101,cpi_headline_yoy,109,imports_yoy,Imports (YoY),Growth,0,69,-0.144860,0.144860,False,very_weak,2026-04-24T07:51:03.322738+00:00
1833,JP,JPY,CPI,101,cpi_headline_yoy,109,imports_yoy,Imports (YoY),Growth,4,71,-0.108707,0.108707,False,very_weak,2026-04-24T07:51:03.322738+00:00
1834,JP,JPY,CPI,101,cpi_headline_yoy,109,imports_yoy,Imports (YoY),Growth,3,72,-0.089231,0.089231,False,very_weak,2026-04-24T07:51:03.322738+00:00
1835,JP,JPY,CPI,101,cpi_headline_yoy,109,imports_yoy,Imports (YoY),Growth,5,70,-0.064067,0.064067,False,very_weak,2026-04-24T07:51:03.322738+00:00
1836,JP,JPY,CPI,101,cpi_headline_yoy,109,imports_yoy,Imports (YoY),Growth,6,69,-0.025954,0.025954,False,very_weak,2026-04-24T07:51:03.322738+00:00
1837,JP,JPY,CPI,101,cpi_headline_yoy,110,manufacturing_pmi,S&P Global Manufacturing PMI,Growth,6,133,-0.254375,0.254375,True,weak,2026-04-24T07:51:03.322738+00:00
1838,JP,JPY,CPI,101,cpi_headline_yoy,110,manufacturing_pmi,S&P Global Manufacturing PMI,Growth,2,137,-0.253849,0.253849,False,weak,2026-04-24T07:51:03.322738+00:00
1839,JP,JPY,CPI,101,cpi_headline_yoy,110,manufacturing_pmi,S&P Global Manufacturing PMI,Growth,5,135,-0.251719,0.251719,False,weak,2026-04-24T07:51:03.322738+00:00
1840,JP,JPY,CPI,101,cpi_headline_yoy,110,manufacturing_pmi,S&P Global Manufacturing PMI,Growth,0,136,-0.241561,0.241561,False,very_weak,2026-04-24T07:51:03.322738+00:00
1841,JP,JPY,CPI,101,cpi_headline_yoy,110,manufacturing_pmi,S&P Global Manufacturing PMI,Growth,4,135,-0.239193,0.239193,False,very_weak,2026-04-24T07:51:03.322738+00:00
1842,JP,JPY,CPI,101,cpi_headline_yoy,110,manufacturing_pmi,S&P Global Manufacturing PMI,Growth,1,139,-0.235706,0.235706,False,very_weak,2026-04-24T07:51:03.322738+00:00
1843,JP,JPY,CPI,101,cpi_headline_yoy,110,manufacturing_pmi,S&P Global Manufacturing PMI,Growth,3,138,-0.217883,0.217883,False,very_weak,2026-04-24T07:51:03.322738+00:00
1844,JP,JPY,CPI,101,cpi_headline_yoy,111,services_pmi,S&P Global Services PMI,Growth,6,139,-0.117634,0.117634,True,very_weak,2026-04-24T07:51:03.322738+00:00
1845,JP,JPY,CPI,101,cpi_headline_yoy,111,services_pmi,S&P Global Services PMI,Growth,5,141,-0.093537,0.093537,False,very_weak,2026-04-24T07:51:03.322738+00:00
1846,JP,JPY,CPI,101,cpi_headline_yoy,111,services_pmi,S&P Global Services PMI,Growth,4,143,-0.089426,0.089426,False,very_weak,2026-04-24T07:51:03.322738+00:00
1847,JP,JPY,CPI,101,cpi_headline_yoy,111,services_pmi,S&P Global Services PMI,Growth,3,145,-0.073098,0.073098,False,very_weak,2026-04-24T07:51:03.322738+00:00
1848,JP,JPY,CPI,101,cpi_headline_yoy,111,services_pmi,S&P Global Services PMI,Growth,2,145,-0.069112,0.069112,False,very_weak,2026-04-24T07:51:03.322738+00:00
1849,JP,JPY,CPI,101,cpi_headline_yoy,111,services_pmi,S&P Global Services PMI,Growth,1,146,-0.045203,0.045203,False,very_weak,2026-04-24T07:51:03.322738+00:00
1850,JP,JPY,CPI,101,cpi_headline_yoy,111,services_pmi,S&P Global Services PMI,Growth,0,144,0.019468,0.019468,False,very_weak,2026-04-24T07:51:03.322738+00:00
1851,JP,JPY,CPI,101,cpi_headline_yoy,112,composite_pmi,S&P Global Composite PMI,Growth,6,132,-0.108777,0.108777,True,very_weak,2026-04-24T07:51:03.322738+00:00
1852,JP,JPY,CPI,101,cpi_headline_yoy,112,composite_pmi,S&P Global Composite PMI,Growth,4,133,-0.084869,0.084869,False,very_weak,2026-04-24T07:51:03.322738+00:00
1853,JP,JPY,CPI,101,cpi_headline_yoy,112,composite_pmi,S&P Global Composite PMI,Growth,5,130,-0.083837,0.083837,False,very_weak,2026-04-24T07:51:03.322738+00:00
1854,JP,JPY,CPI,101,cpi_headline_yoy,112,composite_pmi,S&P Global Composite PMI,Growth,3,131,-0.053908,0.053908,False,very_weak,2026-04-24T07:51:03.322738+00:00
1855,JP,JPY,CPI,101,cpi_headline_yoy,112,composite_pmi,S&P Global Composite PMI,Growth,2,134,-0.045605,0.045605,False,very_weak,2026-04-24T07:51:03.322738+00:00
1856,JP,JPY,CPI,101,cpi_headline_yoy,112,composite_pmi,S&P Global Composite PMI,Growth,1,134,-0.024274,0.024274,False,very_weak,2026-04-24T07:51:03.322738+00:00
1857,JP,JPY,CPI,101,cpi_headline_yoy,112,composite_pmi,S&P Global Composite PMI,Growth,0,134,-0.000426,0.000426,False,very_weak,2026-04-24T07:51:03.322738+00:00
1858,JP,JPY,CPI,101,cpi_headline_yoy,113,cpi_headline_mom,Headline CPI (MoM),Inflation,4,65,-0.089565,0.089565,True,very_weak,2026-04-24T07:51:03.322738+00:00
1859,JP,JPY,CPI,101,cpi_headline_yoy,113,cpi_headline_mom,Headline CPI (MoM),Inflation,5,63,-0.072932,0.072932,False,very_weak,2026-04-24T07:51:03.322738+00:00
1860,JP,JPY,CPI,101,cpi_headline_yoy,113,cpi_headline_mom,Headline CPI (MoM),Inflation,6,63,-0.061087,0.061087,False,very_weak,2026-04-24T07:51:03.322738+00:00
1861,JP,JPY,CPI,101,cpi_headline_yoy,113,cpi_headline_mom,Headline CPI (MoM),Inflation,3,65,-0.059756,0.059756,False,very_weak,2026-04-24T07:51:03.322738+00:00
1862,JP,JPY,CPI,101,cpi_headline_yoy,113,cpi_headline_mom,Headline CPI (MoM),Inflation,0,67,-0.037717,0.037717,False,very_weak,2026-04-24T07:51:03.322738+00:00
1863,JP,JPY,CPI,101,cpi_headline_yoy,113,cpi_headline_mom,Headline CPI (MoM),Inflation,2,66,-0.035029,0.035029,False,very_weak,2026-04-24T07:51:03.322738+00:00
1864,JP,JPY,CPI,101,cpi_headline_yoy,113,cpi_headline_mom,Headline CPI (MoM),Inflation,1,69,-0.021745,0.021745,False,very_weak,2026-04-24T07:51:03.322738+00:00
1865,JP,JPY,CPI,101,cpi_headline_yoy,191,cpi_index,Consumer Price Index,Inflation,6,87,0.141817,0.141817,True,very_weak,2026-04-24T07:51:03.322738+00:00
1866,JP,JPY,CPI,101,cpi_headline_yoy,191,cpi_index,Consumer Price Index,Inflation,2,87,0.114276,0.114276,False,very_weak,2026-04-24T07:51:03.322738+00:00
1867,JP,JPY,CPI,101,cpi_headline_yoy,191,cpi_index,Consumer Price Index,Inflation,1,86,0.094306,0.094306,False,very_weak,2026-04-24T07:51:03.322738+00:00
1868,JP,JPY,CPI,101,cpi_headline_yoy,191,cpi_index,Consumer Price Index,Inflation,0,85,0.082475,0.082475,False,very_weak,2026-04-24T07:51:03.322738+00:00
1869,JP,JPY,CPI,101,cpi_headline_yoy,191,cpi_index,Consumer Price Index,Inflation,5,89,0.081722,0.081722,False,very_weak,2026-04-24T07:51:03.322738+00:00
1870,JP,JPY,CPI,101,cpi_headline_yoy,191,cpi_index,Consumer Price Index,Inflation,3,88,0.078448,0.078448,False,very_weak,2026-04-24T07:51:03.322738+00:00
1871,JP,JPY,CPI,101,cpi_headline_yoy,191,cpi_index,Consumer Price Index,Inflation,4,89,0.072140,0.072140,False,very_weak,2026-04-24T07:51:03.322738+00:00
1872,JP,JPY,CPI,101,cpi_headline_yoy,192,industrial_production_mom,Industrial Production (MoM),Growth,0,35,0.177208,0.177208,True,very_weak,2026-04-24T07:51:03.322738+00:00
1873,JP,JPY,CPI,101,cpi_headline_yoy,192,industrial_production_mom,Industrial Production (MoM),Growth,2,179,0.120464,0.120464,False,very_weak,2026-04-24T07:51:03.322738+00:00
1874,JP,JPY,CPI,101,cpi_headline_yoy,192,industrial_production_mom,Industrial Production (MoM),Growth,3,179,0.097822,0.097822,False,very_weak,2026-04-24T07:51:03.322738+00:00
1875,JP,JPY,CPI,101,cpi_headline_yoy,192,industrial_production_mom,Industrial Production (MoM),Growth,1,175,0.070949,0.070949,False,very_weak,2026-04-24T07:51:03.322738+00:00
1876,JP,JPY,CPI,101,cpi_headline_yoy,192,industrial_production_mom,Industrial Production (MoM),Growth,4,180,0.043836,0.043836,False,very_weak,2026-04-24T07:51:03.322738+00:00
1877,JP,JPY,CPI,101,cpi_headline_yoy,192,industrial_production_mom,Industrial Production (MoM),Growth,5,178,0.031538,0.031538,False,very_weak,2026-04-24T07:51:03.322738+00:00
1878,JP,JPY,CPI,101,cpi_headline_yoy,192,industrial_production_mom,Industrial Production (MoM),Growth,6,174,0.016091,0.016091,False,very_weak,2026-04-24T07:51:03.322738+00:00
1879,JP,JPY,CPI,101,cpi_headline_yoy,193,industrial_production_yoy,Industrial Production (YoY),Growth,1,141,0.049320,0.049320,True,very_weak,2026-04-24T07:51:03.322738+00:00
1880,JP,JPY,CPI,101,cpi_headline_yoy,193,industrial_production_yoy,Industrial Production (YoY),Growth,2,143,0.045957,0.045957,False,very_weak,2026-04-24T07:51:03.322738+00:00
1881,JP,JPY,CPI,101,cpi_headline_yoy,193,industrial_production_yoy,Industrial Production (YoY),Growth,3,143,0.039989,0.039989,False,very_weak,2026-04-24T07:51:03.322738+00:00
1882,JP,JPY,CPI,101,cpi_headline_yoy,193,industrial_production_yoy,Industrial Production (YoY),Growth,5,142,0.031706,0.031706,False,very_weak,2026-04-24T07:51:03.322738+00:00
1883,JP,JPY,CPI,101,cpi_headline_yoy,193,industrial_production_yoy,Industrial Production (YoY),Growth,4,142,0.026975,0.026975,False,very_weak,2026-04-24T07:51:03.322738+00:00
1884,JP,JPY,CPI,101,cpi_headline_yoy,193,industrial_production_yoy,Industrial Production (YoY),Growth,6,140,0.017316,0.017316,False,very_weak,2026-04-24T07:51:03.322738+00:00
1885,JP,JPY,CPI,101,cpi_headline_yoy,194,leading_economic_index,Leading Economic Index,Growth,6,136,-0.185214,0.185214,True,very_weak,2026-04-24T07:51:03.322738+00:00
1886,JP,JPY,CPI,101,cpi_headline_yoy,194,leading_economic_index,Leading Economic Index,Growth,4,140,-0.134287,0.134287,False,very_weak,2026-04-24T07:51:03.322738+00:00
1887,JP,JPY,CPI,101,cpi_headline_yoy,194,leading_economic_index,Leading Economic Index,Growth,5,139,-0.127654,0.127654,False,very_weak,2026-04-24T07:51:03.322738+00:00
1888,JP,JPY,CPI,101,cpi_headline_yoy,194,leading_economic_index,Leading Economic Index,Growth,3,141,-0.119088,0.119088,False,very_weak,2026-04-24T07:51:03.322738+00:00
1889,JP,JPY,CPI,101,cpi_headline_yoy,194,leading_economic_index,Leading Economic Index,Growth,2,142,-0.092577,0.092577,False,very_weak,2026-04-24T07:51:03.322738+00:00
1890,JP,JPY,CPI,101,cpi_headline_yoy,194,leading_economic_index,Leading Economic Index,Growth,1,69,-0.089954,0.089954,False,very_weak,2026-04-24T07:51:03.322738+00:00
1891,JP,JPY,CPI,101,cpi_headline_yoy,195,coincident_index,Coincident Index,Growth,3,146,-0.053289,0.053289,True,very_weak,2026-04-24T07:51:03.322738+00:00
1892,JP,JPY,CPI,101,cpi_headline_yoy,195,coincident_index,Coincident Index,Growth,2,145,-0.042113,0.042113,False,very_weak,2026-04-24T07:51:03.322738+00:00
1893,JP,JPY,CPI,101,cpi_headline_yoy,195,coincident_index,Coincident Index,Growth,6,143,-0.040552,0.040552,False,very_weak,2026-04-24T07:51:03.322738+00:00
1894,JP,JPY,CPI,101,cpi_headline_yoy,195,coincident_index,Coincident Index,Growth,1,76,-0.038181,0.038181,False,very_weak,2026-04-24T07:51:03.322738+00:00
1895,JP,JPY,CPI,101,cpi_headline_yoy,195,coincident_index,Coincident Index,Growth,4,145,-0.033954,0.033954,False,very_weak,2026-04-24T07:51:03.322738+00:00
1896,JP,JPY,CPI,101,cpi_headline_yoy,195,coincident_index,Coincident Index,Growth,5,145,-0.000945,0.000945,False,very_weak,2026-04-24T07:51:03.322738+00:00
1897,JP,JPY,CPI,101,cpi_headline_yoy,196,machine_tool_orders_yoy,Machine Tool Orders (YoY),Growth,5,70,-0.426322,0.426322,True,weak,2026-04-24T07:51:03.322738+00:00
1898,JP,JPY,CPI,101,cpi_headline_yoy,196,machine_tool_orders_yoy,Machine Tool Orders (YoY),Growth,4,71,-0.425244,0.425244,False,weak,2026-04-24T07:51:03.322738+00:00
1899,JP,JPY,CPI,101,cpi_headline_yoy,196,machine_tool_orders_yoy,Machine Tool Orders (YoY),Growth,6,69,-0.359640,0.359640,False,weak,2026-04-24T07:51:03.322738+00:00
1900,JP,JPY,CPI,101,cpi_headline_yoy,196,machine_tool_orders_yoy,Machine Tool Orders (YoY),Growth,3,72,-0.321405,0.321405,False,weak,2026-04-24T07:51:03.322738+00:00
1901,JP,JPY,CPI,101,cpi_headline_yoy,196,machine_tool_orders_yoy,Machine Tool Orders (YoY),Growth,2,73,-0.263541,0.263541,False,weak,2026-04-24T07:51:03.322738+00:00
1902,JP,JPY,CPI,101,cpi_headline_yoy,196,machine_tool_orders_yoy,Machine Tool Orders (YoY),Growth,1,74,-0.217497,0.217497,False,very_weak,2026-04-24T07:51:03.322738+00:00
1903,JP,JPY,CPI,101,cpi_headline_yoy,196,machine_tool_orders_yoy,Machine Tool Orders (YoY),Growth,0,72,-0.204174,0.204174,False,very_weak,2026-04-24T07:51:03.322738+00:00
1904,JP,JPY,CPI,101,cpi_headline_yoy,197,foreign_bond_investment,Foreign Bond Investment,Growth,0,325,0.032735,0.032735,True,very_weak,2026-04-24T07:51:03.322738+00:00
1905,JP,JPY,CPI,101,cpi_headline_yoy,197,foreign_bond_investment,Foreign Bond Investment,Growth,3,315,0.024843,0.024843,False,very_weak,2026-04-24T07:51:03.322738+00:00
1906,JP,JPY,CPI,101,cpi_headline_yoy,197,foreign_bond_investment,Foreign Bond Investment,Growth,4,311,-0.024235,0.024235,False,very_weak,2026-04-24T07:51:03.322738+00:00
1907,JP,JPY,CPI,101,cpi_headline_yoy,197,foreign_bond_investment,Foreign Bond Investment,Growth,1,322,0.013982,0.013982,False,very_weak,2026-04-24T07:51:03.322738+00:00
1908,JP,JPY,CPI,101,cpi_headline_yoy,197,foreign_bond_investment,Foreign Bond Investment,Growth,6,302,-0.011279,0.011279,False,very_weak,2026-04-24T07:51:03.322738+00:00
1909,JP,JPY,CPI,101,cpi_headline_yoy,197,foreign_bond_investment,Foreign Bond Investment,Growth,2,320,-0.003069,0.003069,False,very_weak,2026-04-24T07:51:03.322738+00:00
1910,JP,JPY,CPI,101,cpi_headline_yoy,197,foreign_bond_investment,Foreign Bond Investment,Growth,5,307,0.001797,0.001797,False,very_weak,2026-04-24T07:51:03.322738+00:00
1911,JP,JPY,CPI,101,cpi_headline_yoy,198,stock_investment_by_foreigners,Stock Investment by Foreigners,Growth,6,302,-0.081135,0.081135,True,very_weak,2026-04-24T07:51:03.322738+00:00
1912,JP,JPY,CPI,101,cpi_headline_yoy,198,stock_investment_by_foreigners,Stock Investment by Foreigners,Growth,1,322,-0.072158,0.072158,False,very_weak,2026-04-24T07:51:03.322738+00:00
1913,JP,JPY,CPI,101,cpi_headline_yoy,198,stock_investment_by_foreigners,Stock Investment by Foreigners,Growth,4,311,-0.072056,0.072056,False,very_weak,2026-04-24T07:51:03.322738+00:00
1914,JP,JPY,CPI,101,cpi_headline_yoy,198,stock_investment_by_foreigners,Stock Investment by Foreigners,Growth,3,315,-0.070836,0.070836,False,very_weak,2026-04-24T07:51:03.322738+00:00
1915,JP,JPY,CPI,101,cpi_headline_yoy,198,stock_investment_by_foreigners,Stock Investment by Foreigners,Growth,0,325,-0.065971,0.065971,False,very_weak,2026-04-24T07:51:03.322738+00:00
1916,JP,JPY,CPI,101,cpi_headline_yoy,198,stock_investment_by_foreigners,Stock Investment by Foreigners,Growth,5,307,-0.064696,0.064696,False,very_weak,2026-04-24T07:51:03.322738+00:00
1917,JP,JPY,CPI,101,cpi_headline_yoy,198,stock_investment_by_foreigners,Stock Investment by Foreigners,Growth,2,320,-0.063953,0.063953,False,very_weak,2026-04-24T07:51:03.322738+00:00
1918,JP,JPY,CPI,101,cpi_headline_yoy,247,cpi_ex_food_energy_yoy,CPI Ex Food and Energy (YoY),Inflation,2,72,0.462248,0.462248,True,moderate,2026-04-24T07:51:03.322738+00:00
1919,JP,JPY,CPI,101,cpi_headline_yoy,247,cpi_ex_food_energy_yoy,CPI Ex Food and Energy (YoY),Inflation,3,71,0.451992,0.451992,False,moderate,2026-04-24T07:51:03.322738+00:00
1920,JP,JPY,CPI,101,cpi_headline_yoy,247,cpi_ex_food_energy_yoy,CPI Ex Food and Energy (YoY),Inflation,1,73,0.432991,0.432991,False,weak,2026-04-24T07:51:03.322738+00:00
1921,JP,JPY,CPI,101,cpi_headline_yoy,247,cpi_ex_food_energy_yoy,CPI Ex Food and Energy (YoY),Inflation,0,72,0.422385,0.422385,False,weak,2026-04-24T07:51:03.322738+00:00
1922,JP,JPY,CPI,101,cpi_headline_yoy,247,cpi_ex_food_energy_yoy,CPI Ex Food and Energy (YoY),Inflation,4,70,0.415770,0.415770,False,weak,2026-04-24T07:51:03.322738+00:00
1923,JP,JPY,CPI,101,cpi_headline_yoy,247,cpi_ex_food_energy_yoy,CPI Ex Food and Energy (YoY),Inflation,6,68,0.358514,0.358514,False,weak,2026-04-24T07:51:03.322738+00:00
1924,JP,JPY,CPI,101,cpi_headline_yoy,247,cpi_ex_food_energy_yoy,CPI Ex Food and Energy (YoY),Inflation,5,69,0.353375,0.353375,False,weak,2026-04-24T07:51:03.322738+00:00
1925,JP,JPY,CPI,101,cpi_headline_yoy,248,ppi_mom,PPI (MoM),Inflation,5,63,-0.153601,0.153601,True,very_weak,2026-04-24T07:51:03.322738+00:00
1926,JP,JPY,CPI,101,cpi_headline_yoy,248,ppi_mom,PPI (MoM),Inflation,4,64,-0.080712,0.080712,False,very_weak,2026-04-24T07:51:03.322738+00:00
1927,JP,JPY,CPI,101,cpi_headline_yoy,248,ppi_mom,PPI (MoM),Inflation,6,62,-0.063318,0.063318,False,very_weak,2026-04-24T07:51:03.322738+00:00
1928,JP,JPY,CPI,101,cpi_headline_yoy,248,ppi_mom,PPI (MoM),Inflation,0,65,-0.051438,0.051438,False,very_weak,2026-04-24T07:51:03.322738+00:00
1929,JP,JPY,CPI,101,cpi_headline_yoy,248,ppi_mom,PPI (MoM),Inflation,1,67,-0.017230,0.017230,False,very_weak,2026-04-24T07:51:03.322738+00:00
1930,JP,JPY,CPI,101,cpi_headline_yoy,248,ppi_mom,PPI (MoM),Inflation,3,65,-0.013821,0.013821,False,very_weak,2026-04-24T07:51:03.322738+00:00
1931,JP,JPY,CPI,101,cpi_headline_yoy,248,ppi_mom,PPI (MoM),Inflation,2,66,-0.002651,0.002651,False,very_weak,2026-04-24T07:51:03.322738+00:00
1932,JP,JPY,CPI,101,cpi_headline_yoy,249,ppi_yoy,PPI (YoY),Inflation,0,72,-0.186260,0.186260,True,very_weak,2026-04-24T07:51:03.322738+00:00
1933,JP,JPY,CPI,101,cpi_headline_yoy,249,ppi_yoy,PPI (YoY),Inflation,4,71,-0.123169,0.123169,False,very_weak,2026-04-24T07:51:03.322738+00:00
1934,JP,JPY,CPI,101,cpi_headline_yoy,249,ppi_yoy,PPI (YoY),Inflation,1,74,-0.104247,0.104247,False,very_weak,2026-04-24T07:51:03.322738+00:00
1935,JP,JPY,CPI,101,cpi_headline_yoy,249,ppi_yoy,PPI (YoY),Inflation,5,70,-0.101906,0.101906,False,very_weak,2026-04-24T07:51:03.322738+00:00
1936,JP,JPY,CPI,101,cpi_headline_yoy,249,ppi_yoy,PPI (YoY),Inflation,3,72,-0.095738,0.095738,False,very_weak,2026-04-24T07:51:03.322738+00:00
1937,JP,JPY,CPI,101,cpi_headline_yoy,249,ppi_yoy,PPI (YoY),Inflation,2,73,-0.093830,0.093830,False,very_weak,2026-04-24T07:51:03.322738+00:00
1938,JP,JPY,CPI,101,cpi_headline_yoy,249,ppi_yoy,PPI (YoY),Inflation,6,69,0.011912,0.011912,False,very_weak,2026-04-24T07:51:03.322738+00:00
1939,JP,JPY,CPI,101,cpi_headline_yoy,251,current_account,Current Account,Growth,1,72,0.136204,0.136204,True,very_weak,2026-04-24T07:51:03.322738+00:00
1940,JP,JPY,CPI,101,cpi_headline_yoy,251,current_account,Current Account,Growth,2,74,0.074646,0.074646,False,very_weak,2026-04-24T07:51:03.322738+00:00
1941,JP,JPY,CPI,101,cpi_headline_yoy,251,current_account,Current Account,Growth,5,71,-0.036200,0.036200,False,very_weak,2026-04-24T07:51:03.322738+00:00
1942,JP,JPY,CPI,101,cpi_headline_yoy,251,current_account,Current Account,Growth,6,70,-0.030615,0.030615,False,very_weak,2026-04-24T07:51:03.322738+00:00
1943,JP,JPY,CPI,101,cpi_headline_yoy,251,current_account,Current Account,Growth,3,73,0.012729,0.012729,False,very_weak,2026-04-24T07:51:03.322738+00:00
1944,JP,JPY,CPI,101,cpi_headline_yoy,251,current_account,Current Account,Growth,4,72,0.005692,0.005692,False,very_weak,2026-04-24T07:51:03.322738+00:00
1945,JP,JPY,CPI,101,cpi_headline_yoy,256,leading_index_mom,Leading Index (MoM),Growth,5,32,-0.212766,0.212766,True,very_weak,2026-04-24T07:51:03.322738+00:00
1946,JP,JPY,CPI,101,cpi_headline_yoy,256,leading_index_mom,Leading Index (MoM),Growth,1,16,-0.187330,0.187330,False,very_weak,2026-04-24T07:51:03.322738+00:00
1947,JP,JPY,CPI,101,cpi_headline_yoy,256,leading_index_mom,Leading Index (MoM),Growth,6,31,-0.172339,0.172339,False,very_weak,2026-04-24T07:51:03.322738+00:00
1948,JP,JPY,CPI,101,cpi_headline_yoy,256,leading_index_mom,Leading Index (MoM),Growth,3,33,-0.117384,0.117384,False,very_weak,2026-04-24T07:51:03.322738+00:00
1949,JP,JPY,CPI,101,cpi_headline_yoy,256,leading_index_mom,Leading Index (MoM),Growth,2,34,-0.049735,0.049735,False,very_weak,2026-04-24T07:51:03.322738+00:00
1950,JP,JPY,CPI,101,cpi_headline_yoy,256,leading_index_mom,Leading Index (MoM),Growth,4,32,0.020867,0.020867,False,very_weak,2026-04-24T07:51:03.322738+00:00
1951,JP,JPY,CPI,101,cpi_headline_yoy,257,coincident_indicator_mom,Coincident Indicator (MoM),Growth,4,32,-0.169832,0.169832,True,very_weak,2026-04-24T07:51:03.322738+00:00
1952,JP,JPY,CPI,101,cpi_headline_yoy,257,coincident_indicator_mom,Coincident Indicator (MoM),Growth,2,34,-0.138366,0.138366,False,very_weak,2026-04-24T07:51:03.322738+00:00
1953,JP,JPY,CPI,101,cpi_headline_yoy,257,coincident_indicator_mom,Coincident Indicator (MoM),Growth,6,32,0.108112,0.108112,False,very_weak,2026-04-24T07:51:03.322738+00:00
1954,JP,JPY,CPI,101,cpi_headline_yoy,257,coincident_indicator_mom,Coincident Indicator (MoM),Growth,3,33,-0.067658,0.067658,False,very_weak,2026-04-24T07:51:03.322738+00:00
1955,JP,JPY,CPI,101,cpi_headline_yoy,257,coincident_indicator_mom,Coincident Indicator (MoM),Growth,5,32,0.028970,0.028970,False,very_weak,2026-04-24T07:51:03.322738+00:00
1956,JP,JPY,CPI,101,cpi_headline_yoy,257,coincident_indicator_mom,Coincident Indicator (MoM),Growth,1,16,-0.008400,0.008400,False,very_weak,2026-04-24T07:51:03.322738+00:00
1957,JP,JPY,CPI,101,cpi_headline_yoy,258,capacity_utilization,Capacity Utilization,Growth,5,70,-0.126099,0.126099,True,very_weak,2026-04-24T07:51:03.322738+00:00
1958,JP,JPY,CPI,101,cpi_headline_yoy,258,capacity_utilization,Capacity Utilization,Growth,4,71,-0.094537,0.094537,False,very_weak,2026-04-24T07:51:03.322738+00:00
1959,JP,JPY,CPI,101,cpi_headline_yoy,258,capacity_utilization,Capacity Utilization,Growth,3,72,-0.059615,0.059615,False,very_weak,2026-04-24T07:51:03.322738+00:00
1960,JP,JPY,CPI,101,cpi_headline_yoy,258,capacity_utilization,Capacity Utilization,Growth,6,69,-0.059059,0.059059,False,very_weak,2026-04-24T07:51:03.322738+00:00
1961,JP,JPY,CPI,101,cpi_headline_yoy,258,capacity_utilization,Capacity Utilization,Growth,1,71,-0.045519,0.045519,False,very_weak,2026-04-24T07:51:03.322738+00:00
1962,JP,JPY,CPI,101,cpi_headline_yoy,258,capacity_utilization,Capacity Utilization,Growth,2,73,-0.032080,0.032080,False,very_weak,2026-04-24T07:51:03.322738+00:00
1963,JP,JPY,CPI,101,cpi_headline_yoy,259,machinery_orders_mom,Machinery Orders (MoM),Growth,5,70,-0.064363,0.064363,True,very_weak,2026-04-24T07:51:03.322738+00:00
1964,JP,JPY,CPI,101,cpi_headline_yoy,259,machinery_orders_mom,Machinery Orders (MoM),Growth,3,72,-0.048707,0.048707,False,very_weak,2026-04-24T07:51:03.322738+00:00
1965,JP,JPY,CPI,101,cpi_headline_yoy,259,machinery_orders_mom,Machinery Orders (MoM),Growth,4,71,-0.037447,0.037447,False,very_weak,2026-04-24T07:51:03.322738+00:00
1966,JP,JPY,CPI,101,cpi_headline_yoy,259,machinery_orders_mom,Machinery Orders (MoM),Growth,1,70,0.027178,0.027178,False,very_weak,2026-04-24T07:51:03.322738+00:00
1967,JP,JPY,CPI,101,cpi_headline_yoy,259,machinery_orders_mom,Machinery Orders (MoM),Growth,6,69,-0.002651,0.002651,False,very_weak,2026-04-24T07:51:03.322738+00:00
1968,JP,JPY,CPI,101,cpi_headline_yoy,259,machinery_orders_mom,Machinery Orders (MoM),Growth,2,73,-0.001230,0.001230,False,very_weak,2026-04-24T07:51:03.322738+00:00
1969,JP,JPY,CPI,101,cpi_headline_yoy,260,machinery_orders_yoy,Machinery Orders (YoY),Growth,3,73,-0.122301,0.122301,True,very_weak,2026-04-24T07:51:03.322738+00:00
1970,JP,JPY,CPI,101,cpi_headline_yoy,260,machinery_orders_yoy,Machinery Orders (YoY),Growth,2,74,-0.111418,0.111418,False,very_weak,2026-04-24T07:51:03.322738+00:00
1971,JP,JPY,CPI,101,cpi_headline_yoy,260,machinery_orders_yoy,Machinery Orders (YoY),Growth,5,71,-0.111157,0.111157,False,very_weak,2026-04-24T07:51:03.322738+00:00
1972,JP,JPY,CPI,101,cpi_headline_yoy,260,machinery_orders_yoy,Machinery Orders (YoY),Growth,4,72,-0.110835,0.110835,False,very_weak,2026-04-24T07:51:03.322738+00:00
1973,JP,JPY,CPI,101,cpi_headline_yoy,260,machinery_orders_yoy,Machinery Orders (YoY),Growth,1,71,-0.080354,0.080354,False,very_weak,2026-04-24T07:51:03.322738+00:00
1974,JP,JPY,CPI,101,cpi_headline_yoy,260,machinery_orders_yoy,Machinery Orders (YoY),Growth,6,70,-0.008793,0.008793,False,very_weak,2026-04-24T07:51:03.322738+00:00
1975,JP,JPY,CPI,101,cpi_headline_yoy,261,household_spending_mom,Household Spending (MoM),Growth,3,73,0.088202,0.088202,True,very_weak,2026-04-24T07:51:03.322738+00:00
1976,JP,JPY,CPI,101,cpi_headline_yoy,261,household_spending_mom,Household Spending (MoM),Growth,5,71,-0.072945,0.072945,False,very_weak,2026-04-24T07:51:03.322738+00:00
1977,JP,JPY,CPI,101,cpi_headline_yoy,261,household_spending_mom,Household Spending (MoM),Growth,6,70,-0.029710,0.029710,False,very_weak,2026-04-24T07:51:03.322738+00:00
1978,JP,JPY,CPI,101,cpi_headline_yoy,261,household_spending_mom,Household Spending (MoM),Growth,2,74,0.011063,0.011063,False,very_weak,2026-04-24T07:51:03.322738+00:00
1979,JP,JPY,CPI,101,cpi_headline_yoy,261,household_spending_mom,Household Spending (MoM),Growth,1,72,0.010397,0.010397,False,very_weak,2026-04-24T07:51:03.322738+00:00
1980,JP,JPY,CPI,101,cpi_headline_yoy,261,household_spending_mom,Household Spending (MoM),Growth,4,72,-0.005592,0.005592,False,very_weak,2026-04-24T07:51:03.322738+00:00
1981,JP,JPY,CPI,101,cpi_headline_yoy,262,household_spending_yoy,Household Spending (YoY),Growth,1,72,-0.081213,0.081213,True,very_weak,2026-04-24T07:51:03.322738+00:00
1982,JP,JPY,CPI,101,cpi_headline_yoy,262,household_spending_yoy,Household Spending (YoY),Growth,2,74,-0.060167,0.060167,False,very_weak,2026-04-24T07:51:03.322738+00:00
1983,JP,JPY,CPI,101,cpi_headline_yoy,262,household_spending_yoy,Household Spending (YoY),Growth,4,72,-0.041639,0.041639,False,very_weak,2026-04-24T07:51:03.322738+00:00
1984,JP,JPY,CPI,101,cpi_headline_yoy,262,household_spending_yoy,Household Spending (YoY),Growth,5,71,-0.040411,0.040411,False,very_weak,2026-04-24T07:51:03.322738+00:00
1985,JP,JPY,CPI,101,cpi_headline_yoy,262,household_spending_yoy,Household Spending (YoY),Growth,6,70,-0.016708,0.016708,False,very_weak,2026-04-24T07:51:03.322738+00:00
1986,JP,JPY,CPI,101,cpi_headline_yoy,262,household_spending_yoy,Household Spending (YoY),Growth,3,73,-0.007986,0.007986,False,very_weak,2026-04-24T07:51:03.322738+00:00
1987,JP,JPY,CPI,101,cpi_headline_yoy,263,retail_sales_mom,Retail Sales (MoM),Growth,1,71,0.120055,0.120055,True,very_weak,2026-04-24T07:51:03.322738+00:00
1988,JP,JPY,CPI,101,cpi_headline_yoy,263,retail_sales_mom,Retail Sales (MoM),Growth,6,69,-0.114291,0.114291,False,very_weak,2026-04-24T07:51:03.322738+00:00
1989,JP,JPY,CPI,101,cpi_headline_yoy,263,retail_sales_mom,Retail Sales (MoM),Growth,3,72,0.110564,0.110564,False,very_weak,2026-04-24T07:51:03.322738+00:00
1990,JP,JPY,CPI,101,cpi_headline_yoy,263,retail_sales_mom,Retail Sales (MoM),Growth,2,73,0.079549,0.079549,False,very_weak,2026-04-24T07:51:03.322738+00:00
1991,JP,JPY,CPI,101,cpi_headline_yoy,263,retail_sales_mom,Retail Sales (MoM),Growth,4,71,0.068446,0.068446,False,very_weak,2026-04-24T07:51:03.322738+00:00
1992,JP,JPY,CPI,101,cpi_headline_yoy,263,retail_sales_mom,Retail Sales (MoM),Growth,5,70,0.050689,0.050689,False,very_weak,2026-04-24T07:51:03.322738+00:00
1993,JP,JPY,CPI,101,cpi_headline_yoy,264,retail_sales_yoy,Retail Sales (YoY),Growth,4,71,-0.060802,0.060802,True,very_weak,2026-04-24T07:51:03.322738+00:00
1994,JP,JPY,CPI,101,cpi_headline_yoy,264,retail_sales_yoy,Retail Sales (YoY),Growth,5,70,-0.040948,0.040948,False,very_weak,2026-04-24T07:51:03.322738+00:00
1995,JP,JPY,CPI,101,cpi_headline_yoy,264,retail_sales_yoy,Retail Sales (YoY),Growth,6,69,0.038289,0.038289,False,very_weak,2026-04-24T07:51:03.322738+00:00
1996,JP,JPY,CPI,101,cpi_headline_yoy,264,retail_sales_yoy,Retail Sales (YoY),Growth,1,71,0.031804,0.031804,False,very_weak,2026-04-24T07:51:03.322738+00:00
1997,JP,JPY,CPI,101,cpi_headline_yoy,264,retail_sales_yoy,Retail Sales (YoY),Growth,3,72,-0.019956,0.019956,False,very_weak,2026-04-24T07:51:03.322738+00:00
1998,JP,JPY,CPI,101,cpi_headline_yoy,264,retail_sales_yoy,Retail Sales (YoY),Growth,2,73,-0.018136,0.018136,False,very_weak,2026-04-24T07:51:03.322738+00:00
1999,JP,JPY,CPI,101,cpi_headline_yoy,265,consumer_confidence,Consumer Confidence,Growth,6,68,-0.239782,0.239782,True,very_weak,2026-04-24T07:51:03.322738+00:00
2000,JP,JPY,CPI,101,cpi_headline_yoy,265,consumer_confidence,Consumer Confidence,Growth,3,71,-0.044088,0.044088,False,very_weak,2026-04-24T07:51:03.322738+00:00
2001,JP,JPY,CPI,101,cpi_headline_yoy,265,consumer_confidence,Consumer Confidence,Growth,2,72,-0.043777,0.043777,False,very_weak,2026-04-24T07:51:03.322738+00:00
2002,JP,JPY,CPI,101,cpi_headline_yoy,265,consumer_confidence,Consumer Confidence,Growth,5,69,-0.040265,0.040265,False,very_weak,2026-04-24T07:51:03.322738+00:00
2003,JP,JPY,CPI,101,cpi_headline_yoy,265,consumer_confidence,Consumer Confidence,Growth,4,70,-0.040260,0.040260,False,very_weak,2026-04-24T07:51:03.322738+00:00
2004,JP,JPY,CPI,101,cpi_headline_yoy,265,consumer_confidence,Consumer Confidence,Growth,1,73,-0.025027,0.025027,False,very_weak,2026-04-24T07:51:03.322738+00:00
2005,JP,JPY,CPI,101,cpi_headline_yoy,265,consumer_confidence,Consumer Confidence,Growth,0,72,0.004036,0.004036,False,very_weak,2026-04-24T07:51:03.322738+00:00
2006,JP,JPY,CPI,101,cpi_headline_yoy,266,eco_watchers_current,Eco Watchers Survey Current,Growth,0,72,0.088827,0.088827,True,very_weak,2026-04-24T07:51:03.322738+00:00
2007,JP,JPY,CPI,101,cpi_headline_yoy,266,eco_watchers_current,Eco Watchers Survey Current,Growth,2,75,0.075118,0.075118,False,very_weak,2026-04-24T07:51:03.322738+00:00
2008,JP,JPY,CPI,101,cpi_headline_yoy,266,eco_watchers_current,Eco Watchers Survey Current,Growth,6,72,0.065493,0.065493,False,very_weak,2026-04-24T07:51:03.322738+00:00
2009,JP,JPY,CPI,101,cpi_headline_yoy,266,eco_watchers_current,Eco Watchers Survey Current,Growth,1,75,0.065126,0.065126,False,very_weak,2026-04-24T07:51:03.322738+00:00
2010,JP,JPY,CPI,101,cpi_headline_yoy,266,eco_watchers_current,Eco Watchers Survey Current,Growth,4,73,0.059472,0.059472,False,very_weak,2026-04-24T07:51:03.322738+00:00
2011,JP,JPY,CPI,101,cpi_headline_yoy,266,eco_watchers_current,Eco Watchers Survey Current,Growth,3,74,0.058871,0.058871,False,very_weak,2026-04-24T07:51:03.322738+00:00
2012,JP,JPY,CPI,101,cpi_headline_yoy,266,eco_watchers_current,Eco Watchers Survey Current,Growth,5,72,0.047622,0.047622,False,very_weak,2026-04-24T07:51:03.322738+00:00
2013,JP,JPY,CPI,101,cpi_headline_yoy,267,eco_watchers_outlook,Eco Watchers Survey Outlook,Growth,6,70,-0.065123,0.065123,True,very_weak,2026-04-24T07:51:03.322738+00:00
2014,JP,JPY,CPI,101,cpi_headline_yoy,267,eco_watchers_outlook,Eco Watchers Survey Outlook,Growth,5,71,-0.061953,0.061953,False,very_weak,2026-04-24T07:51:03.322738+00:00
2015,JP,JPY,CPI,101,cpi_headline_yoy,267,eco_watchers_outlook,Eco Watchers Survey Outlook,Growth,4,72,-0.055661,0.055661,False,very_weak,2026-04-24T07:51:03.322738+00:00
2016,JP,JPY,CPI,101,cpi_headline_yoy,267,eco_watchers_outlook,Eco Watchers Survey Outlook,Growth,3,73,-0.055383,0.055383,False,very_weak,2026-04-24T07:51:03.322738+00:00
2017,JP,JPY,CPI,101,cpi_headline_yoy,267,eco_watchers_outlook,Eco Watchers Survey Outlook,Growth,2,74,-0.052135,0.052135,False,very_weak,2026-04-24T07:51:03.322738+00:00
2018,JP,JPY,CPI,101,cpi_headline_yoy,267,eco_watchers_outlook,Eco Watchers Survey Outlook,Growth,1,75,-0.024177,0.024177,False,very_weak,2026-04-24T07:51:03.322738+00:00
2019,JP,JPY,CPI,101,cpi_headline_yoy,267,eco_watchers_outlook,Eco Watchers Survey Outlook,Growth,0,73,0.012828,0.012828,False,very_weak,2026-04-24T07:51:03.322738+00:00
2020,JP,JPY,CPI,101,cpi_headline_yoy,268,reuters_tankan_index,Reuters Tankan Index,Growth,6,68,-0.264462,0.264462,True,weak,2026-04-24T07:51:03.322738+00:00
2021,JP,JPY,CPI,101,cpi_headline_yoy,268,reuters_tankan_index,Reuters Tankan Index,Growth,4,70,-0.039841,0.039841,False,very_weak,2026-04-24T07:51:03.322738+00:00
2022,JP,JPY,CPI,101,cpi_headline_yoy,268,reuters_tankan_index,Reuters Tankan Index,Growth,3,71,-0.036507,0.036507,False,very_weak,2026-04-24T07:51:03.322738+00:00
2023,JP,JPY,CPI,101,cpi_headline_yoy,268,reuters_tankan_index,Reuters Tankan Index,Growth,5,69,-0.027856,0.027856,False,very_weak,2026-04-24T07:51:03.322738+00:00
2024,JP,JPY,CPI,101,cpi_headline_yoy,268,reuters_tankan_index,Reuters Tankan Index,Growth,2,72,-0.017327,0.017327,False,very_weak,2026-04-24T07:51:03.322738+00:00
2025,JP,JPY,CPI,101,cpi_headline_yoy,268,reuters_tankan_index,Reuters Tankan Index,Growth,1,73,0.009734,0.009734,False,very_weak,2026-04-24T07:51:03.322738+00:00
2026,JP,JPY,CPI,101,cpi_headline_yoy,268,reuters_tankan_index,Reuters Tankan Index,Growth,0,74,0.009078,0.009078,False,very_weak,2026-04-24T07:51:03.322738+00:00
2027,JP,JPY,CPI,101,cpi_headline_yoy,269,tankan_large_manufacturers_index,Tankan Large Manufacturers Index,Growth,6,22,-0.497809,0.497809,True,moderate,2026-04-24T07:51:03.322738+00:00
2028,JP,JPY,CPI,101,cpi_headline_yoy,269,tankan_large_manufacturers_index,Tankan Large Manufacturers Index,Growth,2,22,-0.479742,0.479742,False,moderate,2026-04-24T07:51:03.322738+00:00
2029,JP,JPY,CPI,101,cpi_headline_yoy,269,tankan_large_manufacturers_index,Tankan Large Manufacturers Index,Growth,3,23,-0.477072,0.477072,False,moderate,2026-04-24T07:51:03.322738+00:00
2030,JP,JPY,CPI,101,cpi_headline_yoy,269,tankan_large_manufacturers_index,Tankan Large Manufacturers Index,Growth,4,22,-0.421469,0.421469,False,weak,2026-04-24T07:51:03.322738+00:00
2031,JP,JPY,CPI,101,cpi_headline_yoy,269,tankan_large_manufacturers_index,Tankan Large Manufacturers Index,Growth,5,23,-0.399047,0.399047,False,weak,2026-04-24T07:51:03.322738+00:00
2032,JP,JPY,CPI,101,cpi_headline_yoy,270,tankan_large_all_industry_capex,Tankan Large All Industry Capex,Growth,3,23,-0.065094,0.065094,True,very_weak,2026-04-24T07:51:03.322738+00:00
2033,JP,JPY,CPI,101,cpi_headline_yoy,270,tankan_large_all_industry_capex,Tankan Large All Industry Capex,Growth,6,22,0.054838,0.054838,False,very_weak,2026-04-24T07:51:03.322738+00:00
2034,JP,JPY,CPI,101,cpi_headline_yoy,270,tankan_large_all_industry_capex,Tankan Large All Industry Capex,Growth,4,22,-0.050032,0.050032,False,very_weak,2026-04-24T07:51:03.322738+00:00
2035,JP,JPY,CPI,101,cpi_headline_yoy,270,tankan_large_all_industry_capex,Tankan Large All Industry Capex,Growth,2,22,-0.023414,0.023414,False,very_weak,2026-04-24T07:51:03.322738+00:00
2036,JP,JPY,CPI,101,cpi_headline_yoy,270,tankan_large_all_industry_capex,Tankan Large All Industry Capex,Growth,5,23,0.010690,0.010690,False,very_weak,2026-04-24T07:51:03.322738+00:00
2037,JP,JPY,CPI,101,cpi_headline_yoy,271,tankan_large_manufacturing_outlook,Tankan Large Manufacturing Outlook,Growth,3,23,-0.565587,0.565587,True,moderate,2026-04-24T07:51:03.322738+00:00
2038,JP,JPY,CPI,101,cpi_headline_yoy,271,tankan_large_manufacturing_outlook,Tankan Large Manufacturing Outlook,Growth,2,22,-0.558226,0.558226,False,moderate,2026-04-24T07:51:03.322738+00:00
2039,JP,JPY,CPI,101,cpi_headline_yoy,271,tankan_large_manufacturing_outlook,Tankan Large Manufacturing Outlook,Growth,4,22,-0.511341,0.511341,False,moderate,2026-04-24T07:51:03.322738+00:00
2040,JP,JPY,CPI,101,cpi_headline_yoy,271,tankan_large_manufacturing_outlook,Tankan Large Manufacturing Outlook,Growth,6,22,-0.456424,0.456424,False,moderate,2026-04-24T07:51:03.322738+00:00
2041,JP,JPY,CPI,101,cpi_headline_yoy,271,tankan_large_manufacturing_outlook,Tankan Large Manufacturing Outlook,Growth,5,23,-0.425681,0.425681,False,weak,2026-04-24T07:51:03.322738+00:00
2042,JP,JPY,CPI,101,cpi_headline_yoy,272,tankan_large_non_manufacturing_index,Tankan Large Non-Manufacturing Index,Growth,6,22,0.569794,0.569794,True,moderate,2026-04-24T07:51:03.322738+00:00
2043,JP,JPY,CPI,101,cpi_headline_yoy,272,tankan_large_non_manufacturing_index,Tankan Large Non-Manufacturing Index,Growth,4,22,0.516045,0.516045,False,moderate,2026-04-24T07:51:03.322738+00:00
2044,JP,JPY,CPI,101,cpi_headline_yoy,272,tankan_large_non_manufacturing_index,Tankan Large Non-Manufacturing Index,Growth,5,23,0.514996,0.514996,False,moderate,2026-04-24T07:51:03.322738+00:00
2045,JP,JPY,CPI,101,cpi_headline_yoy,272,tankan_large_non_manufacturing_index,Tankan Large Non-Manufacturing Index,Growth,3,23,0.428107,0.428107,False,weak,2026-04-24T07:51:03.322738+00:00
2046,JP,JPY,CPI,101,cpi_headline_yoy,272,tankan_large_non_manufacturing_index,Tankan Large Non-Manufacturing Index,Growth,2,22,0.246253,0.246253,False,very_weak,2026-04-24T07:51:03.322738+00:00
2047,JP,JPY,CPI,101,cpi_headline_yoy,273,tankan_non_manufacturing_outlook,Tankan Non-Manufacturing Outlook,Growth,6,22,0.307085,0.307085,True,weak,2026-04-24T07:51:03.322738+00:00
2048,JP,JPY,CPI,101,cpi_headline_yoy,273,tankan_non_manufacturing_outlook,Tankan Non-Manufacturing Outlook,Growth,4,22,0.276455,0.276455,False,weak,2026-04-24T07:51:03.322738+00:00
2049,JP,JPY,CPI,101,cpi_headline_yoy,273,tankan_non_manufacturing_outlook,Tankan Non-Manufacturing Outlook,Growth,5,23,0.273957,0.273957,False,weak,2026-04-24T07:51:03.322738+00:00
2050,JP,JPY,CPI,101,cpi_headline_yoy,273,tankan_non_manufacturing_outlook,Tankan Non-Manufacturing Outlook,Growth,3,23,0.171228,0.171228,False,very_weak,2026-04-24T07:51:03.322738+00:00
2051,JP,JPY,CPI,101,cpi_headline_yoy,273,tankan_non_manufacturing_outlook,Tankan Non-Manufacturing Outlook,Growth,2,22,0.039642,0.039642,False,very_weak,2026-04-24T07:51:03.322738+00:00
2052,JP,JPY,CPI,101,cpi_headline_yoy,274,tankan_small_manufacturers_index,Tankan Small Manufacturers Index,Growth,2,21,-0.219706,0.219706,True,very_weak,2026-04-24T07:51:03.322738+00:00
2053,JP,JPY,CPI,101,cpi_headline_yoy,274,tankan_small_manufacturers_index,Tankan Small Manufacturers Index,Growth,3,22,-0.198239,0.198239,False,very_weak,2026-04-24T07:51:03.322738+00:00
2054,JP,JPY,CPI,101,cpi_headline_yoy,274,tankan_small_manufacturers_index,Tankan Small Manufacturers Index,Growth,4,21,-0.160577,0.160577,False,very_weak,2026-04-24T07:51:03.322738+00:00
2055,JP,JPY,CPI,101,cpi_headline_yoy,274,tankan_small_manufacturers_index,Tankan Small Manufacturers Index,Growth,6,21,-0.133755,0.133755,False,very_weak,2026-04-24T07:51:03.322738+00:00
2056,JP,JPY,CPI,101,cpi_headline_yoy,274,tankan_small_manufacturers_index,Tankan Small Manufacturers Index,Growth,5,22,-0.090709,0.090709,False,very_weak,2026-04-24T07:51:03.322738+00:00
2057,JP,JPY,CPI,113,cpi_headline_mom,101,cpi_headline_yoy,Headline CPI (YoY),Inflation,0,72,0.522976,0.522976,True,moderate,2026-04-24T07:51:03.322738+00:00
2058,JP,JPY,CPI,113,cpi_headline_mom,101,cpi_headline_yoy,Headline CPI (YoY),Inflation,6,65,0.352212,0.352212,False,weak,2026-04-24T07:51:03.322738+00:00
2059,JP,JPY,CPI,113,cpi_headline_mom,101,cpi_headline_yoy,Headline CPI (YoY),Inflation,5,66,0.220904,0.220904,False,very_weak,2026-04-24T07:51:03.322738+00:00
2060,JP,JPY,CPI,113,cpi_headline_mom,101,cpi_headline_yoy,Headline CPI (YoY),Inflation,2,70,0.162247,0.162247,False,very_weak,2026-04-24T07:51:03.322738+00:00
2061,JP,JPY,CPI,113,cpi_headline_mom,101,cpi_headline_yoy,Headline CPI (YoY),Inflation,1,70,0.160359,0.160359,False,very_weak,2026-04-24T07:51:03.322738+00:00
2062,JP,JPY,CPI,113,cpi_headline_mom,101,cpi_headline_yoy,Headline CPI (YoY),Inflation,4,67,0.098434,0.098434,False,very_weak,2026-04-24T07:51:03.322738+00:00
2063,JP,JPY,CPI,113,cpi_headline_mom,101,cpi_headline_yoy,Headline CPI (YoY),Inflation,3,67,-0.001668,0.001668,False,very_weak,2026-04-24T07:51:03.322738+00:00
2064,JP,JPY,CPI,113,cpi_headline_mom,102,core_cpi_yoy,Core CPI (YoY),Inflation,0,70,0.328561,0.328561,True,weak,2026-04-24T07:51:03.322738+00:00
2065,JP,JPY,CPI,113,cpi_headline_mom,102,core_cpi_yoy,Core CPI (YoY),Inflation,6,63,0.247490,0.247490,False,very_weak,2026-04-24T07:51:03.322738+00:00
2066,JP,JPY,CPI,113,cpi_headline_mom,102,core_cpi_yoy,Core CPI (YoY),Inflation,4,65,0.189170,0.189170,False,very_weak,2026-04-24T07:51:03.322738+00:00
2067,JP,JPY,CPI,113,cpi_headline_mom,102,core_cpi_yoy,Core CPI (YoY),Inflation,5,64,0.147797,0.147797,False,very_weak,2026-04-24T07:51:03.322738+00:00
2068,JP,JPY,CPI,113,cpi_headline_mom,102,core_cpi_yoy,Core CPI (YoY),Inflation,1,69,0.065477,0.065477,False,very_weak,2026-04-24T07:51:03.322738+00:00
2069,JP,JPY,CPI,113,cpi_headline_mom,102,core_cpi_yoy,Core CPI (YoY),Inflation,3,66,0.046667,0.046667,False,very_weak,2026-04-24T07:51:03.322738+00:00
2070,JP,JPY,CPI,113,cpi_headline_mom,102,core_cpi_yoy,Core CPI (YoY),Inflation,2,68,0.026277,0.026277,False,very_weak,2026-04-24T07:51:03.322738+00:00
2071,JP,JPY,CPI,113,cpi_headline_mom,103,unemployment_rate,Unemployment Rate,Labor,4,68,-0.292183,0.292183,True,weak,2026-04-24T07:51:03.322738+00:00
2072,JP,JPY,CPI,113,cpi_headline_mom,103,unemployment_rate,Unemployment Rate,Labor,2,69,-0.198867,0.198867,False,very_weak,2026-04-24T07:51:03.322738+00:00
2073,JP,JPY,CPI,113,cpi_headline_mom,103,unemployment_rate,Unemployment Rate,Labor,3,68,-0.173068,0.173068,False,very_weak,2026-04-24T07:51:03.322738+00:00
2074,JP,JPY,CPI,113,cpi_headline_mom,103,unemployment_rate,Unemployment Rate,Labor,5,67,-0.157241,0.157241,False,very_weak,2026-04-24T07:51:03.322738+00:00
2075,JP,JPY,CPI,113,cpi_headline_mom,103,unemployment_rate,Unemployment Rate,Labor,6,66,-0.134142,0.134142,False,very_weak,2026-04-24T07:51:03.322738+00:00
2076,JP,JPY,CPI,113,cpi_headline_mom,103,unemployment_rate,Unemployment Rate,Labor,1,69,0.089450,0.089450,False,very_weak,2026-04-24T07:51:03.322738+00:00
2077,JP,JPY,CPI,113,cpi_headline_mom,104,gdp_qoq,GDP (QoQ),Growth,6,42,0.354664,0.354664,True,weak,2026-04-24T07:51:03.322738+00:00
2078,JP,JPY,CPI,113,cpi_headline_mom,104,gdp_qoq,GDP (QoQ),Growth,4,40,0.085048,0.085048,False,very_weak,2026-04-24T07:51:03.322738+00:00
2079,JP,JPY,CPI,113,cpi_headline_mom,104,gdp_qoq,GDP (QoQ),Growth,5,43,0.066516,0.066516,False,very_weak,2026-04-24T07:51:03.322738+00:00
2080,JP,JPY,CPI,113,cpi_headline_mom,104,gdp_qoq,GDP (QoQ),Growth,3,22,-0.028713,0.028713,False,very_weak,2026-04-24T07:51:03.322738+00:00
2081,JP,JPY,CPI,113,cpi_headline_mom,105,tertiary_industry_index_mom,Tertiary Industry Index (MoM),Growth,6,66,0.164670,0.164670,True,very_weak,2026-04-24T07:51:03.322738+00:00
2082,JP,JPY,CPI,113,cpi_headline_mom,105,tertiary_industry_index_mom,Tertiary Industry Index (MoM),Growth,5,67,0.140571,0.140571,False,very_weak,2026-04-24T07:51:03.322738+00:00
2083,JP,JPY,CPI,113,cpi_headline_mom,105,tertiary_industry_index_mom,Tertiary Industry Index (MoM),Growth,3,68,0.106362,0.106362,False,very_weak,2026-04-24T07:51:03.322738+00:00
2084,JP,JPY,CPI,113,cpi_headline_mom,105,tertiary_industry_index_mom,Tertiary Industry Index (MoM),Growth,1,66,-0.103751,0.103751,False,very_weak,2026-04-24T07:51:03.322738+00:00
2085,JP,JPY,CPI,113,cpi_headline_mom,105,tertiary_industry_index_mom,Tertiary Industry Index (MoM),Growth,4,67,-0.095566,0.095566,False,very_weak,2026-04-24T07:51:03.322738+00:00
2086,JP,JPY,CPI,113,cpi_headline_mom,105,tertiary_industry_index_mom,Tertiary Industry Index (MoM),Growth,2,68,0.005447,0.005447,False,very_weak,2026-04-24T07:51:03.322738+00:00
2087,JP,JPY,CPI,113,cpi_headline_mom,107,balance_of_trade,Balance of Trade,Growth,2,69,-0.268419,0.268419,True,weak,2026-04-24T07:51:03.322738+00:00
2088,JP,JPY,CPI,113,cpi_headline_mom,107,balance_of_trade,Balance of Trade,Growth,1,69,0.202038,0.202038,False,very_weak,2026-04-24T07:51:03.322738+00:00
2089,JP,JPY,CPI,113,cpi_headline_mom,107,balance_of_trade,Balance of Trade,Growth,0,67,-0.107914,0.107914,False,very_weak,2026-04-24T07:51:03.322738+00:00
2090,JP,JPY,CPI,113,cpi_headline_mom,107,balance_of_trade,Balance of Trade,Growth,3,68,-0.092688,0.092688,False,very_weak,2026-04-24T07:51:03.322738+00:00
2091,JP,JPY,CPI,113,cpi_headline_mom,107,balance_of_trade,Balance of Trade,Growth,6,66,-0.062269,0.062269,False,very_weak,2026-04-24T07:51:03.322738+00:00
2092,JP,JPY,CPI,113,cpi_headline_mom,107,balance_of_trade,Balance of Trade,Growth,5,67,0.032863,0.032863,False,very_weak,2026-04-24T07:51:03.322738+00:00
2093,JP,JPY,CPI,113,cpi_headline_mom,107,balance_of_trade,Balance of Trade,Growth,4,68,-0.020359,0.020359,False,very_weak,2026-04-24T07:51:03.322738+00:00
2094,JP,JPY,CPI,113,cpi_headline_mom,108,exports_yoy,Exports (YoY),Growth,3,68,-0.130450,0.130450,True,very_weak,2026-04-24T07:51:03.322738+00:00
2095,JP,JPY,CPI,113,cpi_headline_mom,108,exports_yoy,Exports (YoY),Growth,4,68,-0.121170,0.121170,False,very_weak,2026-04-24T07:51:03.322738+00:00
2096,JP,JPY,CPI,113,cpi_headline_mom,108,exports_yoy,Exports (YoY),Growth,0,67,-0.046403,0.046403,False,very_weak,2026-04-24T07:51:03.322738+00:00
2097,JP,JPY,CPI,113,cpi_headline_mom,108,exports_yoy,Exports (YoY),Growth,1,69,-0.045170,0.045170,False,very_weak,2026-04-24T07:51:03.322738+00:00
2098,JP,JPY,CPI,113,cpi_headline_mom,108,exports_yoy,Exports (YoY),Growth,5,67,-0.043442,0.043442,False,very_weak,2026-04-24T07:51:03.322738+00:00
2099,JP,JPY,CPI,113,cpi_headline_mom,108,exports_yoy,Exports (YoY),Growth,2,69,-0.032413,0.032413,False,very_weak,2026-04-24T07:51:03.322738+00:00
2100,JP,JPY,CPI,113,cpi_headline_mom,108,exports_yoy,Exports (YoY),Growth,6,66,0.020713,0.020713,False,very_weak,2026-04-24T07:51:03.322738+00:00
2101,JP,JPY,CPI,113,cpi_headline_mom,109,imports_yoy,Imports (YoY),Growth,3,68,0.158025,0.158025,True,very_weak,2026-04-24T07:51:03.322738+00:00
2102,JP,JPY,CPI,113,cpi_headline_mom,109,imports_yoy,Imports (YoY),Growth,6,66,0.128318,0.128318,False,very_weak,2026-04-24T07:51:03.322738+00:00
2103,JP,JPY,CPI,113,cpi_headline_mom,109,imports_yoy,Imports (YoY),Growth,5,67,-0.060049,0.060049,False,very_weak,2026-04-24T07:51:03.322738+00:00
2104,JP,JPY,CPI,113,cpi_headline_mom,109,imports_yoy,Imports (YoY),Growth,2,69,-0.056877,0.056877,False,very_weak,2026-04-24T07:51:03.322738+00:00
2105,JP,JPY,CPI,113,cpi_headline_mom,109,imports_yoy,Imports (YoY),Growth,1,69,-0.029167,0.029167,False,very_weak,2026-04-24T07:51:03.322738+00:00
2106,JP,JPY,CPI,113,cpi_headline_mom,109,imports_yoy,Imports (YoY),Growth,4,68,-0.026020,0.026020,False,very_weak,2026-04-24T07:51:03.322738+00:00
2107,JP,JPY,CPI,113,cpi_headline_mom,109,imports_yoy,Imports (YoY),Growth,0,67,0.025097,0.025097,False,very_weak,2026-04-24T07:51:03.322738+00:00
2108,JP,JPY,CPI,113,cpi_headline_mom,110,manufacturing_pmi,S&P Global Manufacturing PMI,Growth,1,128,-0.198596,0.198596,True,very_weak,2026-04-24T07:51:03.322738+00:00
2109,JP,JPY,CPI,113,cpi_headline_mom,110,manufacturing_pmi,S&P Global Manufacturing PMI,Growth,2,130,-0.138434,0.138434,False,very_weak,2026-04-24T07:51:03.322738+00:00
2110,JP,JPY,CPI,113,cpi_headline_mom,110,manufacturing_pmi,S&P Global Manufacturing PMI,Growth,5,129,-0.108406,0.108406,False,very_weak,2026-04-24T07:51:03.322738+00:00
2111,JP,JPY,CPI,113,cpi_headline_mom,110,manufacturing_pmi,S&P Global Manufacturing PMI,Growth,3,131,0.094729,0.094729,False,very_weak,2026-04-24T07:51:03.322738+00:00
2112,JP,JPY,CPI,113,cpi_headline_mom,110,manufacturing_pmi,S&P Global Manufacturing PMI,Growth,0,128,-0.050427,0.050427,False,very_weak,2026-04-24T07:51:03.322738+00:00
2113,JP,JPY,CPI,113,cpi_headline_mom,110,manufacturing_pmi,S&P Global Manufacturing PMI,Growth,4,129,-0.033090,0.033090,False,very_weak,2026-04-24T07:51:03.322738+00:00
2114,JP,JPY,CPI,113,cpi_headline_mom,110,manufacturing_pmi,S&P Global Manufacturing PMI,Growth,6,128,0.007368,0.007368,False,very_weak,2026-04-24T07:51:03.322738+00:00
2115,JP,JPY,CPI,113,cpi_headline_mom,111,services_pmi,S&P Global Services PMI,Growth,1,135,-0.220123,0.220123,True,very_weak,2026-04-24T07:51:03.322738+00:00
2116,JP,JPY,CPI,113,cpi_headline_mom,111,services_pmi,S&P Global Services PMI,Growth,0,135,-0.150121,0.150121,False,very_weak,2026-04-24T07:51:03.322738+00:00
2117,JP,JPY,CPI,113,cpi_headline_mom,111,services_pmi,S&P Global Services PMI,Growth,2,136,-0.114283,0.114283,False,very_weak,2026-04-24T07:51:03.322738+00:00
2118,JP,JPY,CPI,113,cpi_headline_mom,111,services_pmi,S&P Global Services PMI,Growth,4,136,0.099569,0.099569,False,very_weak,2026-04-24T07:51:03.322738+00:00
2119,JP,JPY,CPI,113,cpi_headline_mom,111,services_pmi,S&P Global Services PMI,Growth,6,133,-0.083237,0.083237,False,very_weak,2026-04-24T07:51:03.322738+00:00
2120,JP,JPY,CPI,113,cpi_headline_mom,111,services_pmi,S&P Global Services PMI,Growth,5,135,-0.015666,0.015666,False,very_weak,2026-04-24T07:51:03.322738+00:00
2121,JP,JPY,CPI,113,cpi_headline_mom,111,services_pmi,S&P Global Services PMI,Growth,3,137,0.014154,0.014154,False,very_weak,2026-04-24T07:51:03.322738+00:00
2122,JP,JPY,CPI,113,cpi_headline_mom,112,composite_pmi,S&P Global Composite PMI,Growth,0,125,-0.228422,0.228422,True,very_weak,2026-04-24T07:51:03.322738+00:00
2123,JP,JPY,CPI,113,cpi_headline_mom,112,composite_pmi,S&P Global Composite PMI,Growth,1,125,-0.157649,0.157649,False,very_weak,2026-04-24T07:51:03.322738+00:00
2124,JP,JPY,CPI,113,cpi_headline_mom,112,composite_pmi,S&P Global Composite PMI,Growth,3,124,0.065341,0.065341,False,very_weak,2026-04-24T07:51:03.322738+00:00
2125,JP,JPY,CPI,113,cpi_headline_mom,112,composite_pmi,S&P Global Composite PMI,Growth,2,124,-0.063456,0.063456,False,very_weak,2026-04-24T07:51:03.322738+00:00
2126,JP,JPY,CPI,113,cpi_headline_mom,112,composite_pmi,S&P Global Composite PMI,Growth,4,125,0.047018,0.047018,False,very_weak,2026-04-24T07:51:03.322738+00:00
2127,JP,JPY,CPI,113,cpi_headline_mom,112,composite_pmi,S&P Global Composite PMI,Growth,6,125,-0.012543,0.012543,False,very_weak,2026-04-24T07:51:03.322738+00:00
2128,JP,JPY,CPI,113,cpi_headline_mom,112,composite_pmi,S&P Global Composite PMI,Growth,5,125,0.000496,0.000496,False,very_weak,2026-04-24T07:51:03.322738+00:00
2129,JP,JPY,CPI,113,cpi_headline_mom,191,cpi_index,Consumer Price Index,Inflation,0,78,0.370821,0.370821,True,weak,2026-04-24T07:51:03.322738+00:00
2130,JP,JPY,CPI,113,cpi_headline_mom,191,cpi_index,Consumer Price Index,Inflation,1,81,-0.177549,0.177549,False,very_weak,2026-04-24T07:51:03.322738+00:00
2131,JP,JPY,CPI,113,cpi_headline_mom,191,cpi_index,Consumer Price Index,Inflation,5,86,0.128339,0.128339,False,very_weak,2026-04-24T07:51:03.322738+00:00
2132,JP,JPY,CPI,113,cpi_headline_mom,191,cpi_index,Consumer Price Index,Inflation,6,84,0.126305,0.126305,False,very_weak,2026-04-24T07:51:03.322738+00:00
2133,JP,JPY,CPI,113,cpi_headline_mom,191,cpi_index,Consumer Price Index,Inflation,3,84,0.117226,0.117226,False,very_weak,2026-04-24T07:51:03.322738+00:00
2134,JP,JPY,CPI,113,cpi_headline_mom,191,cpi_index,Consumer Price Index,Inflation,2,82,-0.054958,0.054958,False,very_weak,2026-04-24T07:51:03.322738+00:00
2135,JP,JPY,CPI,113,cpi_headline_mom,191,cpi_index,Consumer Price Index,Inflation,4,86,-0.009822,0.009822,False,very_weak,2026-04-24T07:51:03.322738+00:00
2136,JP,JPY,CPI,113,cpi_headline_mom,192,industrial_production_mom,Industrial Production (MoM),Growth,0,34,-0.274897,0.274897,True,weak,2026-04-24T07:51:03.322738+00:00
2137,JP,JPY,CPI,113,cpi_headline_mom,192,industrial_production_mom,Industrial Production (MoM),Growth,1,167,0.174030,0.174030,False,very_weak,2026-04-24T07:51:03.322738+00:00
2138,JP,JPY,CPI,113,cpi_headline_mom,192,industrial_production_mom,Industrial Production (MoM),Growth,4,172,-0.090598,0.090598,False,very_weak,2026-04-24T07:51:03.322738+00:00
2139,JP,JPY,CPI,113,cpi_headline_mom,192,industrial_production_mom,Industrial Production (MoM),Growth,3,169,0.079736,0.079736,False,very_weak,2026-04-24T07:51:03.322738+00:00
2140,JP,JPY,CPI,113,cpi_headline_mom,192,industrial_production_mom,Industrial Production (MoM),Growth,2,167,-0.054131,0.054131,False,very_weak,2026-04-24T07:51:03.322738+00:00
2141,JP,JPY,CPI,113,cpi_headline_mom,192,industrial_production_mom,Industrial Production (MoM),Growth,5,172,0.048861,0.048861,False,very_weak,2026-04-24T07:51:03.322738+00:00
2142,JP,JPY,CPI,113,cpi_headline_mom,192,industrial_production_mom,Industrial Production (MoM),Growth,6,169,0.019686,0.019686,False,very_weak,2026-04-24T07:51:03.322738+00:00
2143,JP,JPY,CPI,113,cpi_headline_mom,193,industrial_production_yoy,Industrial Production (YoY),Growth,6,134,-0.169955,0.169955,True,very_weak,2026-04-24T07:51:03.322738+00:00
2144,JP,JPY,CPI,113,cpi_headline_mom,193,industrial_production_yoy,Industrial Production (YoY),Growth,5,135,0.081825,0.081825,False,very_weak,2026-04-24T07:51:03.322738+00:00
2145,JP,JPY,CPI,113,cpi_headline_mom,193,industrial_production_yoy,Industrial Production (YoY),Growth,3,133,0.065906,0.065906,False,very_weak,2026-04-24T07:51:03.322738+00:00
2146,JP,JPY,CPI,113,cpi_headline_mom,193,industrial_production_yoy,Industrial Production (YoY),Growth,2,133,0.048941,0.048941,False,very_weak,2026-04-24T07:51:03.322738+00:00
2147,JP,JPY,CPI,113,cpi_headline_mom,193,industrial_production_yoy,Industrial Production (YoY),Growth,4,134,0.012805,0.012805,False,very_weak,2026-04-24T07:51:03.322738+00:00
2148,JP,JPY,CPI,113,cpi_headline_mom,193,industrial_production_yoy,Industrial Production (YoY),Growth,1,133,0.008483,0.008483,False,very_weak,2026-04-24T07:51:03.322738+00:00
2149,JP,JPY,CPI,113,cpi_headline_mom,194,leading_economic_index,Leading Economic Index,Growth,6,130,-0.209548,0.209548,True,very_weak,2026-04-24T07:51:03.322738+00:00
2150,JP,JPY,CPI,113,cpi_headline_mom,194,leading_economic_index,Leading Economic Index,Growth,5,130,0.103358,0.103358,False,very_weak,2026-04-24T07:51:03.322738+00:00
2151,JP,JPY,CPI,113,cpi_headline_mom,194,leading_economic_index,Leading Economic Index,Growth,4,133,-0.061666,0.061666,False,very_weak,2026-04-24T07:51:03.322738+00:00
2152,JP,JPY,CPI,113,cpi_headline_mom,194,leading_economic_index,Leading Economic Index,Growth,2,131,0.033636,0.033636,False,very_weak,2026-04-24T07:51:03.322738+00:00
2153,JP,JPY,CPI,113,cpi_headline_mom,194,leading_economic_index,Leading Economic Index,Growth,3,131,-0.028501,0.028501,False,very_weak,2026-04-24T07:51:03.322738+00:00
2154,JP,JPY,CPI,113,cpi_headline_mom,194,leading_economic_index,Leading Economic Index,Growth,1,63,-0.004846,0.004846,False,very_weak,2026-04-24T07:51:03.322738+00:00
2155,JP,JPY,CPI,113,cpi_headline_mom,195,coincident_index,Coincident Index,Growth,5,137,0.164504,0.164504,True,very_weak,2026-04-24T07:51:03.322738+00:00
2156,JP,JPY,CPI,113,cpi_headline_mom,195,coincident_index,Coincident Index,Growth,1,70,0.137920,0.137920,False,very_weak,2026-04-24T07:51:03.322738+00:00
2157,JP,JPY,CPI,113,cpi_headline_mom,195,coincident_index,Coincident Index,Growth,6,137,-0.106700,0.106700,False,very_weak,2026-04-24T07:51:03.322738+00:00
2158,JP,JPY,CPI,113,cpi_headline_mom,195,coincident_index,Coincident Index,Growth,4,137,0.044929,0.044929,False,very_weak,2026-04-24T07:51:03.322738+00:00
2159,JP,JPY,CPI,113,cpi_headline_mom,195,coincident_index,Coincident Index,Growth,3,135,-0.032922,0.032922,False,very_weak,2026-04-24T07:51:03.322738+00:00
2160,JP,JPY,CPI,113,cpi_headline_mom,195,coincident_index,Coincident Index,Growth,2,136,0.004450,0.004450,False,very_weak,2026-04-24T07:51:03.322738+00:00
2161,JP,JPY,CPI,113,cpi_headline_mom,196,machine_tool_orders_yoy,Machine Tool Orders (YoY),Growth,4,68,-0.286310,0.286310,True,weak,2026-04-24T07:51:03.322738+00:00
2162,JP,JPY,CPI,113,cpi_headline_mom,196,machine_tool_orders_yoy,Machine Tool Orders (YoY),Growth,2,69,-0.200341,0.200341,False,very_weak,2026-04-24T07:51:03.322738+00:00
2163,JP,JPY,CPI,113,cpi_headline_mom,196,machine_tool_orders_yoy,Machine Tool Orders (YoY),Growth,3,68,-0.194712,0.194712,False,very_weak,2026-04-24T07:51:03.322738+00:00
2164,JP,JPY,CPI,113,cpi_headline_mom,196,machine_tool_orders_yoy,Machine Tool Orders (YoY),Growth,0,70,-0.188632,0.188632,False,very_weak,2026-04-24T07:51:03.322738+00:00
2165,JP,JPY,CPI,113,cpi_headline_mom,196,machine_tool_orders_yoy,Machine Tool Orders (YoY),Growth,1,69,-0.113372,0.113372,False,very_weak,2026-04-24T07:51:03.322738+00:00
2166,JP,JPY,CPI,113,cpi_headline_mom,196,machine_tool_orders_yoy,Machine Tool Orders (YoY),Growth,5,67,-0.043724,0.043724,False,very_weak,2026-04-24T07:51:03.322738+00:00
2167,JP,JPY,CPI,113,cpi_headline_mom,196,machine_tool_orders_yoy,Machine Tool Orders (YoY),Growth,6,66,0.008489,0.008489,False,very_weak,2026-04-24T07:51:03.322738+00:00
2168,JP,JPY,CPI,113,cpi_headline_mom,197,foreign_bond_investment,Foreign Bond Investment,Growth,1,299,-0.142296,0.142296,True,very_weak,2026-04-24T07:51:03.322738+00:00
2169,JP,JPY,CPI,113,cpi_headline_mom,197,foreign_bond_investment,Foreign Bond Investment,Growth,6,290,-0.084306,0.084306,False,very_weak,2026-04-24T07:51:03.322738+00:00
2170,JP,JPY,CPI,113,cpi_headline_mom,197,foreign_bond_investment,Foreign Bond Investment,Growth,5,292,0.063337,0.063337,False,very_weak,2026-04-24T07:51:03.322738+00:00
2171,JP,JPY,CPI,113,cpi_headline_mom,197,foreign_bond_investment,Foreign Bond Investment,Growth,4,297,-0.054126,0.054126,False,very_weak,2026-04-24T07:51:03.322738+00:00
2172,JP,JPY,CPI,113,cpi_headline_mom,197,foreign_bond_investment,Foreign Bond Investment,Growth,2,298,0.037318,0.037318,False,very_weak,2026-04-24T07:51:03.322738+00:00
2173,JP,JPY,CPI,113,cpi_headline_mom,197,foreign_bond_investment,Foreign Bond Investment,Growth,0,304,0.030371,0.030371,False,very_weak,2026-04-24T07:51:03.322738+00:00
2174,JP,JPY,CPI,113,cpi_headline_mom,197,foreign_bond_investment,Foreign Bond Investment,Growth,3,299,0.024241,0.024241,False,very_weak,2026-04-24T07:51:03.322738+00:00
2175,JP,JPY,CPI,113,cpi_headline_mom,198,stock_investment_by_foreigners,Stock Investment by Foreigners,Growth,4,297,-0.142833,0.142833,True,very_weak,2026-04-24T07:51:03.322738+00:00
2176,JP,JPY,CPI,113,cpi_headline_mom,198,stock_investment_by_foreigners,Stock Investment by Foreigners,Growth,1,299,-0.094731,0.094731,False,very_weak,2026-04-24T07:51:03.322738+00:00
2177,JP,JPY,CPI,113,cpi_headline_mom,198,stock_investment_by_foreigners,Stock Investment by Foreigners,Growth,6,290,0.066145,0.066145,False,very_weak,2026-04-24T07:51:03.322738+00:00
2178,JP,JPY,CPI,113,cpi_headline_mom,198,stock_investment_by_foreigners,Stock Investment by Foreigners,Growth,2,298,-0.055458,0.055458,False,very_weak,2026-04-24T07:51:03.322738+00:00
2179,JP,JPY,CPI,113,cpi_headline_mom,198,stock_investment_by_foreigners,Stock Investment by Foreigners,Growth,5,292,0.039945,0.039945,False,very_weak,2026-04-24T07:51:03.322738+00:00
2180,JP,JPY,CPI,113,cpi_headline_mom,198,stock_investment_by_foreigners,Stock Investment by Foreigners,Growth,0,304,0.001326,0.001326,False,very_weak,2026-04-24T07:51:03.322738+00:00
2181,JP,JPY,CPI,113,cpi_headline_mom,198,stock_investment_by_foreigners,Stock Investment by Foreigners,Growth,3,299,-0.000455,0.000455,False,very_weak,2026-04-24T07:51:03.322738+00:00
2182,JP,JPY,CPI,113,cpi_headline_mom,247,cpi_ex_food_energy_yoy,CPI Ex Food and Energy (YoY),Inflation,0,68,0.312235,0.312235,True,weak,2026-04-24T07:51:03.322738+00:00
2183,JP,JPY,CPI,113,cpi_headline_mom,247,cpi_ex_food_energy_yoy,CPI Ex Food and Energy (YoY),Inflation,1,68,0.192306,0.192306,False,very_weak,2026-04-24T07:51:03.322738+00:00
2184,JP,JPY,CPI,113,cpi_headline_mom,247,cpi_ex_food_energy_yoy,CPI Ex Food and Energy (YoY),Inflation,2,68,0.139195,0.139195,False,very_weak,2026-04-24T07:51:03.322738+00:00
2185,JP,JPY,CPI,113,cpi_headline_mom,247,cpi_ex_food_energy_yoy,CPI Ex Food and Energy (YoY),Inflation,3,67,0.139009,0.139009,False,very_weak,2026-04-24T07:51:03.322738+00:00
2186,JP,JPY,CPI,113,cpi_headline_mom,247,cpi_ex_food_energy_yoy,CPI Ex Food and Energy (YoY),Inflation,4,67,0.133415,0.133415,False,very_weak,2026-04-24T07:51:03.322738+00:00
2187,JP,JPY,CPI,113,cpi_headline_mom,247,cpi_ex_food_energy_yoy,CPI Ex Food and Energy (YoY),Inflation,6,65,0.055578,0.055578,False,very_weak,2026-04-24T07:51:03.322738+00:00
2188,JP,JPY,CPI,113,cpi_headline_mom,247,cpi_ex_food_energy_yoy,CPI Ex Food and Energy (YoY),Inflation,5,66,0.038328,0.038328,False,very_weak,2026-04-24T07:51:03.322738+00:00
2189,JP,JPY,CPI,113,cpi_headline_mom,248,ppi_mom,PPI (MoM),Inflation,0,64,0.260728,0.260728,True,weak,2026-04-24T07:51:03.322738+00:00
2190,JP,JPY,CPI,113,cpi_headline_mom,248,ppi_mom,PPI (MoM),Inflation,6,59,0.232584,0.232584,False,very_weak,2026-04-24T07:51:03.322738+00:00
2191,JP,JPY,CPI,113,cpi_headline_mom,248,ppi_mom,PPI (MoM),Inflation,4,62,-0.173638,0.173638,False,very_weak,2026-04-24T07:51:03.322738+00:00
2192,JP,JPY,CPI,113,cpi_headline_mom,248,ppi_mom,PPI (MoM),Inflation,5,60,-0.129966,0.129966,False,very_weak,2026-04-24T07:51:03.322738+00:00
2193,JP,JPY,CPI,113,cpi_headline_mom,248,ppi_mom,PPI (MoM),Inflation,3,61,-0.118688,0.118688,False,very_weak,2026-04-24T07:51:03.322738+00:00
2194,JP,JPY,CPI,113,cpi_headline_mom,248,ppi_mom,PPI (MoM),Inflation,1,64,0.050245,0.050245,False,very_weak,2026-04-24T07:51:03.322738+00:00
2195,JP,JPY,CPI,113,cpi_headline_mom,248,ppi_mom,PPI (MoM),Inflation,2,63,0.004687,0.004687,False,very_weak,2026-04-24T07:51:03.322738+00:00
2196,JP,JPY,CPI,113,cpi_headline_mom,249,ppi_yoy,PPI (YoY),Inflation,0,70,0.198323,0.198323,True,very_weak,2026-04-24T07:51:03.322738+00:00
2197,JP,JPY,CPI,113,cpi_headline_mom,249,ppi_yoy,PPI (YoY),Inflation,6,66,0.173108,0.173108,False,very_weak,2026-04-24T07:51:03.322738+00:00
2198,JP,JPY,CPI,113,cpi_headline_mom,249,ppi_yoy,PPI (YoY),Inflation,1,70,0.104113,0.104113,False,very_weak,2026-04-24T07:51:03.322738+00:00
2199,JP,JPY,CPI,113,cpi_headline_mom,249,ppi_yoy,PPI (YoY),Inflation,5,67,0.076981,0.076981,False,very_weak,2026-04-24T07:51:03.322738+00:00
2200,JP,JPY,CPI,113,cpi_headline_mom,249,ppi_yoy,PPI (YoY),Inflation,2,70,0.045347,0.045347,False,very_weak,2026-04-24T07:51:03.322738+00:00
2201,JP,JPY,CPI,113,cpi_headline_mom,249,ppi_yoy,PPI (YoY),Inflation,3,68,-0.043184,0.043184,False,very_weak,2026-04-24T07:51:03.322738+00:00
2202,JP,JPY,CPI,113,cpi_headline_mom,249,ppi_yoy,PPI (YoY),Inflation,4,68,0.042683,0.042683,False,very_weak,2026-04-24T07:51:03.322738+00:00
2203,JP,JPY,CPI,113,cpi_headline_mom,251,current_account,Current Account,Growth,2,69,-0.193573,0.193573,True,very_weak,2026-04-24T07:51:03.322738+00:00
2204,JP,JPY,CPI,113,cpi_headline_mom,251,current_account,Current Account,Growth,6,67,-0.130338,0.130338,False,very_weak,2026-04-24T07:51:03.322738+00:00
2205,JP,JPY,CPI,113,cpi_headline_mom,251,current_account,Current Account,Growth,5,68,-0.113811,0.113811,False,very_weak,2026-04-24T07:51:03.322738+00:00
2206,JP,JPY,CPI,113,cpi_headline_mom,251,current_account,Current Account,Growth,1,70,0.085485,0.085485,False,very_weak,2026-04-24T07:51:03.322738+00:00
2207,JP,JPY,CPI,113,cpi_headline_mom,251,current_account,Current Account,Growth,3,69,-0.018810,0.018810,False,very_weak,2026-04-24T07:51:03.322738+00:00
2208,JP,JPY,CPI,113,cpi_headline_mom,251,current_account,Current Account,Growth,4,68,0.015569,0.015569,False,very_weak,2026-04-24T07:51:03.322738+00:00
2209,JP,JPY,CPI,113,cpi_headline_mom,256,leading_index_mom,Leading Index (MoM),Growth,4,32,-0.229769,0.229769,True,very_weak,2026-04-24T07:51:03.322738+00:00
2210,JP,JPY,CPI,113,cpi_headline_mom,256,leading_index_mom,Leading Index (MoM),Growth,6,31,-0.197297,0.197297,False,very_weak,2026-04-24T07:51:03.322738+00:00
2211,JP,JPY,CPI,113,cpi_headline_mom,256,leading_index_mom,Leading Index (MoM),Growth,5,31,0.129837,0.129837,False,very_weak,2026-04-24T07:51:03.322738+00:00
2212,JP,JPY,CPI,113,cpi_headline_mom,256,leading_index_mom,Leading Index (MoM),Growth,3,33,0.122609,0.122609,False,very_weak,2026-04-24T07:51:03.322738+00:00
2213,JP,JPY,CPI,113,cpi_headline_mom,256,leading_index_mom,Leading Index (MoM),Growth,1,16,0.034588,0.034588,False,very_weak,2026-04-24T07:51:03.322738+00:00
2214,JP,JPY,CPI,113,cpi_headline_mom,256,leading_index_mom,Leading Index (MoM),Growth,2,34,0.033069,0.033069,False,very_weak,2026-04-24T07:51:03.322738+00:00
2215,JP,JPY,CPI,113,cpi_headline_mom,257,coincident_indicator_mom,Coincident Indicator (MoM),Growth,6,31,0.379075,0.379075,True,weak,2026-04-24T07:51:03.322738+00:00
2216,JP,JPY,CPI,113,cpi_headline_mom,257,coincident_indicator_mom,Coincident Indicator (MoM),Growth,1,16,0.355420,0.355420,False,weak,2026-04-24T07:51:03.322738+00:00
2217,JP,JPY,CPI,113,cpi_headline_mom,257,coincident_indicator_mom,Coincident Indicator (MoM),Growth,4,32,-0.288896,0.288896,False,weak,2026-04-24T07:51:03.322738+00:00
2218,JP,JPY,CPI,113,cpi_headline_mom,257,coincident_indicator_mom,Coincident Indicator (MoM),Growth,2,34,0.208765,0.208765,False,very_weak,2026-04-24T07:51:03.322738+00:00
2219,JP,JPY,CPI,113,cpi_headline_mom,257,coincident_indicator_mom,Coincident Indicator (MoM),Growth,3,33,-0.058319,0.058319,False,very_weak,2026-04-24T07:51:03.322738+00:00
2220,JP,JPY,CPI,113,cpi_headline_mom,257,coincident_indicator_mom,Coincident Indicator (MoM),Growth,5,31,-0.003559,0.003559,False,very_weak,2026-04-24T07:51:03.322738+00:00
2221,JP,JPY,CPI,113,cpi_headline_mom,258,capacity_utilization,Capacity Utilization,Growth,4,67,-0.151085,0.151085,True,very_weak,2026-04-24T07:51:03.322738+00:00
2222,JP,JPY,CPI,113,cpi_headline_mom,258,capacity_utilization,Capacity Utilization,Growth,6,66,0.112010,0.112010,False,very_weak,2026-04-24T07:51:03.322738+00:00
2223,JP,JPY,CPI,113,cpi_headline_mom,258,capacity_utilization,Capacity Utilization,Growth,3,68,-0.109668,0.109668,False,very_weak,2026-04-24T07:51:03.322738+00:00
2224,JP,JPY,CPI,113,cpi_headline_mom,258,capacity_utilization,Capacity Utilization,Growth,1,69,0.024862,0.024862,False,very_weak,2026-04-24T07:51:03.322738+00:00
2225,JP,JPY,CPI,113,cpi_headline_mom,258,capacity_utilization,Capacity Utilization,Growth,2,69,-0.022137,0.022137,False,very_weak,2026-04-24T07:51:03.322738+00:00
2226,JP,JPY,CPI,113,cpi_headline_mom,258,capacity_utilization,Capacity Utilization,Growth,5,67,-0.011485,0.011485,False,very_weak,2026-04-24T07:51:03.322738+00:00
2227,JP,JPY,CPI,113,cpi_headline_mom,259,machinery_orders_mom,Machinery Orders (MoM),Growth,3,68,0.206046,0.206046,True,very_weak,2026-04-24T07:51:03.322738+00:00
2228,JP,JPY,CPI,113,cpi_headline_mom,259,machinery_orders_mom,Machinery Orders (MoM),Growth,4,67,-0.198742,0.198742,False,very_weak,2026-04-24T07:51:03.322738+00:00
2229,JP,JPY,CPI,113,cpi_headline_mom,259,machinery_orders_mom,Machinery Orders (MoM),Growth,2,68,-0.099384,0.099384,False,very_weak,2026-04-24T07:51:03.322738+00:00
2230,JP,JPY,CPI,113,cpi_headline_mom,259,machinery_orders_mom,Machinery Orders (MoM),Growth,1,68,-0.080915,0.080915,False,very_weak,2026-04-24T07:51:03.322738+00:00
2231,JP,JPY,CPI,113,cpi_headline_mom,259,machinery_orders_mom,Machinery Orders (MoM),Growth,5,67,-0.076680,0.076680,False,very_weak,2026-04-24T07:51:03.322738+00:00
2232,JP,JPY,CPI,113,cpi_headline_mom,259,machinery_orders_mom,Machinery Orders (MoM),Growth,6,66,0.073741,0.073741,False,very_weak,2026-04-24T07:51:03.322738+00:00
2233,JP,JPY,CPI,113,cpi_headline_mom,260,machinery_orders_yoy,Machinery Orders (YoY),Growth,6,67,0.156981,0.156981,True,very_weak,2026-04-24T07:51:03.322738+00:00
2234,JP,JPY,CPI,113,cpi_headline_mom,260,machinery_orders_yoy,Machinery Orders (YoY),Growth,4,68,-0.137462,0.137462,False,very_weak,2026-04-24T07:51:03.322738+00:00
2235,JP,JPY,CPI,113,cpi_headline_mom,260,machinery_orders_yoy,Machinery Orders (YoY),Growth,2,69,-0.115389,0.115389,False,very_weak,2026-04-24T07:51:03.322738+00:00
2236,JP,JPY,CPI,113,cpi_headline_mom,260,machinery_orders_yoy,Machinery Orders (YoY),Growth,5,68,0.112009,0.112009,False,very_weak,2026-04-24T07:51:03.322738+00:00
2237,JP,JPY,CPI,113,cpi_headline_mom,260,machinery_orders_yoy,Machinery Orders (YoY),Growth,3,69,0.105597,0.105597,False,very_weak,2026-04-24T07:51:03.322738+00:00
2238,JP,JPY,CPI,113,cpi_headline_mom,260,machinery_orders_yoy,Machinery Orders (YoY),Growth,1,69,0.023925,0.023925,False,very_weak,2026-04-24T07:51:03.322738+00:00
2239,JP,JPY,CPI,113,cpi_headline_mom,261,household_spending_mom,Household Spending (MoM),Growth,5,68,-0.089598,0.089598,True,very_weak,2026-04-24T07:51:03.322738+00:00
2240,JP,JPY,CPI,113,cpi_headline_mom,261,household_spending_mom,Household Spending (MoM),Growth,2,69,0.058219,0.058219,False,very_weak,2026-04-24T07:51:03.322738+00:00
2241,JP,JPY,CPI,113,cpi_headline_mom,261,household_spending_mom,Household Spending (MoM),Growth,6,67,-0.055710,0.055710,False,very_weak,2026-04-24T07:51:03.322738+00:00
2242,JP,JPY,CPI,113,cpi_headline_mom,261,household_spending_mom,Household Spending (MoM),Growth,1,70,-0.050249,0.050249,False,very_weak,2026-04-24T07:51:03.322738+00:00
2243,JP,JPY,CPI,113,cpi_headline_mom,261,household_spending_mom,Household Spending (MoM),Growth,4,68,-0.030084,0.030084,False,very_weak,2026-04-24T07:51:03.322738+00:00
2244,JP,JPY,CPI,113,cpi_headline_mom,261,household_spending_mom,Household Spending (MoM),Growth,3,69,0.012458,0.012458,False,very_weak,2026-04-24T07:51:03.322738+00:00
2245,JP,JPY,CPI,113,cpi_headline_mom,262,household_spending_yoy,Household Spending (YoY),Growth,1,70,0.087992,0.087992,True,very_weak,2026-04-24T07:51:03.322738+00:00
2246,JP,JPY,CPI,113,cpi_headline_mom,262,household_spending_yoy,Household Spending (YoY),Growth,5,68,-0.078224,0.078224,False,very_weak,2026-04-24T07:51:03.322738+00:00
2247,JP,JPY,CPI,113,cpi_headline_mom,262,household_spending_yoy,Household Spending (YoY),Growth,3,69,0.069366,0.069366,False,very_weak,2026-04-24T07:51:03.322738+00:00
2248,JP,JPY,CPI,113,cpi_headline_mom,262,household_spending_yoy,Household Spending (YoY),Growth,2,69,0.067560,0.067560,False,very_weak,2026-04-24T07:51:03.322738+00:00
2249,JP,JPY,CPI,113,cpi_headline_mom,262,household_spending_yoy,Household Spending (YoY),Growth,4,68,-0.052087,0.052087,False,very_weak,2026-04-24T07:51:03.322738+00:00
2250,JP,JPY,CPI,113,cpi_headline_mom,262,household_spending_yoy,Household Spending (YoY),Growth,6,67,0.013477,0.013477,False,very_weak,2026-04-24T07:51:03.322738+00:00
2251,JP,JPY,CPI,113,cpi_headline_mom,263,retail_sales_mom,Retail Sales (MoM),Growth,2,69,-0.170612,0.170612,True,very_weak,2026-04-24T07:51:03.322738+00:00
2252,JP,JPY,CPI,113,cpi_headline_mom,263,retail_sales_mom,Retail Sales (MoM),Growth,5,67,0.112181,0.112181,False,very_weak,2026-04-24T07:51:03.322738+00:00
2253,JP,JPY,CPI,113,cpi_headline_mom,263,retail_sales_mom,Retail Sales (MoM),Growth,6,66,0.099028,0.099028,False,very_weak,2026-04-24T07:51:03.322738+00:00
2254,JP,JPY,CPI,113,cpi_headline_mom,263,retail_sales_mom,Retail Sales (MoM),Growth,1,69,0.071956,0.071956,False,very_weak,2026-04-24T07:51:03.322738+00:00
2255,JP,JPY,CPI,113,cpi_headline_mom,263,retail_sales_mom,Retail Sales (MoM),Growth,4,68,-0.030420,0.030420,False,very_weak,2026-04-24T07:51:03.322738+00:00
2256,JP,JPY,CPI,113,cpi_headline_mom,263,retail_sales_mom,Retail Sales (MoM),Growth,3,68,-0.014282,0.014282,False,very_weak,2026-04-24T07:51:03.322738+00:00
2257,JP,JPY,CPI,113,cpi_headline_mom,264,retail_sales_yoy,Retail Sales (YoY),Growth,5,67,0.127888,0.127888,True,very_weak,2026-04-24T07:51:03.322738+00:00
2258,JP,JPY,CPI,113,cpi_headline_mom,264,retail_sales_yoy,Retail Sales (YoY),Growth,1,69,-0.107982,0.107982,False,very_weak,2026-04-24T07:51:03.322738+00:00
2259,JP,JPY,CPI,113,cpi_headline_mom,264,retail_sales_yoy,Retail Sales (YoY),Growth,6,66,0.081655,0.081655,False,very_weak,2026-04-24T07:51:03.322738+00:00
2260,JP,JPY,CPI,113,cpi_headline_mom,264,retail_sales_yoy,Retail Sales (YoY),Growth,4,68,-0.074985,0.074985,False,very_weak,2026-04-24T07:51:03.322738+00:00
2261,JP,JPY,CPI,113,cpi_headline_mom,264,retail_sales_yoy,Retail Sales (YoY),Growth,2,69,0.048163,0.048163,False,very_weak,2026-04-24T07:51:03.322738+00:00
2262,JP,JPY,CPI,113,cpi_headline_mom,264,retail_sales_yoy,Retail Sales (YoY),Growth,3,68,0.004016,0.004016,False,very_weak,2026-04-24T07:51:03.322738+00:00
2263,JP,JPY,CPI,113,cpi_headline_mom,265,consumer_confidence,Consumer Confidence,Growth,0,69,-0.322337,0.322337,True,weak,2026-04-24T07:51:03.322738+00:00
2264,JP,JPY,CPI,113,cpi_headline_mom,265,consumer_confidence,Consumer Confidence,Growth,2,68,-0.125089,0.125089,False,very_weak,2026-04-24T07:51:03.322738+00:00
2265,JP,JPY,CPI,113,cpi_headline_mom,265,consumer_confidence,Consumer Confidence,Growth,5,66,0.086143,0.086143,False,very_weak,2026-04-24T07:51:03.322738+00:00
2266,JP,JPY,CPI,113,cpi_headline_mom,265,consumer_confidence,Consumer Confidence,Growth,4,67,0.053761,0.053761,False,very_weak,2026-04-24T07:51:03.322738+00:00
2267,JP,JPY,CPI,113,cpi_headline_mom,265,consumer_confidence,Consumer Confidence,Growth,6,65,0.049340,0.049340,False,very_weak,2026-04-24T07:51:03.322738+00:00
2268,JP,JPY,CPI,113,cpi_headline_mom,265,consumer_confidence,Consumer Confidence,Growth,3,68,0.023803,0.023803,False,very_weak,2026-04-24T07:51:03.322738+00:00
2269,JP,JPY,CPI,113,cpi_headline_mom,265,consumer_confidence,Consumer Confidence,Growth,1,69,-0.008502,0.008502,False,very_weak,2026-04-24T07:51:03.322738+00:00
2270,JP,JPY,CPI,113,cpi_headline_mom,266,eco_watchers_current,Eco Watchers Survey Current,Growth,1,70,-0.163231,0.163231,True,very_weak,2026-04-24T07:51:03.322738+00:00
2271,JP,JPY,CPI,113,cpi_headline_mom,266,eco_watchers_current,Eco Watchers Survey Current,Growth,0,70,-0.097957,0.097957,False,very_weak,2026-04-24T07:51:03.322738+00:00
2272,JP,JPY,CPI,113,cpi_headline_mom,266,eco_watchers_current,Eco Watchers Survey Current,Growth,2,70,0.081163,0.081163,False,very_weak,2026-04-24T07:51:03.322738+00:00
2273,JP,JPY,CPI,113,cpi_headline_mom,266,eco_watchers_current,Eco Watchers Survey Current,Growth,5,69,0.075373,0.075373,False,very_weak,2026-04-24T07:51:03.322738+00:00
2274,JP,JPY,CPI,113,cpi_headline_mom,266,eco_watchers_current,Eco Watchers Survey Current,Growth,4,70,0.034224,0.034224,False,very_weak,2026-04-24T07:51:03.322738+00:00
2275,JP,JPY,CPI,113,cpi_headline_mom,266,eco_watchers_current,Eco Watchers Survey Current,Growth,6,68,0.025936,0.025936,False,very_weak,2026-04-24T07:51:03.322738+00:00
2276,JP,JPY,CPI,113,cpi_headline_mom,266,eco_watchers_current,Eco Watchers Survey Current,Growth,3,70,0.003774,0.003774,False,very_weak,2026-04-24T07:51:03.322738+00:00
2277,JP,JPY,CPI,113,cpi_headline_mom,267,eco_watchers_outlook,Eco Watchers Survey Outlook,Growth,1,70,-0.161978,0.161978,True,very_weak,2026-04-24T07:51:03.322738+00:00
2278,JP,JPY,CPI,113,cpi_headline_mom,267,eco_watchers_outlook,Eco Watchers Survey Outlook,Growth,0,71,-0.065170,0.065170,False,very_weak,2026-04-24T07:51:03.322738+00:00
2279,JP,JPY,CPI,113,cpi_headline_mom,267,eco_watchers_outlook,Eco Watchers Survey Outlook,Growth,5,67,0.061599,0.061599,False,very_weak,2026-04-24T07:51:03.322738+00:00
2280,JP,JPY,CPI,113,cpi_headline_mom,267,eco_watchers_outlook,Eco Watchers Survey Outlook,Growth,6,67,-0.051910,0.051910,False,very_weak,2026-04-24T07:51:03.322738+00:00
2281,JP,JPY,CPI,113,cpi_headline_mom,267,eco_watchers_outlook,Eco Watchers Survey Outlook,Growth,2,70,-0.044809,0.044809,False,very_weak,2026-04-24T07:51:03.322738+00:00
2282,JP,JPY,CPI,113,cpi_headline_mom,267,eco_watchers_outlook,Eco Watchers Survey Outlook,Growth,4,69,0.029467,0.029467,False,very_weak,2026-04-24T07:51:03.322738+00:00
2283,JP,JPY,CPI,113,cpi_headline_mom,267,eco_watchers_outlook,Eco Watchers Survey Outlook,Growth,3,69,0.004169,0.004169,False,very_weak,2026-04-24T07:51:03.322738+00:00
2284,JP,JPY,CPI,113,cpi_headline_mom,268,reuters_tankan_index,Reuters Tankan Index,Growth,1,69,0.133466,0.133466,True,very_weak,2026-04-24T07:51:03.322738+00:00
2285,JP,JPY,CPI,113,cpi_headline_mom,268,reuters_tankan_index,Reuters Tankan Index,Growth,2,68,-0.132274,0.132274,False,very_weak,2026-04-24T07:51:03.322738+00:00
2286,JP,JPY,CPI,113,cpi_headline_mom,268,reuters_tankan_index,Reuters Tankan Index,Growth,0,69,-0.118283,0.118283,False,very_weak,2026-04-24T07:51:03.322738+00:00
2287,JP,JPY,CPI,113,cpi_headline_mom,268,reuters_tankan_index,Reuters Tankan Index,Growth,3,68,-0.065563,0.065563,False,very_weak,2026-04-24T07:51:03.322738+00:00
2288,JP,JPY,CPI,113,cpi_headline_mom,268,reuters_tankan_index,Reuters Tankan Index,Growth,6,65,0.048043,0.048043,False,very_weak,2026-04-24T07:51:03.322738+00:00
2289,JP,JPY,CPI,113,cpi_headline_mom,268,reuters_tankan_index,Reuters Tankan Index,Growth,4,67,0.014734,0.014734,False,very_weak,2026-04-24T07:51:03.322738+00:00
2290,JP,JPY,CPI,113,cpi_headline_mom,268,reuters_tankan_index,Reuters Tankan Index,Growth,5,66,0.014285,0.014285,False,very_weak,2026-04-24T07:51:03.322738+00:00
2291,JP,JPY,CPI,113,cpi_headline_mom,269,tankan_large_manufacturers_index,Tankan Large Manufacturers Index,Growth,6,20,-0.557726,0.557726,True,moderate,2026-04-24T07:51:03.322738+00:00
2292,JP,JPY,CPI,113,cpi_headline_mom,269,tankan_large_manufacturers_index,Tankan Large Manufacturers Index,Growth,3,21,-0.466659,0.466659,False,moderate,2026-04-24T07:51:03.322738+00:00
2293,JP,JPY,CPI,113,cpi_headline_mom,269,tankan_large_manufacturers_index,Tankan Large Manufacturers Index,Growth,5,22,0.097823,0.097823,False,very_weak,2026-04-24T07:51:03.322738+00:00
2294,JP,JPY,CPI,113,cpi_headline_mom,269,tankan_large_manufacturers_index,Tankan Large Manufacturers Index,Growth,4,21,0.041957,0.041957,False,very_weak,2026-04-24T07:51:03.322738+00:00
2295,JP,JPY,CPI,113,cpi_headline_mom,269,tankan_large_manufacturers_index,Tankan Large Manufacturers Index,Growth,2,23,0.007842,0.007842,False,very_weak,2026-04-24T07:51:03.322738+00:00
2296,JP,JPY,CPI,113,cpi_headline_mom,270,tankan_large_all_industry_capex,Tankan Large All Industry Capex,Growth,5,22,0.247876,0.247876,True,very_weak,2026-04-24T07:51:03.322738+00:00
2297,JP,JPY,CPI,113,cpi_headline_mom,270,tankan_large_all_industry_capex,Tankan Large All Industry Capex,Growth,2,23,0.205827,0.205827,False,very_weak,2026-04-24T07:51:03.322738+00:00
2298,JP,JPY,CPI,113,cpi_headline_mom,270,tankan_large_all_industry_capex,Tankan Large All Industry Capex,Growth,3,21,-0.171039,0.171039,False,very_weak,2026-04-24T07:51:03.322738+00:00
2299,JP,JPY,CPI,113,cpi_headline_mom,270,tankan_large_all_industry_capex,Tankan Large All Industry Capex,Growth,4,21,-0.070439,0.070439,False,very_weak,2026-04-24T07:51:03.322738+00:00
2300,JP,JPY,CPI,113,cpi_headline_mom,270,tankan_large_all_industry_capex,Tankan Large All Industry Capex,Growth,6,20,0.048622,0.048622,False,very_weak,2026-04-24T07:51:03.322738+00:00
2301,JP,JPY,CPI,113,cpi_headline_mom,271,tankan_large_manufacturing_outlook,Tankan Large Manufacturing Outlook,Growth,3,21,-0.503253,0.503253,True,moderate,2026-04-24T07:51:03.322738+00:00
2302,JP,JPY,CPI,113,cpi_headline_mom,271,tankan_large_manufacturing_outlook,Tankan Large Manufacturing Outlook,Growth,6,20,-0.310638,0.310638,False,weak,2026-04-24T07:51:03.322738+00:00
2303,JP,JPY,CPI,113,cpi_headline_mom,271,tankan_large_manufacturing_outlook,Tankan Large Manufacturing Outlook,Growth,2,23,-0.208661,0.208661,False,very_weak,2026-04-24T07:51:03.322738+00:00
2304,JP,JPY,CPI,113,cpi_headline_mom,271,tankan_large_manufacturing_outlook,Tankan Large Manufacturing Outlook,Growth,5,22,0.196388,0.196388,False,very_weak,2026-04-24T07:51:03.322738+00:00
2305,JP,JPY,CPI,113,cpi_headline_mom,271,tankan_large_manufacturing_outlook,Tankan Large Manufacturing Outlook,Growth,4,21,0.100709,0.100709,False,very_weak,2026-04-24T07:51:03.322738+00:00
2306,JP,JPY,CPI,113,cpi_headline_mom,272,tankan_large_non_manufacturing_index,Tankan Large Non-Manufacturing Index,Growth,2,23,0.468008,0.468008,True,moderate,2026-04-24T07:51:03.322738+00:00
2307,JP,JPY,CPI,113,cpi_headline_mom,272,tankan_large_non_manufacturing_index,Tankan Large Non-Manufacturing Index,Growth,6,20,0.407971,0.407971,False,weak,2026-04-24T07:51:03.322738+00:00
2308,JP,JPY,CPI,113,cpi_headline_mom,272,tankan_large_non_manufacturing_index,Tankan Large Non-Manufacturing Index,Growth,3,21,0.395523,0.395523,False,weak,2026-04-24T07:51:03.322738+00:00
2309,JP,JPY,CPI,113,cpi_headline_mom,272,tankan_large_non_manufacturing_index,Tankan Large Non-Manufacturing Index,Growth,4,21,0.312023,0.312023,False,weak,2026-04-24T07:51:03.322738+00:00
2310,JP,JPY,CPI,113,cpi_headline_mom,272,tankan_large_non_manufacturing_index,Tankan Large Non-Manufacturing Index,Growth,5,22,0.222478,0.222478,False,very_weak,2026-04-24T07:51:03.322738+00:00
2311,JP,JPY,CPI,113,cpi_headline_mom,273,tankan_non_manufacturing_outlook,Tankan Non-Manufacturing Outlook,Growth,3,21,0.372377,0.372377,True,weak,2026-04-24T07:51:03.322738+00:00
2312,JP,JPY,CPI,113,cpi_headline_mom,273,tankan_non_manufacturing_outlook,Tankan Non-Manufacturing Outlook,Growth,4,21,0.368452,0.368452,False,weak,2026-04-24T07:51:03.322738+00:00
2313,JP,JPY,CPI,113,cpi_headline_mom,273,tankan_non_manufacturing_outlook,Tankan Non-Manufacturing Outlook,Growth,2,23,0.327321,0.327321,False,weak,2026-04-24T07:51:03.322738+00:00
2314,JP,JPY,CPI,113,cpi_headline_mom,273,tankan_non_manufacturing_outlook,Tankan Non-Manufacturing Outlook,Growth,6,20,0.259267,0.259267,False,weak,2026-04-24T07:51:03.322738+00:00
2315,JP,JPY,CPI,113,cpi_headline_mom,273,tankan_non_manufacturing_outlook,Tankan Non-Manufacturing Outlook,Growth,5,22,0.238610,0.238610,False,very_weak,2026-04-24T07:51:03.322738+00:00
2316,JP,JPY,CPI,113,cpi_headline_mom,274,tankan_small_manufacturers_index,Tankan Small Manufacturers Index,Growth,3,20,-0.557025,0.557025,True,moderate,2026-04-24T07:51:03.322738+00:00
2317,JP,JPY,CPI,113,cpi_headline_mom,274,tankan_small_manufacturers_index,Tankan Small Manufacturers Index,Growth,5,21,0.370572,0.370572,False,weak,2026-04-24T07:51:03.322738+00:00
2318,JP,JPY,CPI,113,cpi_headline_mom,274,tankan_small_manufacturers_index,Tankan Small Manufacturers Index,Growth,6,19,-0.355712,0.355712,False,weak,2026-04-24T07:51:03.322738+00:00
2319,JP,JPY,CPI,113,cpi_headline_mom,274,tankan_small_manufacturers_index,Tankan Small Manufacturers Index,Growth,4,20,-0.230395,0.230395,False,very_weak,2026-04-24T07:51:03.322738+00:00
2320,JP,JPY,CPI,113,cpi_headline_mom,274,tankan_small_manufacturers_index,Tankan Small Manufacturers Index,Growth,2,22,-0.075761,0.075761,False,very_weak,2026-04-24T07:51:03.322738+00:00
2321,JP,JPY,GDP,104,gdp_qoq,105,tertiary_industry_index_mom,Tertiary Industry Index (MoM),Growth,1,43,0.616658,0.616658,True,moderate,2026-04-24T07:51:03.322738+00:00
2322,JP,JPY,GDP,104,gdp_qoq,105,tertiary_industry_index_mom,Tertiary Industry Index (MoM),Growth,0,45,0.514451,0.514451,False,moderate,2026-04-24T07:51:03.322738+00:00
2323,JP,JPY,GDP,104,gdp_qoq,105,tertiary_industry_index_mom,Tertiary Industry Index (MoM),Growth,5,39,-0.319557,0.319557,False,weak,2026-04-24T07:51:03.322738+00:00
2324,JP,JPY,GDP,104,gdp_qoq,105,tertiary_industry_index_mom,Tertiary Industry Index (MoM),Growth,3,43,-0.255401,0.255401,False,weak,2026-04-24T07:51:03.322738+00:00
2325,JP,JPY,GDP,104,gdp_qoq,105,tertiary_industry_index_mom,Tertiary Industry Index (MoM),Growth,2,41,0.250992,0.250992,False,weak,2026-04-24T07:51:03.322738+00:00
2326,JP,JPY,GDP,104,gdp_qoq,105,tertiary_industry_index_mom,Tertiary Industry Index (MoM),Growth,4,41,-0.200378,0.200378,False,very_weak,2026-04-24T07:51:03.322738+00:00
2327,JP,JPY,GDP,104,gdp_qoq,105,tertiary_industry_index_mom,Tertiary Industry Index (MoM),Growth,6,41,-0.180992,0.180992,False,very_weak,2026-04-24T07:51:03.322738+00:00
2328,JP,JPY,GDP,104,gdp_qoq,107,balance_of_trade,Balance of Trade,Growth,6,39,0.266205,0.266205,True,weak,2026-04-24T07:51:03.322738+00:00
2329,JP,JPY,GDP,104,gdp_qoq,107,balance_of_trade,Balance of Trade,Growth,2,43,-0.257853,0.257853,False,weak,2026-04-24T07:51:03.322738+00:00
2330,JP,JPY,GDP,104,gdp_qoq,107,balance_of_trade,Balance of Trade,Growth,4,41,-0.238820,0.238820,False,very_weak,2026-04-24T07:51:03.322738+00:00
2331,JP,JPY,GDP,104,gdp_qoq,107,balance_of_trade,Balance of Trade,Growth,0,43,0.224874,0.224874,False,very_weak,2026-04-24T07:51:03.322738+00:00
2332,JP,JPY,GDP,104,gdp_qoq,107,balance_of_trade,Balance of Trade,Growth,3,41,-0.161442,0.161442,False,very_weak,2026-04-24T07:51:03.322738+00:00
2333,JP,JPY,GDP,104,gdp_qoq,107,balance_of_trade,Balance of Trade,Growth,5,41,0.149873,0.149873,False,very_weak,2026-04-24T07:51:03.322738+00:00
2334,JP,JPY,GDP,104,gdp_qoq,107,balance_of_trade,Balance of Trade,Growth,1,43,0.106919,0.106919,False,very_weak,2026-04-24T07:51:03.322738+00:00
2335,JP,JPY,GDP,104,gdp_qoq,108,exports_yoy,Exports (YoY),Growth,3,41,-0.466019,0.466019,True,moderate,2026-04-24T07:51:03.322738+00:00
2336,JP,JPY,GDP,104,gdp_qoq,108,exports_yoy,Exports (YoY),Growth,4,41,-0.418324,0.418324,False,weak,2026-04-24T07:51:03.322738+00:00
2337,JP,JPY,GDP,104,gdp_qoq,108,exports_yoy,Exports (YoY),Growth,0,43,0.326049,0.326049,False,weak,2026-04-24T07:51:03.322738+00:00
2338,JP,JPY,GDP,104,gdp_qoq,108,exports_yoy,Exports (YoY),Growth,2,43,-0.316323,0.316323,False,weak,2026-04-24T07:51:03.322738+00:00
2339,JP,JPY,GDP,104,gdp_qoq,108,exports_yoy,Exports (YoY),Growth,1,43,0.161581,0.161581,False,very_weak,2026-04-24T07:51:03.322738+00:00
2340,JP,JPY,GDP,104,gdp_qoq,108,exports_yoy,Exports (YoY),Growth,6,39,-0.105928,0.105928,False,very_weak,2026-04-24T07:51:03.322738+00:00
2341,JP,JPY,GDP,104,gdp_qoq,108,exports_yoy,Exports (YoY),Growth,5,41,0.058318,0.058318,False,very_weak,2026-04-24T07:51:03.322738+00:00
2342,JP,JPY,GDP,104,gdp_qoq,109,imports_yoy,Imports (YoY),Growth,5,41,-0.674541,0.674541,True,moderate,2026-04-24T07:51:03.322738+00:00
2343,JP,JPY,GDP,104,gdp_qoq,109,imports_yoy,Imports (YoY),Growth,2,43,0.334600,0.334600,False,weak,2026-04-24T07:51:03.322738+00:00
2344,JP,JPY,GDP,104,gdp_qoq,109,imports_yoy,Imports (YoY),Growth,1,43,-0.184341,0.184341,False,very_weak,2026-04-24T07:51:03.322738+00:00
2345,JP,JPY,GDP,104,gdp_qoq,109,imports_yoy,Imports (YoY),Growth,6,39,0.096442,0.096442,False,very_weak,2026-04-24T07:51:03.322738+00:00
2346,JP,JPY,GDP,104,gdp_qoq,109,imports_yoy,Imports (YoY),Growth,0,43,-0.080400,0.080400,False,very_weak,2026-04-24T07:51:03.322738+00:00
2347,JP,JPY,GDP,104,gdp_qoq,109,imports_yoy,Imports (YoY),Growth,4,41,0.064674,0.064674,False,very_weak,2026-04-24T07:51:03.322738+00:00
2348,JP,JPY,GDP,104,gdp_qoq,109,imports_yoy,Imports (YoY),Growth,3,41,-0.058194,0.058194,False,very_weak,2026-04-24T07:51:03.322738+00:00
2349,JP,JPY,GDP,104,gdp_qoq,110,manufacturing_pmi,S&P Global Manufacturing PMI,Growth,0,88,0.390332,0.390332,True,weak,2026-04-24T07:51:03.322738+00:00
2350,JP,JPY,GDP,104,gdp_qoq,110,manufacturing_pmi,S&P Global Manufacturing PMI,Growth,4,81,-0.345658,0.345658,False,weak,2026-04-24T07:51:03.322738+00:00
2351,JP,JPY,GDP,104,gdp_qoq,110,manufacturing_pmi,S&P Global Manufacturing PMI,Growth,1,84,0.245933,0.245933,False,very_weak,2026-04-24T07:51:03.322738+00:00
2352,JP,JPY,GDP,104,gdp_qoq,110,manufacturing_pmi,S&P Global Manufacturing PMI,Growth,6,79,-0.179376,0.179376,False,very_weak,2026-04-24T07:51:03.322738+00:00
2353,JP,JPY,GDP,104,gdp_qoq,110,manufacturing_pmi,S&P Global Manufacturing PMI,Growth,3,84,-0.095443,0.095443,False,very_weak,2026-04-24T07:51:03.322738+00:00
2354,JP,JPY,GDP,104,gdp_qoq,110,manufacturing_pmi,S&P Global Manufacturing PMI,Growth,2,77,-0.070435,0.070435,False,very_weak,2026-04-24T07:51:03.322738+00:00
2355,JP,JPY,GDP,104,gdp_qoq,110,manufacturing_pmi,S&P Global Manufacturing PMI,Growth,5,73,-0.058027,0.058027,False,very_weak,2026-04-24T07:51:03.322738+00:00
2356,JP,JPY,GDP,104,gdp_qoq,111,services_pmi,S&P Global Services PMI,Growth,1,86,0.442060,0.442060,True,weak,2026-04-24T07:51:03.322738+00:00
2357,JP,JPY,GDP,104,gdp_qoq,111,services_pmi,S&P Global Services PMI,Growth,5,80,-0.338907,0.338907,False,weak,2026-04-24T07:51:03.322738+00:00
2358,JP,JPY,GDP,104,gdp_qoq,111,services_pmi,S&P Global Services PMI,Growth,4,82,-0.291918,0.291918,False,weak,2026-04-24T07:51:03.322738+00:00
2359,JP,JPY,GDP,104,gdp_qoq,111,services_pmi,S&P Global Services PMI,Growth,0,90,0.235061,0.235061,False,very_weak,2026-04-24T07:51:03.322738+00:00
2360,JP,JPY,GDP,104,gdp_qoq,111,services_pmi,S&P Global Services PMI,Growth,2,85,0.169097,0.169097,False,very_weak,2026-04-24T07:51:03.322738+00:00
2361,JP,JPY,GDP,104,gdp_qoq,111,services_pmi,S&P Global Services PMI,Growth,3,85,-0.082489,0.082489,False,very_weak,2026-04-24T07:51:03.322738+00:00
2362,JP,JPY,GDP,104,gdp_qoq,111,services_pmi,S&P Global Services PMI,Growth,6,82,-0.034261,0.034261,False,very_weak,2026-04-24T07:51:03.322738+00:00
2363,JP,JPY,GDP,104,gdp_qoq,112,composite_pmi,S&P Global Composite PMI,Growth,1,85,0.506425,0.506425,True,moderate,2026-04-24T07:51:03.322738+00:00
2364,JP,JPY,GDP,104,gdp_qoq,112,composite_pmi,S&P Global Composite PMI,Growth,5,80,-0.361801,0.361801,False,weak,2026-04-24T07:51:03.322738+00:00
2365,JP,JPY,GDP,104,gdp_qoq,112,composite_pmi,S&P Global Composite PMI,Growth,4,82,-0.349133,0.349133,False,weak,2026-04-24T07:51:03.322738+00:00
2366,JP,JPY,GDP,104,gdp_qoq,112,composite_pmi,S&P Global Composite PMI,Growth,0,84,0.331294,0.331294,False,weak,2026-04-24T07:51:03.322738+00:00
2367,JP,JPY,GDP,104,gdp_qoq,112,composite_pmi,S&P Global Composite PMI,Growth,2,83,0.103842,0.103842,False,very_weak,2026-04-24T07:51:03.322738+00:00
2368,JP,JPY,GDP,104,gdp_qoq,112,composite_pmi,S&P Global Composite PMI,Growth,3,83,-0.098348,0.098348,False,very_weak,2026-04-24T07:51:03.322738+00:00
2369,JP,JPY,GDP,104,gdp_qoq,112,composite_pmi,S&P Global Composite PMI,Growth,6,80,-0.077221,0.077221,False,very_weak,2026-04-24T07:51:03.322738+00:00
2370,JP,JPY,GDP,104,gdp_qoq,192,industrial_production_mom,Industrial Production (MoM),Growth,1,107,0.543302,0.543302,True,moderate,2026-04-24T07:51:03.322738+00:00
2371,JP,JPY,GDP,104,gdp_qoq,192,industrial_production_mom,Industrial Production (MoM),Growth,0,109,0.387878,0.387878,False,weak,2026-04-24T07:51:03.322738+00:00
2372,JP,JPY,GDP,104,gdp_qoq,192,industrial_production_mom,Industrial Production (MoM),Growth,5,92,-0.245274,0.245274,False,very_weak,2026-04-24T07:51:03.322738+00:00
2373,JP,JPY,GDP,104,gdp_qoq,192,industrial_production_mom,Industrial Production (MoM),Growth,3,101,-0.218587,0.218587,False,very_weak,2026-04-24T07:51:03.322738+00:00
2374,JP,JPY,GDP,104,gdp_qoq,192,industrial_production_mom,Industrial Production (MoM),Growth,4,98,-0.215433,0.215433,False,very_weak,2026-04-24T07:51:03.322738+00:00
2375,JP,JPY,GDP,104,gdp_qoq,192,industrial_production_mom,Industrial Production (MoM),Growth,2,101,0.181157,0.181157,False,very_weak,2026-04-24T07:51:03.322738+00:00
2376,JP,JPY,GDP,104,gdp_qoq,192,industrial_production_mom,Industrial Production (MoM),Growth,6,92,-0.081081,0.081081,False,very_weak,2026-04-24T07:51:03.322738+00:00
2377,JP,JPY,GDP,104,gdp_qoq,193,industrial_production_yoy,Industrial Production (YoY),Growth,0,90,0.510327,0.510327,True,moderate,2026-04-24T07:51:03.322738+00:00
2378,JP,JPY,GDP,104,gdp_qoq,193,industrial_production_yoy,Industrial Production (YoY),Growth,3,86,-0.362090,0.362090,False,weak,2026-04-24T07:51:03.322738+00:00
2379,JP,JPY,GDP,104,gdp_qoq,193,industrial_production_yoy,Industrial Production (YoY),Growth,4,82,-0.199107,0.199107,False,very_weak,2026-04-24T07:51:03.322738+00:00
2380,JP,JPY,GDP,104,gdp_qoq,193,industrial_production_yoy,Industrial Production (YoY),Growth,5,82,-0.146588,0.146588,False,very_weak,2026-04-24T07:51:03.322738+00:00
2381,JP,JPY,GDP,104,gdp_qoq,193,industrial_production_yoy,Industrial Production (YoY),Growth,1,86,0.089032,0.089032,False,very_weak,2026-04-24T07:51:03.322738+00:00
2382,JP,JPY,GDP,104,gdp_qoq,193,industrial_production_yoy,Industrial Production (YoY),Growth,2,86,-0.043539,0.043539,False,very_weak,2026-04-24T07:51:03.322738+00:00
2383,JP,JPY,GDP,104,gdp_qoq,193,industrial_production_yoy,Industrial Production (YoY),Growth,6,82,-0.006603,0.006603,False,very_weak,2026-04-24T07:51:03.322738+00:00
2384,JP,JPY,GDP,104,gdp_qoq,194,leading_economic_index,Leading Economic Index,Growth,4,85,-0.576094,0.576094,True,moderate,2026-04-24T07:51:03.322738+00:00
2385,JP,JPY,GDP,104,gdp_qoq,194,leading_economic_index,Leading Economic Index,Growth,1,87,0.383006,0.383006,False,weak,2026-04-24T07:51:03.322738+00:00
2386,JP,JPY,GDP,104,gdp_qoq,194,leading_economic_index,Leading Economic Index,Growth,6,82,-0.158208,0.158208,False,very_weak,2026-04-24T07:51:03.322738+00:00
2387,JP,JPY,GDP,104,gdp_qoq,194,leading_economic_index,Leading Economic Index,Growth,0,90,0.117738,0.117738,False,very_weak,2026-04-24T07:51:03.322738+00:00
2388,JP,JPY,GDP,104,gdp_qoq,194,leading_economic_index,Leading Economic Index,Growth,2,81,-0.102243,0.102243,False,very_weak,2026-04-24T07:51:03.322738+00:00
2389,JP,JPY,GDP,104,gdp_qoq,194,leading_economic_index,Leading Economic Index,Growth,5,77,-0.057859,0.057859,False,very_weak,2026-04-24T07:51:03.322738+00:00
2390,JP,JPY,GDP,104,gdp_qoq,194,leading_economic_index,Leading Economic Index,Growth,3,86,0.055151,0.055151,False,very_weak,2026-04-24T07:51:03.322738+00:00
2391,JP,JPY,GDP,104,gdp_qoq,195,coincident_index,Coincident Index,Growth,1,90,0.387362,0.387362,True,weak,2026-04-24T07:51:03.322738+00:00
2392,JP,JPY,GDP,104,gdp_qoq,195,coincident_index,Coincident Index,Growth,3,88,-0.237616,0.237616,False,very_weak,2026-04-24T07:51:03.322738+00:00
2393,JP,JPY,GDP,104,gdp_qoq,195,coincident_index,Coincident Index,Growth,0,92,0.218404,0.218404,False,very_weak,2026-04-24T07:51:03.322738+00:00
2394,JP,JPY,GDP,104,gdp_qoq,195,coincident_index,Coincident Index,Growth,2,86,-0.170069,0.170069,False,very_weak,2026-04-24T07:51:03.322738+00:00
2395,JP,JPY,GDP,104,gdp_qoq,195,coincident_index,Coincident Index,Growth,4,86,-0.137274,0.137274,False,very_weak,2026-04-24T07:51:03.322738+00:00
2396,JP,JPY,GDP,104,gdp_qoq,195,coincident_index,Coincident Index,Growth,5,82,-0.057870,0.057870,False,very_weak,2026-04-24T07:51:03.322738+00:00
2397,JP,JPY,GDP,104,gdp_qoq,195,coincident_index,Coincident Index,Growth,6,84,-0.009017,0.009017,False,very_weak,2026-04-24T07:51:03.322738+00:00
2398,JP,JPY,GDP,104,gdp_qoq,196,machine_tool_orders_yoy,Machine Tool Orders (YoY),Growth,0,43,0.432163,0.432163,True,weak,2026-04-24T07:51:03.322738+00:00
2399,JP,JPY,GDP,104,gdp_qoq,196,machine_tool_orders_yoy,Machine Tool Orders (YoY),Growth,3,41,-0.421114,0.421114,False,weak,2026-04-24T07:51:03.322738+00:00
2400,JP,JPY,GDP,104,gdp_qoq,196,machine_tool_orders_yoy,Machine Tool Orders (YoY),Growth,2,43,-0.352873,0.352873,False,weak,2026-04-24T07:51:03.322738+00:00
2401,JP,JPY,GDP,104,gdp_qoq,196,machine_tool_orders_yoy,Machine Tool Orders (YoY),Growth,1,43,0.336415,0.336415,False,weak,2026-04-24T07:51:03.322738+00:00
2402,JP,JPY,GDP,104,gdp_qoq,196,machine_tool_orders_yoy,Machine Tool Orders (YoY),Growth,6,39,-0.314267,0.314267,False,weak,2026-04-24T07:51:03.322738+00:00
2403,JP,JPY,GDP,104,gdp_qoq,196,machine_tool_orders_yoy,Machine Tool Orders (YoY),Growth,4,41,-0.309574,0.309574,False,weak,2026-04-24T07:51:03.322738+00:00
2404,JP,JPY,GDP,104,gdp_qoq,196,machine_tool_orders_yoy,Machine Tool Orders (YoY),Growth,5,41,0.116126,0.116126,False,very_weak,2026-04-24T07:51:03.322738+00:00
2405,JP,JPY,GDP,104,gdp_qoq,197,foreign_bond_investment,Foreign Bond Investment,Growth,1,184,0.084998,0.084998,True,very_weak,2026-04-24T07:51:03.322738+00:00
2406,JP,JPY,GDP,104,gdp_qoq,197,foreign_bond_investment,Foreign Bond Investment,Growth,4,176,0.045598,0.045598,False,very_weak,2026-04-24T07:51:03.322738+00:00
2407,JP,JPY,GDP,104,gdp_qoq,197,foreign_bond_investment,Foreign Bond Investment,Growth,5,176,0.031343,0.031343,False,very_weak,2026-04-24T07:51:03.322738+00:00
2408,JP,JPY,GDP,104,gdp_qoq,197,foreign_bond_investment,Foreign Bond Investment,Growth,2,186,-0.023670,0.023670,False,very_weak,2026-04-24T07:51:03.322738+00:00
2409,JP,JPY,GDP,104,gdp_qoq,197,foreign_bond_investment,Foreign Bond Investment,Growth,0,195,-0.018188,0.018188,False,very_weak,2026-04-24T07:51:03.322738+00:00
2410,JP,JPY,GDP,104,gdp_qoq,197,foreign_bond_investment,Foreign Bond Investment,Growth,3,187,-0.002571,0.002571,False,very_weak,2026-04-24T07:51:03.322738+00:00
2411,JP,JPY,GDP,104,gdp_qoq,197,foreign_bond_investment,Foreign Bond Investment,Growth,6,179,-0.000948,0.000948,False,very_weak,2026-04-24T07:51:03.322738+00:00
2412,JP,JPY,GDP,104,gdp_qoq,198,stock_investment_by_foreigners,Stock Investment by Foreigners,Growth,5,176,0.146636,0.146636,True,very_weak,2026-04-24T07:51:03.322738+00:00
2413,JP,JPY,GDP,104,gdp_qoq,198,stock_investment_by_foreigners,Stock Investment by Foreigners,Growth,6,179,0.104643,0.104643,False,very_weak,2026-04-24T07:51:03.322738+00:00
2414,JP,JPY,GDP,104,gdp_qoq,198,stock_investment_by_foreigners,Stock Investment by Foreigners,Growth,2,186,0.097529,0.097529,False,very_weak,2026-04-24T07:51:03.322738+00:00
2415,JP,JPY,GDP,104,gdp_qoq,198,stock_investment_by_foreigners,Stock Investment by Foreigners,Growth,3,187,-0.057616,0.057616,False,very_weak,2026-04-24T07:51:03.322738+00:00
2416,JP,JPY,GDP,104,gdp_qoq,198,stock_investment_by_foreigners,Stock Investment by Foreigners,Growth,1,184,0.043377,0.043377,False,very_weak,2026-04-24T07:51:03.322738+00:00
2417,JP,JPY,GDP,104,gdp_qoq,198,stock_investment_by_foreigners,Stock Investment by Foreigners,Growth,0,195,-0.017793,0.017793,False,very_weak,2026-04-24T07:51:03.322738+00:00
2418,JP,JPY,GDP,104,gdp_qoq,198,stock_investment_by_foreigners,Stock Investment by Foreigners,Growth,4,176,-0.016850,0.016850,False,very_weak,2026-04-24T07:51:03.322738+00:00
2419,JP,JPY,GDP,104,gdp_qoq,251,current_account,Current Account,Growth,2,43,-0.429613,0.429613,True,weak,2026-04-24T07:51:03.322738+00:00
2420,JP,JPY,GDP,104,gdp_qoq,251,current_account,Current Account,Growth,5,41,0.327159,0.327159,False,weak,2026-04-24T07:51:03.322738+00:00
2421,JP,JPY,GDP,104,gdp_qoq,251,current_account,Current Account,Growth,0,45,0.236951,0.236951,False,very_weak,2026-04-24T07:51:03.322738+00:00
2422,JP,JPY,GDP,104,gdp_qoq,251,current_account,Current Account,Growth,4,41,-0.191374,0.191374,False,very_weak,2026-04-24T07:51:03.322738+00:00
2423,JP,JPY,GDP,104,gdp_qoq,251,current_account,Current Account,Growth,3,43,-0.161019,0.161019,False,very_weak,2026-04-24T07:51:03.322738+00:00
2424,JP,JPY,GDP,104,gdp_qoq,251,current_account,Current Account,Growth,6,41,0.058062,0.058062,False,very_weak,2026-04-24T07:51:03.322738+00:00
2425,JP,JPY,GDP,104,gdp_qoq,251,current_account,Current Account,Growth,1,43,0.050078,0.050078,False,very_weak,2026-04-24T07:51:03.322738+00:00
2426,JP,JPY,GDP,104,gdp_qoq,256,leading_index_mom,Leading Index (MoM),Growth,4,11,0.667768,0.667768,True,moderate,2026-04-24T07:51:03.322738+00:00
2427,JP,JPY,GDP,104,gdp_qoq,256,leading_index_mom,Leading Index (MoM),Growth,3,14,0.613523,0.613523,False,moderate,2026-04-24T07:51:03.322738+00:00
2428,JP,JPY,GDP,104,gdp_qoq,256,leading_index_mom,Leading Index (MoM),Growth,2,18,-0.550275,0.550275,False,moderate,2026-04-24T07:51:03.322738+00:00
2429,JP,JPY,GDP,104,gdp_qoq,256,leading_index_mom,Leading Index (MoM),Growth,5,14,0.361860,0.361860,False,weak,2026-04-24T07:51:03.322738+00:00
2430,JP,JPY,GDP,104,gdp_qoq,256,leading_index_mom,Leading Index (MoM),Growth,1,13,-0.281109,0.281109,False,weak,2026-04-24T07:51:03.322738+00:00
2431,JP,JPY,GDP,104,gdp_qoq,256,leading_index_mom,Leading Index (MoM),Growth,0,17,-0.242663,0.242663,False,very_weak,2026-04-24T07:51:03.322738+00:00
2432,JP,JPY,GDP,104,gdp_qoq,256,leading_index_mom,Leading Index (MoM),Growth,6,12,-0.105961,0.105961,False,very_weak,2026-04-24T07:51:03.322738+00:00
2433,JP,JPY,GDP,104,gdp_qoq,257,coincident_indicator_mom,Coincident Indicator (MoM),Growth,6,12,0.749485,0.749485,True,strong,2026-04-24T07:51:03.322738+00:00
2434,JP,JPY,GDP,104,gdp_qoq,257,coincident_indicator_mom,Coincident Indicator (MoM),Growth,4,11,0.679799,0.679799,False,moderate,2026-04-24T07:51:03.322738+00:00
2435,JP,JPY,GDP,104,gdp_qoq,257,coincident_indicator_mom,Coincident Indicator (MoM),Growth,0,19,0.651686,0.651686,False,moderate,2026-04-24T07:51:03.322738+00:00
2436,JP,JPY,GDP,104,gdp_qoq,257,coincident_indicator_mom,Coincident Indicator (MoM),Growth,5,13,-0.598080,0.598080,False,moderate,2026-04-24T07:51:03.322738+00:00
2437,JP,JPY,GDP,104,gdp_qoq,257,coincident_indicator_mom,Coincident Indicator (MoM),Growth,1,13,-0.402775,0.402775,False,weak,2026-04-24T07:51:03.322738+00:00
2438,JP,JPY,GDP,104,gdp_qoq,257,coincident_indicator_mom,Coincident Indicator (MoM),Growth,3,15,-0.137595,0.137595,False,very_weak,2026-04-24T07:51:03.322738+00:00
2439,JP,JPY,GDP,104,gdp_qoq,257,coincident_indicator_mom,Coincident Indicator (MoM),Growth,2,16,-0.137149,0.137149,False,very_weak,2026-04-24T07:51:03.322738+00:00
2440,JP,JPY,GDP,104,gdp_qoq,258,capacity_utilization,Capacity Utilization,Growth,3,41,-0.774757,0.774757,True,strong,2026-04-24T07:51:03.322738+00:00
2441,JP,JPY,GDP,104,gdp_qoq,258,capacity_utilization,Capacity Utilization,Growth,1,43,0.527975,0.527975,False,moderate,2026-04-24T07:51:03.322738+00:00
2442,JP,JPY,GDP,104,gdp_qoq,258,capacity_utilization,Capacity Utilization,Growth,6,40,0.507118,0.507118,False,moderate,2026-04-24T07:51:03.322738+00:00
2443,JP,JPY,GDP,104,gdp_qoq,258,capacity_utilization,Capacity Utilization,Growth,5,41,-0.341290,0.341290,False,weak,2026-04-24T07:51:03.322738+00:00
2444,JP,JPY,GDP,104,gdp_qoq,258,capacity_utilization,Capacity Utilization,Growth,4,41,-0.318862,0.318862,False,weak,2026-04-24T07:51:03.322738+00:00
2445,JP,JPY,GDP,104,gdp_qoq,258,capacity_utilization,Capacity Utilization,Growth,2,43,0.305896,0.305896,False,weak,2026-04-24T07:51:03.322738+00:00
2446,JP,JPY,GDP,104,gdp_qoq,258,capacity_utilization,Capacity Utilization,Growth,0,43,0.231494,0.231494,False,very_weak,2026-04-24T07:51:03.322738+00:00
2447,JP,JPY,GDP,104,gdp_qoq,259,machinery_orders_mom,Machinery Orders (MoM),Growth,0,45,0.526714,0.526714,True,moderate,2026-04-24T07:51:03.322738+00:00
2448,JP,JPY,GDP,104,gdp_qoq,259,machinery_orders_mom,Machinery Orders (MoM),Growth,4,39,-0.265972,0.265972,False,weak,2026-04-24T07:51:03.322738+00:00
2449,JP,JPY,GDP,104,gdp_qoq,259,machinery_orders_mom,Machinery Orders (MoM),Growth,3,43,-0.102095,0.102095,False,very_weak,2026-04-24T07:51:03.322738+00:00
2450,JP,JPY,GDP,104,gdp_qoq,259,machinery_orders_mom,Machinery Orders (MoM),Growth,5,41,0.097520,0.097520,False,very_weak,2026-04-24T07:51:03.322738+00:00
2451,JP,JPY,GDP,104,gdp_qoq,259,machinery_orders_mom,Machinery Orders (MoM),Growth,1,41,-0.079882,0.079882,False,very_weak,2026-04-24T07:51:03.322738+00:00
2452,JP,JPY,GDP,104,gdp_qoq,259,machinery_orders_mom,Machinery Orders (MoM),Growth,6,41,-0.078975,0.078975,False,very_weak,2026-04-24T07:51:03.322738+00:00
2453,JP,JPY,GDP,104,gdp_qoq,259,machinery_orders_mom,Machinery Orders (MoM),Growth,2,43,0.045098,0.045098,False,very_weak,2026-04-24T07:51:03.322738+00:00
2454,JP,JPY,GDP,104,gdp_qoq,260,machinery_orders_yoy,Machinery Orders (YoY),Growth,0,45,0.514650,0.514650,True,moderate,2026-04-24T07:51:03.322738+00:00
2455,JP,JPY,GDP,104,gdp_qoq,260,machinery_orders_yoy,Machinery Orders (YoY),Growth,3,43,-0.332379,0.332379,False,weak,2026-04-24T07:51:03.322738+00:00
2456,JP,JPY,GDP,104,gdp_qoq,260,machinery_orders_yoy,Machinery Orders (YoY),Growth,4,41,-0.278124,0.278124,False,weak,2026-04-24T07:51:03.322738+00:00
2457,JP,JPY,GDP,104,gdp_qoq,260,machinery_orders_yoy,Machinery Orders (YoY),Growth,6,41,-0.244378,0.244378,False,very_weak,2026-04-24T07:51:03.322738+00:00
2458,JP,JPY,GDP,104,gdp_qoq,260,machinery_orders_yoy,Machinery Orders (YoY),Growth,5,41,-0.231186,0.231186,False,very_weak,2026-04-24T07:51:03.322738+00:00
2459,JP,JPY,GDP,104,gdp_qoq,260,machinery_orders_yoy,Machinery Orders (YoY),Growth,1,43,-0.139712,0.139712,False,very_weak,2026-04-24T07:51:03.322738+00:00
2460,JP,JPY,GDP,104,gdp_qoq,260,machinery_orders_yoy,Machinery Orders (YoY),Growth,2,43,-0.026263,0.026263,False,very_weak,2026-04-24T07:51:03.322738+00:00
2461,JP,JPY,GDP,104,gdp_qoq,261,household_spending_mom,Household Spending (MoM),Growth,1,43,0.623333,0.623333,True,moderate,2026-04-24T07:51:03.322738+00:00
2462,JP,JPY,GDP,104,gdp_qoq,261,household_spending_mom,Household Spending (MoM),Growth,0,45,0.339876,0.339876,False,weak,2026-04-24T07:51:03.322738+00:00
2463,JP,JPY,GDP,104,gdp_qoq,261,household_spending_mom,Household Spending (MoM),Growth,3,43,-0.150961,0.150961,False,very_weak,2026-04-24T07:51:03.322738+00:00
2464,JP,JPY,GDP,104,gdp_qoq,261,household_spending_mom,Household Spending (MoM),Growth,4,41,-0.117417,0.117417,False,very_weak,2026-04-24T07:51:03.322738+00:00
2465,JP,JPY,GDP,104,gdp_qoq,261,household_spending_mom,Household Spending (MoM),Growth,6,41,0.104501,0.104501,False,very_weak,2026-04-24T07:51:03.322738+00:00
2466,JP,JPY,GDP,104,gdp_qoq,261,household_spending_mom,Household Spending (MoM),Growth,5,41,-0.040174,0.040174,False,very_weak,2026-04-24T07:51:03.322738+00:00
2467,JP,JPY,GDP,104,gdp_qoq,261,household_spending_mom,Household Spending (MoM),Growth,2,43,0.033239,0.033239,False,very_weak,2026-04-24T07:51:03.322738+00:00
2468,JP,JPY,GDP,104,gdp_qoq,262,household_spending_yoy,Household Spending (YoY),Growth,2,43,-0.537276,0.537276,True,moderate,2026-04-24T07:51:03.322738+00:00
2469,JP,JPY,GDP,104,gdp_qoq,262,household_spending_yoy,Household Spending (YoY),Growth,1,43,0.241610,0.241610,False,very_weak,2026-04-24T07:51:03.322738+00:00
2470,JP,JPY,GDP,104,gdp_qoq,262,household_spending_yoy,Household Spending (YoY),Growth,4,41,-0.227660,0.227660,False,very_weak,2026-04-24T07:51:03.322738+00:00
2471,JP,JPY,GDP,104,gdp_qoq,262,household_spending_yoy,Household Spending (YoY),Growth,0,45,0.181914,0.181914,False,very_weak,2026-04-24T07:51:03.322738+00:00
2472,JP,JPY,GDP,104,gdp_qoq,262,household_spending_yoy,Household Spending (YoY),Growth,3,43,-0.122202,0.122202,False,very_weak,2026-04-24T07:51:03.322738+00:00
2473,JP,JPY,GDP,104,gdp_qoq,262,household_spending_yoy,Household Spending (YoY),Growth,5,41,0.042870,0.042870,False,very_weak,2026-04-24T07:51:03.322738+00:00
2474,JP,JPY,GDP,104,gdp_qoq,262,household_spending_yoy,Household Spending (YoY),Growth,6,41,-0.040459,0.040459,False,very_weak,2026-04-24T07:51:03.322738+00:00
2475,JP,JPY,GDP,104,gdp_qoq,263,retail_sales_mom,Retail Sales (MoM),Growth,1,43,0.817202,0.817202,True,strong,2026-04-24T07:51:03.322738+00:00
2476,JP,JPY,GDP,104,gdp_qoq,263,retail_sales_mom,Retail Sales (MoM),Growth,4,41,-0.663872,0.663872,False,moderate,2026-04-24T07:51:03.322738+00:00
2477,JP,JPY,GDP,104,gdp_qoq,263,retail_sales_mom,Retail Sales (MoM),Growth,6,39,-0.637839,0.637839,False,moderate,2026-04-24T07:51:03.322738+00:00
2478,JP,JPY,GDP,104,gdp_qoq,263,retail_sales_mom,Retail Sales (MoM),Growth,0,43,0.428615,0.428615,False,weak,2026-04-24T07:51:03.322738+00:00
2479,JP,JPY,GDP,104,gdp_qoq,263,retail_sales_mom,Retail Sales (MoM),Growth,3,41,-0.328295,0.328295,False,weak,2026-04-24T07:51:03.322738+00:00
2480,JP,JPY,GDP,104,gdp_qoq,263,retail_sales_mom,Retail Sales (MoM),Growth,5,41,0.086742,0.086742,False,very_weak,2026-04-24T07:51:03.322738+00:00
2481,JP,JPY,GDP,104,gdp_qoq,263,retail_sales_mom,Retail Sales (MoM),Growth,2,43,-0.065946,0.065946,False,very_weak,2026-04-24T07:51:03.322738+00:00
2482,JP,JPY,GDP,104,gdp_qoq,264,retail_sales_yoy,Retail Sales (YoY),Growth,0,43,0.547309,0.547309,True,moderate,2026-04-24T07:51:03.322738+00:00
2483,JP,JPY,GDP,104,gdp_qoq,264,retail_sales_yoy,Retail Sales (YoY),Growth,3,41,-0.453942,0.453942,False,moderate,2026-04-24T07:51:03.322738+00:00
2484,JP,JPY,GDP,104,gdp_qoq,264,retail_sales_yoy,Retail Sales (YoY),Growth,2,43,-0.416531,0.416531,False,weak,2026-04-24T07:51:03.322738+00:00
2485,JP,JPY,GDP,104,gdp_qoq,264,retail_sales_yoy,Retail Sales (YoY),Growth,6,39,-0.407746,0.407746,False,weak,2026-04-24T07:51:03.322738+00:00
2486,JP,JPY,GDP,104,gdp_qoq,264,retail_sales_yoy,Retail Sales (YoY),Growth,1,43,0.264092,0.264092,False,weak,2026-04-24T07:51:03.322738+00:00
2487,JP,JPY,GDP,104,gdp_qoq,264,retail_sales_yoy,Retail Sales (YoY),Growth,4,41,-0.207134,0.207134,False,very_weak,2026-04-24T07:51:03.322738+00:00
2488,JP,JPY,GDP,104,gdp_qoq,264,retail_sales_yoy,Retail Sales (YoY),Growth,5,41,0.171508,0.171508,False,very_weak,2026-04-24T07:51:03.322738+00:00
2489,JP,JPY,GDP,104,gdp_qoq,265,consumer_confidence,Consumer Confidence,Growth,1,43,0.759006,0.759006,True,strong,2026-04-24T07:51:03.322738+00:00
2490,JP,JPY,GDP,104,gdp_qoq,265,consumer_confidence,Consumer Confidence,Growth,4,41,-0.743476,0.743476,False,strong,2026-04-24T07:51:03.322738+00:00
2491,JP,JPY,GDP,104,gdp_qoq,265,consumer_confidence,Consumer Confidence,Growth,0,43,0.409476,0.409476,False,weak,2026-04-24T07:51:03.322738+00:00
2492,JP,JPY,GDP,104,gdp_qoq,265,consumer_confidence,Consumer Confidence,Growth,3,41,-0.286607,0.286607,False,weak,2026-04-24T07:51:03.322738+00:00
2493,JP,JPY,GDP,104,gdp_qoq,265,consumer_confidence,Consumer Confidence,Growth,5,39,-0.248176,0.248176,False,very_weak,2026-04-24T07:51:03.322738+00:00
2494,JP,JPY,GDP,104,gdp_qoq,265,consumer_confidence,Consumer Confidence,Growth,6,39,-0.222129,0.222129,False,very_weak,2026-04-24T07:51:03.322738+00:00
2495,JP,JPY,GDP,104,gdp_qoq,265,consumer_confidence,Consumer Confidence,Growth,2,41,-0.184365,0.184365,False,very_weak,2026-04-24T07:51:03.322738+00:00
2496,JP,JPY,GDP,104,gdp_qoq,266,eco_watchers_current,Eco Watchers Survey Current,Growth,5,41,-0.649137,0.649137,True,moderate,2026-04-24T07:51:03.322738+00:00
2497,JP,JPY,GDP,104,gdp_qoq,266,eco_watchers_current,Eco Watchers Survey Current,Growth,2,43,0.625741,0.625741,False,moderate,2026-04-24T07:51:03.322738+00:00
2498,JP,JPY,GDP,104,gdp_qoq,266,eco_watchers_current,Eco Watchers Survey Current,Growth,1,45,0.385142,0.385142,False,weak,2026-04-24T07:51:03.322738+00:00
2499,JP,JPY,GDP,104,gdp_qoq,266,eco_watchers_current,Eco Watchers Survey Current,Growth,0,45,0.331696,0.331696,False,weak,2026-04-24T07:51:03.322738+00:00
2500,JP,JPY,GDP,104,gdp_qoq,266,eco_watchers_current,Eco Watchers Survey Current,Growth,6,39,-0.253483,0.253483,False,weak,2026-04-24T07:51:03.322738+00:00
2501,JP,JPY,GDP,104,gdp_qoq,266,eco_watchers_current,Eco Watchers Survey Current,Growth,4,43,-0.103313,0.103313,False,very_weak,2026-04-24T07:51:03.322738+00:00
2502,JP,JPY,GDP,104,gdp_qoq,266,eco_watchers_current,Eco Watchers Survey Current,Growth,3,42,-0.090547,0.090547,False,very_weak,2026-04-24T07:51:03.322738+00:00
2503,JP,JPY,GDP,104,gdp_qoq,267,eco_watchers_outlook,Eco Watchers Survey Outlook,Growth,2,43,0.668583,0.668583,True,moderate,2026-04-24T07:51:03.322738+00:00
2504,JP,JPY,GDP,104,gdp_qoq,267,eco_watchers_outlook,Eco Watchers Survey Outlook,Growth,5,41,-0.565839,0.565839,False,moderate,2026-04-24T07:51:03.322738+00:00
2505,JP,JPY,GDP,104,gdp_qoq,267,eco_watchers_outlook,Eco Watchers Survey Outlook,Growth,1,43,0.472408,0.472408,False,moderate,2026-04-24T07:51:03.322738+00:00
2506,JP,JPY,GDP,104,gdp_qoq,267,eco_watchers_outlook,Eco Watchers Survey Outlook,Growth,0,45,0.259813,0.259813,False,weak,2026-04-24T07:51:03.322738+00:00
2507,JP,JPY,GDP,104,gdp_qoq,267,eco_watchers_outlook,Eco Watchers Survey Outlook,Growth,4,41,-0.172771,0.172771,False,very_weak,2026-04-24T07:51:03.322738+00:00
2508,JP,JPY,GDP,104,gdp_qoq,267,eco_watchers_outlook,Eco Watchers Survey Outlook,Growth,6,41,-0.154290,0.154290,False,very_weak,2026-04-24T07:51:03.322738+00:00
2509,JP,JPY,GDP,104,gdp_qoq,267,eco_watchers_outlook,Eco Watchers Survey Outlook,Growth,3,43,-0.095376,0.095376,False,very_weak,2026-04-24T07:51:03.322738+00:00
2510,JP,JPY,GDP,104,gdp_qoq,268,reuters_tankan_index,Reuters Tankan Index,Growth,4,41,-0.757033,0.757033,True,strong,2026-04-24T07:51:03.322738+00:00
2511,JP,JPY,GDP,104,gdp_qoq,268,reuters_tankan_index,Reuters Tankan Index,Growth,1,43,0.692021,0.692021,False,moderate,2026-04-24T07:51:03.322738+00:00
2512,JP,JPY,GDP,104,gdp_qoq,268,reuters_tankan_index,Reuters Tankan Index,Growth,3,41,-0.517191,0.517191,False,moderate,2026-04-24T07:51:03.322738+00:00
2513,JP,JPY,GDP,104,gdp_qoq,268,reuters_tankan_index,Reuters Tankan Index,Growth,2,41,-0.426157,0.426157,False,weak,2026-04-24T07:51:03.322738+00:00
2514,JP,JPY,GDP,104,gdp_qoq,268,reuters_tankan_index,Reuters Tankan Index,Growth,5,39,-0.272746,0.272746,False,weak,2026-04-24T07:51:03.322738+00:00
2515,JP,JPY,GDP,104,gdp_qoq,268,reuters_tankan_index,Reuters Tankan Index,Growth,6,39,-0.201886,0.201886,False,very_weak,2026-04-24T07:51:03.322738+00:00
2516,JP,JPY,GDP,104,gdp_qoq,268,reuters_tankan_index,Reuters Tankan Index,Growth,0,43,0.192088,0.192088,False,very_weak,2026-04-24T07:51:03.322738+00:00
2517,JP,JPY,GDP,104,gdp_qoq,269,tankan_large_manufacturers_index,Tankan Large Manufacturers Index,Growth,3,39,-0.306465,0.306465,True,weak,2026-04-24T07:51:03.322738+00:00
2518,JP,JPY,GDP,104,gdp_qoq,269,tankan_large_manufacturers_index,Tankan Large Manufacturers Index,Growth,0,41,-0.230876,0.230876,False,very_weak,2026-04-24T07:51:03.322738+00:00
2519,JP,JPY,GDP,104,gdp_qoq,269,tankan_large_manufacturers_index,Tankan Large Manufacturers Index,Growth,6,37,0.125042,0.125042,False,very_weak,2026-04-24T07:51:03.322738+00:00
2520,JP,JPY,GDP,104,gdp_qoq,270,tankan_large_all_industry_capex,Tankan Large All Industry Capex,Growth,6,37,0.418004,0.418004,True,weak,2026-04-24T07:51:03.322738+00:00
2521,JP,JPY,GDP,104,gdp_qoq,270,tankan_large_all_industry_capex,Tankan Large All Industry Capex,Growth,0,41,-0.344352,0.344352,False,weak,2026-04-24T07:51:03.322738+00:00
2522,JP,JPY,GDP,104,gdp_qoq,270,tankan_large_all_industry_capex,Tankan Large All Industry Capex,Growth,3,39,-0.212923,0.212923,False,very_weak,2026-04-24T07:51:03.322738+00:00
2523,JP,JPY,GDP,104,gdp_qoq,271,tankan_large_manufacturing_outlook,Tankan Large Manufacturing Outlook,Growth,3,39,-0.236783,0.236783,True,very_weak,2026-04-24T07:51:03.322738+00:00
2524,JP,JPY,GDP,104,gdp_qoq,271,tankan_large_manufacturing_outlook,Tankan Large Manufacturing Outlook,Growth,0,41,-0.038209,0.038209,False,very_weak,2026-04-24T07:51:03.322738+00:00
2525,JP,JPY,GDP,104,gdp_qoq,271,tankan_large_manufacturing_outlook,Tankan Large Manufacturing Outlook,Growth,6,37,-0.031105,0.031105,False,very_weak,2026-04-24T07:51:03.322738+00:00
2526,JP,JPY,GDP,104,gdp_qoq,272,tankan_large_non_manufacturing_index,Tankan Large Non-Manufacturing Index,Growth,0,41,-0.423726,0.423726,True,weak,2026-04-24T07:51:03.322738+00:00
2527,JP,JPY,GDP,104,gdp_qoq,272,tankan_large_non_manufacturing_index,Tankan Large Non-Manufacturing Index,Growth,6,37,0.282068,0.282068,False,weak,2026-04-24T07:51:03.322738+00:00
2528,JP,JPY,GDP,104,gdp_qoq,272,tankan_large_non_manufacturing_index,Tankan Large Non-Manufacturing Index,Growth,3,39,-0.150672,0.150672,False,very_weak,2026-04-24T07:51:03.322738+00:00
2529,JP,JPY,GDP,104,gdp_qoq,273,tankan_non_manufacturing_outlook,Tankan Non-Manufacturing Outlook,Growth,0,41,-0.167938,0.167938,True,very_weak,2026-04-24T07:51:03.322738+00:00
2530,JP,JPY,GDP,104,gdp_qoq,273,tankan_non_manufacturing_outlook,Tankan Non-Manufacturing Outlook,Growth,3,39,-0.146681,0.146681,False,very_weak,2026-04-24T07:51:03.322738+00:00
2531,JP,JPY,GDP,104,gdp_qoq,273,tankan_non_manufacturing_outlook,Tankan Non-Manufacturing Outlook,Growth,6,37,0.056630,0.056630,False,very_weak,2026-04-24T07:51:03.322738+00:00
2532,JP,JPY,GDP,104,gdp_qoq,274,tankan_small_manufacturers_index,Tankan Small Manufacturers Index,Growth,6,36,0.450832,0.450832,True,moderate,2026-04-24T07:51:03.322738+00:00
2533,JP,JPY,GDP,104,gdp_qoq,274,tankan_small_manufacturers_index,Tankan Small Manufacturers Index,Growth,3,37,-0.348846,0.348846,False,weak,2026-04-24T07:51:03.322738+00:00
2534,JP,JPY,GDP,104,gdp_qoq,274,tankan_small_manufacturers_index,Tankan Small Manufacturers Index,Growth,0,39,-0.293658,0.293658,False,weak,2026-04-24T07:51:03.322738+00:00
2535,JP,JPY,UNEMPLOYMENT,103,unemployment_rate,104,gdp_qoq,GDP (QoQ),Growth,5,43,-0.167460,0.167460,True,very_weak,2026-04-24T07:51:03.322738+00:00
2536,JP,JPY,UNEMPLOYMENT,103,unemployment_rate,104,gdp_qoq,GDP (QoQ),Growth,6,44,-0.126299,0.126299,False,very_weak,2026-04-24T07:51:03.322738+00:00
2537,JP,JPY,UNEMPLOYMENT,103,unemployment_rate,104,gdp_qoq,GDP (QoQ),Growth,4,44,-0.071096,0.071096,False,very_weak,2026-04-24T07:51:03.322738+00:00
2538,JP,JPY,UNEMPLOYMENT,103,unemployment_rate,104,gdp_qoq,GDP (QoQ),Growth,3,23,0.006189,0.006189,False,very_weak,2026-04-24T07:51:03.322738+00:00
2539,JP,JPY,UNEMPLOYMENT,103,unemployment_rate,105,tertiary_industry_index_mom,Tertiary Industry Index (MoM),Growth,5,68,-0.204058,0.204058,True,very_weak,2026-04-24T07:51:03.322738+00:00
2540,JP,JPY,UNEMPLOYMENT,103,unemployment_rate,105,tertiary_industry_index_mom,Tertiary Industry Index (MoM),Growth,6,67,-0.175164,0.175164,False,very_weak,2026-04-24T07:51:03.322738+00:00
2541,JP,JPY,UNEMPLOYMENT,103,unemployment_rate,105,tertiary_industry_index_mom,Tertiary Industry Index (MoM),Growth,4,69,-0.088969,0.088969,False,very_weak,2026-04-24T07:51:03.322738+00:00
2542,JP,JPY,UNEMPLOYMENT,103,unemployment_rate,105,tertiary_industry_index_mom,Tertiary Industry Index (MoM),Growth,3,70,0.050444,0.050444,False,very_weak,2026-04-24T07:51:03.322738+00:00
2543,JP,JPY,UNEMPLOYMENT,103,unemployment_rate,105,tertiary_industry_index_mom,Tertiary Industry Index (MoM),Growth,1,72,-0.040836,0.040836,False,very_weak,2026-04-24T07:51:03.322738+00:00
2544,JP,JPY,UNEMPLOYMENT,103,unemployment_rate,105,tertiary_industry_index_mom,Tertiary Industry Index (MoM),Growth,2,71,-0.003892,0.003892,False,very_weak,2026-04-24T07:51:03.322738+00:00
2545,JP,JPY,UNEMPLOYMENT,103,unemployment_rate,107,balance_of_trade,Balance of Trade,Growth,3,70,0.076284,0.076284,True,very_weak,2026-04-24T07:51:03.322738+00:00
2546,JP,JPY,UNEMPLOYMENT,103,unemployment_rate,107,balance_of_trade,Balance of Trade,Growth,5,68,0.075546,0.075546,False,very_weak,2026-04-24T07:51:03.322738+00:00
2547,JP,JPY,UNEMPLOYMENT,103,unemployment_rate,107,balance_of_trade,Balance of Trade,Growth,6,67,0.073823,0.073823,False,very_weak,2026-04-24T07:51:03.322738+00:00
2548,JP,JPY,UNEMPLOYMENT,103,unemployment_rate,107,balance_of_trade,Balance of Trade,Growth,2,71,0.067666,0.067666,False,very_weak,2026-04-24T07:51:03.322738+00:00
2549,JP,JPY,UNEMPLOYMENT,103,unemployment_rate,107,balance_of_trade,Balance of Trade,Growth,1,72,0.060709,0.060709,False,very_weak,2026-04-24T07:51:03.322738+00:00
2550,JP,JPY,UNEMPLOYMENT,103,unemployment_rate,107,balance_of_trade,Balance of Trade,Growth,4,69,0.029562,0.029562,False,very_weak,2026-04-24T07:51:03.322738+00:00
2551,JP,JPY,UNEMPLOYMENT,103,unemployment_rate,107,balance_of_trade,Balance of Trade,Growth,0,73,-0.029045,0.029045,False,very_weak,2026-04-24T07:51:03.322738+00:00
2552,JP,JPY,UNEMPLOYMENT,103,unemployment_rate,108,exports_yoy,Exports (YoY),Growth,0,73,0.170628,0.170628,True,very_weak,2026-04-24T07:51:03.322738+00:00
2553,JP,JPY,UNEMPLOYMENT,103,unemployment_rate,108,exports_yoy,Exports (YoY),Growth,1,72,0.127037,0.127037,False,very_weak,2026-04-24T07:51:03.322738+00:00
2554,JP,JPY,UNEMPLOYMENT,103,unemployment_rate,108,exports_yoy,Exports (YoY),Growth,2,71,0.088788,0.088788,False,very_weak,2026-04-24T07:51:03.322738+00:00
2555,JP,JPY,UNEMPLOYMENT,103,unemployment_rate,108,exports_yoy,Exports (YoY),Growth,4,69,-0.033748,0.033748,False,very_weak,2026-04-24T07:51:03.322738+00:00
2556,JP,JPY,UNEMPLOYMENT,103,unemployment_rate,108,exports_yoy,Exports (YoY),Growth,6,67,0.014850,0.014850,False,very_weak,2026-04-24T07:51:03.322738+00:00
2557,JP,JPY,UNEMPLOYMENT,103,unemployment_rate,108,exports_yoy,Exports (YoY),Growth,5,68,-0.009767,0.009767,False,very_weak,2026-04-24T07:51:03.322738+00:00
2558,JP,JPY,UNEMPLOYMENT,103,unemployment_rate,108,exports_yoy,Exports (YoY),Growth,3,70,0.007272,0.007272,False,very_weak,2026-04-24T07:51:03.322738+00:00
2559,JP,JPY,UNEMPLOYMENT,103,unemployment_rate,109,imports_yoy,Imports (YoY),Growth,0,73,0.245325,0.245325,True,very_weak,2026-04-24T07:51:03.322738+00:00
2560,JP,JPY,UNEMPLOYMENT,103,unemployment_rate,109,imports_yoy,Imports (YoY),Growth,6,67,-0.147875,0.147875,False,very_weak,2026-04-24T07:51:03.322738+00:00
2561,JP,JPY,UNEMPLOYMENT,103,unemployment_rate,109,imports_yoy,Imports (YoY),Growth,2,71,0.094580,0.094580,False,very_weak,2026-04-24T07:51:03.322738+00:00
2562,JP,JPY,UNEMPLOYMENT,103,unemployment_rate,109,imports_yoy,Imports (YoY),Growth,1,72,0.073033,0.073033,False,very_weak,2026-04-24T07:51:03.322738+00:00
2563,JP,JPY,UNEMPLOYMENT,103,unemployment_rate,109,imports_yoy,Imports (YoY),Growth,5,68,-0.064170,0.064170,False,very_weak,2026-04-24T07:51:03.322738+00:00
2564,JP,JPY,UNEMPLOYMENT,103,unemployment_rate,109,imports_yoy,Imports (YoY),Growth,4,69,-0.042695,0.042695,False,very_weak,2026-04-24T07:51:03.322738+00:00
2565,JP,JPY,UNEMPLOYMENT,103,unemployment_rate,109,imports_yoy,Imports (YoY),Growth,3,70,-0.041498,0.041498,False,very_weak,2026-04-24T07:51:03.322738+00:00
2566,JP,JPY,UNEMPLOYMENT,103,unemployment_rate,110,manufacturing_pmi,S&P Global Manufacturing PMI,Growth,2,136,0.231532,0.231532,True,very_weak,2026-04-24T07:51:03.322738+00:00
2567,JP,JPY,UNEMPLOYMENT,103,unemployment_rate,110,manufacturing_pmi,S&P Global Manufacturing PMI,Growth,0,138,0.203353,0.203353,False,very_weak,2026-04-24T07:51:03.322738+00:00
2568,JP,JPY,UNEMPLOYMENT,103,unemployment_rate,110,manufacturing_pmi,S&P Global Manufacturing PMI,Growth,1,137,0.175397,0.175397,False,very_weak,2026-04-24T07:51:03.322738+00:00
2569,JP,JPY,UNEMPLOYMENT,103,unemployment_rate,110,manufacturing_pmi,S&P Global Manufacturing PMI,Growth,3,134,0.170320,0.170320,False,very_weak,2026-04-24T07:51:03.322738+00:00
2570,JP,JPY,UNEMPLOYMENT,103,unemployment_rate,110,manufacturing_pmi,S&P Global Manufacturing PMI,Growth,4,133,0.148730,0.148730,False,very_weak,2026-04-24T07:51:03.322738+00:00
2571,JP,JPY,UNEMPLOYMENT,103,unemployment_rate,110,manufacturing_pmi,S&P Global Manufacturing PMI,Growth,6,129,0.036411,0.036411,False,very_weak,2026-04-24T07:51:03.322738+00:00
2572,JP,JPY,UNEMPLOYMENT,103,unemployment_rate,110,manufacturing_pmi,S&P Global Manufacturing PMI,Growth,5,131,0.009184,0.009184,False,very_weak,2026-04-24T07:51:03.322738+00:00
2573,JP,JPY,UNEMPLOYMENT,103,unemployment_rate,111,services_pmi,S&P Global Services PMI,Growth,2,143,0.247114,0.247114,True,very_weak,2026-04-24T07:51:03.322738+00:00
2574,JP,JPY,UNEMPLOYMENT,103,unemployment_rate,111,services_pmi,S&P Global Services PMI,Growth,3,141,0.176957,0.176957,False,very_weak,2026-04-24T07:51:03.322738+00:00
2575,JP,JPY,UNEMPLOYMENT,103,unemployment_rate,111,services_pmi,S&P Global Services PMI,Growth,1,144,0.156879,0.156879,False,very_weak,2026-04-24T07:51:03.322738+00:00
2576,JP,JPY,UNEMPLOYMENT,103,unemployment_rate,111,services_pmi,S&P Global Services PMI,Growth,0,145,0.156813,0.156813,False,very_weak,2026-04-24T07:51:03.322738+00:00
2577,JP,JPY,UNEMPLOYMENT,103,unemployment_rate,111,services_pmi,S&P Global Services PMI,Growth,4,139,0.129212,0.129212,False,very_weak,2026-04-24T07:51:03.322738+00:00
2578,JP,JPY,UNEMPLOYMENT,103,unemployment_rate,111,services_pmi,S&P Global Services PMI,Growth,5,137,0.024714,0.024714,False,very_weak,2026-04-24T07:51:03.322738+00:00
2579,JP,JPY,UNEMPLOYMENT,103,unemployment_rate,111,services_pmi,S&P Global Services PMI,Growth,6,135,0.002861,0.002861,False,very_weak,2026-04-24T07:51:03.322738+00:00
2580,JP,JPY,UNEMPLOYMENT,103,unemployment_rate,112,composite_pmi,S&P Global Composite PMI,Growth,2,133,0.250836,0.250836,True,weak,2026-04-24T07:51:03.322738+00:00
2581,JP,JPY,UNEMPLOYMENT,103,unemployment_rate,112,composite_pmi,S&P Global Composite PMI,Growth,0,135,0.182612,0.182612,False,very_weak,2026-04-24T07:51:03.322738+00:00
2582,JP,JPY,UNEMPLOYMENT,103,unemployment_rate,112,composite_pmi,S&P Global Composite PMI,Growth,3,133,0.150505,0.150505,False,very_weak,2026-04-24T07:51:03.322738+00:00
2583,JP,JPY,UNEMPLOYMENT,103,unemployment_rate,112,composite_pmi,S&P Global Composite PMI,Growth,1,134,0.136857,0.136857,False,very_weak,2026-04-24T07:51:03.322738+00:00
2584,JP,JPY,UNEMPLOYMENT,103,unemployment_rate,112,composite_pmi,S&P Global Composite PMI,Growth,4,132,0.106856,0.106856,False,very_weak,2026-04-24T07:51:03.322738+00:00
2585,JP,JPY,UNEMPLOYMENT,103,unemployment_rate,112,composite_pmi,S&P Global Composite PMI,Growth,5,132,-0.058084,0.058084,False,very_weak,2026-04-24T07:51:03.322738+00:00
2586,JP,JPY,UNEMPLOYMENT,103,unemployment_rate,112,composite_pmi,S&P Global Composite PMI,Growth,6,131,-0.009325,0.009325,False,very_weak,2026-04-24T07:51:03.322738+00:00
2587,JP,JPY,UNEMPLOYMENT,103,unemployment_rate,192,industrial_production_mom,Industrial Production (MoM),Growth,6,164,-0.203567,0.203567,True,very_weak,2026-04-24T07:51:03.322738+00:00
2588,JP,JPY,UNEMPLOYMENT,103,unemployment_rate,192,industrial_production_mom,Industrial Production (MoM),Growth,5,168,-0.152589,0.152589,False,very_weak,2026-04-24T07:51:03.322738+00:00
2589,JP,JPY,UNEMPLOYMENT,103,unemployment_rate,192,industrial_production_mom,Industrial Production (MoM),Growth,2,176,-0.144140,0.144140,False,very_weak,2026-04-24T07:51:03.322738+00:00
2590,JP,JPY,UNEMPLOYMENT,103,unemployment_rate,192,industrial_production_mom,Industrial Production (MoM),Growth,0,53,0.049573,0.049573,False,very_weak,2026-04-24T07:51:03.322738+00:00
2591,JP,JPY,UNEMPLOYMENT,103,unemployment_rate,192,industrial_production_mom,Industrial Production (MoM),Growth,4,172,-0.008351,0.008351,False,very_weak,2026-04-24T07:51:03.322738+00:00
2592,JP,JPY,UNEMPLOYMENT,103,unemployment_rate,192,industrial_production_mom,Industrial Production (MoM),Growth,3,175,0.001955,0.001955,False,very_weak,2026-04-24T07:51:03.322738+00:00
2593,JP,JPY,UNEMPLOYMENT,103,unemployment_rate,192,industrial_production_mom,Industrial Production (MoM),Growth,1,177,0.000592,0.000592,False,very_weak,2026-04-24T07:51:03.322738+00:00
2594,JP,JPY,UNEMPLOYMENT,103,unemployment_rate,193,industrial_production_yoy,Industrial Production (YoY),Growth,5,138,-0.132523,0.132523,True,very_weak,2026-04-24T07:51:03.322738+00:00
2595,JP,JPY,UNEMPLOYMENT,103,unemployment_rate,193,industrial_production_yoy,Industrial Production (YoY),Growth,2,142,0.100346,0.100346,False,very_weak,2026-04-24T07:51:03.322738+00:00
2596,JP,JPY,UNEMPLOYMENT,103,unemployment_rate,193,industrial_production_yoy,Industrial Production (YoY),Growth,6,136,-0.071376,0.071376,False,very_weak,2026-04-24T07:51:03.322738+00:00
2597,JP,JPY,UNEMPLOYMENT,103,unemployment_rate,193,industrial_production_yoy,Industrial Production (YoY),Growth,4,140,-0.071278,0.071278,False,very_weak,2026-04-24T07:51:03.322738+00:00
2598,JP,JPY,UNEMPLOYMENT,103,unemployment_rate,193,industrial_production_yoy,Industrial Production (YoY),Growth,0,18,-0.022289,0.022289,False,very_weak,2026-04-24T07:51:03.322738+00:00
2599,JP,JPY,UNEMPLOYMENT,103,unemployment_rate,193,industrial_production_yoy,Industrial Production (YoY),Growth,3,141,0.020337,0.020337,False,very_weak,2026-04-24T07:51:03.322738+00:00
2600,JP,JPY,UNEMPLOYMENT,103,unemployment_rate,193,industrial_production_yoy,Industrial Production (YoY),Growth,1,143,-0.019493,0.019493,False,very_weak,2026-04-24T07:51:03.322738+00:00
2601,JP,JPY,UNEMPLOYMENT,103,unemployment_rate,194,leading_economic_index,Leading Economic Index,Growth,3,139,0.187247,0.187247,True,very_weak,2026-04-24T07:51:03.322738+00:00
2602,JP,JPY,UNEMPLOYMENT,103,unemployment_rate,194,leading_economic_index,Leading Economic Index,Growth,2,140,0.152558,0.152558,False,very_weak,2026-04-24T07:51:03.322738+00:00
2603,JP,JPY,UNEMPLOYMENT,103,unemployment_rate,194,leading_economic_index,Leading Economic Index,Growth,1,141,0.100264,0.100264,False,very_weak,2026-04-24T07:51:03.322738+00:00
2604,JP,JPY,UNEMPLOYMENT,103,unemployment_rate,194,leading_economic_index,Leading Economic Index,Growth,5,135,0.043624,0.043624,False,very_weak,2026-04-24T07:51:03.322738+00:00
2605,JP,JPY,UNEMPLOYMENT,103,unemployment_rate,194,leading_economic_index,Leading Economic Index,Growth,4,137,0.040388,0.040388,False,very_weak,2026-04-24T07:51:03.322738+00:00
2606,JP,JPY,UNEMPLOYMENT,103,unemployment_rate,194,leading_economic_index,Leading Economic Index,Growth,6,134,0.029656,0.029656,False,very_weak,2026-04-24T07:51:03.322738+00:00
2607,JP,JPY,UNEMPLOYMENT,103,unemployment_rate,195,coincident_index,Coincident Index,Growth,5,141,-0.154645,0.154645,True,very_weak,2026-04-24T07:51:03.322738+00:00
2608,JP,JPY,UNEMPLOYMENT,103,unemployment_rate,195,coincident_index,Coincident Index,Growth,6,139,-0.119924,0.119924,False,very_weak,2026-04-24T07:51:03.322738+00:00
2609,JP,JPY,UNEMPLOYMENT,103,unemployment_rate,195,coincident_index,Coincident Index,Growth,3,144,0.052252,0.052252,False,very_weak,2026-04-24T07:51:03.322738+00:00
2610,JP,JPY,UNEMPLOYMENT,103,unemployment_rate,195,coincident_index,Coincident Index,Growth,4,143,-0.034679,0.034679,False,very_weak,2026-04-24T07:51:03.322738+00:00
2611,JP,JPY,UNEMPLOYMENT,103,unemployment_rate,195,coincident_index,Coincident Index,Growth,2,145,0.011495,0.011495,False,very_weak,2026-04-24T07:51:03.322738+00:00
2612,JP,JPY,UNEMPLOYMENT,103,unemployment_rate,195,coincident_index,Coincident Index,Growth,1,146,0.009396,0.009396,False,very_weak,2026-04-24T07:51:03.322738+00:00
2613,JP,JPY,UNEMPLOYMENT,103,unemployment_rate,196,machine_tool_orders_yoy,Machine Tool Orders (YoY),Growth,2,71,0.192634,0.192634,True,very_weak,2026-04-24T07:51:03.322738+00:00
2614,JP,JPY,UNEMPLOYMENT,103,unemployment_rate,196,machine_tool_orders_yoy,Machine Tool Orders (YoY),Growth,0,73,0.186866,0.186866,False,very_weak,2026-04-24T07:51:03.322738+00:00
2615,JP,JPY,UNEMPLOYMENT,103,unemployment_rate,196,machine_tool_orders_yoy,Machine Tool Orders (YoY),Growth,3,70,0.180512,0.180512,False,very_weak,2026-04-24T07:51:03.322738+00:00
2616,JP,JPY,UNEMPLOYMENT,103,unemployment_rate,196,machine_tool_orders_yoy,Machine Tool Orders (YoY),Growth,1,72,0.165214,0.165214,False,very_weak,2026-04-24T07:51:03.322738+00:00
2617,JP,JPY,UNEMPLOYMENT,103,unemployment_rate,196,machine_tool_orders_yoy,Machine Tool Orders (YoY),Growth,6,67,0.134485,0.134485,False,very_weak,2026-04-24T07:51:03.322738+00:00
2618,JP,JPY,UNEMPLOYMENT,103,unemployment_rate,196,machine_tool_orders_yoy,Machine Tool Orders (YoY),Growth,5,68,0.123351,0.123351,False,very_weak,2026-04-24T07:51:03.322738+00:00
2619,JP,JPY,UNEMPLOYMENT,103,unemployment_rate,196,machine_tool_orders_yoy,Machine Tool Orders (YoY),Growth,4,69,0.074109,0.074109,False,very_weak,2026-04-24T07:51:03.322738+00:00
2620,JP,JPY,UNEMPLOYMENT,103,unemployment_rate,197,foreign_bond_investment,Foreign Bond Investment,Growth,2,311,0.048096,0.048096,True,very_weak,2026-04-24T07:51:03.322738+00:00
2621,JP,JPY,UNEMPLOYMENT,103,unemployment_rate,197,foreign_bond_investment,Foreign Bond Investment,Growth,5,298,0.023731,0.023731,False,very_weak,2026-04-24T07:51:03.322738+00:00
2622,JP,JPY,UNEMPLOYMENT,103,unemployment_rate,197,foreign_bond_investment,Foreign Bond Investment,Growth,6,294,-0.008525,0.008525,False,very_weak,2026-04-24T07:51:03.322738+00:00
2623,JP,JPY,UNEMPLOYMENT,103,unemployment_rate,197,foreign_bond_investment,Foreign Bond Investment,Growth,3,307,-0.005963,0.005963,False,very_weak,2026-04-24T07:51:03.322738+00:00
2624,JP,JPY,UNEMPLOYMENT,103,unemployment_rate,197,foreign_bond_investment,Foreign Bond Investment,Growth,4,302,-0.005477,0.005477,False,very_weak,2026-04-24T07:51:03.322738+00:00
2625,JP,JPY,UNEMPLOYMENT,103,unemployment_rate,197,foreign_bond_investment,Foreign Bond Investment,Growth,0,319,-0.002995,0.002995,False,very_weak,2026-04-24T07:51:03.322738+00:00
2626,JP,JPY,UNEMPLOYMENT,103,unemployment_rate,197,foreign_bond_investment,Foreign Bond Investment,Growth,1,315,0.000697,0.000697,False,very_weak,2026-04-24T07:51:03.322738+00:00
2627,JP,JPY,UNEMPLOYMENT,103,unemployment_rate,198,stock_investment_by_foreigners,Stock Investment by Foreigners,Growth,4,302,0.115986,0.115986,True,very_weak,2026-04-24T07:51:03.322738+00:00
2628,JP,JPY,UNEMPLOYMENT,103,unemployment_rate,198,stock_investment_by_foreigners,Stock Investment by Foreigners,Growth,5,298,0.087392,0.087392,False,very_weak,2026-04-24T07:51:03.322738+00:00
2629,JP,JPY,UNEMPLOYMENT,103,unemployment_rate,198,stock_investment_by_foreigners,Stock Investment by Foreigners,Growth,1,315,0.068666,0.068666,False,very_weak,2026-04-24T07:51:03.322738+00:00
2630,JP,JPY,UNEMPLOYMENT,103,unemployment_rate,198,stock_investment_by_foreigners,Stock Investment by Foreigners,Growth,3,307,0.066619,0.066619,False,very_weak,2026-04-24T07:51:03.322738+00:00
2631,JP,JPY,UNEMPLOYMENT,103,unemployment_rate,198,stock_investment_by_foreigners,Stock Investment by Foreigners,Growth,6,294,0.055864,0.055864,False,very_weak,2026-04-24T07:51:03.322738+00:00
2632,JP,JPY,UNEMPLOYMENT,103,unemployment_rate,198,stock_investment_by_foreigners,Stock Investment by Foreigners,Growth,2,311,0.029763,0.029763,False,very_weak,2026-04-24T07:51:03.322738+00:00
2633,JP,JPY,UNEMPLOYMENT,103,unemployment_rate,198,stock_investment_by_foreigners,Stock Investment by Foreigners,Growth,0,319,0.017951,0.017951,False,very_weak,2026-04-24T07:51:03.322738+00:00
2634,JP,JPY,UNEMPLOYMENT,103,unemployment_rate,251,current_account,Current Account,Growth,2,72,-0.102555,0.102555,True,very_weak,2026-04-24T07:51:03.322738+00:00
2635,JP,JPY,UNEMPLOYMENT,103,unemployment_rate,251,current_account,Current Account,Growth,6,68,0.075593,0.075593,False,very_weak,2026-04-24T07:51:03.322738+00:00
2636,JP,JPY,UNEMPLOYMENT,103,unemployment_rate,251,current_account,Current Account,Growth,1,73,-0.058647,0.058647,False,very_weak,2026-04-24T07:51:03.322738+00:00
2637,JP,JPY,UNEMPLOYMENT,103,unemployment_rate,251,current_account,Current Account,Growth,3,71,0.044298,0.044298,False,very_weak,2026-04-24T07:51:03.322738+00:00
2638,JP,JPY,UNEMPLOYMENT,103,unemployment_rate,251,current_account,Current Account,Growth,4,70,-0.034036,0.034036,False,very_weak,2026-04-24T07:51:03.322738+00:00
2639,JP,JPY,UNEMPLOYMENT,103,unemployment_rate,251,current_account,Current Account,Growth,5,69,-0.027788,0.027788,False,very_weak,2026-04-24T07:51:03.322738+00:00
2640,JP,JPY,UNEMPLOYMENT,103,unemployment_rate,256,leading_index_mom,Leading Index (MoM),Growth,3,30,0.536491,0.536491,True,moderate,2026-04-24T07:51:03.322738+00:00
2641,JP,JPY,UNEMPLOYMENT,103,unemployment_rate,256,leading_index_mom,Leading Index (MoM),Growth,1,32,0.077444,0.077444,False,very_weak,2026-04-24T07:51:03.322738+00:00
2642,JP,JPY,UNEMPLOYMENT,103,unemployment_rate,256,leading_index_mom,Leading Index (MoM),Growth,4,29,0.064588,0.064588,False,very_weak,2026-04-24T07:51:03.322738+00:00
2643,JP,JPY,UNEMPLOYMENT,103,unemployment_rate,256,leading_index_mom,Leading Index (MoM),Growth,6,27,-0.053723,0.053723,False,very_weak,2026-04-24T07:51:03.322738+00:00
2644,JP,JPY,UNEMPLOYMENT,103,unemployment_rate,256,leading_index_mom,Leading Index (MoM),Growth,2,31,-0.043505,0.043505,False,very_weak,2026-04-24T07:51:03.322738+00:00
2645,JP,JPY,UNEMPLOYMENT,103,unemployment_rate,256,leading_index_mom,Leading Index (MoM),Growth,5,28,0.013470,0.013470,False,very_weak,2026-04-24T07:51:03.322738+00:00
2646,JP,JPY,UNEMPLOYMENT,103,unemployment_rate,257,coincident_indicator_mom,Coincident Indicator (MoM),Growth,4,29,0.326228,0.326228,True,weak,2026-04-24T07:51:03.322738+00:00
2647,JP,JPY,UNEMPLOYMENT,103,unemployment_rate,257,coincident_indicator_mom,Coincident Indicator (MoM),Growth,6,27,-0.274383,0.274383,False,weak,2026-04-24T07:51:03.322738+00:00
2648,JP,JPY,UNEMPLOYMENT,103,unemployment_rate,257,coincident_indicator_mom,Coincident Indicator (MoM),Growth,5,28,-0.179935,0.179935,False,very_weak,2026-04-24T07:51:03.322738+00:00
2649,JP,JPY,UNEMPLOYMENT,103,unemployment_rate,257,coincident_indicator_mom,Coincident Indicator (MoM),Growth,2,31,-0.104814,0.104814,False,very_weak,2026-04-24T07:51:03.322738+00:00
2650,JP,JPY,UNEMPLOYMENT,103,unemployment_rate,257,coincident_indicator_mom,Coincident Indicator (MoM),Growth,1,31,-0.073601,0.073601,False,very_weak,2026-04-24T07:51:03.322738+00:00
2651,JP,JPY,UNEMPLOYMENT,103,unemployment_rate,257,coincident_indicator_mom,Coincident Indicator (MoM),Growth,3,30,0.036454,0.036454,False,very_weak,2026-04-24T07:51:03.322738+00:00
2652,JP,JPY,UNEMPLOYMENT,103,unemployment_rate,258,capacity_utilization,Capacity Utilization,Growth,2,71,-0.123382,0.123382,True,very_weak,2026-04-24T07:51:03.322738+00:00
2653,JP,JPY,UNEMPLOYMENT,103,unemployment_rate,258,capacity_utilization,Capacity Utilization,Growth,1,72,-0.100022,0.100022,False,very_weak,2026-04-24T07:51:03.322738+00:00
2654,JP,JPY,UNEMPLOYMENT,103,unemployment_rate,258,capacity_utilization,Capacity Utilization,Growth,4,69,0.078332,0.078332,False,very_weak,2026-04-24T07:51:03.322738+00:00
2655,JP,JPY,UNEMPLOYMENT,103,unemployment_rate,258,capacity_utilization,Capacity Utilization,Growth,3,70,-0.070390,0.070390,False,very_weak,2026-04-24T07:51:03.322738+00:00
2656,JP,JPY,UNEMPLOYMENT,103,unemployment_rate,258,capacity_utilization,Capacity Utilization,Growth,6,67,-0.062231,0.062231,False,very_weak,2026-04-24T07:51:03.322738+00:00
2657,JP,JPY,UNEMPLOYMENT,103,unemployment_rate,258,capacity_utilization,Capacity Utilization,Growth,5,68,0.022745,0.022745,False,very_weak,2026-04-24T07:51:03.322738+00:00
2658,JP,JPY,UNEMPLOYMENT,103,unemployment_rate,259,machinery_orders_mom,Machinery Orders (MoM),Growth,2,71,0.116505,0.116505,True,very_weak,2026-04-24T07:51:03.322738+00:00
2659,JP,JPY,UNEMPLOYMENT,103,unemployment_rate,259,machinery_orders_mom,Machinery Orders (MoM),Growth,4,69,-0.094347,0.094347,False,very_weak,2026-04-24T07:51:03.322738+00:00
2660,JP,JPY,UNEMPLOYMENT,103,unemployment_rate,259,machinery_orders_mom,Machinery Orders (MoM),Growth,1,72,0.077140,0.077140,False,very_weak,2026-04-24T07:51:03.322738+00:00
2661,JP,JPY,UNEMPLOYMENT,103,unemployment_rate,259,machinery_orders_mom,Machinery Orders (MoM),Growth,3,70,0.042823,0.042823,False,very_weak,2026-04-24T07:51:03.322738+00:00
2662,JP,JPY,UNEMPLOYMENT,103,unemployment_rate,259,machinery_orders_mom,Machinery Orders (MoM),Growth,5,68,-0.041114,0.041114,False,very_weak,2026-04-24T07:51:03.322738+00:00
2663,JP,JPY,UNEMPLOYMENT,103,unemployment_rate,259,machinery_orders_mom,Machinery Orders (MoM),Growth,6,67,0.007302,0.007302,False,very_weak,2026-04-24T07:51:03.322738+00:00
2664,JP,JPY,UNEMPLOYMENT,103,unemployment_rate,260,machinery_orders_yoy,Machinery Orders (YoY),Growth,4,70,-0.121354,0.121354,True,very_weak,2026-04-24T07:51:03.322738+00:00
2665,JP,JPY,UNEMPLOYMENT,103,unemployment_rate,260,machinery_orders_yoy,Machinery Orders (YoY),Growth,3,71,-0.086558,0.086558,False,very_weak,2026-04-24T07:51:03.322738+00:00
2666,JP,JPY,UNEMPLOYMENT,103,unemployment_rate,260,machinery_orders_yoy,Machinery Orders (YoY),Growth,6,68,-0.080587,0.080587,False,very_weak,2026-04-24T07:51:03.322738+00:00
2667,JP,JPY,UNEMPLOYMENT,103,unemployment_rate,260,machinery_orders_yoy,Machinery Orders (YoY),Growth,5,69,-0.076064,0.076064,False,very_weak,2026-04-24T07:51:03.322738+00:00
2668,JP,JPY,UNEMPLOYMENT,103,unemployment_rate,260,machinery_orders_yoy,Machinery Orders (YoY),Growth,1,73,0.051754,0.051754,False,very_weak,2026-04-24T07:51:03.322738+00:00
2669,JP,JPY,UNEMPLOYMENT,103,unemployment_rate,260,machinery_orders_yoy,Machinery Orders (YoY),Growth,2,72,0.041579,0.041579,False,very_weak,2026-04-24T07:51:03.322738+00:00
2670,JP,JPY,UNEMPLOYMENT,103,unemployment_rate,261,household_spending_mom,Household Spending (MoM),Growth,2,72,0.126369,0.126369,True,very_weak,2026-04-24T07:51:03.322738+00:00
2671,JP,JPY,UNEMPLOYMENT,103,unemployment_rate,261,household_spending_mom,Household Spending (MoM),Growth,5,69,-0.053077,0.053077,False,very_weak,2026-04-24T07:51:03.322738+00:00
2672,JP,JPY,UNEMPLOYMENT,103,unemployment_rate,261,household_spending_mom,Household Spending (MoM),Growth,4,70,-0.033081,0.033081,False,very_weak,2026-04-24T07:51:03.322738+00:00
2673,JP,JPY,UNEMPLOYMENT,103,unemployment_rate,261,household_spending_mom,Household Spending (MoM),Growth,6,68,-0.025498,0.025498,False,very_weak,2026-04-24T07:51:03.322738+00:00
2674,JP,JPY,UNEMPLOYMENT,103,unemployment_rate,261,household_spending_mom,Household Spending (MoM),Growth,3,71,0.020961,0.020961,False,very_weak,2026-04-24T07:51:03.322738+00:00
2675,JP,JPY,UNEMPLOYMENT,103,unemployment_rate,261,household_spending_mom,Household Spending (MoM),Growth,1,73,0.018033,0.018033,False,very_weak,2026-04-24T07:51:03.322738+00:00
2676,JP,JPY,UNEMPLOYMENT,103,unemployment_rate,262,household_spending_yoy,Household Spending (YoY),Growth,4,70,-0.106596,0.106596,True,very_weak,2026-04-24T07:51:03.322738+00:00
2677,JP,JPY,UNEMPLOYMENT,103,unemployment_rate,262,household_spending_yoy,Household Spending (YoY),Growth,6,68,-0.087694,0.087694,False,very_weak,2026-04-24T07:51:03.322738+00:00
2678,JP,JPY,UNEMPLOYMENT,103,unemployment_rate,262,household_spending_yoy,Household Spending (YoY),Growth,3,71,-0.073761,0.073761,False,very_weak,2026-04-24T07:51:03.322738+00:00
2679,JP,JPY,UNEMPLOYMENT,103,unemployment_rate,262,household_spending_yoy,Household Spending (YoY),Growth,1,73,0.032330,0.032330,False,very_weak,2026-04-24T07:51:03.322738+00:00
2680,JP,JPY,UNEMPLOYMENT,103,unemployment_rate,262,household_spending_yoy,Household Spending (YoY),Growth,5,69,-0.029870,0.029870,False,very_weak,2026-04-24T07:51:03.322738+00:00
2681,JP,JPY,UNEMPLOYMENT,103,unemployment_rate,262,household_spending_yoy,Household Spending (YoY),Growth,2,72,-0.026255,0.026255,False,very_weak,2026-04-24T07:51:03.322738+00:00
2682,JP,JPY,UNEMPLOYMENT,103,unemployment_rate,263,retail_sales_mom,Retail Sales (MoM),Growth,6,67,-0.233621,0.233621,True,very_weak,2026-04-24T07:51:03.322738+00:00
2683,JP,JPY,UNEMPLOYMENT,103,unemployment_rate,263,retail_sales_mom,Retail Sales (MoM),Growth,5,68,-0.219224,0.219224,False,very_weak,2026-04-24T07:51:03.322738+00:00
2684,JP,JPY,UNEMPLOYMENT,103,unemployment_rate,263,retail_sales_mom,Retail Sales (MoM),Growth,4,69,-0.099494,0.099494,False,very_weak,2026-04-24T07:51:03.322738+00:00
2685,JP,JPY,UNEMPLOYMENT,103,unemployment_rate,263,retail_sales_mom,Retail Sales (MoM),Growth,2,71,-0.063908,0.063908,False,very_weak,2026-04-24T07:51:03.322738+00:00
2686,JP,JPY,UNEMPLOYMENT,103,unemployment_rate,263,retail_sales_mom,Retail Sales (MoM),Growth,0,30,-0.060686,0.060686,False,very_weak,2026-04-24T07:51:03.322738+00:00
2687,JP,JPY,UNEMPLOYMENT,103,unemployment_rate,263,retail_sales_mom,Retail Sales (MoM),Growth,1,72,-0.034005,0.034005,False,very_weak,2026-04-24T07:51:03.322738+00:00
2688,JP,JPY,UNEMPLOYMENT,103,unemployment_rate,263,retail_sales_mom,Retail Sales (MoM),Growth,3,70,0.002823,0.002823,False,very_weak,2026-04-24T07:51:03.322738+00:00
2689,JP,JPY,UNEMPLOYMENT,103,unemployment_rate,264,retail_sales_yoy,Retail Sales (YoY),Growth,2,71,0.175696,0.175696,True,very_weak,2026-04-24T07:51:03.322738+00:00
2690,JP,JPY,UNEMPLOYMENT,103,unemployment_rate,264,retail_sales_yoy,Retail Sales (YoY),Growth,1,72,0.155951,0.155951,False,very_weak,2026-04-24T07:51:03.322738+00:00
2691,JP,JPY,UNEMPLOYMENT,103,unemployment_rate,264,retail_sales_yoy,Retail Sales (YoY),Growth,0,30,0.120881,0.120881,False,very_weak,2026-04-24T07:51:03.322738+00:00
2692,JP,JPY,UNEMPLOYMENT,103,unemployment_rate,264,retail_sales_yoy,Retail Sales (YoY),Growth,4,69,-0.091315,0.091315,False,very_weak,2026-04-24T07:51:03.322738+00:00
2693,JP,JPY,UNEMPLOYMENT,103,unemployment_rate,264,retail_sales_yoy,Retail Sales (YoY),Growth,5,68,-0.060767,0.060767,False,very_weak,2026-04-24T07:51:03.322738+00:00
2694,JP,JPY,UNEMPLOYMENT,103,unemployment_rate,264,retail_sales_yoy,Retail Sales (YoY),Growth,3,70,0.047631,0.047631,False,very_weak,2026-04-24T07:51:03.322738+00:00
2695,JP,JPY,UNEMPLOYMENT,103,unemployment_rate,264,retail_sales_yoy,Retail Sales (YoY),Growth,6,67,-0.008446,0.008446,False,very_weak,2026-04-24T07:51:03.322738+00:00
2696,JP,JPY,UNEMPLOYMENT,103,unemployment_rate,265,consumer_confidence,Consumer Confidence,Growth,0,72,0.224357,0.224357,True,very_weak,2026-04-24T07:51:03.322738+00:00
2697,JP,JPY,UNEMPLOYMENT,103,unemployment_rate,265,consumer_confidence,Consumer Confidence,Growth,1,71,0.186078,0.186078,False,very_weak,2026-04-24T07:51:03.322738+00:00
2698,JP,JPY,UNEMPLOYMENT,103,unemployment_rate,265,consumer_confidence,Consumer Confidence,Growth,6,66,-0.182134,0.182134,False,very_weak,2026-04-24T07:51:03.322738+00:00
2699,JP,JPY,UNEMPLOYMENT,103,unemployment_rate,265,consumer_confidence,Consumer Confidence,Growth,5,67,-0.162295,0.162295,False,very_weak,2026-04-24T07:51:03.322738+00:00
2700,JP,JPY,UNEMPLOYMENT,103,unemployment_rate,265,consumer_confidence,Consumer Confidence,Growth,3,69,0.085248,0.085248,False,very_weak,2026-04-24T07:51:03.322738+00:00
2701,JP,JPY,UNEMPLOYMENT,103,unemployment_rate,265,consumer_confidence,Consumer Confidence,Growth,2,70,0.062839,0.062839,False,very_weak,2026-04-24T07:51:03.322738+00:00
2702,JP,JPY,UNEMPLOYMENT,103,unemployment_rate,265,consumer_confidence,Consumer Confidence,Growth,4,68,-0.043663,0.043663,False,very_weak,2026-04-24T07:51:03.322738+00:00
2703,JP,JPY,UNEMPLOYMENT,103,unemployment_rate,266,eco_watchers_current,Eco Watchers Survey Current,Growth,1,73,0.196427,0.196427,True,very_weak,2026-04-24T07:51:03.322738+00:00
2704,JP,JPY,UNEMPLOYMENT,103,unemployment_rate,266,eco_watchers_current,Eco Watchers Survey Current,Growth,0,73,0.181026,0.181026,False,very_weak,2026-04-24T07:51:03.322738+00:00
2705,JP,JPY,UNEMPLOYMENT,103,unemployment_rate,266,eco_watchers_current,Eco Watchers Survey Current,Growth,6,69,-0.180808,0.180808,False,very_weak,2026-04-24T07:51:03.322738+00:00
2706,JP,JPY,UNEMPLOYMENT,103,unemployment_rate,266,eco_watchers_current,Eco Watchers Survey Current,Growth,2,73,0.161959,0.161959,False,very_weak,2026-04-24T07:51:03.322738+00:00
2707,JP,JPY,UNEMPLOYMENT,103,unemployment_rate,266,eco_watchers_current,Eco Watchers Survey Current,Growth,3,72,0.072018,0.072018,False,very_weak,2026-04-24T07:51:03.322738+00:00
2708,JP,JPY,UNEMPLOYMENT,103,unemployment_rate,266,eco_watchers_current,Eco Watchers Survey Current,Growth,5,70,-0.064031,0.064031,False,very_weak,2026-04-24T07:51:03.322738+00:00
2709,JP,JPY,UNEMPLOYMENT,103,unemployment_rate,266,eco_watchers_current,Eco Watchers Survey Current,Growth,4,71,0.038161,0.038161,False,very_weak,2026-04-24T07:51:03.322738+00:00
2710,JP,JPY,UNEMPLOYMENT,103,unemployment_rate,267,eco_watchers_outlook,Eco Watchers Survey Outlook,Growth,2,72,0.248600,0.248600,True,very_weak,2026-04-24T07:51:03.322738+00:00
2711,JP,JPY,UNEMPLOYMENT,103,unemployment_rate,267,eco_watchers_outlook,Eco Watchers Survey Outlook,Growth,1,73,0.225774,0.225774,False,very_weak,2026-04-24T07:51:03.322738+00:00
2712,JP,JPY,UNEMPLOYMENT,103,unemployment_rate,267,eco_watchers_outlook,Eco Watchers Survey Outlook,Growth,0,74,0.211110,0.211110,False,very_weak,2026-04-24T07:51:03.322738+00:00
2713,JP,JPY,UNEMPLOYMENT,103,unemployment_rate,267,eco_watchers_outlook,Eco Watchers Survey Outlook,Growth,4,70,0.188369,0.188369,False,very_weak,2026-04-24T07:51:03.322738+00:00
2714,JP,JPY,UNEMPLOYMENT,103,unemployment_rate,267,eco_watchers_outlook,Eco Watchers Survey Outlook,Growth,3,71,0.184254,0.184254,False,very_weak,2026-04-24T07:51:03.322738+00:00
2715,JP,JPY,UNEMPLOYMENT,103,unemployment_rate,267,eco_watchers_outlook,Eco Watchers Survey Outlook,Growth,6,68,-0.086833,0.086833,False,very_weak,2026-04-24T07:51:03.322738+00:00
2716,JP,JPY,UNEMPLOYMENT,103,unemployment_rate,267,eco_watchers_outlook,Eco Watchers Survey Outlook,Growth,5,69,0.040124,0.040124,False,very_weak,2026-04-24T07:51:03.322738+00:00
2717,JP,JPY,UNEMPLOYMENT,103,unemployment_rate,268,reuters_tankan_index,Reuters Tankan Index,Growth,0,72,0.220318,0.220318,True,very_weak,2026-04-24T07:51:03.322738+00:00
2718,JP,JPY,UNEMPLOYMENT,103,unemployment_rate,268,reuters_tankan_index,Reuters Tankan Index,Growth,5,67,-0.206647,0.206647,False,very_weak,2026-04-24T07:51:03.322738+00:00
2719,JP,JPY,UNEMPLOYMENT,103,unemployment_rate,268,reuters_tankan_index,Reuters Tankan Index,Growth,6,66,-0.189958,0.189958,False,very_weak,2026-04-24T07:51:03.322738+00:00
2720,JP,JPY,UNEMPLOYMENT,103,unemployment_rate,268,reuters_tankan_index,Reuters Tankan Index,Growth,1,71,0.121806,0.121806,False,very_weak,2026-04-24T07:51:03.322738+00:00
2721,JP,JPY,UNEMPLOYMENT,103,unemployment_rate,268,reuters_tankan_index,Reuters Tankan Index,Growth,4,68,-0.119313,0.119313,False,very_weak,2026-04-24T07:51:03.322738+00:00
2722,JP,JPY,UNEMPLOYMENT,103,unemployment_rate,268,reuters_tankan_index,Reuters Tankan Index,Growth,2,70,-0.055484,0.055484,False,very_weak,2026-04-24T07:51:03.322738+00:00
2723,JP,JPY,UNEMPLOYMENT,103,unemployment_rate,268,reuters_tankan_index,Reuters Tankan Index,Growth,3,69,-0.039828,0.039828,False,very_weak,2026-04-24T07:51:03.322738+00:00
2724,JP,JPY,UNEMPLOYMENT,103,unemployment_rate,269,tankan_large_manufacturers_index,Tankan Large Manufacturers Index,Growth,1,8,-0.235288,0.235288,True,very_weak,2026-04-24T07:51:03.322738+00:00
2725,JP,JPY,UNEMPLOYMENT,103,unemployment_rate,269,tankan_large_manufacturers_index,Tankan Large Manufacturers Index,Growth,4,22,0.234734,0.234734,False,very_weak,2026-04-24T07:51:03.322738+00:00
2726,JP,JPY,UNEMPLOYMENT,103,unemployment_rate,269,tankan_large_manufacturers_index,Tankan Large Manufacturers Index,Growth,6,21,0.226012,0.226012,False,very_weak,2026-04-24T07:51:03.322738+00:00
2727,JP,JPY,UNEMPLOYMENT,103,unemployment_rate,269,tankan_large_manufacturers_index,Tankan Large Manufacturers Index,Growth,3,22,0.133017,0.133017,False,very_weak,2026-04-24T07:51:03.322738+00:00
2728,JP,JPY,UNEMPLOYMENT,103,unemployment_rate,269,tankan_large_manufacturers_index,Tankan Large Manufacturers Index,Growth,5,21,0.084941,0.084941,False,very_weak,2026-04-24T07:51:03.322738+00:00
2729,JP,JPY,UNEMPLOYMENT,103,unemployment_rate,269,tankan_large_manufacturers_index,Tankan Large Manufacturers Index,Growth,2,22,-0.071346,0.071346,False,very_weak,2026-04-24T07:51:03.322738+00:00
2730,JP,JPY,UNEMPLOYMENT,103,unemployment_rate,270,tankan_large_all_industry_capex,Tankan Large All Industry Capex,Growth,1,8,-0.623756,0.623756,True,moderate,2026-04-24T07:51:03.322738+00:00
2731,JP,JPY,UNEMPLOYMENT,103,unemployment_rate,270,tankan_large_all_industry_capex,Tankan Large All Industry Capex,Growth,5,21,0.283094,0.283094,False,weak,2026-04-24T07:51:03.322738+00:00
2732,JP,JPY,UNEMPLOYMENT,103,unemployment_rate,270,tankan_large_all_industry_capex,Tankan Large All Industry Capex,Growth,3,22,-0.053702,0.053702,False,very_weak,2026-04-24T07:51:03.322738+00:00
2733,JP,JPY,UNEMPLOYMENT,103,unemployment_rate,270,tankan_large_all_industry_capex,Tankan Large All Industry Capex,Growth,4,22,-0.042869,0.042869,False,very_weak,2026-04-24T07:51:03.322738+00:00
2734,JP,JPY,UNEMPLOYMENT,103,unemployment_rate,270,tankan_large_all_industry_capex,Tankan Large All Industry Capex,Growth,6,21,-0.034288,0.034288,False,very_weak,2026-04-24T07:51:03.322738+00:00
2735,JP,JPY,UNEMPLOYMENT,103,unemployment_rate,270,tankan_large_all_industry_capex,Tankan Large All Industry Capex,Growth,2,22,-0.016053,0.016053,False,very_weak,2026-04-24T07:51:03.322738+00:00
2736,JP,JPY,UNEMPLOYMENT,103,unemployment_rate,271,tankan_large_manufacturing_outlook,Tankan Large Manufacturing Outlook,Growth,3,22,0.389049,0.389049,True,weak,2026-04-24T07:51:03.322738+00:00
2737,JP,JPY,UNEMPLOYMENT,103,unemployment_rate,271,tankan_large_manufacturing_outlook,Tankan Large Manufacturing Outlook,Growth,4,22,0.302901,0.302901,False,weak,2026-04-24T07:51:03.322738+00:00
2738,JP,JPY,UNEMPLOYMENT,103,unemployment_rate,271,tankan_large_manufacturing_outlook,Tankan Large Manufacturing Outlook,Growth,1,8,0.272160,0.272160,False,weak,2026-04-24T07:51:03.322738+00:00
2739,JP,JPY,UNEMPLOYMENT,103,unemployment_rate,271,tankan_large_manufacturing_outlook,Tankan Large Manufacturing Outlook,Growth,6,21,0.108750,0.108750,False,very_weak,2026-04-24T07:51:03.322738+00:00
2740,JP,JPY,UNEMPLOYMENT,103,unemployment_rate,271,tankan_large_manufacturing_outlook,Tankan Large Manufacturing Outlook,Growth,5,21,0.046470,0.046470,False,very_weak,2026-04-24T07:51:03.322738+00:00
2741,JP,JPY,UNEMPLOYMENT,103,unemployment_rate,271,tankan_large_manufacturing_outlook,Tankan Large Manufacturing Outlook,Growth,2,22,0.045565,0.045565,False,very_weak,2026-04-24T07:51:03.322738+00:00
2742,JP,JPY,UNEMPLOYMENT,103,unemployment_rate,272,tankan_large_non_manufacturing_index,Tankan Large Non-Manufacturing Index,Growth,6,21,-0.486920,0.486920,True,moderate,2026-04-24T07:51:03.322738+00:00
2743,JP,JPY,UNEMPLOYMENT,103,unemployment_rate,272,tankan_large_non_manufacturing_index,Tankan Large Non-Manufacturing Index,Growth,1,8,-0.441713,0.441713,False,weak,2026-04-24T07:51:03.322738+00:00
2744,JP,JPY,UNEMPLOYMENT,103,unemployment_rate,272,tankan_large_non_manufacturing_index,Tankan Large Non-Manufacturing Index,Growth,3,22,-0.425320,0.425320,False,weak,2026-04-24T07:51:03.322738+00:00
2745,JP,JPY,UNEMPLOYMENT,103,unemployment_rate,272,tankan_large_non_manufacturing_index,Tankan Large Non-Manufacturing Index,Growth,4,22,-0.393038,0.393038,False,weak,2026-04-24T07:51:03.322738+00:00
2746,JP,JPY,UNEMPLOYMENT,103,unemployment_rate,272,tankan_large_non_manufacturing_index,Tankan Large Non-Manufacturing Index,Growth,5,21,-0.386930,0.386930,False,weak,2026-04-24T07:51:03.322738+00:00
2747,JP,JPY,UNEMPLOYMENT,103,unemployment_rate,272,tankan_large_non_manufacturing_index,Tankan Large Non-Manufacturing Index,Growth,2,22,-0.327386,0.327386,False,weak,2026-04-24T07:51:03.322738+00:00
2748,JP,JPY,UNEMPLOYMENT,103,unemployment_rate,273,tankan_non_manufacturing_outlook,Tankan Non-Manufacturing Outlook,Growth,1,8,-0.361541,0.361541,True,weak,2026-04-24T07:51:03.322738+00:00
2749,JP,JPY,UNEMPLOYMENT,103,unemployment_rate,273,tankan_non_manufacturing_outlook,Tankan Non-Manufacturing Outlook,Growth,5,21,-0.291195,0.291195,False,weak,2026-04-24T07:51:03.322738+00:00
2750,JP,JPY,UNEMPLOYMENT,103,unemployment_rate,273,tankan_non_manufacturing_outlook,Tankan Non-Manufacturing Outlook,Growth,6,21,-0.239604,0.239604,False,very_weak,2026-04-24T07:51:03.322738+00:00
2751,JP,JPY,UNEMPLOYMENT,103,unemployment_rate,273,tankan_non_manufacturing_outlook,Tankan Non-Manufacturing Outlook,Growth,4,22,-0.180713,0.180713,False,very_weak,2026-04-24T07:51:03.322738+00:00
2752,JP,JPY,UNEMPLOYMENT,103,unemployment_rate,273,tankan_non_manufacturing_outlook,Tankan Non-Manufacturing Outlook,Growth,2,22,-0.118449,0.118449,False,very_weak,2026-04-24T07:51:03.322738+00:00
2753,JP,JPY,UNEMPLOYMENT,103,unemployment_rate,273,tankan_non_manufacturing_outlook,Tankan Non-Manufacturing Outlook,Growth,3,22,0.035552,0.035552,False,very_weak,2026-04-24T07:51:03.322738+00:00
2754,JP,JPY,UNEMPLOYMENT,103,unemployment_rate,274,tankan_small_manufacturers_index,Tankan Small Manufacturers Index,Growth,1,8,-0.550669,0.550669,True,moderate,2026-04-24T07:51:03.322738+00:00
2755,JP,JPY,UNEMPLOYMENT,103,unemployment_rate,274,tankan_small_manufacturers_index,Tankan Small Manufacturers Index,Growth,2,21,-0.303217,0.303217,False,weak,2026-04-24T07:51:03.322738+00:00
2756,JP,JPY,UNEMPLOYMENT,103,unemployment_rate,274,tankan_small_manufacturers_index,Tankan Small Manufacturers Index,Growth,5,20,0.180091,0.180091,False,very_weak,2026-04-24T07:51:03.322738+00:00
2757,JP,JPY,UNEMPLOYMENT,103,unemployment_rate,274,tankan_small_manufacturers_index,Tankan Small Manufacturers Index,Growth,3,21,-0.120774,0.120774,False,very_weak,2026-04-24T07:51:03.322738+00:00
2758,JP,JPY,UNEMPLOYMENT,103,unemployment_rate,274,tankan_small_manufacturers_index,Tankan Small Manufacturers Index,Growth,6,20,-0.025270,0.025270,False,very_weak,2026-04-24T07:51:03.322738+00:00
2759,JP,JPY,UNEMPLOYMENT,103,unemployment_rate,274,tankan_small_manufacturers_index,Tankan Small Manufacturers Index,Growth,4,21,-0.007439,0.007439,False,very_weak,2026-04-24T07:51:03.322738+00:00
2760,NZ,NZD,CPI,137,cpi_headline_yoy,138,unemployment_rate,Unemployment Rate,Labor,6,22,-0.587698,0.587698,True,moderate,2026-04-24T07:51:03.322738+00:00
2761,NZ,NZD,CPI,137,cpi_headline_yoy,138,unemployment_rate,Unemployment Rate,Labor,3,23,-0.455494,0.455494,False,moderate,2026-04-24T07:51:03.322738+00:00
2762,NZ,NZD,CPI,137,cpi_headline_yoy,140,cpi_headline_qoq,Headline CPI (QoQ),Inflation,6,22,0.333039,0.333039,True,weak,2026-04-24T07:51:03.322738+00:00
2763,NZ,NZD,CPI,137,cpi_headline_yoy,140,cpi_headline_qoq,Headline CPI (QoQ),Inflation,3,23,0.191478,0.191478,False,very_weak,2026-04-24T07:51:03.322738+00:00
2764,NZ,NZD,CPI,137,cpi_headline_yoy,140,cpi_headline_qoq,Headline CPI (QoQ),Inflation,0,24,0.020501,0.020501,False,very_weak,2026-04-24T07:51:03.322738+00:00
2765,NZ,NZD,CPI,137,cpi_headline_yoy,141,consumer_price_index,Consumer Price Index,Inflation,6,9,0.503289,0.503289,True,moderate,2026-04-24T07:51:03.322738+00:00
2766,NZ,NZD,CPI,137,cpi_headline_yoy,141,consumer_price_index,Consumer Price Index,Inflation,3,9,0.128059,0.128059,False,very_weak,2026-04-24T07:51:03.322738+00:00
2767,NZ,NZD,CPI,137,cpi_headline_yoy,141,consumer_price_index,Consumer Price Index,Inflation,0,10,0.006915,0.006915,False,very_weak,2026-04-24T07:51:03.322738+00:00
2768,NZ,NZD,CPI,137,cpi_headline_yoy,142,balance_of_trade,Balance of Trade,Growth,5,23,-0.137982,0.137982,True,very_weak,2026-04-24T07:51:03.322738+00:00
2769,NZ,NZD,CPI,137,cpi_headline_yoy,142,balance_of_trade,Balance of Trade,Growth,0,24,0.128506,0.128506,False,very_weak,2026-04-24T07:51:03.322738+00:00
2770,NZ,NZD,CPI,137,cpi_headline_yoy,142,balance_of_trade,Balance of Trade,Growth,2,24,-0.119604,0.119604,False,very_weak,2026-04-24T07:51:03.322738+00:00
2771,NZ,NZD,CPI,137,cpi_headline_yoy,142,balance_of_trade,Balance of Trade,Growth,1,24,0.099271,0.099271,False,very_weak,2026-04-24T07:51:03.322738+00:00
2772,NZ,NZD,CPI,137,cpi_headline_yoy,142,balance_of_trade,Balance of Trade,Growth,3,23,0.087747,0.087747,False,very_weak,2026-04-24T07:51:03.322738+00:00
2773,NZ,NZD,CPI,137,cpi_headline_yoy,142,balance_of_trade,Balance of Trade,Growth,4,23,0.027281,0.027281,False,very_weak,2026-04-24T07:51:03.322738+00:00
2774,NZ,NZD,CPI,137,cpi_headline_yoy,142,balance_of_trade,Balance of Trade,Growth,6,22,0.026388,0.026388,False,very_weak,2026-04-24T07:51:03.322738+00:00
2775,NZ,NZD,CPI,137,cpi_headline_yoy,145,exports,Exports,Growth,6,22,0.147431,0.147431,True,very_weak,2026-04-24T07:51:03.322738+00:00
2776,NZ,NZD,CPI,137,cpi_headline_yoy,145,exports,Exports,Growth,4,23,0.137779,0.137779,False,very_weak,2026-04-24T07:51:03.322738+00:00
2777,NZ,NZD,CPI,137,cpi_headline_yoy,145,exports,Exports,Growth,5,23,-0.136487,0.136487,False,very_weak,2026-04-24T07:51:03.322738+00:00
2778,NZ,NZD,CPI,137,cpi_headline_yoy,145,exports,Exports,Growth,2,24,-0.132853,0.132853,False,very_weak,2026-04-24T07:51:03.322738+00:00
2779,NZ,NZD,CPI,137,cpi_headline_yoy,145,exports,Exports,Growth,3,23,0.097295,0.097295,False,very_weak,2026-04-24T07:51:03.322738+00:00
2780,NZ,NZD,CPI,137,cpi_headline_yoy,145,exports,Exports,Growth,1,24,0.070458,0.070458,False,very_weak,2026-04-24T07:51:03.322738+00:00
2781,NZ,NZD,CPI,137,cpi_headline_yoy,145,exports,Exports,Growth,0,24,0.053818,0.053818,False,very_weak,2026-04-24T07:51:03.322738+00:00
2782,NZ,NZD,CPI,137,cpi_headline_yoy,146,imports,Imports,Growth,5,23,0.253070,0.253070,True,weak,2026-04-24T07:51:03.322738+00:00
2783,NZ,NZD,CPI,137,cpi_headline_yoy,146,imports,Imports,Growth,4,23,0.249343,0.249343,False,very_weak,2026-04-24T07:51:03.322738+00:00
2784,NZ,NZD,CPI,137,cpi_headline_yoy,146,imports,Imports,Growth,2,24,0.241868,0.241868,False,very_weak,2026-04-24T07:51:03.322738+00:00
2785,NZ,NZD,CPI,137,cpi_headline_yoy,146,imports,Imports,Growth,0,23,-0.180751,0.180751,False,very_weak,2026-04-24T07:51:03.322738+00:00
2786,NZ,NZD,CPI,137,cpi_headline_yoy,146,imports,Imports,Growth,6,22,-0.119481,0.119481,False,very_weak,2026-04-24T07:51:03.322738+00:00
2787,NZ,NZD,CPI,137,cpi_headline_yoy,146,imports,Imports,Growth,1,24,0.074827,0.074827,False,very_weak,2026-04-24T07:51:03.322738+00:00
2788,NZ,NZD,CPI,137,cpi_headline_yoy,146,imports,Imports,Growth,3,23,-0.028029,0.028029,False,very_weak,2026-04-24T07:51:03.322738+00:00
2789,NZ,NZD,CPI,137,cpi_headline_yoy,147,business_confidence,Business Confidence,Growth,2,25,-0.353268,0.353268,True,weak,2026-04-24T07:51:03.322738+00:00
2790,NZ,NZD,CPI,137,cpi_headline_yoy,147,business_confidence,Business Confidence,Growth,5,24,-0.346884,0.346884,False,weak,2026-04-24T07:51:03.322738+00:00
2791,NZ,NZD,CPI,137,cpi_headline_yoy,147,business_confidence,Business Confidence,Growth,6,24,-0.331052,0.331052,False,weak,2026-04-24T07:51:03.322738+00:00
2792,NZ,NZD,CPI,137,cpi_headline_yoy,147,business_confidence,Business Confidence,Growth,3,25,-0.322566,0.322566,False,weak,2026-04-24T07:51:03.322738+00:00
2793,NZ,NZD,CPI,137,cpi_headline_yoy,147,business_confidence,Business Confidence,Growth,4,25,0.232432,0.232432,False,very_weak,2026-04-24T07:51:03.322738+00:00
2794,NZ,NZD,CPI,137,cpi_headline_yoy,147,business_confidence,Business Confidence,Growth,0,26,-0.214857,0.214857,False,very_weak,2026-04-24T07:51:03.322738+00:00
2795,NZ,NZD,CPI,137,cpi_headline_yoy,147,business_confidence,Business Confidence,Growth,1,26,0.198620,0.198620,False,very_weak,2026-04-24T07:51:03.322738+00:00
2796,NZ,NZD,CPI,137,cpi_headline_yoy,148,capacity_utilization,Capacity Utilization,Growth,0,24,-0.453807,0.453807,True,moderate,2026-04-24T07:51:03.322738+00:00
2797,NZ,NZD,CPI,137,cpi_headline_yoy,148,capacity_utilization,Capacity Utilization,Growth,3,24,-0.421593,0.421593,False,weak,2026-04-24T07:51:03.322738+00:00
2798,NZ,NZD,CPI,137,cpi_headline_yoy,148,capacity_utilization,Capacity Utilization,Growth,6,23,-0.294353,0.294353,False,weak,2026-04-24T07:51:03.322738+00:00
2799,NZ,NZD,CPI,137,cpi_headline_yoy,149,global_dairy_trade_price_index,Global Dairy Trade Price Index,Growth,1,15,-0.494720,0.494720,True,moderate,2026-04-24T07:51:03.322738+00:00
2800,NZ,NZD,CPI,137,cpi_headline_yoy,149,global_dairy_trade_price_index,Global Dairy Trade Price Index,Growth,0,16,0.412571,0.412571,False,weak,2026-04-24T07:51:03.322738+00:00
2801,NZ,NZD,CPI,137,cpi_headline_yoy,149,global_dairy_trade_price_index,Global Dairy Trade Price Index,Growth,3,14,0.248785,0.248785,False,very_weak,2026-04-24T07:51:03.322738+00:00
2802,NZ,NZD,CPI,137,cpi_headline_yoy,149,global_dairy_trade_price_index,Global Dairy Trade Price Index,Growth,2,17,-0.198870,0.198870,False,very_weak,2026-04-24T07:51:03.322738+00:00
2803,NZ,NZD,CPI,137,cpi_headline_yoy,149,global_dairy_trade_price_index,Global Dairy Trade Price Index,Growth,4,13,0.167708,0.167708,False,very_weak,2026-04-24T07:51:03.322738+00:00
2804,NZ,NZD,CPI,137,cpi_headline_yoy,149,global_dairy_trade_price_index,Global Dairy Trade Price Index,Growth,6,12,0.118539,0.118539,False,very_weak,2026-04-24T07:51:03.322738+00:00
2805,NZ,NZD,CPI,137,cpi_headline_yoy,149,global_dairy_trade_price_index,Global Dairy Trade Price Index,Growth,5,15,-0.118504,0.118504,False,very_weak,2026-04-24T07:51:03.322738+00:00
2806,NZ,NZD,CPI,137,cpi_headline_yoy,151,credit_card_spending_yoy,Credit Card Spending (YoY),Growth,4,19,0.244024,0.244024,True,very_weak,2026-04-24T07:51:03.322738+00:00
2807,NZ,NZD,CPI,137,cpi_headline_yoy,151,credit_card_spending_yoy,Credit Card Spending (YoY),Growth,6,18,0.243645,0.243645,False,very_weak,2026-04-24T07:51:03.322738+00:00
2808,NZ,NZD,CPI,137,cpi_headline_yoy,151,credit_card_spending_yoy,Credit Card Spending (YoY),Growth,2,19,0.237293,0.237293,False,very_weak,2026-04-24T07:51:03.322738+00:00
2809,NZ,NZD,CPI,137,cpi_headline_yoy,151,credit_card_spending_yoy,Credit Card Spending (YoY),Growth,5,18,0.215149,0.215149,False,very_weak,2026-04-24T07:51:03.322738+00:00
2810,NZ,NZD,CPI,137,cpi_headline_yoy,151,credit_card_spending_yoy,Credit Card Spending (YoY),Growth,1,20,0.142624,0.142624,False,very_weak,2026-04-24T07:51:03.322738+00:00
2811,NZ,NZD,CPI,137,cpi_headline_yoy,151,credit_card_spending_yoy,Credit Card Spending (YoY),Growth,0,20,-0.108839,0.108839,False,very_weak,2026-04-24T07:51:03.322738+00:00
2812,NZ,NZD,CPI,137,cpi_headline_yoy,151,credit_card_spending_yoy,Credit Card Spending (YoY),Growth,3,19,0.094564,0.094564,False,very_weak,2026-04-24T07:51:03.322738+00:00
2813,NZ,NZD,CPI,137,cpi_headline_yoy,206,participation_rate,Labor Force Participation Rate,Labor,6,22,0.767375,0.767375,True,strong,2026-04-24T07:51:03.322738+00:00
2814,NZ,NZD,CPI,137,cpi_headline_yoy,206,participation_rate,Labor Force Participation Rate,Labor,3,23,0.703723,0.703723,False,strong,2026-04-24T07:51:03.322738+00:00
2815,NZ,NZD,CPI,137,cpi_headline_yoy,207,employment_change_qoq,Employment Change (QoQ),Labor,6,19,0.363169,0.363169,True,weak,2026-04-24T07:51:03.322738+00:00
2816,NZ,NZD,CPI,137,cpi_headline_yoy,207,employment_change_qoq,Employment Change (QoQ),Labor,3,20,0.074227,0.074227,False,very_weak,2026-04-24T07:51:03.322738+00:00
2817,NZ,NZD,CPI,137,cpi_headline_yoy,208,labour_cost_index_qoq,Labour Cost Index (QoQ),Inflation,6,22,0.681405,0.681405,True,moderate,2026-04-24T07:51:03.322738+00:00
2818,NZ,NZD,CPI,137,cpi_headline_yoy,208,labour_cost_index_qoq,Labour Cost Index (QoQ),Inflation,3,23,0.611215,0.611215,False,moderate,2026-04-24T07:51:03.322738+00:00
2819,NZ,NZD,CPI,137,cpi_headline_yoy,209,labour_cost_index_yoy,Labour Cost Index (YoY),Inflation,3,23,0.913338,0.913338,True,strong,2026-04-24T07:51:03.322738+00:00
2820,NZ,NZD,CPI,137,cpi_headline_yoy,209,labour_cost_index_yoy,Labour Cost Index (YoY),Inflation,6,22,0.897771,0.897771,False,strong,2026-04-24T07:51:03.322738+00:00
2821,NZ,NZD,CPI,140,cpi_headline_qoq,137,cpi_headline_yoy,Headline CPI (YoY),Inflation,6,22,0.682962,0.682962,True,moderate,2026-04-24T07:51:03.322738+00:00
2822,NZ,NZD,CPI,140,cpi_headline_qoq,137,cpi_headline_yoy,Headline CPI (YoY),Inflation,3,23,0.561483,0.561483,False,moderate,2026-04-24T07:51:03.322738+00:00
2823,NZ,NZD,CPI,140,cpi_headline_qoq,137,cpi_headline_yoy,Headline CPI (YoY),Inflation,0,24,0.524802,0.524802,False,moderate,2026-04-24T07:51:03.322738+00:00
2824,NZ,NZD,CPI,140,cpi_headline_qoq,138,unemployment_rate,Unemployment Rate,Labor,3,23,-0.530247,0.530247,True,moderate,2026-04-24T07:51:03.322738+00:00
2825,NZ,NZD,CPI,140,cpi_headline_qoq,138,unemployment_rate,Unemployment Rate,Labor,6,22,-0.490849,0.490849,False,moderate,2026-04-24T07:51:03.322738+00:00
2826,NZ,NZD,CPI,140,cpi_headline_qoq,141,consumer_price_index,Consumer Price Index,Inflation,3,9,0.333703,0.333703,True,weak,2026-04-24T07:51:03.322738+00:00
2827,NZ,NZD,CPI,140,cpi_headline_qoq,141,consumer_price_index,Consumer Price Index,Inflation,0,10,0.236977,0.236977,False,very_weak,2026-04-24T07:51:03.322738+00:00
2828,NZ,NZD,CPI,140,cpi_headline_qoq,141,consumer_price_index,Consumer Price Index,Inflation,6,9,0.029185,0.029185,False,very_weak,2026-04-24T07:51:03.322738+00:00
2829,NZ,NZD,CPI,140,cpi_headline_qoq,142,balance_of_trade,Balance of Trade,Growth,3,23,0.313538,0.313538,True,weak,2026-04-24T07:51:03.322738+00:00
2830,NZ,NZD,CPI,140,cpi_headline_qoq,142,balance_of_trade,Balance of Trade,Growth,0,24,-0.243655,0.243655,False,very_weak,2026-04-24T07:51:03.322738+00:00
2831,NZ,NZD,CPI,140,cpi_headline_qoq,142,balance_of_trade,Balance of Trade,Growth,4,23,-0.089935,0.089935,False,very_weak,2026-04-24T07:51:03.322738+00:00
2832,NZ,NZD,CPI,140,cpi_headline_qoq,142,balance_of_trade,Balance of Trade,Growth,2,24,0.075552,0.075552,False,very_weak,2026-04-24T07:51:03.322738+00:00
2833,NZ,NZD,CPI,140,cpi_headline_qoq,142,balance_of_trade,Balance of Trade,Growth,5,23,-0.070601,0.070601,False,very_weak,2026-04-24T07:51:03.322738+00:00
2834,NZ,NZD,CPI,140,cpi_headline_qoq,142,balance_of_trade,Balance of Trade,Growth,6,22,-0.063196,0.063196,False,very_weak,2026-04-24T07:51:03.322738+00:00
2835,NZ,NZD,CPI,140,cpi_headline_qoq,142,balance_of_trade,Balance of Trade,Growth,1,24,-0.018504,0.018504,False,very_weak,2026-04-24T07:51:03.322738+00:00
2836,NZ,NZD,CPI,140,cpi_headline_qoq,145,exports,Exports,Growth,3,23,0.398571,0.398571,True,weak,2026-04-24T07:51:03.322738+00:00
2837,NZ,NZD,CPI,140,cpi_headline_qoq,145,exports,Exports,Growth,4,23,0.245574,0.245574,False,very_weak,2026-04-24T07:51:03.322738+00:00
2838,NZ,NZD,CPI,140,cpi_headline_qoq,145,exports,Exports,Growth,5,23,-0.223788,0.223788,False,very_weak,2026-04-24T07:51:03.322738+00:00
2839,NZ,NZD,CPI,140,cpi_headline_qoq,145,exports,Exports,Growth,6,22,-0.173429,0.173429,False,very_weak,2026-04-24T07:51:03.322738+00:00
2840,NZ,NZD,CPI,140,cpi_headline_qoq,145,exports,Exports,Growth,2,24,0.119702,0.119702,False,very_weak,2026-04-24T07:51:03.322738+00:00
2841,NZ,NZD,CPI,140,cpi_headline_qoq,145,exports,Exports,Growth,1,24,0.072693,0.072693,False,very_weak,2026-04-24T07:51:03.322738+00:00
2842,NZ,NZD,CPI,140,cpi_headline_qoq,145,exports,Exports,Growth,0,24,0.005327,0.005327,False,very_weak,2026-04-24T07:51:03.322738+00:00
2843,NZ,NZD,CPI,140,cpi_headline_qoq,146,imports,Imports,Growth,4,23,0.557323,0.557323,True,moderate,2026-04-24T07:51:03.322738+00:00
2844,NZ,NZD,CPI,140,cpi_headline_qoq,146,imports,Imports,Growth,2,24,0.423638,0.423638,False,weak,2026-04-24T07:51:03.322738+00:00
2845,NZ,NZD,CPI,140,cpi_headline_qoq,146,imports,Imports,Growth,6,22,-0.214035,0.214035,False,very_weak,2026-04-24T07:51:03.322738+00:00
2846,NZ,NZD,CPI,140,cpi_headline_qoq,146,imports,Imports,Growth,1,24,0.176935,0.176935,False,very_weak,2026-04-24T07:51:03.322738+00:00
2847,NZ,NZD,CPI,140,cpi_headline_qoq,146,imports,Imports,Growth,3,23,-0.091434,0.091434,False,very_weak,2026-04-24T07:51:03.322738+00:00
2848,NZ,NZD,CPI,140,cpi_headline_qoq,146,imports,Imports,Growth,5,23,-0.067015,0.067015,False,very_weak,2026-04-24T07:51:03.322738+00:00
2849,NZ,NZD,CPI,140,cpi_headline_qoq,146,imports,Imports,Growth,0,23,0.032834,0.032834,False,very_weak,2026-04-24T07:51:03.322738+00:00
2850,NZ,NZD,CPI,140,cpi_headline_qoq,147,business_confidence,Business Confidence,Growth,1,26,0.424822,0.424822,True,weak,2026-04-24T07:51:03.322738+00:00
2851,NZ,NZD,CPI,140,cpi_headline_qoq,147,business_confidence,Business Confidence,Growth,6,24,-0.381443,0.381443,False,weak,2026-04-24T07:51:03.322738+00:00
2852,NZ,NZD,CPI,140,cpi_headline_qoq,147,business_confidence,Business Confidence,Growth,3,25,-0.358758,0.358758,False,weak,2026-04-24T07:51:03.322738+00:00
2853,NZ,NZD,CPI,140,cpi_headline_qoq,147,business_confidence,Business Confidence,Growth,2,25,-0.270849,0.270849,False,weak,2026-04-24T07:51:03.322738+00:00
2854,NZ,NZD,CPI,140,cpi_headline_qoq,147,business_confidence,Business Confidence,Growth,0,26,-0.244182,0.244182,False,very_weak,2026-04-24T07:51:03.322738+00:00
2855,NZ,NZD,CPI,140,cpi_headline_qoq,147,business_confidence,Business Confidence,Growth,5,24,-0.236525,0.236525,False,very_weak,2026-04-24T07:51:03.322738+00:00
2856,NZ,NZD,CPI,140,cpi_headline_qoq,147,business_confidence,Business Confidence,Growth,4,25,0.090870,0.090870,False,very_weak,2026-04-24T07:51:03.322738+00:00
2857,NZ,NZD,CPI,140,cpi_headline_qoq,148,capacity_utilization,Capacity Utilization,Growth,0,24,-0.396609,0.396609,True,weak,2026-04-24T07:51:03.322738+00:00
2858,NZ,NZD,CPI,140,cpi_headline_qoq,148,capacity_utilization,Capacity Utilization,Growth,3,24,-0.278379,0.278379,False,weak,2026-04-24T07:51:03.322738+00:00
2859,NZ,NZD,CPI,140,cpi_headline_qoq,148,capacity_utilization,Capacity Utilization,Growth,6,23,0.039220,0.039220,False,very_weak,2026-04-24T07:51:03.322738+00:00
2860,NZ,NZD,CPI,140,cpi_headline_qoq,149,global_dairy_trade_price_index,Global Dairy Trade Price Index,Growth,4,13,0.453204,0.453204,True,moderate,2026-04-24T07:51:03.322738+00:00
2861,NZ,NZD,CPI,140,cpi_headline_qoq,149,global_dairy_trade_price_index,Global Dairy Trade Price Index,Growth,6,12,-0.321514,0.321514,False,weak,2026-04-24T07:51:03.322738+00:00
2862,NZ,NZD,CPI,140,cpi_headline_qoq,149,global_dairy_trade_price_index,Global Dairy Trade Price Index,Growth,3,14,0.303005,0.303005,False,weak,2026-04-24T07:51:03.322738+00:00
2863,NZ,NZD,CPI,140,cpi_headline_qoq,149,global_dairy_trade_price_index,Global Dairy Trade Price Index,Growth,1,15,-0.222599,0.222599,False,very_weak,2026-04-24T07:51:03.322738+00:00
2864,NZ,NZD,CPI,140,cpi_headline_qoq,149,global_dairy_trade_price_index,Global Dairy Trade Price Index,Growth,0,16,0.200035,0.200035,False,very_weak,2026-04-24T07:51:03.322738+00:00
2865,NZ,NZD,CPI,140,cpi_headline_qoq,149,global_dairy_trade_price_index,Global Dairy Trade Price Index,Growth,2,17,-0.165784,0.165784,False,very_weak,2026-04-24T07:51:03.322738+00:00
2866,NZ,NZD,CPI,140,cpi_headline_qoq,149,global_dairy_trade_price_index,Global Dairy Trade Price Index,Growth,5,15,-0.051053,0.051053,False,very_weak,2026-04-24T07:51:03.322738+00:00
2867,NZ,NZD,CPI,140,cpi_headline_qoq,151,credit_card_spending_yoy,Credit Card Spending (YoY),Growth,4,19,0.465519,0.465519,True,moderate,2026-04-24T07:51:03.322738+00:00
2868,NZ,NZD,CPI,140,cpi_headline_qoq,151,credit_card_spending_yoy,Credit Card Spending (YoY),Growth,3,19,0.451398,0.451398,False,moderate,2026-04-24T07:51:03.322738+00:00
2869,NZ,NZD,CPI,140,cpi_headline_qoq,151,credit_card_spending_yoy,Credit Card Spending (YoY),Growth,0,20,0.257050,0.257050,False,weak,2026-04-24T07:51:03.322738+00:00
2870,NZ,NZD,CPI,140,cpi_headline_qoq,151,credit_card_spending_yoy,Credit Card Spending (YoY),Growth,6,18,0.214275,0.214275,False,very_weak,2026-04-24T07:51:03.322738+00:00
2871,NZ,NZD,CPI,140,cpi_headline_qoq,151,credit_card_spending_yoy,Credit Card Spending (YoY),Growth,1,20,0.206780,0.206780,False,very_weak,2026-04-24T07:51:03.322738+00:00
2872,NZ,NZD,CPI,140,cpi_headline_qoq,151,credit_card_spending_yoy,Credit Card Spending (YoY),Growth,2,19,0.007030,0.007030,False,very_weak,2026-04-24T07:51:03.322738+00:00
2873,NZ,NZD,CPI,140,cpi_headline_qoq,151,credit_card_spending_yoy,Credit Card Spending (YoY),Growth,5,18,0.004376,0.004376,False,very_weak,2026-04-24T07:51:03.322738+00:00
2874,NZ,NZD,CPI,140,cpi_headline_qoq,206,participation_rate,Labor Force Participation Rate,Labor,3,23,0.588026,0.588026,True,moderate,2026-04-24T07:51:03.322738+00:00
2875,NZ,NZD,CPI,140,cpi_headline_qoq,206,participation_rate,Labor Force Participation Rate,Labor,6,22,0.572260,0.572260,False,moderate,2026-04-24T07:51:03.322738+00:00
2876,NZ,NZD,CPI,140,cpi_headline_qoq,207,employment_change_qoq,Employment Change (QoQ),Labor,3,20,0.443763,0.443763,True,weak,2026-04-24T07:51:03.322738+00:00
2877,NZ,NZD,CPI,140,cpi_headline_qoq,207,employment_change_qoq,Employment Change (QoQ),Labor,6,19,0.319711,0.319711,False,weak,2026-04-24T07:51:03.322738+00:00
2878,NZ,NZD,CPI,140,cpi_headline_qoq,208,labour_cost_index_qoq,Labour Cost Index (QoQ),Inflation,3,23,0.783451,0.783451,True,strong,2026-04-24T07:51:03.322738+00:00
2879,NZ,NZD,CPI,140,cpi_headline_qoq,208,labour_cost_index_qoq,Labour Cost Index (QoQ),Inflation,6,22,0.451746,0.451746,False,moderate,2026-04-24T07:51:03.322738+00:00
2880,NZ,NZD,CPI,140,cpi_headline_qoq,209,labour_cost_index_yoy,Labour Cost Index (YoY),Inflation,3,23,0.659697,0.659697,True,moderate,2026-04-24T07:51:03.322738+00:00
2881,NZ,NZD,CPI,140,cpi_headline_qoq,209,labour_cost_index_yoy,Labour Cost Index (YoY),Inflation,6,22,0.568675,0.568675,False,moderate,2026-04-24T07:51:03.322738+00:00
2882,NZ,NZD,UNEMPLOYMENT,138,unemployment_rate,142,balance_of_trade,Balance of Trade,Growth,5,22,0.189499,0.189499,True,very_weak,2026-04-24T07:51:03.322738+00:00
2883,NZ,NZD,UNEMPLOYMENT,138,unemployment_rate,142,balance_of_trade,Balance of Trade,Growth,0,23,-0.171809,0.171809,False,very_weak,2026-04-24T07:51:03.322738+00:00
2884,NZ,NZD,UNEMPLOYMENT,138,unemployment_rate,142,balance_of_trade,Balance of Trade,Growth,1,23,-0.116701,0.116701,False,very_weak,2026-04-24T07:51:03.322738+00:00
2885,NZ,NZD,UNEMPLOYMENT,138,unemployment_rate,142,balance_of_trade,Balance of Trade,Growth,2,23,0.104720,0.104720,False,very_weak,2026-04-24T07:51:03.322738+00:00
2886,NZ,NZD,UNEMPLOYMENT,138,unemployment_rate,142,balance_of_trade,Balance of Trade,Growth,6,21,0.099160,0.099160,False,very_weak,2026-04-24T07:51:03.322738+00:00
2887,NZ,NZD,UNEMPLOYMENT,138,unemployment_rate,142,balance_of_trade,Balance of Trade,Growth,4,22,0.078708,0.078708,False,very_weak,2026-04-24T07:51:03.322738+00:00
2888,NZ,NZD,UNEMPLOYMENT,138,unemployment_rate,142,balance_of_trade,Balance of Trade,Growth,3,22,-0.029589,0.029589,False,very_weak,2026-04-24T07:51:03.322738+00:00
2889,NZ,NZD,UNEMPLOYMENT,138,unemployment_rate,145,exports,Exports,Growth,5,22,0.196758,0.196758,True,very_weak,2026-04-24T07:51:03.322738+00:00
2890,NZ,NZD,UNEMPLOYMENT,138,unemployment_rate,145,exports,Exports,Growth,1,23,-0.192001,0.192001,False,very_weak,2026-04-24T07:51:03.322738+00:00
2891,NZ,NZD,UNEMPLOYMENT,138,unemployment_rate,145,exports,Exports,Growth,2,23,0.128836,0.128836,False,very_weak,2026-04-24T07:51:03.322738+00:00
2892,NZ,NZD,UNEMPLOYMENT,138,unemployment_rate,145,exports,Exports,Growth,6,21,0.079928,0.079928,False,very_weak,2026-04-24T07:51:03.322738+00:00
2893,NZ,NZD,UNEMPLOYMENT,138,unemployment_rate,145,exports,Exports,Growth,4,22,-0.059488,0.059488,False,very_weak,2026-04-24T07:51:03.322738+00:00
2894,NZ,NZD,UNEMPLOYMENT,138,unemployment_rate,145,exports,Exports,Growth,0,23,-0.045027,0.045027,False,very_weak,2026-04-24T07:51:03.322738+00:00
2895,NZ,NZD,UNEMPLOYMENT,138,unemployment_rate,145,exports,Exports,Growth,3,22,-0.015263,0.015263,False,very_weak,2026-04-24T07:51:03.322738+00:00
2896,NZ,NZD,UNEMPLOYMENT,138,unemployment_rate,146,imports,Imports,Growth,4,22,-0.413342,0.413342,True,weak,2026-04-24T07:51:03.322738+00:00
2897,NZ,NZD,UNEMPLOYMENT,138,unemployment_rate,146,imports,Imports,Growth,0,22,0.306571,0.306571,False,weak,2026-04-24T07:51:03.322738+00:00
2898,NZ,NZD,UNEMPLOYMENT,138,unemployment_rate,146,imports,Imports,Growth,5,22,-0.247539,0.247539,False,very_weak,2026-04-24T07:51:03.322738+00:00
2899,NZ,NZD,UNEMPLOYMENT,138,unemployment_rate,146,imports,Imports,Growth,1,23,-0.229263,0.229263,False,very_weak,2026-04-24T07:51:03.322738+00:00
2900,NZ,NZD,UNEMPLOYMENT,138,unemployment_rate,146,imports,Imports,Growth,3,22,0.197206,0.197206,False,very_weak,2026-04-24T07:51:03.322738+00:00
2901,NZ,NZD,UNEMPLOYMENT,138,unemployment_rate,146,imports,Imports,Growth,2,23,0.030101,0.030101,False,very_weak,2026-04-24T07:51:03.322738+00:00
2902,NZ,NZD,UNEMPLOYMENT,138,unemployment_rate,146,imports,Imports,Growth,6,21,0.013777,0.013777,False,very_weak,2026-04-24T07:51:03.322738+00:00
2903,NZ,NZD,UNEMPLOYMENT,138,unemployment_rate,147,business_confidence,Business Confidence,Growth,0,25,0.294329,0.294329,True,weak,2026-04-24T07:51:03.322738+00:00
2904,NZ,NZD,UNEMPLOYMENT,138,unemployment_rate,147,business_confidence,Business Confidence,Growth,4,24,-0.254889,0.254889,False,weak,2026-04-24T07:51:03.322738+00:00
2905,NZ,NZD,UNEMPLOYMENT,138,unemployment_rate,147,business_confidence,Business Confidence,Growth,2,24,0.206231,0.206231,False,very_weak,2026-04-24T07:51:03.322738+00:00
2906,NZ,NZD,UNEMPLOYMENT,138,unemployment_rate,147,business_confidence,Business Confidence,Growth,3,24,0.183767,0.183767,False,very_weak,2026-04-24T07:51:03.322738+00:00
2907,NZ,NZD,UNEMPLOYMENT,138,unemployment_rate,147,business_confidence,Business Confidence,Growth,6,23,0.165721,0.165721,False,very_weak,2026-04-24T07:51:03.322738+00:00
2908,NZ,NZD,UNEMPLOYMENT,138,unemployment_rate,147,business_confidence,Business Confidence,Growth,5,23,0.112447,0.112447,False,very_weak,2026-04-24T07:51:03.322738+00:00
2909,NZ,NZD,UNEMPLOYMENT,138,unemployment_rate,147,business_confidence,Business Confidence,Growth,1,25,0.102215,0.102215,False,very_weak,2026-04-24T07:51:03.322738+00:00
2910,NZ,NZD,UNEMPLOYMENT,138,unemployment_rate,148,capacity_utilization,Capacity Utilization,Growth,3,23,0.277932,0.277932,True,weak,2026-04-24T07:51:03.322738+00:00
2911,NZ,NZD,UNEMPLOYMENT,138,unemployment_rate,148,capacity_utilization,Capacity Utilization,Growth,0,23,0.144004,0.144004,False,very_weak,2026-04-24T07:51:03.322738+00:00
2912,NZ,NZD,UNEMPLOYMENT,138,unemployment_rate,148,capacity_utilization,Capacity Utilization,Growth,6,22,0.131866,0.131866,False,very_weak,2026-04-24T07:51:03.322738+00:00
2913,NZ,NZD,UNEMPLOYMENT,138,unemployment_rate,149,global_dairy_trade_price_index,Global Dairy Trade Price Index,Growth,1,13,0.340500,0.340500,True,weak,2026-04-24T07:51:03.322738+00:00
2914,NZ,NZD,UNEMPLOYMENT,138,unemployment_rate,149,global_dairy_trade_price_index,Global Dairy Trade Price Index,Growth,6,10,0.319407,0.319407,False,weak,2026-04-24T07:51:03.322738+00:00
2915,NZ,NZD,UNEMPLOYMENT,138,unemployment_rate,149,global_dairy_trade_price_index,Global Dairy Trade Price Index,Growth,4,11,0.299260,0.299260,False,weak,2026-04-24T07:51:03.322738+00:00
2916,NZ,NZD,UNEMPLOYMENT,138,unemployment_rate,149,global_dairy_trade_price_index,Global Dairy Trade Price Index,Growth,0,14,0.134875,0.134875,False,very_weak,2026-04-24T07:51:03.322738+00:00
2917,NZ,NZD,UNEMPLOYMENT,138,unemployment_rate,149,global_dairy_trade_price_index,Global Dairy Trade Price Index,Growth,2,15,-0.089487,0.089487,False,very_weak,2026-04-24T07:51:03.322738+00:00
2918,NZ,NZD,UNEMPLOYMENT,138,unemployment_rate,149,global_dairy_trade_price_index,Global Dairy Trade Price Index,Growth,5,13,-0.070077,0.070077,False,very_weak,2026-04-24T07:51:03.322738+00:00
2919,NZ,NZD,UNEMPLOYMENT,138,unemployment_rate,149,global_dairy_trade_price_index,Global Dairy Trade Price Index,Growth,3,12,-0.041427,0.041427,False,very_weak,2026-04-24T07:51:03.322738+00:00
2920,NZ,NZD,UNEMPLOYMENT,138,unemployment_rate,151,credit_card_spending_yoy,Credit Card Spending (YoY),Growth,4,18,-0.292748,0.292748,True,weak,2026-04-24T07:51:03.322738+00:00
2921,NZ,NZD,UNEMPLOYMENT,138,unemployment_rate,151,credit_card_spending_yoy,Credit Card Spending (YoY),Growth,6,17,-0.278590,0.278590,False,weak,2026-04-24T07:51:03.322738+00:00
2922,NZ,NZD,UNEMPLOYMENT,138,unemployment_rate,151,credit_card_spending_yoy,Credit Card Spending (YoY),Growth,1,19,-0.193807,0.193807,False,very_weak,2026-04-24T07:51:03.322738+00:00
2923,NZ,NZD,UNEMPLOYMENT,138,unemployment_rate,151,credit_card_spending_yoy,Credit Card Spending (YoY),Growth,3,18,-0.179187,0.179187,False,very_weak,2026-04-24T07:51:03.322738+00:00
2924,NZ,NZD,UNEMPLOYMENT,138,unemployment_rate,151,credit_card_spending_yoy,Credit Card Spending (YoY),Growth,5,17,-0.167200,0.167200,False,very_weak,2026-04-24T07:51:03.322738+00:00
2925,NZ,NZD,UNEMPLOYMENT,138,unemployment_rate,151,credit_card_spending_yoy,Credit Card Spending (YoY),Growth,2,18,-0.109071,0.109071,False,very_weak,2026-04-24T07:51:03.322738+00:00
2926,NZ,NZD,UNEMPLOYMENT,138,unemployment_rate,151,credit_card_spending_yoy,Credit Card Spending (YoY),Growth,0,19,0.010356,0.010356,False,very_weak,2026-04-24T07:51:03.322738+00:00
2927,NZ,NZD,UNEMPLOYMENT,138,unemployment_rate,206,participation_rate,Labor Force Participation Rate,Labor,3,22,-0.853490,0.853490,True,strong,2026-04-24T07:51:03.322738+00:00
2928,NZ,NZD,UNEMPLOYMENT,138,unemployment_rate,206,participation_rate,Labor Force Participation Rate,Labor,6,21,-0.847537,0.847537,False,strong,2026-04-24T07:51:03.322738+00:00
2929,NZ,NZD,UNEMPLOYMENT,138,unemployment_rate,206,participation_rate,Labor Force Participation Rate,Labor,0,23,-0.661126,0.661126,False,moderate,2026-04-24T07:51:03.322738+00:00
2930,NZ,NZD,UNEMPLOYMENT,138,unemployment_rate,207,employment_change_qoq,Employment Change (QoQ),Labor,6,19,-0.406695,0.406695,True,weak,2026-04-24T07:51:03.322738+00:00
2931,NZ,NZD,UNEMPLOYMENT,138,unemployment_rate,207,employment_change_qoq,Employment Change (QoQ),Labor,3,19,-0.284864,0.284864,False,weak,2026-04-24T07:51:03.322738+00:00
2932,NZ,NZD,UNEMPLOYMENT,138,unemployment_rate,207,employment_change_qoq,Employment Change (QoQ),Labor,0,20,0.008314,0.008314,False,very_weak,2026-04-24T07:51:03.322738+00:00
2933,UK,GBP,CPI,49,cpi_headline_yoy,48,core_cpi_yoy,Core CPI (YoY),Inflation,6,71,0.457364,0.457364,True,moderate,2026-04-24T07:51:03.322738+00:00
2934,UK,GBP,CPI,49,cpi_headline_yoy,48,core_cpi_yoy,Core CPI (YoY),Inflation,5,72,0.440992,0.440992,False,weak,2026-04-24T07:51:03.322738+00:00
2935,UK,GBP,CPI,49,cpi_headline_yoy,48,core_cpi_yoy,Core CPI (YoY),Inflation,4,73,0.397192,0.397192,False,weak,2026-04-24T07:51:03.322738+00:00
2936,UK,GBP,CPI,49,cpi_headline_yoy,48,core_cpi_yoy,Core CPI (YoY),Inflation,3,74,0.377104,0.377104,False,weak,2026-04-24T07:51:03.322738+00:00
2937,UK,GBP,CPI,49,cpi_headline_yoy,48,core_cpi_yoy,Core CPI (YoY),Inflation,2,75,0.315922,0.315922,False,weak,2026-04-24T07:51:03.322738+00:00
2938,UK,GBP,CPI,49,cpi_headline_yoy,48,core_cpi_yoy,Core CPI (YoY),Inflation,1,76,0.271475,0.271475,False,weak,2026-04-24T07:51:03.322738+00:00
2939,UK,GBP,CPI,49,cpi_headline_yoy,48,core_cpi_yoy,Core CPI (YoY),Inflation,0,76,0.237014,0.237014,False,very_weak,2026-04-24T07:51:03.322738+00:00
2940,UK,GBP,CPI,49,cpi_headline_yoy,50,cpi_headline_mom,Headline CPI (MoM),Inflation,6,63,0.146748,0.146748,True,very_weak,2026-04-24T07:51:03.322738+00:00
2941,UK,GBP,CPI,49,cpi_headline_yoy,50,cpi_headline_mom,Headline CPI (MoM),Inflation,5,63,0.145879,0.145879,False,very_weak,2026-04-24T07:51:03.322738+00:00
2942,UK,GBP,CPI,49,cpi_headline_yoy,50,cpi_headline_mom,Headline CPI (MoM),Inflation,4,64,0.143428,0.143428,False,very_weak,2026-04-24T07:51:03.322738+00:00
2943,UK,GBP,CPI,49,cpi_headline_yoy,50,cpi_headline_mom,Headline CPI (MoM),Inflation,3,66,0.123107,0.123107,False,very_weak,2026-04-24T07:51:03.322738+00:00
2944,UK,GBP,CPI,49,cpi_headline_yoy,50,cpi_headline_mom,Headline CPI (MoM),Inflation,1,73,0.119832,0.119832,False,very_weak,2026-04-24T07:51:03.322738+00:00
2945,UK,GBP,CPI,49,cpi_headline_yoy,50,cpi_headline_mom,Headline CPI (MoM),Inflation,2,70,0.118495,0.118495,False,very_weak,2026-04-24T07:51:03.322738+00:00
2946,UK,GBP,CPI,49,cpi_headline_yoy,50,cpi_headline_mom,Headline CPI (MoM),Inflation,0,73,0.106361,0.106361,False,very_weak,2026-04-24T07:51:03.322738+00:00
2947,UK,GBP,CPI,49,cpi_headline_yoy,51,ppi_output_yoy,PPI Output (YoY),Inflation,6,60,0.266210,0.266210,True,weak,2026-04-24T07:51:03.322738+00:00
2948,UK,GBP,CPI,49,cpi_headline_yoy,51,ppi_output_yoy,PPI Output (YoY),Inflation,5,62,0.130524,0.130524,False,very_weak,2026-04-24T07:51:03.322738+00:00
2949,UK,GBP,CPI,49,cpi_headline_yoy,51,ppi_output_yoy,PPI Output (YoY),Inflation,0,67,-0.117323,0.117323,False,very_weak,2026-04-24T07:51:03.322738+00:00
2950,UK,GBP,CPI,49,cpi_headline_yoy,51,ppi_output_yoy,PPI Output (YoY),Inflation,1,68,-0.084024,0.084024,False,very_weak,2026-04-24T07:51:03.322738+00:00
2951,UK,GBP,CPI,49,cpi_headline_yoy,51,ppi_output_yoy,PPI Output (YoY),Inflation,4,64,0.068632,0.068632,False,very_weak,2026-04-24T07:51:03.322738+00:00
2952,UK,GBP,CPI,49,cpi_headline_yoy,51,ppi_output_yoy,PPI Output (YoY),Inflation,2,67,-0.047892,0.047892,False,very_weak,2026-04-24T07:51:03.322738+00:00
2953,UK,GBP,CPI,49,cpi_headline_yoy,51,ppi_output_yoy,PPI Output (YoY),Inflation,3,66,0.009993,0.009993,False,very_weak,2026-04-24T07:51:03.322738+00:00
2954,UK,GBP,CPI,49,cpi_headline_yoy,52,ppi_input_yoy,PPI Input (YoY),Inflation,6,60,0.202098,0.202098,True,very_weak,2026-04-24T07:51:03.322738+00:00
2955,UK,GBP,CPI,49,cpi_headline_yoy,52,ppi_input_yoy,PPI Input (YoY),Inflation,0,67,-0.189085,0.189085,False,very_weak,2026-04-24T07:51:03.322738+00:00
2956,UK,GBP,CPI,49,cpi_headline_yoy,52,ppi_input_yoy,PPI Input (YoY),Inflation,1,68,-0.144165,0.144165,False,very_weak,2026-04-24T07:51:03.322738+00:00
2957,UK,GBP,CPI,49,cpi_headline_yoy,52,ppi_input_yoy,PPI Input (YoY),Inflation,2,67,-0.105835,0.105835,False,very_weak,2026-04-24T07:51:03.322738+00:00
2958,UK,GBP,CPI,49,cpi_headline_yoy,52,ppi_input_yoy,PPI Input (YoY),Inflation,5,62,0.105690,0.105690,False,very_weak,2026-04-24T07:51:03.322738+00:00
2959,UK,GBP,CPI,49,cpi_headline_yoy,52,ppi_input_yoy,PPI Input (YoY),Inflation,3,66,-0.040875,0.040875,False,very_weak,2026-04-24T07:51:03.322738+00:00
2960,UK,GBP,CPI,49,cpi_headline_yoy,52,ppi_input_yoy,PPI Input (YoY),Inflation,4,64,0.034824,0.034824,False,very_weak,2026-04-24T07:51:03.322738+00:00
2961,UK,GBP,CPI,49,cpi_headline_yoy,53,unemployment_rate,Unemployment Rate,Labor,6,71,-0.365654,0.365654,True,weak,2026-04-24T07:51:03.322738+00:00
2962,UK,GBP,CPI,49,cpi_headline_yoy,53,unemployment_rate,Unemployment Rate,Labor,5,72,-0.325928,0.325928,False,weak,2026-04-24T07:51:03.322738+00:00
2963,UK,GBP,CPI,49,cpi_headline_yoy,53,unemployment_rate,Unemployment Rate,Labor,4,73,-0.291421,0.291421,False,weak,2026-04-24T07:51:03.322738+00:00
2964,UK,GBP,CPI,49,cpi_headline_yoy,53,unemployment_rate,Unemployment Rate,Labor,3,74,-0.253827,0.253827,False,weak,2026-04-24T07:51:03.322738+00:00
2965,UK,GBP,CPI,49,cpi_headline_yoy,53,unemployment_rate,Unemployment Rate,Labor,2,75,-0.200867,0.200867,False,very_weak,2026-04-24T07:51:03.322738+00:00
2966,UK,GBP,CPI,49,cpi_headline_yoy,53,unemployment_rate,Unemployment Rate,Labor,1,68,-0.132111,0.132111,False,very_weak,2026-04-24T07:51:03.322738+00:00
2967,UK,GBP,CPI,49,cpi_headline_yoy,54,claimant_count_change,Claimant Count Change,Labor,4,73,-0.153653,0.153653,True,very_weak,2026-04-24T07:51:03.322738+00:00
2968,UK,GBP,CPI,49,cpi_headline_yoy,54,claimant_count_change,Claimant Count Change,Labor,5,72,-0.143462,0.143462,False,very_weak,2026-04-24T07:51:03.322738+00:00
2969,UK,GBP,CPI,49,cpi_headline_yoy,54,claimant_count_change,Claimant Count Change,Labor,0,69,-0.138418,0.138418,False,very_weak,2026-04-24T07:51:03.322738+00:00
2970,UK,GBP,CPI,49,cpi_headline_yoy,54,claimant_count_change,Claimant Count Change,Labor,6,71,-0.137997,0.137997,False,very_weak,2026-04-24T07:51:03.322738+00:00
2971,UK,GBP,CPI,49,cpi_headline_yoy,54,claimant_count_change,Claimant Count Change,Labor,1,76,-0.133147,0.133147,False,very_weak,2026-04-24T07:51:03.322738+00:00
2972,UK,GBP,CPI,49,cpi_headline_yoy,54,claimant_count_change,Claimant Count Change,Labor,2,75,-0.129920,0.129920,False,very_weak,2026-04-24T07:51:03.322738+00:00
2973,UK,GBP,CPI,49,cpi_headline_yoy,54,claimant_count_change,Claimant Count Change,Labor,3,74,-0.117964,0.117964,False,very_weak,2026-04-24T07:51:03.322738+00:00
2974,UK,GBP,CPI,49,cpi_headline_yoy,55,employment_change,Employment Change,Labor,1,27,-0.223011,0.223011,True,very_weak,2026-04-24T07:51:03.322738+00:00
2975,UK,GBP,CPI,49,cpi_headline_yoy,55,employment_change,Employment Change,Labor,5,73,0.156494,0.156494,False,very_weak,2026-04-24T07:51:03.322738+00:00
2976,UK,GBP,CPI,49,cpi_headline_yoy,55,employment_change,Employment Change,Labor,4,74,0.149639,0.149639,False,very_weak,2026-04-24T07:51:03.322738+00:00
2977,UK,GBP,CPI,49,cpi_headline_yoy,55,employment_change,Employment Change,Labor,6,72,0.147094,0.147094,False,very_weak,2026-04-24T07:51:03.322738+00:00
2978,UK,GBP,CPI,49,cpi_headline_yoy,55,employment_change,Employment Change,Labor,3,75,0.141668,0.141668,False,very_weak,2026-04-24T07:51:03.322738+00:00
2979,UK,GBP,CPI,49,cpi_headline_yoy,55,employment_change,Employment Change,Labor,2,71,0.114120,0.114120,False,very_weak,2026-04-24T07:51:03.322738+00:00
2980,UK,GBP,CPI,49,cpi_headline_yoy,56,avg_earnings_incl_bonus,Average Earnings (incl. Bonus),Inflation,1,69,0.274981,0.274981,True,weak,2026-04-24T07:51:03.322738+00:00
2981,UK,GBP,CPI,49,cpi_headline_yoy,56,avg_earnings_incl_bonus,Average Earnings (incl. Bonus),Inflation,6,71,0.234028,0.234028,False,very_weak,2026-04-24T07:51:03.322738+00:00
2982,UK,GBP,CPI,49,cpi_headline_yoy,56,avg_earnings_incl_bonus,Average Earnings (incl. Bonus),Inflation,3,74,0.211747,0.211747,False,very_weak,2026-04-24T07:51:03.322738+00:00
2983,UK,GBP,CPI,49,cpi_headline_yoy,56,avg_earnings_incl_bonus,Average Earnings (incl. Bonus),Inflation,5,72,0.210839,0.210839,False,very_weak,2026-04-24T07:51:03.322738+00:00
2984,UK,GBP,CPI,49,cpi_headline_yoy,56,avg_earnings_incl_bonus,Average Earnings (incl. Bonus),Inflation,4,73,0.208580,0.208580,False,very_weak,2026-04-24T07:51:03.322738+00:00
2985,UK,GBP,CPI,49,cpi_headline_yoy,56,avg_earnings_incl_bonus,Average Earnings (incl. Bonus),Inflation,2,75,0.202616,0.202616,False,very_weak,2026-04-24T07:51:03.322738+00:00
2986,UK,GBP,CPI,49,cpi_headline_yoy,57,avg_earnings_excl_bonus,Average Earnings (excl. Bonus),Inflation,1,85,0.402796,0.402796,True,weak,2026-04-24T07:51:03.322738+00:00
2987,UK,GBP,CPI,49,cpi_headline_yoy,57,avg_earnings_excl_bonus,Average Earnings (excl. Bonus),Inflation,6,88,0.392477,0.392477,False,weak,2026-04-24T07:51:03.322738+00:00
2988,UK,GBP,CPI,49,cpi_headline_yoy,57,avg_earnings_excl_bonus,Average Earnings (excl. Bonus),Inflation,5,90,0.388627,0.388627,False,weak,2026-04-24T07:51:03.322738+00:00
2989,UK,GBP,CPI,49,cpi_headline_yoy,57,avg_earnings_excl_bonus,Average Earnings (excl. Bonus),Inflation,4,91,0.384825,0.384825,False,weak,2026-04-24T07:51:03.322738+00:00
2990,UK,GBP,CPI,49,cpi_headline_yoy,57,avg_earnings_excl_bonus,Average Earnings (excl. Bonus),Inflation,3,91,0.356076,0.356076,False,weak,2026-04-24T07:51:03.322738+00:00
2991,UK,GBP,CPI,49,cpi_headline_yoy,57,avg_earnings_excl_bonus,Average Earnings (excl. Bonus),Inflation,2,92,0.335923,0.335923,False,weak,2026-04-24T07:51:03.322738+00:00
2992,UK,GBP,CPI,49,cpi_headline_yoy,58,gdp_mom,GDP (MoM),Growth,5,66,0.148749,0.148749,True,very_weak,2026-04-24T07:51:03.322738+00:00
2993,UK,GBP,CPI,49,cpi_headline_yoy,58,gdp_mom,GDP (MoM),Growth,2,69,0.136912,0.136912,False,very_weak,2026-04-24T07:51:03.322738+00:00
2994,UK,GBP,CPI,49,cpi_headline_yoy,58,gdp_mom,GDP (MoM),Growth,1,67,0.130501,0.130501,False,very_weak,2026-04-24T07:51:03.322738+00:00
2995,UK,GBP,CPI,49,cpi_headline_yoy,58,gdp_mom,GDP (MoM),Growth,3,69,0.127425,0.127425,False,very_weak,2026-04-24T07:51:03.322738+00:00
2996,UK,GBP,CPI,49,cpi_headline_yoy,58,gdp_mom,GDP (MoM),Growth,6,65,0.122811,0.122811,False,very_weak,2026-04-24T07:51:03.322738+00:00
2997,UK,GBP,CPI,49,cpi_headline_yoy,58,gdp_mom,GDP (MoM),Growth,4,68,0.120320,0.120320,False,very_weak,2026-04-24T07:51:03.322738+00:00
2998,UK,GBP,CPI,49,cpi_headline_yoy,59,gdp_yoy,GDP (YoY),Growth,1,68,-0.076019,0.076019,True,very_weak,2026-04-24T07:51:03.322738+00:00
2999,UK,GBP,CPI,49,cpi_headline_yoy,59,gdp_yoy,GDP (YoY),Growth,3,73,-0.052339,0.052339,False,very_weak,2026-04-24T07:51:03.322738+00:00
3000,UK,GBP,CPI,49,cpi_headline_yoy,59,gdp_yoy,GDP (YoY),Growth,2,68,-0.051303,0.051303,False,very_weak,2026-04-24T07:51:03.322738+00:00
3001,UK,GBP,CPI,49,cpi_headline_yoy,59,gdp_yoy,GDP (YoY),Growth,4,73,-0.046611,0.046611,False,very_weak,2026-04-24T07:51:03.322738+00:00
3002,UK,GBP,CPI,49,cpi_headline_yoy,59,gdp_yoy,GDP (YoY),Growth,5,81,-0.005982,0.005982,False,very_weak,2026-04-24T07:51:03.322738+00:00
3003,UK,GBP,CPI,49,cpi_headline_yoy,59,gdp_yoy,GDP (YoY),Growth,6,80,0.003783,0.003783,False,very_weak,2026-04-24T07:51:03.322738+00:00
3004,UK,GBP,CPI,49,cpi_headline_yoy,60,gdp_qoq,GDP (QoQ),Growth,4,20,0.272851,0.272851,True,weak,2026-04-24T07:51:03.322738+00:00
3005,UK,GBP,CPI,49,cpi_headline_yoy,60,gdp_qoq,GDP (QoQ),Growth,3,18,0.228609,0.228609,False,very_weak,2026-04-24T07:51:03.322738+00:00
3006,UK,GBP,CPI,49,cpi_headline_yoy,60,gdp_qoq,GDP (QoQ),Growth,5,44,0.170816,0.170816,False,very_weak,2026-04-24T07:51:03.322738+00:00
3007,UK,GBP,CPI,49,cpi_headline_yoy,60,gdp_qoq,GDP (QoQ),Growth,6,43,0.163810,0.163810,False,very_weak,2026-04-24T07:51:03.322738+00:00
3008,UK,GBP,CPI,49,cpi_headline_yoy,61,manufacturing_pmi,Manufacturing PMI,Growth,6,39,-0.576249,0.576249,True,moderate,2026-04-24T07:51:03.322738+00:00
3009,UK,GBP,CPI,49,cpi_headline_yoy,61,manufacturing_pmi,Manufacturing PMI,Growth,5,42,-0.332520,0.332520,False,weak,2026-04-24T07:51:03.322738+00:00
3010,UK,GBP,CPI,49,cpi_headline_yoy,61,manufacturing_pmi,Manufacturing PMI,Growth,4,43,-0.320615,0.320615,False,weak,2026-04-24T07:51:03.322738+00:00
3011,UK,GBP,CPI,49,cpi_headline_yoy,61,manufacturing_pmi,Manufacturing PMI,Growth,3,43,-0.294376,0.294376,False,weak,2026-04-24T07:51:03.322738+00:00
3012,UK,GBP,CPI,49,cpi_headline_yoy,61,manufacturing_pmi,Manufacturing PMI,Growth,0,44,0.161127,0.161127,False,very_weak,2026-04-24T07:51:03.322738+00:00
3013,UK,GBP,CPI,49,cpi_headline_yoy,61,manufacturing_pmi,Manufacturing PMI,Growth,2,43,-0.150941,0.150941,False,very_weak,2026-04-24T07:51:03.322738+00:00
3014,UK,GBP,CPI,49,cpi_headline_yoy,61,manufacturing_pmi,Manufacturing PMI,Growth,1,43,-0.116543,0.116543,False,very_weak,2026-04-24T07:51:03.322738+00:00
3015,UK,GBP,CPI,49,cpi_headline_yoy,62,services_pmi,Services PMI,Growth,4,47,0.198043,0.198043,True,very_weak,2026-04-24T07:51:03.322738+00:00
3016,UK,GBP,CPI,49,cpi_headline_yoy,62,services_pmi,Services PMI,Growth,1,48,0.178459,0.178459,False,very_weak,2026-04-24T07:51:03.322738+00:00
3017,UK,GBP,CPI,49,cpi_headline_yoy,62,services_pmi,Services PMI,Growth,2,48,0.175787,0.175787,False,very_weak,2026-04-24T07:51:03.322738+00:00
3018,UK,GBP,CPI,49,cpi_headline_yoy,62,services_pmi,Services PMI,Growth,3,48,0.150622,0.150622,False,very_weak,2026-04-24T07:51:03.322738+00:00
3019,UK,GBP,CPI,49,cpi_headline_yoy,62,services_pmi,Services PMI,Growth,6,42,0.114441,0.114441,False,very_weak,2026-04-24T07:51:03.322738+00:00
3020,UK,GBP,CPI,49,cpi_headline_yoy,62,services_pmi,Services PMI,Growth,5,45,0.087416,0.087416,False,very_weak,2026-04-24T07:51:03.322738+00:00
3021,UK,GBP,CPI,49,cpi_headline_yoy,62,services_pmi,Services PMI,Growth,0,48,0.023298,0.023298,False,very_weak,2026-04-24T07:51:03.322738+00:00
3022,UK,GBP,CPI,49,cpi_headline_yoy,63,composite_pmi,Composite PMI,Growth,6,42,-0.206042,0.206042,True,very_weak,2026-04-24T07:51:03.322738+00:00
3023,UK,GBP,CPI,49,cpi_headline_yoy,63,composite_pmi,Composite PMI,Growth,5,45,-0.197312,0.197312,False,very_weak,2026-04-24T07:51:03.322738+00:00
3024,UK,GBP,CPI,49,cpi_headline_yoy,63,composite_pmi,Composite PMI,Growth,3,48,-0.074882,0.074882,False,very_weak,2026-04-24T07:51:03.322738+00:00
3025,UK,GBP,CPI,49,cpi_headline_yoy,63,composite_pmi,Composite PMI,Growth,1,48,0.051757,0.051757,False,very_weak,2026-04-24T07:51:03.322738+00:00
3026,UK,GBP,CPI,49,cpi_headline_yoy,63,composite_pmi,Composite PMI,Growth,0,48,0.039777,0.039777,False,very_weak,2026-04-24T07:51:03.322738+00:00
3027,UK,GBP,CPI,49,cpi_headline_yoy,63,composite_pmi,Composite PMI,Growth,4,47,-0.035140,0.035140,False,very_weak,2026-04-24T07:51:03.322738+00:00
3028,UK,GBP,CPI,49,cpi_headline_yoy,63,composite_pmi,Composite PMI,Growth,2,48,0.004316,0.004316,False,very_weak,2026-04-24T07:51:03.322738+00:00
3029,UK,GBP,CPI,49,cpi_headline_yoy,64,retail_sales_mom,Retail Sales (MoM),Growth,5,70,0.146907,0.146907,True,very_weak,2026-04-24T07:51:03.322738+00:00
3030,UK,GBP,CPI,49,cpi_headline_yoy,64,retail_sales_mom,Retail Sales (MoM),Growth,6,69,0.144063,0.144063,False,very_weak,2026-04-24T07:51:03.322738+00:00
3031,UK,GBP,CPI,49,cpi_headline_yoy,64,retail_sales_mom,Retail Sales (MoM),Growth,4,71,0.140883,0.140883,False,very_weak,2026-04-24T07:51:03.322738+00:00
3032,UK,GBP,CPI,49,cpi_headline_yoy,64,retail_sales_mom,Retail Sales (MoM),Growth,3,72,0.139354,0.139354,False,very_weak,2026-04-24T07:51:03.322738+00:00
3033,UK,GBP,CPI,49,cpi_headline_yoy,64,retail_sales_mom,Retail Sales (MoM),Growth,2,73,0.137662,0.137662,False,very_weak,2026-04-24T07:51:03.322738+00:00
3034,UK,GBP,CPI,49,cpi_headline_yoy,64,retail_sales_mom,Retail Sales (MoM),Growth,1,74,0.128942,0.128942,False,very_weak,2026-04-24T07:51:03.322738+00:00
3035,UK,GBP,CPI,49,cpi_headline_yoy,65,industrial_production_yoy,Industrial Production (YoY),Growth,1,74,-0.030263,0.030263,True,very_weak,2026-04-24T07:51:03.322738+00:00
3036,UK,GBP,CPI,49,cpi_headline_yoy,65,industrial_production_yoy,Industrial Production (YoY),Growth,5,73,0.029021,0.029021,False,very_weak,2026-04-24T07:51:03.322738+00:00
3037,UK,GBP,CPI,49,cpi_headline_yoy,65,industrial_production_yoy,Industrial Production (YoY),Growth,2,76,-0.022555,0.022555,False,very_weak,2026-04-24T07:51:03.322738+00:00
3038,UK,GBP,CPI,49,cpi_headline_yoy,65,industrial_production_yoy,Industrial Production (YoY),Growth,3,75,-0.008864,0.008864,False,very_weak,2026-04-24T07:51:03.322738+00:00
3039,UK,GBP,CPI,49,cpi_headline_yoy,65,industrial_production_yoy,Industrial Production (YoY),Growth,6,72,0.007785,0.007785,False,very_weak,2026-04-24T07:51:03.322738+00:00
3040,UK,GBP,CPI,49,cpi_headline_yoy,65,industrial_production_yoy,Industrial Production (YoY),Growth,4,74,0.006381,0.006381,False,very_weak,2026-04-24T07:51:03.322738+00:00
3041,UK,GBP,CPI,49,cpi_headline_yoy,68,nationwide_hpi_yoy,Nationwide House Prices (YoY),Growth,0,76,-0.380149,0.380149,True,weak,2026-04-24T07:51:03.322738+00:00
3042,UK,GBP,CPI,49,cpi_headline_yoy,68,nationwide_hpi_yoy,Nationwide House Prices (YoY),Growth,1,75,-0.343536,0.343536,False,weak,2026-04-24T07:51:03.322738+00:00
3043,UK,GBP,CPI,49,cpi_headline_yoy,68,nationwide_hpi_yoy,Nationwide House Prices (YoY),Growth,2,74,-0.298059,0.298059,False,weak,2026-04-24T07:51:03.322738+00:00
3044,UK,GBP,CPI,49,cpi_headline_yoy,68,nationwide_hpi_yoy,Nationwide House Prices (YoY),Growth,4,72,-0.290723,0.290723,False,weak,2026-04-24T07:51:03.322738+00:00
3045,UK,GBP,CPI,49,cpi_headline_yoy,68,nationwide_hpi_yoy,Nationwide House Prices (YoY),Growth,3,73,-0.290045,0.290045,False,weak,2026-04-24T07:51:03.322738+00:00
3046,UK,GBP,CPI,49,cpi_headline_yoy,68,nationwide_hpi_yoy,Nationwide House Prices (YoY),Growth,5,71,-0.240458,0.240458,False,very_weak,2026-04-24T07:51:03.322738+00:00
3047,UK,GBP,CPI,49,cpi_headline_yoy,68,nationwide_hpi_yoy,Nationwide House Prices (YoY),Growth,6,70,-0.159886,0.159886,False,very_weak,2026-04-24T07:51:03.322738+00:00
3048,UK,GBP,CPI,49,cpi_headline_yoy,70,hmrc_payrolls_change,HMRC Payrolls Change,Labor,5,37,-0.217086,0.217086,True,very_weak,2026-04-24T07:51:03.322738+00:00
3049,UK,GBP,CPI,49,cpi_headline_yoy,70,hmrc_payrolls_change,HMRC Payrolls Change,Labor,4,38,-0.188615,0.188615,False,very_weak,2026-04-24T07:51:03.322738+00:00
3050,UK,GBP,CPI,49,cpi_headline_yoy,70,hmrc_payrolls_change,HMRC Payrolls Change,Labor,0,39,-0.164150,0.164150,False,very_weak,2026-04-24T07:51:03.322738+00:00
3051,UK,GBP,CPI,49,cpi_headline_yoy,70,hmrc_payrolls_change,HMRC Payrolls Change,Labor,3,39,-0.136933,0.136933,False,very_weak,2026-04-24T07:51:03.322738+00:00
3052,UK,GBP,CPI,49,cpi_headline_yoy,70,hmrc_payrolls_change,HMRC Payrolls Change,Labor,1,41,-0.135748,0.135748,False,very_weak,2026-04-24T07:51:03.322738+00:00
3053,UK,GBP,CPI,49,cpi_headline_yoy,70,hmrc_payrolls_change,HMRC Payrolls Change,Labor,2,40,-0.115956,0.115956,False,very_weak,2026-04-24T07:51:03.322738+00:00
3054,UK,GBP,CPI,49,cpi_headline_yoy,70,hmrc_payrolls_change,HMRC Payrolls Change,Labor,6,36,-0.051937,0.051937,False,very_weak,2026-04-24T07:51:03.322738+00:00
3055,UK,GBP,CPI,49,cpi_headline_yoy,71,core_cpi_mom,Core CPI (MoM),Inflation,5,65,-0.063980,0.063980,True,very_weak,2026-04-24T07:51:03.322738+00:00
3056,UK,GBP,CPI,49,cpi_headline_yoy,71,core_cpi_mom,Core CPI (MoM),Inflation,4,66,-0.062344,0.062344,False,very_weak,2026-04-24T07:51:03.322738+00:00
3057,UK,GBP,CPI,49,cpi_headline_yoy,71,core_cpi_mom,Core CPI (MoM),Inflation,0,70,-0.049680,0.049680,False,very_weak,2026-04-24T07:51:03.322738+00:00
3058,UK,GBP,CPI,49,cpi_headline_yoy,71,core_cpi_mom,Core CPI (MoM),Inflation,6,65,-0.041972,0.041972,False,very_weak,2026-04-24T07:51:03.322738+00:00
3059,UK,GBP,CPI,49,cpi_headline_yoy,71,core_cpi_mom,Core CPI (MoM),Inflation,3,67,-0.041693,0.041693,False,very_weak,2026-04-24T07:51:03.322738+00:00
3060,UK,GBP,CPI,49,cpi_headline_yoy,71,core_cpi_mom,Core CPI (MoM),Inflation,2,69,-0.037450,0.037450,False,very_weak,2026-04-24T07:51:03.322738+00:00
3061,UK,GBP,CPI,49,cpi_headline_yoy,71,core_cpi_mom,Core CPI (MoM),Inflation,1,70,-0.037289,0.037289,False,very_weak,2026-04-24T07:51:03.322738+00:00
3062,UK,GBP,CPI,49,cpi_headline_yoy,72,core_rpi_mom,Core RPI (MoM),Inflation,5,18,0.229236,0.229236,True,very_weak,2026-04-24T07:51:03.322738+00:00
3063,UK,GBP,CPI,49,cpi_headline_yoy,72,core_rpi_mom,Core RPI (MoM),Inflation,6,17,0.184174,0.184174,False,very_weak,2026-04-24T07:51:03.322738+00:00
3064,UK,GBP,CPI,49,cpi_headline_yoy,72,core_rpi_mom,Core RPI (MoM),Inflation,4,19,0.174957,0.174957,False,very_weak,2026-04-24T07:51:03.322738+00:00
3065,UK,GBP,CPI,49,cpi_headline_yoy,72,core_rpi_mom,Core RPI (MoM),Inflation,3,20,0.151692,0.151692,False,very_weak,2026-04-24T07:51:03.322738+00:00
3066,UK,GBP,CPI,49,cpi_headline_yoy,72,core_rpi_mom,Core RPI (MoM),Inflation,2,21,0.148064,0.148064,False,very_weak,2026-04-24T07:51:03.322738+00:00
3067,UK,GBP,CPI,49,cpi_headline_yoy,72,core_rpi_mom,Core RPI (MoM),Inflation,0,21,0.143319,0.143319,False,very_weak,2026-04-24T07:51:03.322738+00:00
3068,UK,GBP,CPI,49,cpi_headline_yoy,72,core_rpi_mom,Core RPI (MoM),Inflation,1,22,-0.059349,0.059349,False,very_weak,2026-04-24T07:51:03.322738+00:00
3069,UK,GBP,CPI,49,cpi_headline_yoy,73,core_rpi_yoy,Core RPI (YoY),Inflation,5,20,0.726322,0.726322,True,strong,2026-04-24T07:51:03.322738+00:00
3070,UK,GBP,CPI,49,cpi_headline_yoy,73,core_rpi_yoy,Core RPI (YoY),Inflation,6,19,0.588745,0.588745,False,moderate,2026-04-24T07:51:03.322738+00:00
3071,UK,GBP,CPI,49,cpi_headline_yoy,73,core_rpi_yoy,Core RPI (YoY),Inflation,4,21,0.582038,0.582038,False,moderate,2026-04-24T07:51:03.322738+00:00
3072,UK,GBP,CPI,49,cpi_headline_yoy,73,core_rpi_yoy,Core RPI (YoY),Inflation,3,22,0.574788,0.574788,False,moderate,2026-04-24T07:51:03.322738+00:00
3073,UK,GBP,CPI,49,cpi_headline_yoy,73,core_rpi_yoy,Core RPI (YoY),Inflation,2,23,0.480534,0.480534,False,moderate,2026-04-24T07:51:03.322738+00:00
3074,UK,GBP,CPI,49,cpi_headline_yoy,73,core_rpi_yoy,Core RPI (YoY),Inflation,1,24,0.364128,0.364128,False,weak,2026-04-24T07:51:03.322738+00:00
3075,UK,GBP,CPI,49,cpi_headline_yoy,73,core_rpi_yoy,Core RPI (YoY),Inflation,0,23,0.356917,0.356917,False,weak,2026-04-24T07:51:03.322738+00:00
3076,UK,GBP,CPI,49,cpi_headline_yoy,74,ppi_core_output_mom,PPI Core Output (MoM),Inflation,2,53,-0.197053,0.197053,True,very_weak,2026-04-24T07:51:03.322738+00:00
3077,UK,GBP,CPI,49,cpi_headline_yoy,74,ppi_core_output_mom,PPI Core Output (MoM),Inflation,1,54,-0.171105,0.171105,False,very_weak,2026-04-24T07:51:03.322738+00:00
3078,UK,GBP,CPI,49,cpi_headline_yoy,74,ppi_core_output_mom,PPI Core Output (MoM),Inflation,0,54,-0.168855,0.168855,False,very_weak,2026-04-24T07:51:03.322738+00:00
3079,UK,GBP,CPI,49,cpi_headline_yoy,74,ppi_core_output_mom,PPI Core Output (MoM),Inflation,3,52,-0.166428,0.166428,False,very_weak,2026-04-24T07:51:03.322738+00:00
3080,UK,GBP,CPI,49,cpi_headline_yoy,74,ppi_core_output_mom,PPI Core Output (MoM),Inflation,4,51,-0.137243,0.137243,False,very_weak,2026-04-24T07:51:03.322738+00:00
3081,UK,GBP,CPI,49,cpi_headline_yoy,74,ppi_core_output_mom,PPI Core Output (MoM),Inflation,5,50,-0.108791,0.108791,False,very_weak,2026-04-24T07:51:03.322738+00:00
3082,UK,GBP,CPI,49,cpi_headline_yoy,74,ppi_core_output_mom,PPI Core Output (MoM),Inflation,6,48,-0.079307,0.079307,False,very_weak,2026-04-24T07:51:03.322738+00:00
3083,UK,GBP,CPI,49,cpi_headline_yoy,75,ppi_core_output_yoy,PPI Core Output (YoY),Inflation,0,66,-0.195326,0.195326,True,very_weak,2026-04-24T07:51:03.322738+00:00
3084,UK,GBP,CPI,49,cpi_headline_yoy,75,ppi_core_output_yoy,PPI Core Output (YoY),Inflation,1,67,-0.184678,0.184678,False,very_weak,2026-04-24T07:51:03.322738+00:00
3085,UK,GBP,CPI,49,cpi_headline_yoy,75,ppi_core_output_yoy,PPI Core Output (YoY),Inflation,2,66,-0.160005,0.160005,False,very_weak,2026-04-24T07:51:03.322738+00:00
3086,UK,GBP,CPI,49,cpi_headline_yoy,75,ppi_core_output_yoy,PPI Core Output (YoY),Inflation,3,65,-0.106672,0.106672,False,very_weak,2026-04-24T07:51:03.322738+00:00
3087,UK,GBP,CPI,49,cpi_headline_yoy,75,ppi_core_output_yoy,PPI Core Output (YoY),Inflation,6,59,0.096441,0.096441,False,very_weak,2026-04-24T07:51:03.322738+00:00
3088,UK,GBP,CPI,49,cpi_headline_yoy,75,ppi_core_output_yoy,PPI Core Output (YoY),Inflation,4,63,-0.073086,0.073086,False,very_weak,2026-04-24T07:51:03.322738+00:00
3089,UK,GBP,CPI,49,cpi_headline_yoy,75,ppi_core_output_yoy,PPI Core Output (YoY),Inflation,5,61,-0.025179,0.025179,False,very_weak,2026-04-24T07:51:03.322738+00:00
3090,UK,GBP,CPI,49,cpi_headline_yoy,76,ppi_input_mom,PPI Input (MoM),Inflation,6,58,0.109307,0.109307,True,very_weak,2026-04-24T07:51:03.322738+00:00
3091,UK,GBP,CPI,49,cpi_headline_yoy,76,ppi_input_mom,PPI Input (MoM),Inflation,5,60,0.083133,0.083133,False,very_weak,2026-04-24T07:51:03.322738+00:00
3092,UK,GBP,CPI,49,cpi_headline_yoy,76,ppi_input_mom,PPI Input (MoM),Inflation,4,62,0.056436,0.056436,False,very_weak,2026-04-24T07:51:03.322738+00:00
3093,UK,GBP,CPI,49,cpi_headline_yoy,76,ppi_input_mom,PPI Input (MoM),Inflation,0,65,-0.054266,0.054266,False,very_weak,2026-04-24T07:51:03.322738+00:00
3094,UK,GBP,CPI,49,cpi_headline_yoy,76,ppi_input_mom,PPI Input (MoM),Inflation,3,64,0.036555,0.036555,False,very_weak,2026-04-24T07:51:03.322738+00:00
3095,UK,GBP,CPI,49,cpi_headline_yoy,76,ppi_input_mom,PPI Input (MoM),Inflation,2,65,0.017896,0.017896,False,very_weak,2026-04-24T07:51:03.322738+00:00
3096,UK,GBP,CPI,49,cpi_headline_yoy,76,ppi_input_mom,PPI Input (MoM),Inflation,1,66,0.014572,0.014572,False,very_weak,2026-04-24T07:51:03.322738+00:00
3097,UK,GBP,CPI,49,cpi_headline_yoy,77,ppi_output_mom,PPI Output (MoM),Inflation,2,55,-0.177460,0.177460,True,very_weak,2026-04-24T07:51:03.322738+00:00
3098,UK,GBP,CPI,49,cpi_headline_yoy,77,ppi_output_mom,PPI Output (MoM),Inflation,1,56,-0.160544,0.160544,False,very_weak,2026-04-24T07:51:03.322738+00:00
3099,UK,GBP,CPI,49,cpi_headline_yoy,77,ppi_output_mom,PPI Output (MoM),Inflation,0,56,-0.151149,0.151149,False,very_weak,2026-04-24T07:51:03.322738+00:00
3100,UK,GBP,CPI,49,cpi_headline_yoy,77,ppi_output_mom,PPI Output (MoM),Inflation,3,55,-0.126180,0.126180,False,very_weak,2026-04-24T07:51:03.322738+00:00
3101,UK,GBP,CPI,49,cpi_headline_yoy,77,ppi_output_mom,PPI Output (MoM),Inflation,4,54,-0.085421,0.085421,False,very_weak,2026-04-24T07:51:03.322738+00:00
3102,UK,GBP,CPI,49,cpi_headline_yoy,77,ppi_output_mom,PPI Output (MoM),Inflation,5,53,-0.041535,0.041535,False,very_weak,2026-04-24T07:51:03.322738+00:00
3103,UK,GBP,CPI,49,cpi_headline_yoy,77,ppi_output_mom,PPI Output (MoM),Inflation,6,53,0.021637,0.021637,False,very_weak,2026-04-24T07:51:03.322738+00:00
3104,UK,GBP,CPI,49,cpi_headline_yoy,78,retail_price_index_mom,Retail Price Index (MoM),Inflation,6,67,0.288526,0.288526,True,weak,2026-04-24T07:51:03.322738+00:00
3105,UK,GBP,CPI,49,cpi_headline_yoy,78,retail_price_index_mom,Retail Price Index (MoM),Inflation,5,68,0.276648,0.276648,False,weak,2026-04-24T07:51:03.322738+00:00
3106,UK,GBP,CPI,49,cpi_headline_yoy,78,retail_price_index_mom,Retail Price Index (MoM),Inflation,4,69,0.270374,0.270374,False,weak,2026-04-24T07:51:03.322738+00:00
3107,UK,GBP,CPI,49,cpi_headline_yoy,78,retail_price_index_mom,Retail Price Index (MoM),Inflation,3,70,0.237400,0.237400,False,very_weak,2026-04-24T07:51:03.322738+00:00
3108,UK,GBP,CPI,49,cpi_headline_yoy,78,retail_price_index_mom,Retail Price Index (MoM),Inflation,2,71,0.208652,0.208652,False,very_weak,2026-04-24T07:51:03.322738+00:00
3109,UK,GBP,CPI,49,cpi_headline_yoy,78,retail_price_index_mom,Retail Price Index (MoM),Inflation,1,72,0.200544,0.200544,False,very_weak,2026-04-24T07:51:03.322738+00:00
3110,UK,GBP,CPI,49,cpi_headline_yoy,78,retail_price_index_mom,Retail Price Index (MoM),Inflation,0,72,0.197533,0.197533,False,very_weak,2026-04-24T07:51:03.322738+00:00
3111,UK,GBP,CPI,49,cpi_headline_yoy,79,retail_price_index_yoy,Retail Price Index (YoY),Inflation,6,71,0.460395,0.460395,True,moderate,2026-04-24T07:51:03.322738+00:00
3112,UK,GBP,CPI,49,cpi_headline_yoy,79,retail_price_index_yoy,Retail Price Index (YoY),Inflation,5,72,0.392227,0.392227,False,weak,2026-04-24T07:51:03.322738+00:00
3113,UK,GBP,CPI,49,cpi_headline_yoy,79,retail_price_index_yoy,Retail Price Index (YoY),Inflation,4,73,0.357085,0.357085,False,weak,2026-04-24T07:51:03.322738+00:00
3114,UK,GBP,CPI,49,cpi_headline_yoy,79,retail_price_index_yoy,Retail Price Index (YoY),Inflation,3,74,0.300809,0.300809,False,weak,2026-04-24T07:51:03.322738+00:00
3115,UK,GBP,CPI,49,cpi_headline_yoy,79,retail_price_index_yoy,Retail Price Index (YoY),Inflation,2,75,0.240827,0.240827,False,very_weak,2026-04-24T07:51:03.322738+00:00
3116,UK,GBP,CPI,49,cpi_headline_yoy,79,retail_price_index_yoy,Retail Price Index (YoY),Inflation,1,76,0.183996,0.183996,False,very_weak,2026-04-24T07:51:03.322738+00:00
3117,UK,GBP,CPI,49,cpi_headline_yoy,79,retail_price_index_yoy,Retail Price Index (YoY),Inflation,0,76,0.134158,0.134158,False,very_weak,2026-04-24T07:51:03.322738+00:00
3118,UK,GBP,CPI,49,cpi_headline_yoy,80,house_price_index_yoy,House Price Index (YoY),Growth,0,89,-0.133880,0.133880,True,very_weak,2026-04-24T07:51:03.322738+00:00
3119,UK,GBP,CPI,49,cpi_headline_yoy,80,house_price_index_yoy,House Price Index (YoY),Growth,1,91,-0.101299,0.101299,False,very_weak,2026-04-24T07:51:03.322738+00:00
3120,UK,GBP,CPI,49,cpi_headline_yoy,80,house_price_index_yoy,House Price Index (YoY),Growth,6,88,0.092834,0.092834,False,very_weak,2026-04-24T07:51:03.322738+00:00
3121,UK,GBP,CPI,49,cpi_headline_yoy,80,house_price_index_yoy,House Price Index (YoY),Growth,2,93,-0.052637,0.052637,False,very_weak,2026-04-24T07:51:03.322738+00:00
3122,UK,GBP,CPI,49,cpi_headline_yoy,80,house_price_index_yoy,House Price Index (YoY),Growth,5,91,0.038403,0.038403,False,very_weak,2026-04-24T07:51:03.322738+00:00
3123,UK,GBP,CPI,49,cpi_headline_yoy,80,house_price_index_yoy,House Price Index (YoY),Growth,3,94,-0.021762,0.021762,False,very_weak,2026-04-24T07:51:03.322738+00:00
3124,UK,GBP,CPI,49,cpi_headline_yoy,80,house_price_index_yoy,House Price Index (YoY),Growth,4,93,0.013363,0.013363,False,very_weak,2026-04-24T07:51:03.322738+00:00
3125,UK,GBP,CPI,49,cpi_headline_yoy,81,public_sector_net_borrowing,Public Sector Net Borrowing,Growth,6,68,0.136771,0.136771,True,very_weak,2026-04-24T07:51:03.322738+00:00
3126,UK,GBP,CPI,49,cpi_headline_yoy,81,public_sector_net_borrowing,Public Sector Net Borrowing,Growth,5,66,0.121896,0.121896,False,very_weak,2026-04-24T07:51:03.322738+00:00
3127,UK,GBP,CPI,49,cpi_headline_yoy,81,public_sector_net_borrowing,Public Sector Net Borrowing,Growth,4,66,0.117166,0.117166,False,very_weak,2026-04-24T07:51:03.322738+00:00
3128,UK,GBP,CPI,49,cpi_headline_yoy,81,public_sector_net_borrowing,Public Sector Net Borrowing,Growth,0,11,-0.107676,0.107676,False,very_weak,2026-04-24T07:51:03.322738+00:00
3129,UK,GBP,CPI,49,cpi_headline_yoy,81,public_sector_net_borrowing,Public Sector Net Borrowing,Growth,3,67,0.099919,0.099919,False,very_weak,2026-04-24T07:51:03.322738+00:00
3130,UK,GBP,CPI,49,cpi_headline_yoy,81,public_sector_net_borrowing,Public Sector Net Borrowing,Growth,2,69,0.097270,0.097270,False,very_weak,2026-04-24T07:51:03.322738+00:00
3131,UK,GBP,CPI,49,cpi_headline_yoy,81,public_sector_net_borrowing,Public Sector Net Borrowing,Growth,1,70,0.086971,0.086971,False,very_weak,2026-04-24T07:51:03.322738+00:00
3132,UK,GBP,CPI,49,cpi_headline_yoy,82,cbi_business_optimism,CBI Business Optimism Index,Growth,6,21,-0.280046,0.280046,True,weak,2026-04-24T07:51:03.322738+00:00
3133,UK,GBP,CPI,49,cpi_headline_yoy,82,cbi_business_optimism,CBI Business Optimism Index,Growth,3,22,-0.255305,0.255305,False,weak,2026-04-24T07:51:03.322738+00:00
3134,UK,GBP,CPI,49,cpi_headline_yoy,82,cbi_business_optimism,CBI Business Optimism Index,Growth,5,22,-0.248754,0.248754,False,very_weak,2026-04-24T07:51:03.322738+00:00
3135,UK,GBP,CPI,49,cpi_headline_yoy,82,cbi_business_optimism,CBI Business Optimism Index,Growth,4,22,-0.235428,0.235428,False,very_weak,2026-04-24T07:51:03.322738+00:00
3136,UK,GBP,CPI,49,cpi_headline_yoy,82,cbi_business_optimism,CBI Business Optimism Index,Growth,0,23,-0.162230,0.162230,False,very_weak,2026-04-24T07:51:03.322738+00:00
3137,UK,GBP,CPI,49,cpi_headline_yoy,82,cbi_business_optimism,CBI Business Optimism Index,Growth,1,23,-0.144156,0.144156,False,very_weak,2026-04-24T07:51:03.322738+00:00
3138,UK,GBP,CPI,49,cpi_headline_yoy,82,cbi_business_optimism,CBI Business Optimism Index,Growth,2,23,-0.123238,0.123238,False,very_weak,2026-04-24T07:51:03.322738+00:00
3139,UK,GBP,CPI,49,cpi_headline_yoy,83,cbi_industrial_trends_orders,CBI Industrial Trends Orders,Growth,0,76,-0.290518,0.290518,True,weak,2026-04-24T07:51:03.322738+00:00
3140,UK,GBP,CPI,49,cpi_headline_yoy,83,cbi_industrial_trends_orders,CBI Industrial Trends Orders,Growth,1,75,-0.267613,0.267613,False,weak,2026-04-24T07:51:03.322738+00:00
3141,UK,GBP,CPI,49,cpi_headline_yoy,83,cbi_industrial_trends_orders,CBI Industrial Trends Orders,Growth,2,74,-0.236747,0.236747,False,very_weak,2026-04-24T07:51:03.322738+00:00
3142,UK,GBP,CPI,49,cpi_headline_yoy,83,cbi_industrial_trends_orders,CBI Industrial Trends Orders,Growth,3,73,-0.208955,0.208955,False,very_weak,2026-04-24T07:51:03.322738+00:00
3143,UK,GBP,CPI,49,cpi_headline_yoy,83,cbi_industrial_trends_orders,CBI Industrial Trends Orders,Growth,4,72,-0.185634,0.185634,False,very_weak,2026-04-24T07:51:03.322738+00:00
3144,UK,GBP,CPI,49,cpi_headline_yoy,83,cbi_industrial_trends_orders,CBI Industrial Trends Orders,Growth,5,71,-0.133906,0.133906,False,very_weak,2026-04-24T07:51:03.322738+00:00
3145,UK,GBP,CPI,49,cpi_headline_yoy,83,cbi_industrial_trends_orders,CBI Industrial Trends Orders,Growth,6,70,-0.113334,0.113334,False,very_weak,2026-04-24T07:51:03.322738+00:00
3146,UK,GBP,CPI,49,cpi_headline_yoy,84,consumer_confidence,Consumer Confidence,Growth,6,72,-0.100402,0.100402,True,very_weak,2026-04-24T07:51:03.322738+00:00
3147,UK,GBP,CPI,49,cpi_headline_yoy,84,consumer_confidence,Consumer Confidence,Growth,4,74,-0.081937,0.081937,False,very_weak,2026-04-24T07:51:03.322738+00:00
3148,UK,GBP,CPI,49,cpi_headline_yoy,84,consumer_confidence,Consumer Confidence,Growth,5,73,-0.076564,0.076564,False,very_weak,2026-04-24T07:51:03.322738+00:00
3149,UK,GBP,CPI,49,cpi_headline_yoy,84,consumer_confidence,Consumer Confidence,Growth,3,75,-0.048939,0.048939,False,very_weak,2026-04-24T07:51:03.322738+00:00
3150,UK,GBP,CPI,49,cpi_headline_yoy,84,consumer_confidence,Consumer Confidence,Growth,2,76,-0.035040,0.035040,False,very_weak,2026-04-24T07:51:03.322738+00:00
3151,UK,GBP,CPI,49,cpi_headline_yoy,84,consumer_confidence,Consumer Confidence,Growth,1,77,-0.011443,0.011443,False,very_weak,2026-04-24T07:51:03.322738+00:00
3152,UK,GBP,CPI,49,cpi_headline_yoy,84,consumer_confidence,Consumer Confidence,Growth,0,78,0.010042,0.010042,False,very_weak,2026-04-24T07:51:03.322738+00:00
3153,UK,GBP,CPI,49,cpi_headline_yoy,85,retail_sales_yoy,Retail Sales (YoY),Growth,5,70,0.152382,0.152382,True,very_weak,2026-04-24T07:51:03.322738+00:00
3154,UK,GBP,CPI,49,cpi_headline_yoy,85,retail_sales_yoy,Retail Sales (YoY),Growth,6,69,0.146346,0.146346,False,very_weak,2026-04-24T07:51:03.322738+00:00
3155,UK,GBP,CPI,49,cpi_headline_yoy,85,retail_sales_yoy,Retail Sales (YoY),Growth,2,73,0.139388,0.139388,False,very_weak,2026-04-24T07:51:03.322738+00:00
3156,UK,GBP,CPI,49,cpi_headline_yoy,85,retail_sales_yoy,Retail Sales (YoY),Growth,3,72,0.136867,0.136867,False,very_weak,2026-04-24T07:51:03.322738+00:00
3157,UK,GBP,CPI,49,cpi_headline_yoy,85,retail_sales_yoy,Retail Sales (YoY),Growth,1,74,0.127781,0.127781,False,very_weak,2026-04-24T07:51:03.322738+00:00
3158,UK,GBP,CPI,49,cpi_headline_yoy,85,retail_sales_yoy,Retail Sales (YoY),Growth,4,71,0.125609,0.125609,False,very_weak,2026-04-24T07:51:03.322738+00:00
3159,UK,GBP,CPI,49,cpi_headline_yoy,86,retail_sales_ex_fuel_mom,Retail Sales Ex Fuel (MoM),Growth,6,71,0.130049,0.130049,True,very_weak,2026-04-24T07:51:03.322738+00:00
3160,UK,GBP,CPI,49,cpi_headline_yoy,86,retail_sales_ex_fuel_mom,Retail Sales Ex Fuel (MoM),Growth,2,75,0.125736,0.125736,False,very_weak,2026-04-24T07:51:03.322738+00:00
3161,UK,GBP,CPI,49,cpi_headline_yoy,86,retail_sales_ex_fuel_mom,Retail Sales Ex Fuel (MoM),Growth,1,76,0.125552,0.125552,False,very_weak,2026-04-24T07:51:03.322738+00:00
3162,UK,GBP,CPI,49,cpi_headline_yoy,86,retail_sales_ex_fuel_mom,Retail Sales Ex Fuel (MoM),Growth,4,73,0.125228,0.125228,False,very_weak,2026-04-24T07:51:03.322738+00:00
3163,UK,GBP,CPI,49,cpi_headline_yoy,86,retail_sales_ex_fuel_mom,Retail Sales Ex Fuel (MoM),Growth,3,74,0.124073,0.124073,False,very_weak,2026-04-24T07:51:03.322738+00:00
3164,UK,GBP,CPI,49,cpi_headline_yoy,86,retail_sales_ex_fuel_mom,Retail Sales Ex Fuel (MoM),Growth,5,72,0.120159,0.120159,False,very_weak,2026-04-24T07:51:03.322738+00:00
3165,UK,GBP,CPI,49,cpi_headline_yoy,87,retail_sales_ex_fuel_yoy,Retail Sales Ex Fuel (YoY),Growth,1,76,0.118350,0.118350,True,very_weak,2026-04-24T07:51:03.322738+00:00
3166,UK,GBP,CPI,49,cpi_headline_yoy,87,retail_sales_ex_fuel_yoy,Retail Sales Ex Fuel (YoY),Growth,2,75,0.115549,0.115549,False,very_weak,2026-04-24T07:51:03.322738+00:00
3167,UK,GBP,CPI,49,cpi_headline_yoy,87,retail_sales_ex_fuel_yoy,Retail Sales Ex Fuel (YoY),Growth,3,74,0.112550,0.112550,False,very_weak,2026-04-24T07:51:03.322738+00:00
3168,UK,GBP,CPI,49,cpi_headline_yoy,87,retail_sales_ex_fuel_yoy,Retail Sales Ex Fuel (YoY),Growth,4,73,0.105558,0.105558,False,very_weak,2026-04-24T07:51:03.322738+00:00
3169,UK,GBP,CPI,49,cpi_headline_yoy,87,retail_sales_ex_fuel_yoy,Retail Sales Ex Fuel (YoY),Growth,6,71,0.103717,0.103717,False,very_weak,2026-04-24T07:51:03.322738+00:00
3170,UK,GBP,CPI,49,cpi_headline_yoy,87,retail_sales_ex_fuel_yoy,Retail Sales Ex Fuel (YoY),Growth,5,72,0.099823,0.099823,False,very_weak,2026-04-24T07:51:03.322738+00:00
3171,UK,GBP,CPI,49,cpi_headline_yoy,185,niesr_monthly_gdp_tracker,NIESR Monthly GDP Tracker,Growth,6,82,-0.181762,0.181762,True,very_weak,2026-04-24T07:51:03.322738+00:00
3172,UK,GBP,CPI,49,cpi_headline_yoy,185,niesr_monthly_gdp_tracker,NIESR Monthly GDP Tracker,Growth,5,83,-0.160715,0.160715,False,very_weak,2026-04-24T07:51:03.322738+00:00
3173,UK,GBP,CPI,49,cpi_headline_yoy,185,niesr_monthly_gdp_tracker,NIESR Monthly GDP Tracker,Growth,4,84,-0.138500,0.138500,False,very_weak,2026-04-24T07:51:03.322738+00:00
3174,UK,GBP,CPI,49,cpi_headline_yoy,185,niesr_monthly_gdp_tracker,NIESR Monthly GDP Tracker,Growth,3,85,-0.136322,0.136322,False,very_weak,2026-04-24T07:51:03.322738+00:00
3175,UK,GBP,CPI,49,cpi_headline_yoy,185,niesr_monthly_gdp_tracker,NIESR Monthly GDP Tracker,Growth,2,85,-0.111561,0.111561,False,very_weak,2026-04-24T07:51:03.322738+00:00
3176,UK,GBP,CPI,49,cpi_headline_yoy,185,niesr_monthly_gdp_tracker,NIESR Monthly GDP Tracker,Growth,0,55,-0.095716,0.095716,False,very_weak,2026-04-24T07:51:03.322738+00:00
3177,UK,GBP,CPI,49,cpi_headline_yoy,185,niesr_monthly_gdp_tracker,NIESR Monthly GDP Tracker,Growth,1,81,-0.089940,0.089940,False,very_weak,2026-04-24T07:51:03.322738+00:00
3178,UK,GBP,CPI,49,cpi_headline_yoy,186,house_price_index_mom,House Price Index (MoM),Growth,0,75,-0.091260,0.091260,True,very_weak,2026-04-24T07:51:03.322738+00:00
3179,UK,GBP,CPI,49,cpi_headline_yoy,186,house_price_index_mom,House Price Index (MoM),Growth,4,81,-0.087970,0.087970,False,very_weak,2026-04-24T07:51:03.322738+00:00
3180,UK,GBP,CPI,49,cpi_headline_yoy,186,house_price_index_mom,House Price Index (MoM),Growth,5,79,-0.087486,0.087486,False,very_weak,2026-04-24T07:51:03.322738+00:00
3181,UK,GBP,CPI,49,cpi_headline_yoy,186,house_price_index_mom,House Price Index (MoM),Growth,1,76,-0.065195,0.065195,False,very_weak,2026-04-24T07:51:03.322738+00:00
3182,UK,GBP,CPI,49,cpi_headline_yoy,186,house_price_index_mom,House Price Index (MoM),Growth,6,75,-0.058913,0.058913,False,very_weak,2026-04-24T07:51:03.322738+00:00
3183,UK,GBP,CPI,49,cpi_headline_yoy,186,house_price_index_mom,House Price Index (MoM),Growth,3,80,-0.055074,0.055074,False,very_weak,2026-04-24T07:51:03.322738+00:00
3184,UK,GBP,CPI,49,cpi_headline_yoy,186,house_price_index_mom,House Price Index (MoM),Growth,2,78,-0.048510,0.048510,False,very_weak,2026-04-24T07:51:03.322738+00:00
3185,UK,GBP,CPI,50,cpi_headline_mom,48,core_cpi_yoy,Core CPI (YoY),Inflation,0,69,0.509869,0.509869,True,moderate,2026-04-24T07:51:03.322738+00:00
3186,UK,GBP,CPI,50,cpi_headline_mom,48,core_cpi_yoy,Core CPI (YoY),Inflation,5,67,0.298565,0.298565,False,weak,2026-04-24T07:51:03.322738+00:00
3187,UK,GBP,CPI,50,cpi_headline_mom,48,core_cpi_yoy,Core CPI (YoY),Inflation,2,69,0.284013,0.284013,False,weak,2026-04-24T07:51:03.322738+00:00
3188,UK,GBP,CPI,50,cpi_headline_mom,48,core_cpi_yoy,Core CPI (YoY),Inflation,6,66,0.230656,0.230656,False,very_weak,2026-04-24T07:51:03.322738+00:00
3189,UK,GBP,CPI,50,cpi_headline_mom,48,core_cpi_yoy,Core CPI (YoY),Inflation,1,69,0.217116,0.217116,False,very_weak,2026-04-24T07:51:03.322738+00:00
3190,UK,GBP,CPI,50,cpi_headline_mom,48,core_cpi_yoy,Core CPI (YoY),Inflation,3,68,0.210138,0.210138,False,very_weak,2026-04-24T07:51:03.322738+00:00
3191,UK,GBP,CPI,50,cpi_headline_mom,48,core_cpi_yoy,Core CPI (YoY),Inflation,4,68,0.152815,0.152815,False,very_weak,2026-04-24T07:51:03.322738+00:00
3192,UK,GBP,CPI,50,cpi_headline_mom,49,cpi_headline_yoy,Headline CPI (YoY),Inflation,0,74,0.443022,0.443022,True,weak,2026-04-24T07:51:03.322738+00:00
3193,UK,GBP,CPI,50,cpi_headline_mom,49,cpi_headline_yoy,Headline CPI (YoY),Inflation,6,66,0.419283,0.419283,False,weak,2026-04-24T07:51:03.322738+00:00
3194,UK,GBP,CPI,50,cpi_headline_mom,49,cpi_headline_yoy,Headline CPI (YoY),Inflation,2,72,0.329341,0.329341,False,weak,2026-04-24T07:51:03.322738+00:00
3195,UK,GBP,CPI,50,cpi_headline_mom,49,cpi_headline_yoy,Headline CPI (YoY),Inflation,5,67,0.295261,0.295261,False,weak,2026-04-24T07:51:03.322738+00:00
3196,UK,GBP,CPI,50,cpi_headline_mom,49,cpi_headline_yoy,Headline CPI (YoY),Inflation,3,69,0.268019,0.268019,False,weak,2026-04-24T07:51:03.322738+00:00
3197,UK,GBP,CPI,50,cpi_headline_mom,49,cpi_headline_yoy,Headline CPI (YoY),Inflation,4,68,0.258664,0.258664,False,weak,2026-04-24T07:51:03.322738+00:00
3198,UK,GBP,CPI,50,cpi_headline_mom,49,cpi_headline_yoy,Headline CPI (YoY),Inflation,1,74,0.210915,0.210915,False,very_weak,2026-04-24T07:51:03.322738+00:00
3199,UK,GBP,CPI,50,cpi_headline_mom,51,ppi_output_yoy,PPI Output (YoY),Inflation,6,56,0.391359,0.391359,True,weak,2026-04-24T07:51:03.322738+00:00
3200,UK,GBP,CPI,50,cpi_headline_mom,51,ppi_output_yoy,PPI Output (YoY),Inflation,5,58,0.286208,0.286208,False,weak,2026-04-24T07:51:03.322738+00:00
3201,UK,GBP,CPI,50,cpi_headline_mom,51,ppi_output_yoy,PPI Output (YoY),Inflation,3,61,0.215285,0.215285,False,very_weak,2026-04-24T07:51:03.322738+00:00
3202,UK,GBP,CPI,50,cpi_headline_mom,51,ppi_output_yoy,PPI Output (YoY),Inflation,0,60,0.119950,0.119950,False,very_weak,2026-04-24T07:51:03.322738+00:00
3203,UK,GBP,CPI,50,cpi_headline_mom,51,ppi_output_yoy,PPI Output (YoY),Inflation,1,62,0.083198,0.083198,False,very_weak,2026-04-24T07:51:03.322738+00:00
3204,UK,GBP,CPI,50,cpi_headline_mom,51,ppi_output_yoy,PPI Output (YoY),Inflation,4,60,0.076491,0.076491,False,very_weak,2026-04-24T07:51:03.322738+00:00
3205,UK,GBP,CPI,50,cpi_headline_mom,51,ppi_output_yoy,PPI Output (YoY),Inflation,2,62,0.045030,0.045030,False,very_weak,2026-04-24T07:51:03.322738+00:00
3206,UK,GBP,CPI,50,cpi_headline_mom,52,ppi_input_yoy,PPI Input (YoY),Inflation,5,58,0.302929,0.302929,True,weak,2026-04-24T07:51:03.322738+00:00
3207,UK,GBP,CPI,50,cpi_headline_mom,52,ppi_input_yoy,PPI Input (YoY),Inflation,6,56,0.284631,0.284631,False,weak,2026-04-24T07:51:03.322738+00:00
3208,UK,GBP,CPI,50,cpi_headline_mom,52,ppi_input_yoy,PPI Input (YoY),Inflation,1,62,0.222050,0.222050,False,very_weak,2026-04-24T07:51:03.322738+00:00
3209,UK,GBP,CPI,50,cpi_headline_mom,52,ppi_input_yoy,PPI Input (YoY),Inflation,0,60,0.208930,0.208930,False,very_weak,2026-04-24T07:51:03.322738+00:00
3210,UK,GBP,CPI,50,cpi_headline_mom,52,ppi_input_yoy,PPI Input (YoY),Inflation,3,61,0.148981,0.148981,False,very_weak,2026-04-24T07:51:03.322738+00:00
3211,UK,GBP,CPI,50,cpi_headline_mom,52,ppi_input_yoy,PPI Input (YoY),Inflation,4,60,0.148257,0.148257,False,very_weak,2026-04-24T07:51:03.322738+00:00
3212,UK,GBP,CPI,50,cpi_headline_mom,52,ppi_input_yoy,PPI Input (YoY),Inflation,2,62,-0.038781,0.038781,False,very_weak,2026-04-24T07:51:03.322738+00:00
3213,UK,GBP,CPI,50,cpi_headline_mom,53,unemployment_rate,Unemployment Rate,Labor,3,68,-0.375897,0.375897,True,weak,2026-04-24T07:51:03.322738+00:00
3214,UK,GBP,CPI,50,cpi_headline_mom,53,unemployment_rate,Unemployment Rate,Labor,2,69,-0.350969,0.350969,False,weak,2026-04-24T07:51:03.322738+00:00
3215,UK,GBP,CPI,50,cpi_headline_mom,53,unemployment_rate,Unemployment Rate,Labor,4,68,-0.287350,0.287350,False,weak,2026-04-24T07:51:03.322738+00:00
3216,UK,GBP,CPI,50,cpi_headline_mom,53,unemployment_rate,Unemployment Rate,Labor,6,66,-0.201946,0.201946,False,very_weak,2026-04-24T07:51:03.322738+00:00
3217,UK,GBP,CPI,50,cpi_headline_mom,53,unemployment_rate,Unemployment Rate,Labor,5,67,-0.185912,0.185912,False,very_weak,2026-04-24T07:51:03.322738+00:00
3218,UK,GBP,CPI,50,cpi_headline_mom,53,unemployment_rate,Unemployment Rate,Labor,1,61,-0.144723,0.144723,False,very_weak,2026-04-24T07:51:03.322738+00:00
3219,UK,GBP,CPI,50,cpi_headline_mom,54,claimant_count_change,Claimant Count Change,Labor,4,68,-0.187127,0.187127,True,very_weak,2026-04-24T07:51:03.322738+00:00
3220,UK,GBP,CPI,50,cpi_headline_mom,54,claimant_count_change,Claimant Count Change,Labor,0,62,-0.151439,0.151439,False,very_weak,2026-04-24T07:51:03.322738+00:00
3221,UK,GBP,CPI,50,cpi_headline_mom,54,claimant_count_change,Claimant Count Change,Labor,2,69,-0.072725,0.072725,False,very_weak,2026-04-24T07:51:03.322738+00:00
3222,UK,GBP,CPI,50,cpi_headline_mom,54,claimant_count_change,Claimant Count Change,Labor,6,66,-0.044435,0.044435,False,very_weak,2026-04-24T07:51:03.322738+00:00
3223,UK,GBP,CPI,50,cpi_headline_mom,54,claimant_count_change,Claimant Count Change,Labor,5,67,0.013252,0.013252,False,very_weak,2026-04-24T07:51:03.322738+00:00
3224,UK,GBP,CPI,50,cpi_headline_mom,54,claimant_count_change,Claimant Count Change,Labor,1,69,-0.012189,0.012189,False,very_weak,2026-04-24T07:51:03.322738+00:00
3225,UK,GBP,CPI,50,cpi_headline_mom,54,claimant_count_change,Claimant Count Change,Labor,3,68,0.002925,0.002925,False,very_weak,2026-04-24T07:51:03.322738+00:00
3226,UK,GBP,CPI,50,cpi_headline_mom,55,employment_change,Employment Change,Labor,2,64,0.215905,0.215905,True,very_weak,2026-04-24T07:51:03.322738+00:00
3227,UK,GBP,CPI,50,cpi_headline_mom,55,employment_change,Employment Change,Labor,1,25,-0.184673,0.184673,False,very_weak,2026-04-24T07:51:03.322738+00:00
3228,UK,GBP,CPI,50,cpi_headline_mom,55,employment_change,Employment Change,Labor,3,68,0.152408,0.152408,False,very_weak,2026-04-24T07:51:03.322738+00:00
3229,UK,GBP,CPI,50,cpi_headline_mom,55,employment_change,Employment Change,Labor,5,67,0.070059,0.070059,False,very_weak,2026-04-24T07:51:03.322738+00:00
3230,UK,GBP,CPI,50,cpi_headline_mom,55,employment_change,Employment Change,Labor,4,68,0.060724,0.060724,False,very_weak,2026-04-24T07:51:03.322738+00:00
3231,UK,GBP,CPI,50,cpi_headline_mom,55,employment_change,Employment Change,Labor,6,67,-0.000057,0.000057,False,very_weak,2026-04-24T07:51:03.322738+00:00
3232,UK,GBP,CPI,50,cpi_headline_mom,56,avg_earnings_incl_bonus,Average Earnings (incl. Bonus),Inflation,1,62,0.300707,0.300707,True,weak,2026-04-24T07:51:03.322738+00:00
3233,UK,GBP,CPI,50,cpi_headline_mom,56,avg_earnings_incl_bonus,Average Earnings (incl. Bonus),Inflation,6,66,0.162297,0.162297,False,very_weak,2026-04-24T07:51:03.322738+00:00
3234,UK,GBP,CPI,50,cpi_headline_mom,56,avg_earnings_incl_bonus,Average Earnings (incl. Bonus),Inflation,5,67,0.145415,0.145415,False,very_weak,2026-04-24T07:51:03.322738+00:00
3235,UK,GBP,CPI,50,cpi_headline_mom,56,avg_earnings_incl_bonus,Average Earnings (incl. Bonus),Inflation,4,67,0.070700,0.070700,False,very_weak,2026-04-24T07:51:03.322738+00:00
3236,UK,GBP,CPI,50,cpi_headline_mom,56,avg_earnings_incl_bonus,Average Earnings (incl. Bonus),Inflation,2,69,0.029582,0.029582,False,very_weak,2026-04-24T07:51:03.322738+00:00
3237,UK,GBP,CPI,50,cpi_headline_mom,56,avg_earnings_incl_bonus,Average Earnings (incl. Bonus),Inflation,3,68,0.017428,0.017428,False,very_weak,2026-04-24T07:51:03.322738+00:00
3238,UK,GBP,CPI,50,cpi_headline_mom,57,avg_earnings_excl_bonus,Average Earnings (excl. Bonus),Inflation,1,77,0.303339,0.303339,True,weak,2026-04-24T07:51:03.322738+00:00
3239,UK,GBP,CPI,50,cpi_headline_mom,57,avg_earnings_excl_bonus,Average Earnings (excl. Bonus),Inflation,4,83,0.195706,0.195706,False,very_weak,2026-04-24T07:51:03.322738+00:00
3240,UK,GBP,CPI,50,cpi_headline_mom,57,avg_earnings_excl_bonus,Average Earnings (excl. Bonus),Inflation,2,83,0.180896,0.180896,False,very_weak,2026-04-24T07:51:03.322738+00:00
3241,UK,GBP,CPI,50,cpi_headline_mom,57,avg_earnings_excl_bonus,Average Earnings (excl. Bonus),Inflation,6,81,0.164671,0.164671,False,very_weak,2026-04-24T07:51:03.322738+00:00
3242,UK,GBP,CPI,50,cpi_headline_mom,57,avg_earnings_excl_bonus,Average Earnings (excl. Bonus),Inflation,5,84,0.117299,0.117299,False,very_weak,2026-04-24T07:51:03.322738+00:00
3243,UK,GBP,CPI,50,cpi_headline_mom,57,avg_earnings_excl_bonus,Average Earnings (excl. Bonus),Inflation,3,84,0.111669,0.111669,False,very_weak,2026-04-24T07:51:03.322738+00:00
3244,UK,GBP,CPI,50,cpi_headline_mom,58,gdp_mom,GDP (MoM),Growth,5,62,0.155947,0.155947,True,very_weak,2026-04-24T07:51:03.322738+00:00
3245,UK,GBP,CPI,50,cpi_headline_mom,58,gdp_mom,GDP (MoM),Growth,1,60,0.104676,0.104676,False,very_weak,2026-04-24T07:51:03.322738+00:00
3246,UK,GBP,CPI,50,cpi_headline_mom,58,gdp_mom,GDP (MoM),Growth,3,64,0.081667,0.081667,False,very_weak,2026-04-24T07:51:03.322738+00:00
3247,UK,GBP,CPI,50,cpi_headline_mom,58,gdp_mom,GDP (MoM),Growth,2,65,-0.078900,0.078900,False,very_weak,2026-04-24T07:51:03.322738+00:00
3248,UK,GBP,CPI,50,cpi_headline_mom,58,gdp_mom,GDP (MoM),Growth,6,60,-0.057732,0.057732,False,very_weak,2026-04-24T07:51:03.322738+00:00
3249,UK,GBP,CPI,50,cpi_headline_mom,58,gdp_mom,GDP (MoM),Growth,4,63,0.052089,0.052089,False,very_weak,2026-04-24T07:51:03.322738+00:00
3250,UK,GBP,CPI,50,cpi_headline_mom,59,gdp_yoy,GDP (YoY),Growth,1,61,0.116503,0.116503,True,very_weak,2026-04-24T07:51:03.322738+00:00
3251,UK,GBP,CPI,50,cpi_headline_mom,59,gdp_yoy,GDP (YoY),Growth,2,61,0.099309,0.099309,False,very_weak,2026-04-24T07:51:03.322738+00:00
3252,UK,GBP,CPI,50,cpi_headline_mom,59,gdp_yoy,GDP (YoY),Growth,4,67,0.097918,0.097918,False,very_weak,2026-04-24T07:51:03.322738+00:00
3253,UK,GBP,CPI,50,cpi_headline_mom,59,gdp_yoy,GDP (YoY),Growth,3,68,0.062978,0.062978,False,very_weak,2026-04-24T07:51:03.322738+00:00
3254,UK,GBP,CPI,50,cpi_headline_mom,59,gdp_yoy,GDP (YoY),Growth,5,75,0.061432,0.061432,False,very_weak,2026-04-24T07:51:03.322738+00:00
3255,UK,GBP,CPI,50,cpi_headline_mom,59,gdp_yoy,GDP (YoY),Growth,6,75,0.038999,0.038999,False,very_weak,2026-04-24T07:51:03.322738+00:00
3256,UK,GBP,CPI,50,cpi_headline_mom,60,gdp_qoq,GDP (QoQ),Growth,4,20,0.519626,0.519626,True,moderate,2026-04-24T07:51:03.322738+00:00
3257,UK,GBP,CPI,50,cpi_headline_mom,60,gdp_qoq,GDP (QoQ),Growth,6,37,-0.151036,0.151036,False,very_weak,2026-04-24T07:51:03.322738+00:00
3258,UK,GBP,CPI,50,cpi_headline_mom,60,gdp_qoq,GDP (QoQ),Growth,3,16,0.074278,0.074278,False,very_weak,2026-04-24T07:51:03.322738+00:00
3259,UK,GBP,CPI,50,cpi_headline_mom,60,gdp_qoq,GDP (QoQ),Growth,5,40,0.002195,0.002195,False,very_weak,2026-04-24T07:51:03.322738+00:00
3260,UK,GBP,CPI,50,cpi_headline_mom,61,manufacturing_pmi,Manufacturing PMI,Growth,6,35,-0.511274,0.511274,True,moderate,2026-04-24T07:51:03.322738+00:00
3261,UK,GBP,CPI,50,cpi_headline_mom,61,manufacturing_pmi,Manufacturing PMI,Growth,1,39,-0.311600,0.311600,False,weak,2026-04-24T07:51:03.322738+00:00
3262,UK,GBP,CPI,50,cpi_headline_mom,61,manufacturing_pmi,Manufacturing PMI,Growth,3,41,-0.234167,0.234167,False,very_weak,2026-04-24T07:51:03.322738+00:00
3263,UK,GBP,CPI,50,cpi_headline_mom,61,manufacturing_pmi,Manufacturing PMI,Growth,4,40,0.145761,0.145761,False,very_weak,2026-04-24T07:51:03.322738+00:00
3264,UK,GBP,CPI,50,cpi_headline_mom,61,manufacturing_pmi,Manufacturing PMI,Growth,5,38,-0.115775,0.115775,False,very_weak,2026-04-24T07:51:03.322738+00:00
3265,UK,GBP,CPI,50,cpi_headline_mom,61,manufacturing_pmi,Manufacturing PMI,Growth,0,40,-0.085116,0.085116,False,very_weak,2026-04-24T07:51:03.322738+00:00
3266,UK,GBP,CPI,50,cpi_headline_mom,61,manufacturing_pmi,Manufacturing PMI,Growth,2,39,0.022479,0.022479,False,very_weak,2026-04-24T07:51:03.322738+00:00
3267,UK,GBP,CPI,50,cpi_headline_mom,62,services_pmi,Services PMI,Growth,1,44,0.437246,0.437246,True,weak,2026-04-24T07:51:03.322738+00:00
3268,UK,GBP,CPI,50,cpi_headline_mom,62,services_pmi,Services PMI,Growth,5,41,-0.371052,0.371052,False,weak,2026-04-24T07:51:03.322738+00:00
3269,UK,GBP,CPI,50,cpi_headline_mom,62,services_pmi,Services PMI,Growth,0,44,-0.229114,0.229114,False,very_weak,2026-04-24T07:51:03.322738+00:00
3270,UK,GBP,CPI,50,cpi_headline_mom,62,services_pmi,Services PMI,Growth,2,44,0.223182,0.223182,False,very_weak,2026-04-24T07:51:03.322738+00:00
3271,UK,GBP,CPI,50,cpi_headline_mom,62,services_pmi,Services PMI,Growth,6,38,-0.078480,0.078480,False,very_weak,2026-04-24T07:51:03.322738+00:00
3272,UK,GBP,CPI,50,cpi_headline_mom,62,services_pmi,Services PMI,Growth,3,46,-0.038638,0.038638,False,very_weak,2026-04-24T07:51:03.322738+00:00
3273,UK,GBP,CPI,50,cpi_headline_mom,62,services_pmi,Services PMI,Growth,4,43,0.037782,0.037782,False,very_weak,2026-04-24T07:51:03.322738+00:00
3274,UK,GBP,CPI,50,cpi_headline_mom,63,composite_pmi,Composite PMI,Growth,5,41,-0.538918,0.538918,True,moderate,2026-04-24T07:51:03.322738+00:00
3275,UK,GBP,CPI,50,cpi_headline_mom,63,composite_pmi,Composite PMI,Growth,1,44,0.355229,0.355229,False,weak,2026-04-24T07:51:03.322738+00:00
3276,UK,GBP,CPI,50,cpi_headline_mom,63,composite_pmi,Composite PMI,Growth,0,44,-0.319735,0.319735,False,weak,2026-04-24T07:51:03.322738+00:00
3277,UK,GBP,CPI,50,cpi_headline_mom,63,composite_pmi,Composite PMI,Growth,2,44,0.213844,0.213844,False,very_weak,2026-04-24T07:51:03.322738+00:00
3278,UK,GBP,CPI,50,cpi_headline_mom,63,composite_pmi,Composite PMI,Growth,3,46,-0.123029,0.123029,False,very_weak,2026-04-24T07:51:03.322738+00:00
3279,UK,GBP,CPI,50,cpi_headline_mom,63,composite_pmi,Composite PMI,Growth,6,38,-0.105265,0.105265,False,very_weak,2026-04-24T07:51:03.322738+00:00
3280,UK,GBP,CPI,50,cpi_headline_mom,63,composite_pmi,Composite PMI,Growth,4,43,0.056509,0.056509,False,very_weak,2026-04-24T07:51:03.322738+00:00
3281,UK,GBP,CPI,50,cpi_headline_mom,64,retail_sales_mom,Retail Sales (MoM),Growth,1,67,0.165299,0.165299,True,very_weak,2026-04-24T07:51:03.322738+00:00
3282,UK,GBP,CPI,50,cpi_headline_mom,64,retail_sales_mom,Retail Sales (MoM),Growth,4,66,0.092399,0.092399,False,very_weak,2026-04-24T07:51:03.322738+00:00
3283,UK,GBP,CPI,50,cpi_headline_mom,64,retail_sales_mom,Retail Sales (MoM),Growth,5,65,0.082508,0.082508,False,very_weak,2026-04-24T07:51:03.322738+00:00
3284,UK,GBP,CPI,50,cpi_headline_mom,64,retail_sales_mom,Retail Sales (MoM),Growth,3,66,0.071866,0.071866,False,very_weak,2026-04-24T07:51:03.322738+00:00
3285,UK,GBP,CPI,50,cpi_headline_mom,64,retail_sales_mom,Retail Sales (MoM),Growth,6,65,0.065069,0.065069,False,very_weak,2026-04-24T07:51:03.322738+00:00
3286,UK,GBP,CPI,50,cpi_headline_mom,64,retail_sales_mom,Retail Sales (MoM),Growth,2,67,0.030027,0.030027,False,very_weak,2026-04-24T07:51:03.322738+00:00
3287,UK,GBP,CPI,50,cpi_headline_mom,65,industrial_production_yoy,Industrial Production (YoY),Growth,4,68,0.145288,0.145288,True,very_weak,2026-04-24T07:51:03.322738+00:00
3288,UK,GBP,CPI,50,cpi_headline_mom,65,industrial_production_yoy,Industrial Production (YoY),Growth,5,68,0.104377,0.104377,False,very_weak,2026-04-24T07:51:03.322738+00:00
3289,UK,GBP,CPI,50,cpi_headline_mom,65,industrial_production_yoy,Industrial Production (YoY),Growth,6,67,-0.080540,0.080540,False,very_weak,2026-04-24T07:51:03.322738+00:00
3290,UK,GBP,CPI,50,cpi_headline_mom,65,industrial_production_yoy,Industrial Production (YoY),Growth,2,69,-0.075284,0.075284,False,very_weak,2026-04-24T07:51:03.322738+00:00
3291,UK,GBP,CPI,50,cpi_headline_mom,65,industrial_production_yoy,Industrial Production (YoY),Growth,3,69,0.057034,0.057034,False,very_weak,2026-04-24T07:51:03.322738+00:00
3292,UK,GBP,CPI,50,cpi_headline_mom,65,industrial_production_yoy,Industrial Production (YoY),Growth,1,67,0.012194,0.012194,False,very_weak,2026-04-24T07:51:03.322738+00:00
3293,UK,GBP,CPI,50,cpi_headline_mom,68,nationwide_hpi_yoy,Nationwide House Prices (YoY),Growth,1,68,0.170589,0.170589,True,very_weak,2026-04-24T07:51:03.322738+00:00
3294,UK,GBP,CPI,50,cpi_headline_mom,68,nationwide_hpi_yoy,Nationwide House Prices (YoY),Growth,2,68,0.142300,0.142300,False,very_weak,2026-04-24T07:51:03.322738+00:00
3295,UK,GBP,CPI,50,cpi_headline_mom,68,nationwide_hpi_yoy,Nationwide House Prices (YoY),Growth,0,69,-0.105751,0.105751,False,very_weak,2026-04-24T07:51:03.322738+00:00
3296,UK,GBP,CPI,50,cpi_headline_mom,68,nationwide_hpi_yoy,Nationwide House Prices (YoY),Growth,5,66,0.098355,0.098355,False,very_weak,2026-04-24T07:51:03.322738+00:00
3297,UK,GBP,CPI,50,cpi_headline_mom,68,nationwide_hpi_yoy,Nationwide House Prices (YoY),Growth,3,67,0.081312,0.081312,False,very_weak,2026-04-24T07:51:03.322738+00:00
3298,UK,GBP,CPI,50,cpi_headline_mom,68,nationwide_hpi_yoy,Nationwide House Prices (YoY),Growth,6,65,-0.027852,0.027852,False,very_weak,2026-04-24T07:51:03.322738+00:00
3299,UK,GBP,CPI,50,cpi_headline_mom,68,nationwide_hpi_yoy,Nationwide House Prices (YoY),Growth,4,67,-0.013459,0.013459,False,very_weak,2026-04-24T07:51:03.322738+00:00
3300,UK,GBP,CPI,50,cpi_headline_mom,70,hmrc_payrolls_change,HMRC Payrolls Change,Labor,0,36,-0.364913,0.364913,True,weak,2026-04-24T07:51:03.322738+00:00
3301,UK,GBP,CPI,50,cpi_headline_mom,70,hmrc_payrolls_change,HMRC Payrolls Change,Labor,3,36,0.265065,0.265065,False,weak,2026-04-24T07:51:03.322738+00:00
3302,UK,GBP,CPI,50,cpi_headline_mom,70,hmrc_payrolls_change,HMRC Payrolls Change,Labor,2,37,0.260984,0.260984,False,weak,2026-04-24T07:51:03.322738+00:00
3303,UK,GBP,CPI,50,cpi_headline_mom,70,hmrc_payrolls_change,HMRC Payrolls Change,Labor,6,33,-0.260969,0.260969,False,weak,2026-04-24T07:51:03.322738+00:00
3304,UK,GBP,CPI,50,cpi_headline_mom,70,hmrc_payrolls_change,HMRC Payrolls Change,Labor,5,34,-0.225255,0.225255,False,very_weak,2026-04-24T07:51:03.322738+00:00
3305,UK,GBP,CPI,50,cpi_headline_mom,70,hmrc_payrolls_change,HMRC Payrolls Change,Labor,1,38,0.060644,0.060644,False,very_weak,2026-04-24T07:51:03.322738+00:00
3306,UK,GBP,CPI,50,cpi_headline_mom,70,hmrc_payrolls_change,HMRC Payrolls Change,Labor,4,35,-0.057343,0.057343,False,very_weak,2026-04-24T07:51:03.322738+00:00
3307,UK,GBP,CPI,50,cpi_headline_mom,71,core_cpi_mom,Core CPI (MoM),Inflation,0,66,0.633030,0.633030,True,moderate,2026-04-24T07:51:03.322738+00:00
3308,UK,GBP,CPI,50,cpi_headline_mom,71,core_cpi_mom,Core CPI (MoM),Inflation,3,62,-0.434280,0.434280,False,weak,2026-04-24T07:51:03.322738+00:00
3309,UK,GBP,CPI,50,cpi_headline_mom,71,core_cpi_mom,Core CPI (MoM),Inflation,6,60,0.314144,0.314144,False,weak,2026-04-24T07:51:03.322738+00:00
3310,UK,GBP,CPI,50,cpi_headline_mom,71,core_cpi_mom,Core CPI (MoM),Inflation,2,63,0.168533,0.168533,False,very_weak,2026-04-24T07:51:03.322738+00:00
3311,UK,GBP,CPI,50,cpi_headline_mom,71,core_cpi_mom,Core CPI (MoM),Inflation,4,61,-0.104569,0.104569,False,very_weak,2026-04-24T07:51:03.322738+00:00
3312,UK,GBP,CPI,50,cpi_headline_mom,71,core_cpi_mom,Core CPI (MoM),Inflation,1,64,-0.079719,0.079719,False,very_weak,2026-04-24T07:51:03.322738+00:00
3313,UK,GBP,CPI,50,cpi_headline_mom,71,core_cpi_mom,Core CPI (MoM),Inflation,5,62,0.022470,0.022470,False,very_weak,2026-04-24T07:51:03.322738+00:00
3314,UK,GBP,CPI,50,cpi_headline_mom,72,core_rpi_mom,Core RPI (MoM),Inflation,0,19,0.863456,0.863456,True,strong,2026-04-24T07:51:03.322738+00:00
3315,UK,GBP,CPI,50,cpi_headline_mom,72,core_rpi_mom,Core RPI (MoM),Inflation,2,20,0.521872,0.521872,False,moderate,2026-04-24T07:51:03.322738+00:00
3316,UK,GBP,CPI,50,cpi_headline_mom,72,core_rpi_mom,Core RPI (MoM),Inflation,1,21,-0.316799,0.316799,False,weak,2026-04-24T07:51:03.322738+00:00
3317,UK,GBP,CPI,50,cpi_headline_mom,72,core_rpi_mom,Core RPI (MoM),Inflation,3,19,-0.277013,0.277013,False,weak,2026-04-24T07:51:03.322738+00:00
3318,UK,GBP,CPI,50,cpi_headline_mom,72,core_rpi_mom,Core RPI (MoM),Inflation,4,17,0.225198,0.225198,False,very_weak,2026-04-24T07:51:03.322738+00:00
3319,UK,GBP,CPI,50,cpi_headline_mom,72,core_rpi_mom,Core RPI (MoM),Inflation,5,16,-0.177915,0.177915,False,very_weak,2026-04-24T07:51:03.322738+00:00
3320,UK,GBP,CPI,50,cpi_headline_mom,72,core_rpi_mom,Core RPI (MoM),Inflation,6,15,0.110122,0.110122,False,very_weak,2026-04-24T07:51:03.322738+00:00
3321,UK,GBP,CPI,50,cpi_headline_mom,73,core_rpi_yoy,Core RPI (YoY),Inflation,0,21,0.509028,0.509028,True,moderate,2026-04-24T07:51:03.322738+00:00
3322,UK,GBP,CPI,50,cpi_headline_mom,73,core_rpi_yoy,Core RPI (YoY),Inflation,2,21,0.323000,0.323000,False,weak,2026-04-24T07:51:03.322738+00:00
3323,UK,GBP,CPI,50,cpi_headline_mom,73,core_rpi_yoy,Core RPI (YoY),Inflation,5,18,-0.193094,0.193094,False,very_weak,2026-04-24T07:51:03.322738+00:00
3324,UK,GBP,CPI,50,cpi_headline_mom,73,core_rpi_yoy,Core RPI (YoY),Inflation,6,17,-0.130659,0.130659,False,very_weak,2026-04-24T07:51:03.322738+00:00
3325,UK,GBP,CPI,50,cpi_headline_mom,73,core_rpi_yoy,Core RPI (YoY),Inflation,1,23,-0.098856,0.098856,False,very_weak,2026-04-24T07:51:03.322738+00:00
3326,UK,GBP,CPI,50,cpi_headline_mom,73,core_rpi_yoy,Core RPI (YoY),Inflation,3,21,0.084017,0.084017,False,very_weak,2026-04-24T07:51:03.322738+00:00
3327,UK,GBP,CPI,50,cpi_headline_mom,73,core_rpi_yoy,Core RPI (YoY),Inflation,4,19,-0.016175,0.016175,False,very_weak,2026-04-24T07:51:03.322738+00:00
3328,UK,GBP,CPI,50,cpi_headline_mom,74,ppi_core_output_mom,PPI Core Output (MoM),Inflation,1,49,0.321956,0.321956,True,weak,2026-04-24T07:51:03.322738+00:00
3329,UK,GBP,CPI,50,cpi_headline_mom,74,ppi_core_output_mom,PPI Core Output (MoM),Inflation,3,47,0.118011,0.118011,False,very_weak,2026-04-24T07:51:03.322738+00:00
3330,UK,GBP,CPI,50,cpi_headline_mom,74,ppi_core_output_mom,PPI Core Output (MoM),Inflation,6,45,0.080714,0.080714,False,very_weak,2026-04-24T07:51:03.322738+00:00
3331,UK,GBP,CPI,50,cpi_headline_mom,74,ppi_core_output_mom,PPI Core Output (MoM),Inflation,5,48,0.060013,0.060013,False,very_weak,2026-04-24T07:51:03.322738+00:00
3332,UK,GBP,CPI,50,cpi_headline_mom,74,ppi_core_output_mom,PPI Core Output (MoM),Inflation,2,49,-0.040530,0.040530,False,very_weak,2026-04-24T07:51:03.322738+00:00
3333,UK,GBP,CPI,50,cpi_headline_mom,74,ppi_core_output_mom,PPI Core Output (MoM),Inflation,4,48,-0.028588,0.028588,False,very_weak,2026-04-24T07:51:03.322738+00:00
3334,UK,GBP,CPI,50,cpi_headline_mom,74,ppi_core_output_mom,PPI Core Output (MoM),Inflation,0,49,-0.012116,0.012116,False,very_weak,2026-04-24T07:51:03.322738+00:00
3335,UK,GBP,CPI,50,cpi_headline_mom,75,ppi_core_output_yoy,PPI Core Output (YoY),Inflation,6,55,0.308583,0.308583,True,weak,2026-04-24T07:51:03.322738+00:00
3336,UK,GBP,CPI,50,cpi_headline_mom,75,ppi_core_output_yoy,PPI Core Output (YoY),Inflation,5,57,0.165181,0.165181,False,very_weak,2026-04-24T07:51:03.322738+00:00
3337,UK,GBP,CPI,50,cpi_headline_mom,75,ppi_core_output_yoy,PPI Core Output (YoY),Inflation,4,59,-0.132157,0.132157,False,very_weak,2026-04-24T07:51:03.322738+00:00
3338,UK,GBP,CPI,50,cpi_headline_mom,75,ppi_core_output_yoy,PPI Core Output (YoY),Inflation,0,59,0.069943,0.069943,False,very_weak,2026-04-24T07:51:03.322738+00:00
3339,UK,GBP,CPI,50,cpi_headline_mom,75,ppi_core_output_yoy,PPI Core Output (YoY),Inflation,2,62,-0.066361,0.066361,False,very_weak,2026-04-24T07:51:03.322738+00:00
3340,UK,GBP,CPI,50,cpi_headline_mom,75,ppi_core_output_yoy,PPI Core Output (YoY),Inflation,3,60,0.062749,0.062749,False,very_weak,2026-04-24T07:51:03.322738+00:00
3341,UK,GBP,CPI,50,cpi_headline_mom,75,ppi_core_output_yoy,PPI Core Output (YoY),Inflation,1,61,0.056630,0.056630,False,very_weak,2026-04-24T07:51:03.322738+00:00
3342,UK,GBP,CPI,50,cpi_headline_mom,76,ppi_input_mom,PPI Input (MoM),Inflation,1,60,0.502455,0.502455,True,moderate,2026-04-24T07:51:03.322738+00:00
3343,UK,GBP,CPI,50,cpi_headline_mom,76,ppi_input_mom,PPI Input (MoM),Inflation,6,54,0.165689,0.165689,False,very_weak,2026-04-24T07:51:03.322738+00:00
3344,UK,GBP,CPI,50,cpi_headline_mom,76,ppi_input_mom,PPI Input (MoM),Inflation,5,56,0.141301,0.141301,False,very_weak,2026-04-24T07:51:03.322738+00:00
3345,UK,GBP,CPI,50,cpi_headline_mom,76,ppi_input_mom,PPI Input (MoM),Inflation,0,58,0.101057,0.101057,False,very_weak,2026-04-24T07:51:03.322738+00:00
3346,UK,GBP,CPI,50,cpi_headline_mom,76,ppi_input_mom,PPI Input (MoM),Inflation,4,59,-0.066752,0.066752,False,very_weak,2026-04-24T07:51:03.322738+00:00
3347,UK,GBP,CPI,50,cpi_headline_mom,76,ppi_input_mom,PPI Input (MoM),Inflation,3,59,-0.018445,0.018445,False,very_weak,2026-04-24T07:51:03.322738+00:00
3348,UK,GBP,CPI,50,cpi_headline_mom,76,ppi_input_mom,PPI Input (MoM),Inflation,2,60,-0.005756,0.005756,False,very_weak,2026-04-24T07:51:03.322738+00:00
3349,UK,GBP,CPI,50,cpi_headline_mom,77,ppi_output_mom,PPI Output (MoM),Inflation,1,51,0.256038,0.256038,True,weak,2026-04-24T07:51:03.322738+00:00
3350,UK,GBP,CPI,50,cpi_headline_mom,77,ppi_output_mom,PPI Output (MoM),Inflation,6,50,0.234077,0.234077,False,very_weak,2026-04-24T07:51:03.322738+00:00
3351,UK,GBP,CPI,50,cpi_headline_mom,77,ppi_output_mom,PPI Output (MoM),Inflation,5,49,0.218383,0.218383,False,very_weak,2026-04-24T07:51:03.322738+00:00
3352,UK,GBP,CPI,50,cpi_headline_mom,77,ppi_output_mom,PPI Output (MoM),Inflation,2,52,-0.188455,0.188455,False,very_weak,2026-04-24T07:51:03.322738+00:00
3353,UK,GBP,CPI,50,cpi_headline_mom,77,ppi_output_mom,PPI Output (MoM),Inflation,0,51,0.130296,0.130296,False,very_weak,2026-04-24T07:51:03.322738+00:00
3354,UK,GBP,CPI,50,cpi_headline_mom,77,ppi_output_mom,PPI Output (MoM),Inflation,3,51,0.060663,0.060663,False,very_weak,2026-04-24T07:51:03.322738+00:00
3355,UK,GBP,CPI,50,cpi_headline_mom,77,ppi_output_mom,PPI Output (MoM),Inflation,4,50,-0.042326,0.042326,False,very_weak,2026-04-24T07:51:03.322738+00:00
3356,UK,GBP,CPI,50,cpi_headline_mom,78,retail_price_index_mom,Retail Price Index (MoM),Inflation,0,66,0.790748,0.790748,True,strong,2026-04-24T07:51:03.322738+00:00
3357,UK,GBP,CPI,50,cpi_headline_mom,78,retail_price_index_mom,Retail Price Index (MoM),Inflation,6,63,0.529737,0.529737,False,moderate,2026-04-24T07:51:03.322738+00:00
3358,UK,GBP,CPI,50,cpi_headline_mom,78,retail_price_index_mom,Retail Price Index (MoM),Inflation,4,64,0.225751,0.225751,False,very_weak,2026-04-24T07:51:03.322738+00:00
3359,UK,GBP,CPI,50,cpi_headline_mom,78,retail_price_index_mom,Retail Price Index (MoM),Inflation,3,64,-0.171006,0.171006,False,very_weak,2026-04-24T07:51:03.322738+00:00
3360,UK,GBP,CPI,50,cpi_headline_mom,78,retail_price_index_mom,Retail Price Index (MoM),Inflation,2,65,0.138748,0.138748,False,very_weak,2026-04-24T07:51:03.322738+00:00
3361,UK,GBP,CPI,50,cpi_headline_mom,78,retail_price_index_mom,Retail Price Index (MoM),Inflation,5,63,0.089217,0.089217,False,very_weak,2026-04-24T07:51:03.322738+00:00
3362,UK,GBP,CPI,50,cpi_headline_mom,78,retail_price_index_mom,Retail Price Index (MoM),Inflation,1,66,0.011972,0.011972,False,very_weak,2026-04-24T07:51:03.322738+00:00
3363,UK,GBP,CPI,50,cpi_headline_mom,79,retail_price_index_yoy,Retail Price Index (YoY),Inflation,6,66,0.439405,0.439405,True,weak,2026-04-24T07:51:03.322738+00:00
3364,UK,GBP,CPI,50,cpi_headline_mom,79,retail_price_index_yoy,Retail Price Index (YoY),Inflation,0,69,0.429277,0.429277,False,weak,2026-04-24T07:51:03.322738+00:00
3365,UK,GBP,CPI,50,cpi_headline_mom,79,retail_price_index_yoy,Retail Price Index (YoY),Inflation,2,69,0.314543,0.314543,False,weak,2026-04-24T07:51:03.322738+00:00
3366,UK,GBP,CPI,50,cpi_headline_mom,79,retail_price_index_yoy,Retail Price Index (YoY),Inflation,4,68,0.290409,0.290409,False,weak,2026-04-24T07:51:03.322738+00:00
3367,UK,GBP,CPI,50,cpi_headline_mom,79,retail_price_index_yoy,Retail Price Index (YoY),Inflation,3,68,0.272731,0.272731,False,weak,2026-04-24T07:51:03.322738+00:00
3368,UK,GBP,CPI,50,cpi_headline_mom,79,retail_price_index_yoy,Retail Price Index (YoY),Inflation,5,67,0.262260,0.262260,False,weak,2026-04-24T07:51:03.322738+00:00
3369,UK,GBP,CPI,50,cpi_headline_mom,79,retail_price_index_yoy,Retail Price Index (YoY),Inflation,1,69,0.159610,0.159610,False,very_weak,2026-04-24T07:51:03.322738+00:00
3370,UK,GBP,CPI,50,cpi_headline_mom,80,house_price_index_yoy,House Price Index (YoY),Growth,2,86,0.190838,0.190838,True,very_weak,2026-04-24T07:51:03.322738+00:00
3371,UK,GBP,CPI,50,cpi_headline_mom,80,house_price_index_yoy,House Price Index (YoY),Growth,4,86,0.188111,0.188111,False,very_weak,2026-04-24T07:51:03.322738+00:00
3372,UK,GBP,CPI,50,cpi_headline_mom,80,house_price_index_yoy,House Price Index (YoY),Growth,6,81,0.126770,0.126770,False,very_weak,2026-04-24T07:51:03.322738+00:00
3373,UK,GBP,CPI,50,cpi_headline_mom,80,house_price_index_yoy,House Price Index (YoY),Growth,3,88,0.094587,0.094587,False,very_weak,2026-04-24T07:51:03.322738+00:00
3374,UK,GBP,CPI,50,cpi_headline_mom,80,house_price_index_yoy,House Price Index (YoY),Growth,0,80,-0.025198,0.025198,False,very_weak,2026-04-24T07:51:03.322738+00:00
3375,UK,GBP,CPI,50,cpi_headline_mom,80,house_price_index_yoy,House Price Index (YoY),Growth,1,82,-0.005503,0.005503,False,very_weak,2026-04-24T07:51:03.322738+00:00
3376,UK,GBP,CPI,50,cpi_headline_mom,80,house_price_index_yoy,House Price Index (YoY),Growth,5,84,-0.003413,0.003413,False,very_weak,2026-04-24T07:51:03.322738+00:00
3377,UK,GBP,CPI,50,cpi_headline_mom,81,public_sector_net_borrowing,Public Sector Net Borrowing,Growth,3,60,0.370167,0.370167,True,weak,2026-04-24T07:51:03.322738+00:00
3378,UK,GBP,CPI,50,cpi_headline_mom,81,public_sector_net_borrowing,Public Sector Net Borrowing,Growth,6,63,-0.241345,0.241345,False,very_weak,2026-04-24T07:51:03.322738+00:00
3379,UK,GBP,CPI,50,cpi_headline_mom,81,public_sector_net_borrowing,Public Sector Net Borrowing,Growth,2,64,0.186580,0.186580,False,very_weak,2026-04-24T07:51:03.322738+00:00
3380,UK,GBP,CPI,50,cpi_headline_mom,81,public_sector_net_borrowing,Public Sector Net Borrowing,Growth,0,11,-0.149761,0.149761,False,very_weak,2026-04-24T07:51:03.322738+00:00
3381,UK,GBP,CPI,50,cpi_headline_mom,81,public_sector_net_borrowing,Public Sector Net Borrowing,Growth,1,64,0.130709,0.130709,False,very_weak,2026-04-24T07:51:03.322738+00:00
3382,UK,GBP,CPI,50,cpi_headline_mom,81,public_sector_net_borrowing,Public Sector Net Borrowing,Growth,4,61,0.110906,0.110906,False,very_weak,2026-04-24T07:51:03.322738+00:00
3383,UK,GBP,CPI,50,cpi_headline_mom,81,public_sector_net_borrowing,Public Sector Net Borrowing,Growth,5,61,-0.013250,0.013250,False,very_weak,2026-04-24T07:51:03.322738+00:00
3384,UK,GBP,CPI,50,cpi_headline_mom,82,cbi_business_optimism,CBI Business Optimism Index,Growth,0,21,-0.396210,0.396210,True,weak,2026-04-24T07:51:03.322738+00:00
3385,UK,GBP,CPI,50,cpi_headline_mom,82,cbi_business_optimism,CBI Business Optimism Index,Growth,6,19,-0.227953,0.227953,False,very_weak,2026-04-24T07:51:03.322738+00:00
3386,UK,GBP,CPI,50,cpi_headline_mom,82,cbi_business_optimism,CBI Business Optimism Index,Growth,3,19,-0.177096,0.177096,False,very_weak,2026-04-24T07:51:03.322738+00:00
3387,UK,GBP,CPI,50,cpi_headline_mom,82,cbi_business_optimism,CBI Business Optimism Index,Growth,1,23,0.144261,0.144261,False,very_weak,2026-04-24T07:51:03.322738+00:00
3388,UK,GBP,CPI,50,cpi_headline_mom,82,cbi_business_optimism,CBI Business Optimism Index,Growth,4,22,-0.106889,0.106889,False,very_weak,2026-04-24T07:51:03.322738+00:00
3389,UK,GBP,CPI,50,cpi_headline_mom,82,cbi_business_optimism,CBI Business Optimism Index,Growth,5,20,-0.087221,0.087221,False,very_weak,2026-04-24T07:51:03.322738+00:00
3390,UK,GBP,CPI,50,cpi_headline_mom,82,cbi_business_optimism,CBI Business Optimism Index,Growth,2,21,-0.047941,0.047941,False,very_weak,2026-04-24T07:51:03.322738+00:00
3391,UK,GBP,CPI,50,cpi_headline_mom,83,cbi_industrial_trends_orders,CBI Industrial Trends Orders,Growth,5,66,0.199728,0.199728,True,very_weak,2026-04-24T07:51:03.322738+00:00
3392,UK,GBP,CPI,50,cpi_headline_mom,83,cbi_industrial_trends_orders,CBI Industrial Trends Orders,Growth,6,65,-0.110225,0.110225,False,very_weak,2026-04-24T07:51:03.322738+00:00
3393,UK,GBP,CPI,50,cpi_headline_mom,83,cbi_industrial_trends_orders,CBI Industrial Trends Orders,Growth,3,68,0.084806,0.084806,False,very_weak,2026-04-24T07:51:03.322738+00:00
3394,UK,GBP,CPI,50,cpi_headline_mom,83,cbi_industrial_trends_orders,CBI Industrial Trends Orders,Growth,0,69,-0.083894,0.083894,False,very_weak,2026-04-24T07:51:03.322738+00:00
3395,UK,GBP,CPI,50,cpi_headline_mom,83,cbi_industrial_trends_orders,CBI Industrial Trends Orders,Growth,1,69,-0.070546,0.070546,False,very_weak,2026-04-24T07:51:03.322738+00:00
3396,UK,GBP,CPI,50,cpi_headline_mom,83,cbi_industrial_trends_orders,CBI Industrial Trends Orders,Growth,4,67,-0.028401,0.028401,False,very_weak,2026-04-24T07:51:03.322738+00:00
3397,UK,GBP,CPI,50,cpi_headline_mom,83,cbi_industrial_trends_orders,CBI Industrial Trends Orders,Growth,2,68,-0.027030,0.027030,False,very_weak,2026-04-24T07:51:03.322738+00:00
3398,UK,GBP,CPI,50,cpi_headline_mom,84,consumer_confidence,Consumer Confidence,Growth,0,69,-0.263246,0.263246,True,weak,2026-04-24T07:51:03.322738+00:00
3399,UK,GBP,CPI,50,cpi_headline_mom,84,consumer_confidence,Consumer Confidence,Growth,2,69,-0.195668,0.195668,False,very_weak,2026-04-24T07:51:03.322738+00:00
3400,UK,GBP,CPI,50,cpi_headline_mom,84,consumer_confidence,Consumer Confidence,Growth,6,67,-0.184697,0.184697,False,very_weak,2026-04-24T07:51:03.322738+00:00
3401,UK,GBP,CPI,50,cpi_headline_mom,84,consumer_confidence,Consumer Confidence,Growth,1,71,-0.078874,0.078874,False,very_weak,2026-04-24T07:51:03.322738+00:00
3402,UK,GBP,CPI,50,cpi_headline_mom,84,consumer_confidence,Consumer Confidence,Growth,4,69,-0.069017,0.069017,False,very_weak,2026-04-24T07:51:03.322738+00:00
3403,UK,GBP,CPI,50,cpi_headline_mom,84,consumer_confidence,Consumer Confidence,Growth,5,67,-0.007618,0.007618,False,very_weak,2026-04-24T07:51:03.322738+00:00
3404,UK,GBP,CPI,50,cpi_headline_mom,84,consumer_confidence,Consumer Confidence,Growth,3,70,-0.000722,0.000722,False,very_weak,2026-04-24T07:51:03.322738+00:00
3405,UK,GBP,CPI,50,cpi_headline_mom,85,retail_sales_yoy,Retail Sales (YoY),Growth,5,65,0.151750,0.151750,True,very_weak,2026-04-24T07:51:03.322738+00:00
3406,UK,GBP,CPI,50,cpi_headline_mom,85,retail_sales_yoy,Retail Sales (YoY),Growth,1,68,0.126509,0.126509,False,very_weak,2026-04-24T07:51:03.322738+00:00
3407,UK,GBP,CPI,50,cpi_headline_mom,85,retail_sales_yoy,Retail Sales (YoY),Growth,2,67,0.104166,0.104166,False,very_weak,2026-04-24T07:51:03.322738+00:00
3408,UK,GBP,CPI,50,cpi_headline_mom,85,retail_sales_yoy,Retail Sales (YoY),Growth,3,67,0.078068,0.078068,False,very_weak,2026-04-24T07:51:03.322738+00:00
3409,UK,GBP,CPI,50,cpi_headline_mom,85,retail_sales_yoy,Retail Sales (YoY),Growth,6,64,-0.008027,0.008027,False,very_weak,2026-04-24T07:51:03.322738+00:00
3410,UK,GBP,CPI,50,cpi_headline_mom,85,retail_sales_yoy,Retail Sales (YoY),Growth,4,66,-0.005573,0.005573,False,very_weak,2026-04-24T07:51:03.322738+00:00
3411,UK,GBP,CPI,50,cpi_headline_mom,86,retail_sales_ex_fuel_mom,Retail Sales Ex Fuel (MoM),Growth,1,69,0.170588,0.170588,True,very_weak,2026-04-24T07:51:03.322738+00:00
3412,UK,GBP,CPI,50,cpi_headline_mom,86,retail_sales_ex_fuel_mom,Retail Sales Ex Fuel (MoM),Growth,6,66,0.107893,0.107893,False,very_weak,2026-04-24T07:51:03.322738+00:00
3413,UK,GBP,CPI,50,cpi_headline_mom,86,retail_sales_ex_fuel_mom,Retail Sales Ex Fuel (MoM),Growth,4,68,0.091621,0.091621,False,very_weak,2026-04-24T07:51:03.322738+00:00
3414,UK,GBP,CPI,50,cpi_headline_mom,86,retail_sales_ex_fuel_mom,Retail Sales Ex Fuel (MoM),Growth,3,68,0.037850,0.037850,False,very_weak,2026-04-24T07:51:03.322738+00:00
3415,UK,GBP,CPI,50,cpi_headline_mom,86,retail_sales_ex_fuel_mom,Retail Sales Ex Fuel (MoM),Growth,2,69,0.034399,0.034399,False,very_weak,2026-04-24T07:51:03.322738+00:00
3416,UK,GBP,CPI,50,cpi_headline_mom,86,retail_sales_ex_fuel_mom,Retail Sales Ex Fuel (MoM),Growth,5,67,0.014070,0.014070,False,very_weak,2026-04-24T07:51:03.322738+00:00
3417,UK,GBP,CPI,50,cpi_headline_mom,87,retail_sales_ex_fuel_yoy,Retail Sales Ex Fuel (YoY),Growth,2,69,0.106282,0.106282,True,very_weak,2026-04-24T07:51:03.322738+00:00
3418,UK,GBP,CPI,50,cpi_headline_mom,87,retail_sales_ex_fuel_yoy,Retail Sales Ex Fuel (YoY),Growth,3,68,0.103504,0.103504,False,very_weak,2026-04-24T07:51:03.322738+00:00
3419,UK,GBP,CPI,50,cpi_headline_mom,87,retail_sales_ex_fuel_yoy,Retail Sales Ex Fuel (YoY),Growth,1,69,0.098304,0.098304,False,very_weak,2026-04-24T07:51:03.322738+00:00
3420,UK,GBP,CPI,50,cpi_headline_mom,87,retail_sales_ex_fuel_yoy,Retail Sales Ex Fuel (YoY),Growth,4,68,-0.039595,0.039595,False,very_weak,2026-04-24T07:51:03.322738+00:00
3421,UK,GBP,CPI,50,cpi_headline_mom,87,retail_sales_ex_fuel_yoy,Retail Sales Ex Fuel (YoY),Growth,6,66,-0.028591,0.028591,False,very_weak,2026-04-24T07:51:03.322738+00:00
3422,UK,GBP,CPI,50,cpi_headline_mom,87,retail_sales_ex_fuel_yoy,Retail Sales Ex Fuel (YoY),Growth,5,67,-0.011586,0.011586,False,very_weak,2026-04-24T07:51:03.322738+00:00
3423,UK,GBP,CPI,50,cpi_headline_mom,185,niesr_monthly_gdp_tracker,NIESR Monthly GDP Tracker,Growth,0,49,-0.235361,0.235361,True,very_weak,2026-04-24T07:51:03.322738+00:00
3424,UK,GBP,CPI,50,cpi_headline_mom,185,niesr_monthly_gdp_tracker,NIESR Monthly GDP Tracker,Growth,5,77,-0.184164,0.184164,False,very_weak,2026-04-24T07:51:03.322738+00:00
3425,UK,GBP,CPI,50,cpi_headline_mom,185,niesr_monthly_gdp_tracker,NIESR Monthly GDP Tracker,Growth,6,74,-0.182877,0.182877,False,very_weak,2026-04-24T07:51:03.322738+00:00
3426,UK,GBP,CPI,50,cpi_headline_mom,185,niesr_monthly_gdp_tracker,NIESR Monthly GDP Tracker,Growth,2,78,0.107243,0.107243,False,very_weak,2026-04-24T07:51:03.322738+00:00
3427,UK,GBP,CPI,50,cpi_headline_mom,185,niesr_monthly_gdp_tracker,NIESR Monthly GDP Tracker,Growth,4,80,-0.058250,0.058250,False,very_weak,2026-04-24T07:51:03.322738+00:00
3428,UK,GBP,CPI,50,cpi_headline_mom,185,niesr_monthly_gdp_tracker,NIESR Monthly GDP Tracker,Growth,1,75,0.032400,0.032400,False,very_weak,2026-04-24T07:51:03.322738+00:00
3429,UK,GBP,CPI,50,cpi_headline_mom,185,niesr_monthly_gdp_tracker,NIESR Monthly GDP Tracker,Growth,3,76,0.029731,0.029731,False,very_weak,2026-04-24T07:51:03.322738+00:00
3430,UK,GBP,CPI,50,cpi_headline_mom,186,house_price_index_mom,House Price Index (MoM),Growth,2,73,0.142940,0.142940,True,very_weak,2026-04-24T07:51:03.322738+00:00
3431,UK,GBP,CPI,50,cpi_headline_mom,186,house_price_index_mom,House Price Index (MoM),Growth,5,74,0.120979,0.120979,False,very_weak,2026-04-24T07:51:03.322738+00:00
3432,UK,GBP,CPI,50,cpi_headline_mom,186,house_price_index_mom,House Price Index (MoM),Growth,3,75,-0.118110,0.118110,False,very_weak,2026-04-24T07:51:03.322738+00:00
3433,UK,GBP,CPI,50,cpi_headline_mom,186,house_price_index_mom,House Price Index (MoM),Growth,0,68,0.086765,0.086765,False,very_weak,2026-04-24T07:51:03.322738+00:00
3434,UK,GBP,CPI,50,cpi_headline_mom,186,house_price_index_mom,House Price Index (MoM),Growth,6,69,-0.058791,0.058791,False,very_weak,2026-04-24T07:51:03.322738+00:00
3435,UK,GBP,CPI,50,cpi_headline_mom,186,house_price_index_mom,House Price Index (MoM),Growth,4,75,-0.057289,0.057289,False,very_weak,2026-04-24T07:51:03.322738+00:00
3436,UK,GBP,CPI,50,cpi_headline_mom,186,house_price_index_mom,House Price Index (MoM),Growth,1,68,0.011296,0.011296,False,very_weak,2026-04-24T07:51:03.322738+00:00
3437,UK,GBP,GDP,58,gdp_mom,59,gdp_yoy,GDP (YoY),Growth,1,61,0.550693,0.550693,True,moderate,2026-04-24T07:51:03.322738+00:00
3438,UK,GBP,GDP,58,gdp_mom,59,gdp_yoy,GDP (YoY),Growth,0,61,0.510062,0.510062,False,moderate,2026-04-24T07:51:03.322738+00:00
3439,UK,GBP,GDP,58,gdp_mom,59,gdp_yoy,GDP (YoY),Growth,4,71,-0.419988,0.419988,False,weak,2026-04-24T07:51:03.322738+00:00
3440,UK,GBP,GDP,58,gdp_mom,59,gdp_yoy,GDP (YoY),Growth,3,65,-0.307803,0.307803,False,weak,2026-04-24T07:51:03.322738+00:00
3441,UK,GBP,GDP,58,gdp_mom,59,gdp_yoy,GDP (YoY),Growth,5,67,-0.140813,0.140813,False,very_weak,2026-04-24T07:51:03.322738+00:00
3442,UK,GBP,GDP,58,gdp_mom,59,gdp_yoy,GDP (YoY),Growth,2,65,-0.115531,0.115531,False,very_weak,2026-04-24T07:51:03.322738+00:00
3443,UK,GBP,GDP,58,gdp_mom,59,gdp_yoy,GDP (YoY),Growth,6,63,-0.052081,0.052081,False,very_weak,2026-04-24T07:51:03.322738+00:00
3444,UK,GBP,GDP,58,gdp_mom,60,gdp_qoq,GDP (QoQ),Growth,2,19,-0.932256,0.932256,True,strong,2026-04-24T07:51:03.322738+00:00
3445,UK,GBP,GDP,58,gdp_mom,60,gdp_qoq,GDP (QoQ),Growth,3,17,-0.853829,0.853829,False,strong,2026-04-24T07:51:03.322738+00:00
3446,UK,GBP,GDP,58,gdp_mom,60,gdp_qoq,GDP (QoQ),Growth,4,41,-0.390507,0.390507,False,weak,2026-04-24T07:51:03.322738+00:00
3447,UK,GBP,GDP,58,gdp_mom,60,gdp_qoq,GDP (QoQ),Growth,5,39,-0.169943,0.169943,False,very_weak,2026-04-24T07:51:03.322738+00:00
3448,UK,GBP,GDP,58,gdp_mom,60,gdp_qoq,GDP (QoQ),Growth,6,33,-0.092610,0.092610,False,very_weak,2026-04-24T07:51:03.322738+00:00
3449,UK,GBP,GDP,58,gdp_mom,61,manufacturing_pmi,Manufacturing PMI,Growth,1,32,0.322229,0.322229,True,weak,2026-04-24T07:51:03.322738+00:00
3450,UK,GBP,GDP,58,gdp_mom,61,manufacturing_pmi,Manufacturing PMI,Growth,0,32,0.294205,0.294205,False,weak,2026-04-24T07:51:03.322738+00:00
3451,UK,GBP,GDP,58,gdp_mom,61,manufacturing_pmi,Manufacturing PMI,Growth,3,28,-0.189990,0.189990,False,very_weak,2026-04-24T07:51:03.322738+00:00
3452,UK,GBP,GDP,58,gdp_mom,61,manufacturing_pmi,Manufacturing PMI,Growth,6,27,0.185981,0.185981,False,very_weak,2026-04-24T07:51:03.322738+00:00
3453,UK,GBP,GDP,58,gdp_mom,61,manufacturing_pmi,Manufacturing PMI,Growth,5,28,-0.064520,0.064520,False,very_weak,2026-04-24T07:51:03.322738+00:00
3454,UK,GBP,GDP,58,gdp_mom,61,manufacturing_pmi,Manufacturing PMI,Growth,4,29,0.052937,0.052937,False,very_weak,2026-04-24T07:51:03.322738+00:00
3455,UK,GBP,GDP,58,gdp_mom,61,manufacturing_pmi,Manufacturing PMI,Growth,2,31,0.024451,0.024451,False,very_weak,2026-04-24T07:51:03.322738+00:00
3456,UK,GBP,GDP,58,gdp_mom,62,services_pmi,Services PMI,Growth,2,33,-0.300582,0.300582,True,weak,2026-04-24T07:51:03.322738+00:00
3457,UK,GBP,GDP,58,gdp_mom,62,services_pmi,Services PMI,Growth,1,36,-0.258126,0.258126,False,weak,2026-04-24T07:51:03.322738+00:00
3458,UK,GBP,GDP,58,gdp_mom,62,services_pmi,Services PMI,Growth,0,36,0.203434,0.203434,False,very_weak,2026-04-24T07:51:03.322738+00:00
3459,UK,GBP,GDP,58,gdp_mom,62,services_pmi,Services PMI,Growth,4,32,0.155368,0.155368,False,very_weak,2026-04-24T07:51:03.322738+00:00
3460,UK,GBP,GDP,58,gdp_mom,62,services_pmi,Services PMI,Growth,3,32,0.134333,0.134333,False,very_weak,2026-04-24T07:51:03.322738+00:00
3461,UK,GBP,GDP,58,gdp_mom,62,services_pmi,Services PMI,Growth,6,30,0.124536,0.124536,False,very_weak,2026-04-24T07:51:03.322738+00:00
3462,UK,GBP,GDP,58,gdp_mom,62,services_pmi,Services PMI,Growth,5,31,-0.027760,0.027760,False,very_weak,2026-04-24T07:51:03.322738+00:00
3463,UK,GBP,GDP,58,gdp_mom,63,composite_pmi,Composite PMI,Growth,0,36,0.375303,0.375303,True,weak,2026-04-24T07:51:03.322738+00:00
3464,UK,GBP,GDP,58,gdp_mom,63,composite_pmi,Composite PMI,Growth,2,33,-0.329842,0.329842,False,weak,2026-04-24T07:51:03.322738+00:00
3465,UK,GBP,GDP,58,gdp_mom,63,composite_pmi,Composite PMI,Growth,6,30,0.191829,0.191829,False,very_weak,2026-04-24T07:51:03.322738+00:00
3466,UK,GBP,GDP,58,gdp_mom,63,composite_pmi,Composite PMI,Growth,3,32,0.131849,0.131849,False,very_weak,2026-04-24T07:51:03.322738+00:00
3467,UK,GBP,GDP,58,gdp_mom,63,composite_pmi,Composite PMI,Growth,4,32,0.128805,0.128805,False,very_weak,2026-04-24T07:51:03.322738+00:00
3468,UK,GBP,GDP,58,gdp_mom,63,composite_pmi,Composite PMI,Growth,5,31,-0.075823,0.075823,False,very_weak,2026-04-24T07:51:03.322738+00:00
3469,UK,GBP,GDP,58,gdp_mom,63,composite_pmi,Composite PMI,Growth,1,36,-0.032533,0.032533,False,very_weak,2026-04-24T07:51:03.322738+00:00
3470,UK,GBP,GDP,58,gdp_mom,64,retail_sales_mom,Retail Sales (MoM),Growth,0,65,0.630277,0.630277,True,moderate,2026-04-24T07:51:03.322738+00:00
3471,UK,GBP,GDP,58,gdp_mom,64,retail_sales_mom,Retail Sales (MoM),Growth,3,63,-0.536158,0.536158,False,moderate,2026-04-24T07:51:03.322738+00:00
3472,UK,GBP,GDP,58,gdp_mom,64,retail_sales_mom,Retail Sales (MoM),Growth,1,65,0.443511,0.443511,False,weak,2026-04-24T07:51:03.322738+00:00
3473,UK,GBP,GDP,58,gdp_mom,64,retail_sales_mom,Retail Sales (MoM),Growth,4,63,-0.331456,0.331456,False,weak,2026-04-24T07:51:03.322738+00:00
3474,UK,GBP,GDP,58,gdp_mom,64,retail_sales_mom,Retail Sales (MoM),Growth,5,61,-0.269341,0.269341,False,weak,2026-04-24T07:51:03.322738+00:00
3475,UK,GBP,GDP,58,gdp_mom,64,retail_sales_mom,Retail Sales (MoM),Growth,6,59,-0.184833,0.184833,False,very_weak,2026-04-24T07:51:03.322738+00:00
3476,UK,GBP,GDP,58,gdp_mom,64,retail_sales_mom,Retail Sales (MoM),Growth,2,64,-0.134118,0.134118,False,very_weak,2026-04-24T07:51:03.322738+00:00
3477,UK,GBP,GDP,58,gdp_mom,65,industrial_production_yoy,Industrial Production (YoY),Growth,0,67,0.464547,0.464547,True,moderate,2026-04-24T07:51:03.322738+00:00
3478,UK,GBP,GDP,58,gdp_mom,65,industrial_production_yoy,Industrial Production (YoY),Growth,1,67,0.323269,0.323269,False,weak,2026-04-24T07:51:03.322738+00:00
3479,UK,GBP,GDP,58,gdp_mom,65,industrial_production_yoy,Industrial Production (YoY),Growth,5,63,-0.323009,0.323009,False,weak,2026-04-24T07:51:03.322738+00:00
3480,UK,GBP,GDP,58,gdp_mom,65,industrial_production_yoy,Industrial Production (YoY),Growth,6,62,-0.299998,0.299998,False,weak,2026-04-24T07:51:03.322738+00:00
3481,UK,GBP,GDP,58,gdp_mom,65,industrial_production_yoy,Industrial Production (YoY),Growth,4,64,-0.280764,0.280764,False,weak,2026-04-24T07:51:03.322738+00:00
3482,UK,GBP,GDP,58,gdp_mom,65,industrial_production_yoy,Industrial Production (YoY),Growth,3,65,0.091030,0.091030,False,very_weak,2026-04-24T07:51:03.322738+00:00
3483,UK,GBP,GDP,58,gdp_mom,65,industrial_production_yoy,Industrial Production (YoY),Growth,2,66,-0.024979,0.024979,False,very_weak,2026-04-24T07:51:03.322738+00:00
3484,UK,GBP,GDP,58,gdp_mom,68,nationwide_hpi_yoy,Nationwide House Prices (YoY),Growth,5,61,0.224644,0.224644,True,very_weak,2026-04-24T07:51:03.322738+00:00
3485,UK,GBP,GDP,58,gdp_mom,68,nationwide_hpi_yoy,Nationwide House Prices (YoY),Growth,4,63,0.209938,0.209938,False,very_weak,2026-04-24T07:51:03.322738+00:00
3486,UK,GBP,GDP,58,gdp_mom,68,nationwide_hpi_yoy,Nationwide House Prices (YoY),Growth,1,65,-0.209078,0.209078,False,very_weak,2026-04-24T07:51:03.322738+00:00
3487,UK,GBP,GDP,58,gdp_mom,68,nationwide_hpi_yoy,Nationwide House Prices (YoY),Growth,0,66,-0.186785,0.186785,False,very_weak,2026-04-24T07:51:03.322738+00:00
3488,UK,GBP,GDP,58,gdp_mom,68,nationwide_hpi_yoy,Nationwide House Prices (YoY),Growth,6,61,0.179336,0.179336,False,very_weak,2026-04-24T07:51:03.322738+00:00
3489,UK,GBP,GDP,58,gdp_mom,68,nationwide_hpi_yoy,Nationwide House Prices (YoY),Growth,3,63,0.167120,0.167120,False,very_weak,2026-04-24T07:51:03.322738+00:00
3490,UK,GBP,GDP,58,gdp_mom,68,nationwide_hpi_yoy,Nationwide House Prices (YoY),Growth,2,64,-0.058745,0.058745,False,very_weak,2026-04-24T07:51:03.322738+00:00
3491,UK,GBP,GDP,58,gdp_mom,80,house_price_index_yoy,House Price Index (YoY),Growth,4,76,-0.610820,0.610820,True,moderate,2026-04-24T07:51:03.322738+00:00
3492,UK,GBP,GDP,58,gdp_mom,80,house_price_index_yoy,House Price Index (YoY),Growth,2,78,0.576898,0.576898,False,moderate,2026-04-24T07:51:03.322738+00:00
3493,UK,GBP,GDP,58,gdp_mom,80,house_price_index_yoy,House Price Index (YoY),Growth,5,75,-0.530983,0.530983,False,moderate,2026-04-24T07:51:03.322738+00:00
3494,UK,GBP,GDP,58,gdp_mom,80,house_price_index_yoy,House Price Index (YoY),Growth,6,73,-0.280198,0.280198,False,weak,2026-04-24T07:51:03.322738+00:00
3495,UK,GBP,GDP,58,gdp_mom,80,house_price_index_yoy,House Price Index (YoY),Growth,3,77,-0.213618,0.213618,False,very_weak,2026-04-24T07:51:03.322738+00:00
3496,UK,GBP,GDP,58,gdp_mom,80,house_price_index_yoy,House Price Index (YoY),Growth,1,80,0.205893,0.205893,False,very_weak,2026-04-24T07:51:03.322738+00:00
3497,UK,GBP,GDP,58,gdp_mom,80,house_price_index_yoy,House Price Index (YoY),Growth,0,81,0.127814,0.127814,False,very_weak,2026-04-24T07:51:03.322738+00:00
3498,UK,GBP,GDP,58,gdp_mom,81,public_sector_net_borrowing,Public Sector Net Borrowing,Growth,0,63,0.380390,0.380390,True,weak,2026-04-24T07:51:03.322738+00:00
3499,UK,GBP,GDP,58,gdp_mom,81,public_sector_net_borrowing,Public Sector Net Borrowing,Growth,3,61,-0.326625,0.326625,False,weak,2026-04-24T07:51:03.322738+00:00
3500,UK,GBP,GDP,58,gdp_mom,81,public_sector_net_borrowing,Public Sector Net Borrowing,Growth,2,62,-0.161491,0.161491,False,very_weak,2026-04-24T07:51:03.322738+00:00
3501,UK,GBP,GDP,58,gdp_mom,81,public_sector_net_borrowing,Public Sector Net Borrowing,Growth,5,61,-0.115772,0.115772,False,very_weak,2026-04-24T07:51:03.322738+00:00
3502,UK,GBP,GDP,58,gdp_mom,81,public_sector_net_borrowing,Public Sector Net Borrowing,Growth,4,61,-0.105473,0.105473,False,very_weak,2026-04-24T07:51:03.322738+00:00
3503,UK,GBP,GDP,58,gdp_mom,81,public_sector_net_borrowing,Public Sector Net Borrowing,Growth,6,61,0.044713,0.044713,False,very_weak,2026-04-24T07:51:03.322738+00:00
3504,UK,GBP,GDP,58,gdp_mom,81,public_sector_net_borrowing,Public Sector Net Borrowing,Growth,1,61,-0.034085,0.034085,False,very_weak,2026-04-24T07:51:03.322738+00:00
3505,UK,GBP,GDP,58,gdp_mom,82,cbi_business_optimism,CBI Business Optimism Index,Growth,2,20,0.333620,0.333620,True,weak,2026-04-24T07:51:03.322738+00:00
3506,UK,GBP,GDP,58,gdp_mom,82,cbi_business_optimism,CBI Business Optimism Index,Growth,5,19,0.204950,0.204950,False,very_weak,2026-04-24T07:51:03.322738+00:00
3507,UK,GBP,GDP,58,gdp_mom,82,cbi_business_optimism,CBI Business Optimism Index,Growth,1,21,0.197416,0.197416,False,very_weak,2026-04-24T07:51:03.322738+00:00
3508,UK,GBP,GDP,58,gdp_mom,82,cbi_business_optimism,CBI Business Optimism Index,Growth,0,18,0.176102,0.176102,False,very_weak,2026-04-24T07:51:03.322738+00:00
3509,UK,GBP,GDP,58,gdp_mom,82,cbi_business_optimism,CBI Business Optimism Index,Growth,6,16,-0.140624,0.140624,False,very_weak,2026-04-24T07:51:03.322738+00:00
3510,UK,GBP,GDP,58,gdp_mom,82,cbi_business_optimism,CBI Business Optimism Index,Growth,3,17,0.068295,0.068295,False,very_weak,2026-04-24T07:51:03.322738+00:00
3511,UK,GBP,GDP,58,gdp_mom,82,cbi_business_optimism,CBI Business Optimism Index,Growth,4,20,0.028689,0.028689,False,very_weak,2026-04-24T07:51:03.322738+00:00
3512,UK,GBP,GDP,58,gdp_mom,83,cbi_industrial_trends_orders,CBI Industrial Trends Orders,Growth,0,66,0.368953,0.368953,True,weak,2026-04-24T07:51:03.322738+00:00
3513,UK,GBP,GDP,58,gdp_mom,83,cbi_industrial_trends_orders,CBI Industrial Trends Orders,Growth,3,63,-0.330133,0.330133,False,weak,2026-04-24T07:51:03.322738+00:00
3514,UK,GBP,GDP,58,gdp_mom,83,cbi_industrial_trends_orders,CBI Industrial Trends Orders,Growth,2,64,-0.221235,0.221235,False,very_weak,2026-04-24T07:51:03.322738+00:00
3515,UK,GBP,GDP,58,gdp_mom,83,cbi_industrial_trends_orders,CBI Industrial Trends Orders,Growth,6,60,0.172474,0.172474,False,very_weak,2026-04-24T07:51:03.322738+00:00
3516,UK,GBP,GDP,58,gdp_mom,83,cbi_industrial_trends_orders,CBI Industrial Trends Orders,Growth,4,62,-0.100152,0.100152,False,very_weak,2026-04-24T07:51:03.322738+00:00
3517,UK,GBP,GDP,58,gdp_mom,83,cbi_industrial_trends_orders,CBI Industrial Trends Orders,Growth,1,65,0.089776,0.089776,False,very_weak,2026-04-24T07:51:03.322738+00:00
3518,UK,GBP,GDP,58,gdp_mom,83,cbi_industrial_trends_orders,CBI Industrial Trends Orders,Growth,5,61,0.016642,0.016642,False,very_weak,2026-04-24T07:51:03.322738+00:00
3519,UK,GBP,GDP,58,gdp_mom,84,consumer_confidence,Consumer Confidence,Growth,1,67,0.546841,0.546841,True,moderate,2026-04-24T07:51:03.322738+00:00
3520,UK,GBP,GDP,58,gdp_mom,84,consumer_confidence,Consumer Confidence,Growth,4,64,-0.538895,0.538895,False,moderate,2026-04-24T07:51:03.322738+00:00
3521,UK,GBP,GDP,58,gdp_mom,84,consumer_confidence,Consumer Confidence,Growth,3,65,-0.510236,0.510236,False,moderate,2026-04-24T07:51:03.322738+00:00
3522,UK,GBP,GDP,58,gdp_mom,84,consumer_confidence,Consumer Confidence,Growth,0,68,0.306832,0.306832,False,weak,2026-04-24T07:51:03.322738+00:00
3523,UK,GBP,GDP,58,gdp_mom,84,consumer_confidence,Consumer Confidence,Growth,5,63,-0.296750,0.296750,False,weak,2026-04-24T07:51:03.322738+00:00
3524,UK,GBP,GDP,58,gdp_mom,84,consumer_confidence,Consumer Confidence,Growth,2,66,-0.108573,0.108573,False,very_weak,2026-04-24T07:51:03.322738+00:00
3525,UK,GBP,GDP,58,gdp_mom,84,consumer_confidence,Consumer Confidence,Growth,6,62,-0.053438,0.053438,False,very_weak,2026-04-24T07:51:03.322738+00:00
3526,UK,GBP,GDP,58,gdp_mom,85,retail_sales_yoy,Retail Sales (YoY),Growth,1,64,0.841715,0.841715,True,strong,2026-04-24T07:51:03.322738+00:00
3527,UK,GBP,GDP,58,gdp_mom,85,retail_sales_yoy,Retail Sales (YoY),Growth,4,61,-0.731433,0.731433,False,strong,2026-04-24T07:51:03.322738+00:00
3528,UK,GBP,GDP,58,gdp_mom,85,retail_sales_yoy,Retail Sales (YoY),Growth,3,62,-0.725164,0.725164,False,strong,2026-04-24T07:51:03.322738+00:00
3529,UK,GBP,GDP,58,gdp_mom,85,retail_sales_yoy,Retail Sales (YoY),Growth,5,60,-0.331271,0.331271,False,weak,2026-04-24T07:51:03.322738+00:00
3530,UK,GBP,GDP,58,gdp_mom,85,retail_sales_yoy,Retail Sales (YoY),Growth,0,65,0.308712,0.308712,False,weak,2026-04-24T07:51:03.322738+00:00
3531,UK,GBP,GDP,58,gdp_mom,85,retail_sales_yoy,Retail Sales (YoY),Growth,2,63,-0.162902,0.162902,False,very_weak,2026-04-24T07:51:03.322738+00:00
3532,UK,GBP,GDP,58,gdp_mom,85,retail_sales_yoy,Retail Sales (YoY),Growth,6,59,-0.155231,0.155231,False,very_weak,2026-04-24T07:51:03.322738+00:00
3533,UK,GBP,GDP,58,gdp_mom,86,retail_sales_ex_fuel_mom,Retail Sales Ex Fuel (MoM),Growth,0,67,0.627471,0.627471,True,moderate,2026-04-24T07:51:03.322738+00:00
3534,UK,GBP,GDP,58,gdp_mom,86,retail_sales_ex_fuel_mom,Retail Sales Ex Fuel (MoM),Growth,3,64,-0.413392,0.413392,False,weak,2026-04-24T07:51:03.322738+00:00
3535,UK,GBP,GDP,58,gdp_mom,86,retail_sales_ex_fuel_mom,Retail Sales Ex Fuel (MoM),Growth,1,66,0.253861,0.253861,False,weak,2026-04-24T07:51:03.322738+00:00
3536,UK,GBP,GDP,58,gdp_mom,86,retail_sales_ex_fuel_mom,Retail Sales Ex Fuel (MoM),Growth,5,62,-0.247174,0.247174,False,very_weak,2026-04-24T07:51:03.322738+00:00
3537,UK,GBP,GDP,58,gdp_mom,86,retail_sales_ex_fuel_mom,Retail Sales Ex Fuel (MoM),Growth,4,63,-0.217617,0.217617,False,very_weak,2026-04-24T07:51:03.322738+00:00
3538,UK,GBP,GDP,58,gdp_mom,86,retail_sales_ex_fuel_mom,Retail Sales Ex Fuel (MoM),Growth,6,61,-0.156559,0.156559,False,very_weak,2026-04-24T07:51:03.322738+00:00
3539,UK,GBP,GDP,58,gdp_mom,86,retail_sales_ex_fuel_mom,Retail Sales Ex Fuel (MoM),Growth,2,65,-0.135235,0.135235,False,very_weak,2026-04-24T07:51:03.322738+00:00
3540,UK,GBP,GDP,58,gdp_mom,87,retail_sales_ex_fuel_yoy,Retail Sales Ex Fuel (YoY),Growth,3,64,-0.708244,0.708244,True,strong,2026-04-24T07:51:03.322738+00:00
3541,UK,GBP,GDP,58,gdp_mom,87,retail_sales_ex_fuel_yoy,Retail Sales Ex Fuel (YoY),Growth,0,67,0.560996,0.560996,False,moderate,2026-04-24T07:51:03.322738+00:00
3542,UK,GBP,GDP,58,gdp_mom,87,retail_sales_ex_fuel_yoy,Retail Sales Ex Fuel (YoY),Growth,1,66,0.491932,0.491932,False,moderate,2026-04-24T07:51:03.322738+00:00
3543,UK,GBP,GDP,58,gdp_mom,87,retail_sales_ex_fuel_yoy,Retail Sales Ex Fuel (YoY),Growth,4,63,-0.442429,0.442429,False,weak,2026-04-24T07:51:03.322738+00:00
3544,UK,GBP,GDP,58,gdp_mom,87,retail_sales_ex_fuel_yoy,Retail Sales Ex Fuel (YoY),Growth,5,62,-0.259516,0.259516,False,weak,2026-04-24T07:51:03.322738+00:00
3545,UK,GBP,GDP,58,gdp_mom,87,retail_sales_ex_fuel_yoy,Retail Sales Ex Fuel (YoY),Growth,2,65,-0.139285,0.139285,False,very_weak,2026-04-24T07:51:03.322738+00:00
3546,UK,GBP,GDP,58,gdp_mom,87,retail_sales_ex_fuel_yoy,Retail Sales Ex Fuel (YoY),Growth,6,61,-0.084401,0.084401,False,very_weak,2026-04-24T07:51:03.322738+00:00
3547,UK,GBP,GDP,58,gdp_mom,185,niesr_monthly_gdp_tracker,NIESR Monthly GDP Tracker,Growth,3,70,-0.256369,0.256369,True,weak,2026-04-24T07:51:03.322738+00:00
3548,UK,GBP,GDP,58,gdp_mom,185,niesr_monthly_gdp_tracker,NIESR Monthly GDP Tracker,Growth,0,67,0.191988,0.191988,False,very_weak,2026-04-24T07:51:03.322738+00:00
3549,UK,GBP,GDP,58,gdp_mom,185,niesr_monthly_gdp_tracker,NIESR Monthly GDP Tracker,Growth,6,67,-0.177489,0.177489,False,very_weak,2026-04-24T07:51:03.322738+00:00
3550,UK,GBP,GDP,58,gdp_mom,185,niesr_monthly_gdp_tracker,NIESR Monthly GDP Tracker,Growth,4,70,-0.167546,0.167546,False,very_weak,2026-04-24T07:51:03.322738+00:00
3551,UK,GBP,GDP,58,gdp_mom,185,niesr_monthly_gdp_tracker,NIESR Monthly GDP Tracker,Growth,2,72,-0.155735,0.155735,False,very_weak,2026-04-24T07:51:03.322738+00:00
3552,UK,GBP,GDP,58,gdp_mom,185,niesr_monthly_gdp_tracker,NIESR Monthly GDP Tracker,Growth,5,69,0.037017,0.037017,False,very_weak,2026-04-24T07:51:03.322738+00:00
3553,UK,GBP,GDP,58,gdp_mom,185,niesr_monthly_gdp_tracker,NIESR Monthly GDP Tracker,Growth,1,68,-0.035679,0.035679,False,very_weak,2026-04-24T07:51:03.322738+00:00
3554,UK,GBP,GDP,58,gdp_mom,186,house_price_index_mom,House Price Index (MoM),Growth,3,67,-0.232294,0.232294,True,very_weak,2026-04-24T07:51:03.322738+00:00
3555,UK,GBP,GDP,58,gdp_mom,186,house_price_index_mom,House Price Index (MoM),Growth,4,66,-0.201761,0.201761,False,very_weak,2026-04-24T07:51:03.322738+00:00
3556,UK,GBP,GDP,58,gdp_mom,186,house_price_index_mom,House Price Index (MoM),Growth,6,63,-0.195319,0.195319,False,very_weak,2026-04-24T07:51:03.322738+00:00
3557,UK,GBP,GDP,58,gdp_mom,186,house_price_index_mom,House Price Index (MoM),Growth,0,70,0.183981,0.183981,False,very_weak,2026-04-24T07:51:03.322738+00:00
3558,UK,GBP,GDP,58,gdp_mom,186,house_price_index_mom,House Price Index (MoM),Growth,1,72,0.098398,0.098398,False,very_weak,2026-04-24T07:51:03.322738+00:00
3559,UK,GBP,GDP,58,gdp_mom,186,house_price_index_mom,House Price Index (MoM),Growth,5,64,-0.074405,0.074405,False,very_weak,2026-04-24T07:51:03.322738+00:00
3560,UK,GBP,GDP,58,gdp_mom,186,house_price_index_mom,House Price Index (MoM),Growth,2,68,-0.016958,0.016958,False,very_weak,2026-04-24T07:51:03.322738+00:00
3561,UK,GBP,GDP,59,gdp_yoy,58,gdp_mom,GDP (MoM),Growth,1,71,0.464851,0.464851,True,moderate,2026-04-24T07:51:03.322738+00:00
3562,UK,GBP,GDP,59,gdp_yoy,58,gdp_mom,GDP (MoM),Growth,2,72,0.433009,0.433009,False,weak,2026-04-24T07:51:03.322738+00:00
3563,UK,GBP,GDP,59,gdp_yoy,58,gdp_mom,GDP (MoM),Growth,3,69,0.296928,0.296928,False,weak,2026-04-24T07:51:03.322738+00:00
3564,UK,GBP,GDP,59,gdp_yoy,58,gdp_mom,GDP (MoM),Growth,4,69,0.206952,0.206952,False,very_weak,2026-04-24T07:51:03.322738+00:00
3565,UK,GBP,GDP,59,gdp_yoy,58,gdp_mom,GDP (MoM),Growth,0,70,0.190467,0.190467,False,very_weak,2026-04-24T07:51:03.322738+00:00
3566,UK,GBP,GDP,59,gdp_yoy,58,gdp_mom,GDP (MoM),Growth,6,65,0.146585,0.146585,False,very_weak,2026-04-24T07:51:03.322738+00:00
3567,UK,GBP,GDP,59,gdp_yoy,58,gdp_mom,GDP (MoM),Growth,5,70,0.138242,0.138242,False,very_weak,2026-04-24T07:51:03.322738+00:00
3568,UK,GBP,GDP,59,gdp_yoy,60,gdp_qoq,GDP (QoQ),Growth,2,19,0.653491,0.653491,True,moderate,2026-04-24T07:51:03.322738+00:00
3569,UK,GBP,GDP,59,gdp_yoy,60,gdp_qoq,GDP (QoQ),Growth,0,14,-0.536766,0.536766,False,moderate,2026-04-24T07:51:03.322738+00:00
3570,UK,GBP,GDP,59,gdp_yoy,60,gdp_qoq,GDP (QoQ),Growth,3,39,0.378799,0.378799,False,weak,2026-04-24T07:51:03.322738+00:00
3571,UK,GBP,GDP,59,gdp_yoy,60,gdp_qoq,GDP (QoQ),Growth,5,40,0.343555,0.343555,False,weak,2026-04-24T07:51:03.322738+00:00
3572,UK,GBP,GDP,59,gdp_yoy,60,gdp_qoq,GDP (QoQ),Growth,4,42,0.241364,0.241364,False,very_weak,2026-04-24T07:51:03.322738+00:00
3573,UK,GBP,GDP,59,gdp_yoy,60,gdp_qoq,GDP (QoQ),Growth,6,51,0.232672,0.232672,False,very_weak,2026-04-24T07:51:03.322738+00:00
3574,UK,GBP,GDP,59,gdp_yoy,61,manufacturing_pmi,Manufacturing PMI,Growth,3,49,-0.261438,0.261438,True,weak,2026-04-24T07:51:03.322738+00:00
3575,UK,GBP,GDP,59,gdp_yoy,61,manufacturing_pmi,Manufacturing PMI,Growth,0,55,-0.227967,0.227967,False,very_weak,2026-04-24T07:51:03.322738+00:00
3576,UK,GBP,GDP,59,gdp_yoy,61,manufacturing_pmi,Manufacturing PMI,Growth,4,48,-0.169482,0.169482,False,very_weak,2026-04-24T07:51:03.322738+00:00
3577,UK,GBP,GDP,59,gdp_yoy,61,manufacturing_pmi,Manufacturing PMI,Growth,1,48,-0.162681,0.162681,False,very_weak,2026-04-24T07:51:03.322738+00:00
3578,UK,GBP,GDP,59,gdp_yoy,61,manufacturing_pmi,Manufacturing PMI,Growth,6,44,-0.159279,0.159279,False,very_weak,2026-04-24T07:51:03.322738+00:00
3579,UK,GBP,GDP,59,gdp_yoy,61,manufacturing_pmi,Manufacturing PMI,Growth,2,48,-0.080605,0.080605,False,very_weak,2026-04-24T07:51:03.322738+00:00
3580,UK,GBP,GDP,59,gdp_yoy,61,manufacturing_pmi,Manufacturing PMI,Growth,5,46,-0.032244,0.032244,False,very_weak,2026-04-24T07:51:03.322738+00:00
3581,UK,GBP,GDP,59,gdp_yoy,62,services_pmi,Services PMI,Growth,2,56,-0.301901,0.301901,True,weak,2026-04-24T07:51:03.322738+00:00
3582,UK,GBP,GDP,59,gdp_yoy,62,services_pmi,Services PMI,Growth,0,60,-0.198587,0.198587,False,very_weak,2026-04-24T07:51:03.322738+00:00
3583,UK,GBP,GDP,59,gdp_yoy,62,services_pmi,Services PMI,Growth,4,51,0.172464,0.172464,False,very_weak,2026-04-24T07:51:03.322738+00:00
3584,UK,GBP,GDP,59,gdp_yoy,62,services_pmi,Services PMI,Growth,1,52,0.101214,0.101214,False,very_weak,2026-04-24T07:51:03.322738+00:00
3585,UK,GBP,GDP,59,gdp_yoy,62,services_pmi,Services PMI,Growth,5,50,-0.078683,0.078683,False,very_weak,2026-04-24T07:51:03.322738+00:00
3586,UK,GBP,GDP,59,gdp_yoy,62,services_pmi,Services PMI,Growth,6,48,0.072852,0.072852,False,very_weak,2026-04-24T07:51:03.322738+00:00
3587,UK,GBP,GDP,59,gdp_yoy,62,services_pmi,Services PMI,Growth,3,55,0.025870,0.025870,False,very_weak,2026-04-24T07:51:03.322738+00:00
3588,UK,GBP,GDP,59,gdp_yoy,63,composite_pmi,Composite PMI,Growth,2,56,-0.353518,0.353518,True,weak,2026-04-24T07:51:03.322738+00:00
3589,UK,GBP,GDP,59,gdp_yoy,63,composite_pmi,Composite PMI,Growth,0,60,-0.323155,0.323155,False,weak,2026-04-24T07:51:03.322738+00:00
3590,UK,GBP,GDP,59,gdp_yoy,63,composite_pmi,Composite PMI,Growth,5,50,-0.165449,0.165449,False,very_weak,2026-04-24T07:51:03.322738+00:00
3591,UK,GBP,GDP,59,gdp_yoy,63,composite_pmi,Composite PMI,Growth,6,48,0.141542,0.141542,False,very_weak,2026-04-24T07:51:03.322738+00:00
3592,UK,GBP,GDP,59,gdp_yoy,63,composite_pmi,Composite PMI,Growth,3,55,-0.107113,0.107113,False,very_weak,2026-04-24T07:51:03.322738+00:00
3593,UK,GBP,GDP,59,gdp_yoy,63,composite_pmi,Composite PMI,Growth,1,52,0.077581,0.077581,False,very_weak,2026-04-24T07:51:03.322738+00:00
3594,UK,GBP,GDP,59,gdp_yoy,63,composite_pmi,Composite PMI,Growth,4,51,0.051373,0.051373,False,very_weak,2026-04-24T07:51:03.322738+00:00
3595,UK,GBP,GDP,59,gdp_yoy,64,retail_sales_mom,Retail Sales (MoM),Growth,1,76,0.408730,0.408730,True,weak,2026-04-24T07:51:03.322738+00:00
3596,UK,GBP,GDP,59,gdp_yoy,64,retail_sales_mom,Retail Sales (MoM),Growth,2,75,0.327194,0.327194,False,weak,2026-04-24T07:51:03.322738+00:00
3597,UK,GBP,GDP,59,gdp_yoy,64,retail_sales_mom,Retail Sales (MoM),Growth,0,77,0.217797,0.217797,False,very_weak,2026-04-24T07:51:03.322738+00:00
3598,UK,GBP,GDP,59,gdp_yoy,64,retail_sales_mom,Retail Sales (MoM),Growth,3,74,0.177066,0.177066,False,very_weak,2026-04-24T07:51:03.322738+00:00
3599,UK,GBP,GDP,59,gdp_yoy,64,retail_sales_mom,Retail Sales (MoM),Growth,4,72,0.102452,0.102452,False,very_weak,2026-04-24T07:51:03.322738+00:00
3600,UK,GBP,GDP,59,gdp_yoy,64,retail_sales_mom,Retail Sales (MoM),Growth,6,71,0.035883,0.035883,False,very_weak,2026-04-24T07:51:03.322738+00:00
3601,UK,GBP,GDP,59,gdp_yoy,64,retail_sales_mom,Retail Sales (MoM),Growth,5,71,0.027892,0.027892,False,very_weak,2026-04-24T07:51:03.322738+00:00
3602,UK,GBP,GDP,59,gdp_yoy,65,industrial_production_yoy,Industrial Production (YoY),Growth,1,79,0.497761,0.497761,True,moderate,2026-04-24T07:51:03.322738+00:00
3603,UK,GBP,GDP,59,gdp_yoy,65,industrial_production_yoy,Industrial Production (YoY),Growth,2,78,0.441509,0.441509,False,weak,2026-04-24T07:51:03.322738+00:00
3604,UK,GBP,GDP,59,gdp_yoy,65,industrial_production_yoy,Industrial Production (YoY),Growth,3,77,0.417130,0.417130,False,weak,2026-04-24T07:51:03.322738+00:00
3605,UK,GBP,GDP,59,gdp_yoy,65,industrial_production_yoy,Industrial Production (YoY),Growth,4,76,0.398827,0.398827,False,weak,2026-04-24T07:51:03.322738+00:00
3606,UK,GBP,GDP,59,gdp_yoy,65,industrial_production_yoy,Industrial Production (YoY),Growth,5,75,0.379180,0.379180,False,weak,2026-04-24T07:51:03.322738+00:00
3607,UK,GBP,GDP,59,gdp_yoy,65,industrial_production_yoy,Industrial Production (YoY),Growth,6,74,0.353077,0.353077,False,weak,2026-04-24T07:51:03.322738+00:00
3608,UK,GBP,GDP,59,gdp_yoy,65,industrial_production_yoy,Industrial Production (YoY),Growth,0,80,0.272234,0.272234,False,weak,2026-04-24T07:51:03.322738+00:00
3609,UK,GBP,GDP,59,gdp_yoy,68,nationwide_hpi_yoy,Nationwide House Prices (YoY),Growth,6,72,0.173980,0.173980,True,very_weak,2026-04-24T07:51:03.322738+00:00
3610,UK,GBP,GDP,59,gdp_yoy,68,nationwide_hpi_yoy,Nationwide House Prices (YoY),Growth,0,79,0.164515,0.164515,False,very_weak,2026-04-24T07:51:03.322738+00:00
3611,UK,GBP,GDP,59,gdp_yoy,68,nationwide_hpi_yoy,Nationwide House Prices (YoY),Growth,5,73,0.101432,0.101432,False,very_weak,2026-04-24T07:51:03.322738+00:00
3612,UK,GBP,GDP,59,gdp_yoy,68,nationwide_hpi_yoy,Nationwide House Prices (YoY),Growth,2,76,-0.062348,0.062348,False,very_weak,2026-04-24T07:51:03.322738+00:00
3613,UK,GBP,GDP,59,gdp_yoy,68,nationwide_hpi_yoy,Nationwide House Prices (YoY),Growth,3,75,-0.041704,0.041704,False,very_weak,2026-04-24T07:51:03.322738+00:00
3614,UK,GBP,GDP,59,gdp_yoy,68,nationwide_hpi_yoy,Nationwide House Prices (YoY),Growth,4,74,0.025974,0.025974,False,very_weak,2026-04-24T07:51:03.322738+00:00
3615,UK,GBP,GDP,59,gdp_yoy,68,nationwide_hpi_yoy,Nationwide House Prices (YoY),Growth,1,75,-0.004532,0.004532,False,very_weak,2026-04-24T07:51:03.322738+00:00
3616,UK,GBP,GDP,59,gdp_yoy,80,house_price_index_yoy,House Price Index (YoY),Growth,2,101,0.274905,0.274905,True,weak,2026-04-24T07:51:03.322738+00:00
3617,UK,GBP,GDP,59,gdp_yoy,80,house_price_index_yoy,House Price Index (YoY),Growth,3,99,0.242440,0.242440,False,very_weak,2026-04-24T07:51:03.322738+00:00
3618,UK,GBP,GDP,59,gdp_yoy,80,house_price_index_yoy,House Price Index (YoY),Growth,6,91,0.178739,0.178739,False,very_weak,2026-04-24T07:51:03.322738+00:00
3619,UK,GBP,GDP,59,gdp_yoy,80,house_price_index_yoy,House Price Index (YoY),Growth,4,96,0.164826,0.164826,False,very_weak,2026-04-24T07:51:03.322738+00:00
3620,UK,GBP,GDP,59,gdp_yoy,80,house_price_index_yoy,House Price Index (YoY),Growth,5,95,0.149120,0.149120,False,very_weak,2026-04-24T07:51:03.322738+00:00
3621,UK,GBP,GDP,59,gdp_yoy,80,house_price_index_yoy,House Price Index (YoY),Growth,1,96,0.144528,0.144528,False,very_weak,2026-04-24T07:51:03.322738+00:00
3622,UK,GBP,GDP,59,gdp_yoy,80,house_price_index_yoy,House Price Index (YoY),Growth,0,100,0.089349,0.089349,False,very_weak,2026-04-24T07:51:03.322738+00:00
3623,UK,GBP,GDP,59,gdp_yoy,81,public_sector_net_borrowing,Public Sector Net Borrowing,Growth,3,72,0.233336,0.233336,True,very_weak,2026-04-24T07:51:03.322738+00:00
3624,UK,GBP,GDP,59,gdp_yoy,81,public_sector_net_borrowing,Public Sector Net Borrowing,Growth,1,76,0.214222,0.214222,False,very_weak,2026-04-24T07:51:03.322738+00:00
3625,UK,GBP,GDP,59,gdp_yoy,81,public_sector_net_borrowing,Public Sector Net Borrowing,Growth,0,72,0.210007,0.210007,False,very_weak,2026-04-24T07:51:03.322738+00:00
3626,UK,GBP,GDP,59,gdp_yoy,81,public_sector_net_borrowing,Public Sector Net Borrowing,Growth,2,73,0.207949,0.207949,False,very_weak,2026-04-24T07:51:03.322738+00:00
3627,UK,GBP,GDP,59,gdp_yoy,81,public_sector_net_borrowing,Public Sector Net Borrowing,Growth,4,72,0.197155,0.197155,False,very_weak,2026-04-24T07:51:03.322738+00:00
3628,UK,GBP,GDP,59,gdp_yoy,81,public_sector_net_borrowing,Public Sector Net Borrowing,Growth,5,72,0.154893,0.154893,False,very_weak,2026-04-24T07:51:03.322738+00:00
3629,UK,GBP,GDP,59,gdp_yoy,81,public_sector_net_borrowing,Public Sector Net Borrowing,Growth,6,72,0.149378,0.149378,False,very_weak,2026-04-24T07:51:03.322738+00:00
3630,UK,GBP,GDP,59,gdp_yoy,82,cbi_business_optimism,CBI Business Optimism Index,Growth,2,20,0.154481,0.154481,True,very_weak,2026-04-24T07:51:03.322738+00:00
3631,UK,GBP,GDP,59,gdp_yoy,82,cbi_business_optimism,CBI Business Optimism Index,Growth,5,19,0.134558,0.134558,False,very_weak,2026-04-24T07:51:03.322738+00:00
3632,UK,GBP,GDP,59,gdp_yoy,82,cbi_business_optimism,CBI Business Optimism Index,Growth,1,22,0.121179,0.121179,False,very_weak,2026-04-24T07:51:03.322738+00:00
3633,UK,GBP,GDP,59,gdp_yoy,82,cbi_business_optimism,CBI Business Optimism Index,Growth,0,29,0.117587,0.117587,False,very_weak,2026-04-24T07:51:03.322738+00:00
3634,UK,GBP,GDP,59,gdp_yoy,82,cbi_business_optimism,CBI Business Optimism Index,Growth,4,21,0.080766,0.080766,False,very_weak,2026-04-24T07:51:03.322738+00:00
3635,UK,GBP,GDP,59,gdp_yoy,82,cbi_business_optimism,CBI Business Optimism Index,Growth,3,28,0.078806,0.078806,False,very_weak,2026-04-24T07:51:03.322738+00:00
3636,UK,GBP,GDP,59,gdp_yoy,82,cbi_business_optimism,CBI Business Optimism Index,Growth,6,27,0.022806,0.022806,False,very_weak,2026-04-24T07:51:03.322738+00:00
3637,UK,GBP,GDP,59,gdp_yoy,83,cbi_industrial_trends_orders,CBI Industrial Trends Orders,Growth,6,72,0.395455,0.395455,True,weak,2026-04-24T07:51:03.322738+00:00
3638,UK,GBP,GDP,59,gdp_yoy,83,cbi_industrial_trends_orders,CBI Industrial Trends Orders,Growth,2,76,0.362243,0.362243,False,weak,2026-04-24T07:51:03.322738+00:00
3639,UK,GBP,GDP,59,gdp_yoy,83,cbi_industrial_trends_orders,CBI Industrial Trends Orders,Growth,5,73,0.359593,0.359593,False,weak,2026-04-24T07:51:03.322738+00:00
3640,UK,GBP,GDP,59,gdp_yoy,83,cbi_industrial_trends_orders,CBI Industrial Trends Orders,Growth,1,77,0.347202,0.347202,False,weak,2026-04-24T07:51:03.322738+00:00
3641,UK,GBP,GDP,59,gdp_yoy,83,cbi_industrial_trends_orders,CBI Industrial Trends Orders,Growth,4,74,0.325155,0.325155,False,weak,2026-04-24T07:51:03.322738+00:00
3642,UK,GBP,GDP,59,gdp_yoy,83,cbi_industrial_trends_orders,CBI Industrial Trends Orders,Growth,0,78,0.293440,0.293440,False,weak,2026-04-24T07:51:03.322738+00:00
3643,UK,GBP,GDP,59,gdp_yoy,83,cbi_industrial_trends_orders,CBI Industrial Trends Orders,Growth,3,75,0.283386,0.283386,False,weak,2026-04-24T07:51:03.322738+00:00
3644,UK,GBP,GDP,59,gdp_yoy,84,consumer_confidence,Consumer Confidence,Growth,2,78,0.401086,0.401086,True,weak,2026-04-24T07:51:03.322738+00:00
3645,UK,GBP,GDP,59,gdp_yoy,84,consumer_confidence,Consumer Confidence,Growth,1,79,0.362116,0.362116,False,weak,2026-04-24T07:51:03.322738+00:00
3646,UK,GBP,GDP,59,gdp_yoy,84,consumer_confidence,Consumer Confidence,Growth,3,77,0.323129,0.323129,False,weak,2026-04-24T07:51:03.322738+00:00
3647,UK,GBP,GDP,59,gdp_yoy,84,consumer_confidence,Consumer Confidence,Growth,4,76,0.235525,0.235525,False,very_weak,2026-04-24T07:51:03.322738+00:00
3648,UK,GBP,GDP,59,gdp_yoy,84,consumer_confidence,Consumer Confidence,Growth,6,74,0.157552,0.157552,False,very_weak,2026-04-24T07:51:03.322738+00:00
3649,UK,GBP,GDP,59,gdp_yoy,84,consumer_confidence,Consumer Confidence,Growth,5,75,0.155334,0.155334,False,very_weak,2026-04-24T07:51:03.322738+00:00
3650,UK,GBP,GDP,59,gdp_yoy,84,consumer_confidence,Consumer Confidence,Growth,0,80,0.104232,0.104232,False,very_weak,2026-04-24T07:51:03.322738+00:00
3651,UK,GBP,GDP,59,gdp_yoy,85,retail_sales_yoy,Retail Sales (YoY),Growth,1,76,0.446926,0.446926,True,weak,2026-04-24T07:51:03.322738+00:00
3652,UK,GBP,GDP,59,gdp_yoy,85,retail_sales_yoy,Retail Sales (YoY),Growth,2,75,0.441227,0.441227,False,weak,2026-04-24T07:51:03.322738+00:00
3653,UK,GBP,GDP,59,gdp_yoy,85,retail_sales_yoy,Retail Sales (YoY),Growth,3,74,0.309262,0.309262,False,weak,2026-04-24T07:51:03.322738+00:00
3654,UK,GBP,GDP,59,gdp_yoy,85,retail_sales_yoy,Retail Sales (YoY),Growth,4,73,0.229594,0.229594,False,very_weak,2026-04-24T07:51:03.322738+00:00
3655,UK,GBP,GDP,59,gdp_yoy,85,retail_sales_yoy,Retail Sales (YoY),Growth,6,71,0.219469,0.219469,False,very_weak,2026-04-24T07:51:03.322738+00:00
3656,UK,GBP,GDP,59,gdp_yoy,85,retail_sales_yoy,Retail Sales (YoY),Growth,5,72,0.207464,0.207464,False,very_weak,2026-04-24T07:51:03.322738+00:00
3657,UK,GBP,GDP,59,gdp_yoy,85,retail_sales_yoy,Retail Sales (YoY),Growth,0,77,0.160889,0.160889,False,very_weak,2026-04-24T07:51:03.322738+00:00
3658,UK,GBP,GDP,59,gdp_yoy,86,retail_sales_ex_fuel_mom,Retail Sales Ex Fuel (MoM),Growth,1,78,0.346409,0.346409,True,weak,2026-04-24T07:51:03.322738+00:00
3659,UK,GBP,GDP,59,gdp_yoy,86,retail_sales_ex_fuel_mom,Retail Sales Ex Fuel (MoM),Growth,2,77,0.262338,0.262338,False,weak,2026-04-24T07:51:03.322738+00:00
3660,UK,GBP,GDP,59,gdp_yoy,86,retail_sales_ex_fuel_mom,Retail Sales Ex Fuel (MoM),Growth,0,79,0.222128,0.222128,False,very_weak,2026-04-24T07:51:03.322738+00:00
3661,UK,GBP,GDP,59,gdp_yoy,86,retail_sales_ex_fuel_mom,Retail Sales Ex Fuel (MoM),Growth,3,76,0.060075,0.060075,False,very_weak,2026-04-24T07:51:03.322738+00:00
3662,UK,GBP,GDP,59,gdp_yoy,86,retail_sales_ex_fuel_mom,Retail Sales Ex Fuel (MoM),Growth,5,74,-0.040692,0.040692,False,very_weak,2026-04-24T07:51:03.322738+00:00
3663,UK,GBP,GDP,59,gdp_yoy,86,retail_sales_ex_fuel_mom,Retail Sales Ex Fuel (MoM),Growth,6,73,-0.009832,0.009832,False,very_weak,2026-04-24T07:51:03.322738+00:00
3664,UK,GBP,GDP,59,gdp_yoy,86,retail_sales_ex_fuel_mom,Retail Sales Ex Fuel (MoM),Growth,4,75,0.003175,0.003175,False,very_weak,2026-04-24T07:51:03.322738+00:00
3665,UK,GBP,GDP,59,gdp_yoy,87,retail_sales_ex_fuel_yoy,Retail Sales Ex Fuel (YoY),Growth,1,78,0.507565,0.507565,True,moderate,2026-04-24T07:51:03.322738+00:00
3666,UK,GBP,GDP,59,gdp_yoy,87,retail_sales_ex_fuel_yoy,Retail Sales Ex Fuel (YoY),Growth,2,77,0.354235,0.354235,False,weak,2026-04-24T07:51:03.322738+00:00
3667,UK,GBP,GDP,59,gdp_yoy,87,retail_sales_ex_fuel_yoy,Retail Sales Ex Fuel (YoY),Growth,0,79,0.341085,0.341085,False,weak,2026-04-24T07:51:03.322738+00:00
3668,UK,GBP,GDP,59,gdp_yoy,87,retail_sales_ex_fuel_yoy,Retail Sales Ex Fuel (YoY),Growth,6,73,0.179524,0.179524,False,very_weak,2026-04-24T07:51:03.322738+00:00
3669,UK,GBP,GDP,59,gdp_yoy,87,retail_sales_ex_fuel_yoy,Retail Sales Ex Fuel (YoY),Growth,5,74,0.100447,0.100447,False,very_weak,2026-04-24T07:51:03.322738+00:00
3670,UK,GBP,GDP,59,gdp_yoy,87,retail_sales_ex_fuel_yoy,Retail Sales Ex Fuel (YoY),Growth,3,76,0.094866,0.094866,False,very_weak,2026-04-24T07:51:03.322738+00:00
3671,UK,GBP,GDP,59,gdp_yoy,87,retail_sales_ex_fuel_yoy,Retail Sales Ex Fuel (YoY),Growth,4,75,0.060339,0.060339,False,very_weak,2026-04-24T07:51:03.322738+00:00
3672,UK,GBP,GDP,59,gdp_yoy,185,niesr_monthly_gdp_tracker,NIESR Monthly GDP Tracker,Growth,0,91,0.098489,0.098489,True,very_weak,2026-04-24T07:51:03.322738+00:00
3673,UK,GBP,GDP,59,gdp_yoy,185,niesr_monthly_gdp_tracker,NIESR Monthly GDP Tracker,Growth,3,92,-0.070389,0.070389,False,very_weak,2026-04-24T07:51:03.322738+00:00
3674,UK,GBP,GDP,59,gdp_yoy,185,niesr_monthly_gdp_tracker,NIESR Monthly GDP Tracker,Growth,1,87,0.063788,0.063788,False,very_weak,2026-04-24T07:51:03.322738+00:00
3675,UK,GBP,GDP,59,gdp_yoy,185,niesr_monthly_gdp_tracker,NIESR Monthly GDP Tracker,Growth,4,89,-0.060775,0.060775,False,very_weak,2026-04-24T07:51:03.322738+00:00
3676,UK,GBP,GDP,59,gdp_yoy,185,niesr_monthly_gdp_tracker,NIESR Monthly GDP Tracker,Growth,2,89,0.042753,0.042753,False,very_weak,2026-04-24T07:51:03.322738+00:00
3677,UK,GBP,GDP,59,gdp_yoy,185,niesr_monthly_gdp_tracker,NIESR Monthly GDP Tracker,Growth,6,88,0.025222,0.025222,False,very_weak,2026-04-24T07:51:03.322738+00:00
3678,UK,GBP,GDP,59,gdp_yoy,185,niesr_monthly_gdp_tracker,NIESR Monthly GDP Tracker,Growth,5,84,-0.014296,0.014296,False,very_weak,2026-04-24T07:51:03.322738+00:00
3679,UK,GBP,GDP,59,gdp_yoy,186,house_price_index_mom,House Price Index (MoM),Growth,1,80,0.124363,0.124363,True,very_weak,2026-04-24T07:51:03.322738+00:00
3680,UK,GBP,GDP,59,gdp_yoy,186,house_price_index_mom,House Price Index (MoM),Growth,4,82,-0.119080,0.119080,False,very_weak,2026-04-24T07:51:03.322738+00:00
3681,UK,GBP,GDP,59,gdp_yoy,186,house_price_index_mom,House Price Index (MoM),Growth,6,80,-0.088724,0.088724,False,very_weak,2026-04-24T07:51:03.322738+00:00
3682,UK,GBP,GDP,59,gdp_yoy,186,house_price_index_mom,House Price Index (MoM),Growth,0,86,0.073482,0.073482,False,very_weak,2026-04-24T07:51:03.322738+00:00
3683,UK,GBP,GDP,59,gdp_yoy,186,house_price_index_mom,House Price Index (MoM),Growth,2,85,0.063527,0.063527,False,very_weak,2026-04-24T07:51:03.322738+00:00
3684,UK,GBP,GDP,59,gdp_yoy,186,house_price_index_mom,House Price Index (MoM),Growth,5,80,-0.063402,0.063402,False,very_weak,2026-04-24T07:51:03.322738+00:00
3685,UK,GBP,GDP,59,gdp_yoy,186,house_price_index_mom,House Price Index (MoM),Growth,3,86,-0.040718,0.040718,False,very_weak,2026-04-24T07:51:03.322738+00:00
3686,UK,GBP,GDP,60,gdp_qoq,58,gdp_mom,GDP (MoM),Growth,4,38,-0.897497,0.897497,True,strong,2026-04-24T07:51:03.322738+00:00
3687,UK,GBP,GDP,60,gdp_qoq,58,gdp_mom,GDP (MoM),Growth,1,41,0.832441,0.832441,False,strong,2026-04-24T07:51:03.322738+00:00
3688,UK,GBP,GDP,60,gdp_qoq,58,gdp_mom,GDP (MoM),Growth,0,37,0.762893,0.762893,False,strong,2026-04-24T07:51:03.322738+00:00
3689,UK,GBP,GDP,60,gdp_qoq,58,gdp_mom,GDP (MoM),Growth,3,36,-0.747825,0.747825,False,strong,2026-04-24T07:51:03.322738+00:00
3690,UK,GBP,GDP,60,gdp_qoq,58,gdp_mom,GDP (MoM),Growth,6,34,-0.287718,0.287718,False,weak,2026-04-24T07:51:03.322738+00:00
3691,UK,GBP,GDP,60,gdp_qoq,58,gdp_mom,GDP (MoM),Growth,5,39,-0.264324,0.264324,False,weak,2026-04-24T07:51:03.322738+00:00
3692,UK,GBP,GDP,60,gdp_qoq,58,gdp_mom,GDP (MoM),Growth,2,40,0.226504,0.226504,False,very_weak,2026-04-24T07:51:03.322738+00:00
3693,UK,GBP,GDP,60,gdp_qoq,59,gdp_yoy,GDP (YoY),Growth,4,38,-0.765807,0.765807,True,strong,2026-04-24T07:51:03.322738+00:00
3694,UK,GBP,GDP,60,gdp_qoq,59,gdp_yoy,GDP (YoY),Growth,1,40,0.719616,0.719616,False,strong,2026-04-24T07:51:03.322738+00:00
3695,UK,GBP,GDP,60,gdp_qoq,59,gdp_yoy,GDP (YoY),Growth,0,52,0.632655,0.632655,False,moderate,2026-04-24T07:51:03.322738+00:00
3696,UK,GBP,GDP,60,gdp_qoq,59,gdp_yoy,GDP (YoY),Growth,3,54,-0.331367,0.331367,False,weak,2026-04-24T07:51:03.322738+00:00
3697,UK,GBP,GDP,60,gdp_qoq,59,gdp_yoy,GDP (YoY),Growth,5,40,-0.100925,0.100925,False,very_weak,2026-04-24T07:51:03.322738+00:00
3698,UK,GBP,GDP,60,gdp_qoq,59,gdp_yoy,GDP (YoY),Growth,6,48,-0.056292,0.056292,False,very_weak,2026-04-24T07:51:03.322738+00:00
3699,UK,GBP,GDP,60,gdp_qoq,59,gdp_yoy,GDP (YoY),Growth,2,42,0.038423,0.038423,False,very_weak,2026-04-24T07:51:03.322738+00:00
3700,UK,GBP,GDP,60,gdp_qoq,61,manufacturing_pmi,Manufacturing PMI,Growth,3,20,-0.682646,0.682646,True,moderate,2026-04-24T07:51:03.322738+00:00
3701,UK,GBP,GDP,60,gdp_qoq,61,manufacturing_pmi,Manufacturing PMI,Growth,2,18,-0.655195,0.655195,False,moderate,2026-04-24T07:51:03.322738+00:00
3702,UK,GBP,GDP,60,gdp_qoq,61,manufacturing_pmi,Manufacturing PMI,Growth,6,17,0.324614,0.324614,False,weak,2026-04-24T07:51:03.322738+00:00
3703,UK,GBP,GDP,60,gdp_qoq,61,manufacturing_pmi,Manufacturing PMI,Growth,5,16,0.270811,0.270811,False,weak,2026-04-24T07:51:03.322738+00:00
3704,UK,GBP,GDP,60,gdp_qoq,61,manufacturing_pmi,Manufacturing PMI,Growth,4,15,-0.245948,0.245948,False,very_weak,2026-04-24T07:51:03.322738+00:00
3705,UK,GBP,GDP,60,gdp_qoq,61,manufacturing_pmi,Manufacturing PMI,Growth,1,19,0.205110,0.205110,False,very_weak,2026-04-24T07:51:03.322738+00:00
3706,UK,GBP,GDP,60,gdp_qoq,61,manufacturing_pmi,Manufacturing PMI,Growth,0,24,-0.137018,0.137018,False,very_weak,2026-04-24T07:51:03.322738+00:00
3707,UK,GBP,GDP,60,gdp_qoq,62,services_pmi,Services PMI,Growth,2,22,-0.653356,0.653356,True,moderate,2026-04-24T07:51:03.322738+00:00
3708,UK,GBP,GDP,60,gdp_qoq,62,services_pmi,Services PMI,Growth,5,19,0.570078,0.570078,False,moderate,2026-04-24T07:51:03.322738+00:00
3709,UK,GBP,GDP,60,gdp_qoq,62,services_pmi,Services PMI,Growth,0,26,0.489285,0.489285,False,moderate,2026-04-24T07:51:03.322738+00:00
3710,UK,GBP,GDP,60,gdp_qoq,62,services_pmi,Services PMI,Growth,6,19,-0.348876,0.348876,False,weak,2026-04-24T07:51:03.322738+00:00
3711,UK,GBP,GDP,60,gdp_qoq,62,services_pmi,Services PMI,Growth,4,15,-0.293226,0.293226,False,weak,2026-04-24T07:51:03.322738+00:00
3712,UK,GBP,GDP,60,gdp_qoq,62,services_pmi,Services PMI,Growth,1,19,-0.064470,0.064470,False,very_weak,2026-04-24T07:51:03.322738+00:00
3713,UK,GBP,GDP,60,gdp_qoq,62,services_pmi,Services PMI,Growth,3,22,-0.036332,0.036332,False,very_weak,2026-04-24T07:51:03.322738+00:00
3714,UK,GBP,GDP,60,gdp_qoq,63,composite_pmi,Composite PMI,Growth,5,19,0.605613,0.605613,True,moderate,2026-04-24T07:51:03.322738+00:00
3715,UK,GBP,GDP,60,gdp_qoq,63,composite_pmi,Composite PMI,Growth,2,22,-0.598247,0.598247,False,moderate,2026-04-24T07:51:03.322738+00:00
3716,UK,GBP,GDP,60,gdp_qoq,63,composite_pmi,Composite PMI,Growth,0,26,0.418463,0.418463,False,weak,2026-04-24T07:51:03.322738+00:00
3717,UK,GBP,GDP,60,gdp_qoq,63,composite_pmi,Composite PMI,Growth,4,15,-0.386285,0.386285,False,weak,2026-04-24T07:51:03.322738+00:00
3718,UK,GBP,GDP,60,gdp_qoq,63,composite_pmi,Composite PMI,Growth,6,19,-0.277781,0.277781,False,weak,2026-04-24T07:51:03.322738+00:00
3719,UK,GBP,GDP,60,gdp_qoq,63,composite_pmi,Composite PMI,Growth,3,22,-0.155481,0.155481,False,very_weak,2026-04-24T07:51:03.322738+00:00
3720,UK,GBP,GDP,60,gdp_qoq,63,composite_pmi,Composite PMI,Growth,1,19,0.047311,0.047311,False,very_weak,2026-04-24T07:51:03.322738+00:00
3721,UK,GBP,GDP,60,gdp_qoq,64,retail_sales_mom,Retail Sales (MoM),Growth,1,40,0.812022,0.812022,True,strong,2026-04-24T07:51:03.322738+00:00
3722,UK,GBP,GDP,60,gdp_qoq,64,retail_sales_mom,Retail Sales (MoM),Growth,3,40,-0.764389,0.764389,False,strong,2026-04-24T07:51:03.322738+00:00
3723,UK,GBP,GDP,60,gdp_qoq,64,retail_sales_mom,Retail Sales (MoM),Growth,4,39,-0.698327,0.698327,False,moderate,2026-04-24T07:51:03.322738+00:00
3724,UK,GBP,GDP,60,gdp_qoq,64,retail_sales_mom,Retail Sales (MoM),Growth,0,42,0.624542,0.624542,False,moderate,2026-04-24T07:51:03.322738+00:00
3725,UK,GBP,GDP,60,gdp_qoq,64,retail_sales_mom,Retail Sales (MoM),Growth,2,40,0.297622,0.297622,False,weak,2026-04-24T07:51:03.322738+00:00
3726,UK,GBP,GDP,60,gdp_qoq,64,retail_sales_mom,Retail Sales (MoM),Growth,6,38,-0.297343,0.297343,False,weak,2026-04-24T07:51:03.322738+00:00
3727,UK,GBP,GDP,60,gdp_qoq,64,retail_sales_mom,Retail Sales (MoM),Growth,5,39,-0.172924,0.172924,False,very_weak,2026-04-24T07:51:03.322738+00:00
3728,UK,GBP,GDP,60,gdp_qoq,65,industrial_production_yoy,Industrial Production (YoY),Growth,0,44,0.588490,0.588490,True,moderate,2026-04-24T07:51:03.322738+00:00
3729,UK,GBP,GDP,60,gdp_qoq,65,industrial_production_yoy,Industrial Production (YoY),Growth,1,42,0.573784,0.573784,False,moderate,2026-04-24T07:51:03.322738+00:00
3730,UK,GBP,GDP,60,gdp_qoq,65,industrial_production_yoy,Industrial Production (YoY),Growth,4,40,-0.561410,0.561410,False,moderate,2026-04-24T07:51:03.322738+00:00
3731,UK,GBP,GDP,60,gdp_qoq,65,industrial_production_yoy,Industrial Production (YoY),Growth,6,40,-0.519914,0.519914,False,moderate,2026-04-24T07:51:03.322738+00:00
3732,UK,GBP,GDP,60,gdp_qoq,65,industrial_production_yoy,Industrial Production (YoY),Growth,3,42,0.156607,0.156607,False,very_weak,2026-04-24T07:51:03.322738+00:00
3733,UK,GBP,GDP,60,gdp_qoq,65,industrial_production_yoy,Industrial Production (YoY),Growth,5,40,-0.021919,0.021919,False,very_weak,2026-04-24T07:51:03.322738+00:00
3734,UK,GBP,GDP,60,gdp_qoq,65,industrial_production_yoy,Industrial Production (YoY),Growth,2,42,0.021807,0.021807,False,very_weak,2026-04-24T07:51:03.322738+00:00
3735,UK,GBP,GDP,60,gdp_qoq,68,nationwide_hpi_yoy,Nationwide House Prices (YoY),Growth,1,40,-0.387426,0.387426,True,weak,2026-04-24T07:51:03.322738+00:00
3736,UK,GBP,GDP,60,gdp_qoq,68,nationwide_hpi_yoy,Nationwide House Prices (YoY),Growth,6,38,0.326187,0.326187,False,weak,2026-04-24T07:51:03.322738+00:00
3737,UK,GBP,GDP,60,gdp_qoq,68,nationwide_hpi_yoy,Nationwide House Prices (YoY),Growth,3,40,0.284135,0.284135,False,weak,2026-04-24T07:51:03.322738+00:00
3738,UK,GBP,GDP,60,gdp_qoq,68,nationwide_hpi_yoy,Nationwide House Prices (YoY),Growth,4,38,0.256317,0.256317,False,weak,2026-04-24T07:51:03.322738+00:00
3739,UK,GBP,GDP,60,gdp_qoq,68,nationwide_hpi_yoy,Nationwide House Prices (YoY),Growth,0,42,-0.253890,0.253890,False,weak,2026-04-24T07:51:03.322738+00:00
3740,UK,GBP,GDP,60,gdp_qoq,68,nationwide_hpi_yoy,Nationwide House Prices (YoY),Growth,5,40,0.152899,0.152899,False,very_weak,2026-04-24T07:51:03.322738+00:00
3741,UK,GBP,GDP,60,gdp_qoq,68,nationwide_hpi_yoy,Nationwide House Prices (YoY),Growth,2,42,-0.118305,0.118305,False,very_weak,2026-04-24T07:51:03.322738+00:00
3742,UK,GBP,GDP,60,gdp_qoq,80,house_price_index_yoy,House Price Index (YoY),Growth,5,49,-0.824663,0.824663,True,strong,2026-04-24T07:51:03.322738+00:00
3743,UK,GBP,GDP,60,gdp_qoq,80,house_price_index_yoy,House Price Index (YoY),Growth,2,52,0.656147,0.656147,False,moderate,2026-04-24T07:51:03.322738+00:00
3744,UK,GBP,GDP,60,gdp_qoq,80,house_price_index_yoy,House Price Index (YoY),Growth,0,53,0.581685,0.581685,False,moderate,2026-04-24T07:51:03.322738+00:00
3745,UK,GBP,GDP,60,gdp_qoq,80,house_price_index_yoy,House Price Index (YoY),Growth,3,48,-0.185223,0.185223,False,very_weak,2026-04-24T07:51:03.322738+00:00
3746,UK,GBP,GDP,60,gdp_qoq,80,house_price_index_yoy,House Price Index (YoY),Growth,4,45,-0.173998,0.173998,False,very_weak,2026-04-24T07:51:03.322738+00:00
3747,UK,GBP,GDP,60,gdp_qoq,80,house_price_index_yoy,House Price Index (YoY),Growth,6,45,-0.066565,0.066565,False,very_weak,2026-04-24T07:51:03.322738+00:00
3748,UK,GBP,GDP,60,gdp_qoq,80,house_price_index_yoy,House Price Index (YoY),Growth,1,49,0.042304,0.042304,False,very_weak,2026-04-24T07:51:03.322738+00:00
3749,UK,GBP,GDP,60,gdp_qoq,81,public_sector_net_borrowing,Public Sector Net Borrowing,Growth,3,39,-0.568163,0.568163,True,moderate,2026-04-24T07:51:03.322738+00:00
3750,UK,GBP,GDP,60,gdp_qoq,81,public_sector_net_borrowing,Public Sector Net Borrowing,Growth,0,39,0.409932,0.409932,False,weak,2026-04-24T07:51:03.322738+00:00
3751,UK,GBP,GDP,60,gdp_qoq,81,public_sector_net_borrowing,Public Sector Net Borrowing,Growth,2,41,-0.200290,0.200290,False,very_weak,2026-04-24T07:51:03.322738+00:00
3752,UK,GBP,GDP,60,gdp_qoq,81,public_sector_net_borrowing,Public Sector Net Borrowing,Growth,5,40,-0.125984,0.125984,False,very_weak,2026-04-24T07:51:03.322738+00:00
3753,UK,GBP,GDP,60,gdp_qoq,81,public_sector_net_borrowing,Public Sector Net Borrowing,Growth,4,41,-0.109439,0.109439,False,very_weak,2026-04-24T07:51:03.322738+00:00
3754,UK,GBP,GDP,60,gdp_qoq,81,public_sector_net_borrowing,Public Sector Net Borrowing,Growth,6,38,-0.076723,0.076723,False,very_weak,2026-04-24T07:51:03.322738+00:00
3755,UK,GBP,GDP,60,gdp_qoq,81,public_sector_net_borrowing,Public Sector Net Borrowing,Growth,1,43,0.053364,0.053364,False,very_weak,2026-04-24T07:51:03.322738+00:00
3756,UK,GBP,GDP,60,gdp_qoq,82,cbi_business_optimism,CBI Business Optimism Index,Growth,0,38,0.197629,0.197629,True,very_weak,2026-04-24T07:51:03.322738+00:00
3757,UK,GBP,GDP,60,gdp_qoq,82,cbi_business_optimism,CBI Business Optimism Index,Growth,3,36,0.137637,0.137637,False,very_weak,2026-04-24T07:51:03.322738+00:00
3758,UK,GBP,GDP,60,gdp_qoq,82,cbi_business_optimism,CBI Business Optimism Index,Growth,6,34,0.067219,0.067219,False,very_weak,2026-04-24T07:51:03.322738+00:00
3759,UK,GBP,GDP,60,gdp_qoq,83,cbi_industrial_trends_orders,CBI Industrial Trends Orders,Growth,0,42,0.442761,0.442761,True,weak,2026-04-24T07:51:03.322738+00:00
3760,UK,GBP,GDP,60,gdp_qoq,83,cbi_industrial_trends_orders,CBI Industrial Trends Orders,Growth,3,40,-0.414364,0.414364,False,weak,2026-04-24T07:51:03.322738+00:00
3761,UK,GBP,GDP,60,gdp_qoq,83,cbi_industrial_trends_orders,CBI Industrial Trends Orders,Growth,1,42,0.330517,0.330517,False,weak,2026-04-24T07:51:03.322738+00:00
3762,UK,GBP,GDP,60,gdp_qoq,83,cbi_industrial_trends_orders,CBI Industrial Trends Orders,Growth,4,40,-0.308625,0.308625,False,weak,2026-04-24T07:51:03.322738+00:00
3763,UK,GBP,GDP,60,gdp_qoq,83,cbi_industrial_trends_orders,CBI Industrial Trends Orders,Growth,6,38,0.257776,0.257776,False,weak,2026-04-24T07:51:03.322738+00:00
3764,UK,GBP,GDP,60,gdp_qoq,83,cbi_industrial_trends_orders,CBI Industrial Trends Orders,Growth,2,40,-0.184044,0.184044,False,very_weak,2026-04-24T07:51:03.322738+00:00
3765,UK,GBP,GDP,60,gdp_qoq,83,cbi_industrial_trends_orders,CBI Industrial Trends Orders,Growth,5,38,0.153301,0.153301,False,very_weak,2026-04-24T07:51:03.322738+00:00
3766,UK,GBP,GDP,60,gdp_qoq,84,consumer_confidence,Consumer Confidence,Growth,4,42,-0.650631,0.650631,True,moderate,2026-04-24T07:51:03.322738+00:00
3767,UK,GBP,GDP,60,gdp_qoq,84,consumer_confidence,Consumer Confidence,Growth,1,44,0.616659,0.616659,False,moderate,2026-04-24T07:51:03.322738+00:00
3768,UK,GBP,GDP,60,gdp_qoq,84,consumer_confidence,Consumer Confidence,Growth,0,42,0.324282,0.324282,False,weak,2026-04-24T07:51:03.322738+00:00
3769,UK,GBP,GDP,60,gdp_qoq,84,consumer_confidence,Consumer Confidence,Growth,5,40,-0.271247,0.271247,False,weak,2026-04-24T07:51:03.322738+00:00
3770,UK,GBP,GDP,60,gdp_qoq,84,consumer_confidence,Consumer Confidence,Growth,2,42,-0.112261,0.112261,False,very_weak,2026-04-24T07:51:03.322738+00:00
3771,UK,GBP,GDP,60,gdp_qoq,84,consumer_confidence,Consumer Confidence,Growth,3,40,-0.106004,0.106004,False,very_weak,2026-04-24T07:51:03.322738+00:00
3772,UK,GBP,GDP,60,gdp_qoq,84,consumer_confidence,Consumer Confidence,Growth,6,38,-0.081789,0.081789,False,very_weak,2026-04-24T07:51:03.322738+00:00
3773,UK,GBP,GDP,60,gdp_qoq,85,retail_sales_yoy,Retail Sales (YoY),Growth,4,40,-0.938885,0.938885,True,strong,2026-04-24T07:51:03.322738+00:00
3774,UK,GBP,GDP,60,gdp_qoq,85,retail_sales_yoy,Retail Sales (YoY),Growth,1,42,0.800663,0.800663,False,strong,2026-04-24T07:51:03.322738+00:00
3775,UK,GBP,GDP,60,gdp_qoq,85,retail_sales_yoy,Retail Sales (YoY),Growth,3,40,-0.538963,0.538963,False,moderate,2026-04-24T07:51:03.322738+00:00
3776,UK,GBP,GDP,60,gdp_qoq,85,retail_sales_yoy,Retail Sales (YoY),Growth,0,42,0.521496,0.521496,False,moderate,2026-04-24T07:51:03.322738+00:00
3777,UK,GBP,GDP,60,gdp_qoq,85,retail_sales_yoy,Retail Sales (YoY),Growth,2,38,-0.191962,0.191962,False,very_weak,2026-04-24T07:51:03.322738+00:00
3778,UK,GBP,GDP,60,gdp_qoq,85,retail_sales_yoy,Retail Sales (YoY),Growth,5,36,-0.187175,0.187175,False,very_weak,2026-04-24T07:51:03.322738+00:00
3779,UK,GBP,GDP,60,gdp_qoq,85,retail_sales_yoy,Retail Sales (YoY),Growth,6,38,-0.043720,0.043720,False,very_weak,2026-04-24T07:51:03.322738+00:00
3780,UK,GBP,GDP,60,gdp_qoq,86,retail_sales_ex_fuel_mom,Retail Sales Ex Fuel (MoM),Growth,3,40,-0.752389,0.752389,True,strong,2026-04-24T07:51:03.322738+00:00
3781,UK,GBP,GDP,60,gdp_qoq,86,retail_sales_ex_fuel_mom,Retail Sales Ex Fuel (MoM),Growth,1,42,0.659606,0.659606,False,moderate,2026-04-24T07:51:03.322738+00:00
3782,UK,GBP,GDP,60,gdp_qoq,86,retail_sales_ex_fuel_mom,Retail Sales Ex Fuel (MoM),Growth,0,42,0.582170,0.582170,False,moderate,2026-04-24T07:51:03.322738+00:00
3783,UK,GBP,GDP,60,gdp_qoq,86,retail_sales_ex_fuel_mom,Retail Sales Ex Fuel (MoM),Growth,4,40,-0.388608,0.388608,False,weak,2026-04-24T07:51:03.322738+00:00
3784,UK,GBP,GDP,60,gdp_qoq,86,retail_sales_ex_fuel_mom,Retail Sales Ex Fuel (MoM),Growth,2,42,0.330322,0.330322,False,weak,2026-04-24T07:51:03.322738+00:00
3785,UK,GBP,GDP,60,gdp_qoq,86,retail_sales_ex_fuel_mom,Retail Sales Ex Fuel (MoM),Growth,6,38,-0.281373,0.281373,False,weak,2026-04-24T07:51:03.322738+00:00
3786,UK,GBP,GDP,60,gdp_qoq,86,retail_sales_ex_fuel_mom,Retail Sales Ex Fuel (MoM),Growth,5,40,-0.185462,0.185462,False,very_weak,2026-04-24T07:51:03.322738+00:00
3787,UK,GBP,GDP,60,gdp_qoq,87,retail_sales_ex_fuel_yoy,Retail Sales Ex Fuel (YoY),Growth,4,40,-0.894301,0.894301,True,strong,2026-04-24T07:51:03.322738+00:00
3788,UK,GBP,GDP,60,gdp_qoq,87,retail_sales_ex_fuel_yoy,Retail Sales Ex Fuel (YoY),Growth,1,42,0.792004,0.792004,False,strong,2026-04-24T07:51:03.322738+00:00
3789,UK,GBP,GDP,60,gdp_qoq,87,retail_sales_ex_fuel_yoy,Retail Sales Ex Fuel (YoY),Growth,3,40,-0.635970,0.635970,False,moderate,2026-04-24T07:51:03.322738+00:00
3790,UK,GBP,GDP,60,gdp_qoq,87,retail_sales_ex_fuel_yoy,Retail Sales Ex Fuel (YoY),Growth,0,42,0.576053,0.576053,False,moderate,2026-04-24T07:51:03.322738+00:00
3791,UK,GBP,GDP,60,gdp_qoq,87,retail_sales_ex_fuel_yoy,Retail Sales Ex Fuel (YoY),Growth,5,40,-0.293962,0.293962,False,weak,2026-04-24T07:51:03.322738+00:00
3792,UK,GBP,GDP,60,gdp_qoq,87,retail_sales_ex_fuel_yoy,Retail Sales Ex Fuel (YoY),Growth,6,38,-0.078171,0.078171,False,very_weak,2026-04-24T07:51:03.322738+00:00
3793,UK,GBP,GDP,60,gdp_qoq,87,retail_sales_ex_fuel_yoy,Retail Sales Ex Fuel (YoY),Growth,2,42,0.048718,0.048718,False,very_weak,2026-04-24T07:51:03.322738+00:00
3794,UK,GBP,GDP,60,gdp_qoq,185,niesr_monthly_gdp_tracker,NIESR Monthly GDP Tracker,Growth,0,59,0.491490,0.491490,True,moderate,2026-04-24T07:51:03.322738+00:00
3795,UK,GBP,GDP,60,gdp_qoq,185,niesr_monthly_gdp_tracker,NIESR Monthly GDP Tracker,Growth,3,57,-0.325627,0.325627,False,weak,2026-04-24T07:51:03.322738+00:00
3796,UK,GBP,GDP,60,gdp_qoq,185,niesr_monthly_gdp_tracker,NIESR Monthly GDP Tracker,Growth,4,34,-0.152270,0.152270,False,very_weak,2026-04-24T07:51:03.322738+00:00
3797,UK,GBP,GDP,60,gdp_qoq,185,niesr_monthly_gdp_tracker,NIESR Monthly GDP Tracker,Growth,6,53,-0.120308,0.120308,False,very_weak,2026-04-24T07:51:03.322738+00:00
3798,UK,GBP,GDP,60,gdp_qoq,185,niesr_monthly_gdp_tracker,NIESR Monthly GDP Tracker,Growth,5,38,-0.066996,0.066996,False,very_weak,2026-04-24T07:51:03.322738+00:00
3799,UK,GBP,GDP,60,gdp_qoq,185,niesr_monthly_gdp_tracker,NIESR Monthly GDP Tracker,Growth,1,39,0.045334,0.045334,False,very_weak,2026-04-24T07:51:03.322738+00:00
3800,UK,GBP,GDP,60,gdp_qoq,185,niesr_monthly_gdp_tracker,NIESR Monthly GDP Tracker,Growth,2,42,-0.039979,0.039979,False,very_weak,2026-04-24T07:51:03.322738+00:00
3801,UK,GBP,GDP,60,gdp_qoq,186,house_price_index_mom,House Price Index (MoM),Growth,0,47,0.564546,0.564546,True,moderate,2026-04-24T07:51:03.322738+00:00
3802,UK,GBP,GDP,60,gdp_qoq,186,house_price_index_mom,House Price Index (MoM),Growth,4,39,-0.306509,0.306509,False,weak,2026-04-24T07:51:03.322738+00:00
3803,UK,GBP,GDP,60,gdp_qoq,186,house_price_index_mom,House Price Index (MoM),Growth,3,44,-0.304164,0.304164,False,weak,2026-04-24T07:51:03.322738+00:00
3804,UK,GBP,GDP,60,gdp_qoq,186,house_price_index_mom,House Price Index (MoM),Growth,6,42,-0.272248,0.272248,False,weak,2026-04-24T07:51:03.322738+00:00
3805,UK,GBP,GDP,60,gdp_qoq,186,house_price_index_mom,House Price Index (MoM),Growth,5,41,-0.100166,0.100166,False,very_weak,2026-04-24T07:51:03.322738+00:00
3806,UK,GBP,GDP,60,gdp_qoq,186,house_price_index_mom,House Price Index (MoM),Growth,2,46,0.044056,0.044056,False,very_weak,2026-04-24T07:51:03.322738+00:00
3807,UK,GBP,GDP,60,gdp_qoq,186,house_price_index_mom,House Price Index (MoM),Growth,1,41,0.026931,0.026931,False,very_weak,2026-04-24T07:51:03.322738+00:00
3808,UK,GBP,UNEMPLOYMENT,53,unemployment_rate,54,claimant_count_change,Claimant Count Change,Labor,6,67,0.142900,0.142900,True,very_weak,2026-04-24T07:51:03.322738+00:00
3809,UK,GBP,UNEMPLOYMENT,53,unemployment_rate,54,claimant_count_change,Claimant Count Change,Labor,2,71,-0.125578,0.125578,False,very_weak,2026-04-24T07:51:03.322738+00:00
3810,UK,GBP,UNEMPLOYMENT,53,unemployment_rate,54,claimant_count_change,Claimant Count Change,Labor,1,72,-0.122615,0.122615,False,very_weak,2026-04-24T07:51:03.322738+00:00
3811,UK,GBP,UNEMPLOYMENT,53,unemployment_rate,54,claimant_count_change,Claimant Count Change,Labor,5,68,0.114813,0.114813,False,very_weak,2026-04-24T07:51:03.322738+00:00
3812,UK,GBP,UNEMPLOYMENT,53,unemployment_rate,54,claimant_count_change,Claimant Count Change,Labor,0,73,-0.113559,0.113559,False,very_weak,2026-04-24T07:51:03.322738+00:00
3813,UK,GBP,UNEMPLOYMENT,53,unemployment_rate,54,claimant_count_change,Claimant Count Change,Labor,3,70,-0.073267,0.073267,False,very_weak,2026-04-24T07:51:03.322738+00:00
3814,UK,GBP,UNEMPLOYMENT,53,unemployment_rate,54,claimant_count_change,Claimant Count Change,Labor,4,69,0.038791,0.038791,False,very_weak,2026-04-24T07:51:03.322738+00:00
3815,UK,GBP,UNEMPLOYMENT,53,unemployment_rate,55,employment_change,Employment Change,Labor,0,27,-0.125215,0.125215,True,very_weak,2026-04-24T07:51:03.322738+00:00
3816,UK,GBP,UNEMPLOYMENT,53,unemployment_rate,55,employment_change,Employment Change,Labor,1,73,0.079307,0.079307,False,very_weak,2026-04-24T07:51:03.322738+00:00
3817,UK,GBP,UNEMPLOYMENT,53,unemployment_rate,55,employment_change,Employment Change,Labor,2,72,0.059511,0.059511,False,very_weak,2026-04-24T07:51:03.322738+00:00
3818,UK,GBP,UNEMPLOYMENT,53,unemployment_rate,55,employment_change,Employment Change,Labor,3,71,0.058435,0.058435,False,very_weak,2026-04-24T07:51:03.322738+00:00
3819,UK,GBP,UNEMPLOYMENT,53,unemployment_rate,55,employment_change,Employment Change,Labor,6,68,-0.044979,0.044979,False,very_weak,2026-04-24T07:51:03.322738+00:00
3820,UK,GBP,UNEMPLOYMENT,53,unemployment_rate,55,employment_change,Employment Change,Labor,5,69,-0.026788,0.026788,False,very_weak,2026-04-24T07:51:03.322738+00:00
3821,UK,GBP,UNEMPLOYMENT,53,unemployment_rate,55,employment_change,Employment Change,Labor,4,70,0.026688,0.026688,False,very_weak,2026-04-24T07:51:03.322738+00:00
3822,UK,GBP,UNEMPLOYMENT,53,unemployment_rate,58,gdp_mom,GDP (MoM),Growth,0,51,0.150928,0.150928,True,very_weak,2026-04-24T07:51:03.322738+00:00
3823,UK,GBP,UNEMPLOYMENT,53,unemployment_rate,58,gdp_mom,GDP (MoM),Growth,2,66,0.146332,0.146332,False,very_weak,2026-04-24T07:51:03.322738+00:00
3824,UK,GBP,UNEMPLOYMENT,53,unemployment_rate,58,gdp_mom,GDP (MoM),Growth,3,65,0.145370,0.145370,False,very_weak,2026-04-24T07:51:03.322738+00:00
3825,UK,GBP,UNEMPLOYMENT,53,unemployment_rate,58,gdp_mom,GDP (MoM),Growth,6,62,-0.127028,0.127028,False,very_weak,2026-04-24T07:51:03.322738+00:00
3826,UK,GBP,UNEMPLOYMENT,53,unemployment_rate,58,gdp_mom,GDP (MoM),Growth,1,66,0.121858,0.121858,False,very_weak,2026-04-24T07:51:03.322738+00:00
3827,UK,GBP,UNEMPLOYMENT,53,unemployment_rate,58,gdp_mom,GDP (MoM),Growth,4,64,0.065296,0.065296,False,very_weak,2026-04-24T07:51:03.322738+00:00
3828,UK,GBP,UNEMPLOYMENT,53,unemployment_rate,58,gdp_mom,GDP (MoM),Growth,5,63,-0.037604,0.037604,False,very_weak,2026-04-24T07:51:03.322738+00:00
3829,UK,GBP,UNEMPLOYMENT,53,unemployment_rate,59,gdp_yoy,GDP (YoY),Growth,0,52,0.311156,0.311156,True,weak,2026-04-24T07:51:03.322738+00:00
3830,UK,GBP,UNEMPLOYMENT,53,unemployment_rate,59,gdp_yoy,GDP (YoY),Growth,2,67,0.274106,0.274106,False,weak,2026-04-24T07:51:03.322738+00:00
3831,UK,GBP,UNEMPLOYMENT,53,unemployment_rate,59,gdp_yoy,GDP (YoY),Growth,1,66,0.263875,0.263875,False,weak,2026-04-24T07:51:03.322738+00:00
3832,UK,GBP,UNEMPLOYMENT,53,unemployment_rate,59,gdp_yoy,GDP (YoY),Growth,3,71,0.222351,0.222351,False,very_weak,2026-04-24T07:51:03.322738+00:00
3833,UK,GBP,UNEMPLOYMENT,53,unemployment_rate,59,gdp_yoy,GDP (YoY),Growth,4,76,0.105558,0.105558,False,very_weak,2026-04-24T07:51:03.322738+00:00
3834,UK,GBP,UNEMPLOYMENT,53,unemployment_rate,59,gdp_yoy,GDP (YoY),Growth,6,74,-0.058263,0.058263,False,very_weak,2026-04-24T07:51:03.322738+00:00
3835,UK,GBP,UNEMPLOYMENT,53,unemployment_rate,59,gdp_yoy,GDP (YoY),Growth,5,75,0.025057,0.025057,False,very_weak,2026-04-24T07:51:03.322738+00:00
3836,UK,GBP,UNEMPLOYMENT,53,unemployment_rate,60,gdp_qoq,GDP (QoQ),Growth,2,12,0.341069,0.341069,True,weak,2026-04-24T07:51:03.322738+00:00
3837,UK,GBP,UNEMPLOYMENT,53,unemployment_rate,60,gdp_qoq,GDP (QoQ),Growth,6,41,-0.164446,0.164446,False,very_weak,2026-04-24T07:51:03.322738+00:00
3838,UK,GBP,UNEMPLOYMENT,53,unemployment_rate,60,gdp_qoq,GDP (QoQ),Growth,3,20,0.136739,0.136739,False,very_weak,2026-04-24T07:51:03.322738+00:00
3839,UK,GBP,UNEMPLOYMENT,53,unemployment_rate,60,gdp_qoq,GDP (QoQ),Growth,5,41,-0.123999,0.123999,False,very_weak,2026-04-24T07:51:03.322738+00:00
3840,UK,GBP,UNEMPLOYMENT,53,unemployment_rate,60,gdp_qoq,GDP (QoQ),Growth,4,42,-0.030467,0.030467,False,very_weak,2026-04-24T07:51:03.322738+00:00
3841,UK,GBP,UNEMPLOYMENT,53,unemployment_rate,61,manufacturing_pmi,Manufacturing PMI,Growth,5,34,-0.281544,0.281544,True,weak,2026-04-24T07:51:03.322738+00:00
3842,UK,GBP,UNEMPLOYMENT,53,unemployment_rate,61,manufacturing_pmi,Manufacturing PMI,Growth,6,32,-0.243913,0.243913,False,very_weak,2026-04-24T07:51:03.322738+00:00
3843,UK,GBP,UNEMPLOYMENT,53,unemployment_rate,61,manufacturing_pmi,Manufacturing PMI,Growth,4,36,-0.173138,0.173138,False,very_weak,2026-04-24T07:51:03.322738+00:00
3844,UK,GBP,UNEMPLOYMENT,53,unemployment_rate,61,manufacturing_pmi,Manufacturing PMI,Growth,3,37,-0.087755,0.087755,False,very_weak,2026-04-24T07:51:03.322738+00:00
3845,UK,GBP,UNEMPLOYMENT,53,unemployment_rate,61,manufacturing_pmi,Manufacturing PMI,Growth,0,40,0.075581,0.075581,False,very_weak,2026-04-24T07:51:03.322738+00:00
3846,UK,GBP,UNEMPLOYMENT,53,unemployment_rate,61,manufacturing_pmi,Manufacturing PMI,Growth,1,39,0.009453,0.009453,False,very_weak,2026-04-24T07:51:03.322738+00:00
3847,UK,GBP,UNEMPLOYMENT,53,unemployment_rate,61,manufacturing_pmi,Manufacturing PMI,Growth,2,38,-0.006386,0.006386,False,very_weak,2026-04-24T07:51:03.322738+00:00
3848,UK,GBP,UNEMPLOYMENT,53,unemployment_rate,62,services_pmi,Services PMI,Growth,6,35,0.136366,0.136366,True,very_weak,2026-04-24T07:51:03.322738+00:00
3849,UK,GBP,UNEMPLOYMENT,53,unemployment_rate,62,services_pmi,Services PMI,Growth,5,37,0.134069,0.134069,False,very_weak,2026-04-24T07:51:03.322738+00:00
3850,UK,GBP,UNEMPLOYMENT,53,unemployment_rate,62,services_pmi,Services PMI,Growth,3,41,0.101779,0.101779,False,very_weak,2026-04-24T07:51:03.322738+00:00
3851,UK,GBP,UNEMPLOYMENT,53,unemployment_rate,62,services_pmi,Services PMI,Growth,1,43,0.086592,0.086592,False,very_weak,2026-04-24T07:51:03.322738+00:00
3852,UK,GBP,UNEMPLOYMENT,53,unemployment_rate,62,services_pmi,Services PMI,Growth,4,39,0.084498,0.084498,False,very_weak,2026-04-24T07:51:03.322738+00:00
3853,UK,GBP,UNEMPLOYMENT,53,unemployment_rate,62,services_pmi,Services PMI,Growth,2,42,0.082200,0.082200,False,very_weak,2026-04-24T07:51:03.322738+00:00
3854,UK,GBP,UNEMPLOYMENT,53,unemployment_rate,62,services_pmi,Services PMI,Growth,0,44,0.034121,0.034121,False,very_weak,2026-04-24T07:51:03.322738+00:00
3855,UK,GBP,UNEMPLOYMENT,53,unemployment_rate,63,composite_pmi,Composite PMI,Growth,4,39,-0.096092,0.096092,True,very_weak,2026-04-24T07:51:03.322738+00:00
3856,UK,GBP,UNEMPLOYMENT,53,unemployment_rate,63,composite_pmi,Composite PMI,Growth,6,35,-0.085200,0.085200,False,very_weak,2026-04-24T07:51:03.322738+00:00
3857,UK,GBP,UNEMPLOYMENT,53,unemployment_rate,63,composite_pmi,Composite PMI,Growth,1,43,0.062238,0.062238,False,very_weak,2026-04-24T07:51:03.322738+00:00
3858,UK,GBP,UNEMPLOYMENT,53,unemployment_rate,63,composite_pmi,Composite PMI,Growth,5,37,-0.051981,0.051981,False,very_weak,2026-04-24T07:51:03.322738+00:00
3859,UK,GBP,UNEMPLOYMENT,53,unemployment_rate,63,composite_pmi,Composite PMI,Growth,0,44,0.028837,0.028837,False,very_weak,2026-04-24T07:51:03.322738+00:00
3860,UK,GBP,UNEMPLOYMENT,53,unemployment_rate,63,composite_pmi,Composite PMI,Growth,3,41,-0.020937,0.020937,False,very_weak,2026-04-24T07:51:03.322738+00:00
3861,UK,GBP,UNEMPLOYMENT,53,unemployment_rate,63,composite_pmi,Composite PMI,Growth,2,42,0.008623,0.008623,False,very_weak,2026-04-24T07:51:03.322738+00:00
3862,UK,GBP,UNEMPLOYMENT,53,unemployment_rate,64,retail_sales_mom,Retail Sales (MoM),Growth,6,65,-0.127579,0.127579,True,very_weak,2026-04-24T07:51:03.322738+00:00
3863,UK,GBP,UNEMPLOYMENT,53,unemployment_rate,64,retail_sales_mom,Retail Sales (MoM),Growth,5,66,-0.073473,0.073473,False,very_weak,2026-04-24T07:51:03.322738+00:00
3864,UK,GBP,UNEMPLOYMENT,53,unemployment_rate,64,retail_sales_mom,Retail Sales (MoM),Growth,3,68,0.052642,0.052642,False,very_weak,2026-04-24T07:51:03.322738+00:00
3865,UK,GBP,UNEMPLOYMENT,53,unemployment_rate,64,retail_sales_mom,Retail Sales (MoM),Growth,1,70,0.032357,0.032357,False,very_weak,2026-04-24T07:51:03.322738+00:00
3866,UK,GBP,UNEMPLOYMENT,53,unemployment_rate,64,retail_sales_mom,Retail Sales (MoM),Growth,2,69,0.030921,0.030921,False,very_weak,2026-04-24T07:51:03.322738+00:00
3867,UK,GBP,UNEMPLOYMENT,53,unemployment_rate,64,retail_sales_mom,Retail Sales (MoM),Growth,0,71,0.017359,0.017359,False,very_weak,2026-04-24T07:51:03.322738+00:00
3868,UK,GBP,UNEMPLOYMENT,53,unemployment_rate,64,retail_sales_mom,Retail Sales (MoM),Growth,4,67,-0.007015,0.007015,False,very_weak,2026-04-24T07:51:03.322738+00:00
3869,UK,GBP,UNEMPLOYMENT,53,unemployment_rate,65,industrial_production_yoy,Industrial Production (YoY),Growth,0,55,0.383265,0.383265,True,weak,2026-04-24T07:51:03.322738+00:00
3870,UK,GBP,UNEMPLOYMENT,53,unemployment_rate,65,industrial_production_yoy,Industrial Production (YoY),Growth,2,72,0.338777,0.338777,False,weak,2026-04-24T07:51:03.322738+00:00
3871,UK,GBP,UNEMPLOYMENT,53,unemployment_rate,65,industrial_production_yoy,Industrial Production (YoY),Growth,1,73,0.332788,0.332788,False,weak,2026-04-24T07:51:03.322738+00:00
3872,UK,GBP,UNEMPLOYMENT,53,unemployment_rate,65,industrial_production_yoy,Industrial Production (YoY),Growth,3,71,0.279871,0.279871,False,weak,2026-04-24T07:51:03.322738+00:00
3873,UK,GBP,UNEMPLOYMENT,53,unemployment_rate,65,industrial_production_yoy,Industrial Production (YoY),Growth,4,70,0.179915,0.179915,False,very_weak,2026-04-24T07:51:03.322738+00:00
3874,UK,GBP,UNEMPLOYMENT,53,unemployment_rate,65,industrial_production_yoy,Industrial Production (YoY),Growth,5,69,0.092797,0.092797,False,very_weak,2026-04-24T07:51:03.322738+00:00
3875,UK,GBP,UNEMPLOYMENT,53,unemployment_rate,65,industrial_production_yoy,Industrial Production (YoY),Growth,6,68,0.023065,0.023065,False,very_weak,2026-04-24T07:51:03.322738+00:00
3876,UK,GBP,UNEMPLOYMENT,53,unemployment_rate,68,nationwide_hpi_yoy,Nationwide House Prices (YoY),Growth,6,66,-0.050874,0.050874,True,very_weak,2026-04-24T07:51:03.322738+00:00
3877,UK,GBP,UNEMPLOYMENT,53,unemployment_rate,68,nationwide_hpi_yoy,Nationwide House Prices (YoY),Growth,0,72,0.028121,0.028121,False,very_weak,2026-04-24T07:51:03.322738+00:00
3878,UK,GBP,UNEMPLOYMENT,53,unemployment_rate,68,nationwide_hpi_yoy,Nationwide House Prices (YoY),Growth,4,68,0.025415,0.025415,False,very_weak,2026-04-24T07:51:03.322738+00:00
3879,UK,GBP,UNEMPLOYMENT,53,unemployment_rate,68,nationwide_hpi_yoy,Nationwide House Prices (YoY),Growth,3,69,0.024125,0.024125,False,very_weak,2026-04-24T07:51:03.322738+00:00
3880,UK,GBP,UNEMPLOYMENT,53,unemployment_rate,68,nationwide_hpi_yoy,Nationwide House Prices (YoY),Growth,5,67,-0.018960,0.018960,False,very_weak,2026-04-24T07:51:03.322738+00:00
3881,UK,GBP,UNEMPLOYMENT,53,unemployment_rate,68,nationwide_hpi_yoy,Nationwide House Prices (YoY),Growth,2,70,-0.007127,0.007127,False,very_weak,2026-04-24T07:51:03.322738+00:00
3882,UK,GBP,UNEMPLOYMENT,53,unemployment_rate,68,nationwide_hpi_yoy,Nationwide House Prices (YoY),Growth,1,71,0.002197,0.002197,False,very_weak,2026-04-24T07:51:03.322738+00:00
3883,UK,GBP,UNEMPLOYMENT,53,unemployment_rate,70,hmrc_payrolls_change,HMRC Payrolls Change,Labor,4,34,0.189006,0.189006,True,very_weak,2026-04-24T07:51:03.322738+00:00
3884,UK,GBP,UNEMPLOYMENT,53,unemployment_rate,70,hmrc_payrolls_change,HMRC Payrolls Change,Labor,0,38,0.133262,0.133262,False,very_weak,2026-04-24T07:51:03.322738+00:00
3885,UK,GBP,UNEMPLOYMENT,53,unemployment_rate,70,hmrc_payrolls_change,HMRC Payrolls Change,Labor,3,35,0.102476,0.102476,False,very_weak,2026-04-24T07:51:03.322738+00:00
3886,UK,GBP,UNEMPLOYMENT,53,unemployment_rate,70,hmrc_payrolls_change,HMRC Payrolls Change,Labor,5,33,0.100176,0.100176,False,very_weak,2026-04-24T07:51:03.322738+00:00
3887,UK,GBP,UNEMPLOYMENT,53,unemployment_rate,70,hmrc_payrolls_change,HMRC Payrolls Change,Labor,1,37,0.038820,0.038820,False,very_weak,2026-04-24T07:51:03.322738+00:00
3888,UK,GBP,UNEMPLOYMENT,53,unemployment_rate,70,hmrc_payrolls_change,HMRC Payrolls Change,Labor,2,36,0.024947,0.024947,False,very_weak,2026-04-24T07:51:03.322738+00:00
3889,UK,GBP,UNEMPLOYMENT,53,unemployment_rate,70,hmrc_payrolls_change,HMRC Payrolls Change,Labor,6,32,0.011660,0.011660,False,very_weak,2026-04-24T07:51:03.322738+00:00
3890,UK,GBP,UNEMPLOYMENT,53,unemployment_rate,80,house_price_index_yoy,House Price Index (YoY),Growth,4,85,0.128139,0.128139,True,very_weak,2026-04-24T07:51:03.322738+00:00
3891,UK,GBP,UNEMPLOYMENT,53,unemployment_rate,80,house_price_index_yoy,House Price Index (YoY),Growth,3,87,0.122656,0.122656,False,very_weak,2026-04-24T07:51:03.322738+00:00
3892,UK,GBP,UNEMPLOYMENT,53,unemployment_rate,80,house_price_index_yoy,House Price Index (YoY),Growth,2,88,0.103074,0.103074,False,very_weak,2026-04-24T07:51:03.322738+00:00
3893,UK,GBP,UNEMPLOYMENT,53,unemployment_rate,80,house_price_index_yoy,House Price Index (YoY),Growth,1,88,0.084343,0.084343,False,very_weak,2026-04-24T07:51:03.322738+00:00
3894,UK,GBP,UNEMPLOYMENT,53,unemployment_rate,80,house_price_index_yoy,House Price Index (YoY),Growth,5,83,0.064446,0.064446,False,very_weak,2026-04-24T07:51:03.322738+00:00
3895,UK,GBP,UNEMPLOYMENT,53,unemployment_rate,80,house_price_index_yoy,House Price Index (YoY),Growth,0,88,0.060285,0.060285,False,very_weak,2026-04-24T07:51:03.322738+00:00
3896,UK,GBP,UNEMPLOYMENT,53,unemployment_rate,80,house_price_index_yoy,House Price Index (YoY),Growth,6,81,-0.040789,0.040789,False,very_weak,2026-04-24T07:51:03.322738+00:00
3897,UK,GBP,UNEMPLOYMENT,53,unemployment_rate,81,public_sector_net_borrowing,Public Sector Net Borrowing,Growth,6,66,-0.227526,0.227526,True,very_weak,2026-04-24T07:51:03.322738+00:00
3898,UK,GBP,UNEMPLOYMENT,53,unemployment_rate,81,public_sector_net_borrowing,Public Sector Net Borrowing,Growth,5,66,-0.155260,0.155260,False,very_weak,2026-04-24T07:51:03.322738+00:00
3899,UK,GBP,UNEMPLOYMENT,53,unemployment_rate,81,public_sector_net_borrowing,Public Sector Net Borrowing,Growth,4,66,-0.058987,0.058987,False,very_weak,2026-04-24T07:51:03.322738+00:00
3900,UK,GBP,UNEMPLOYMENT,53,unemployment_rate,81,public_sector_net_borrowing,Public Sector Net Borrowing,Growth,1,68,-0.014362,0.014362,False,very_weak,2026-04-24T07:51:03.322738+00:00
3901,UK,GBP,UNEMPLOYMENT,53,unemployment_rate,81,public_sector_net_borrowing,Public Sector Net Borrowing,Growth,0,68,-0.010246,0.010246,False,very_weak,2026-04-24T07:51:03.322738+00:00
3902,UK,GBP,UNEMPLOYMENT,53,unemployment_rate,81,public_sector_net_borrowing,Public Sector Net Borrowing,Growth,2,67,-0.009943,0.009943,False,very_weak,2026-04-24T07:51:03.322738+00:00
3903,UK,GBP,UNEMPLOYMENT,53,unemployment_rate,81,public_sector_net_borrowing,Public Sector Net Borrowing,Growth,3,66,-0.008915,0.008915,False,very_weak,2026-04-24T07:51:03.322738+00:00
3904,UK,GBP,UNEMPLOYMENT,53,unemployment_rate,82,cbi_business_optimism,CBI Business Optimism Index,Growth,1,22,0.248923,0.248923,True,very_weak,2026-04-24T07:51:03.322738+00:00
3905,UK,GBP,UNEMPLOYMENT,53,unemployment_rate,82,cbi_business_optimism,CBI Business Optimism Index,Growth,0,22,0.233860,0.233860,False,very_weak,2026-04-24T07:51:03.322738+00:00
3906,UK,GBP,UNEMPLOYMENT,53,unemployment_rate,82,cbi_business_optimism,CBI Business Optimism Index,Growth,2,21,0.111335,0.111335,False,very_weak,2026-04-24T07:51:03.322738+00:00
3907,UK,GBP,UNEMPLOYMENT,53,unemployment_rate,82,cbi_business_optimism,CBI Business Optimism Index,Growth,6,20,-0.095377,0.095377,False,very_weak,2026-04-24T07:51:03.322738+00:00
3908,UK,GBP,UNEMPLOYMENT,53,unemployment_rate,82,cbi_business_optimism,CBI Business Optimism Index,Growth,5,20,-0.071475,0.071475,False,very_weak,2026-04-24T07:51:03.322738+00:00
3909,UK,GBP,UNEMPLOYMENT,53,unemployment_rate,82,cbi_business_optimism,CBI Business Optimism Index,Growth,3,21,0.065881,0.065881,False,very_weak,2026-04-24T07:51:03.322738+00:00
3910,UK,GBP,UNEMPLOYMENT,53,unemployment_rate,82,cbi_business_optimism,CBI Business Optimism Index,Growth,4,21,0.006884,0.006884,False,very_weak,2026-04-24T07:51:03.322738+00:00
3911,UK,GBP,UNEMPLOYMENT,53,unemployment_rate,83,cbi_industrial_trends_orders,CBI Industrial Trends Orders,Growth,0,72,0.431991,0.431991,True,weak,2026-04-24T07:51:03.322738+00:00
3912,UK,GBP,UNEMPLOYMENT,53,unemployment_rate,83,cbi_industrial_trends_orders,CBI Industrial Trends Orders,Growth,1,71,0.417993,0.417993,False,weak,2026-04-24T07:51:03.322738+00:00
3913,UK,GBP,UNEMPLOYMENT,53,unemployment_rate,83,cbi_industrial_trends_orders,CBI Industrial Trends Orders,Growth,2,70,0.347632,0.347632,False,weak,2026-04-24T07:51:03.322738+00:00
3914,UK,GBP,UNEMPLOYMENT,53,unemployment_rate,83,cbi_industrial_trends_orders,CBI Industrial Trends Orders,Growth,3,69,0.290864,0.290864,False,weak,2026-04-24T07:51:03.322738+00:00
3915,UK,GBP,UNEMPLOYMENT,53,unemployment_rate,83,cbi_industrial_trends_orders,CBI Industrial Trends Orders,Growth,4,68,0.159782,0.159782,False,very_weak,2026-04-24T07:51:03.322738+00:00
3916,UK,GBP,UNEMPLOYMENT,53,unemployment_rate,83,cbi_industrial_trends_orders,CBI Industrial Trends Orders,Growth,6,66,-0.061187,0.061187,False,very_weak,2026-04-24T07:51:03.322738+00:00
3917,UK,GBP,UNEMPLOYMENT,53,unemployment_rate,83,cbi_industrial_trends_orders,CBI Industrial Trends Orders,Growth,5,67,0.049748,0.049748,False,very_weak,2026-04-24T07:51:03.322738+00:00
3918,UK,GBP,UNEMPLOYMENT,53,unemployment_rate,84,consumer_confidence,Consumer Confidence,Growth,3,71,0.267193,0.267193,True,weak,2026-04-24T07:51:03.322738+00:00
3919,UK,GBP,UNEMPLOYMENT,53,unemployment_rate,84,consumer_confidence,Consumer Confidence,Growth,2,72,0.256250,0.256250,False,weak,2026-04-24T07:51:03.322738+00:00
3920,UK,GBP,UNEMPLOYMENT,53,unemployment_rate,84,consumer_confidence,Consumer Confidence,Growth,1,73,0.245073,0.245073,False,very_weak,2026-04-24T07:51:03.322738+00:00
3921,UK,GBP,UNEMPLOYMENT,53,unemployment_rate,84,consumer_confidence,Consumer Confidence,Growth,0,74,0.227849,0.227849,False,very_weak,2026-04-24T07:51:03.322738+00:00
3922,UK,GBP,UNEMPLOYMENT,53,unemployment_rate,84,consumer_confidence,Consumer Confidence,Growth,4,70,0.220290,0.220290,False,very_weak,2026-04-24T07:51:03.322738+00:00
3923,UK,GBP,UNEMPLOYMENT,53,unemployment_rate,84,consumer_confidence,Consumer Confidence,Growth,5,69,0.118459,0.118459,False,very_weak,2026-04-24T07:51:03.322738+00:00
3924,UK,GBP,UNEMPLOYMENT,53,unemployment_rate,84,consumer_confidence,Consumer Confidence,Growth,6,68,0.008844,0.008844,False,very_weak,2026-04-24T07:51:03.322738+00:00
3925,UK,GBP,UNEMPLOYMENT,53,unemployment_rate,85,retail_sales_yoy,Retail Sales (YoY),Growth,6,65,-0.132161,0.132161,True,very_weak,2026-04-24T07:51:03.322738+00:00
3926,UK,GBP,UNEMPLOYMENT,53,unemployment_rate,85,retail_sales_yoy,Retail Sales (YoY),Growth,2,69,0.124112,0.124112,False,very_weak,2026-04-24T07:51:03.322738+00:00
3927,UK,GBP,UNEMPLOYMENT,53,unemployment_rate,85,retail_sales_yoy,Retail Sales (YoY),Growth,3,68,0.123215,0.123215,False,very_weak,2026-04-24T07:51:03.322738+00:00
3928,UK,GBP,UNEMPLOYMENT,53,unemployment_rate,85,retail_sales_yoy,Retail Sales (YoY),Growth,1,70,0.122566,0.122566,False,very_weak,2026-04-24T07:51:03.322738+00:00
3929,UK,GBP,UNEMPLOYMENT,53,unemployment_rate,85,retail_sales_yoy,Retail Sales (YoY),Growth,0,71,0.113772,0.113772,False,very_weak,2026-04-24T07:51:03.322738+00:00
3930,UK,GBP,UNEMPLOYMENT,53,unemployment_rate,85,retail_sales_yoy,Retail Sales (YoY),Growth,4,67,0.066396,0.066396,False,very_weak,2026-04-24T07:51:03.322738+00:00
3931,UK,GBP,UNEMPLOYMENT,53,unemployment_rate,85,retail_sales_yoy,Retail Sales (YoY),Growth,5,66,-0.045343,0.045343,False,very_weak,2026-04-24T07:51:03.322738+00:00
3932,UK,GBP,UNEMPLOYMENT,53,unemployment_rate,86,retail_sales_ex_fuel_mom,Retail Sales Ex Fuel (MoM),Growth,6,67,-0.108520,0.108520,True,very_weak,2026-04-24T07:51:03.322738+00:00
3933,UK,GBP,UNEMPLOYMENT,53,unemployment_rate,86,retail_sales_ex_fuel_mom,Retail Sales Ex Fuel (MoM),Growth,5,68,-0.077475,0.077475,False,very_weak,2026-04-24T07:51:03.322738+00:00
3934,UK,GBP,UNEMPLOYMENT,53,unemployment_rate,86,retail_sales_ex_fuel_mom,Retail Sales Ex Fuel (MoM),Growth,4,69,-0.033623,0.033623,False,very_weak,2026-04-24T07:51:03.322738+00:00
3935,UK,GBP,UNEMPLOYMENT,53,unemployment_rate,86,retail_sales_ex_fuel_mom,Retail Sales Ex Fuel (MoM),Growth,0,73,-0.027153,0.027153,False,very_weak,2026-04-24T07:51:03.322738+00:00
3936,UK,GBP,UNEMPLOYMENT,53,unemployment_rate,86,retail_sales_ex_fuel_mom,Retail Sales Ex Fuel (MoM),Growth,3,70,0.014938,0.014938,False,very_weak,2026-04-24T07:51:03.322738+00:00
3937,UK,GBP,UNEMPLOYMENT,53,unemployment_rate,86,retail_sales_ex_fuel_mom,Retail Sales Ex Fuel (MoM),Growth,2,71,-0.008394,0.008394,False,very_weak,2026-04-24T07:51:03.322738+00:00
3938,UK,GBP,UNEMPLOYMENT,53,unemployment_rate,86,retail_sales_ex_fuel_mom,Retail Sales Ex Fuel (MoM),Growth,1,72,-0.008067,0.008067,False,very_weak,2026-04-24T07:51:03.322738+00:00
3939,UK,GBP,UNEMPLOYMENT,53,unemployment_rate,87,retail_sales_ex_fuel_yoy,Retail Sales Ex Fuel (YoY),Growth,1,72,0.142326,0.142326,True,very_weak,2026-04-24T07:51:03.322738+00:00
3940,UK,GBP,UNEMPLOYMENT,53,unemployment_rate,87,retail_sales_ex_fuel_yoy,Retail Sales Ex Fuel (YoY),Growth,2,71,0.141018,0.141018,False,very_weak,2026-04-24T07:51:03.322738+00:00
3941,UK,GBP,UNEMPLOYMENT,53,unemployment_rate,87,retail_sales_ex_fuel_yoy,Retail Sales Ex Fuel (YoY),Growth,3,70,0.134626,0.134626,False,very_weak,2026-04-24T07:51:03.322738+00:00
3942,UK,GBP,UNEMPLOYMENT,53,unemployment_rate,87,retail_sales_ex_fuel_yoy,Retail Sales Ex Fuel (YoY),Growth,6,67,-0.119096,0.119096,False,very_weak,2026-04-24T07:51:03.322738+00:00
3943,UK,GBP,UNEMPLOYMENT,53,unemployment_rate,87,retail_sales_ex_fuel_yoy,Retail Sales Ex Fuel (YoY),Growth,0,73,0.107093,0.107093,False,very_weak,2026-04-24T07:51:03.322738+00:00
3944,UK,GBP,UNEMPLOYMENT,53,unemployment_rate,87,retail_sales_ex_fuel_yoy,Retail Sales Ex Fuel (YoY),Growth,4,69,0.067710,0.067710,False,very_weak,2026-04-24T07:51:03.322738+00:00
3945,UK,GBP,UNEMPLOYMENT,53,unemployment_rate,87,retail_sales_ex_fuel_yoy,Retail Sales Ex Fuel (YoY),Growth,5,68,-0.035566,0.035566,False,very_weak,2026-04-24T07:51:03.322738+00:00
3946,UK,GBP,UNEMPLOYMENT,53,unemployment_rate,185,niesr_monthly_gdp_tracker,NIESR Monthly GDP Tracker,Growth,1,80,0.165370,0.165370,True,very_weak,2026-04-24T07:51:03.322738+00:00
3947,UK,GBP,UNEMPLOYMENT,53,unemployment_rate,185,niesr_monthly_gdp_tracker,NIESR Monthly GDP Tracker,Growth,2,80,0.158747,0.158747,False,very_weak,2026-04-24T07:51:03.322738+00:00
3948,UK,GBP,UNEMPLOYMENT,53,unemployment_rate,185,niesr_monthly_gdp_tracker,NIESR Monthly GDP Tracker,Growth,0,69,0.154812,0.154812,False,very_weak,2026-04-24T07:51:03.322738+00:00
3949,UK,GBP,UNEMPLOYMENT,53,unemployment_rate,185,niesr_monthly_gdp_tracker,NIESR Monthly GDP Tracker,Growth,3,79,0.135910,0.135910,False,very_weak,2026-04-24T07:51:03.322738+00:00
3950,UK,GBP,UNEMPLOYMENT,53,unemployment_rate,185,niesr_monthly_gdp_tracker,NIESR Monthly GDP Tracker,Growth,6,74,0.101683,0.101683,False,very_weak,2026-04-24T07:51:03.322738+00:00
3951,UK,GBP,UNEMPLOYMENT,53,unemployment_rate,185,niesr_monthly_gdp_tracker,NIESR Monthly GDP Tracker,Growth,4,77,0.098229,0.098229,False,very_weak,2026-04-24T07:51:03.322738+00:00
3952,UK,GBP,UNEMPLOYMENT,53,unemployment_rate,185,niesr_monthly_gdp_tracker,NIESR Monthly GDP Tracker,Growth,5,76,0.077622,0.077622,False,very_weak,2026-04-24T07:51:03.322738+00:00
3953,UK,GBP,UNEMPLOYMENT,53,unemployment_rate,186,house_price_index_mom,House Price Index (MoM),Growth,4,74,0.150072,0.150072,True,very_weak,2026-04-24T07:51:03.322738+00:00
3954,UK,GBP,UNEMPLOYMENT,53,unemployment_rate,186,house_price_index_mom,House Price Index (MoM),Growth,5,72,0.124534,0.124534,False,very_weak,2026-04-24T07:51:03.322738+00:00
3955,UK,GBP,UNEMPLOYMENT,53,unemployment_rate,186,house_price_index_mom,House Price Index (MoM),Growth,3,75,0.056885,0.056885,False,very_weak,2026-04-24T07:51:03.322738+00:00
3956,UK,GBP,UNEMPLOYMENT,53,unemployment_rate,186,house_price_index_mom,House Price Index (MoM),Growth,6,70,0.055539,0.055539,False,very_weak,2026-04-24T07:51:03.322738+00:00
3957,UK,GBP,UNEMPLOYMENT,53,unemployment_rate,186,house_price_index_mom,House Price Index (MoM),Growth,0,75,-0.052063,0.052063,False,very_weak,2026-04-24T07:51:03.322738+00:00
3958,UK,GBP,UNEMPLOYMENT,53,unemployment_rate,186,house_price_index_mom,House Price Index (MoM),Growth,1,75,-0.022899,0.022899,False,very_weak,2026-04-24T07:51:03.322738+00:00
3959,UK,GBP,UNEMPLOYMENT,53,unemployment_rate,186,house_price_index_mom,House Price Index (MoM),Growth,2,75,-0.000852,0.000852,False,very_weak,2026-04-24T07:51:03.322738+00:00
3960,US,USD,CPI,19,cpi_headline_yoy,17,core_cpi_yoy,Core CPI (YoY),Inflation,2,11,0.683168,0.683168,True,moderate,2026-04-24T07:51:03.322738+00:00
3961,US,USD,CPI,19,cpi_headline_yoy,17,core_cpi_yoy,Core CPI (YoY),Inflation,4,9,0.672959,0.672959,False,moderate,2026-04-24T07:51:03.322738+00:00
3962,US,USD,CPI,19,cpi_headline_yoy,17,core_cpi_yoy,Core CPI (YoY),Inflation,6,27,0.412115,0.412115,False,weak,2026-04-24T07:51:03.322738+00:00
3963,US,USD,CPI,19,cpi_headline_yoy,17,core_cpi_yoy,Core CPI (YoY),Inflation,1,21,0.296344,0.296344,False,weak,2026-04-24T07:51:03.322738+00:00
3964,US,USD,CPI,19,cpi_headline_yoy,17,core_cpi_yoy,Core CPI (YoY),Inflation,5,17,0.283488,0.283488,False,weak,2026-04-24T07:51:03.322738+00:00
3965,US,USD,CPI,19,cpi_headline_yoy,17,core_cpi_yoy,Core CPI (YoY),Inflation,0,34,0.217116,0.217116,False,very_weak,2026-04-24T07:51:03.322738+00:00
3966,US,USD,CPI,19,cpi_headline_yoy,18,core_cpi_mom,Core CPI (MoM),Inflation,2,9,-0.659342,0.659342,True,moderate,2026-04-24T07:51:03.322738+00:00
3967,US,USD,CPI,19,cpi_headline_yoy,18,core_cpi_mom,Core CPI (MoM),Inflation,4,8,0.361115,0.361115,False,weak,2026-04-24T07:51:03.322738+00:00
3968,US,USD,CPI,19,cpi_headline_yoy,18,core_cpi_mom,Core CPI (MoM),Inflation,5,16,0.343586,0.343586,False,weak,2026-04-24T07:51:03.322738+00:00
3969,US,USD,CPI,19,cpi_headline_yoy,18,core_cpi_mom,Core CPI (MoM),Inflation,6,26,0.283740,0.283740,False,weak,2026-04-24T07:51:03.322738+00:00
3970,US,USD,CPI,19,cpi_headline_yoy,18,core_cpi_mom,Core CPI (MoM),Inflation,1,20,0.040199,0.040199,False,very_weak,2026-04-24T07:51:03.322738+00:00
3971,US,USD,CPI,19,cpi_headline_yoy,18,core_cpi_mom,Core CPI (MoM),Inflation,0,32,0.002008,0.002008,False,very_weak,2026-04-24T07:51:03.322738+00:00
3972,US,USD,CPI,19,cpi_headline_yoy,20,cpi_headline_mom,Headline CPI (MoM),Inflation,4,8,0.418595,0.418595,True,weak,2026-04-24T07:51:03.322738+00:00
3973,US,USD,CPI,19,cpi_headline_yoy,20,cpi_headline_mom,Headline CPI (MoM),Inflation,6,24,0.405281,0.405281,False,weak,2026-04-24T07:51:03.322738+00:00
3974,US,USD,CPI,19,cpi_headline_yoy,20,cpi_headline_mom,Headline CPI (MoM),Inflation,5,15,0.295533,0.295533,False,weak,2026-04-24T07:51:03.322738+00:00
3975,US,USD,CPI,19,cpi_headline_yoy,20,cpi_headline_mom,Headline CPI (MoM),Inflation,0,32,-0.157913,0.157913,False,very_weak,2026-04-24T07:51:03.322738+00:00
3976,US,USD,CPI,19,cpi_headline_yoy,20,cpi_headline_mom,Headline CPI (MoM),Inflation,2,9,-0.144577,0.144577,False,very_weak,2026-04-24T07:51:03.322738+00:00
3977,US,USD,CPI,19,cpi_headline_yoy,20,cpi_headline_mom,Headline CPI (MoM),Inflation,1,19,-0.049468,0.049468,False,very_weak,2026-04-24T07:51:03.322738+00:00
3978,US,USD,CPI,19,cpi_headline_yoy,21,ppi_yoy,PPI (YoY),Inflation,6,28,0.506714,0.506714,True,moderate,2026-04-24T07:51:03.322738+00:00
3979,US,USD,CPI,19,cpi_headline_yoy,21,ppi_yoy,PPI (YoY),Inflation,4,10,0.496040,0.496040,False,moderate,2026-04-24T07:51:03.322738+00:00
3980,US,USD,CPI,19,cpi_headline_yoy,21,ppi_yoy,PPI (YoY),Inflation,5,18,0.466346,0.466346,False,moderate,2026-04-24T07:51:03.322738+00:00
3981,US,USD,CPI,19,cpi_headline_yoy,21,ppi_yoy,PPI (YoY),Inflation,2,10,0.179367,0.179367,False,very_weak,2026-04-24T07:51:03.322738+00:00
3982,US,USD,CPI,19,cpi_headline_yoy,21,ppi_yoy,PPI (YoY),Inflation,1,21,0.150071,0.150071,False,very_weak,2026-04-24T07:51:03.322738+00:00
3983,US,USD,CPI,19,cpi_headline_yoy,22,core_ppi_yoy,Core PPI (YoY),Inflation,4,9,0.566052,0.566052,True,moderate,2026-04-24T07:51:03.322738+00:00
3984,US,USD,CPI,19,cpi_headline_yoy,22,core_ppi_yoy,Core PPI (YoY),Inflation,6,27,0.498864,0.498864,False,moderate,2026-04-24T07:51:03.322738+00:00
3985,US,USD,CPI,19,cpi_headline_yoy,22,core_ppi_yoy,Core PPI (YoY),Inflation,5,17,0.474133,0.474133,False,moderate,2026-04-24T07:51:03.322738+00:00
3986,US,USD,CPI,19,cpi_headline_yoy,22,core_ppi_yoy,Core PPI (YoY),Inflation,2,10,0.245465,0.245465,False,very_weak,2026-04-24T07:51:03.322738+00:00
3987,US,USD,CPI,19,cpi_headline_yoy,22,core_ppi_yoy,Core PPI (YoY),Inflation,1,20,-0.080344,0.080344,False,very_weak,2026-04-24T07:51:03.322738+00:00
3988,US,USD,CPI,19,cpi_headline_yoy,24,umich_inflation_exp_5y,UMich 5Y Inflation Expectations,Inflation,3,18,0.305233,0.305233,True,weak,2026-04-24T07:51:03.322738+00:00
3989,US,USD,CPI,19,cpi_headline_yoy,24,umich_inflation_exp_5y,UMich 5Y Inflation Expectations,Inflation,2,17,0.203202,0.203202,False,very_weak,2026-04-24T07:51:03.322738+00:00
3990,US,USD,CPI,19,cpi_headline_yoy,24,umich_inflation_exp_5y,UMich 5Y Inflation Expectations,Inflation,4,33,0.151005,0.151005,False,very_weak,2026-04-24T07:51:03.322738+00:00
3991,US,USD,CPI,19,cpi_headline_yoy,24,umich_inflation_exp_5y,UMich 5Y Inflation Expectations,Inflation,0,51,-0.138423,0.138423,False,very_weak,2026-04-24T07:51:03.322738+00:00
3992,US,USD,CPI,19,cpi_headline_yoy,24,umich_inflation_exp_5y,UMich 5Y Inflation Expectations,Inflation,6,45,-0.112259,0.112259,False,very_weak,2026-04-24T07:51:03.322738+00:00
3993,US,USD,CPI,19,cpi_headline_yoy,24,umich_inflation_exp_5y,UMich 5Y Inflation Expectations,Inflation,1,32,-0.076391,0.076391,False,very_weak,2026-04-24T07:51:03.322738+00:00
3994,US,USD,CPI,19,cpi_headline_yoy,24,umich_inflation_exp_5y,UMich 5Y Inflation Expectations,Inflation,5,50,0.010876,0.010876,False,very_weak,2026-04-24T07:51:03.322738+00:00
3995,US,USD,CPI,19,cpi_headline_yoy,25,import_prices_yoy,Import Prices (YoY),Inflation,4,10,0.518765,0.518765,True,moderate,2026-04-24T07:51:03.322738+00:00
3996,US,USD,CPI,19,cpi_headline_yoy,25,import_prices_yoy,Import Prices (YoY),Inflation,5,18,0.307847,0.307847,False,weak,2026-04-24T07:51:03.322738+00:00
3997,US,USD,CPI,19,cpi_headline_yoy,25,import_prices_yoy,Import Prices (YoY),Inflation,1,23,-0.220415,0.220415,False,very_weak,2026-04-24T07:51:03.322738+00:00
3998,US,USD,CPI,19,cpi_headline_yoy,25,import_prices_yoy,Import Prices (YoY),Inflation,6,28,0.209759,0.209759,False,very_weak,2026-04-24T07:51:03.322738+00:00
3999,US,USD,CPI,19,cpi_headline_yoy,25,import_prices_yoy,Import Prices (YoY),Inflation,2,12,-0.204121,0.204121,False,very_weak,2026-04-24T07:51:03.322738+00:00
4000,US,USD,CPI,19,cpi_headline_yoy,26,nfp,Non-Farm Payrolls,Labor,1,21,0.392349,0.392349,True,weak,2026-04-24T07:51:03.322738+00:00
4001,US,USD,CPI,19,cpi_headline_yoy,26,nfp,Non-Farm Payrolls,Labor,4,12,0.301709,0.301709,False,weak,2026-04-24T07:51:03.322738+00:00
4002,US,USD,CPI,19,cpi_headline_yoy,26,nfp,Non-Farm Payrolls,Labor,2,11,-0.285280,0.285280,False,weak,2026-04-24T07:51:03.322738+00:00
4003,US,USD,CPI,19,cpi_headline_yoy,26,nfp,Non-Farm Payrolls,Labor,5,19,0.260840,0.260840,False,weak,2026-04-24T07:51:03.322738+00:00
4004,US,USD,CPI,19,cpi_headline_yoy,26,nfp,Non-Farm Payrolls,Labor,6,28,0.253696,0.253696,False,weak,2026-04-24T07:51:03.322738+00:00
4005,US,USD,CPI,19,cpi_headline_yoy,26,nfp,Non-Farm Payrolls,Labor,0,34,0.224246,0.224246,False,very_weak,2026-04-24T07:51:03.322738+00:00
4006,US,USD,CPI,19,cpi_headline_yoy,27,unemployment_rate,Unemployment Rate,Labor,2,11,-0.684444,0.684444,True,moderate,2026-04-24T07:51:03.322738+00:00
4007,US,USD,CPI,19,cpi_headline_yoy,27,unemployment_rate,Unemployment Rate,Labor,6,28,-0.573781,0.573781,False,moderate,2026-04-24T07:51:03.322738+00:00
4008,US,USD,CPI,19,cpi_headline_yoy,27,unemployment_rate,Unemployment Rate,Labor,4,11,-0.558658,0.558658,False,moderate,2026-04-24T07:51:03.322738+00:00
4009,US,USD,CPI,19,cpi_headline_yoy,27,unemployment_rate,Unemployment Rate,Labor,1,20,-0.548620,0.548620,False,moderate,2026-04-24T07:51:03.322738+00:00
4010,US,USD,CPI,19,cpi_headline_yoy,27,unemployment_rate,Unemployment Rate,Labor,5,18,-0.533344,0.533344,False,moderate,2026-04-24T07:51:03.322738+00:00
4011,US,USD,CPI,19,cpi_headline_yoy,27,unemployment_rate,Unemployment Rate,Labor,0,34,-0.439187,0.439187,False,weak,2026-04-24T07:51:03.322738+00:00
4012,US,USD,CPI,19,cpi_headline_yoy,28,avg_hourly_earnings_yoy,Average Hourly Earnings (YoY),Inflation,2,11,0.562317,0.562317,True,moderate,2026-04-24T07:51:03.322738+00:00
4013,US,USD,CPI,19,cpi_headline_yoy,28,avg_hourly_earnings_yoy,Average Hourly Earnings (YoY),Inflation,1,20,-0.358118,0.358118,False,weak,2026-04-24T07:51:03.322738+00:00
4014,US,USD,CPI,19,cpi_headline_yoy,28,avg_hourly_earnings_yoy,Average Hourly Earnings (YoY),Inflation,4,12,-0.298152,0.298152,False,weak,2026-04-24T07:51:03.322738+00:00
4015,US,USD,CPI,19,cpi_headline_yoy,28,avg_hourly_earnings_yoy,Average Hourly Earnings (YoY),Inflation,5,19,-0.277916,0.277916,False,weak,2026-04-24T07:51:03.322738+00:00
4016,US,USD,CPI,19,cpi_headline_yoy,28,avg_hourly_earnings_yoy,Average Hourly Earnings (YoY),Inflation,6,27,-0.259340,0.259340,False,weak,2026-04-24T07:51:03.322738+00:00
4017,US,USD,CPI,19,cpi_headline_yoy,28,avg_hourly_earnings_yoy,Average Hourly Earnings (YoY),Inflation,0,33,-0.242333,0.242333,False,very_weak,2026-04-24T07:51:03.322738+00:00
4018,US,USD,CPI,19,cpi_headline_yoy,29,avg_hourly_earnings_mom,Average Hourly Earnings (MoM),Inflation,1,21,-0.378603,0.378603,True,weak,2026-04-24T07:51:03.322738+00:00
4019,US,USD,CPI,19,cpi_headline_yoy,29,avg_hourly_earnings_mom,Average Hourly Earnings (MoM),Inflation,2,11,0.326441,0.326441,False,weak,2026-04-24T07:51:03.322738+00:00
4020,US,USD,CPI,19,cpi_headline_yoy,29,avg_hourly_earnings_mom,Average Hourly Earnings (MoM),Inflation,5,19,-0.306343,0.306343,False,weak,2026-04-24T07:51:03.322738+00:00
4021,US,USD,CPI,19,cpi_headline_yoy,29,avg_hourly_earnings_mom,Average Hourly Earnings (MoM),Inflation,4,12,-0.299764,0.299764,False,weak,2026-04-24T07:51:03.322738+00:00
4022,US,USD,CPI,19,cpi_headline_yoy,29,avg_hourly_earnings_mom,Average Hourly Earnings (MoM),Inflation,6,28,-0.284623,0.284623,False,weak,2026-04-24T07:51:03.322738+00:00
4023,US,USD,CPI,19,cpi_headline_yoy,29,avg_hourly_earnings_mom,Average Hourly Earnings (MoM),Inflation,0,34,-0.250683,0.250683,False,weak,2026-04-24T07:51:03.322738+00:00
4024,US,USD,CPI,19,cpi_headline_yoy,30,participation_rate,Labor Force Participation Rate,Labor,4,11,0.653829,0.653829,True,moderate,2026-04-24T07:51:03.322738+00:00
4025,US,USD,CPI,19,cpi_headline_yoy,30,participation_rate,Labor Force Participation Rate,Labor,2,11,0.597213,0.597213,False,moderate,2026-04-24T07:51:03.322738+00:00
4026,US,USD,CPI,19,cpi_headline_yoy,30,participation_rate,Labor Force Participation Rate,Labor,5,18,0.579155,0.579155,False,moderate,2026-04-24T07:51:03.322738+00:00
4027,US,USD,CPI,19,cpi_headline_yoy,30,participation_rate,Labor Force Participation Rate,Labor,1,20,0.563365,0.563365,False,moderate,2026-04-24T07:51:03.322738+00:00
4028,US,USD,CPI,19,cpi_headline_yoy,30,participation_rate,Labor Force Participation Rate,Labor,6,28,0.541251,0.541251,False,moderate,2026-04-24T07:51:03.322738+00:00
4029,US,USD,CPI,19,cpi_headline_yoy,30,participation_rate,Labor Force Participation Rate,Labor,0,34,0.504708,0.504708,False,moderate,2026-04-24T07:51:03.322738+00:00
4030,US,USD,CPI,19,cpi_headline_yoy,31,u6_unemployment_rate,U-6 Underemployment Rate,Labor,0,11,0.214164,0.214164,True,very_weak,2026-04-24T07:51:03.322738+00:00
4031,US,USD,CPI,19,cpi_headline_yoy,32,adp_employment_change,ADP Employment Change,Labor,5,17,-0.495730,0.495730,True,moderate,2026-04-24T07:51:03.322738+00:00
4032,US,USD,CPI,19,cpi_headline_yoy,32,adp_employment_change,ADP Employment Change,Labor,1,19,-0.456322,0.456322,False,moderate,2026-04-24T07:51:03.322738+00:00
4033,US,USD,CPI,19,cpi_headline_yoy,32,adp_employment_change,ADP Employment Change,Labor,0,33,-0.395648,0.395648,False,weak,2026-04-24T07:51:03.322738+00:00
4034,US,USD,CPI,19,cpi_headline_yoy,32,adp_employment_change,ADP Employment Change,Labor,6,26,-0.383897,0.383897,False,weak,2026-04-24T07:51:03.322738+00:00
4035,US,USD,CPI,19,cpi_headline_yoy,32,adp_employment_change,ADP Employment Change,Labor,4,9,-0.342367,0.342367,False,weak,2026-04-24T07:51:03.322738+00:00
4036,US,USD,CPI,19,cpi_headline_yoy,32,adp_employment_change,ADP Employment Change,Labor,2,10,0.029206,0.029206,False,very_weak,2026-04-24T07:51:03.322738+00:00
4037,US,USD,CPI,19,cpi_headline_yoy,33,initial_jobless_claims,Initial Jobless Claims,Labor,3,48,0.284603,0.284603,True,weak,2026-04-24T07:51:03.322738+00:00
4038,US,USD,CPI,19,cpi_headline_yoy,33,initial_jobless_claims,Initial Jobless Claims,Labor,2,39,-0.282042,0.282042,False,weak,2026-04-24T07:51:03.322738+00:00
4039,US,USD,CPI,19,cpi_headline_yoy,33,initial_jobless_claims,Initial Jobless Claims,Labor,1,82,-0.220609,0.220609,False,very_weak,2026-04-24T07:51:03.322738+00:00
4040,US,USD,CPI,19,cpi_headline_yoy,33,initial_jobless_claims,Initial Jobless Claims,Labor,6,110,-0.206866,0.206866,False,very_weak,2026-04-24T07:51:03.322738+00:00
4041,US,USD,CPI,19,cpi_headline_yoy,33,initial_jobless_claims,Initial Jobless Claims,Labor,5,124,-0.173444,0.173444,False,very_weak,2026-04-24T07:51:03.322738+00:00
4042,US,USD,CPI,19,cpi_headline_yoy,33,initial_jobless_claims,Initial Jobless Claims,Labor,0,128,-0.096836,0.096836,False,very_weak,2026-04-24T07:51:03.322738+00:00
4043,US,USD,CPI,19,cpi_headline_yoy,33,initial_jobless_claims,Initial Jobless Claims,Labor,4,82,0.054756,0.054756,False,very_weak,2026-04-24T07:51:03.322738+00:00
4044,US,USD,CPI,19,cpi_headline_yoy,34,ism_manufacturing_pmi,ISM Manufacturing PMI,Growth,2,9,-0.704023,0.704023,True,strong,2026-04-24T07:51:03.322738+00:00
4045,US,USD,CPI,19,cpi_headline_yoy,34,ism_manufacturing_pmi,ISM Manufacturing PMI,Growth,1,18,-0.619778,0.619778,False,moderate,2026-04-24T07:51:03.322738+00:00
4046,US,USD,CPI,19,cpi_headline_yoy,34,ism_manufacturing_pmi,ISM Manufacturing PMI,Growth,0,31,-0.564841,0.564841,False,moderate,2026-04-24T07:51:03.322738+00:00
4047,US,USD,CPI,19,cpi_headline_yoy,34,ism_manufacturing_pmi,ISM Manufacturing PMI,Growth,5,16,-0.406089,0.406089,False,weak,2026-04-24T07:51:03.322738+00:00
4048,US,USD,CPI,19,cpi_headline_yoy,34,ism_manufacturing_pmi,ISM Manufacturing PMI,Growth,6,26,-0.350864,0.350864,False,weak,2026-04-24T07:51:03.322738+00:00
4049,US,USD,CPI,19,cpi_headline_yoy,34,ism_manufacturing_pmi,ISM Manufacturing PMI,Growth,4,8,-0.348080,0.348080,False,weak,2026-04-24T07:51:03.322738+00:00
4050,US,USD,CPI,19,cpi_headline_yoy,35,ism_manufacturing_prices,ISM Manufacturing Prices Paid,Inflation,4,8,-0.623305,0.623305,True,moderate,2026-04-24T07:51:03.322738+00:00
4051,US,USD,CPI,19,cpi_headline_yoy,35,ism_manufacturing_prices,ISM Manufacturing Prices Paid,Inflation,0,31,-0.556389,0.556389,False,moderate,2026-04-24T07:51:03.322738+00:00
4052,US,USD,CPI,19,cpi_headline_yoy,35,ism_manufacturing_prices,ISM Manufacturing Prices Paid,Inflation,1,18,-0.542603,0.542603,False,moderate,2026-04-24T07:51:03.322738+00:00
4053,US,USD,CPI,19,cpi_headline_yoy,35,ism_manufacturing_prices,ISM Manufacturing Prices Paid,Inflation,2,9,-0.500490,0.500490,False,moderate,2026-04-24T07:51:03.322738+00:00
4054,US,USD,CPI,19,cpi_headline_yoy,35,ism_manufacturing_prices,ISM Manufacturing Prices Paid,Inflation,5,16,-0.391833,0.391833,False,weak,2026-04-24T07:51:03.322738+00:00
4055,US,USD,CPI,19,cpi_headline_yoy,35,ism_manufacturing_prices,ISM Manufacturing Prices Paid,Inflation,6,26,-0.188814,0.188814,False,very_weak,2026-04-24T07:51:03.322738+00:00
4056,US,USD,CPI,19,cpi_headline_yoy,36,ism_manufacturing_employment,ISM Manufacturing Employment,Labor,5,16,-0.423803,0.423803,True,weak,2026-04-24T07:51:03.322738+00:00
4057,US,USD,CPI,19,cpi_headline_yoy,36,ism_manufacturing_employment,ISM Manufacturing Employment,Labor,0,31,-0.250653,0.250653,False,weak,2026-04-24T07:51:03.322738+00:00
4058,US,USD,CPI,19,cpi_headline_yoy,36,ism_manufacturing_employment,ISM Manufacturing Employment,Labor,1,18,-0.244146,0.244146,False,very_weak,2026-04-24T07:51:03.322738+00:00
4059,US,USD,CPI,19,cpi_headline_yoy,36,ism_manufacturing_employment,ISM Manufacturing Employment,Labor,4,8,-0.230815,0.230815,False,very_weak,2026-04-24T07:51:03.322738+00:00
4060,US,USD,CPI,19,cpi_headline_yoy,36,ism_manufacturing_employment,ISM Manufacturing Employment,Labor,2,9,0.091006,0.091006,False,very_weak,2026-04-24T07:51:03.322738+00:00
4061,US,USD,CPI,19,cpi_headline_yoy,36,ism_manufacturing_employment,ISM Manufacturing Employment,Labor,6,26,0.011212,0.011212,False,very_weak,2026-04-24T07:51:03.322738+00:00
4062,US,USD,CPI,19,cpi_headline_yoy,37,ism_manufacturing_new_orders,ISM Manufacturing New Orders,Growth,2,9,-0.751264,0.751264,True,strong,2026-04-24T07:51:03.322738+00:00
4063,US,USD,CPI,19,cpi_headline_yoy,37,ism_manufacturing_new_orders,ISM Manufacturing New Orders,Growth,1,18,-0.731602,0.731602,False,strong,2026-04-24T07:51:03.322738+00:00
4064,US,USD,CPI,19,cpi_headline_yoy,37,ism_manufacturing_new_orders,ISM Manufacturing New Orders,Growth,0,31,-0.630350,0.630350,False,moderate,2026-04-24T07:51:03.322738+00:00
4065,US,USD,CPI,19,cpi_headline_yoy,37,ism_manufacturing_new_orders,ISM Manufacturing New Orders,Growth,5,16,-0.543449,0.543449,False,moderate,2026-04-24T07:51:03.322738+00:00
4066,US,USD,CPI,19,cpi_headline_yoy,37,ism_manufacturing_new_orders,ISM Manufacturing New Orders,Growth,6,26,-0.428186,0.428186,False,weak,2026-04-24T07:51:03.322738+00:00
4067,US,USD,CPI,19,cpi_headline_yoy,37,ism_manufacturing_new_orders,ISM Manufacturing New Orders,Growth,4,8,-0.295015,0.295015,False,weak,2026-04-24T07:51:03.322738+00:00
4068,US,USD,CPI,19,cpi_headline_yoy,38,sp_global_manufacturing_pmi,S&P Global Manufacturing PMI,Growth,2,10,-0.929056,0.929056,True,strong,2026-04-24T07:51:03.322738+00:00
4069,US,USD,CPI,19,cpi_headline_yoy,38,sp_global_manufacturing_pmi,S&P Global Manufacturing PMI,Growth,0,33,-0.609925,0.609925,False,moderate,2026-04-24T07:51:03.322738+00:00
4070,US,USD,CPI,19,cpi_headline_yoy,38,sp_global_manufacturing_pmi,S&P Global Manufacturing PMI,Growth,4,14,-0.559932,0.559932,False,moderate,2026-04-24T07:51:03.322738+00:00
4071,US,USD,CPI,19,cpi_headline_yoy,38,sp_global_manufacturing_pmi,S&P Global Manufacturing PMI,Growth,6,26,-0.496162,0.496162,False,moderate,2026-04-24T07:51:03.322738+00:00
4072,US,USD,CPI,19,cpi_headline_yoy,38,sp_global_manufacturing_pmi,S&P Global Manufacturing PMI,Growth,5,22,-0.423815,0.423815,False,weak,2026-04-24T07:51:03.322738+00:00
4073,US,USD,CPI,19,cpi_headline_yoy,38,sp_global_manufacturing_pmi,S&P Global Manufacturing PMI,Growth,1,20,-0.412210,0.412210,False,weak,2026-04-24T07:51:03.322738+00:00
4074,US,USD,CPI,19,cpi_headline_yoy,39,sp_global_services_pmi,S&P Global Services PMI,Growth,4,14,-0.780247,0.780247,True,strong,2026-04-24T07:51:03.322738+00:00
4075,US,USD,CPI,19,cpi_headline_yoy,39,sp_global_services_pmi,S&P Global Services PMI,Growth,5,24,-0.477813,0.477813,False,moderate,2026-04-24T07:51:03.322738+00:00
4076,US,USD,CPI,19,cpi_headline_yoy,39,sp_global_services_pmi,S&P Global Services PMI,Growth,6,29,-0.371949,0.371949,False,weak,2026-04-24T07:51:03.322738+00:00
4077,US,USD,CPI,19,cpi_headline_yoy,39,sp_global_services_pmi,S&P Global Services PMI,Growth,2,11,-0.246550,0.246550,False,very_weak,2026-04-24T07:51:03.322738+00:00
4078,US,USD,CPI,19,cpi_headline_yoy,39,sp_global_services_pmi,S&P Global Services PMI,Growth,0,38,-0.180769,0.180769,False,very_weak,2026-04-24T07:51:03.322738+00:00
4079,US,USD,CPI,19,cpi_headline_yoy,39,sp_global_services_pmi,S&P Global Services PMI,Growth,1,22,0.002707,0.002707,False,very_weak,2026-04-24T07:51:03.322738+00:00
4080,US,USD,CPI,19,cpi_headline_yoy,40,sp_global_composite_pmi,S&P Global Composite PMI,Growth,4,14,-0.774287,0.774287,True,strong,2026-04-24T07:51:03.322738+00:00
4081,US,USD,CPI,19,cpi_headline_yoy,40,sp_global_composite_pmi,S&P Global Composite PMI,Growth,5,24,-0.486845,0.486845,False,moderate,2026-04-24T07:51:03.322738+00:00
4082,US,USD,CPI,19,cpi_headline_yoy,40,sp_global_composite_pmi,S&P Global Composite PMI,Growth,6,29,-0.387515,0.387515,False,weak,2026-04-24T07:51:03.322738+00:00
4083,US,USD,CPI,19,cpi_headline_yoy,40,sp_global_composite_pmi,S&P Global Composite PMI,Growth,2,11,-0.297693,0.297693,False,weak,2026-04-24T07:51:03.322738+00:00
4084,US,USD,CPI,19,cpi_headline_yoy,40,sp_global_composite_pmi,S&P Global Composite PMI,Growth,0,38,-0.181944,0.181944,False,very_weak,2026-04-24T07:51:03.322738+00:00
4085,US,USD,CPI,19,cpi_headline_yoy,40,sp_global_composite_pmi,S&P Global Composite PMI,Growth,1,22,-0.002259,0.002259,False,very_weak,2026-04-24T07:51:03.322738+00:00
4086,US,USD,CPI,19,cpi_headline_yoy,41,retail_sales_mom,Retail Sales (MoM),Growth,4,11,-0.241096,0.241096,True,very_weak,2026-04-24T07:51:03.322738+00:00
4087,US,USD,CPI,19,cpi_headline_yoy,41,retail_sales_mom,Retail Sales (MoM),Growth,5,18,-0.206084,0.206084,False,very_weak,2026-04-24T07:51:03.322738+00:00
4088,US,USD,CPI,19,cpi_headline_yoy,41,retail_sales_mom,Retail Sales (MoM),Growth,1,24,0.185654,0.185654,False,very_weak,2026-04-24T07:51:03.322738+00:00
4089,US,USD,CPI,19,cpi_headline_yoy,41,retail_sales_mom,Retail Sales (MoM),Growth,2,13,0.143672,0.143672,False,very_weak,2026-04-24T07:51:03.322738+00:00
4090,US,USD,CPI,19,cpi_headline_yoy,41,retail_sales_mom,Retail Sales (MoM),Growth,6,25,-0.046963,0.046963,False,very_weak,2026-04-24T07:51:03.322738+00:00
4091,US,USD,CPI,19,cpi_headline_yoy,42,retail_sales_yoy,Retail Sales (YoY),Growth,4,11,-0.119701,0.119701,True,very_weak,2026-04-24T07:51:03.322738+00:00
4092,US,USD,CPI,19,cpi_headline_yoy,42,retail_sales_yoy,Retail Sales (YoY),Growth,6,28,0.092822,0.092822,False,very_weak,2026-04-24T07:51:03.322738+00:00
4093,US,USD,CPI,19,cpi_headline_yoy,42,retail_sales_yoy,Retail Sales (YoY),Growth,2,14,0.047176,0.047176,False,very_weak,2026-04-24T07:51:03.322738+00:00
4094,US,USD,CPI,19,cpi_headline_yoy,42,retail_sales_yoy,Retail Sales (YoY),Growth,1,27,-0.035995,0.035995,False,very_weak,2026-04-24T07:51:03.322738+00:00
4095,US,USD,CPI,19,cpi_headline_yoy,42,retail_sales_yoy,Retail Sales (YoY),Growth,5,19,-0.017874,0.017874,False,very_weak,2026-04-24T07:51:03.322738+00:00
4096,US,USD,CPI,19,cpi_headline_yoy,43,ny_empire_state_mfg,NY Empire State Manufacturing Index,Growth,0,24,-0.349647,0.349647,True,weak,2026-04-24T07:51:03.322738+00:00
4097,US,USD,CPI,19,cpi_headline_yoy,43,ny_empire_state_mfg,NY Empire State Manufacturing Index,Growth,3,10,-0.226386,0.226386,False,very_weak,2026-04-24T07:51:03.322738+00:00
4098,US,USD,CPI,19,cpi_headline_yoy,43,ny_empire_state_mfg,NY Empire State Manufacturing Index,Growth,1,13,-0.213970,0.213970,False,very_weak,2026-04-24T07:51:03.322738+00:00
4099,US,USD,CPI,19,cpi_headline_yoy,43,ny_empire_state_mfg,NY Empire State Manufacturing Index,Growth,4,18,-0.201268,0.201268,False,very_weak,2026-04-24T07:51:03.322738+00:00
4100,US,USD,CPI,19,cpi_headline_yoy,43,ny_empire_state_mfg,NY Empire State Manufacturing Index,Growth,5,27,-0.114173,0.114173,False,very_weak,2026-04-24T07:51:03.322738+00:00
4101,US,USD,CPI,19,cpi_headline_yoy,43,ny_empire_state_mfg,NY Empire State Manufacturing Index,Growth,6,21,-0.034327,0.034327,False,very_weak,2026-04-24T07:51:03.322738+00:00
4102,US,USD,CPI,19,cpi_headline_yoy,44,philly_fed_mfg,Philadelphia Fed Manufacturing Index,Growth,3,10,-0.739471,0.739471,True,strong,2026-04-24T07:51:03.322738+00:00
4103,US,USD,CPI,19,cpi_headline_yoy,44,philly_fed_mfg,Philadelphia Fed Manufacturing Index,Growth,4,18,-0.525021,0.525021,False,moderate,2026-04-24T07:51:03.322738+00:00
4104,US,USD,CPI,19,cpi_headline_yoy,44,philly_fed_mfg,Philadelphia Fed Manufacturing Index,Growth,0,25,-0.438125,0.438125,False,weak,2026-04-24T07:51:03.322738+00:00
4105,US,USD,CPI,19,cpi_headline_yoy,44,philly_fed_mfg,Philadelphia Fed Manufacturing Index,Growth,5,27,-0.391816,0.391816,False,weak,2026-04-24T07:51:03.322738+00:00
4106,US,USD,CPI,19,cpi_headline_yoy,44,philly_fed_mfg,Philadelphia Fed Manufacturing Index,Growth,1,14,-0.312171,0.312171,False,weak,2026-04-24T07:51:03.322738+00:00
4107,US,USD,CPI,19,cpi_headline_yoy,44,philly_fed_mfg,Philadelphia Fed Manufacturing Index,Growth,6,22,-0.227579,0.227579,False,very_weak,2026-04-24T07:51:03.322738+00:00
4108,US,USD,CPI,19,cpi_headline_yoy,45,umich_consumer_sentiment,UMich Consumer Sentiment,Growth,2,17,-0.493005,0.493005,True,moderate,2026-04-24T07:51:03.322738+00:00
4109,US,USD,CPI,19,cpi_headline_yoy,45,umich_consumer_sentiment,UMich Consumer Sentiment,Growth,3,18,-0.389944,0.389944,False,weak,2026-04-24T07:51:03.322738+00:00
4110,US,USD,CPI,19,cpi_headline_yoy,45,umich_consumer_sentiment,UMich Consumer Sentiment,Growth,6,45,-0.289285,0.289285,False,weak,2026-04-24T07:51:03.322738+00:00
4111,US,USD,CPI,19,cpi_headline_yoy,45,umich_consumer_sentiment,UMich Consumer Sentiment,Growth,5,51,-0.267223,0.267223,False,weak,2026-04-24T07:51:03.322738+00:00
4112,US,USD,CPI,19,cpi_headline_yoy,45,umich_consumer_sentiment,UMich Consumer Sentiment,Growth,4,34,-0.184842,0.184842,False,very_weak,2026-04-24T07:51:03.322738+00:00
4113,US,USD,CPI,19,cpi_headline_yoy,45,umich_consumer_sentiment,UMich Consumer Sentiment,Growth,0,51,-0.022913,0.022913,False,very_weak,2026-04-24T07:51:03.322738+00:00
4114,US,USD,CPI,19,cpi_headline_yoy,45,umich_consumer_sentiment,UMich Consumer Sentiment,Growth,1,32,-0.020524,0.020524,False,very_weak,2026-04-24T07:51:03.322738+00:00
4115,US,USD,CPI,19,cpi_headline_yoy,46,nfib_business_optimism,NFIB Business Optimism Index,Growth,2,10,-0.749328,0.749328,True,strong,2026-04-24T07:51:03.322738+00:00
4116,US,USD,CPI,19,cpi_headline_yoy,46,nfib_business_optimism,NFIB Business Optimism Index,Growth,1,21,-0.522080,0.522080,False,moderate,2026-04-24T07:51:03.322738+00:00
4117,US,USD,CPI,19,cpi_headline_yoy,46,nfib_business_optimism,NFIB Business Optimism Index,Growth,0,31,-0.498720,0.498720,False,moderate,2026-04-24T07:51:03.322738+00:00
4118,US,USD,CPI,19,cpi_headline_yoy,46,nfib_business_optimism,NFIB Business Optimism Index,Growth,6,27,-0.439248,0.439248,False,weak,2026-04-24T07:51:03.322738+00:00
4119,US,USD,CPI,19,cpi_headline_yoy,46,nfib_business_optimism,NFIB Business Optimism Index,Growth,5,18,-0.363048,0.363048,False,weak,2026-04-24T07:51:03.322738+00:00
4120,US,USD,CPI,19,cpi_headline_yoy,46,nfib_business_optimism,NFIB Business Optimism Index,Growth,4,10,-0.313646,0.313646,False,weak,2026-04-24T07:51:03.322738+00:00
4121,US,USD,CPI,19,cpi_headline_yoy,178,continuing_jobless_claims,Continuing Jobless Claims,Labor,5,114,-0.337731,0.337731,True,weak,2026-04-24T07:51:03.322738+00:00
4122,US,USD,CPI,19,cpi_headline_yoy,178,continuing_jobless_claims,Continuing Jobless Claims,Labor,6,118,-0.332353,0.332353,False,weak,2026-04-24T07:51:03.322738+00:00
4123,US,USD,CPI,19,cpi_headline_yoy,178,continuing_jobless_claims,Continuing Jobless Claims,Labor,4,74,-0.235203,0.235203,False,very_weak,2026-04-24T07:51:03.322738+00:00
4124,US,USD,CPI,19,cpi_headline_yoy,178,continuing_jobless_claims,Continuing Jobless Claims,Labor,2,45,-0.189464,0.189464,False,very_weak,2026-04-24T07:51:03.322738+00:00
4125,US,USD,CPI,19,cpi_headline_yoy,178,continuing_jobless_claims,Continuing Jobless Claims,Labor,1,90,-0.143179,0.143179,False,very_weak,2026-04-24T07:51:03.322738+00:00
4126,US,USD,CPI,19,cpi_headline_yoy,178,continuing_jobless_claims,Continuing Jobless Claims,Labor,3,40,-0.137107,0.137107,False,very_weak,2026-04-24T07:51:03.322738+00:00
4127,US,USD,CPI,19,cpi_headline_yoy,178,continuing_jobless_claims,Continuing Jobless Claims,Labor,0,133,-0.022463,0.022463,False,very_weak,2026-04-24T07:51:03.322738+00:00
4128,US,USD,CPI,19,cpi_headline_yoy,179,jobless_claims_4week_average,Jobless Claims 4-Week Average,Labor,6,105,-0.270486,0.270486,True,weak,2026-04-24T07:51:03.322738+00:00
4129,US,USD,CPI,19,cpi_headline_yoy,179,jobless_claims_4week_average,Jobless Claims 4-Week Average,Labor,3,48,0.181092,0.181092,False,very_weak,2026-04-24T07:51:03.322738+00:00
4130,US,USD,CPI,19,cpi_headline_yoy,179,jobless_claims_4week_average,Jobless Claims 4-Week Average,Labor,5,120,-0.091317,0.091317,False,very_weak,2026-04-24T07:51:03.322738+00:00
4131,US,USD,CPI,19,cpi_headline_yoy,179,jobless_claims_4week_average,Jobless Claims 4-Week Average,Labor,4,81,0.086454,0.086454,False,very_weak,2026-04-24T07:51:03.322738+00:00
4132,US,USD,CPI,19,cpi_headline_yoy,179,jobless_claims_4week_average,Jobless Claims 4-Week Average,Labor,1,77,-0.059875,0.059875,False,very_weak,2026-04-24T07:51:03.322738+00:00
4133,US,USD,CPI,19,cpi_headline_yoy,179,jobless_claims_4week_average,Jobless Claims 4-Week Average,Labor,0,123,0.057116,0.057116,False,very_weak,2026-04-24T07:51:03.322738+00:00
4134,US,USD,CPI,19,cpi_headline_yoy,179,jobless_claims_4week_average,Jobless Claims 4-Week Average,Labor,2,35,0.033728,0.033728,False,very_weak,2026-04-24T07:51:03.322738+00:00
4135,US,USD,CPI,19,cpi_headline_yoy,180,ism_services_business_activity,ISM Services Business Activity,Growth,0,14,0.553893,0.553893,True,moderate,2026-04-24T07:51:03.322738+00:00
4136,US,USD,CPI,19,cpi_headline_yoy,181,ism_services_employment,ISM Services Employment,Labor,4,8,0.460807,0.460807,True,moderate,2026-04-24T07:51:03.322738+00:00
4137,US,USD,CPI,19,cpi_headline_yoy,181,ism_services_employment,ISM Services Employment,Labor,2,8,0.160291,0.160291,False,very_weak,2026-04-24T07:51:03.322738+00:00
4138,US,USD,CPI,19,cpi_headline_yoy,181,ism_services_employment,ISM Services Employment,Labor,1,14,-0.073087,0.073087,False,very_weak,2026-04-24T07:51:03.322738+00:00
4139,US,USD,CPI,19,cpi_headline_yoy,181,ism_services_employment,ISM Services Employment,Labor,6,20,0.039354,0.039354,False,very_weak,2026-04-24T07:51:03.322738+00:00
4140,US,USD,CPI,19,cpi_headline_yoy,181,ism_services_employment,ISM Services Employment,Labor,5,13,0.031231,0.031231,False,very_weak,2026-04-24T07:51:03.322738+00:00
4141,US,USD,CPI,19,cpi_headline_yoy,181,ism_services_employment,ISM Services Employment,Labor,0,24,-0.018078,0.018078,False,very_weak,2026-04-24T07:51:03.322738+00:00
4142,US,USD,CPI,19,cpi_headline_yoy,182,new_home_sales,New Home Sales,Growth,3,10,-0.187492,0.187492,True,very_weak,2026-04-24T07:51:03.322738+00:00
4143,US,USD,CPI,19,cpi_headline_yoy,182,new_home_sales,New Home Sales,Growth,6,27,0.161461,0.161461,False,very_weak,2026-04-24T07:51:03.322738+00:00
4144,US,USD,CPI,19,cpi_headline_yoy,182,new_home_sales,New Home Sales,Growth,2,20,-0.100005,0.100005,False,very_weak,2026-04-24T07:51:03.322738+00:00
4145,US,USD,CPI,19,cpi_headline_yoy,182,new_home_sales,New Home Sales,Growth,1,27,-0.076891,0.076891,False,very_weak,2026-04-24T07:51:03.322738+00:00
4146,US,USD,CPI,19,cpi_headline_yoy,182,new_home_sales,New Home Sales,Growth,4,10,-0.072156,0.072156,False,very_weak,2026-04-24T07:51:03.322738+00:00
4147,US,USD,CPI,19,cpi_headline_yoy,182,new_home_sales,New Home Sales,Growth,5,17,-0.050669,0.050669,False,very_weak,2026-04-24T07:51:03.322738+00:00
4148,US,USD,CPI,19,cpi_headline_yoy,184,redbook_yoy,Redbook Retail Sales (YoY),Growth,2,31,-0.380519,0.380519,True,weak,2026-04-24T07:51:03.322738+00:00
4149,US,USD,CPI,19,cpi_headline_yoy,184,redbook_yoy,Redbook Retail Sales (YoY),Growth,0,118,-0.201609,0.201609,False,very_weak,2026-04-24T07:51:03.322738+00:00
4150,US,USD,CPI,19,cpi_headline_yoy,184,redbook_yoy,Redbook Retail Sales (YoY),Growth,1,70,-0.143140,0.143140,False,very_weak,2026-04-24T07:51:03.322738+00:00
4151,US,USD,CPI,19,cpi_headline_yoy,184,redbook_yoy,Redbook Retail Sales (YoY),Growth,3,41,0.140196,0.140196,False,very_weak,2026-04-24T07:51:03.322738+00:00
4152,US,USD,CPI,19,cpi_headline_yoy,184,redbook_yoy,Redbook Retail Sales (YoY),Growth,5,121,0.135647,0.135647,False,very_weak,2026-04-24T07:51:03.322738+00:00
4153,US,USD,CPI,19,cpi_headline_yoy,184,redbook_yoy,Redbook Retail Sales (YoY),Growth,4,78,0.135583,0.135583,False,very_weak,2026-04-24T07:51:03.322738+00:00
4154,US,USD,CPI,19,cpi_headline_yoy,184,redbook_yoy,Redbook Retail Sales (YoY),Growth,6,104,-0.009444,0.009444,False,very_weak,2026-04-24T07:51:03.322738+00:00
4155,US,USD,CPI,19,cpi_headline_yoy,218,cpi_index,CPI Index,Inflation,2,8,0.644562,0.644562,True,moderate,2026-04-24T07:51:03.322738+00:00
4156,US,USD,CPI,19,cpi_headline_yoy,218,cpi_index,CPI Index,Inflation,5,12,0.478163,0.478163,False,moderate,2026-04-24T07:51:03.322738+00:00
4157,US,USD,CPI,19,cpi_headline_yoy,218,cpi_index,CPI Index,Inflation,6,20,0.334260,0.334260,False,weak,2026-04-24T07:51:03.322738+00:00
4158,US,USD,CPI,19,cpi_headline_yoy,218,cpi_index,CPI Index,Inflation,1,15,0.156179,0.156179,False,very_weak,2026-04-24T07:51:03.322738+00:00
4159,US,USD,CPI,19,cpi_headline_yoy,218,cpi_index,CPI Index,Inflation,0,26,0.048748,0.048748,False,very_weak,2026-04-24T07:51:03.322738+00:00
4160,US,USD,CPI,19,cpi_headline_yoy,219,cpi_sa_index,CPI SA Index,Inflation,6,8,-0.428167,0.428167,True,weak,2026-04-24T07:51:03.322738+00:00
4161,US,USD,CPI,19,cpi_headline_yoy,219,cpi_sa_index,CPI SA Index,Inflation,0,14,0.334600,0.334600,False,weak,2026-04-24T07:51:03.322738+00:00
4162,US,USD,CPI,19,cpi_headline_yoy,220,core_pce_price_index_mom,Core PCE Price Index (MoM),Inflation,5,16,0.211715,0.211715,True,very_weak,2026-04-24T07:51:03.322738+00:00
4163,US,USD,CPI,19,cpi_headline_yoy,220,core_pce_price_index_mom,Core PCE Price Index (MoM),Inflation,2,19,-0.147545,0.147545,False,very_weak,2026-04-24T07:51:03.322738+00:00
4164,US,USD,CPI,19,cpi_headline_yoy,220,core_pce_price_index_mom,Core PCE Price Index (MoM),Inflation,6,26,0.130608,0.130608,False,very_weak,2026-04-24T07:51:03.322738+00:00
4165,US,USD,CPI,19,cpi_headline_yoy,220,core_pce_price_index_mom,Core PCE Price Index (MoM),Inflation,4,9,0.107670,0.107670,False,very_weak,2026-04-24T07:51:03.322738+00:00
4166,US,USD,CPI,19,cpi_headline_yoy,220,core_pce_price_index_mom,Core PCE Price Index (MoM),Inflation,1,27,0.050105,0.050105,False,very_weak,2026-04-24T07:51:03.322738+00:00
4167,US,USD,CPI,19,cpi_headline_yoy,220,core_pce_price_index_mom,Core PCE Price Index (MoM),Inflation,3,9,-0.000372,0.000372,False,very_weak,2026-04-24T07:51:03.322738+00:00
4168,US,USD,CPI,19,cpi_headline_yoy,221,core_pce_price_index_yoy,Core PCE Price Index (YoY),Inflation,6,28,0.522915,0.522915,True,moderate,2026-04-24T07:51:03.322738+00:00
4169,US,USD,CPI,19,cpi_headline_yoy,221,core_pce_price_index_yoy,Core PCE Price Index (YoY),Inflation,4,10,0.488428,0.488428,False,moderate,2026-04-24T07:51:03.322738+00:00
4170,US,USD,CPI,19,cpi_headline_yoy,221,core_pce_price_index_yoy,Core PCE Price Index (YoY),Inflation,5,18,0.455115,0.455115,False,moderate,2026-04-24T07:51:03.322738+00:00
4171,US,USD,CPI,19,cpi_headline_yoy,221,core_pce_price_index_yoy,Core PCE Price Index (YoY),Inflation,1,29,0.357008,0.357008,False,weak,2026-04-24T07:51:03.322738+00:00
4172,US,USD,CPI,19,cpi_headline_yoy,221,core_pce_price_index_yoy,Core PCE Price Index (YoY),Inflation,3,9,0.294773,0.294773,False,weak,2026-04-24T07:51:03.322738+00:00
4173,US,USD,CPI,19,cpi_headline_yoy,221,core_pce_price_index_yoy,Core PCE Price Index (YoY),Inflation,2,20,0.234073,0.234073,False,very_weak,2026-04-24T07:51:03.322738+00:00
4174,US,USD,CPI,19,cpi_headline_yoy,222,pce_price_index_mom,PCE Price Index (MoM),Inflation,3,9,-0.555101,0.555101,True,moderate,2026-04-24T07:51:03.322738+00:00
4175,US,USD,CPI,19,cpi_headline_yoy,222,pce_price_index_mom,PCE Price Index (MoM),Inflation,2,19,-0.233390,0.233390,False,very_weak,2026-04-24T07:51:03.322738+00:00
4176,US,USD,CPI,19,cpi_headline_yoy,222,pce_price_index_mom,PCE Price Index (MoM),Inflation,6,24,0.192515,0.192515,False,very_weak,2026-04-24T07:51:03.322738+00:00
4177,US,USD,CPI,19,cpi_headline_yoy,222,pce_price_index_mom,PCE Price Index (MoM),Inflation,4,9,-0.139133,0.139133,False,very_weak,2026-04-24T07:51:03.322738+00:00
4178,US,USD,CPI,19,cpi_headline_yoy,222,pce_price_index_mom,PCE Price Index (MoM),Inflation,1,26,-0.056877,0.056877,False,very_weak,2026-04-24T07:51:03.322738+00:00
4179,US,USD,CPI,19,cpi_headline_yoy,222,pce_price_index_mom,PCE Price Index (MoM),Inflation,5,15,0.039786,0.039786,False,very_weak,2026-04-24T07:51:03.322738+00:00
4180,US,USD,CPI,19,cpi_headline_yoy,223,pce_price_index_yoy,PCE Price Index (YoY),Inflation,6,28,0.455298,0.455298,True,moderate,2026-04-24T07:51:03.322738+00:00
4181,US,USD,CPI,19,cpi_headline_yoy,223,pce_price_index_yoy,PCE Price Index (YoY),Inflation,3,9,0.387496,0.387496,False,weak,2026-04-24T07:51:03.322738+00:00
4182,US,USD,CPI,19,cpi_headline_yoy,223,pce_price_index_yoy,PCE Price Index (YoY),Inflation,5,18,0.325294,0.325294,False,weak,2026-04-24T07:51:03.322738+00:00
4183,US,USD,CPI,19,cpi_headline_yoy,223,pce_price_index_yoy,PCE Price Index (YoY),Inflation,1,29,0.277395,0.277395,False,weak,2026-04-24T07:51:03.322738+00:00
4184,US,USD,CPI,19,cpi_headline_yoy,223,pce_price_index_yoy,PCE Price Index (YoY),Inflation,2,20,0.152442,0.152442,False,very_weak,2026-04-24T07:51:03.322738+00:00
4185,US,USD,CPI,19,cpi_headline_yoy,223,pce_price_index_yoy,PCE Price Index (YoY),Inflation,4,10,0.090508,0.090508,False,very_weak,2026-04-24T07:51:03.322738+00:00
4186,US,USD,CPI,19,cpi_headline_yoy,224,core_pce_prices_qoq,Core PCE Prices (QoQ),Inflation,5,8,0.506255,0.506255,True,moderate,2026-04-24T07:51:03.322738+00:00
4187,US,USD,CPI,19,cpi_headline_yoy,224,core_pce_prices_qoq,Core PCE Prices (QoQ),Inflation,3,10,-0.204622,0.204622,False,very_weak,2026-04-24T07:51:03.322738+00:00
4188,US,USD,CPI,19,cpi_headline_yoy,224,core_pce_prices_qoq,Core PCE Prices (QoQ),Inflation,4,21,-0.100516,0.100516,False,very_weak,2026-04-24T07:51:03.322738+00:00
4189,US,USD,CPI,19,cpi_headline_yoy,225,pce_prices_qoq,PCE Prices (QoQ),Inflation,5,8,0.548539,0.548539,True,moderate,2026-04-24T07:51:03.322738+00:00
4190,US,USD,CPI,19,cpi_headline_yoy,225,pce_prices_qoq,PCE Prices (QoQ),Inflation,3,10,-0.289050,0.289050,False,weak,2026-04-24T07:51:03.322738+00:00
4191,US,USD,CPI,19,cpi_headline_yoy,225,pce_prices_qoq,PCE Prices (QoQ),Inflation,4,21,-0.102557,0.102557,False,very_weak,2026-04-24T07:51:03.322738+00:00
4192,US,USD,CPI,19,cpi_headline_yoy,226,core_ppi_mom,Core PPI (MoM),Inflation,4,10,0.408840,0.408840,True,weak,2026-04-24T07:51:03.322738+00:00
4193,US,USD,CPI,19,cpi_headline_yoy,226,core_ppi_mom,Core PPI (MoM),Inflation,5,15,0.205372,0.205372,False,very_weak,2026-04-24T07:51:03.322738+00:00
4194,US,USD,CPI,19,cpi_headline_yoy,226,core_ppi_mom,Core PPI (MoM),Inflation,2,10,-0.205243,0.205243,False,very_weak,2026-04-24T07:51:03.322738+00:00
4195,US,USD,CPI,19,cpi_headline_yoy,226,core_ppi_mom,Core PPI (MoM),Inflation,6,24,0.123628,0.123628,False,very_weak,2026-04-24T07:51:03.322738+00:00
4196,US,USD,CPI,19,cpi_headline_yoy,226,core_ppi_mom,Core PPI (MoM),Inflation,1,19,-0.063263,0.063263,False,very_weak,2026-04-24T07:51:03.322738+00:00
4197,US,USD,CPI,19,cpi_headline_yoy,227,export_prices_mom,Export Prices (MoM),Inflation,4,8,0.288021,0.288021,True,weak,2026-04-24T07:51:03.322738+00:00
4198,US,USD,CPI,19,cpi_headline_yoy,227,export_prices_mom,Export Prices (MoM),Inflation,5,16,0.249317,0.249317,False,very_weak,2026-04-24T07:51:03.322738+00:00
4199,US,USD,CPI,19,cpi_headline_yoy,227,export_prices_mom,Export Prices (MoM),Inflation,6,26,0.214182,0.214182,False,very_weak,2026-04-24T07:51:03.322738+00:00
4200,US,USD,CPI,19,cpi_headline_yoy,227,export_prices_mom,Export Prices (MoM),Inflation,2,12,0.036863,0.036863,False,very_weak,2026-04-24T07:51:03.322738+00:00
4201,US,USD,CPI,19,cpi_headline_yoy,227,export_prices_mom,Export Prices (MoM),Inflation,1,25,-0.020651,0.020651,False,very_weak,2026-04-24T07:51:03.322738+00:00
4202,US,USD,CPI,19,cpi_headline_yoy,228,export_prices_yoy,Export Prices (YoY),Inflation,2,13,-0.356066,0.356066,True,weak,2026-04-24T07:51:03.322738+00:00
4203,US,USD,CPI,19,cpi_headline_yoy,228,export_prices_yoy,Export Prices (YoY),Inflation,1,25,-0.331114,0.331114,False,weak,2026-04-24T07:51:03.322738+00:00
4204,US,USD,CPI,19,cpi_headline_yoy,228,export_prices_yoy,Export Prices (YoY),Inflation,4,10,0.282562,0.282562,False,weak,2026-04-24T07:51:03.322738+00:00
4205,US,USD,CPI,19,cpi_headline_yoy,228,export_prices_yoy,Export Prices (YoY),Inflation,5,18,0.262946,0.262946,False,weak,2026-04-24T07:51:03.322738+00:00
4206,US,USD,CPI,19,cpi_headline_yoy,228,export_prices_yoy,Export Prices (YoY),Inflation,6,28,0.077269,0.077269,False,very_weak,2026-04-24T07:51:03.322738+00:00
4207,US,USD,CPI,19,cpi_headline_yoy,229,michigan_inflation_expectations,Michigan Inflation Expectations,Inflation,6,46,0.205454,0.205454,True,very_weak,2026-04-24T07:51:03.322738+00:00
4208,US,USD,CPI,19,cpi_headline_yoy,229,michigan_inflation_expectations,Michigan Inflation Expectations,Inflation,3,18,-0.194671,0.194671,False,very_weak,2026-04-24T07:51:03.322738+00:00
4209,US,USD,CPI,19,cpi_headline_yoy,229,michigan_inflation_expectations,Michigan Inflation Expectations,Inflation,5,51,0.116499,0.116499,False,very_weak,2026-04-24T07:51:03.322738+00:00
4210,US,USD,CPI,19,cpi_headline_yoy,229,michigan_inflation_expectations,Michigan Inflation Expectations,Inflation,2,17,0.095889,0.095889,False,very_weak,2026-04-24T07:51:03.322738+00:00
4211,US,USD,CPI,19,cpi_headline_yoy,229,michigan_inflation_expectations,Michigan Inflation Expectations,Inflation,0,52,-0.088083,0.088083,False,very_weak,2026-04-24T07:51:03.322738+00:00
4212,US,USD,CPI,19,cpi_headline_yoy,229,michigan_inflation_expectations,Michigan Inflation Expectations,Inflation,4,34,-0.021876,0.021876,False,very_weak,2026-04-24T07:51:03.322738+00:00
4213,US,USD,CPI,19,cpi_headline_yoy,229,michigan_inflation_expectations,Michigan Inflation Expectations,Inflation,1,33,-0.005275,0.005275,False,very_weak,2026-04-24T07:51:03.322738+00:00
4214,US,USD,CPI,19,cpi_headline_yoy,230,import_prices_mom,Import Prices (MoM),Inflation,4,8,-0.425349,0.425349,True,weak,2026-04-24T07:51:03.322738+00:00
4215,US,USD,CPI,19,cpi_headline_yoy,230,import_prices_mom,Import Prices (MoM),Inflation,5,16,-0.221599,0.221599,False,very_weak,2026-04-24T07:51:03.322738+00:00
4216,US,USD,CPI,19,cpi_headline_yoy,230,import_prices_mom,Import Prices (MoM),Inflation,2,12,0.165198,0.165198,False,very_weak,2026-04-24T07:51:03.322738+00:00
4217,US,USD,CPI,19,cpi_headline_yoy,230,import_prices_mom,Import Prices (MoM),Inflation,6,25,0.055945,0.055945,False,very_weak,2026-04-24T07:51:03.322738+00:00
4218,US,USD,CPI,19,cpi_headline_yoy,230,import_prices_mom,Import Prices (MoM),Inflation,1,24,-0.048367,0.048367,False,very_weak,2026-04-24T07:51:03.322738+00:00
4219,US,USD,CPI,19,cpi_headline_yoy,231,consumer_inflation_expectations,Consumer Inflation Expectations,Inflation,6,26,0.307112,0.307112,True,weak,2026-04-24T07:51:03.322738+00:00
4220,US,USD,CPI,19,cpi_headline_yoy,231,consumer_inflation_expectations,Consumer Inflation Expectations,Inflation,0,27,-0.208437,0.208437,False,very_weak,2026-04-24T07:51:03.322738+00:00
4221,US,USD,CPI,19,cpi_headline_yoy,231,consumer_inflation_expectations,Consumer Inflation Expectations,Inflation,2,11,0.208327,0.208327,False,very_weak,2026-04-24T07:51:03.322738+00:00
4222,US,USD,CPI,19,cpi_headline_yoy,231,consumer_inflation_expectations,Consumer Inflation Expectations,Inflation,4,9,-0.204056,0.204056,False,very_weak,2026-04-24T07:51:03.322738+00:00
4223,US,USD,CPI,19,cpi_headline_yoy,231,consumer_inflation_expectations,Consumer Inflation Expectations,Inflation,1,21,0.170957,0.170957,False,very_weak,2026-04-24T07:51:03.322738+00:00
4224,US,USD,CPI,19,cpi_headline_yoy,231,consumer_inflation_expectations,Consumer Inflation Expectations,Inflation,5,17,0.053776,0.053776,False,very_weak,2026-04-24T07:51:03.322738+00:00
4225,US,USD,CPI,19,cpi_headline_yoy,235,ppi_mom,PPI (MoM),Inflation,2,10,0.231016,0.231016,True,very_weak,2026-04-24T07:51:03.322738+00:00
4226,US,USD,CPI,19,cpi_headline_yoy,235,ppi_mom,PPI (MoM),Inflation,6,27,0.218352,0.218352,False,very_weak,2026-04-24T07:51:03.322738+00:00
4227,US,USD,CPI,19,cpi_headline_yoy,235,ppi_mom,PPI (MoM),Inflation,4,10,0.117224,0.117224,False,very_weak,2026-04-24T07:51:03.322738+00:00
4228,US,USD,CPI,19,cpi_headline_yoy,235,ppi_mom,PPI (MoM),Inflation,1,21,0.080734,0.080734,False,very_weak,2026-04-24T07:51:03.322738+00:00
4229,US,USD,CPI,19,cpi_headline_yoy,235,ppi_mom,PPI (MoM),Inflation,5,17,-0.007807,0.007807,False,very_weak,2026-04-24T07:51:03.322738+00:00
4230,US,USD,CPI,19,cpi_headline_yoy,238,government_payrolls,Government Payrolls,Labor,1,21,0.412226,0.412226,True,weak,2026-04-24T07:51:03.322738+00:00
4231,US,USD,CPI,19,cpi_headline_yoy,238,government_payrolls,Government Payrolls,Labor,4,12,0.387192,0.387192,False,weak,2026-04-24T07:51:03.322738+00:00
4232,US,USD,CPI,19,cpi_headline_yoy,238,government_payrolls,Government Payrolls,Labor,5,19,0.360300,0.360300,False,weak,2026-04-24T07:51:03.322738+00:00
4233,US,USD,CPI,19,cpi_headline_yoy,238,government_payrolls,Government Payrolls,Labor,6,28,0.308898,0.308898,False,weak,2026-04-24T07:51:03.322738+00:00
4234,US,USD,CPI,19,cpi_headline_yoy,238,government_payrolls,Government Payrolls,Labor,0,34,0.291464,0.291464,False,weak,2026-04-24T07:51:03.322738+00:00
4235,US,USD,CPI,19,cpi_headline_yoy,238,government_payrolls,Government Payrolls,Labor,2,11,-0.184291,0.184291,False,very_weak,2026-04-24T07:51:03.322738+00:00
4236,US,USD,CPI,19,cpi_headline_yoy,239,manufacturing_payrolls,Manufacturing Payrolls,Labor,1,21,0.391223,0.391223,True,weak,2026-04-24T07:51:03.322738+00:00
4237,US,USD,CPI,19,cpi_headline_yoy,239,manufacturing_payrolls,Manufacturing Payrolls,Labor,4,12,0.303695,0.303695,False,weak,2026-04-24T07:51:03.322738+00:00
4238,US,USD,CPI,19,cpi_headline_yoy,239,manufacturing_payrolls,Manufacturing Payrolls,Labor,5,19,0.301613,0.301613,False,weak,2026-04-24T07:51:03.322738+00:00
4239,US,USD,CPI,19,cpi_headline_yoy,239,manufacturing_payrolls,Manufacturing Payrolls,Labor,6,28,0.301249,0.301249,False,weak,2026-04-24T07:51:03.322738+00:00
4240,US,USD,CPI,19,cpi_headline_yoy,239,manufacturing_payrolls,Manufacturing Payrolls,Labor,0,34,0.237031,0.237031,False,very_weak,2026-04-24T07:51:03.322738+00:00
4241,US,USD,CPI,19,cpi_headline_yoy,239,manufacturing_payrolls,Manufacturing Payrolls,Labor,2,11,-0.202521,0.202521,False,very_weak,2026-04-24T07:51:03.322738+00:00
4242,US,USD,CPI,19,cpi_headline_yoy,240,private_nonfarm_payrolls,Private Nonfarm Payrolls,Labor,1,21,0.388301,0.388301,True,weak,2026-04-24T07:51:03.322738+00:00
4243,US,USD,CPI,19,cpi_headline_yoy,240,private_nonfarm_payrolls,Private Nonfarm Payrolls,Labor,4,12,0.288684,0.288684,False,weak,2026-04-24T07:51:03.322738+00:00
4244,US,USD,CPI,19,cpi_headline_yoy,240,private_nonfarm_payrolls,Private Nonfarm Payrolls,Labor,6,28,0.283581,0.283581,False,weak,2026-04-24T07:51:03.322738+00:00
4245,US,USD,CPI,19,cpi_headline_yoy,240,private_nonfarm_payrolls,Private Nonfarm Payrolls,Labor,5,19,0.268490,0.268490,False,weak,2026-04-24T07:51:03.322738+00:00
4246,US,USD,CPI,19,cpi_headline_yoy,240,private_nonfarm_payrolls,Private Nonfarm Payrolls,Labor,0,34,0.218727,0.218727,False,very_weak,2026-04-24T07:51:03.322738+00:00
4247,US,USD,CPI,19,cpi_headline_yoy,240,private_nonfarm_payrolls,Private Nonfarm Payrolls,Labor,2,11,-0.128665,0.128665,False,very_weak,2026-04-24T07:51:03.322738+00:00
4248,US,USD,CPI,19,cpi_headline_yoy,242,average_weekly_hours,Average Weekly Hours,Labor,2,11,-0.717216,0.717216,True,strong,2026-04-24T07:51:03.322738+00:00
4249,US,USD,CPI,19,cpi_headline_yoy,242,average_weekly_hours,Average Weekly Hours,Labor,0,34,-0.601927,0.601927,False,moderate,2026-04-24T07:51:03.322738+00:00
4250,US,USD,CPI,19,cpi_headline_yoy,242,average_weekly_hours,Average Weekly Hours,Labor,1,21,-0.474951,0.474951,False,moderate,2026-04-24T07:51:03.322738+00:00
4251,US,USD,CPI,19,cpi_headline_yoy,242,average_weekly_hours,Average Weekly Hours,Labor,5,19,-0.263047,0.263047,False,weak,2026-04-24T07:51:03.322738+00:00
4252,US,USD,CPI,19,cpi_headline_yoy,242,average_weekly_hours,Average Weekly Hours,Labor,4,12,-0.247706,0.247706,False,very_weak,2026-04-24T07:51:03.322738+00:00
4253,US,USD,CPI,19,cpi_headline_yoy,242,average_weekly_hours,Average Weekly Hours,Labor,6,28,-0.177161,0.177161,False,very_weak,2026-04-24T07:51:03.322738+00:00
4254,US,USD,CPI,19,cpi_headline_yoy,243,challenger_job_cuts,Challenger Job Cuts,Labor,6,27,-0.285185,0.285185,True,weak,2026-04-24T07:51:03.322738+00:00
4255,US,USD,CPI,19,cpi_headline_yoy,243,challenger_job_cuts,Challenger Job Cuts,Labor,4,9,-0.208576,0.208576,False,very_weak,2026-04-24T07:51:03.322738+00:00
4256,US,USD,CPI,19,cpi_headline_yoy,243,challenger_job_cuts,Challenger Job Cuts,Labor,5,17,-0.199285,0.199285,False,very_weak,2026-04-24T07:51:03.322738+00:00
4257,US,USD,CPI,19,cpi_headline_yoy,243,challenger_job_cuts,Challenger Job Cuts,Labor,2,10,0.199064,0.199064,False,very_weak,2026-04-24T07:51:03.322738+00:00
4258,US,USD,CPI,19,cpi_headline_yoy,243,challenger_job_cuts,Challenger Job Cuts,Labor,0,34,0.137401,0.137401,False,very_weak,2026-04-24T07:51:03.322738+00:00
4259,US,USD,CPI,19,cpi_headline_yoy,243,challenger_job_cuts,Challenger Job Cuts,Labor,1,20,-0.046924,0.046924,False,very_weak,2026-04-24T07:51:03.322738+00:00
4260,US,USD,CPI,19,cpi_headline_yoy,244,employment_cost_index_qoq,Employment Cost Index (QoQ),Inflation,4,11,0.779090,0.779090,True,strong,2026-04-24T07:51:03.322738+00:00
4261,US,USD,CPI,19,cpi_headline_yoy,244,employment_cost_index_qoq,Employment Cost Index (QoQ),Inflation,3,11,0.740828,0.740828,False,strong,2026-04-24T07:51:03.322738+00:00
4262,US,USD,CPI,19,cpi_headline_yoy,245,employment_cost_wages_qoq,Employment Cost - Wages (QoQ),Inflation,4,11,0.643598,0.643598,True,moderate,2026-04-24T07:51:03.322738+00:00
4263,US,USD,CPI,19,cpi_headline_yoy,245,employment_cost_wages_qoq,Employment Cost - Wages (QoQ),Inflation,3,11,0.628936,0.628936,False,moderate,2026-04-24T07:51:03.322738+00:00
4264,US,USD,CPI,19,cpi_headline_yoy,246,employment_cost_benefits_qoq,Employment Cost - Benefits (QoQ),Inflation,4,11,0.810942,0.810942,True,strong,2026-04-24T07:51:03.322738+00:00
4265,US,USD,CPI,19,cpi_headline_yoy,246,employment_cost_benefits_qoq,Employment Cost - Benefits (QoQ),Inflation,3,11,0.748363,0.748363,False,strong,2026-04-24T07:51:03.322738+00:00
4266,US,USD,CPI,20,cpi_headline_mom,17,core_cpi_yoy,Core CPI (YoY),Inflation,2,10,0.484380,0.484380,True,moderate,2026-04-24T07:51:03.322738+00:00
4267,US,USD,CPI,20,cpi_headline_mom,17,core_cpi_yoy,Core CPI (YoY),Inflation,6,23,0.440361,0.440361,False,weak,2026-04-24T07:51:03.322738+00:00
4268,US,USD,CPI,20,cpi_headline_mom,17,core_cpi_yoy,Core CPI (YoY),Inflation,0,30,0.422146,0.422146,False,weak,2026-04-24T07:51:03.322738+00:00
4269,US,USD,CPI,20,cpi_headline_mom,17,core_cpi_yoy,Core CPI (YoY),Inflation,1,19,0.247568,0.247568,False,very_weak,2026-04-24T07:51:03.322738+00:00
4270,US,USD,CPI,20,cpi_headline_mom,17,core_cpi_yoy,Core CPI (YoY),Inflation,4,10,0.161177,0.161177,False,very_weak,2026-04-24T07:51:03.322738+00:00
4271,US,USD,CPI,20,cpi_headline_mom,17,core_cpi_yoy,Core CPI (YoY),Inflation,5,15,0.100409,0.100409,False,very_weak,2026-04-24T07:51:03.322738+00:00
4272,US,USD,CPI,20,cpi_headline_mom,18,core_cpi_mom,Core CPI (MoM),Inflation,0,30,0.369080,0.369080,True,weak,2026-04-24T07:51:03.322738+00:00
4273,US,USD,CPI,20,cpi_headline_mom,18,core_cpi_mom,Core CPI (MoM),Inflation,5,14,0.363615,0.363615,False,weak,2026-04-24T07:51:03.322738+00:00
4274,US,USD,CPI,20,cpi_headline_mom,18,core_cpi_mom,Core CPI (MoM),Inflation,1,18,0.335263,0.335263,False,weak,2026-04-24T07:51:03.322738+00:00
4275,US,USD,CPI,20,cpi_headline_mom,18,core_cpi_mom,Core CPI (MoM),Inflation,4,8,0.224082,0.224082,False,very_weak,2026-04-24T07:51:03.322738+00:00
4276,US,USD,CPI,20,cpi_headline_mom,18,core_cpi_mom,Core CPI (MoM),Inflation,6,22,0.215285,0.215285,False,very_weak,2026-04-24T07:51:03.322738+00:00
4277,US,USD,CPI,20,cpi_headline_mom,18,core_cpi_mom,Core CPI (MoM),Inflation,2,9,-0.043277,0.043277,False,very_weak,2026-04-24T07:51:03.322738+00:00
4278,US,USD,CPI,20,cpi_headline_mom,19,cpi_headline_yoy,Headline CPI (YoY),Inflation,0,31,0.702272,0.702272,True,strong,2026-04-24T07:51:03.322738+00:00
4279,US,USD,CPI,20,cpi_headline_mom,19,cpi_headline_yoy,Headline CPI (YoY),Inflation,4,10,0.550886,0.550886,False,moderate,2026-04-24T07:51:03.322738+00:00
4280,US,USD,CPI,20,cpi_headline_mom,19,cpi_headline_yoy,Headline CPI (YoY),Inflation,6,23,0.511489,0.511489,False,moderate,2026-04-24T07:51:03.322738+00:00
4281,US,USD,CPI,20,cpi_headline_mom,19,cpi_headline_yoy,Headline CPI (YoY),Inflation,1,20,0.478577,0.478577,False,moderate,2026-04-24T07:51:03.322738+00:00
4282,US,USD,CPI,20,cpi_headline_mom,19,cpi_headline_yoy,Headline CPI (YoY),Inflation,2,12,0.431230,0.431230,False,weak,2026-04-24T07:51:03.322738+00:00
4283,US,USD,CPI,20,cpi_headline_mom,19,cpi_headline_yoy,Headline CPI (YoY),Inflation,5,15,0.409307,0.409307,False,weak,2026-04-24T07:51:03.322738+00:00
4284,US,USD,CPI,20,cpi_headline_mom,21,ppi_yoy,PPI (YoY),Inflation,2,10,0.784401,0.784401,True,strong,2026-04-24T07:51:03.322738+00:00
4285,US,USD,CPI,20,cpi_headline_mom,21,ppi_yoy,PPI (YoY),Inflation,1,19,0.680770,0.680770,False,moderate,2026-04-24T07:51:03.322738+00:00
4286,US,USD,CPI,20,cpi_headline_mom,21,ppi_yoy,PPI (YoY),Inflation,4,9,0.392991,0.392991,False,weak,2026-04-24T07:51:03.322738+00:00
4287,US,USD,CPI,20,cpi_headline_mom,21,ppi_yoy,PPI (YoY),Inflation,6,25,0.376302,0.376302,False,weak,2026-04-24T07:51:03.322738+00:00
4288,US,USD,CPI,20,cpi_headline_mom,21,ppi_yoy,PPI (YoY),Inflation,5,16,0.363220,0.363220,False,weak,2026-04-24T07:51:03.322738+00:00
4289,US,USD,CPI,20,cpi_headline_mom,22,core_ppi_yoy,Core PPI (YoY),Inflation,2,10,0.837920,0.837920,True,strong,2026-04-24T07:51:03.322738+00:00
4290,US,USD,CPI,20,cpi_headline_mom,22,core_ppi_yoy,Core PPI (YoY),Inflation,4,8,0.688975,0.688975,False,moderate,2026-04-24T07:51:03.322738+00:00
4291,US,USD,CPI,20,cpi_headline_mom,22,core_ppi_yoy,Core PPI (YoY),Inflation,1,18,0.511705,0.511705,False,moderate,2026-04-24T07:51:03.322738+00:00
4292,US,USD,CPI,20,cpi_headline_mom,22,core_ppi_yoy,Core PPI (YoY),Inflation,5,15,0.407038,0.407038,False,weak,2026-04-24T07:51:03.322738+00:00
4293,US,USD,CPI,20,cpi_headline_mom,22,core_ppi_yoy,Core PPI (YoY),Inflation,6,25,0.305951,0.305951,False,weak,2026-04-24T07:51:03.322738+00:00
4294,US,USD,CPI,20,cpi_headline_mom,24,umich_inflation_exp_5y,UMich 5Y Inflation Expectations,Inflation,2,15,0.645069,0.645069,True,moderate,2026-04-24T07:51:03.322738+00:00
4295,US,USD,CPI,20,cpi_headline_mom,24,umich_inflation_exp_5y,UMich 5Y Inflation Expectations,Inflation,4,31,-0.448026,0.448026,False,weak,2026-04-24T07:51:03.322738+00:00
4296,US,USD,CPI,20,cpi_headline_mom,24,umich_inflation_exp_5y,UMich 5Y Inflation Expectations,Inflation,0,44,-0.186082,0.186082,False,very_weak,2026-04-24T07:51:03.322738+00:00
4297,US,USD,CPI,20,cpi_headline_mom,24,umich_inflation_exp_5y,UMich 5Y Inflation Expectations,Inflation,1,27,-0.104922,0.104922,False,very_weak,2026-04-24T07:51:03.322738+00:00
4298,US,USD,CPI,20,cpi_headline_mom,24,umich_inflation_exp_5y,UMich 5Y Inflation Expectations,Inflation,3,19,-0.083631,0.083631,False,very_weak,2026-04-24T07:51:03.322738+00:00
4299,US,USD,CPI,20,cpi_headline_mom,24,umich_inflation_exp_5y,UMich 5Y Inflation Expectations,Inflation,5,42,-0.057747,0.057747,False,very_weak,2026-04-24T07:51:03.322738+00:00
4300,US,USD,CPI,20,cpi_headline_mom,24,umich_inflation_exp_5y,UMich 5Y Inflation Expectations,Inflation,6,39,-0.053938,0.053938,False,very_weak,2026-04-24T07:51:03.322738+00:00
4301,US,USD,CPI,20,cpi_headline_mom,25,import_prices_yoy,Import Prices (YoY),Inflation,4,9,0.565948,0.565948,True,moderate,2026-04-24T07:51:03.322738+00:00
4302,US,USD,CPI,20,cpi_headline_mom,25,import_prices_yoy,Import Prices (YoY),Inflation,2,11,0.447491,0.447491,False,weak,2026-04-24T07:51:03.322738+00:00
4303,US,USD,CPI,20,cpi_headline_mom,25,import_prices_yoy,Import Prices (YoY),Inflation,1,21,0.401939,0.401939,False,weak,2026-04-24T07:51:03.322738+00:00
4304,US,USD,CPI,20,cpi_headline_mom,25,import_prices_yoy,Import Prices (YoY),Inflation,5,16,0.341154,0.341154,False,weak,2026-04-24T07:51:03.322738+00:00
4305,US,USD,CPI,20,cpi_headline_mom,25,import_prices_yoy,Import Prices (YoY),Inflation,6,25,0.308211,0.308211,False,weak,2026-04-24T07:51:03.322738+00:00
4306,US,USD,CPI,20,cpi_headline_mom,26,nfp,Non-Farm Payrolls,Labor,0,30,0.546667,0.546667,True,moderate,2026-04-24T07:51:03.322738+00:00
4307,US,USD,CPI,20,cpi_headline_mom,26,nfp,Non-Farm Payrolls,Labor,1,18,0.395693,0.395693,False,weak,2026-04-24T07:51:03.322738+00:00
4308,US,USD,CPI,20,cpi_headline_mom,26,nfp,Non-Farm Payrolls,Labor,6,25,-0.198340,0.198340,False,very_weak,2026-04-24T07:51:03.322738+00:00
4309,US,USD,CPI,20,cpi_headline_mom,26,nfp,Non-Farm Payrolls,Labor,5,18,0.198185,0.198185,False,very_weak,2026-04-24T07:51:03.322738+00:00
4310,US,USD,CPI,20,cpi_headline_mom,26,nfp,Non-Farm Payrolls,Labor,2,10,0.135089,0.135089,False,very_weak,2026-04-24T07:51:03.322738+00:00
4311,US,USD,CPI,20,cpi_headline_mom,26,nfp,Non-Farm Payrolls,Labor,4,12,0.072599,0.072599,False,very_weak,2026-04-24T07:51:03.322738+00:00
4312,US,USD,CPI,20,cpi_headline_mom,27,unemployment_rate,Unemployment Rate,Labor,0,30,-0.695563,0.695563,True,moderate,2026-04-24T07:51:03.322738+00:00
4313,US,USD,CPI,20,cpi_headline_mom,27,unemployment_rate,Unemployment Rate,Labor,1,18,-0.475259,0.475259,False,moderate,2026-04-24T07:51:03.322738+00:00
4314,US,USD,CPI,20,cpi_headline_mom,27,unemployment_rate,Unemployment Rate,Labor,2,10,-0.376449,0.376449,False,weak,2026-04-24T07:51:03.322738+00:00
4315,US,USD,CPI,20,cpi_headline_mom,27,unemployment_rate,Unemployment Rate,Labor,5,16,-0.367779,0.367779,False,weak,2026-04-24T07:51:03.322738+00:00
4316,US,USD,CPI,20,cpi_headline_mom,27,unemployment_rate,Unemployment Rate,Labor,6,25,-0.273929,0.273929,False,weak,2026-04-24T07:51:03.322738+00:00
4317,US,USD,CPI,20,cpi_headline_mom,27,unemployment_rate,Unemployment Rate,Labor,4,11,-0.127280,0.127280,False,very_weak,2026-04-24T07:51:03.322738+00:00
4318,US,USD,CPI,20,cpi_headline_mom,28,avg_hourly_earnings_yoy,Average Hourly Earnings (YoY),Inflation,2,10,0.635176,0.635176,True,moderate,2026-04-24T07:51:03.322738+00:00
4319,US,USD,CPI,20,cpi_headline_mom,28,avg_hourly_earnings_yoy,Average Hourly Earnings (YoY),Inflation,0,29,-0.555626,0.555626,False,moderate,2026-04-24T07:51:03.322738+00:00
4320,US,USD,CPI,20,cpi_headline_mom,28,avg_hourly_earnings_yoy,Average Hourly Earnings (YoY),Inflation,1,18,-0.345605,0.345605,False,weak,2026-04-24T07:51:03.322738+00:00
4321,US,USD,CPI,20,cpi_headline_mom,28,avg_hourly_earnings_yoy,Average Hourly Earnings (YoY),Inflation,5,18,-0.224184,0.224184,False,very_weak,2026-04-24T07:51:03.322738+00:00
4322,US,USD,CPI,20,cpi_headline_mom,28,avg_hourly_earnings_yoy,Average Hourly Earnings (YoY),Inflation,4,12,-0.116693,0.116693,False,very_weak,2026-04-24T07:51:03.322738+00:00
4323,US,USD,CPI,20,cpi_headline_mom,28,avg_hourly_earnings_yoy,Average Hourly Earnings (YoY),Inflation,6,24,-0.103519,0.103519,False,very_weak,2026-04-24T07:51:03.322738+00:00
4324,US,USD,CPI,20,cpi_headline_mom,29,avg_hourly_earnings_mom,Average Hourly Earnings (MoM),Inflation,2,10,0.683682,0.683682,True,moderate,2026-04-24T07:51:03.322738+00:00
4325,US,USD,CPI,20,cpi_headline_mom,29,avg_hourly_earnings_mom,Average Hourly Earnings (MoM),Inflation,0,30,-0.579663,0.579663,False,moderate,2026-04-24T07:51:03.322738+00:00
4326,US,USD,CPI,20,cpi_headline_mom,29,avg_hourly_earnings_mom,Average Hourly Earnings (MoM),Inflation,1,18,-0.384354,0.384354,False,weak,2026-04-24T07:51:03.322738+00:00
4327,US,USD,CPI,20,cpi_headline_mom,29,avg_hourly_earnings_mom,Average Hourly Earnings (MoM),Inflation,5,18,-0.245407,0.245407,False,very_weak,2026-04-24T07:51:03.322738+00:00
4328,US,USD,CPI,20,cpi_headline_mom,29,avg_hourly_earnings_mom,Average Hourly Earnings (MoM),Inflation,4,12,-0.151329,0.151329,False,very_weak,2026-04-24T07:51:03.322738+00:00
4329,US,USD,CPI,20,cpi_headline_mom,29,avg_hourly_earnings_mom,Average Hourly Earnings (MoM),Inflation,6,25,-0.099030,0.099030,False,very_weak,2026-04-24T07:51:03.322738+00:00
4330,US,USD,CPI,20,cpi_headline_mom,30,participation_rate,Labor Force Participation Rate,Labor,4,11,0.515191,0.515191,True,moderate,2026-04-24T07:51:03.322738+00:00
4331,US,USD,CPI,20,cpi_headline_mom,30,participation_rate,Labor Force Participation Rate,Labor,0,30,0.472845,0.472845,False,moderate,2026-04-24T07:51:03.322738+00:00
4332,US,USD,CPI,20,cpi_headline_mom,30,participation_rate,Labor Force Participation Rate,Labor,5,16,0.242358,0.242358,False,very_weak,2026-04-24T07:51:03.322738+00:00
4333,US,USD,CPI,20,cpi_headline_mom,30,participation_rate,Labor Force Participation Rate,Labor,2,10,0.189463,0.189463,False,very_weak,2026-04-24T07:51:03.322738+00:00
4334,US,USD,CPI,20,cpi_headline_mom,30,participation_rate,Labor Force Participation Rate,Labor,1,18,-0.151068,0.151068,False,very_weak,2026-04-24T07:51:03.322738+00:00
4335,US,USD,CPI,20,cpi_headline_mom,30,participation_rate,Labor Force Participation Rate,Labor,6,25,0.043982,0.043982,False,very_weak,2026-04-24T07:51:03.322738+00:00
4336,US,USD,CPI,20,cpi_headline_mom,31,u6_unemployment_rate,U-6 Underemployment Rate,Labor,0,9,-0.337262,0.337262,True,weak,2026-04-24T07:51:03.322738+00:00
4337,US,USD,CPI,20,cpi_headline_mom,32,adp_employment_change,ADP Employment Change,Labor,4,10,-0.305124,0.305124,True,weak,2026-04-24T07:51:03.322738+00:00
4338,US,USD,CPI,20,cpi_headline_mom,32,adp_employment_change,ADP Employment Change,Labor,5,15,0.255464,0.255464,False,weak,2026-04-24T07:51:03.322738+00:00
4339,US,USD,CPI,20,cpi_headline_mom,32,adp_employment_change,ADP Employment Change,Labor,1,17,-0.209096,0.209096,False,very_weak,2026-04-24T07:51:03.322738+00:00
4340,US,USD,CPI,20,cpi_headline_mom,32,adp_employment_change,ADP Employment Change,Labor,6,23,0.164402,0.164402,False,very_weak,2026-04-24T07:51:03.322738+00:00
4341,US,USD,CPI,20,cpi_headline_mom,32,adp_employment_change,ADP Employment Change,Labor,2,10,0.125058,0.125058,False,very_weak,2026-04-24T07:51:03.322738+00:00
4342,US,USD,CPI,20,cpi_headline_mom,32,adp_employment_change,ADP Employment Change,Labor,0,29,-0.044351,0.044351,False,very_weak,2026-04-24T07:51:03.322738+00:00
4343,US,USD,CPI,20,cpi_headline_mom,33,initial_jobless_claims,Initial Jobless Claims,Labor,1,70,-0.459091,0.459091,True,moderate,2026-04-24T07:51:03.322738+00:00
4344,US,USD,CPI,20,cpi_headline_mom,33,initial_jobless_claims,Initial Jobless Claims,Labor,4,79,-0.299038,0.299038,False,weak,2026-04-24T07:51:03.322738+00:00
4345,US,USD,CPI,20,cpi_headline_mom,33,initial_jobless_claims,Initial Jobless Claims,Labor,2,34,-0.295656,0.295656,False,weak,2026-04-24T07:51:03.322738+00:00
4346,US,USD,CPI,20,cpi_headline_mom,33,initial_jobless_claims,Initial Jobless Claims,Labor,0,113,-0.254927,0.254927,False,weak,2026-04-24T07:51:03.322738+00:00
4347,US,USD,CPI,20,cpi_headline_mom,33,initial_jobless_claims,Initial Jobless Claims,Labor,6,93,-0.186664,0.186664,False,very_weak,2026-04-24T07:51:03.322738+00:00
4348,US,USD,CPI,20,cpi_headline_mom,33,initial_jobless_claims,Initial Jobless Claims,Labor,3,48,0.151492,0.151492,False,very_weak,2026-04-24T07:51:03.322738+00:00
4349,US,USD,CPI,20,cpi_headline_mom,33,initial_jobless_claims,Initial Jobless Claims,Labor,5,112,-0.093525,0.093525,False,very_weak,2026-04-24T07:51:03.322738+00:00
4350,US,USD,CPI,20,cpi_headline_mom,34,ism_manufacturing_pmi,ISM Manufacturing PMI,Growth,2,8,-0.595195,0.595195,True,moderate,2026-04-24T07:51:03.322738+00:00
4351,US,USD,CPI,20,cpi_headline_mom,34,ism_manufacturing_pmi,ISM Manufacturing PMI,Growth,4,9,0.414241,0.414241,False,weak,2026-04-24T07:51:03.322738+00:00
4352,US,USD,CPI,20,cpi_headline_mom,34,ism_manufacturing_pmi,ISM Manufacturing PMI,Growth,0,28,-0.338970,0.338970,False,weak,2026-04-24T07:51:03.322738+00:00
4353,US,USD,CPI,20,cpi_headline_mom,34,ism_manufacturing_pmi,ISM Manufacturing PMI,Growth,1,16,0.300395,0.300395,False,weak,2026-04-24T07:51:03.322738+00:00
4354,US,USD,CPI,20,cpi_headline_mom,34,ism_manufacturing_pmi,ISM Manufacturing PMI,Growth,5,14,0.298136,0.298136,False,weak,2026-04-24T07:51:03.322738+00:00
4355,US,USD,CPI,20,cpi_headline_mom,34,ism_manufacturing_pmi,ISM Manufacturing PMI,Growth,6,23,0.150489,0.150489,False,very_weak,2026-04-24T07:51:03.322738+00:00
4356,US,USD,CPI,20,cpi_headline_mom,35,ism_manufacturing_prices,ISM Manufacturing Prices Paid,Inflation,5,14,0.446144,0.446144,True,weak,2026-04-24T07:51:03.322738+00:00
4357,US,USD,CPI,20,cpi_headline_mom,35,ism_manufacturing_prices,ISM Manufacturing Prices Paid,Inflation,6,23,0.269970,0.269970,False,weak,2026-04-24T07:51:03.322738+00:00
4358,US,USD,CPI,20,cpi_headline_mom,35,ism_manufacturing_prices,ISM Manufacturing Prices Paid,Inflation,4,9,-0.265694,0.265694,False,weak,2026-04-24T07:51:03.322738+00:00
4359,US,USD,CPI,20,cpi_headline_mom,35,ism_manufacturing_prices,ISM Manufacturing Prices Paid,Inflation,2,8,0.243063,0.243063,False,very_weak,2026-04-24T07:51:03.322738+00:00
4360,US,USD,CPI,20,cpi_headline_mom,35,ism_manufacturing_prices,ISM Manufacturing Prices Paid,Inflation,1,16,0.113510,0.113510,False,very_weak,2026-04-24T07:51:03.322738+00:00
4361,US,USD,CPI,20,cpi_headline_mom,35,ism_manufacturing_prices,ISM Manufacturing Prices Paid,Inflation,0,28,-0.062107,0.062107,False,very_weak,2026-04-24T07:51:03.322738+00:00
4362,US,USD,CPI,20,cpi_headline_mom,36,ism_manufacturing_employment,ISM Manufacturing Employment,Labor,2,8,0.431990,0.431990,True,weak,2026-04-24T07:51:03.322738+00:00
4363,US,USD,CPI,20,cpi_headline_mom,36,ism_manufacturing_employment,ISM Manufacturing Employment,Labor,0,28,0.294524,0.294524,False,weak,2026-04-24T07:51:03.322738+00:00
4364,US,USD,CPI,20,cpi_headline_mom,36,ism_manufacturing_employment,ISM Manufacturing Employment,Labor,1,16,0.206929,0.206929,False,very_weak,2026-04-24T07:51:03.322738+00:00
4365,US,USD,CPI,20,cpi_headline_mom,36,ism_manufacturing_employment,ISM Manufacturing Employment,Labor,6,23,0.170881,0.170881,False,very_weak,2026-04-24T07:51:03.322738+00:00
4366,US,USD,CPI,20,cpi_headline_mom,36,ism_manufacturing_employment,ISM Manufacturing Employment,Labor,4,9,-0.137721,0.137721,False,very_weak,2026-04-24T07:51:03.322738+00:00
4367,US,USD,CPI,20,cpi_headline_mom,36,ism_manufacturing_employment,ISM Manufacturing Employment,Labor,5,14,0.073611,0.073611,False,very_weak,2026-04-24T07:51:03.322738+00:00
4368,US,USD,CPI,20,cpi_headline_mom,37,ism_manufacturing_new_orders,ISM Manufacturing New Orders,Growth,5,14,-0.312209,0.312209,True,weak,2026-04-24T07:51:03.322738+00:00
4369,US,USD,CPI,20,cpi_headline_mom,37,ism_manufacturing_new_orders,ISM Manufacturing New Orders,Growth,1,16,0.308108,0.308108,False,weak,2026-04-24T07:51:03.322738+00:00
4370,US,USD,CPI,20,cpi_headline_mom,37,ism_manufacturing_new_orders,ISM Manufacturing New Orders,Growth,6,23,0.292792,0.292792,False,weak,2026-04-24T07:51:03.322738+00:00
4371,US,USD,CPI,20,cpi_headline_mom,37,ism_manufacturing_new_orders,ISM Manufacturing New Orders,Growth,2,8,-0.267477,0.267477,False,weak,2026-04-24T07:51:03.322738+00:00
4372,US,USD,CPI,20,cpi_headline_mom,37,ism_manufacturing_new_orders,ISM Manufacturing New Orders,Growth,0,28,-0.228857,0.228857,False,very_weak,2026-04-24T07:51:03.322738+00:00
4373,US,USD,CPI,20,cpi_headline_mom,37,ism_manufacturing_new_orders,ISM Manufacturing New Orders,Growth,4,9,0.132385,0.132385,False,very_weak,2026-04-24T07:51:03.322738+00:00
4374,US,USD,CPI,20,cpi_headline_mom,38,sp_global_manufacturing_pmi,S&P Global Manufacturing PMI,Growth,4,15,0.592605,0.592605,True,moderate,2026-04-24T07:51:03.322738+00:00
4375,US,USD,CPI,20,cpi_headline_mom,38,sp_global_manufacturing_pmi,S&P Global Manufacturing PMI,Growth,2,8,0.549184,0.549184,False,moderate,2026-04-24T07:51:03.322738+00:00
4376,US,USD,CPI,20,cpi_headline_mom,38,sp_global_manufacturing_pmi,S&P Global Manufacturing PMI,Growth,6,21,0.537076,0.537076,False,moderate,2026-04-24T07:51:03.322738+00:00
4377,US,USD,CPI,20,cpi_headline_mom,38,sp_global_manufacturing_pmi,S&P Global Manufacturing PMI,Growth,1,17,-0.243450,0.243450,False,very_weak,2026-04-24T07:51:03.322738+00:00
4378,US,USD,CPI,20,cpi_headline_mom,38,sp_global_manufacturing_pmi,S&P Global Manufacturing PMI,Growth,5,19,0.210742,0.210742,False,very_weak,2026-04-24T07:51:03.322738+00:00
4379,US,USD,CPI,20,cpi_headline_mom,38,sp_global_manufacturing_pmi,S&P Global Manufacturing PMI,Growth,0,28,-0.160045,0.160045,False,very_weak,2026-04-24T07:51:03.322738+00:00
4380,US,USD,CPI,20,cpi_headline_mom,39,sp_global_services_pmi,S&P Global Services PMI,Growth,4,15,0.322944,0.322944,True,weak,2026-04-24T07:51:03.322738+00:00
4381,US,USD,CPI,20,cpi_headline_mom,39,sp_global_services_pmi,S&P Global Services PMI,Growth,0,32,-0.319602,0.319602,False,weak,2026-04-24T07:51:03.322738+00:00
4382,US,USD,CPI,20,cpi_headline_mom,39,sp_global_services_pmi,S&P Global Services PMI,Growth,6,23,0.141661,0.141661,False,very_weak,2026-04-24T07:51:03.322738+00:00
4383,US,USD,CPI,20,cpi_headline_mom,39,sp_global_services_pmi,S&P Global Services PMI,Growth,5,20,-0.140406,0.140406,False,very_weak,2026-04-24T07:51:03.322738+00:00
4384,US,USD,CPI,20,cpi_headline_mom,39,sp_global_services_pmi,S&P Global Services PMI,Growth,2,10,-0.091298,0.091298,False,very_weak,2026-04-24T07:51:03.322738+00:00
4385,US,USD,CPI,20,cpi_headline_mom,39,sp_global_services_pmi,S&P Global Services PMI,Growth,1,19,0.057110,0.057110,False,very_weak,2026-04-24T07:51:03.322738+00:00
4386,US,USD,CPI,20,cpi_headline_mom,40,sp_global_composite_pmi,S&P Global Composite PMI,Growth,0,32,-0.388021,0.388021,True,weak,2026-04-24T07:51:03.322738+00:00
4387,US,USD,CPI,20,cpi_headline_mom,40,sp_global_composite_pmi,S&P Global Composite PMI,Growth,4,15,0.366327,0.366327,False,weak,2026-04-24T07:51:03.322738+00:00
4388,US,USD,CPI,20,cpi_headline_mom,40,sp_global_composite_pmi,S&P Global Composite PMI,Growth,6,23,0.206416,0.206416,False,very_weak,2026-04-24T07:51:03.322738+00:00
4389,US,USD,CPI,20,cpi_headline_mom,40,sp_global_composite_pmi,S&P Global Composite PMI,Growth,5,20,-0.133946,0.133946,False,very_weak,2026-04-24T07:51:03.322738+00:00
4390,US,USD,CPI,20,cpi_headline_mom,40,sp_global_composite_pmi,S&P Global Composite PMI,Growth,1,19,0.023716,0.023716,False,very_weak,2026-04-24T07:51:03.322738+00:00
4391,US,USD,CPI,20,cpi_headline_mom,40,sp_global_composite_pmi,S&P Global Composite PMI,Growth,2,10,-0.016115,0.016115,False,very_weak,2026-04-24T07:51:03.322738+00:00
4392,US,USD,CPI,20,cpi_headline_mom,41,retail_sales_mom,Retail Sales (MoM),Growth,1,21,0.428791,0.428791,True,weak,2026-04-24T07:51:03.322738+00:00
4393,US,USD,CPI,20,cpi_headline_mom,41,retail_sales_mom,Retail Sales (MoM),Growth,5,17,0.289888,0.289888,False,weak,2026-04-24T07:51:03.322738+00:00
4394,US,USD,CPI,20,cpi_headline_mom,41,retail_sales_mom,Retail Sales (MoM),Growth,6,22,-0.225827,0.225827,False,very_weak,2026-04-24T07:51:03.322738+00:00
4395,US,USD,CPI,20,cpi_headline_mom,41,retail_sales_mom,Retail Sales (MoM),Growth,2,11,-0.040247,0.040247,False,very_weak,2026-04-24T07:51:03.322738+00:00
4396,US,USD,CPI,20,cpi_headline_mom,41,retail_sales_mom,Retail Sales (MoM),Growth,4,10,-0.028262,0.028262,False,very_weak,2026-04-24T07:51:03.322738+00:00
4397,US,USD,CPI,20,cpi_headline_mom,42,retail_sales_yoy,Retail Sales (YoY),Growth,1,23,0.290479,0.290479,True,weak,2026-04-24T07:51:03.322738+00:00
4398,US,USD,CPI,20,cpi_headline_mom,42,retail_sales_yoy,Retail Sales (YoY),Growth,2,12,0.195167,0.195167,False,very_weak,2026-04-24T07:51:03.322738+00:00
4399,US,USD,CPI,20,cpi_headline_mom,42,retail_sales_yoy,Retail Sales (YoY),Growth,4,10,0.148182,0.148182,False,very_weak,2026-04-24T07:51:03.322738+00:00
4400,US,USD,CPI,20,cpi_headline_mom,42,retail_sales_yoy,Retail Sales (YoY),Growth,6,25,0.138254,0.138254,False,very_weak,2026-04-24T07:51:03.322738+00:00
4401,US,USD,CPI,20,cpi_headline_mom,42,retail_sales_yoy,Retail Sales (YoY),Growth,5,18,0.083646,0.083646,False,very_weak,2026-04-24T07:51:03.322738+00:00
4402,US,USD,CPI,20,cpi_headline_mom,43,ny_empire_state_mfg,NY Empire State Manufacturing Index,Growth,6,18,0.533194,0.533194,True,moderate,2026-04-24T07:51:03.322738+00:00
4403,US,USD,CPI,20,cpi_headline_mom,43,ny_empire_state_mfg,NY Empire State Manufacturing Index,Growth,4,17,0.358729,0.358729,False,weak,2026-04-24T07:51:03.322738+00:00
4404,US,USD,CPI,20,cpi_headline_mom,43,ny_empire_state_mfg,NY Empire State Manufacturing Index,Growth,1,11,0.110647,0.110647,False,very_weak,2026-04-24T07:51:03.322738+00:00
4405,US,USD,CPI,20,cpi_headline_mom,43,ny_empire_state_mfg,NY Empire State Manufacturing Index,Growth,5,23,0.108239,0.108239,False,very_weak,2026-04-24T07:51:03.322738+00:00
4406,US,USD,CPI,20,cpi_headline_mom,43,ny_empire_state_mfg,NY Empire State Manufacturing Index,Growth,3,11,0.093946,0.093946,False,very_weak,2026-04-24T07:51:03.322738+00:00
4407,US,USD,CPI,20,cpi_headline_mom,43,ny_empire_state_mfg,NY Empire State Manufacturing Index,Growth,0,21,-0.068292,0.068292,False,very_weak,2026-04-24T07:51:03.322738+00:00
4408,US,USD,CPI,20,cpi_headline_mom,44,philly_fed_mfg,Philadelphia Fed Manufacturing Index,Growth,3,11,-0.513923,0.513923,True,moderate,2026-04-24T07:51:03.322738+00:00
4409,US,USD,CPI,20,cpi_headline_mom,44,philly_fed_mfg,Philadelphia Fed Manufacturing Index,Growth,1,12,0.488774,0.488774,False,moderate,2026-04-24T07:51:03.322738+00:00
4410,US,USD,CPI,20,cpi_headline_mom,44,philly_fed_mfg,Philadelphia Fed Manufacturing Index,Growth,4,17,0.482749,0.482749,False,moderate,2026-04-24T07:51:03.322738+00:00
4411,US,USD,CPI,20,cpi_headline_mom,44,philly_fed_mfg,Philadelphia Fed Manufacturing Index,Growth,6,19,0.069671,0.069671,False,very_weak,2026-04-24T07:51:03.322738+00:00
4412,US,USD,CPI,20,cpi_headline_mom,44,philly_fed_mfg,Philadelphia Fed Manufacturing Index,Growth,5,23,0.019158,0.019158,False,very_weak,2026-04-24T07:51:03.322738+00:00
4413,US,USD,CPI,20,cpi_headline_mom,44,philly_fed_mfg,Philadelphia Fed Manufacturing Index,Growth,0,22,-0.012695,0.012695,False,very_weak,2026-04-24T07:51:03.322738+00:00
4414,US,USD,CPI,20,cpi_headline_mom,45,umich_consumer_sentiment,UMich Consumer Sentiment,Growth,2,15,-0.720405,0.720405,True,strong,2026-04-24T07:51:03.322738+00:00
4415,US,USD,CPI,20,cpi_headline_mom,45,umich_consumer_sentiment,UMich Consumer Sentiment,Growth,5,43,-0.180277,0.180277,False,very_weak,2026-04-24T07:51:03.322738+00:00
4416,US,USD,CPI,20,cpi_headline_mom,45,umich_consumer_sentiment,UMich Consumer Sentiment,Growth,1,28,0.123669,0.123669,False,very_weak,2026-04-24T07:51:03.322738+00:00
4417,US,USD,CPI,20,cpi_headline_mom,45,umich_consumer_sentiment,UMich Consumer Sentiment,Growth,6,38,-0.121689,0.121689,False,very_weak,2026-04-24T07:51:03.322738+00:00
4418,US,USD,CPI,20,cpi_headline_mom,45,umich_consumer_sentiment,UMich Consumer Sentiment,Growth,3,19,-0.119168,0.119168,False,very_weak,2026-04-24T07:51:03.322738+00:00
4419,US,USD,CPI,20,cpi_headline_mom,45,umich_consumer_sentiment,UMich Consumer Sentiment,Growth,4,32,-0.090564,0.090564,False,very_weak,2026-04-24T07:51:03.322738+00:00
4420,US,USD,CPI,20,cpi_headline_mom,45,umich_consumer_sentiment,UMich Consumer Sentiment,Growth,0,44,0.080778,0.080778,False,very_weak,2026-04-24T07:51:03.322738+00:00
4421,US,USD,CPI,20,cpi_headline_mom,46,nfib_business_optimism,NFIB Business Optimism Index,Growth,2,10,-0.340381,0.340381,True,weak,2026-04-24T07:51:03.322738+00:00
4422,US,USD,CPI,20,cpi_headline_mom,46,nfib_business_optimism,NFIB Business Optimism Index,Growth,4,11,0.307190,0.307190,False,weak,2026-04-24T07:51:03.322738+00:00
4423,US,USD,CPI,20,cpi_headline_mom,46,nfib_business_optimism,NFIB Business Optimism Index,Growth,0,26,-0.285886,0.285886,False,weak,2026-04-24T07:51:03.322738+00:00
4424,US,USD,CPI,20,cpi_headline_mom,46,nfib_business_optimism,NFIB Business Optimism Index,Growth,6,23,-0.122973,0.122973,False,very_weak,2026-04-24T07:51:03.322738+00:00
4425,US,USD,CPI,20,cpi_headline_mom,46,nfib_business_optimism,NFIB Business Optimism Index,Growth,5,17,-0.105922,0.105922,False,very_weak,2026-04-24T07:51:03.322738+00:00
4426,US,USD,CPI,20,cpi_headline_mom,46,nfib_business_optimism,NFIB Business Optimism Index,Growth,1,18,0.027419,0.027419,False,very_weak,2026-04-24T07:51:03.322738+00:00
4427,US,USD,CPI,20,cpi_headline_mom,178,continuing_jobless_claims,Continuing Jobless Claims,Labor,1,76,-0.581788,0.581788,True,moderate,2026-04-24T07:51:03.322738+00:00
4428,US,USD,CPI,20,cpi_headline_mom,178,continuing_jobless_claims,Continuing Jobless Claims,Labor,0,117,-0.420594,0.420594,False,weak,2026-04-24T07:51:03.322738+00:00
4429,US,USD,CPI,20,cpi_headline_mom,178,continuing_jobless_claims,Continuing Jobless Claims,Labor,2,40,-0.404351,0.404351,False,weak,2026-04-24T07:51:03.322738+00:00
4430,US,USD,CPI,20,cpi_headline_mom,178,continuing_jobless_claims,Continuing Jobless Claims,Labor,4,72,-0.398304,0.398304,False,weak,2026-04-24T07:51:03.322738+00:00
4431,US,USD,CPI,20,cpi_headline_mom,178,continuing_jobless_claims,Continuing Jobless Claims,Labor,6,102,-0.267279,0.267279,False,weak,2026-04-24T07:51:03.322738+00:00
4432,US,USD,CPI,20,cpi_headline_mom,178,continuing_jobless_claims,Continuing Jobless Claims,Labor,3,39,-0.257150,0.257150,False,weak,2026-04-24T07:51:03.322738+00:00
4433,US,USD,CPI,20,cpi_headline_mom,178,continuing_jobless_claims,Continuing Jobless Claims,Labor,5,104,-0.243200,0.243200,False,very_weak,2026-04-24T07:51:03.322738+00:00
4434,US,USD,CPI,20,cpi_headline_mom,179,jobless_claims_4week_average,Jobless Claims 4-Week Average,Labor,5,108,-0.398477,0.398477,True,weak,2026-04-24T07:51:03.322738+00:00
4435,US,USD,CPI,20,cpi_headline_mom,179,jobless_claims_4week_average,Jobless Claims 4-Week Average,Labor,6,89,-0.349883,0.349883,False,weak,2026-04-24T07:51:03.322738+00:00
4436,US,USD,CPI,20,cpi_headline_mom,179,jobless_claims_4week_average,Jobless Claims 4-Week Average,Labor,1,65,-0.282694,0.282694,False,weak,2026-04-24T07:51:03.322738+00:00
4437,US,USD,CPI,20,cpi_headline_mom,179,jobless_claims_4week_average,Jobless Claims 4-Week Average,Labor,0,108,-0.210863,0.210863,False,very_weak,2026-04-24T07:51:03.322738+00:00
4438,US,USD,CPI,20,cpi_headline_mom,179,jobless_claims_4week_average,Jobless Claims 4-Week Average,Labor,4,78,-0.116860,0.116860,False,very_weak,2026-04-24T07:51:03.322738+00:00
4439,US,USD,CPI,20,cpi_headline_mom,179,jobless_claims_4week_average,Jobless Claims 4-Week Average,Labor,2,30,0.074467,0.074467,False,very_weak,2026-04-24T07:51:03.322738+00:00
4440,US,USD,CPI,20,cpi_headline_mom,179,jobless_claims_4week_average,Jobless Claims 4-Week Average,Labor,3,48,0.037646,0.037646,False,very_weak,2026-04-24T07:51:03.322738+00:00
4441,US,USD,CPI,20,cpi_headline_mom,180,ism_services_business_activity,ISM Services Business Activity,Growth,0,11,0.033082,0.033082,True,very_weak,2026-04-24T07:51:03.322738+00:00
4442,US,USD,CPI,20,cpi_headline_mom,181,ism_services_employment,ISM Services Employment,Labor,1,14,0.414132,0.414132,True,weak,2026-04-24T07:51:03.322738+00:00
4443,US,USD,CPI,20,cpi_headline_mom,181,ism_services_employment,ISM Services Employment,Labor,6,18,0.303113,0.303113,False,weak,2026-04-24T07:51:03.322738+00:00
4444,US,USD,CPI,20,cpi_headline_mom,181,ism_services_employment,ISM Services Employment,Labor,5,12,0.229915,0.229915,False,very_weak,2026-04-24T07:51:03.322738+00:00
4445,US,USD,CPI,20,cpi_headline_mom,181,ism_services_employment,ISM Services Employment,Labor,0,23,0.032047,0.032047,False,very_weak,2026-04-24T07:51:03.322738+00:00
4446,US,USD,CPI,20,cpi_headline_mom,181,ism_services_employment,ISM Services Employment,Labor,4,9,0.021567,0.021567,False,very_weak,2026-04-24T07:51:03.322738+00:00
4447,US,USD,CPI,20,cpi_headline_mom,182,new_home_sales,New Home Sales,Growth,3,11,-0.341597,0.341597,True,weak,2026-04-24T07:51:03.322738+00:00
4448,US,USD,CPI,20,cpi_headline_mom,182,new_home_sales,New Home Sales,Growth,4,12,-0.303464,0.303464,False,weak,2026-04-24T07:51:03.322738+00:00
4449,US,USD,CPI,20,cpi_headline_mom,182,new_home_sales,New Home Sales,Growth,5,15,-0.101554,0.101554,False,very_weak,2026-04-24T07:51:03.322738+00:00
4450,US,USD,CPI,20,cpi_headline_mom,182,new_home_sales,New Home Sales,Growth,6,23,-0.081591,0.081591,False,very_weak,2026-04-24T07:51:03.322738+00:00
4451,US,USD,CPI,20,cpi_headline_mom,182,new_home_sales,New Home Sales,Growth,1,24,-0.061673,0.061673,False,very_weak,2026-04-24T07:51:03.322738+00:00
4452,US,USD,CPI,20,cpi_headline_mom,182,new_home_sales,New Home Sales,Growth,2,18,-0.013309,0.013309,False,very_weak,2026-04-24T07:51:03.322738+00:00
4453,US,USD,CPI,20,cpi_headline_mom,184,redbook_yoy,Redbook Retail Sales (YoY),Growth,4,74,0.295001,0.295001,True,weak,2026-04-24T07:51:03.322738+00:00
4454,US,USD,CPI,20,cpi_headline_mom,184,redbook_yoy,Redbook Retail Sales (YoY),Growth,5,105,0.254508,0.254508,False,weak,2026-04-24T07:51:03.322738+00:00
4455,US,USD,CPI,20,cpi_headline_mom,184,redbook_yoy,Redbook Retail Sales (YoY),Growth,3,45,0.234150,0.234150,False,very_weak,2026-04-24T07:51:03.322738+00:00
4456,US,USD,CPI,20,cpi_headline_mom,184,redbook_yoy,Redbook Retail Sales (YoY),Growth,2,27,-0.212140,0.212140,False,very_weak,2026-04-24T07:51:03.322738+00:00
4457,US,USD,CPI,20,cpi_headline_mom,184,redbook_yoy,Redbook Retail Sales (YoY),Growth,6,86,0.201431,0.201431,False,very_weak,2026-04-24T07:51:03.322738+00:00
4458,US,USD,CPI,20,cpi_headline_mom,184,redbook_yoy,Redbook Retail Sales (YoY),Growth,1,63,0.196876,0.196876,False,very_weak,2026-04-24T07:51:03.322738+00:00
4459,US,USD,CPI,20,cpi_headline_mom,184,redbook_yoy,Redbook Retail Sales (YoY),Growth,0,105,0.102808,0.102808,False,very_weak,2026-04-24T07:51:03.322738+00:00
4460,US,USD,CPI,20,cpi_headline_mom,218,cpi_index,CPI Index,Inflation,5,11,0.578808,0.578808,True,moderate,2026-04-24T07:51:03.322738+00:00
4461,US,USD,CPI,20,cpi_headline_mom,218,cpi_index,CPI Index,Inflation,6,17,0.393664,0.393664,False,weak,2026-04-24T07:51:03.322738+00:00
4462,US,USD,CPI,20,cpi_headline_mom,218,cpi_index,CPI Index,Inflation,0,23,0.380467,0.380467,False,weak,2026-04-24T07:51:03.322738+00:00
4463,US,USD,CPI,20,cpi_headline_mom,218,cpi_index,CPI Index,Inflation,2,8,0.304327,0.304327,False,weak,2026-04-24T07:51:03.322738+00:00
4464,US,USD,CPI,20,cpi_headline_mom,218,cpi_index,CPI Index,Inflation,1,14,0.171863,0.171863,False,very_weak,2026-04-24T07:51:03.322738+00:00
4465,US,USD,CPI,20,cpi_headline_mom,219,cpi_sa_index,CPI SA Index,Inflation,0,11,0.141000,0.141000,True,very_weak,2026-04-24T07:51:03.322738+00:00
4466,US,USD,CPI,20,cpi_headline_mom,220,core_pce_price_index_mom,Core PCE Price Index (MoM),Inflation,5,14,0.325847,0.325847,True,weak,2026-04-24T07:51:03.322738+00:00
4467,US,USD,CPI,20,cpi_headline_mom,220,core_pce_price_index_mom,Core PCE Price Index (MoM),Inflation,3,10,0.305216,0.305216,False,weak,2026-04-24T07:51:03.322738+00:00
4468,US,USD,CPI,20,cpi_headline_mom,220,core_pce_price_index_mom,Core PCE Price Index (MoM),Inflation,6,23,0.282927,0.282927,False,weak,2026-04-24T07:51:03.322738+00:00
4469,US,USD,CPI,20,cpi_headline_mom,220,core_pce_price_index_mom,Core PCE Price Index (MoM),Inflation,4,8,0.246510,0.246510,False,very_weak,2026-04-24T07:51:03.322738+00:00
4470,US,USD,CPI,20,cpi_headline_mom,220,core_pce_price_index_mom,Core PCE Price Index (MoM),Inflation,1,25,0.212413,0.212413,False,very_weak,2026-04-24T07:51:03.322738+00:00
4471,US,USD,CPI,20,cpi_headline_mom,220,core_pce_price_index_mom,Core PCE Price Index (MoM),Inflation,2,16,-0.146279,0.146279,False,very_weak,2026-04-24T07:51:03.322738+00:00
4472,US,USD,CPI,20,cpi_headline_mom,221,core_pce_price_index_yoy,Core PCE Price Index (YoY),Inflation,3,10,0.625824,0.625824,True,moderate,2026-04-24T07:51:03.322738+00:00
4473,US,USD,CPI,20,cpi_headline_mom,221,core_pce_price_index_yoy,Core PCE Price Index (YoY),Inflation,6,25,0.514980,0.514980,False,moderate,2026-04-24T07:51:03.322738+00:00
4474,US,USD,CPI,20,cpi_headline_mom,221,core_pce_price_index_yoy,Core PCE Price Index (YoY),Inflation,2,17,0.512770,0.512770,False,moderate,2026-04-24T07:51:03.322738+00:00
4475,US,USD,CPI,20,cpi_headline_mom,221,core_pce_price_index_yoy,Core PCE Price Index (YoY),Inflation,1,27,0.434458,0.434458,False,weak,2026-04-24T07:51:03.322738+00:00
4476,US,USD,CPI,20,cpi_headline_mom,221,core_pce_price_index_yoy,Core PCE Price Index (YoY),Inflation,4,9,0.348813,0.348813,False,weak,2026-04-24T07:51:03.322738+00:00
4477,US,USD,CPI,20,cpi_headline_mom,221,core_pce_price_index_yoy,Core PCE Price Index (YoY),Inflation,5,16,0.244951,0.244951,False,very_weak,2026-04-24T07:51:03.322738+00:00
4478,US,USD,CPI,20,cpi_headline_mom,222,pce_price_index_mom,PCE Price Index (MoM),Inflation,3,10,0.512051,0.512051,True,moderate,2026-04-24T07:51:03.322738+00:00
4479,US,USD,CPI,20,cpi_headline_mom,222,pce_price_index_mom,PCE Price Index (MoM),Inflation,6,21,0.423341,0.423341,False,weak,2026-04-24T07:51:03.322738+00:00
4480,US,USD,CPI,20,cpi_headline_mom,222,pce_price_index_mom,PCE Price Index (MoM),Inflation,2,16,0.311587,0.311587,False,weak,2026-04-24T07:51:03.322738+00:00
4481,US,USD,CPI,20,cpi_headline_mom,222,pce_price_index_mom,PCE Price Index (MoM),Inflation,5,13,0.264178,0.264178,False,weak,2026-04-24T07:51:03.322738+00:00
4482,US,USD,CPI,20,cpi_headline_mom,222,pce_price_index_mom,PCE Price Index (MoM),Inflation,4,8,0.215976,0.215976,False,very_weak,2026-04-24T07:51:03.322738+00:00
4483,US,USD,CPI,20,cpi_headline_mom,222,pce_price_index_mom,PCE Price Index (MoM),Inflation,1,24,0.192516,0.192516,False,very_weak,2026-04-24T07:51:03.322738+00:00
4484,US,USD,CPI,20,cpi_headline_mom,223,pce_price_index_yoy,PCE Price Index (YoY),Inflation,3,10,0.851757,0.851757,True,strong,2026-04-24T07:51:03.322738+00:00
4485,US,USD,CPI,20,cpi_headline_mom,223,pce_price_index_yoy,PCE Price Index (YoY),Inflation,1,27,0.658215,0.658215,False,moderate,2026-04-24T07:51:03.322738+00:00
4486,US,USD,CPI,20,cpi_headline_mom,223,pce_price_index_yoy,PCE Price Index (YoY),Inflation,6,25,0.632859,0.632859,False,moderate,2026-04-24T07:51:03.322738+00:00
4487,US,USD,CPI,20,cpi_headline_mom,223,pce_price_index_yoy,PCE Price Index (YoY),Inflation,2,17,0.487752,0.487752,False,moderate,2026-04-24T07:51:03.322738+00:00
4488,US,USD,CPI,20,cpi_headline_mom,223,pce_price_index_yoy,PCE Price Index (YoY),Inflation,4,9,0.471394,0.471394,False,moderate,2026-04-24T07:51:03.322738+00:00
4489,US,USD,CPI,20,cpi_headline_mom,223,pce_price_index_yoy,PCE Price Index (YoY),Inflation,5,16,0.262453,0.262453,False,weak,2026-04-24T07:51:03.322738+00:00
4490,US,USD,CPI,20,cpi_headline_mom,224,core_pce_prices_qoq,Core PCE Prices (QoQ),Inflation,5,9,0.385022,0.385022,True,weak,2026-04-24T07:51:03.322738+00:00
4491,US,USD,CPI,20,cpi_headline_mom,224,core_pce_prices_qoq,Core PCE Prices (QoQ),Inflation,4,19,0.233690,0.233690,False,very_weak,2026-04-24T07:51:03.322738+00:00
4492,US,USD,CPI,20,cpi_headline_mom,224,core_pce_prices_qoq,Core PCE Prices (QoQ),Inflation,3,8,0.172056,0.172056,False,very_weak,2026-04-24T07:51:03.322738+00:00
4493,US,USD,CPI,20,cpi_headline_mom,225,pce_prices_qoq,PCE Prices (QoQ),Inflation,5,9,0.409291,0.409291,True,weak,2026-04-24T07:51:03.322738+00:00
4494,US,USD,CPI,20,cpi_headline_mom,225,pce_prices_qoq,PCE Prices (QoQ),Inflation,4,19,0.378305,0.378305,False,weak,2026-04-24T07:51:03.322738+00:00
4495,US,USD,CPI,20,cpi_headline_mom,225,pce_prices_qoq,PCE Prices (QoQ),Inflation,3,8,0.193728,0.193728,False,very_weak,2026-04-24T07:51:03.322738+00:00
4496,US,USD,CPI,20,cpi_headline_mom,226,core_ppi_mom,Core PPI (MoM),Inflation,2,10,0.526672,0.526672,True,moderate,2026-04-24T07:51:03.322738+00:00
4497,US,USD,CPI,20,cpi_headline_mom,226,core_ppi_mom,Core PPI (MoM),Inflation,4,9,0.515766,0.515766,False,moderate,2026-04-24T07:51:03.322738+00:00
4498,US,USD,CPI,20,cpi_headline_mom,226,core_ppi_mom,Core PPI (MoM),Inflation,1,17,0.276692,0.276692,False,weak,2026-04-24T07:51:03.322738+00:00
4499,US,USD,CPI,20,cpi_headline_mom,226,core_ppi_mom,Core PPI (MoM),Inflation,5,13,0.238043,0.238043,False,very_weak,2026-04-24T07:51:03.322738+00:00
4500,US,USD,CPI,20,cpi_headline_mom,226,core_ppi_mom,Core PPI (MoM),Inflation,6,22,0.155743,0.155743,False,very_weak,2026-04-24T07:51:03.322738+00:00
4501,US,USD,CPI,20,cpi_headline_mom,227,export_prices_mom,Export Prices (MoM),Inflation,5,14,0.478186,0.478186,True,moderate,2026-04-24T07:51:03.322738+00:00
4502,US,USD,CPI,20,cpi_headline_mom,227,export_prices_mom,Export Prices (MoM),Inflation,2,12,0.460798,0.460798,False,moderate,2026-04-24T07:51:03.322738+00:00
4503,US,USD,CPI,20,cpi_headline_mom,227,export_prices_mom,Export Prices (MoM),Inflation,1,22,0.291682,0.291682,False,weak,2026-04-24T07:51:03.322738+00:00
4504,US,USD,CPI,20,cpi_headline_mom,227,export_prices_mom,Export Prices (MoM),Inflation,6,22,-0.003858,0.003858,False,very_weak,2026-04-24T07:51:03.322738+00:00
4505,US,USD,CPI,20,cpi_headline_mom,227,export_prices_mom,Export Prices (MoM),Inflation,4,8,-0.002701,0.002701,False,very_weak,2026-04-24T07:51:03.322738+00:00
4506,US,USD,CPI,20,cpi_headline_mom,228,export_prices_yoy,Export Prices (YoY),Inflation,2,12,0.463270,0.463270,True,moderate,2026-04-24T07:51:03.322738+00:00
4507,US,USD,CPI,20,cpi_headline_mom,228,export_prices_yoy,Export Prices (YoY),Inflation,5,16,0.357382,0.357382,False,weak,2026-04-24T07:51:03.322738+00:00
4508,US,USD,CPI,20,cpi_headline_mom,228,export_prices_yoy,Export Prices (YoY),Inflation,6,25,0.341979,0.341979,False,weak,2026-04-24T07:51:03.322738+00:00
4509,US,USD,CPI,20,cpi_headline_mom,228,export_prices_yoy,Export Prices (YoY),Inflation,4,9,0.291252,0.291252,False,weak,2026-04-24T07:51:03.322738+00:00
4510,US,USD,CPI,20,cpi_headline_mom,228,export_prices_yoy,Export Prices (YoY),Inflation,1,22,0.186204,0.186204,False,very_weak,2026-04-24T07:51:03.322738+00:00
4511,US,USD,CPI,20,cpi_headline_mom,229,michigan_inflation_expectations,Michigan Inflation Expectations,Inflation,2,15,0.749996,0.749996,True,strong,2026-04-24T07:51:03.322738+00:00
4512,US,USD,CPI,20,cpi_headline_mom,229,michigan_inflation_expectations,Michigan Inflation Expectations,Inflation,5,43,0.353084,0.353084,False,weak,2026-04-24T07:51:03.322738+00:00
4513,US,USD,CPI,20,cpi_headline_mom,229,michigan_inflation_expectations,Michigan Inflation Expectations,Inflation,4,32,-0.260696,0.260696,False,weak,2026-04-24T07:51:03.322738+00:00
4514,US,USD,CPI,20,cpi_headline_mom,229,michigan_inflation_expectations,Michigan Inflation Expectations,Inflation,6,39,0.180950,0.180950,False,very_weak,2026-04-24T07:51:03.322738+00:00
4515,US,USD,CPI,20,cpi_headline_mom,229,michigan_inflation_expectations,Michigan Inflation Expectations,Inflation,1,28,-0.098787,0.098787,False,very_weak,2026-04-24T07:51:03.322738+00:00
4516,US,USD,CPI,20,cpi_headline_mom,229,michigan_inflation_expectations,Michigan Inflation Expectations,Inflation,0,45,0.073164,0.073164,False,very_weak,2026-04-24T07:51:03.322738+00:00
4517,US,USD,CPI,20,cpi_headline_mom,229,michigan_inflation_expectations,Michigan Inflation Expectations,Inflation,3,19,-0.009587,0.009587,False,very_weak,2026-04-24T07:51:03.322738+00:00
4518,US,USD,CPI,20,cpi_headline_mom,230,import_prices_mom,Import Prices (MoM),Inflation,5,14,0.595215,0.595215,True,moderate,2026-04-24T07:51:03.322738+00:00
4519,US,USD,CPI,20,cpi_headline_mom,230,import_prices_mom,Import Prices (MoM),Inflation,2,12,0.556716,0.556716,False,moderate,2026-04-24T07:51:03.322738+00:00
4520,US,USD,CPI,20,cpi_headline_mom,230,import_prices_mom,Import Prices (MoM),Inflation,1,21,0.525154,0.525154,False,moderate,2026-04-24T07:51:03.322738+00:00
4521,US,USD,CPI,20,cpi_headline_mom,230,import_prices_mom,Import Prices (MoM),Inflation,4,8,-0.272164,0.272164,False,weak,2026-04-24T07:51:03.322738+00:00
4522,US,USD,CPI,20,cpi_headline_mom,230,import_prices_mom,Import Prices (MoM),Inflation,6,22,-0.044660,0.044660,False,very_weak,2026-04-24T07:51:03.322738+00:00
4523,US,USD,CPI,20,cpi_headline_mom,231,consumer_inflation_expectations,Consumer Inflation Expectations,Inflation,2,10,0.508362,0.508362,True,moderate,2026-04-24T07:51:03.322738+00:00
4524,US,USD,CPI,20,cpi_headline_mom,231,consumer_inflation_expectations,Consumer Inflation Expectations,Inflation,5,16,0.473494,0.473494,False,moderate,2026-04-24T07:51:03.322738+00:00
4525,US,USD,CPI,20,cpi_headline_mom,231,consumer_inflation_expectations,Consumer Inflation Expectations,Inflation,6,23,0.408841,0.408841,False,weak,2026-04-24T07:51:03.322738+00:00
4526,US,USD,CPI,20,cpi_headline_mom,231,consumer_inflation_expectations,Consumer Inflation Expectations,Inflation,1,18,0.346297,0.346297,False,weak,2026-04-24T07:51:03.322738+00:00
4527,US,USD,CPI,20,cpi_headline_mom,231,consumer_inflation_expectations,Consumer Inflation Expectations,Inflation,0,23,0.237152,0.237152,False,very_weak,2026-04-24T07:51:03.322738+00:00
4528,US,USD,CPI,20,cpi_headline_mom,231,consumer_inflation_expectations,Consumer Inflation Expectations,Inflation,4,10,-0.174240,0.174240,False,very_weak,2026-04-24T07:51:03.322738+00:00
4529,US,USD,CPI,20,cpi_headline_mom,235,ppi_mom,PPI (MoM),Inflation,2,10,0.536293,0.536293,True,moderate,2026-04-24T07:51:03.322738+00:00
4530,US,USD,CPI,20,cpi_headline_mom,235,ppi_mom,PPI (MoM),Inflation,5,15,0.322662,0.322662,False,weak,2026-04-24T07:51:03.322738+00:00
4531,US,USD,CPI,20,cpi_headline_mom,235,ppi_mom,PPI (MoM),Inflation,1,19,0.315075,0.315075,False,weak,2026-04-24T07:51:03.322738+00:00
4532,US,USD,CPI,20,cpi_headline_mom,235,ppi_mom,PPI (MoM),Inflation,6,25,0.115229,0.115229,False,very_weak,2026-04-24T07:51:03.322738+00:00
4533,US,USD,CPI,20,cpi_headline_mom,235,ppi_mom,PPI (MoM),Inflation,4,9,0.059860,0.059860,False,very_weak,2026-04-24T07:51:03.322738+00:00
4534,US,USD,CPI,20,cpi_headline_mom,238,government_payrolls,Government Payrolls,Labor,0,30,0.588300,0.588300,True,moderate,2026-04-24T07:51:03.322738+00:00
4535,US,USD,CPI,20,cpi_headline_mom,238,government_payrolls,Government Payrolls,Labor,1,18,0.408485,0.408485,False,weak,2026-04-24T07:51:03.322738+00:00
4536,US,USD,CPI,20,cpi_headline_mom,238,government_payrolls,Government Payrolls,Labor,2,10,-0.385628,0.385628,False,weak,2026-04-24T07:51:03.322738+00:00
4537,US,USD,CPI,20,cpi_headline_mom,238,government_payrolls,Government Payrolls,Labor,4,12,0.137433,0.137433,False,very_weak,2026-04-24T07:51:03.322738+00:00
4538,US,USD,CPI,20,cpi_headline_mom,238,government_payrolls,Government Payrolls,Labor,5,18,0.067840,0.067840,False,very_weak,2026-04-24T07:51:03.322738+00:00
4539,US,USD,CPI,20,cpi_headline_mom,238,government_payrolls,Government Payrolls,Labor,6,25,-0.034124,0.034124,False,very_weak,2026-04-24T07:51:03.322738+00:00
4540,US,USD,CPI,20,cpi_headline_mom,239,manufacturing_payrolls,Manufacturing Payrolls,Labor,2,10,0.683674,0.683674,True,moderate,2026-04-24T07:51:03.322738+00:00
4541,US,USD,CPI,20,cpi_headline_mom,239,manufacturing_payrolls,Manufacturing Payrolls,Labor,0,30,0.590039,0.590039,False,moderate,2026-04-24T07:51:03.322738+00:00
4542,US,USD,CPI,20,cpi_headline_mom,239,manufacturing_payrolls,Manufacturing Payrolls,Labor,1,18,0.411461,0.411461,False,weak,2026-04-24T07:51:03.322738+00:00
4543,US,USD,CPI,20,cpi_headline_mom,239,manufacturing_payrolls,Manufacturing Payrolls,Labor,5,18,0.243965,0.243965,False,very_weak,2026-04-24T07:51:03.322738+00:00
4544,US,USD,CPI,20,cpi_headline_mom,239,manufacturing_payrolls,Manufacturing Payrolls,Labor,6,25,0.194738,0.194738,False,very_weak,2026-04-24T07:51:03.322738+00:00
4545,US,USD,CPI,20,cpi_headline_mom,239,manufacturing_payrolls,Manufacturing Payrolls,Labor,4,12,0.111900,0.111900,False,very_weak,2026-04-24T07:51:03.322738+00:00
4546,US,USD,CPI,20,cpi_headline_mom,240,private_nonfarm_payrolls,Private Nonfarm Payrolls,Labor,0,30,0.586293,0.586293,True,moderate,2026-04-24T07:51:03.322738+00:00
4547,US,USD,CPI,20,cpi_headline_mom,240,private_nonfarm_payrolls,Private Nonfarm Payrolls,Labor,2,10,0.471232,0.471232,False,moderate,2026-04-24T07:51:03.322738+00:00
4548,US,USD,CPI,20,cpi_headline_mom,240,private_nonfarm_payrolls,Private Nonfarm Payrolls,Labor,1,18,0.353928,0.353928,False,weak,2026-04-24T07:51:03.322738+00:00
4549,US,USD,CPI,20,cpi_headline_mom,240,private_nonfarm_payrolls,Private Nonfarm Payrolls,Labor,5,18,0.261481,0.261481,False,weak,2026-04-24T07:51:03.322738+00:00
4550,US,USD,CPI,20,cpi_headline_mom,240,private_nonfarm_payrolls,Private Nonfarm Payrolls,Labor,4,12,0.068684,0.068684,False,very_weak,2026-04-24T07:51:03.322738+00:00
4551,US,USD,CPI,20,cpi_headline_mom,240,private_nonfarm_payrolls,Private Nonfarm Payrolls,Labor,6,25,-0.028908,0.028908,False,very_weak,2026-04-24T07:51:03.322738+00:00
4552,US,USD,CPI,20,cpi_headline_mom,242,average_weekly_hours,Average Weekly Hours,Labor,6,25,0.288855,0.288855,True,weak,2026-04-24T07:51:03.322738+00:00
4553,US,USD,CPI,20,cpi_headline_mom,242,average_weekly_hours,Average Weekly Hours,Labor,4,12,0.210728,0.210728,False,very_weak,2026-04-24T07:51:03.322738+00:00
4554,US,USD,CPI,20,cpi_headline_mom,242,average_weekly_hours,Average Weekly Hours,Labor,1,18,0.179912,0.179912,False,very_weak,2026-04-24T07:51:03.322738+00:00
4555,US,USD,CPI,20,cpi_headline_mom,242,average_weekly_hours,Average Weekly Hours,Labor,0,30,-0.145202,0.145202,False,very_weak,2026-04-24T07:51:03.322738+00:00
4556,US,USD,CPI,20,cpi_headline_mom,242,average_weekly_hours,Average Weekly Hours,Labor,5,18,-0.102615,0.102615,False,very_weak,2026-04-24T07:51:03.322738+00:00
4557,US,USD,CPI,20,cpi_headline_mom,242,average_weekly_hours,Average Weekly Hours,Labor,2,10,0.018114,0.018114,False,very_weak,2026-04-24T07:51:03.322738+00:00
4558,US,USD,CPI,20,cpi_headline_mom,243,challenger_job_cuts,Challenger Job Cuts,Labor,4,10,-0.608022,0.608022,True,moderate,2026-04-24T07:51:03.322738+00:00
4559,US,USD,CPI,20,cpi_headline_mom,243,challenger_job_cuts,Challenger Job Cuts,Labor,1,18,-0.537486,0.537486,False,moderate,2026-04-24T07:51:03.322738+00:00
4560,US,USD,CPI,20,cpi_headline_mom,243,challenger_job_cuts,Challenger Job Cuts,Labor,6,23,-0.484432,0.484432,False,moderate,2026-04-24T07:51:03.322738+00:00
4561,US,USD,CPI,20,cpi_headline_mom,243,challenger_job_cuts,Challenger Job Cuts,Labor,0,30,-0.464226,0.464226,False,moderate,2026-04-24T07:51:03.322738+00:00
4562,US,USD,CPI,20,cpi_headline_mom,243,challenger_job_cuts,Challenger Job Cuts,Labor,5,15,-0.299775,0.299775,False,weak,2026-04-24T07:51:03.322738+00:00
4563,US,USD,CPI,20,cpi_headline_mom,243,challenger_job_cuts,Challenger Job Cuts,Labor,2,10,-0.084459,0.084459,False,very_weak,2026-04-24T07:51:03.322738+00:00
4564,US,USD,CPI,20,cpi_headline_mom,244,employment_cost_index_qoq,Employment Cost Index (QoQ),Inflation,3,9,0.726046,0.726046,True,strong,2026-04-24T07:51:03.322738+00:00
4565,US,USD,CPI,20,cpi_headline_mom,244,employment_cost_index_qoq,Employment Cost Index (QoQ),Inflation,4,9,0.566024,0.566024,False,moderate,2026-04-24T07:51:03.322738+00:00
4566,US,USD,CPI,20,cpi_headline_mom,245,employment_cost_wages_qoq,Employment Cost - Wages (QoQ),Inflation,3,9,0.709656,0.709656,True,strong,2026-04-24T07:51:03.322738+00:00
4567,US,USD,CPI,20,cpi_headline_mom,245,employment_cost_wages_qoq,Employment Cost - Wages (QoQ),Inflation,4,9,0.368503,0.368503,False,weak,2026-04-24T07:51:03.322738+00:00
4568,US,USD,CPI,20,cpi_headline_mom,246,employment_cost_benefits_qoq,Employment Cost - Benefits (QoQ),Inflation,4,9,0.784715,0.784715,True,strong,2026-04-24T07:51:03.322738+00:00
4569,US,USD,CPI,20,cpi_headline_mom,246,employment_cost_benefits_qoq,Employment Cost - Benefits (QoQ),Inflation,3,9,0.273606,0.273606,False,weak,2026-04-24T07:51:03.322738+00:00
4570,US,USD,UNEMPLOYMENT,27,unemployment_rate,26,nfp,Non-Farm Payrolls,Labor,1,21,-0.844036,0.844036,True,strong,2026-04-24T07:51:03.322738+00:00
4571,US,USD,UNEMPLOYMENT,27,unemployment_rate,26,nfp,Non-Farm Payrolls,Labor,0,34,-0.618852,0.618852,False,moderate,2026-04-24T07:51:03.322738+00:00
4572,US,USD,UNEMPLOYMENT,27,unemployment_rate,26,nfp,Non-Farm Payrolls,Labor,5,20,-0.601133,0.601133,False,moderate,2026-04-24T07:51:03.322738+00:00
4573,US,USD,UNEMPLOYMENT,27,unemployment_rate,26,nfp,Non-Farm Payrolls,Labor,6,28,-0.442643,0.442643,False,weak,2026-04-24T07:51:03.322738+00:00
4574,US,USD,UNEMPLOYMENT,27,unemployment_rate,26,nfp,Non-Farm Payrolls,Labor,2,10,0.229182,0.229182,False,very_weak,2026-04-24T07:51:03.322738+00:00
4575,US,USD,UNEMPLOYMENT,27,unemployment_rate,26,nfp,Non-Farm Payrolls,Labor,4,11,0.008013,0.008013,False,very_weak,2026-04-24T07:51:03.322738+00:00
4576,US,USD,UNEMPLOYMENT,27,unemployment_rate,30,participation_rate,Labor Force Participation Rate,Labor,5,19,-0.550068,0.550068,True,moderate,2026-04-24T07:51:03.322738+00:00
4577,US,USD,UNEMPLOYMENT,27,unemployment_rate,30,participation_rate,Labor Force Participation Rate,Labor,1,20,-0.544237,0.544237,False,moderate,2026-04-24T07:51:03.322738+00:00
4578,US,USD,UNEMPLOYMENT,27,unemployment_rate,30,participation_rate,Labor Force Participation Rate,Labor,6,28,-0.468732,0.468732,False,moderate,2026-04-24T07:51:03.322738+00:00
4579,US,USD,UNEMPLOYMENT,27,unemployment_rate,30,participation_rate,Labor Force Participation Rate,Labor,2,10,-0.462000,0.462000,False,moderate,2026-04-24T07:51:03.322738+00:00
4580,US,USD,UNEMPLOYMENT,27,unemployment_rate,30,participation_rate,Labor Force Participation Rate,Labor,0,34,-0.384417,0.384417,False,weak,2026-04-24T07:51:03.322738+00:00
4581,US,USD,UNEMPLOYMENT,27,unemployment_rate,30,participation_rate,Labor Force Participation Rate,Labor,4,10,-0.198158,0.198158,False,very_weak,2026-04-24T07:51:03.322738+00:00
4582,US,USD,UNEMPLOYMENT,27,unemployment_rate,31,u6_unemployment_rate,U-6 Underemployment Rate,Labor,0,11,0.447620,0.447620,True,weak,2026-04-24T07:51:03.322738+00:00
4583,US,USD,UNEMPLOYMENT,27,unemployment_rate,32,adp_employment_change,ADP Employment Change,Labor,2,9,0.803280,0.803280,True,strong,2026-04-24T07:51:03.322738+00:00
4584,US,USD,UNEMPLOYMENT,27,unemployment_rate,32,adp_employment_change,ADP Employment Change,Labor,4,10,0.427711,0.427711,False,weak,2026-04-24T07:51:03.322738+00:00
4585,US,USD,UNEMPLOYMENT,27,unemployment_rate,32,adp_employment_change,ADP Employment Change,Labor,5,18,0.374971,0.374971,False,weak,2026-04-24T07:51:03.322738+00:00
4586,US,USD,UNEMPLOYMENT,27,unemployment_rate,32,adp_employment_change,ADP Employment Change,Labor,1,19,0.373503,0.373503,False,weak,2026-04-24T07:51:03.322738+00:00
4587,US,USD,UNEMPLOYMENT,27,unemployment_rate,32,adp_employment_change,ADP Employment Change,Labor,6,26,0.341942,0.341942,False,weak,2026-04-24T07:51:03.322738+00:00
4588,US,USD,UNEMPLOYMENT,27,unemployment_rate,32,adp_employment_change,ADP Employment Change,Labor,0,32,0.303891,0.303891,False,weak,2026-04-24T07:51:03.322738+00:00
4589,US,USD,UNEMPLOYMENT,27,unemployment_rate,33,initial_jobless_claims,Initial Jobless Claims,Labor,2,31,0.672840,0.672840,True,moderate,2026-04-24T07:51:03.322738+00:00
4590,US,USD,UNEMPLOYMENT,27,unemployment_rate,33,initial_jobless_claims,Initial Jobless Claims,Labor,1,78,0.466864,0.466864,False,moderate,2026-04-24T07:51:03.322738+00:00
4591,US,USD,UNEMPLOYMENT,27,unemployment_rate,33,initial_jobless_claims,Initial Jobless Claims,Labor,6,110,0.322009,0.322009,False,weak,2026-04-24T07:51:03.322738+00:00
4592,US,USD,UNEMPLOYMENT,27,unemployment_rate,33,initial_jobless_claims,Initial Jobless Claims,Labor,4,82,-0.185573,0.185573,False,very_weak,2026-04-24T07:51:03.322738+00:00
4593,US,USD,UNEMPLOYMENT,27,unemployment_rate,33,initial_jobless_claims,Initial Jobless Claims,Labor,5,123,-0.150805,0.150805,False,very_weak,2026-04-24T07:51:03.322738+00:00
4594,US,USD,UNEMPLOYMENT,27,unemployment_rate,33,initial_jobless_claims,Initial Jobless Claims,Labor,3,42,-0.085732,0.085732,False,very_weak,2026-04-24T07:51:03.322738+00:00
4595,US,USD,UNEMPLOYMENT,27,unemployment_rate,33,initial_jobless_claims,Initial Jobless Claims,Labor,0,128,-0.064767,0.064767,False,very_weak,2026-04-24T07:51:03.322738+00:00
4596,US,USD,UNEMPLOYMENT,27,unemployment_rate,34,ism_manufacturing_pmi,ISM Manufacturing PMI,Growth,5,17,0.589184,0.589184,True,moderate,2026-04-24T07:51:03.322738+00:00
4597,US,USD,UNEMPLOYMENT,27,unemployment_rate,34,ism_manufacturing_pmi,ISM Manufacturing PMI,Growth,2,8,0.496884,0.496884,False,moderate,2026-04-24T07:51:03.322738+00:00
4598,US,USD,UNEMPLOYMENT,27,unemployment_rate,34,ism_manufacturing_pmi,ISM Manufacturing PMI,Growth,4,9,0.446970,0.446970,False,weak,2026-04-24T07:51:03.322738+00:00
4599,US,USD,UNEMPLOYMENT,27,unemployment_rate,34,ism_manufacturing_pmi,ISM Manufacturing PMI,Growth,1,18,0.412599,0.412599,False,weak,2026-04-24T07:51:03.322738+00:00
4600,US,USD,UNEMPLOYMENT,27,unemployment_rate,34,ism_manufacturing_pmi,ISM Manufacturing PMI,Growth,6,26,0.382583,0.382583,False,weak,2026-04-24T07:51:03.322738+00:00
4601,US,USD,UNEMPLOYMENT,27,unemployment_rate,34,ism_manufacturing_pmi,ISM Manufacturing PMI,Growth,0,29,0.269637,0.269637,False,weak,2026-04-24T07:51:03.322738+00:00
4602,US,USD,UNEMPLOYMENT,27,unemployment_rate,36,ism_manufacturing_employment,ISM Manufacturing Employment,Labor,1,18,0.530695,0.530695,True,moderate,2026-04-24T07:51:03.322738+00:00
4603,US,USD,UNEMPLOYMENT,27,unemployment_rate,36,ism_manufacturing_employment,ISM Manufacturing Employment,Labor,2,8,0.486524,0.486524,False,moderate,2026-04-24T07:51:03.322738+00:00
4604,US,USD,UNEMPLOYMENT,27,unemployment_rate,36,ism_manufacturing_employment,ISM Manufacturing Employment,Labor,6,26,0.353591,0.353591,False,weak,2026-04-24T07:51:03.322738+00:00
4605,US,USD,UNEMPLOYMENT,27,unemployment_rate,36,ism_manufacturing_employment,ISM Manufacturing Employment,Labor,5,17,0.290455,0.290455,False,weak,2026-04-24T07:51:03.322738+00:00
4606,US,USD,UNEMPLOYMENT,27,unemployment_rate,36,ism_manufacturing_employment,ISM Manufacturing Employment,Labor,0,29,0.236328,0.236328,False,very_weak,2026-04-24T07:51:03.322738+00:00
4607,US,USD,UNEMPLOYMENT,27,unemployment_rate,36,ism_manufacturing_employment,ISM Manufacturing Employment,Labor,4,9,0.104527,0.104527,False,very_weak,2026-04-24T07:51:03.322738+00:00
4608,US,USD,UNEMPLOYMENT,27,unemployment_rate,37,ism_manufacturing_new_orders,ISM Manufacturing New Orders,Growth,2,8,0.778531,0.778531,True,strong,2026-04-24T07:51:03.322738+00:00
4609,US,USD,UNEMPLOYMENT,27,unemployment_rate,37,ism_manufacturing_new_orders,ISM Manufacturing New Orders,Growth,6,26,0.615866,0.615866,False,moderate,2026-04-24T07:51:03.322738+00:00
4610,US,USD,UNEMPLOYMENT,27,unemployment_rate,37,ism_manufacturing_new_orders,ISM Manufacturing New Orders,Growth,4,9,0.519103,0.519103,False,moderate,2026-04-24T07:51:03.322738+00:00
4611,US,USD,UNEMPLOYMENT,27,unemployment_rate,37,ism_manufacturing_new_orders,ISM Manufacturing New Orders,Growth,1,18,0.514781,0.514781,False,moderate,2026-04-24T07:51:03.322738+00:00
4612,US,USD,UNEMPLOYMENT,27,unemployment_rate,37,ism_manufacturing_new_orders,ISM Manufacturing New Orders,Growth,5,17,0.510657,0.510657,False,moderate,2026-04-24T07:51:03.322738+00:00
4613,US,USD,UNEMPLOYMENT,27,unemployment_rate,37,ism_manufacturing_new_orders,ISM Manufacturing New Orders,Growth,0,29,0.240928,0.240928,False,very_weak,2026-04-24T07:51:03.322738+00:00
4614,US,USD,UNEMPLOYMENT,27,unemployment_rate,38,sp_global_manufacturing_pmi,S&P Global Manufacturing PMI,Growth,4,15,0.643488,0.643488,True,moderate,2026-04-24T07:51:03.322738+00:00
4615,US,USD,UNEMPLOYMENT,27,unemployment_rate,38,sp_global_manufacturing_pmi,S&P Global Manufacturing PMI,Growth,6,26,0.554834,0.554834,False,moderate,2026-04-24T07:51:03.322738+00:00
4616,US,USD,UNEMPLOYMENT,27,unemployment_rate,38,sp_global_manufacturing_pmi,S&P Global Manufacturing PMI,Growth,2,8,0.524163,0.524163,False,moderate,2026-04-24T07:51:03.322738+00:00
4617,US,USD,UNEMPLOYMENT,27,unemployment_rate,38,sp_global_manufacturing_pmi,S&P Global Manufacturing PMI,Growth,5,24,0.408265,0.408265,False,weak,2026-04-24T07:51:03.322738+00:00
4618,US,USD,UNEMPLOYMENT,27,unemployment_rate,38,sp_global_manufacturing_pmi,S&P Global Manufacturing PMI,Growth,0,32,0.368769,0.368769,False,weak,2026-04-24T07:51:03.322738+00:00
4619,US,USD,UNEMPLOYMENT,27,unemployment_rate,38,sp_global_manufacturing_pmi,S&P Global Manufacturing PMI,Growth,1,19,-0.156958,0.156958,False,very_weak,2026-04-24T07:51:03.322738+00:00
4620,US,USD,UNEMPLOYMENT,27,unemployment_rate,39,sp_global_services_pmi,S&P Global Services PMI,Growth,4,16,0.617769,0.617769,True,moderate,2026-04-24T07:51:03.322738+00:00
4621,US,USD,UNEMPLOYMENT,27,unemployment_rate,39,sp_global_services_pmi,S&P Global Services PMI,Growth,6,29,0.350329,0.350329,False,weak,2026-04-24T07:51:03.322738+00:00
4622,US,USD,UNEMPLOYMENT,27,unemployment_rate,39,sp_global_services_pmi,S&P Global Services PMI,Growth,1,21,-0.319288,0.319288,False,weak,2026-04-24T07:51:03.322738+00:00
4623,US,USD,UNEMPLOYMENT,27,unemployment_rate,39,sp_global_services_pmi,S&P Global Services PMI,Growth,5,26,0.294141,0.294141,False,weak,2026-04-24T07:51:03.322738+00:00
4624,US,USD,UNEMPLOYMENT,27,unemployment_rate,39,sp_global_services_pmi,S&P Global Services PMI,Growth,0,29,0.118997,0.118997,False,very_weak,2026-04-24T07:51:03.322738+00:00
4625,US,USD,UNEMPLOYMENT,27,unemployment_rate,39,sp_global_services_pmi,S&P Global Services PMI,Growth,2,9,0.117484,0.117484,False,very_weak,2026-04-24T07:51:03.322738+00:00
4626,US,USD,UNEMPLOYMENT,27,unemployment_rate,40,sp_global_composite_pmi,S&P Global Composite PMI,Growth,4,16,0.661480,0.661480,True,moderate,2026-04-24T07:51:03.322738+00:00
4627,US,USD,UNEMPLOYMENT,27,unemployment_rate,40,sp_global_composite_pmi,S&P Global Composite PMI,Growth,6,29,0.355048,0.355048,False,weak,2026-04-24T07:51:03.322738+00:00
4628,US,USD,UNEMPLOYMENT,27,unemployment_rate,40,sp_global_composite_pmi,S&P Global Composite PMI,Growth,5,26,0.288332,0.288332,False,weak,2026-04-24T07:51:03.322738+00:00
4629,US,USD,UNEMPLOYMENT,27,unemployment_rate,40,sp_global_composite_pmi,S&P Global Composite PMI,Growth,1,21,-0.287612,0.287612,False,weak,2026-04-24T07:51:03.322738+00:00
4630,US,USD,UNEMPLOYMENT,27,unemployment_rate,40,sp_global_composite_pmi,S&P Global Composite PMI,Growth,2,9,0.203035,0.203035,False,very_weak,2026-04-24T07:51:03.322738+00:00
4631,US,USD,UNEMPLOYMENT,27,unemployment_rate,40,sp_global_composite_pmi,S&P Global Composite PMI,Growth,0,29,0.106239,0.106239,False,very_weak,2026-04-24T07:51:03.322738+00:00
4632,US,USD,UNEMPLOYMENT,27,unemployment_rate,41,retail_sales_mom,Retail Sales (MoM),Growth,4,10,0.705422,0.705422,True,strong,2026-04-24T07:51:03.322738+00:00
4633,US,USD,UNEMPLOYMENT,27,unemployment_rate,41,retail_sales_mom,Retail Sales (MoM),Growth,2,13,0.265861,0.265861,False,weak,2026-04-24T07:51:03.322738+00:00
4634,US,USD,UNEMPLOYMENT,27,unemployment_rate,41,retail_sales_mom,Retail Sales (MoM),Growth,6,25,0.186644,0.186644,False,very_weak,2026-04-24T07:51:03.322738+00:00
4635,US,USD,UNEMPLOYMENT,27,unemployment_rate,41,retail_sales_mom,Retail Sales (MoM),Growth,1,23,-0.155799,0.155799,False,very_weak,2026-04-24T07:51:03.322738+00:00
4636,US,USD,UNEMPLOYMENT,27,unemployment_rate,41,retail_sales_mom,Retail Sales (MoM),Growth,5,19,0.078018,0.078018,False,very_weak,2026-04-24T07:51:03.322738+00:00
4637,US,USD,UNEMPLOYMENT,27,unemployment_rate,42,retail_sales_yoy,Retail Sales (YoY),Growth,4,10,0.540529,0.540529,True,moderate,2026-04-24T07:51:03.322738+00:00
4638,US,USD,UNEMPLOYMENT,27,unemployment_rate,42,retail_sales_yoy,Retail Sales (YoY),Growth,2,14,0.447646,0.447646,False,weak,2026-04-24T07:51:03.322738+00:00
4639,US,USD,UNEMPLOYMENT,27,unemployment_rate,42,retail_sales_yoy,Retail Sales (YoY),Growth,6,28,0.175649,0.175649,False,very_weak,2026-04-24T07:51:03.322738+00:00
4640,US,USD,UNEMPLOYMENT,27,unemployment_rate,42,retail_sales_yoy,Retail Sales (YoY),Growth,1,26,0.124776,0.124776,False,very_weak,2026-04-24T07:51:03.322738+00:00
4641,US,USD,UNEMPLOYMENT,27,unemployment_rate,42,retail_sales_yoy,Retail Sales (YoY),Growth,5,20,0.046090,0.046090,False,very_weak,2026-04-24T07:51:03.322738+00:00
4642,US,USD,UNEMPLOYMENT,27,unemployment_rate,43,ny_empire_state_mfg,NY Empire State Manufacturing Index,Growth,1,12,0.558581,0.558581,True,moderate,2026-04-24T07:51:03.322738+00:00
4643,US,USD,UNEMPLOYMENT,27,unemployment_rate,43,ny_empire_state_mfg,NY Empire State Manufacturing Index,Growth,3,10,0.483550,0.483550,False,moderate,2026-04-24T07:51:03.322738+00:00
4644,US,USD,UNEMPLOYMENT,27,unemployment_rate,43,ny_empire_state_mfg,NY Empire State Manufacturing Index,Growth,4,19,0.290030,0.290030,False,weak,2026-04-24T07:51:03.322738+00:00
4645,US,USD,UNEMPLOYMENT,27,unemployment_rate,43,ny_empire_state_mfg,NY Empire State Manufacturing Index,Growth,6,21,0.241896,0.241896,False,very_weak,2026-04-24T07:51:03.322738+00:00
4646,US,USD,UNEMPLOYMENT,27,unemployment_rate,43,ny_empire_state_mfg,NY Empire State Manufacturing Index,Growth,5,27,0.215237,0.215237,False,very_weak,2026-04-24T07:51:03.322738+00:00
4647,US,USD,UNEMPLOYMENT,27,unemployment_rate,43,ny_empire_state_mfg,NY Empire State Manufacturing Index,Growth,0,24,0.190440,0.190440,False,very_weak,2026-04-24T07:51:03.322738+00:00
4648,US,USD,UNEMPLOYMENT,27,unemployment_rate,44,philly_fed_mfg,Philadelphia Fed Manufacturing Index,Growth,3,10,0.855723,0.855723,True,strong,2026-04-24T07:51:03.322738+00:00
4649,US,USD,UNEMPLOYMENT,27,unemployment_rate,44,philly_fed_mfg,Philadelphia Fed Manufacturing Index,Growth,5,27,0.565160,0.565160,False,moderate,2026-04-24T07:51:03.322738+00:00
4650,US,USD,UNEMPLOYMENT,27,unemployment_rate,44,philly_fed_mfg,Philadelphia Fed Manufacturing Index,Growth,4,19,0.517291,0.517291,False,moderate,2026-04-24T07:51:03.322738+00:00
4651,US,USD,UNEMPLOYMENT,27,unemployment_rate,44,philly_fed_mfg,Philadelphia Fed Manufacturing Index,Growth,6,22,0.188548,0.188548,False,very_weak,2026-04-24T07:51:03.322738+00:00
4652,US,USD,UNEMPLOYMENT,27,unemployment_rate,44,philly_fed_mfg,Philadelphia Fed Manufacturing Index,Growth,1,13,0.168182,0.168182,False,very_weak,2026-04-24T07:51:03.322738+00:00
4653,US,USD,UNEMPLOYMENT,27,unemployment_rate,44,philly_fed_mfg,Philadelphia Fed Manufacturing Index,Growth,0,25,0.047948,0.047948,False,very_weak,2026-04-24T07:51:03.322738+00:00
4654,US,USD,UNEMPLOYMENT,27,unemployment_rate,45,umich_consumer_sentiment,UMich Consumer Sentiment,Growth,3,18,0.428283,0.428283,True,weak,2026-04-24T07:51:03.322738+00:00
4655,US,USD,UNEMPLOYMENT,27,unemployment_rate,45,umich_consumer_sentiment,UMich Consumer Sentiment,Growth,2,13,0.375761,0.375761,False,weak,2026-04-24T07:51:03.322738+00:00
4656,US,USD,UNEMPLOYMENT,27,unemployment_rate,45,umich_consumer_sentiment,UMich Consumer Sentiment,Growth,4,34,0.100520,0.100520,False,very_weak,2026-04-24T07:51:03.322738+00:00
4657,US,USD,UNEMPLOYMENT,27,unemployment_rate,45,umich_consumer_sentiment,UMich Consumer Sentiment,Growth,1,31,-0.084738,0.084738,False,very_weak,2026-04-24T07:51:03.322738+00:00
4658,US,USD,UNEMPLOYMENT,27,unemployment_rate,45,umich_consumer_sentiment,UMich Consumer Sentiment,Growth,0,50,-0.083128,0.083128,False,very_weak,2026-04-24T07:51:03.322738+00:00
4659,US,USD,UNEMPLOYMENT,27,unemployment_rate,45,umich_consumer_sentiment,UMich Consumer Sentiment,Growth,5,52,-0.057046,0.057046,False,very_weak,2026-04-24T07:51:03.322738+00:00
4660,US,USD,UNEMPLOYMENT,27,unemployment_rate,45,umich_consumer_sentiment,UMich Consumer Sentiment,Growth,6,45,0.034468,0.034468,False,very_weak,2026-04-24T07:51:03.322738+00:00
4661,US,USD,UNEMPLOYMENT,27,unemployment_rate,46,nfib_business_optimism,NFIB Business Optimism Index,Growth,2,9,0.492543,0.492543,True,moderate,2026-04-24T07:51:03.322738+00:00
4662,US,USD,UNEMPLOYMENT,27,unemployment_rate,46,nfib_business_optimism,NFIB Business Optimism Index,Growth,4,10,0.279376,0.279376,False,weak,2026-04-24T07:51:03.322738+00:00
4663,US,USD,UNEMPLOYMENT,27,unemployment_rate,46,nfib_business_optimism,NFIB Business Optimism Index,Growth,6,27,0.190316,0.190316,False,very_weak,2026-04-24T07:51:03.322738+00:00
4664,US,USD,UNEMPLOYMENT,27,unemployment_rate,46,nfib_business_optimism,NFIB Business Optimism Index,Growth,1,21,0.060516,0.060516,False,very_weak,2026-04-24T07:51:03.322738+00:00
4665,US,USD,UNEMPLOYMENT,27,unemployment_rate,46,nfib_business_optimism,NFIB Business Optimism Index,Growth,5,19,0.037034,0.037034,False,very_weak,2026-04-24T07:51:03.322738+00:00
4666,US,USD,UNEMPLOYMENT,27,unemployment_rate,178,continuing_jobless_claims,Continuing Jobless Claims,Labor,2,38,0.535000,0.535000,True,moderate,2026-04-24T07:51:03.322738+00:00
4667,US,USD,UNEMPLOYMENT,27,unemployment_rate,178,continuing_jobless_claims,Continuing Jobless Claims,Labor,1,87,0.398264,0.398264,False,weak,2026-04-24T07:51:03.322738+00:00
4668,US,USD,UNEMPLOYMENT,27,unemployment_rate,178,continuing_jobless_claims,Continuing Jobless Claims,Labor,6,118,0.227552,0.227552,False,very_weak,2026-04-24T07:51:03.322738+00:00
4669,US,USD,UNEMPLOYMENT,27,unemployment_rate,178,continuing_jobless_claims,Continuing Jobless Claims,Labor,3,33,-0.142166,0.142166,False,very_weak,2026-04-24T07:51:03.322738+00:00
4670,US,USD,UNEMPLOYMENT,27,unemployment_rate,178,continuing_jobless_claims,Continuing Jobless Claims,Labor,4,73,-0.038798,0.038798,False,very_weak,2026-04-24T07:51:03.322738+00:00
4671,US,USD,UNEMPLOYMENT,27,unemployment_rate,178,continuing_jobless_claims,Continuing Jobless Claims,Labor,5,114,0.010631,0.010631,False,very_weak,2026-04-24T07:51:03.322738+00:00
4672,US,USD,UNEMPLOYMENT,27,unemployment_rate,178,continuing_jobless_claims,Continuing Jobless Claims,Labor,0,113,-0.003452,0.003452,False,very_weak,2026-04-24T07:51:03.322738+00:00
4673,US,USD,UNEMPLOYMENT,27,unemployment_rate,179,jobless_claims_4week_average,Jobless Claims 4-Week Average,Labor,4,82,-0.153576,0.153576,True,very_weak,2026-04-24T07:51:03.322738+00:00
4674,US,USD,UNEMPLOYMENT,27,unemployment_rate,179,jobless_claims_4week_average,Jobless Claims 4-Week Average,Labor,6,105,-0.120466,0.120466,False,very_weak,2026-04-24T07:51:03.322738+00:00
4675,US,USD,UNEMPLOYMENT,27,unemployment_rate,179,jobless_claims_4week_average,Jobless Claims 4-Week Average,Labor,0,123,-0.119426,0.119426,False,very_weak,2026-04-24T07:51:03.322738+00:00
4676,US,USD,UNEMPLOYMENT,27,unemployment_rate,179,jobless_claims_4week_average,Jobless Claims 4-Week Average,Labor,5,122,-0.087372,0.087372,False,very_weak,2026-04-24T07:51:03.322738+00:00
4677,US,USD,UNEMPLOYMENT,27,unemployment_rate,179,jobless_claims_4week_average,Jobless Claims 4-Week Average,Labor,1,73,0.074742,0.074742,False,very_weak,2026-04-24T07:51:03.322738+00:00
4678,US,USD,UNEMPLOYMENT,27,unemployment_rate,179,jobless_claims_4week_average,Jobless Claims 4-Week Average,Labor,3,42,-0.015366,0.015366,False,very_weak,2026-04-24T07:51:03.322738+00:00
4679,US,USD,UNEMPLOYMENT,27,unemployment_rate,179,jobless_claims_4week_average,Jobless Claims 4-Week Average,Labor,2,27,0.005356,0.005356,False,very_weak,2026-04-24T07:51:03.322738+00:00
4680,US,USD,UNEMPLOYMENT,27,unemployment_rate,180,ism_services_business_activity,ISM Services Business Activity,Growth,0,8,-0.463898,0.463898,True,moderate,2026-04-24T07:51:03.322738+00:00
4681,US,USD,UNEMPLOYMENT,27,unemployment_rate,181,ism_services_employment,ISM Services Employment,Labor,0,16,-0.413411,0.413411,True,weak,2026-04-24T07:51:03.322738+00:00
4682,US,USD,UNEMPLOYMENT,27,unemployment_rate,181,ism_services_employment,ISM Services Employment,Labor,1,14,-0.336183,0.336183,False,weak,2026-04-24T07:51:03.322738+00:00
4683,US,USD,UNEMPLOYMENT,27,unemployment_rate,181,ism_services_employment,ISM Services Employment,Labor,5,14,-0.183345,0.183345,False,very_weak,2026-04-24T07:51:03.322738+00:00
4684,US,USD,UNEMPLOYMENT,27,unemployment_rate,181,ism_services_employment,ISM Services Employment,Labor,6,20,-0.071265,0.071265,False,very_weak,2026-04-24T07:51:03.322738+00:00
4685,US,USD,UNEMPLOYMENT,27,unemployment_rate,181,ism_services_employment,ISM Services Employment,Labor,4,8,-0.052347,0.052347,False,very_weak,2026-04-24T07:51:03.322738+00:00
4686,US,USD,UNEMPLOYMENT,27,unemployment_rate,182,new_home_sales,New Home Sales,Growth,3,9,-0.363483,0.363483,True,weak,2026-04-24T07:51:03.322738+00:00
4687,US,USD,UNEMPLOYMENT,27,unemployment_rate,182,new_home_sales,New Home Sales,Growth,5,18,0.282879,0.282879,False,weak,2026-04-24T07:51:03.322738+00:00
4688,US,USD,UNEMPLOYMENT,27,unemployment_rate,182,new_home_sales,New Home Sales,Growth,2,19,-0.108066,0.108066,False,very_weak,2026-04-24T07:51:03.322738+00:00
4689,US,USD,UNEMPLOYMENT,27,unemployment_rate,182,new_home_sales,New Home Sales,Growth,1,27,-0.086072,0.086072,False,very_weak,2026-04-24T07:51:03.322738+00:00
4690,US,USD,UNEMPLOYMENT,27,unemployment_rate,182,new_home_sales,New Home Sales,Growth,4,10,0.067508,0.067508,False,very_weak,2026-04-24T07:51:03.322738+00:00
4691,US,USD,UNEMPLOYMENT,27,unemployment_rate,182,new_home_sales,New Home Sales,Growth,6,28,-0.033873,0.033873,False,very_weak,2026-04-24T07:51:03.322738+00:00
4692,US,USD,UNEMPLOYMENT,27,unemployment_rate,184,redbook_yoy,Redbook Retail Sales (YoY),Growth,1,66,-0.146970,0.146970,True,very_weak,2026-04-24T07:51:03.322738+00:00
4693,US,USD,UNEMPLOYMENT,27,unemployment_rate,184,redbook_yoy,Redbook Retail Sales (YoY),Growth,4,79,0.118867,0.118867,False,very_weak,2026-04-24T07:51:03.322738+00:00
4694,US,USD,UNEMPLOYMENT,27,unemployment_rate,184,redbook_yoy,Redbook Retail Sales (YoY),Growth,6,104,0.101679,0.101679,False,very_weak,2026-04-24T07:51:03.322738+00:00
4695,US,USD,UNEMPLOYMENT,27,unemployment_rate,184,redbook_yoy,Redbook Retail Sales (YoY),Growth,0,118,-0.067923,0.067923,False,very_weak,2026-04-24T07:51:03.322738+00:00
4696,US,USD,UNEMPLOYMENT,27,unemployment_rate,184,redbook_yoy,Redbook Retail Sales (YoY),Growth,3,39,0.054686,0.054686,False,very_weak,2026-04-24T07:51:03.322738+00:00
4697,US,USD,UNEMPLOYMENT,27,unemployment_rate,184,redbook_yoy,Redbook Retail Sales (YoY),Growth,2,23,0.013704,0.013704,False,very_weak,2026-04-24T07:51:03.322738+00:00
4698,US,USD,UNEMPLOYMENT,27,unemployment_rate,184,redbook_yoy,Redbook Retail Sales (YoY),Growth,5,120,-0.000671,0.000671,False,very_weak,2026-04-24T07:51:03.322738+00:00
4699,US,USD,UNEMPLOYMENT,27,unemployment_rate,238,government_payrolls,Government Payrolls,Labor,1,21,-0.845975,0.845975,True,strong,2026-04-24T07:51:03.322738+00:00
4700,US,USD,UNEMPLOYMENT,27,unemployment_rate,238,government_payrolls,Government Payrolls,Labor,0,34,-0.671706,0.671706,False,moderate,2026-04-24T07:51:03.322738+00:00
4701,US,USD,UNEMPLOYMENT,27,unemployment_rate,238,government_payrolls,Government Payrolls,Labor,5,20,-0.622148,0.622148,False,moderate,2026-04-24T07:51:03.322738+00:00
4702,US,USD,UNEMPLOYMENT,27,unemployment_rate,238,government_payrolls,Government Payrolls,Labor,6,28,-0.494595,0.494595,False,moderate,2026-04-24T07:51:03.322738+00:00
4703,US,USD,UNEMPLOYMENT,27,unemployment_rate,238,government_payrolls,Government Payrolls,Labor,2,10,0.070522,0.070522,False,very_weak,2026-04-24T07:51:03.322738+00:00
4704,US,USD,UNEMPLOYMENT,27,unemployment_rate,238,government_payrolls,Government Payrolls,Labor,4,11,-0.025465,0.025465,False,very_weak,2026-04-24T07:51:03.322738+00:00
4705,US,USD,UNEMPLOYMENT,27,unemployment_rate,239,manufacturing_payrolls,Manufacturing Payrolls,Labor,1,21,-0.863404,0.863404,True,strong,2026-04-24T07:51:03.322738+00:00
4706,US,USD,UNEMPLOYMENT,27,unemployment_rate,239,manufacturing_payrolls,Manufacturing Payrolls,Labor,4,11,0.759312,0.759312,False,strong,2026-04-24T07:51:03.322738+00:00
4707,US,USD,UNEMPLOYMENT,27,unemployment_rate,239,manufacturing_payrolls,Manufacturing Payrolls,Labor,0,34,-0.648172,0.648172,False,moderate,2026-04-24T07:51:03.322738+00:00
4708,US,USD,UNEMPLOYMENT,27,unemployment_rate,239,manufacturing_payrolls,Manufacturing Payrolls,Labor,5,20,-0.628290,0.628290,False,moderate,2026-04-24T07:51:03.322738+00:00
4709,US,USD,UNEMPLOYMENT,27,unemployment_rate,239,manufacturing_payrolls,Manufacturing Payrolls,Labor,6,28,-0.466887,0.466887,False,moderate,2026-04-24T07:51:03.322738+00:00
4710,US,USD,UNEMPLOYMENT,27,unemployment_rate,239,manufacturing_payrolls,Manufacturing Payrolls,Labor,2,10,0.197288,0.197288,False,very_weak,2026-04-24T07:51:03.322738+00:00
4711,US,USD,UNEMPLOYMENT,27,unemployment_rate,240,private_nonfarm_payrolls,Private Nonfarm Payrolls,Labor,1,21,-0.828767,0.828767,True,strong,2026-04-24T07:51:03.322738+00:00
4712,US,USD,UNEMPLOYMENT,27,unemployment_rate,240,private_nonfarm_payrolls,Private Nonfarm Payrolls,Labor,0,34,-0.605087,0.605087,False,moderate,2026-04-24T07:51:03.322738+00:00
4713,US,USD,UNEMPLOYMENT,27,unemployment_rate,240,private_nonfarm_payrolls,Private Nonfarm Payrolls,Labor,5,20,-0.596145,0.596145,False,moderate,2026-04-24T07:51:03.322738+00:00
4714,US,USD,UNEMPLOYMENT,27,unemployment_rate,240,private_nonfarm_payrolls,Private Nonfarm Payrolls,Labor,4,11,0.521018,0.521018,False,moderate,2026-04-24T07:51:03.322738+00:00
4715,US,USD,UNEMPLOYMENT,27,unemployment_rate,240,private_nonfarm_payrolls,Private Nonfarm Payrolls,Labor,6,28,-0.421653,0.421653,False,weak,2026-04-24T07:51:03.322738+00:00
4716,US,USD,UNEMPLOYMENT,27,unemployment_rate,240,private_nonfarm_payrolls,Private Nonfarm Payrolls,Labor,2,10,0.283255,0.283255,False,weak,2026-04-24T07:51:03.322738+00:00
4717,US,USD,UNEMPLOYMENT,27,unemployment_rate,242,average_weekly_hours,Average Weekly Hours,Labor,4,11,0.863066,0.863066,True,strong,2026-04-24T07:51:03.322738+00:00
4718,US,USD,UNEMPLOYMENT,27,unemployment_rate,242,average_weekly_hours,Average Weekly Hours,Labor,2,10,0.717333,0.717333,False,strong,2026-04-24T07:51:03.322738+00:00
4719,US,USD,UNEMPLOYMENT,27,unemployment_rate,242,average_weekly_hours,Average Weekly Hours,Labor,6,28,0.688410,0.688410,False,moderate,2026-04-24T07:51:03.322738+00:00
4720,US,USD,UNEMPLOYMENT,27,unemployment_rate,242,average_weekly_hours,Average Weekly Hours,Labor,5,20,0.584476,0.584476,False,moderate,2026-04-24T07:51:03.322738+00:00
4721,US,USD,UNEMPLOYMENT,27,unemployment_rate,242,average_weekly_hours,Average Weekly Hours,Labor,0,34,0.540861,0.540861,False,moderate,2026-04-24T07:51:03.322738+00:00
4722,US,USD,UNEMPLOYMENT,27,unemployment_rate,242,average_weekly_hours,Average Weekly Hours,Labor,1,21,0.335741,0.335741,False,weak,2026-04-24T07:51:03.322738+00:00
4723,US,USD,UNEMPLOYMENT,27,unemployment_rate,243,challenger_job_cuts,Challenger Job Cuts,Labor,2,9,-0.479814,0.479814,True,moderate,2026-04-24T07:51:03.322738+00:00
4724,US,USD,UNEMPLOYMENT,27,unemployment_rate,243,challenger_job_cuts,Challenger Job Cuts,Labor,4,9,-0.263655,0.263655,False,weak,2026-04-24T07:51:03.322738+00:00
4725,US,USD,UNEMPLOYMENT,27,unemployment_rate,243,challenger_job_cuts,Challenger Job Cuts,Labor,1,20,0.238827,0.238827,False,very_weak,2026-04-24T07:51:03.322738+00:00
4726,US,USD,UNEMPLOYMENT,27,unemployment_rate,243,challenger_job_cuts,Challenger Job Cuts,Labor,0,33,0.060253,0.060253,False,very_weak,2026-04-24T07:51:03.322738+00:00
4727,US,USD,UNEMPLOYMENT,27,unemployment_rate,243,challenger_job_cuts,Challenger Job Cuts,Labor,6,27,-0.031615,0.031615,False,very_weak,2026-04-24T07:51:03.322738+00:00
4728,US,USD,UNEMPLOYMENT,27,unemployment_rate,243,challenger_job_cuts,Challenger Job Cuts,Labor,5,18,-0.002410,0.002410,False,very_weak,2026-04-24T07:51:03.322738+00:00
