central_bank_code,target_family,target_indicator_key,target_indicator,model,feature,importance
BOC,inflation,core_cpi_yoy,Core CPI (YoY),ridge,target_current,0.07760671973133706
BOC,inflation,core_cpi_yoy,Core CPI (YoY),ridge,cpi_headline_mom_ma6,0.037074992351103425
BOC,inflation,core_cpi_yoy,Core CPI (YoY),ridge,new_housing_price_index_yoy_lag1,0.034749796908905145
BOC,inflation,core_cpi_yoy,Core CPI (YoY),ridge,balance_of_trade_lag1,0.03208098411798211
BOC,inflation,core_cpi_yoy,Core CPI (YoY),ridge,ppi_mom_ma6,0.031387197906378714
BOC,inflation,core_cpi_yoy,Core CPI (YoY),ridge,balance_of_trade_lag3,0.026126761442674767
BOC,inflation,core_cpi_yoy,Core CPI (YoY),ridge,manufacturing_pmi_ma3,0.024084842447408196
BOC,inflation,core_cpi_yoy,Core CPI (YoY),ridge,unemployment_rate_lag1,0.023216269376340914
BOC,inflation,core_cpi_yoy,Core CPI (YoY),ridge,target_lag1,0.022946221193664372
BOC,inflation,core_cpi_yoy,Core CPI (YoY),ridge,manufacturing_pmi_lag1,0.022626256881775834
BOC,inflation,core_cpi_yoy,Core CPI (YoY),ridge,manufacturing_pmi_lag6,0.0211502309990007
BOC,inflation,core_cpi_yoy,Core CPI (YoY),ridge,cpi_headline_yoy_lag3,0.02081770803612379
BOC,inflation,core_cpi_yoy,Core CPI (YoY),ridge,cpi_headline_yoy_ma6,0.020782885173949935
BOC,inflation,core_cpi_yoy,Core CPI (YoY),ridge,ppi_yoy_ma6,0.02059178958336591
BOC,inflation,core_cpi_yoy,Core CPI (YoY),ridge,retail_sales_yoy_lag6,0.019618648864306098
BOC,inflation,core_cpi_yoy,Core CPI (YoY),ridge,new_housing_price_index_yoy_ma6,0.01907529978118153
BOC,inflation,core_cpi_yoy,Core CPI (YoY),ridge,core_cpi_mom_ma6,0.01895375322114493
BOC,inflation,core_cpi_yoy,Core CPI (YoY),ridge,retail_sales_yoy_lag1,0.01853358049311075
BOC,inflation,core_cpi_yoy,Core CPI (YoY),ridge,cfib_business_barometer_lag1,0.017983641790018882
BOC,inflation,core_cpi_yoy,Core CPI (YoY),ridge,raw_materials_prices_mom_ma3,0.016733794651203726
BOC,inflation,core_cpi_yoy,Core CPI (YoY),ridge,cpi_headline_yoy_lag6,0.016623565519738148
BOC,inflation,core_cpi_yoy,Core CPI (YoY),ridge,budget_balance_ma6,0.016028087421620898
BOC,inflation,core_cpi_yoy,Core CPI (YoY),ridge,budget_balance_ma3,0.015981767513975863
BOC,inflation,core_cpi_yoy,Core CPI (YoY),ridge,exports_lag6,0.01586580336386971
BOC,inflation,core_cpi_yoy,Core CPI (YoY),ridge,exports_lag1,0.01558813838211729
BOC,inflation,core_cpi_yoy,Core CPI (YoY),ridge,ppi_mom_lag6,0.015443756091134174
BOC,inflation,core_cpi_yoy,Core CPI (YoY),ridge,new_housing_price_index_yoy_lag6,0.015436177746952
BOC,inflation,core_cpi_yoy,Core CPI (YoY),ridge,new_housing_price_index_yoy_ma3,0.015064800946296555
BOC,inflation,core_cpi_yoy,Core CPI (YoY),ridge,new_housing_price_index_yoy_lag3,0.014645465937411815
BOC,inflation,core_cpi_yoy,Core CPI (YoY),ridge,target_ma3,0.013327536547364105
BOC,inflation,core_cpi_yoy,Core CPI (YoY),ridge,core_cpi_mom_lag1,0.013026880659801284
BOC,inflation,core_cpi_yoy,Core CPI (YoY),ridge,retail_sales_yoy_ma6,0.01282458192372342
BOC,inflation,core_cpi_yoy,Core CPI (YoY),ridge,ppi_yoy_lag1,0.012762718102474428
BOC,inflation,core_cpi_yoy,Core CPI (YoY),ridge,unemployment_rate_ma6,0.012433830087641417
BOC,inflation,core_cpi_yoy,Core CPI (YoY),ridge,cfib_business_barometer_ma6,0.012205744013801109
BOC,inflation,core_cpi_yoy,Core CPI (YoY),ridge,manufacturing_pmi_ma6,0.012127858069014794
BOC,inflation,core_cpi_yoy,Core CPI (YoY),ridge,ppi_mom_lag1,0.012048617977499206
BOC,inflation,core_cpi_yoy,Core CPI (YoY),ridge,ppi_yoy_ma3,0.011590507313805187
BOC,inflation,core_cpi_yoy,Core CPI (YoY),ridge,ppi_yoy_lag1_x_ppi_yoy_lag3,0.01148292186546038
BOC,inflation,core_cpi_yoy,Core CPI (YoY),ridge,raw_materials_prices_mom_lag6,0.011256171573692525
BOC,inflation,core_cpi_yoy,Core CPI (YoY),ridge,unemployment_rate_ma3,0.01094235607388542
BOC,inflation,core_cpi_yoy,Core CPI (YoY),ridge,exports_ma6,0.010772724829121713
BOC,inflation,core_cpi_yoy,Core CPI (YoY),ridge,balance_of_trade_ma3,0.01058962212423374
BOC,inflation,core_cpi_yoy,Core CPI (YoY),ridge,raw_materials_prices_mom_ma6,0.010547175302569121
BOC,inflation,core_cpi_yoy,Core CPI (YoY),ridge,retail_sales_yoy_ma3,0.009501227105523856
BOC,inflation,core_cpi_yoy,Core CPI (YoY),ridge,cpi_headline_mom_lag6,0.00937654478755024
BOC,inflation,core_cpi_yoy,Core CPI (YoY),ridge,unemployment_rate_lag6,0.009307406201736807
BOC,inflation,core_cpi_yoy,Core CPI (YoY),ridge,cpi_headline_yoy_lag1,0.009068745687777711
BOC,inflation,core_cpi_yoy,Core CPI (YoY),ridge,cpi_headline_mom_ma3,0.00875623709295532
BOC,inflation,core_cpi_yoy,Core CPI (YoY),ridge,ppi_mom_ma3,0.008164070113646595
BOC,inflation,core_cpi_yoy,Core CPI (YoY),ridge,cfib_business_barometer_lag3,0.008143101952342614
BOC,inflation,core_cpi_yoy,Core CPI (YoY),ridge,ppi_yoy_lag3,0.007999178928919472
BOC,inflation,core_cpi_yoy,Core CPI (YoY),ridge,core_cpi_mom_ma3,0.007675051231019393
BOC,inflation,core_cpi_yoy,Core CPI (YoY),ridge,balance_of_trade_ma6,0.006917301753265747
BOC,inflation,core_cpi_yoy,Core CPI (YoY),ridge,ppi_yoy_lag6,0.006512067396540435
BOC,inflation,core_cpi_yoy,Core CPI (YoY),ridge,core_cpi_mom_lag6,0.006473117214020081
BOC,inflation,core_cpi_yoy,Core CPI (YoY),ridge,cpi_headline_yoy_ma3,0.006377192950546759
BOC,inflation,core_cpi_yoy,Core CPI (YoY),ridge,cfib_business_barometer_lag6,0.005628997311191593
BOC,inflation,core_cpi_yoy,Core CPI (YoY),ridge,core_cpi_mom_lag3,0.005292860185138889
BOC,inflation,core_cpi_yoy,Core CPI (YoY),ridge,cpi_headline_mom_lag3,0.004410926132996261
BOC,inflation,core_cpi_yoy,Core CPI (YoY),ridge,budget_balance_lag3,0.004393231612802343
BOC,inflation,core_cpi_yoy,Core CPI (YoY),ridge,budget_balance_lag6,0.0033342506518620318
BOC,inflation,core_cpi_yoy,Core CPI (YoY),ridge,raw_materials_prices_mom_lag3,0.0031571411158353817
BOC,inflation,core_cpi_yoy,Core CPI (YoY),ridge,ppi_mom_lag3,0.0031173006004808633
BOC,inflation,core_cpi_yoy,Core CPI (YoY),ridge,unemployment_rate_lag3,0.0030776576621429756
BOC,inflation,core_cpi_yoy,Core CPI (YoY),ridge,exports_lag3,0.0029855002398001245
BOC,inflation,core_cpi_yoy,Core CPI (YoY),ridge,manufacturing_pmi_lag3,0.002631926929081953
BOC,inflation,core_cpi_yoy,Core CPI (YoY),ridge,budget_balance_lag1,0.0024424366388498585
BOC,inflation,core_cpi_yoy,Core CPI (YoY),ridge,retail_sales_yoy_lag3,0.0022291183604340077
BOC,inflation,core_cpi_yoy,Core CPI (YoY),ridge,cpi_headline_mom_lag1,0.002115328936453646
BOC,inflation,core_cpi_yoy,Core CPI (YoY),ridge,raw_materials_prices_mom_lag1,0.001885424963355701
BOC,inflation,core_cpi_yoy,Core CPI (YoY),ridge,balance_of_trade_lag6,0.001852860373938855
BOC,inflation,core_cpi_yoy,Core CPI (YoY),ridge,exports_ma3,0.0012729832932965404
BOC,inflation,core_cpi_yoy,Core CPI (YoY),ridge,cfib_business_barometer_ma3,0.001142628238312834
BOC,inflation,core_cpi_yoy,Core CPI (YoY),random_forest,new_housing_price_index_yoy_lag6,0.37685919181776933
BOC,inflation,core_cpi_yoy,Core CPI (YoY),random_forest,target_current,0.24512553156393702
BOC,inflation,core_cpi_yoy,Core CPI (YoY),random_forest,cpi_headline_yoy_lag1,0.09373182155416122
BOC,inflation,core_cpi_yoy,Core CPI (YoY),random_forest,ppi_yoy_lag3,0.048912388805639015
BOC,inflation,core_cpi_yoy,Core CPI (YoY),random_forest,ppi_yoy_ma6,0.04220564271575667
BOC,inflation,core_cpi_yoy,Core CPI (YoY),random_forest,ppi_yoy_lag6,0.03983121576321302
BOC,inflation,core_cpi_yoy,Core CPI (YoY),random_forest,balance_of_trade_ma6,0.03100194120993676
BOC,inflation,core_cpi_yoy,Core CPI (YoY),random_forest,target_lag1,0.023658748280209082
BOC,inflation,core_cpi_yoy,Core CPI (YoY),random_forest,cpi_headline_yoy_ma3,0.01572898764595508
BOC,inflation,core_cpi_yoy,Core CPI (YoY),random_forest,exports_ma3,0.011410654890617978
BOC,inflation,core_cpi_yoy,Core CPI (YoY),random_forest,retail_sales_yoy_ma3,0.00989165724026094
BOC,inflation,core_cpi_yoy,Core CPI (YoY),random_forest,exports_lag1,0.009058077857211449
BOC,inflation,core_cpi_yoy,Core CPI (YoY),random_forest,cpi_headline_mom_ma3,0.004519476085882358
BOC,inflation,core_cpi_yoy,Core CPI (YoY),random_forest,cpi_headline_yoy_lag3,0.0041464317796079215
BOC,inflation,core_cpi_yoy,Core CPI (YoY),random_forest,ppi_yoy_ma3,0.004055220945418781
BOC,inflation,core_cpi_yoy,Core CPI (YoY),random_forest,cpi_headline_mom_ma6,0.0036583412036381466
BOC,inflation,core_cpi_yoy,Core CPI (YoY),random_forest,ppi_mom_lag6,0.003183327129238242
BOC,inflation,core_cpi_yoy,Core CPI (YoY),random_forest,balance_of_trade_lag3,0.0023145797182384307
BOC,inflation,core_cpi_yoy,Core CPI (YoY),random_forest,budget_balance_lag1,0.001957802214937313
BOC,inflation,core_cpi_yoy,Core CPI (YoY),random_forest,ppi_yoy_lag1,0.0019483884515627394
BOC,inflation,core_cpi_yoy,Core CPI (YoY),random_forest,budget_balance_ma3,0.0018637095122086072
BOC,inflation,core_cpi_yoy,Core CPI (YoY),random_forest,budget_balance_ma6,0.0018335827746605547
BOC,inflation,core_cpi_yoy,Core CPI (YoY),random_forest,raw_materials_prices_mom_ma6,0.0016315982949591933
BOC,inflation,core_cpi_yoy,Core CPI (YoY),random_forest,balance_of_trade_lag6,0.0016097722731713115
BOC,inflation,core_cpi_yoy,Core CPI (YoY),random_forest,ppi_mom_ma6,0.00149691002692736
BOC,inflation,core_cpi_yoy,Core CPI (YoY),random_forest,unemployment_rate_lag6,0.0013998776929548355
BOC,inflation,core_cpi_yoy,Core CPI (YoY),random_forest,retail_sales_yoy_lag3,0.0013309158132629117
BOC,inflation,core_cpi_yoy,Core CPI (YoY),random_forest,balance_of_trade_ma3,0.0012999823490065265
BOC,inflation,core_cpi_yoy,Core CPI (YoY),random_forest,exports_lag3,0.001279954649484474
BOC,inflation,core_cpi_yoy,Core CPI (YoY),random_forest,cpi_headline_mom_lag3,0.0011447232695501143
BOC,inflation,core_cpi_yoy,Core CPI (YoY),random_forest,balance_of_trade_lag1,0.0010364252941861994
BOC,inflation,core_cpi_yoy,Core CPI (YoY),random_forest,cfib_business_barometer_lag3,0.0007261245718004557
BOC,inflation,core_cpi_yoy,Core CPI (YoY),random_forest,unemployment_rate_lag1,0.0007013170187207037
BOC,inflation,core_cpi_yoy,Core CPI (YoY),random_forest,exports_ma6,0.0006961122275704357
BOC,inflation,core_cpi_yoy,Core CPI (YoY),random_forest,retail_sales_yoy_ma6,0.0006670355674818296
BOC,inflation,core_cpi_yoy,Core CPI (YoY),random_forest,ppi_yoy_lag1_x_ppi_yoy_lag3,0.0006551189768245423
BOC,inflation,core_cpi_yoy,Core CPI (YoY),random_forest,unemployment_rate_ma3,0.0005184944319755866
BOC,inflation,core_cpi_yoy,Core CPI (YoY),random_forest,raw_materials_prices_mom_lag6,0.00046875007117660946
BOC,inflation,core_cpi_yoy,Core CPI (YoY),random_forest,raw_materials_prices_mom_lag1,0.0004217864735624663
BOC,inflation,core_cpi_yoy,Core CPI (YoY),random_forest,manufacturing_pmi_lag1,0.00041807099400104937
BOC,inflation,core_cpi_yoy,Core CPI (YoY),random_forest,new_housing_price_index_yoy_lag1,0.00040611028993766665
BOC,inflation,core_cpi_yoy,Core CPI (YoY),random_forest,cpi_headline_yoy_lag6,0.0003699689429018609
BOC,inflation,core_cpi_yoy,Core CPI (YoY),random_forest,cfib_business_barometer_ma3,0.00036782514594854845
BOC,inflation,core_cpi_yoy,Core CPI (YoY),random_forest,ppi_mom_lag3,0.000366662237485238
BOC,inflation,core_cpi_yoy,Core CPI (YoY),random_forest,exports_lag6,0.0003382230701897349
BOC,inflation,core_cpi_yoy,Core CPI (YoY),random_forest,cpi_headline_mom_lag1,0.0003187576670085204
BOC,inflation,core_cpi_yoy,Core CPI (YoY),random_forest,raw_materials_prices_mom_lag3,0.00030544970617531306
BOC,inflation,core_cpi_yoy,Core CPI (YoY),random_forest,cpi_headline_yoy_ma6,0.0002823430634497573
BOC,inflation,core_cpi_yoy,Core CPI (YoY),random_forest,new_housing_price_index_yoy_lag3,0.00026057884456229366
BOC,inflation,core_cpi_yoy,Core CPI (YoY),random_forest,new_housing_price_index_yoy_ma6,0.00024627641790623335
BOC,inflation,core_cpi_yoy,Core CPI (YoY),random_forest,retail_sales_yoy_lag6,0.00023044215099109628
BOC,inflation,core_cpi_yoy,Core CPI (YoY),random_forest,ppi_mom_ma3,0.0002136710951515505
BOC,inflation,core_cpi_yoy,Core CPI (YoY),random_forest,manufacturing_pmi_lag3,0.00017666317862862383
BOC,inflation,core_cpi_yoy,Core CPI (YoY),random_forest,unemployment_rate_ma6,0.00016402656003038535
BOC,inflation,core_cpi_yoy,Core CPI (YoY),random_forest,retail_sales_yoy_lag1,0.0001556321920379066
BOC,inflation,core_cpi_yoy,Core CPI (YoY),random_forest,budget_balance_lag6,0.00015095347309007436
BOC,inflation,core_cpi_yoy,Core CPI (YoY),random_forest,core_cpi_mom_lag3,0.0001462490713918965
BOC,inflation,core_cpi_yoy,Core CPI (YoY),random_forest,new_housing_price_index_yoy_ma3,0.0001272490214229537
BOC,inflation,core_cpi_yoy,Core CPI (YoY),random_forest,manufacturing_pmi_ma3,0.0001215292218768531
BOC,inflation,core_cpi_yoy,Core CPI (YoY),random_forest,cpi_headline_mom_lag6,0.00010573585967858762
BOC,inflation,core_cpi_yoy,Core CPI (YoY),random_forest,cfib_business_barometer_lag1,9.370473777429444e-05
BOC,inflation,core_cpi_yoy,Core CPI (YoY),random_forest,unemployment_rate_lag3,8.907444615816196e-05
BOC,inflation,core_cpi_yoy,Core CPI (YoY),random_forest,budget_balance_lag3,8.589275556256103e-05
BOC,inflation,core_cpi_yoy,Core CPI (YoY),random_forest,manufacturing_pmi_ma6,7.899490378161222e-05
BOC,inflation,core_cpi_yoy,Core CPI (YoY),random_forest,core_cpi_mom_ma3,7.33649101778203e-05
BOC,inflation,core_cpi_yoy,Core CPI (YoY),random_forest,cfib_business_barometer_ma6,7.291720054724939e-05
BOC,inflation,core_cpi_yoy,Core CPI (YoY),random_forest,ppi_mom_lag1,6.733909344758128e-05
BOC,inflation,core_cpi_yoy,Core CPI (YoY),random_forest,cfib_business_barometer_lag6,6.668860861560882e-05
BOC,inflation,core_cpi_yoy,Core CPI (YoY),random_forest,target_ma3,5.85100740595862e-05
BOC,inflation,core_cpi_yoy,Core CPI (YoY),random_forest,raw_materials_prices_mom_ma3,2.6045586027938472e-05
BOC,inflation,core_cpi_yoy,Core CPI (YoY),random_forest,core_cpi_mom_lag1,2.259159972486116e-05
BOC,inflation,core_cpi_yoy,Core CPI (YoY),random_forest,manufacturing_pmi_lag6,1.0839717580417921e-05
BOC,inflation,core_cpi_yoy,Core CPI (YoY),random_forest,core_cpi_mom_lag6,0.0
BOC,inflation,core_cpi_yoy,Core CPI (YoY),random_forest,core_cpi_mom_ma6,0.0
BOC,gdp_growth,gdp_mom,GDP (MoM),ridge,manufacturing_pmi_lag6,0.05061051899398812
BOC,gdp_growth,gdp_mom,GDP (MoM),ridge,target_current,0.04863111126454711
BOC,gdp_growth,gdp_mom,GDP (MoM),ridge,retail_sales_ex_autos_mom_ma3,0.03827145008618669
BOC,gdp_growth,gdp_mom,GDP (MoM),ridge,part_time_employment_change_lag1,0.03439872526594645
BOC,gdp_growth,gdp_mom,GDP (MoM),ridge,manufacturing_sales_mom_ma6,0.03300385093282648
BOC,gdp_growth,gdp_mom,GDP (MoM),ridge,retail_sales_ex_autos_mom_lag1,0.032295921764652596
BOC,gdp_growth,gdp_mom,GDP (MoM),ridge,retail_sales_ex_autos_mom_ma6,0.030790218114240844
BOC,gdp_growth,gdp_mom,GDP (MoM),ridge,target_lag1,0.030657010207126977
BOC,gdp_growth,gdp_mom,GDP (MoM),ridge,employment_change_lag1,0.03063593536442447
BOC,gdp_growth,gdp_mom,GDP (MoM),ridge,part_time_employment_change_ma6,0.030041905064606432
BOC,gdp_growth,gdp_mom,GDP (MoM),ridge,cpi_headline_mom_lag1,0.02956653507127876
BOC,gdp_growth,gdp_mom,GDP (MoM),ridge,wholesale_sales_mom_lag1,0.029298508406842574
BOC,gdp_growth,gdp_mom,GDP (MoM),ridge,cfib_business_barometer_lag1,0.028593452820952894
BOC,gdp_growth,gdp_mom,GDP (MoM),ridge,employment_change_ma6,0.02782013395990124
BOC,gdp_growth,gdp_mom,GDP (MoM),ridge,ivey_pmi_sa_lag6,0.02777185084965809
BOC,gdp_growth,gdp_mom,GDP (MoM),ridge,manufacturing_sales_mom_lag6,0.023567797130671437
BOC,gdp_growth,gdp_mom,GDP (MoM),ridge,ivey_pmi_sa_lag1,0.022584713183623106
BOC,gdp_growth,gdp_mom,GDP (MoM),ridge,manufacturing_sales_mom_ma3,0.021819234787876514
BOC,gdp_growth,gdp_mom,GDP (MoM),ridge,manufacturing_sales_mom_lag1,0.02174708451790371
BOC,gdp_growth,gdp_mom,GDP (MoM),ridge,retail_sales_ex_autos_mom_lag3,0.019978295412512916
BOC,gdp_growth,gdp_mom,GDP (MoM),ridge,raw_materials_prices_mom_lag3,0.018488839853665038
BOC,gdp_growth,gdp_mom,GDP (MoM),ridge,retail_sales_yoy_lag3,0.017755795276973286
BOC,gdp_growth,gdp_mom,GDP (MoM),ridge,employment_change_ma3,0.014876667896164613
BOC,gdp_growth,gdp_mom,GDP (MoM),ridge,budget_balance_ma3,0.0136763995159168
BOC,gdp_growth,gdp_mom,GDP (MoM),ridge,retail_sales_yoy_ma3,0.013074280369976316
BOC,gdp_growth,gdp_mom,GDP (MoM),ridge,manufacturing_pmi_ma6,0.012859301928803411
BOC,gdp_growth,gdp_mom,GDP (MoM),ridge,budget_balance_ma6,0.012521476281662192
BOC,gdp_growth,gdp_mom,GDP (MoM),ridge,wholesale_sales_mom_ma6,0.012195993521062348
BOC,gdp_growth,gdp_mom,GDP (MoM),ridge,raw_materials_prices_mom_ma3,0.011553259985638435
BOC,gdp_growth,gdp_mom,GDP (MoM),ridge,budget_balance_lag6,0.011472383913412716
BOC,gdp_growth,gdp_mom,GDP (MoM),ridge,wholesale_sales_mom_ma3,0.011303611875514926
BOC,gdp_growth,gdp_mom,GDP (MoM),ridge,cpi_headline_mom_ma6,0.010633882179024062
BOC,gdp_growth,gdp_mom,GDP (MoM),ridge,manufacturing_pmi_lag1,0.010062085773217615
BOC,gdp_growth,gdp_mom,GDP (MoM),ridge,new_motor_vehicle_sales_ma3,0.009868908280038629
BOC,gdp_growth,gdp_mom,GDP (MoM),ridge,retail_sales_yoy_lag6,0.009830882623337605
BOC,gdp_growth,gdp_mom,GDP (MoM),ridge,retail_sales_ex_autos_mom_lag6,0.009673291509325476
BOC,gdp_growth,gdp_mom,GDP (MoM),ridge,ivey_pmi_sa_lag3,0.009280799526479764
BOC,gdp_growth,gdp_mom,GDP (MoM),ridge,employment_change_lag6,0.009271111025526626
BOC,gdp_growth,gdp_mom,GDP (MoM),ridge,target_ma3,0.00887912057858694
BOC,gdp_growth,gdp_mom,GDP (MoM),ridge,part_time_employment_change_lag3,0.008765310854740718
BOC,gdp_growth,gdp_mom,GDP (MoM),ridge,budget_balance_lag1,0.008641051645564812
BOC,gdp_growth,gdp_mom,GDP (MoM),ridge,new_motor_vehicle_sales_lag1,0.008043363638908384
BOC,gdp_growth,gdp_mom,GDP (MoM),ridge,wholesale_sales_mom_lag6,0.00787336566694363
BOC,gdp_growth,gdp_mom,GDP (MoM),ridge,raw_materials_prices_mom_lag1,0.007729551460144523
BOC,gdp_growth,gdp_mom,GDP (MoM),ridge,cpi_headline_mom_lag6,0.007696404904003078
BOC,gdp_growth,gdp_mom,GDP (MoM),ridge,manufacturing_pmi_lag3,0.007077121343697296
BOC,gdp_growth,gdp_mom,GDP (MoM),ridge,new_motor_vehicle_sales_ma6,0.007062863854195906
BOC,gdp_growth,gdp_mom,GDP (MoM),ridge,cpi_headline_mom_ma3,0.007026227926902518
BOC,gdp_growth,gdp_mom,GDP (MoM),ridge,new_motor_vehicle_sales_lag6,0.006995988280016638
BOC,gdp_growth,gdp_mom,GDP (MoM),ridge,retail_sales_yoy_lag1,0.006309959561431828
BOC,gdp_growth,gdp_mom,GDP (MoM),ridge,retail_sales_yoy_ma6,0.006256598038392488
BOC,gdp_growth,gdp_mom,GDP (MoM),ridge,services_pmi_lag1,0.006041251000216536
BOC,gdp_growth,gdp_mom,GDP (MoM),ridge,cpi_headline_mom_lag3,0.00604108797485739
BOC,gdp_growth,gdp_mom,GDP (MoM),ridge,cfib_business_barometer_lag6,0.0059809805458936076
BOC,gdp_growth,gdp_mom,GDP (MoM),ridge,raw_materials_prices_mom_ma6,0.005840303687919092
BOC,gdp_growth,gdp_mom,GDP (MoM),ridge,services_pmi_ma6,0.004899293301745868
BOC,gdp_growth,gdp_mom,GDP (MoM),ridge,budget_balance_lag2,0.004353338744296318
BOC,gdp_growth,gdp_mom,GDP (MoM),ridge,cfib_business_barometer_ma6,0.003890612626813632
BOC,gdp_growth,gdp_mom,GDP (MoM),ridge,services_pmi_lag2,0.003780860899040492
BOC,gdp_growth,gdp_mom,GDP (MoM),ridge,part_time_employment_change_ma3,0.0037619476578943816
BOC,gdp_growth,gdp_mom,GDP (MoM),ridge,new_motor_vehicle_sales_lag3,0.003554287587294662
BOC,gdp_growth,gdp_mom,GDP (MoM),ridge,manufacturing_pmi_ma3,0.003550292843527856
BOC,gdp_growth,gdp_mom,GDP (MoM),ridge,ivey_pmi_sa_ma3,0.003382028499160304
BOC,gdp_growth,gdp_mom,GDP (MoM),ridge,manufacturing_sales_mom_lag1_x_manufacturing_sales_mom_lag3,0.003362227793062713
BOC,gdp_growth,gdp_mom,GDP (MoM),ridge,services_pmi_lag3,0.003137854503171736
BOC,gdp_growth,gdp_mom,GDP (MoM),ridge,services_pmi_ma3,0.0022124562791816975
BOC,gdp_growth,gdp_mom,GDP (MoM),ridge,budget_balance_lag3,0.0018341561857869134
BOC,gdp_growth,gdp_mom,GDP (MoM),ridge,employment_change_lag3,0.0016777615402979575
BOC,gdp_growth,gdp_mom,GDP (MoM),ridge,cfib_business_barometer_lag3,0.0015426852117808578
BOC,gdp_growth,gdp_mom,GDP (MoM),ridge,cfib_business_barometer_ma3,0.0009929212945328002
BOC,gdp_growth,gdp_mom,GDP (MoM),ridge,part_time_employment_change_lag6,0.0004619501267275862
BOC,gdp_growth,gdp_mom,GDP (MoM),ridge,ivey_pmi_sa_ma6,0.00040814291535606537
BOC,gdp_growth,gdp_mom,GDP (MoM),ridge,wholesale_sales_mom_lag3,0.00022116445012899396
BOC,gdp_growth,gdp_mom,GDP (MoM),ridge,manufacturing_sales_mom_lag3,0.00018831212837020262
BOC,gdp_growth,gdp_mom,GDP (MoM),ridge,raw_materials_prices_mom_lag6,4.392991390647625e-05
BOC,gdp_growth,gdp_mom,GDP (MoM),ridge,services_pmi_lag6,0.0
BOC,gdp_growth,gdp_mom,GDP (MoM),random_forest,budget_balance_ma6,0.3467048120820146
BOC,gdp_growth,gdp_mom,GDP (MoM),random_forest,target_current,0.15512901744172458
BOC,gdp_growth,gdp_mom,GDP (MoM),random_forest,part_time_employment_change_ma6,0.052104622147322664
BOC,gdp_growth,gdp_mom,GDP (MoM),random_forest,employment_change_ma3,0.05010412578493894
BOC,gdp_growth,gdp_mom,GDP (MoM),random_forest,manufacturing_sales_mom_ma6,0.037549217549384006
BOC,gdp_growth,gdp_mom,GDP (MoM),random_forest,part_time_employment_change_ma3,0.03400234779034777
BOC,gdp_growth,gdp_mom,GDP (MoM),random_forest,budget_balance_ma3,0.03367686016677484
BOC,gdp_growth,gdp_mom,GDP (MoM),random_forest,retail_sales_yoy_lag1,0.0322448006335591
BOC,gdp_growth,gdp_mom,GDP (MoM),random_forest,manufacturing_sales_mom_ma3,0.031148253322398255
BOC,gdp_growth,gdp_mom,GDP (MoM),random_forest,retail_sales_yoy_ma3,0.024451383465711008
BOC,gdp_growth,gdp_mom,GDP (MoM),random_forest,raw_materials_prices_mom_ma3,0.019531315864402748
BOC,gdp_growth,gdp_mom,GDP (MoM),random_forest,target_ma3,0.01763152692947875
BOC,gdp_growth,gdp_mom,GDP (MoM),random_forest,wholesale_sales_mom_ma6,0.01569765138032742
BOC,gdp_growth,gdp_mom,GDP (MoM),random_forest,ivey_pmi_sa_lag1,0.01401080207517696
BOC,gdp_growth,gdp_mom,GDP (MoM),random_forest,ivey_pmi_sa_ma6,0.009990934521760832
BOC,gdp_growth,gdp_mom,GDP (MoM),random_forest,employment_change_lag1,0.009420382009564085
BOC,gdp_growth,gdp_mom,GDP (MoM),random_forest,ivey_pmi_sa_ma3,0.00936024113896387
BOC,gdp_growth,gdp_mom,GDP (MoM),random_forest,employment_change_ma6,0.007794544192930802
BOC,gdp_growth,gdp_mom,GDP (MoM),random_forest,raw_materials_prices_mom_lag1,0.0077653761920410585
BOC,gdp_growth,gdp_mom,GDP (MoM),random_forest,wholesale_sales_mom_lag1,0.006984062833727254
BOC,gdp_growth,gdp_mom,GDP (MoM),random_forest,cpi_headline_mom_ma3,0.006773090325547425
BOC,gdp_growth,gdp_mom,GDP (MoM),random_forest,budget_balance_lag1,0.005915961072490687
BOC,gdp_growth,gdp_mom,GDP (MoM),random_forest,new_motor_vehicle_sales_ma6,0.005211311813270971
BOC,gdp_growth,gdp_mom,GDP (MoM),random_forest,target_lag1,0.005173439657774752
BOC,gdp_growth,gdp_mom,GDP (MoM),random_forest,manufacturing_sales_mom_lag1,0.005011914473820203
BOC,gdp_growth,gdp_mom,GDP (MoM),random_forest,retail_sales_yoy_lag6,0.00452705605998274
BOC,gdp_growth,gdp_mom,GDP (MoM),random_forest,retail_sales_ex_autos_mom_lag1,0.004162193533643563
BOC,gdp_growth,gdp_mom,GDP (MoM),random_forest,cpi_headline_mom_ma6,0.0040412171786151935
BOC,gdp_growth,gdp_mom,GDP (MoM),random_forest,raw_materials_prices_mom_ma6,0.003326703259471402
BOC,gdp_growth,gdp_mom,GDP (MoM),random_forest,part_time_employment_change_lag3,0.0029779471273631295
BOC,gdp_growth,gdp_mom,GDP (MoM),random_forest,ivey_pmi_sa_lag6,0.0026169730423665715
BOC,gdp_growth,gdp_mom,GDP (MoM),random_forest,raw_materials_prices_mom_lag3,0.0024492742337354143
BOC,gdp_growth,gdp_mom,GDP (MoM),random_forest,retail_sales_yoy_lag3,0.002437961032406202
BOC,gdp_growth,gdp_mom,GDP (MoM),random_forest,part_time_employment_change_lag1,0.0023447823137715765
BOC,gdp_growth,gdp_mom,GDP (MoM),random_forest,employment_change_lag6,0.002200838216946922
BOC,gdp_growth,gdp_mom,GDP (MoM),random_forest,new_motor_vehicle_sales_lag1,0.0021796899947145684
BOC,gdp_growth,gdp_mom,GDP (MoM),random_forest,new_motor_vehicle_sales_lag3,0.002133764833206767
BOC,gdp_growth,gdp_mom,GDP (MoM),random_forest,wholesale_sales_mom_ma3,0.0020455421849652905
BOC,gdp_growth,gdp_mom,GDP (MoM),random_forest,new_motor_vehicle_sales_lag6,0.0019185511122008884
BOC,gdp_growth,gdp_mom,GDP (MoM),random_forest,employment_change_lag3,0.0019048239176703687
BOC,gdp_growth,gdp_mom,GDP (MoM),random_forest,cpi_headline_mom_lag1,0.0016920989291944097
BOC,gdp_growth,gdp_mom,GDP (MoM),random_forest,manufacturing_sales_mom_lag3,0.001681472462214726
BOC,gdp_growth,gdp_mom,GDP (MoM),random_forest,cfib_business_barometer_lag1,0.001641214074645544
BOC,gdp_growth,gdp_mom,GDP (MoM),random_forest,budget_balance_lag6,0.001335523096022477
BOC,gdp_growth,gdp_mom,GDP (MoM),random_forest,wholesale_sales_mom_lag3,0.0013187112731957798
BOC,gdp_growth,gdp_mom,GDP (MoM),random_forest,retail_sales_yoy_ma6,0.0010111555399960521
BOC,gdp_growth,gdp_mom,GDP (MoM),random_forest,wholesale_sales_mom_lag6,0.0008321069519858572
BOC,gdp_growth,gdp_mom,GDP (MoM),random_forest,ivey_pmi_sa_lag3,0.0008301095983122679
BOC,gdp_growth,gdp_mom,GDP (MoM),random_forest,manufacturing_sales_mom_lag6,0.0007133129309812816
BOC,gdp_growth,gdp_mom,GDP (MoM),random_forest,retail_sales_ex_autos_mom_lag3,0.0006674830505811108
BOC,gdp_growth,gdp_mom,GDP (MoM),random_forest,budget_balance_lag3,0.0006668194808362373
BOC,gdp_growth,gdp_mom,GDP (MoM),random_forest,budget_balance_lag2,0.0005497452422985747
BOC,gdp_growth,gdp_mom,GDP (MoM),random_forest,new_motor_vehicle_sales_ma3,0.0003283529360973169
BOC,gdp_growth,gdp_mom,GDP (MoM),random_forest,raw_materials_prices_mom_lag6,0.00026484651514188884
BOC,gdp_growth,gdp_mom,GDP (MoM),random_forest,retail_sales_ex_autos_mom_lag6,0.00023811686966004165
BOC,gdp_growth,gdp_mom,GDP (MoM),random_forest,part_time_employment_change_lag6,0.00023412449036157453
BOC,gdp_growth,gdp_mom,GDP (MoM),random_forest,manufacturing_sales_mom_lag1_x_manufacturing_sales_mom_lag3,0.00021707836035289826
BOC,gdp_growth,gdp_mom,GDP (MoM),random_forest,retail_sales_ex_autos_mom_ma3,0.0002148559795031985
BOC,gdp_growth,gdp_mom,GDP (MoM),random_forest,manufacturing_pmi_lag1,0.0001791480240948407
BOC,gdp_growth,gdp_mom,GDP (MoM),random_forest,manufacturing_pmi_ma3,0.0001700875202057901
BOC,gdp_growth,gdp_mom,GDP (MoM),random_forest,cfib_business_barometer_ma6,0.00016707258018926836
BOC,gdp_growth,gdp_mom,GDP (MoM),random_forest,cpi_headline_mom_lag6,0.00012138635258146697
BOC,gdp_growth,gdp_mom,GDP (MoM),random_forest,cpi_headline_mom_lag3,6.701392254753422e-05
BOC,gdp_growth,gdp_mom,GDP (MoM),random_forest,cfib_business_barometer_lag3,5.349593715577299e-05
BOC,gdp_growth,gdp_mom,GDP (MoM),random_forest,cfib_business_barometer_lag6,4.6032558921904374e-05
BOC,gdp_growth,gdp_mom,GDP (MoM),random_forest,manufacturing_pmi_ma6,3.395088568855934e-05
BOC,gdp_growth,gdp_mom,GDP (MoM),random_forest,manufacturing_pmi_lag6,2.7176459628233354e-05
BOC,gdp_growth,gdp_mom,GDP (MoM),random_forest,retail_sales_ex_autos_mom_ma6,2.053634820041798e-05
BOC,gdp_growth,gdp_mom,GDP (MoM),random_forest,cfib_business_barometer_ma3,1.4691223160650263e-05
BOC,gdp_growth,gdp_mom,GDP (MoM),random_forest,manufacturing_pmi_lag3,6.967499730107348e-06
BOC,gdp_growth,gdp_mom,GDP (MoM),random_forest,services_pmi_lag1,0.0
BOC,gdp_growth,gdp_mom,GDP (MoM),random_forest,services_pmi_lag2,0.0
BOC,gdp_growth,gdp_mom,GDP (MoM),random_forest,services_pmi_lag3,0.0
BOC,gdp_growth,gdp_mom,GDP (MoM),random_forest,services_pmi_lag6,0.0
BOC,gdp_growth,gdp_mom,GDP (MoM),random_forest,services_pmi_ma3,0.0
BOC,gdp_growth,gdp_mom,GDP (MoM),random_forest,services_pmi_ma6,0.0
BOC,unemployment,unemployment_rate,Unemployment Rate,ridge,target_current,0.0843894816275614
BOC,unemployment,unemployment_rate,Unemployment Rate,ridge,raw_materials_prices_mom_ma6,0.05938051603216258
BOC,unemployment,unemployment_rate,Unemployment Rate,ridge,budget_balance_ma6,0.04090544499911454
BOC,unemployment,unemployment_rate,Unemployment Rate,ridge,raw_materials_prices_mom_ma3,0.03848778911426243
BOC,unemployment,unemployment_rate,Unemployment Rate,ridge,exports_lag3,0.038362286989782175
BOC,unemployment,unemployment_rate,Unemployment Rate,ridge,balance_of_trade_ma6,0.037529886943926935
BOC,unemployment,unemployment_rate,Unemployment Rate,ridge,ivey_pmi_sa_ma3,0.032932554703906776
BOC,unemployment,unemployment_rate,Unemployment Rate,ridge,exports_ma6,0.03141864475809215
BOC,unemployment,unemployment_rate,Unemployment Rate,ridge,exports_ma3,0.029751596553880596
BOC,unemployment,unemployment_rate,Unemployment Rate,ridge,new_housing_price_index_mom_lag3,0.026006702123611166
BOC,unemployment,unemployment_rate,Unemployment Rate,ridge,cpi_headline_yoy_lag3,0.023793941627504457
BOC,unemployment,unemployment_rate,Unemployment Rate,ridge,raw_materials_prices_mom_lag1,0.023511903597158903
BOC,unemployment,unemployment_rate,Unemployment Rate,ridge,cpi_headline_mom_lag1,0.023292552345731854
BOC,unemployment,unemployment_rate,Unemployment Rate,ridge,balance_of_trade_lag1,0.023236777033565175
BOC,unemployment,unemployment_rate,Unemployment Rate,ridge,full_time_employment_change_lag1,0.02250363908924966
BOC,unemployment,unemployment_rate,Unemployment Rate,ridge,cfib_business_barometer_lag1,0.02086131480170819
BOC,unemployment,unemployment_rate,Unemployment Rate,ridge,full_time_employment_change_lag3,0.018429276060519747
BOC,unemployment,unemployment_rate,Unemployment Rate,ridge,retail_sales_yoy_lag6,0.01738152731001625
BOC,unemployment,unemployment_rate,Unemployment Rate,ridge,cpi_headline_yoy_ma6,0.016050164588410794
BOC,unemployment,unemployment_rate,Unemployment Rate,ridge,cpi_headline_mom_ma3,0.015789423355241722
BOC,unemployment,unemployment_rate,Unemployment Rate,ridge,exports_lag1,0.015262600323122062
BOC,unemployment,unemployment_rate,Unemployment Rate,ridge,exports_lag1_x_exports_lag3,0.01450357782684032
BOC,unemployment,unemployment_rate,Unemployment Rate,ridge,cpi_headline_mom_lag6,0.014446853779326769
BOC,unemployment,unemployment_rate,Unemployment Rate,ridge,new_housing_price_index_mom_lag1,0.01425698031043545
BOC,unemployment,unemployment_rate,Unemployment Rate,ridge,ivey_pmi_sa_ma6,0.014111423437780728
BOC,unemployment,unemployment_rate,Unemployment Rate,ridge,ivey_pmi_sa_lag6,0.013500241880520202
BOC,unemployment,unemployment_rate,Unemployment Rate,ridge,full_time_employment_change_ma3,0.012998423624242311
BOC,unemployment,unemployment_rate,Unemployment Rate,ridge,cfib_business_barometer_lag6,0.012318543066558463
BOC,unemployment,unemployment_rate,Unemployment Rate,ridge,exports_lag6,0.012199133099078024
BOC,unemployment,unemployment_rate,Unemployment Rate,ridge,new_housing_price_index_mom_ma6,0.011702329211907002
BOC,unemployment,unemployment_rate,Unemployment Rate,ridge,target_ma3,0.010929853493086464
BOC,unemployment,unemployment_rate,Unemployment Rate,ridge,ppi_yoy_ma6,0.009715879014830734
BOC,unemployment,unemployment_rate,Unemployment Rate,ridge,part_time_employment_change_ma3,0.009699225865594279
BOC,unemployment,unemployment_rate,Unemployment Rate,ridge,ppi_yoy_ma3,0.009555541001047005
BOC,unemployment,unemployment_rate,Unemployment Rate,ridge,retail_sales_yoy_lag1,0.009461605005907951
BOC,unemployment,unemployment_rate,Unemployment Rate,ridge,ivey_pmi_sa_lag3,0.009090046849305063
BOC,unemployment,unemployment_rate,Unemployment Rate,ridge,budget_balance_lag6,0.00884182743685403
BOC,unemployment,unemployment_rate,Unemployment Rate,ridge,full_time_employment_change_ma6,0.008818515919780551
BOC,unemployment,unemployment_rate,Unemployment Rate,ridge,manufacturing_pmi_lag1,0.008325905180158725
BOC,unemployment,unemployment_rate,Unemployment Rate,ridge,ppi_yoy_lag1,0.007787277403953017
BOC,unemployment,unemployment_rate,Unemployment Rate,ridge,cpi_headline_mom_ma6,0.007696515407328285
BOC,unemployment,unemployment_rate,Unemployment Rate,ridge,part_time_employment_change_lag3,0.00756792891911854
BOC,unemployment,unemployment_rate,Unemployment Rate,ridge,cfib_business_barometer_lag3,0.00727557270532342
BOC,unemployment,unemployment_rate,Unemployment Rate,ridge,balance_of_trade_lag6,0.0071045178238942994
BOC,unemployment,unemployment_rate,Unemployment Rate,ridge,new_housing_price_index_mom_lag6,0.0069850493261631305
BOC,unemployment,unemployment_rate,Unemployment Rate,ridge,part_time_employment_change_ma6,0.0069832615047693385
BOC,unemployment,unemployment_rate,Unemployment Rate,ridge,budget_balance_lag1,0.006744545533488131
BOC,unemployment,unemployment_rate,Unemployment Rate,ridge,part_time_employment_change_lag1,0.006645433438587654
BOC,unemployment,unemployment_rate,Unemployment Rate,ridge,ivey_pmi_sa_lag1,0.006270702439119748
BOC,unemployment,unemployment_rate,Unemployment Rate,ridge,budget_balance_lag3,0.006213049183421664
BOC,unemployment,unemployment_rate,Unemployment Rate,ridge,cfib_business_barometer_ma6,0.006029884286763757
BOC,unemployment,unemployment_rate,Unemployment Rate,ridge,balance_of_trade_ma3,0.005708362395642507
BOC,unemployment,unemployment_rate,Unemployment Rate,ridge,retail_sales_yoy_lag3,0.005166549862299416
BOC,unemployment,unemployment_rate,Unemployment Rate,ridge,retail_sales_yoy_ma3,0.004923729332301606
BOC,unemployment,unemployment_rate,Unemployment Rate,ridge,cpi_headline_yoy_ma3,0.004669380346557033
BOC,unemployment,unemployment_rate,Unemployment Rate,ridge,part_time_employment_change_lag6,0.00448170343179582
BOC,unemployment,unemployment_rate,Unemployment Rate,ridge,target_lag1,0.004459954155013187
BOC,unemployment,unemployment_rate,Unemployment Rate,ridge,manufacturing_pmi_lag6,0.004407413060998389
BOC,unemployment,unemployment_rate,Unemployment Rate,ridge,ppi_yoy_lag6,0.004389606620746458
BOC,unemployment,unemployment_rate,Unemployment Rate,ridge,cpi_headline_yoy_lag6,0.004249489964408321
BOC,unemployment,unemployment_rate,Unemployment Rate,ridge,new_housing_price_index_mom_ma3,0.003799192221674596
BOC,unemployment,unemployment_rate,Unemployment Rate,ridge,balance_of_trade_lag3,0.0036507426082829975
BOC,unemployment,unemployment_rate,Unemployment Rate,ridge,raw_materials_prices_mom_lag3,0.0035577837711681776
BOC,unemployment,unemployment_rate,Unemployment Rate,ridge,manufacturing_pmi_ma3,0.0026547634985310863
BOC,unemployment,unemployment_rate,Unemployment Rate,ridge,raw_materials_prices_mom_lag6,0.0025210425015263238
BOC,unemployment,unemployment_rate,Unemployment Rate,ridge,ppi_yoy_lag3,0.0025155603867465797
BOC,unemployment,unemployment_rate,Unemployment Rate,ridge,budget_balance_ma3,0.002324519056848931
BOC,unemployment,unemployment_rate,Unemployment Rate,ridge,manufacturing_pmi_lag3,0.002084381877989427
BOC,unemployment,unemployment_rate,Unemployment Rate,ridge,cpi_headline_yoy_lag1,0.0018467675988796824
BOC,unemployment,unemployment_rate,Unemployment Rate,ridge,full_time_employment_change_lag6,0.0018332045117619511
BOC,unemployment,unemployment_rate,Unemployment Rate,ridge,manufacturing_pmi_ma6,0.0011826974954498996
BOC,unemployment,unemployment_rate,Unemployment Rate,ridge,retail_sales_yoy_ma6,0.0011421480387545468
BOC,unemployment,unemployment_rate,Unemployment Rate,ridge,cfib_business_barometer_ma3,0.0009708988207288977
BOC,unemployment,unemployment_rate,Unemployment Rate,ridge,cpi_headline_mom_lag3,0.000402440488179668
BOC,unemployment,unemployment_rate,Unemployment Rate,random_forest,exports_lag1_x_exports_lag3,0.2052364482131246
BOC,unemployment,unemployment_rate,Unemployment Rate,random_forest,cpi_headline_yoy_lag3,0.11979757394111781
BOC,unemployment,unemployment_rate,Unemployment Rate,random_forest,exports_ma3,0.08880826176829393
BOC,unemployment,unemployment_rate,Unemployment Rate,random_forest,exports_lag1,0.08584363467796789
BOC,unemployment,unemployment_rate,Unemployment Rate,random_forest,exports_ma6,0.08084281685481726
BOC,unemployment,unemployment_rate,Unemployment Rate,random_forest,target_current,0.0739923291556117
BOC,unemployment,unemployment_rate,Unemployment Rate,random_forest,exports_lag3,0.050645176816160514
BOC,unemployment,unemployment_rate,Unemployment Rate,random_forest,cpi_headline_yoy_ma6,0.047861075675140155
BOC,unemployment,unemployment_rate,Unemployment Rate,random_forest,balance_of_trade_ma6,0.0462326768843582
BOC,unemployment,unemployment_rate,Unemployment Rate,random_forest,raw_materials_prices_mom_ma3,0.02722947798434685
BOC,unemployment,unemployment_rate,Unemployment Rate,random_forest,cpi_headline_yoy_ma3,0.019632759228620865
BOC,unemployment,unemployment_rate,Unemployment Rate,random_forest,full_time_employment_change_ma3,0.015383223056623447
BOC,unemployment,unemployment_rate,Unemployment Rate,random_forest,target_ma3,0.014397260445539059
BOC,unemployment,unemployment_rate,Unemployment Rate,random_forest,raw_materials_prices_mom_ma6,0.013635434283820686
BOC,unemployment,unemployment_rate,Unemployment Rate,random_forest,target_lag1,0.011611334790734703
BOC,unemployment,unemployment_rate,Unemployment Rate,random_forest,cpi_headline_yoy_lag6,0.009285553937128394
BOC,unemployment,unemployment_rate,Unemployment Rate,random_forest,budget_balance_lag3,0.009144386171793374
BOC,unemployment,unemployment_rate,Unemployment Rate,random_forest,raw_materials_prices_mom_lag3,0.0070094694921961275
BOC,unemployment,unemployment_rate,Unemployment Rate,random_forest,raw_materials_prices_mom_lag1,0.006794068078567825
BOC,unemployment,unemployment_rate,Unemployment Rate,random_forest,part_time_employment_change_ma6,0.005083207184731521
BOC,unemployment,unemployment_rate,Unemployment Rate,random_forest,retail_sales_yoy_ma6,0.004647533335953866
BOC,unemployment,unemployment_rate,Unemployment Rate,random_forest,exports_lag6,0.004207575937251484
BOC,unemployment,unemployment_rate,Unemployment Rate,random_forest,budget_balance_ma3,0.004045468372471533
BOC,unemployment,unemployment_rate,Unemployment Rate,random_forest,ivey_pmi_sa_ma3,0.003671918191738799
BOC,unemployment,unemployment_rate,Unemployment Rate,random_forest,retail_sales_yoy_lag1,0.0032271627270413954
BOC,unemployment,unemployment_rate,Unemployment Rate,random_forest,budget_balance_ma6,0.0032104091801742536
BOC,unemployment,unemployment_rate,Unemployment Rate,random_forest,full_time_employment_change_lag1,0.002747757551317432
BOC,unemployment,unemployment_rate,Unemployment Rate,random_forest,balance_of_trade_lag6,0.00273622962569012
BOC,unemployment,unemployment_rate,Unemployment Rate,random_forest,retail_sales_yoy_ma3,0.0027301096777526536
BOC,unemployment,unemployment_rate,Unemployment Rate,random_forest,ppi_yoy_lag1,0.0024888752255222673
BOC,unemployment,unemployment_rate,Unemployment Rate,random_forest,ivey_pmi_sa_ma6,0.00241857466498468
BOC,unemployment,unemployment_rate,Unemployment Rate,random_forest,budget_balance_lag6,0.0022944627862270944
BOC,unemployment,unemployment_rate,Unemployment Rate,random_forest,ppi_yoy_lag3,0.0022800785273971685
BOC,unemployment,unemployment_rate,Unemployment Rate,random_forest,cpi_headline_mom_ma3,0.0017584795173088425
BOC,unemployment,unemployment_rate,Unemployment Rate,random_forest,balance_of_trade_ma3,0.0016376434375703984
BOC,unemployment,unemployment_rate,Unemployment Rate,random_forest,new_housing_price_index_mom_ma3,0.0015390753448041902
BOC,unemployment,unemployment_rate,Unemployment Rate,random_forest,new_housing_price_index_mom_lag1,0.001415944978640215
BOC,unemployment,unemployment_rate,Unemployment Rate,random_forest,part_time_employment_change_lag3,0.0013539586689059688
BOC,unemployment,unemployment_rate,Unemployment Rate,random_forest,budget_balance_lag1,0.0010840591437666642
BOC,unemployment,unemployment_rate,Unemployment Rate,random_forest,cpi_headline_yoy_lag1,0.001062501947969864
BOC,unemployment,unemployment_rate,Unemployment Rate,random_forest,part_time_employment_change_ma3,0.0010155802253276128
BOC,unemployment,unemployment_rate,Unemployment Rate,random_forest,full_time_employment_change_ma6,0.00091612069638685
BOC,unemployment,unemployment_rate,Unemployment Rate,random_forest,full_time_employment_change_lag3,0.0009082183864004515
BOC,unemployment,unemployment_rate,Unemployment Rate,random_forest,ppi_yoy_ma3,0.0008216255979146273
BOC,unemployment,unemployment_rate,Unemployment Rate,random_forest,part_time_employment_change_lag6,0.0007522828444150184
BOC,unemployment,unemployment_rate,Unemployment Rate,random_forest,ivey_pmi_sa_lag1,0.0007325369026082956
BOC,unemployment,unemployment_rate,Unemployment Rate,random_forest,retail_sales_yoy_lag6,0.0006499557337303153
BOC,unemployment,unemployment_rate,Unemployment Rate,random_forest,cpi_headline_mom_lag3,0.0005829656113783254
BOC,unemployment,unemployment_rate,Unemployment Rate,random_forest,ppi_yoy_lag6,0.0005721060582189984
BOC,unemployment,unemployment_rate,Unemployment Rate,random_forest,full_time_employment_change_lag6,0.0005066550955728461
BOC,unemployment,unemployment_rate,Unemployment Rate,random_forest,ivey_pmi_sa_lag3,0.0005027483094943861
BOC,unemployment,unemployment_rate,Unemployment Rate,random_forest,raw_materials_prices_mom_lag6,0.00046036235548039953
BOC,unemployment,unemployment_rate,Unemployment Rate,random_forest,balance_of_trade_lag3,0.00044543483372482304
BOC,unemployment,unemployment_rate,Unemployment Rate,random_forest,ppi_yoy_ma6,0.0003890356615169483
BOC,unemployment,unemployment_rate,Unemployment Rate,random_forest,part_time_employment_change_lag1,0.0003273365782206328
BOC,unemployment,unemployment_rate,Unemployment Rate,random_forest,balance_of_trade_lag1,0.00029683058299186544
BOC,unemployment,unemployment_rate,Unemployment Rate,random_forest,cpi_headline_mom_lag6,0.00028309489473149095
BOC,unemployment,unemployment_rate,Unemployment Rate,random_forest,retail_sales_yoy_lag3,0.00021533526113660828
BOC,unemployment,unemployment_rate,Unemployment Rate,random_forest,cpi_headline_mom_lag1,0.00014583124311681723
BOC,unemployment,unemployment_rate,Unemployment Rate,random_forest,new_housing_price_index_mom_ma6,0.00010716724255452085
BOC,unemployment,unemployment_rate,Unemployment Rate,random_forest,new_housing_price_index_mom_lag3,7.896687218197661e-05
BOC,unemployment,unemployment_rate,Unemployment Rate,random_forest,ivey_pmi_sa_lag6,6.99424509618106e-05
BOC,unemployment,unemployment_rate,Unemployment Rate,random_forest,manufacturing_pmi_lag1,4.4596802706378104e-05
BOC,unemployment,unemployment_rate,Unemployment Rate,random_forest,cfib_business_barometer_ma3,3.79654555309409e-05
BOC,unemployment,unemployment_rate,Unemployment Rate,random_forest,cfib_business_barometer_lag3,2.4561032795001355e-05
BOC,unemployment,unemployment_rate,Unemployment Rate,random_forest,new_housing_price_index_mom_lag6,2.3727884664313144e-05
BOC,unemployment,unemployment_rate,Unemployment Rate,random_forest,manufacturing_pmi_lag6,1.706875102881146e-05
BOC,unemployment,unemployment_rate,Unemployment Rate,random_forest,manufacturing_pmi_ma6,1.6158749377371036e-05
BOC,unemployment,unemployment_rate,Unemployment Rate,random_forest,manufacturing_pmi_ma3,1.0586150191833366e-05
BOC,unemployment,unemployment_rate,Unemployment Rate,random_forest,cpi_headline_mom_ma6,8.159159978516448e-06
BOC,unemployment,unemployment_rate,Unemployment Rate,random_forest,cfib_business_barometer_lag1,6.702939214075338e-06
BOC,unemployment,unemployment_rate,Unemployment Rate,random_forest,cfib_business_barometer_lag6,4.081017862352349e-06
BOC,unemployment,unemployment_rate,Unemployment Rate,random_forest,manufacturing_pmi_lag3,2.182267418703554e-06
BOC,unemployment,unemployment_rate,Unemployment Rate,random_forest,cfib_business_barometer_ma6,8.886798232479016e-08
BOE,inflation,core_cpi_yoy,Core CPI (YoY),ridge,target_current,0.07995766911719696
BOE,inflation,core_cpi_yoy,Core CPI (YoY),ridge,ppi_output_mom_lag6,0.039903860162355344
BOE,inflation,core_cpi_yoy,Core CPI (YoY),ridge,retail_price_index_yoy_lag3,0.03446287529936227
BOE,inflation,core_cpi_yoy,Core CPI (YoY),ridge,cbi_industrial_trends_orders_ma6,0.03227951365396549
BOE,inflation,core_cpi_yoy,Core CPI (YoY),ridge,retail_sales_ex_fuel_yoy_lag3,0.03094227632065529
BOE,inflation,core_cpi_yoy,Core CPI (YoY),ridge,cbi_industrial_trends_orders_lag3,0.029957012416165545
BOE,inflation,core_cpi_yoy,Core CPI (YoY),ridge,ppi_core_output_yoy_lag1,0.028884723655667927
BOE,inflation,core_cpi_yoy,Core CPI (YoY),ridge,consumer_confidence_lag1,0.026348543155034196
BOE,inflation,core_cpi_yoy,Core CPI (YoY),ridge,avg_earnings_excl_bonus_lag6,0.02509169125041888
BOE,inflation,core_cpi_yoy,Core CPI (YoY),ridge,ppi_core_output_yoy_ma3,0.024847922616637902
BOE,inflation,core_cpi_yoy,Core CPI (YoY),ridge,ppi_core_output_yoy_ma6,0.02395086335181745
BOE,inflation,core_cpi_yoy,Core CPI (YoY),ridge,ppi_output_mom_lag3,0.023477020867905343
BOE,inflation,core_cpi_yoy,Core CPI (YoY),ridge,ppi_core_output_yoy_lag3,0.02172429598743535
BOE,inflation,core_cpi_yoy,Core CPI (YoY),ridge,ppi_core_output_yoy_lag6,0.021171369863350067
BOE,inflation,core_cpi_yoy,Core CPI (YoY),ridge,hmrc_payrolls_change_ma6,0.02100782713056126
BOE,inflation,core_cpi_yoy,Core CPI (YoY),ridge,avg_earnings_excl_bonus_lag1,0.020389253656201697
BOE,inflation,core_cpi_yoy,Core CPI (YoY),ridge,retail_price_index_yoy_lag1_x_retail_price_index_yoy_lag3,0.019104038995868346
BOE,inflation,core_cpi_yoy,Core CPI (YoY),ridge,hmrc_payrolls_change_lag1,0.01869742960214109
BOE,inflation,core_cpi_yoy,Core CPI (YoY),ridge,ppi_output_mom_lag1,0.018435787666666033
BOE,inflation,core_cpi_yoy,Core CPI (YoY),ridge,avg_earnings_excl_bonus_ma3,0.01796872805746893
BOE,inflation,core_cpi_yoy,Core CPI (YoY),ridge,hmrc_payrolls_change_lag3,0.017459800634390697
BOE,inflation,core_cpi_yoy,Core CPI (YoY),ridge,cbi_industrial_trends_orders_lag6,0.017120177798955336
BOE,inflation,core_cpi_yoy,Core CPI (YoY),ridge,ppi_core_output_mom_lag6,0.01660237976716823
BOE,inflation,core_cpi_yoy,Core CPI (YoY),ridge,retail_sales_ex_fuel_yoy_lag1,0.015622021208376522
BOE,inflation,core_cpi_yoy,Core CPI (YoY),ridge,unemployment_rate_lag3,0.01546178833079391
BOE,inflation,core_cpi_yoy,Core CPI (YoY),ridge,retail_price_index_yoy_ma6,0.014833645971918785
BOE,inflation,core_cpi_yoy,Core CPI (YoY),ridge,retail_price_index_yoy_ma3,0.01463562788011479
BOE,inflation,core_cpi_yoy,Core CPI (YoY),ridge,retail_price_index_mom_lag3,0.014308090227503813
BOE,inflation,core_cpi_yoy,Core CPI (YoY),ridge,consumer_confidence_ma6,0.013807784021301759
BOE,inflation,core_cpi_yoy,Core CPI (YoY),ridge,ppi_output_mom_ma3,0.013611784453333893
BOE,inflation,core_cpi_yoy,Core CPI (YoY),ridge,core_cpi_mom_lag6,0.013358592533049971
BOE,inflation,core_cpi_yoy,Core CPI (YoY),ridge,unemployment_rate_lag6,0.013218128947937877
BOE,inflation,core_cpi_yoy,Core CPI (YoY),ridge,core_cpi_mom_lag3,0.012429452833293908
BOE,inflation,core_cpi_yoy,Core CPI (YoY),ridge,ppi_input_mom_ma3,0.012040925378639685
BOE,inflation,core_cpi_yoy,Core CPI (YoY),ridge,avg_earnings_excl_bonus_ma6,0.011904922857396217
BOE,inflation,core_cpi_yoy,Core CPI (YoY),ridge,retail_price_index_mom_ma6,0.011886304391408843
BOE,inflation,core_cpi_yoy,Core CPI (YoY),ridge,unemployment_rate_ma3,0.011725353496346866
BOE,inflation,core_cpi_yoy,Core CPI (YoY),ridge,hmrc_payrolls_change_ma3,0.011501961667575429
BOE,inflation,core_cpi_yoy,Core CPI (YoY),ridge,ppi_core_output_mom_ma3,0.011221625765913254
BOE,inflation,core_cpi_yoy,Core CPI (YoY),ridge,ppi_core_output_mom_ma6,0.010566694519402238
BOE,inflation,core_cpi_yoy,Core CPI (YoY),ridge,retail_sales_ex_fuel_yoy_ma6,0.010486011605072256
BOE,inflation,core_cpi_yoy,Core CPI (YoY),ridge,ppi_output_mom_ma6,0.010456591189433134
BOE,inflation,core_cpi_yoy,Core CPI (YoY),ridge,consumer_confidence_ma3,0.01045574035604493
BOE,inflation,core_cpi_yoy,Core CPI (YoY),ridge,retail_sales_ex_fuel_yoy_ma3,0.01005410877545609
BOE,inflation,core_cpi_yoy,Core CPI (YoY),ridge,ppi_input_mom_ma6,0.009649827112601145
BOE,inflation,core_cpi_yoy,Core CPI (YoY),ridge,ppi_core_output_mom_lag1,0.008628568287608595
BOE,inflation,core_cpi_yoy,Core CPI (YoY),ridge,cbi_industrial_trends_orders_ma3,0.0078563400557186
BOE,inflation,core_cpi_yoy,Core CPI (YoY),ridge,unemployment_rate_ma6,0.0075100760317798046
BOE,inflation,core_cpi_yoy,Core CPI (YoY),ridge,retail_price_index_yoy_lag6,0.007469007678881671
BOE,inflation,core_cpi_yoy,Core CPI (YoY),ridge,retail_price_index_mom_lag1,0.007452210691111478
BOE,inflation,core_cpi_yoy,Core CPI (YoY),ridge,cbi_industrial_trends_orders_lag1,0.007418183258323172
BOE,inflation,core_cpi_yoy,Core CPI (YoY),ridge,ppi_input_mom_lag3,0.007266454618749144
BOE,inflation,core_cpi_yoy,Core CPI (YoY),ridge,core_cpi_mom_ma3,0.007246485398561016
BOE,inflation,core_cpi_yoy,Core CPI (YoY),ridge,retail_price_index_yoy_lag1,0.0068560542767504085
BOE,inflation,core_cpi_yoy,Core CPI (YoY),ridge,ppi_core_output_mom_lag3,0.006716422020615076
BOE,inflation,core_cpi_yoy,Core CPI (YoY),ridge,hmrc_payrolls_change_lag6,0.005804367345611026
BOE,inflation,core_cpi_yoy,Core CPI (YoY),ridge,consumer_confidence_lag3,0.005614502723452375
BOE,inflation,core_cpi_yoy,Core CPI (YoY),ridge,retail_price_index_mom_lag6,0.004877134151149228
BOE,inflation,core_cpi_yoy,Core CPI (YoY),ridge,consumer_confidence_lag6,0.004817801142051092
BOE,inflation,core_cpi_yoy,Core CPI (YoY),ridge,core_cpi_mom_lag1,0.0039454217102281456
BOE,inflation,core_cpi_yoy,Core CPI (YoY),ridge,retail_price_index_mom_ma3,0.0037347139914407084
BOE,inflation,core_cpi_yoy,Core CPI (YoY),ridge,unemployment_rate_lag1,0.002649954575760651
BOE,inflation,core_cpi_yoy,Core CPI (YoY),ridge,core_cpi_mom_lag4,0.002437204709472593
BOE,inflation,core_cpi_yoy,Core CPI (YoY),ridge,ppi_input_mom_lag1,0.0023429737623913566
BOE,inflation,core_cpi_yoy,Core CPI (YoY),ridge,avg_earnings_excl_bonus_lag3,0.001967193434777195
BOE,inflation,core_cpi_yoy,Core CPI (YoY),ridge,target_ma3,0.0011995912774061966
BOE,inflation,core_cpi_yoy,Core CPI (YoY),ridge,core_cpi_mom_ma6,0.0011285353725406586
BOE,inflation,core_cpi_yoy,Core CPI (YoY),ridge,target_lag1,0.00059454997657543
BOE,inflation,core_cpi_yoy,Core CPI (YoY),ridge,ppi_input_mom_lag6,0.0005069697064929959
BOE,inflation,core_cpi_yoy,Core CPI (YoY),ridge,retail_sales_ex_fuel_yoy_lag6,0.00033106028219446635
BOE,inflation,core_cpi_yoy,Core CPI (YoY),ridge,core_rpi_yoy_ma6,0.0002020596566839404
BOE,inflation,core_cpi_yoy,Core CPI (YoY),ridge,core_rpi_yoy_ma3,0.00020205965668394
BOE,inflation,core_cpi_yoy,Core CPI (YoY),ridge,core_rpi_yoy_lag1,0.00020205965668393925
BOE,inflation,core_cpi_yoy,Core CPI (YoY),ridge,core_rpi_yoy_lag3,0.0
BOE,inflation,core_cpi_yoy,Core CPI (YoY),ridge,core_rpi_yoy_lag6,0.0
BOE,inflation,core_cpi_yoy,Core CPI (YoY),random_forest,target_current,0.7124999375244794
BOE,inflation,core_cpi_yoy,Core CPI (YoY),random_forest,target_lag1,0.049964806693728346
BOE,inflation,core_cpi_yoy,Core CPI (YoY),random_forest,retail_price_index_yoy_lag1,0.04434576225525974
BOE,inflation,core_cpi_yoy,Core CPI (YoY),random_forest,retail_price_index_yoy_ma3,0.04211657648335922
BOE,inflation,core_cpi_yoy,Core CPI (YoY),random_forest,retail_price_index_yoy_ma6,0.021622881257674465
BOE,inflation,core_cpi_yoy,Core CPI (YoY),random_forest,unemployment_rate_ma6,0.018196606544774056
BOE,inflation,core_cpi_yoy,Core CPI (YoY),random_forest,ppi_core_output_yoy_lag6,0.015097127265097387
BOE,inflation,core_cpi_yoy,Core CPI (YoY),random_forest,target_ma3,0.01360995514940166
BOE,inflation,core_cpi_yoy,Core CPI (YoY),random_forest,retail_price_index_yoy_lag1_x_retail_price_index_yoy_lag3,0.010729844101021326
BOE,inflation,core_cpi_yoy,Core CPI (YoY),random_forest,ppi_core_output_yoy_ma6,0.009686262454608295
BOE,inflation,core_cpi_yoy,Core CPI (YoY),random_forest,avg_earnings_excl_bonus_lag6,0.005707992993550784
BOE,inflation,core_cpi_yoy,Core CPI (YoY),random_forest,retail_price_index_yoy_lag3,0.005171122885384392
BOE,inflation,core_cpi_yoy,Core CPI (YoY),random_forest,unemployment_rate_lag3,0.004020055398966846
BOE,inflation,core_cpi_yoy,Core CPI (YoY),random_forest,ppi_output_mom_ma6,0.0035161378687262653
BOE,inflation,core_cpi_yoy,Core CPI (YoY),random_forest,ppi_core_output_mom_ma6,0.003180687480293516
BOE,inflation,core_cpi_yoy,Core CPI (YoY),random_forest,retail_price_index_mom_ma6,0.003088075604863501
BOE,inflation,core_cpi_yoy,Core CPI (YoY),random_forest,avg_earnings_excl_bonus_ma3,0.002897281110602705
BOE,inflation,core_cpi_yoy,Core CPI (YoY),random_forest,ppi_output_mom_ma3,0.002237656631213317
BOE,inflation,core_cpi_yoy,Core CPI (YoY),random_forest,ppi_core_output_mom_lag1,0.0020624872608158654
BOE,inflation,core_cpi_yoy,Core CPI (YoY),random_forest,ppi_core_output_mom_ma3,0.001959784949811514
BOE,inflation,core_cpi_yoy,Core CPI (YoY),random_forest,cbi_industrial_trends_orders_lag1,0.0018939436522782689
BOE,inflation,core_cpi_yoy,Core CPI (YoY),random_forest,cbi_industrial_trends_orders_ma3,0.0015847215105907746
BOE,inflation,core_cpi_yoy,Core CPI (YoY),random_forest,consumer_confidence_lag1,0.0014339105211738099
BOE,inflation,core_cpi_yoy,Core CPI (YoY),random_forest,ppi_core_output_mom_lag3,0.001413816588333074
BOE,inflation,core_cpi_yoy,Core CPI (YoY),random_forest,avg_earnings_excl_bonus_lag3,0.0014136335624569149
BOE,inflation,core_cpi_yoy,Core CPI (YoY),random_forest,retail_sales_ex_fuel_yoy_ma6,0.0014009855349136585
BOE,inflation,core_cpi_yoy,Core CPI (YoY),random_forest,retail_sales_ex_fuel_yoy_lag6,0.0013563422608708223
BOE,inflation,core_cpi_yoy,Core CPI (YoY),random_forest,avg_earnings_excl_bonus_ma6,0.0013164810149058823
BOE,inflation,core_cpi_yoy,Core CPI (YoY),random_forest,consumer_confidence_ma3,0.0013134810596322757
BOE,inflation,core_cpi_yoy,Core CPI (YoY),random_forest,core_cpi_mom_ma3,0.0011657372509071347
BOE,inflation,core_cpi_yoy,Core CPI (YoY),random_forest,retail_price_index_mom_lag3,0.0010669797458561128
BOE,inflation,core_cpi_yoy,Core CPI (YoY),random_forest,retail_price_index_mom_lag1,0.0009923479812143185
BOE,inflation,core_cpi_yoy,Core CPI (YoY),random_forest,core_cpi_mom_lag1,0.0009679883185569991
BOE,inflation,core_cpi_yoy,Core CPI (YoY),random_forest,unemployment_rate_lag6,0.0009560347687073459
BOE,inflation,core_cpi_yoy,Core CPI (YoY),random_forest,avg_earnings_excl_bonus_lag1,0.0009355206199306754
BOE,inflation,core_cpi_yoy,Core CPI (YoY),random_forest,ppi_core_output_yoy_lag3,0.0008581128024654473
BOE,inflation,core_cpi_yoy,Core CPI (YoY),random_forest,ppi_core_output_yoy_ma3,0.000816040878437412
BOE,inflation,core_cpi_yoy,Core CPI (YoY),random_forest,cbi_industrial_trends_orders_ma6,0.0007807741948891023
BOE,inflation,core_cpi_yoy,Core CPI (YoY),random_forest,unemployment_rate_ma3,0.0007510013380872048
BOE,inflation,core_cpi_yoy,Core CPI (YoY),random_forest,retail_sales_ex_fuel_yoy_lag3,0.0007287910087318754
BOE,inflation,core_cpi_yoy,Core CPI (YoY),random_forest,ppi_output_mom_lag6,0.0006769442631474969
BOE,inflation,core_cpi_yoy,Core CPI (YoY),random_forest,ppi_input_mom_lag1,0.0004966787016877894
BOE,inflation,core_cpi_yoy,Core CPI (YoY),random_forest,ppi_output_mom_lag3,0.00045145589728728166
BOE,inflation,core_cpi_yoy,Core CPI (YoY),random_forest,ppi_core_output_yoy_lag1,0.0004458332354713438
BOE,inflation,core_cpi_yoy,Core CPI (YoY),random_forest,core_cpi_mom_lag4,0.0002944633810670344
BOE,inflation,core_cpi_yoy,Core CPI (YoY),random_forest,retail_price_index_mom_ma3,0.00028181577476842654
BOE,inflation,core_cpi_yoy,Core CPI (YoY),random_forest,retail_sales_ex_fuel_yoy_ma3,0.0002625870710771384
BOE,inflation,core_cpi_yoy,Core CPI (YoY),random_forest,core_cpi_mom_ma6,0.00024483751827486354
BOE,inflation,core_cpi_yoy,Core CPI (YoY),random_forest,consumer_confidence_ma6,0.000240148337359363
BOE,inflation,core_cpi_yoy,Core CPI (YoY),random_forest,consumer_confidence_lag6,0.0002007575885334437
BOE,inflation,core_cpi_yoy,Core CPI (YoY),random_forest,retail_sales_ex_fuel_yoy_lag1,0.00017992717956339042
BOE,inflation,core_cpi_yoy,Core CPI (YoY),random_forest,core_cpi_mom_lag6,0.00017378304770310565
BOE,inflation,core_cpi_yoy,Core CPI (YoY),random_forest,ppi_core_output_mom_lag6,0.00017052069343302296
BOE,inflation,core_cpi_yoy,Core CPI (YoY),random_forest,ppi_output_mom_lag1,0.00015223890332840707
BOE,inflation,core_cpi_yoy,Core CPI (YoY),random_forest,cbi_industrial_trends_orders_lag3,0.00011509742027364856
BOE,inflation,core_cpi_yoy,Core CPI (YoY),random_forest,retail_price_index_mom_lag6,9.99549395644641e-05
BOE,inflation,core_cpi_yoy,Core CPI (YoY),random_forest,retail_price_index_yoy_lag6,9.86834160683152e-05
BOE,inflation,core_cpi_yoy,Core CPI (YoY),random_forest,ppi_input_mom_ma3,9.360419077660071e-05
BOE,inflation,core_cpi_yoy,Core CPI (YoY),random_forest,core_cpi_mom_lag3,9.344485635925508e-05
BOE,inflation,core_cpi_yoy,Core CPI (YoY),random_forest,consumer_confidence_lag3,9.057848841808226e-05
BOE,inflation,core_cpi_yoy,Core CPI (YoY),random_forest,ppi_input_mom_lag6,8.955864757692493e-05
BOE,inflation,core_cpi_yoy,Core CPI (YoY),random_forest,hmrc_payrolls_change_ma6,5.7487485380468396e-05
BOE,inflation,core_cpi_yoy,Core CPI (YoY),random_forest,hmrc_payrolls_change_lag1,4.0344595012985835e-05
BOE,inflation,core_cpi_yoy,Core CPI (YoY),random_forest,unemployment_rate_lag1,2.987400439519333e-05
BOE,inflation,core_cpi_yoy,Core CPI (YoY),random_forest,ppi_input_mom_ma6,2.8327044480742584e-05
BOE,inflation,core_cpi_yoy,Core CPI (YoY),random_forest,ppi_input_mom_lag3,2.4023115875018653e-05
BOE,inflation,core_cpi_yoy,Core CPI (YoY),random_forest,cbi_industrial_trends_orders_lag6,9.34367654457728e-06
BOE,inflation,core_cpi_yoy,Core CPI (YoY),random_forest,core_rpi_yoy_lag1,0.0
BOE,inflation,core_cpi_yoy,Core CPI (YoY),random_forest,core_rpi_yoy_lag3,0.0
BOE,inflation,core_cpi_yoy,Core CPI (YoY),random_forest,core_rpi_yoy_lag6,0.0
BOE,inflation,core_cpi_yoy,Core CPI (YoY),random_forest,core_rpi_yoy_ma3,0.0
BOE,inflation,core_cpi_yoy,Core CPI (YoY),random_forest,core_rpi_yoy_ma6,0.0
BOE,inflation,core_cpi_yoy,Core CPI (YoY),random_forest,hmrc_payrolls_change_lag3,0.0
BOE,inflation,core_cpi_yoy,Core CPI (YoY),random_forest,hmrc_payrolls_change_lag6,0.0
BOE,inflation,core_cpi_yoy,Core CPI (YoY),random_forest,hmrc_payrolls_change_ma3,0.0
BOE,gdp_growth,gdp_yoy,GDP (YoY),ridge,cbi_business_optimism_lag1,0.061106723318719885
BOE,gdp_growth,gdp_yoy,GDP (YoY),ridge,retail_sales_ex_fuel_mom_ma3,0.06039160137238935
BOE,gdp_growth,gdp_yoy,GDP (YoY),ridge,target_current,0.05459222380316754
BOE,gdp_growth,gdp_yoy,GDP (YoY),ridge,retail_sales_ex_fuel_mom_ma6,0.044090648002421996
BOE,gdp_growth,gdp_yoy,GDP (YoY),ridge,retail_sales_ex_fuel_mom_lag1,0.043572016990343104
BOE,gdp_growth,gdp_yoy,GDP (YoY),ridge,public_sector_net_borrowing_ma6,0.039822598753748974
BOE,gdp_growth,gdp_yoy,GDP (YoY),ridge,niesr_monthly_gdp_tracker_lag3,0.03889723314708819
BOE,gdp_growth,gdp_yoy,GDP (YoY),ridge,ppi_input_yoy_lag6,0.03880419569001481
BOE,gdp_growth,gdp_yoy,GDP (YoY),ridge,claimant_count_change_ma3,0.038495851272802015
BOE,gdp_growth,gdp_yoy,GDP (YoY),ridge,cbi_industrial_trends_orders_lag1,0.03704716037181123
BOE,gdp_growth,gdp_yoy,GDP (YoY),ridge,claimant_count_change_ma6,0.036715719764442316
BOE,gdp_growth,gdp_yoy,GDP (YoY),ridge,retail_sales_ex_fuel_mom_lag6,0.029932808358637635
BOE,gdp_growth,gdp_yoy,GDP (YoY),ridge,public_sector_net_borrowing_lag1,0.02221817335396437
BOE,gdp_growth,gdp_yoy,GDP (YoY),ridge,retail_sales_ex_fuel_yoy_lag3,0.0221682695950722
BOE,gdp_growth,gdp_yoy,GDP (YoY),ridge,public_sector_net_borrowing_lag3,0.020995994849882696
BOE,gdp_growth,gdp_yoy,GDP (YoY),ridge,avg_earnings_incl_bonus_lag6,0.020704418687248306
BOE,gdp_growth,gdp_yoy,GDP (YoY),ridge,retail_sales_ex_fuel_yoy_ma6,0.020114658140799248
BOE,gdp_growth,gdp_yoy,GDP (YoY),ridge,consumer_confidence_lag1,0.01967869967516786
BOE,gdp_growth,gdp_yoy,GDP (YoY),ridge,niesr_monthly_gdp_tracker_ma3,0.018496897277865874
BOE,gdp_growth,gdp_yoy,GDP (YoY),ridge,gdp_mom_lag6,0.017215729769695813
BOE,gdp_growth,gdp_yoy,GDP (YoY),ridge,claimant_count_change_lag3,0.015911579071115924
BOE,gdp_growth,gdp_yoy,GDP (YoY),ridge,industrial_production_yoy_ma3,0.015186307231122274
BOE,gdp_growth,gdp_yoy,GDP (YoY),ridge,industrial_production_yoy_ma6,0.014607677303817271
BOE,gdp_growth,gdp_yoy,GDP (YoY),ridge,target_ma3,0.014348877238550248
BOE,gdp_growth,gdp_yoy,GDP (YoY),ridge,ppi_input_yoy_lag1,0.014325490095001833
BOE,gdp_growth,gdp_yoy,GDP (YoY),ridge,retail_sales_ex_fuel_mom_lag3,0.014168966784258444
BOE,gdp_growth,gdp_yoy,GDP (YoY),ridge,gdp_mom_lag3,0.013668551028680554
BOE,gdp_growth,gdp_yoy,GDP (YoY),ridge,consumer_confidence_lag6,0.012549977011037982
BOE,gdp_growth,gdp_yoy,GDP (YoY),ridge,consumer_confidence_ma6,0.012150944889616024
BOE,gdp_growth,gdp_yoy,GDP (YoY),ridge,public_sector_net_borrowing_lag6,0.0117707812612813
BOE,gdp_growth,gdp_yoy,GDP (YoY),ridge,gdp_mom_ma6,0.011262027218378592
BOE,gdp_growth,gdp_yoy,GDP (YoY),ridge,cbi_industrial_trends_orders_lag6,0.01084793943885089
BOE,gdp_growth,gdp_yoy,GDP (YoY),ridge,claimant_count_change_lag6,0.010815288496246125
BOE,gdp_growth,gdp_yoy,GDP (YoY),ridge,industrial_production_yoy_lag1_x_industrial_production_yoy_lag3,0.010754409993096644
BOE,gdp_growth,gdp_yoy,GDP (YoY),ridge,avg_earnings_incl_bonus_lag1,0.00983428200074122
BOE,gdp_growth,gdp_yoy,GDP (YoY),ridge,industrial_production_yoy_lag1,0.009578265580298199
BOE,gdp_growth,gdp_yoy,GDP (YoY),ridge,gdp_mom_lag1,0.00912929748278362
BOE,gdp_growth,gdp_yoy,GDP (YoY),ridge,gdp_mom_ma3,0.008259086662533553
BOE,gdp_growth,gdp_yoy,GDP (YoY),ridge,avg_earnings_incl_bonus_ma3,0.008192974100865006
BOE,gdp_growth,gdp_yoy,GDP (YoY),ridge,avg_earnings_incl_bonus_lag3,0.0071028559332508194
BOE,gdp_growth,gdp_yoy,GDP (YoY),ridge,retail_sales_ex_fuel_yoy_lag1,0.006252817668358973
BOE,gdp_growth,gdp_yoy,GDP (YoY),ridge,retail_sales_ex_fuel_yoy_lag6,0.006167771390721436
BOE,gdp_growth,gdp_yoy,GDP (YoY),ridge,cbi_industrial_trends_orders_ma3,0.005730475936449795
BOE,gdp_growth,gdp_yoy,GDP (YoY),ridge,industrial_production_yoy_lag3,0.005559425624346045
BOE,gdp_growth,gdp_yoy,GDP (YoY),ridge,cbi_business_optimism_lag3,0.005276504882210559
BOE,gdp_growth,gdp_yoy,GDP (YoY),ridge,ppi_input_yoy_lag3,0.005092586070324706
BOE,gdp_growth,gdp_yoy,GDP (YoY),ridge,composite_pmi_lag1,0.005013977845775162
BOE,gdp_growth,gdp_yoy,GDP (YoY),ridge,composite_pmi_lag2,0.0038438262228306665
BOE,gdp_growth,gdp_yoy,GDP (YoY),ridge,niesr_monthly_gdp_tracker_lag6,0.0035976666476020057
BOE,gdp_growth,gdp_yoy,GDP (YoY),ridge,cbi_business_optimism_ma6,0.003094503688614568
BOE,gdp_growth,gdp_yoy,GDP (YoY),ridge,industrial_production_yoy_lag6,0.002960061270878254
BOE,gdp_growth,gdp_yoy,GDP (YoY),ridge,manufacturing_pmi_lag1,0.002935708383584155
BOE,gdp_growth,gdp_yoy,GDP (YoY),ridge,claimant_count_change_lag1,0.0024181590890565018
BOE,gdp_growth,gdp_yoy,GDP (YoY),ridge,cbi_business_optimism_ma3,0.001998114834615086
BOE,gdp_growth,gdp_yoy,GDP (YoY),ridge,ppi_input_yoy_ma3,0.0019726281167136983
BOE,gdp_growth,gdp_yoy,GDP (YoY),ridge,avg_earnings_incl_bonus_ma6,0.0018140170314324636
BOE,gdp_growth,gdp_yoy,GDP (YoY),ridge,target_lag1,0.001699181969097333
BOE,gdp_growth,gdp_yoy,GDP (YoY),ridge,public_sector_net_borrowing_ma3,0.0016899620885170662
BOE,gdp_growth,gdp_yoy,GDP (YoY),ridge,composite_pmi_ma3,0.0015579328198317818
BOE,gdp_growth,gdp_yoy,GDP (YoY),ridge,composite_pmi_ma6,0.0015579328198317818
BOE,gdp_growth,gdp_yoy,GDP (YoY),ridge,cbi_business_optimism_lag6,0.001531412373928215
BOE,gdp_growth,gdp_yoy,GDP (YoY),ridge,niesr_monthly_gdp_tracker_lag1,0.0013843427284194884
BOE,gdp_growth,gdp_yoy,GDP (YoY),ridge,cbi_industrial_trends_orders_ma6,0.0012725742538640594
BOE,gdp_growth,gdp_yoy,GDP (YoY),ridge,consumer_confidence_lag3,0.001177640952627233
BOE,gdp_growth,gdp_yoy,GDP (YoY),ridge,consumer_confidence_ma3,0.0011355153518776123
BOE,gdp_growth,gdp_yoy,GDP (YoY),ridge,cbi_industrial_trends_orders_lag3,0.000987673673067162
BOE,gdp_growth,gdp_yoy,GDP (YoY),ridge,ppi_input_yoy_ma6,0.0009362724920295748
BOE,gdp_growth,gdp_yoy,GDP (YoY),ridge,manufacturing_pmi_ma6,0.0006127007422079237
BOE,gdp_growth,gdp_yoy,GDP (YoY),ridge,manufacturing_pmi_ma3,0.0006127007422079185
BOE,gdp_growth,gdp_yoy,GDP (YoY),ridge,retail_sales_ex_fuel_yoy_ma3,0.0003667811830984517
BOE,gdp_growth,gdp_yoy,GDP (YoY),ridge,niesr_monthly_gdp_tracker_ma6,0.00022193008907025512
BOE,gdp_growth,gdp_yoy,GDP (YoY),ridge,composite_pmi_lag3,0.0
BOE,gdp_growth,gdp_yoy,GDP (YoY),ridge,composite_pmi_lag6,0.0
BOE,gdp_growth,gdp_yoy,GDP (YoY),ridge,manufacturing_pmi_lag3,0.0
BOE,gdp_growth,gdp_yoy,GDP (YoY),ridge,manufacturing_pmi_lag5,0.0
BOE,gdp_growth,gdp_yoy,GDP (YoY),ridge,manufacturing_pmi_lag6,0.0
BOE,gdp_growth,gdp_yoy,GDP (YoY),random_forest,avg_earnings_incl_bonus_lag3,0.22887430856617558
BOE,gdp_growth,gdp_yoy,GDP (YoY),random_forest,avg_earnings_incl_bonus_ma3,0.16943436563530637
BOE,gdp_growth,gdp_yoy,GDP (YoY),random_forest,target_current,0.09343603027288724
BOE,gdp_growth,gdp_yoy,GDP (YoY),random_forest,avg_earnings_incl_bonus_ma6,0.06150013393743823
BOE,gdp_growth,gdp_yoy,GDP (YoY),random_forest,retail_sales_ex_fuel_yoy_lag6,0.056312281935450556
BOE,gdp_growth,gdp_yoy,GDP (YoY),random_forest,retail_sales_ex_fuel_mom_lag1,0.03963924027609817
BOE,gdp_growth,gdp_yoy,GDP (YoY),random_forest,niesr_monthly_gdp_tracker_lag6,0.038050971237686075
BOE,gdp_growth,gdp_yoy,GDP (YoY),random_forest,public_sector_net_borrowing_ma6,0.035553398959147005
BOE,gdp_growth,gdp_yoy,GDP (YoY),random_forest,claimant_count_change_ma3,0.03232828930962987
BOE,gdp_growth,gdp_yoy,GDP (YoY),random_forest,industrial_production_yoy_ma3,0.031086164824211112
BOE,gdp_growth,gdp_yoy,GDP (YoY),random_forest,gdp_mom_lag1,0.021363316334072645
BOE,gdp_growth,gdp_yoy,GDP (YoY),random_forest,avg_earnings_incl_bonus_lag1,0.02130561604016346
BOE,gdp_growth,gdp_yoy,GDP (YoY),random_forest,industrial_production_yoy_ma6,0.021258101183419118
BOE,gdp_growth,gdp_yoy,GDP (YoY),random_forest,retail_sales_ex_fuel_yoy_lag1,0.011007014435278966
BOE,gdp_growth,gdp_yoy,GDP (YoY),random_forest,gdp_mom_ma3,0.010660389798712115
BOE,gdp_growth,gdp_yoy,GDP (YoY),random_forest,claimant_count_change_ma6,0.009232865170611601
BOE,gdp_growth,gdp_yoy,GDP (YoY),random_forest,avg_earnings_incl_bonus_lag6,0.007932080227731612
BOE,gdp_growth,gdp_yoy,GDP (YoY),random_forest,industrial_production_yoy_lag1,0.007271488196476772
BOE,gdp_growth,gdp_yoy,GDP (YoY),random_forest,retail_sales_ex_fuel_mom_ma6,0.007138049298023445
BOE,gdp_growth,gdp_yoy,GDP (YoY),random_forest,cbi_industrial_trends_orders_lag6,0.005868766923953698
BOE,gdp_growth,gdp_yoy,GDP (YoY),random_forest,consumer_confidence_ma3,0.005501984918793894
BOE,gdp_growth,gdp_yoy,GDP (YoY),random_forest,public_sector_net_borrowing_lag6,0.005414293126187547
BOE,gdp_growth,gdp_yoy,GDP (YoY),random_forest,niesr_monthly_gdp_tracker_lag3,0.004735574314282618
BOE,gdp_growth,gdp_yoy,GDP (YoY),random_forest,niesr_monthly_gdp_tracker_ma3,0.004719255234562707
BOE,gdp_growth,gdp_yoy,GDP (YoY),random_forest,consumer_confidence_lag3,0.004525705637771271
BOE,gdp_growth,gdp_yoy,GDP (YoY),random_forest,cbi_industrial_trends_orders_ma6,0.004484216466007261
BOE,gdp_growth,gdp_yoy,GDP (YoY),random_forest,cbi_industrial_trends_orders_lag3,0.004173165960521683
BOE,gdp_growth,gdp_yoy,GDP (YoY),random_forest,consumer_confidence_lag1,0.003785169620586085
BOE,gdp_growth,gdp_yoy,GDP (YoY),random_forest,public_sector_net_borrowing_ma3,0.0037662140244509286
BOE,gdp_growth,gdp_yoy,GDP (YoY),random_forest,niesr_monthly_gdp_tracker_ma6,0.003674679831436823
BOE,gdp_growth,gdp_yoy,GDP (YoY),random_forest,ppi_input_yoy_lag1,0.0036179759725925853
BOE,gdp_growth,gdp_yoy,GDP (YoY),random_forest,gdp_mom_ma6,0.0032282093689766727
BOE,gdp_growth,gdp_yoy,GDP (YoY),random_forest,niesr_monthly_gdp_tracker_lag1,0.0029000765245967126
BOE,gdp_growth,gdp_yoy,GDP (YoY),random_forest,gdp_mom_lag3,0.002841046623040169
BOE,gdp_growth,gdp_yoy,GDP (YoY),random_forest,cbi_business_optimism_lag1,0.00282232985134853
BOE,gdp_growth,gdp_yoy,GDP (YoY),random_forest,public_sector_net_borrowing_lag3,0.0023070871061952993
BOE,gdp_growth,gdp_yoy,GDP (YoY),random_forest,ppi_input_yoy_ma6,0.0022557112157323054
BOE,gdp_growth,gdp_yoy,GDP (YoY),random_forest,industrial_production_yoy_lag6,0.002210155411801052
BOE,gdp_growth,gdp_yoy,GDP (YoY),random_forest,retail_sales_ex_fuel_yoy_lag3,0.002078388425308457
BOE,gdp_growth,gdp_yoy,GDP (YoY),random_forest,industrial_production_yoy_lag3,0.00195342671510415
BOE,gdp_growth,gdp_yoy,GDP (YoY),random_forest,target_ma3,0.0019487460967898193
BOE,gdp_growth,gdp_yoy,GDP (YoY),random_forest,claimant_count_change_lag3,0.00187200154132076
BOE,gdp_growth,gdp_yoy,GDP (YoY),random_forest,cbi_industrial_trends_orders_lag1,0.0016423588127090101
BOE,gdp_growth,gdp_yoy,GDP (YoY),random_forest,industrial_production_yoy_lag1_x_industrial_production_yoy_lag3,0.0015545082577739515
BOE,gdp_growth,gdp_yoy,GDP (YoY),random_forest,ppi_input_yoy_lag6,0.0014169676574080604
BOE,gdp_growth,gdp_yoy,GDP (YoY),random_forest,target_lag1,0.0014121653008873037
BOE,gdp_growth,gdp_yoy,GDP (YoY),random_forest,ppi_input_yoy_lag3,0.001362318606384062
BOE,gdp_growth,gdp_yoy,GDP (YoY),random_forest,public_sector_net_borrowing_lag1,0.0012640134838442577
BOE,gdp_growth,gdp_yoy,GDP (YoY),random_forest,consumer_confidence_ma6,0.0011555316859249186
BOE,gdp_growth,gdp_yoy,GDP (YoY),random_forest,retail_sales_ex_fuel_mom_lag6,0.0009470188488063245
BOE,gdp_growth,gdp_yoy,GDP (YoY),random_forest,retail_sales_ex_fuel_yoy_ma6,0.0008954586383503648
BOE,gdp_growth,gdp_yoy,GDP (YoY),random_forest,retail_sales_ex_fuel_yoy_ma3,0.0008494010629952618
BOE,gdp_growth,gdp_yoy,GDP (YoY),random_forest,claimant_count_change_lag6,0.0005706442888412615
BOE,gdp_growth,gdp_yoy,GDP (YoY),random_forest,cbi_business_optimism_lag3,0.0004914570529879048
BOE,gdp_growth,gdp_yoy,GDP (YoY),random_forest,claimant_count_change_lag1,0.00046444494392634285
BOE,gdp_growth,gdp_yoy,GDP (YoY),random_forest,consumer_confidence_lag6,0.000425045184144745
BOE,gdp_growth,gdp_yoy,GDP (YoY),random_forest,cbi_industrial_trends_orders_ma3,0.00039880257359143533
BOE,gdp_growth,gdp_yoy,GDP (YoY),random_forest,retail_sales_ex_fuel_mom_ma3,0.000369715192078613
BOE,gdp_growth,gdp_yoy,GDP (YoY),random_forest,cbi_business_optimism_lag6,0.00026763070412378216
BOE,gdp_growth,gdp_yoy,GDP (YoY),random_forest,cbi_business_optimism_ma3,0.00017482390838738086
BOE,gdp_growth,gdp_yoy,GDP (YoY),random_forest,cbi_business_optimism_ma6,0.0001528333473508752
BOE,gdp_growth,gdp_yoy,GDP (YoY),random_forest,retail_sales_ex_fuel_mom_lag3,7.117036143524531e-05
BOE,gdp_growth,gdp_yoy,GDP (YoY),random_forest,gdp_mom_lag6,2.725341782169457e-05
BOE,gdp_growth,gdp_yoy,GDP (YoY),random_forest,ppi_input_yoy_ma3,1.815012034619511e-05
BOE,gdp_growth,gdp_yoy,GDP (YoY),random_forest,composite_pmi_lag1,0.0
BOE,gdp_growth,gdp_yoy,GDP (YoY),random_forest,composite_pmi_lag2,0.0
BOE,gdp_growth,gdp_yoy,GDP (YoY),random_forest,composite_pmi_lag3,0.0
BOE,gdp_growth,gdp_yoy,GDP (YoY),random_forest,composite_pmi_lag6,0.0
BOE,gdp_growth,gdp_yoy,GDP (YoY),random_forest,composite_pmi_ma3,0.0
BOE,gdp_growth,gdp_yoy,GDP (YoY),random_forest,composite_pmi_ma6,0.0
BOE,gdp_growth,gdp_yoy,GDP (YoY),random_forest,manufacturing_pmi_lag1,0.0
BOE,gdp_growth,gdp_yoy,GDP (YoY),random_forest,manufacturing_pmi_lag3,0.0
BOE,gdp_growth,gdp_yoy,GDP (YoY),random_forest,manufacturing_pmi_lag5,0.0
BOE,gdp_growth,gdp_yoy,GDP (YoY),random_forest,manufacturing_pmi_lag6,0.0
BOE,gdp_growth,gdp_yoy,GDP (YoY),random_forest,manufacturing_pmi_ma3,0.0
BOE,gdp_growth,gdp_yoy,GDP (YoY),random_forest,manufacturing_pmi_ma6,0.0
BOE,unemployment,unemployment_rate,Unemployment Rate,ridge,target_current,0.06324959727342688
BOE,unemployment,unemployment_rate,Unemployment Rate,ridge,hmrc_payrolls_change_lag1_x_hmrc_payrolls_change_lag2,0.04090573474323471
BOE,unemployment,unemployment_rate,Unemployment Rate,ridge,retail_price_index_mom_ma6,0.03668403202662207
BOE,unemployment,unemployment_rate,Unemployment Rate,ridge,hmrc_payrolls_change_ma6,0.036221826996668476
BOE,unemployment,unemployment_rate,Unemployment Rate,ridge,target_ma3,0.030934236971004475
BOE,unemployment,unemployment_rate,Unemployment Rate,ridge,consumer_confidence_lag6,0.030031921166103637
BOE,unemployment,unemployment_rate,Unemployment Rate,ridge,cbi_industrial_trends_orders_lag3,0.029955551249564494
BOE,unemployment,unemployment_rate,Unemployment Rate,ridge,retail_sales_ex_fuel_yoy_ma6,0.028216958734758494
BOE,unemployment,unemployment_rate,Unemployment Rate,ridge,claimant_count_change_ma6,0.02642281010738882
BOE,unemployment,unemployment_rate,Unemployment Rate,ridge,consumer_confidence_ma6,0.023494417434976596
BOE,unemployment,unemployment_rate,Unemployment Rate,ridge,core_cpi_yoy_lag6,0.022239076983708042
BOE,unemployment,unemployment_rate,Unemployment Rate,ridge,cbi_industrial_trends_orders_ma3,0.02146198600622424
BOE,unemployment,unemployment_rate,Unemployment Rate,ridge,avg_earnings_incl_bonus_lag3,0.021265516146092112
BOE,unemployment,unemployment_rate,Unemployment Rate,ridge,employment_change_ma6,0.02106238967185369
BOE,unemployment,unemployment_rate,Unemployment Rate,ridge,employment_change_lag3,0.020625188837995852
BOE,unemployment,unemployment_rate,Unemployment Rate,ridge,industrial_production_yoy_lag1,0.020595798893773217
BOE,unemployment,unemployment_rate,Unemployment Rate,ridge,retail_price_index_yoy_lag6,0.019081865084688295
BOE,unemployment,unemployment_rate,Unemployment Rate,ridge,industrial_production_yoy_lag6,0.018894241583324856
BOE,unemployment,unemployment_rate,Unemployment Rate,ridge,retail_price_index_mom_ma3,0.018885935505530138
BOE,unemployment,unemployment_rate,Unemployment Rate,ridge,target_lag1,0.0182098042346706
BOE,unemployment,unemployment_rate,Unemployment Rate,ridge,consumer_confidence_lag1,0.017872315360731212
BOE,unemployment,unemployment_rate,Unemployment Rate,ridge,retail_price_index_yoy_lag3,0.017549464285965766
BOE,unemployment,unemployment_rate,Unemployment Rate,ridge,avg_earnings_incl_bonus_ma3,0.017265616383567134
BOE,unemployment,unemployment_rate,Unemployment Rate,ridge,retail_sales_ex_fuel_yoy_ma3,0.016998279820847922
BOE,unemployment,unemployment_rate,Unemployment Rate,ridge,core_cpi_yoy_lag1,0.016664313783982584
BOE,unemployment,unemployment_rate,Unemployment Rate,ridge,cbi_industrial_trends_orders_ma6,0.016616429700397478
BOE,unemployment,unemployment_rate,Unemployment Rate,ridge,ppi_core_output_mom_lag3,0.01594179505667188
BOE,unemployment,unemployment_rate,Unemployment Rate,ridge,employment_change_ma3,0.01499795749634432
BOE,unemployment,unemployment_rate,Unemployment Rate,ridge,retail_price_index_yoy_ma3,0.014882448287318913
BOE,unemployment,unemployment_rate,Unemployment Rate,ridge,retail_sales_ex_fuel_yoy_lag3,0.014516777111059547
BOE,unemployment,unemployment_rate,Unemployment Rate,ridge,industrial_production_yoy_lag3,0.013798797305623597
BOE,unemployment,unemployment_rate,Unemployment Rate,ridge,retail_price_index_yoy_lag1,0.013222112621107748
BOE,unemployment,unemployment_rate,Unemployment Rate,ridge,core_cpi_yoy_ma6,0.01274815209662122
BOE,unemployment,unemployment_rate,Unemployment Rate,ridge,cbi_industrial_trends_orders_lag6,0.012663586459283557
BOE,unemployment,unemployment_rate,Unemployment Rate,ridge,ppi_core_output_mom_lag1,0.011970038799314743
BOE,unemployment,unemployment_rate,Unemployment Rate,ridge,core_cpi_yoy_ma3,0.01193813610594398
BOE,unemployment,unemployment_rate,Unemployment Rate,ridge,retail_sales_ex_fuel_yoy_lag6,0.011658751512620847
BOE,unemployment,unemployment_rate,Unemployment Rate,ridge,hmrc_payrolls_change_lag2,0.010970193798439087
BOE,unemployment,unemployment_rate,Unemployment Rate,ridge,retail_price_index_mom_lag1,0.010599666060847534
BOE,unemployment,unemployment_rate,Unemployment Rate,ridge,employment_change_lag4,0.009760624289691202
BOE,unemployment,unemployment_rate,Unemployment Rate,ridge,avg_earnings_incl_bonus_ma6,0.009204741510389561
BOE,unemployment,unemployment_rate,Unemployment Rate,ridge,retail_price_index_mom_lag6,0.00885284129162834
BOE,unemployment,unemployment_rate,Unemployment Rate,ridge,employment_change_lag1,0.008363120949667707
BOE,unemployment,unemployment_rate,Unemployment Rate,ridge,ppi_core_output_yoy_ma6,0.007905992162043622
BOE,unemployment,unemployment_rate,Unemployment Rate,ridge,hmrc_payrolls_change_lag1,0.007755507058696809
BOE,unemployment,unemployment_rate,Unemployment Rate,ridge,claimant_count_change_ma3,0.007685496091979194
BOE,unemployment,unemployment_rate,Unemployment Rate,ridge,retail_sales_ex_fuel_yoy_lag1,0.007444443129172305
BOE,unemployment,unemployment_rate,Unemployment Rate,ridge,hmrc_payrolls_change_lag3,0.007132010698043622
BOE,unemployment,unemployment_rate,Unemployment Rate,ridge,hmrc_payrolls_change_lag6,0.007096743842244752
BOE,unemployment,unemployment_rate,Unemployment Rate,ridge,retail_price_index_yoy_ma6,0.0069175188040801
BOE,unemployment,unemployment_rate,Unemployment Rate,ridge,ppi_core_output_yoy_lag1,0.006425267141131171
BOE,unemployment,unemployment_rate,Unemployment Rate,ridge,claimant_count_change_lag6,0.00626142815909153
BOE,unemployment,unemployment_rate,Unemployment Rate,ridge,consumer_confidence_lag3,0.006108667580564643
BOE,unemployment,unemployment_rate,Unemployment Rate,ridge,ppi_core_output_mom_ma3,0.004689165056612922
BOE,unemployment,unemployment_rate,Unemployment Rate,ridge,hmrc_payrolls_change_ma3,0.0045539478201918225
BOE,unemployment,unemployment_rate,Unemployment Rate,ridge,core_rpi_yoy_ma3,0.0045170856277441385
BOE,unemployment,unemployment_rate,Unemployment Rate,ridge,core_rpi_yoy_lag1,0.0045170856277441315
BOE,unemployment,unemployment_rate,Unemployment Rate,ridge,core_rpi_yoy_ma6,0.0045170856277441315
BOE,unemployment,unemployment_rate,Unemployment Rate,ridge,retail_price_index_mom_lag3,0.004474707485124892
BOE,unemployment,unemployment_rate,Unemployment Rate,ridge,ppi_core_output_mom_lag6,0.004388849192720527
BOE,unemployment,unemployment_rate,Unemployment Rate,ridge,ppi_core_output_yoy_lag6,0.004365773287173281
BOE,unemployment,unemployment_rate,Unemployment Rate,ridge,ppi_core_output_yoy_ma3,0.004306223676005846
BOE,unemployment,unemployment_rate,Unemployment Rate,ridge,ppi_core_output_mom_ma6,0.004251783874900919
BOE,unemployment,unemployment_rate,Unemployment Rate,ridge,ppi_core_output_yoy_lag3,0.004049510912401266
BOE,unemployment,unemployment_rate,Unemployment Rate,ridge,claimant_count_change_lag3,0.0039688992690054435
BOE,unemployment,unemployment_rate,Unemployment Rate,ridge,avg_earnings_incl_bonus_lag6,0.003717044670058902
BOE,unemployment,unemployment_rate,Unemployment Rate,ridge,core_cpi_yoy_lag3,0.0029848464186004653
BOE,unemployment,unemployment_rate,Unemployment Rate,ridge,avg_earnings_incl_bonus_lag1,0.0029225181021592986
BOE,unemployment,unemployment_rate,Unemployment Rate,ridge,industrial_production_yoy_ma3,0.0026116377188266163
BOE,unemployment,unemployment_rate,Unemployment Rate,ridge,employment_change_lag6,0.0022936551167763385
BOE,unemployment,unemployment_rate,Unemployment Rate,ridge,consumer_confidence_ma3,0.0016553018087499267
BOE,unemployment,unemployment_rate,Unemployment Rate,ridge,cbi_industrial_trends_orders_lag1,0.0011779225550078822
BOE,unemployment,unemployment_rate,Unemployment Rate,ridge,claimant_count_change_lag1,0.001027785454013228
BOE,unemployment,unemployment_rate,Unemployment Rate,ridge,industrial_production_yoy_ma6,0.0007810462917148056
BOE,unemployment,unemployment_rate,Unemployment Rate,ridge,core_rpi_yoy_lag3,0.0
BOE,unemployment,unemployment_rate,Unemployment Rate,ridge,core_rpi_yoy_lag6,0.0
BOE,unemployment,unemployment_rate,Unemployment Rate,random_forest,target_current,0.29810566589809817
BOE,unemployment,unemployment_rate,Unemployment Rate,random_forest,retail_price_index_yoy_lag3,0.1993864761467162
BOE,unemployment,unemployment_rate,Unemployment Rate,random_forest,retail_price_index_yoy_ma6,0.14810809882153508
BOE,unemployment,unemployment_rate,Unemployment Rate,random_forest,ppi_core_output_yoy_lag6,0.06259811263802022
BOE,unemployment,unemployment_rate,Unemployment Rate,random_forest,cbi_industrial_trends_orders_lag6,0.05367108699781318
BOE,unemployment,unemployment_rate,Unemployment Rate,random_forest,ppi_core_output_yoy_lag1,0.02763196517555665
BOE,unemployment,unemployment_rate,Unemployment Rate,random_forest,avg_earnings_incl_bonus_ma6,0.026071457573228363
BOE,unemployment,unemployment_rate,Unemployment Rate,random_forest,retail_price_index_yoy_ma3,0.025999094788302313
BOE,unemployment,unemployment_rate,Unemployment Rate,random_forest,avg_earnings_incl_bonus_lag6,0.010311309966185164
BOE,unemployment,unemployment_rate,Unemployment Rate,random_forest,core_cpi_yoy_ma3,0.009617365633934734
BOE,unemployment,unemployment_rate,Unemployment Rate,random_forest,claimant_count_change_lag6,0.009235451592283863
BOE,unemployment,unemployment_rate,Unemployment Rate,random_forest,cbi_industrial_trends_orders_lag3,0.008953083078874048
BOE,unemployment,unemployment_rate,Unemployment Rate,random_forest,ppi_core_output_yoy_ma3,0.007748250056937268
BOE,unemployment,unemployment_rate,Unemployment Rate,random_forest,industrial_production_yoy_lag3,0.005841234358418953
BOE,unemployment,unemployment_rate,Unemployment Rate,random_forest,industrial_production_yoy_lag1,0.0053366288917055795
BOE,unemployment,unemployment_rate,Unemployment Rate,random_forest,ppi_core_output_mom_lag6,0.005300598881909465
BOE,unemployment,unemployment_rate,Unemployment Rate,random_forest,target_ma3,0.0051160622752204135
BOE,unemployment,unemployment_rate,Unemployment Rate,random_forest,core_cpi_yoy_lag3,0.005001983113191503
BOE,unemployment,unemployment_rate,Unemployment Rate,random_forest,industrial_production_yoy_lag6,0.00493443693142087
BOE,unemployment,unemployment_rate,Unemployment Rate,random_forest,ppi_core_output_mom_ma6,0.004247020976629675
BOE,unemployment,unemployment_rate,Unemployment Rate,random_forest,claimant_count_change_ma6,0.004240695811468203
BOE,unemployment,unemployment_rate,Unemployment Rate,random_forest,avg_earnings_incl_bonus_lag1,0.004090349616609123
BOE,unemployment,unemployment_rate,Unemployment Rate,random_forest,retail_price_index_mom_lag6,0.004042066390693004
BOE,unemployment,unemployment_rate,Unemployment Rate,random_forest,employment_change_ma6,0.004000102210263565
BOE,unemployment,unemployment_rate,Unemployment Rate,random_forest,cbi_industrial_trends_orders_ma3,0.003747483275383672
BOE,unemployment,unemployment_rate,Unemployment Rate,random_forest,avg_earnings_incl_bonus_lag3,0.003072340173844227
BOE,unemployment,unemployment_rate,Unemployment Rate,random_forest,hmrc_payrolls_change_lag1,0.002572870347460627
BOE,unemployment,unemployment_rate,Unemployment Rate,random_forest,ppi_core_output_yoy_lag3,0.0025299390865913952
BOE,unemployment,unemployment_rate,Unemployment Rate,random_forest,ppi_core_output_mom_lag3,0.0024833573318592613
BOE,unemployment,unemployment_rate,Unemployment Rate,random_forest,hmrc_payrolls_change_ma6,0.002394578411513495
BOE,unemployment,unemployment_rate,Unemployment Rate,random_forest,cbi_industrial_trends_orders_lag1,0.002239688739715544
BOE,unemployment,unemployment_rate,Unemployment Rate,random_forest,employment_change_lag4,0.0022245484543247677
BOE,unemployment,unemployment_rate,Unemployment Rate,random_forest,retail_price_index_mom_ma3,0.002073230148418234
BOE,unemployment,unemployment_rate,Unemployment Rate,random_forest,retail_sales_ex_fuel_yoy_lag1,0.0020322123944027377
BOE,unemployment,unemployment_rate,Unemployment Rate,random_forest,core_cpi_yoy_ma6,0.00202681091769556
BOE,unemployment,unemployment_rate,Unemployment Rate,random_forest,employment_change_lag1,0.0019099785397143328
BOE,unemployment,unemployment_rate,Unemployment Rate,random_forest,cbi_industrial_trends_orders_ma6,0.0018406313383367403
BOE,unemployment,unemployment_rate,Unemployment Rate,random_forest,employment_change_lag3,0.0016074878978679834
BOE,unemployment,unemployment_rate,Unemployment Rate,random_forest,consumer_confidence_ma6,0.001590140267615475
BOE,unemployment,unemployment_rate,Unemployment Rate,random_forest,employment_change_lag6,0.0015431207191131716
BOE,unemployment,unemployment_rate,Unemployment Rate,random_forest,ppi_core_output_yoy_ma6,0.001516916435090034
BOE,unemployment,unemployment_rate,Unemployment Rate,random_forest,retail_price_index_yoy_lag1,0.0014892805565563454
BOE,unemployment,unemployment_rate,Unemployment Rate,random_forest,avg_earnings_incl_bonus_ma3,0.0014466698796267825
BOE,unemployment,unemployment_rate,Unemployment Rate,random_forest,claimant_count_change_ma3,0.0014281231296630792
BOE,unemployment,unemployment_rate,Unemployment Rate,random_forest,retail_sales_ex_fuel_yoy_lag3,0.0013975346689155445
BOE,unemployment,unemployment_rate,Unemployment Rate,random_forest,industrial_production_yoy_ma6,0.0012779615004505358
BOE,unemployment,unemployment_rate,Unemployment Rate,random_forest,consumer_confidence_lag3,0.0012665607745539925
BOE,unemployment,unemployment_rate,Unemployment Rate,random_forest,hmrc_payrolls_change_lag2,0.0011426904354246905
BOE,unemployment,unemployment_rate,Unemployment Rate,random_forest,retail_sales_ex_fuel_yoy_ma3,0.00113744764717674
BOE,unemployment,unemployment_rate,Unemployment Rate,random_forest,claimant_count_change_lag1,0.0010075130775969857
BOE,unemployment,unemployment_rate,Unemployment Rate,random_forest,employment_change_ma3,0.0009684463340165057
BOE,unemployment,unemployment_rate,Unemployment Rate,random_forest,retail_price_index_mom_ma6,0.0009380743070372971
BOE,unemployment,unemployment_rate,Unemployment Rate,random_forest,retail_price_index_mom_lag3,0.0008271005969996982
BOE,unemployment,unemployment_rate,Unemployment Rate,random_forest,retail_sales_ex_fuel_yoy_ma6,0.0008052695928098058
BOE,unemployment,unemployment_rate,Unemployment Rate,random_forest,consumer_confidence_lag6,0.0007783340367764879
BOE,unemployment,unemployment_rate,Unemployment Rate,random_forest,consumer_confidence_ma3,0.0007716097027929104
BOE,unemployment,unemployment_rate,Unemployment Rate,random_forest,retail_price_index_mom_lag1,0.0007167150828370347
BOE,unemployment,unemployment_rate,Unemployment Rate,random_forest,core_cpi_yoy_lag1,0.0006986839352765064
BOE,unemployment,unemployment_rate,Unemployment Rate,random_forest,retail_price_index_yoy_lag6,0.0006679082795882455
BOE,unemployment,unemployment_rate,Unemployment Rate,random_forest,target_lag1,0.0006055243347248335
BOE,unemployment,unemployment_rate,Unemployment Rate,random_forest,ppi_core_output_mom_ma3,0.0005979137455546723
BOE,unemployment,unemployment_rate,Unemployment Rate,random_forest,retail_sales_ex_fuel_yoy_lag6,0.0005872357089450557
BOE,unemployment,unemployment_rate,Unemployment Rate,random_forest,claimant_count_change_lag3,0.0005653913955168774
BOE,unemployment,unemployment_rate,Unemployment Rate,random_forest,consumer_confidence_lag1,0.0005062530775334931
BOE,unemployment,unemployment_rate,Unemployment Rate,random_forest,hmrc_payrolls_change_lag1_x_hmrc_payrolls_change_lag2,0.00042059985231038635
BOE,unemployment,unemployment_rate,Unemployment Rate,random_forest,hmrc_payrolls_change_ma3,0.00029754512504594097
BOE,unemployment,unemployment_rate,Unemployment Rate,random_forest,core_cpi_yoy_lag6,0.00024501144848345117
BOE,unemployment,unemployment_rate,Unemployment Rate,random_forest,ppi_core_output_mom_lag1,0.00021216704922911634
BOE,unemployment,unemployment_rate,Unemployment Rate,random_forest,industrial_production_yoy_ma3,0.0001294879633773124
BOE,unemployment,unemployment_rate,Unemployment Rate,random_forest,hmrc_payrolls_change_lag6,7.301445721654096e-05
BOE,unemployment,unemployment_rate,Unemployment Rate,random_forest,hmrc_payrolls_change_lag3,0.0
BOE,unemployment,unemployment_rate,Unemployment Rate,random_forest,core_rpi_yoy_lag1,0.0
BOE,unemployment,unemployment_rate,Unemployment Rate,random_forest,core_rpi_yoy_lag3,0.0
BOE,unemployment,unemployment_rate,Unemployment Rate,random_forest,core_rpi_yoy_lag6,0.0
BOE,unemployment,unemployment_rate,Unemployment Rate,random_forest,core_rpi_yoy_ma3,0.0
BOE,unemployment,unemployment_rate,Unemployment Rate,random_forest,core_rpi_yoy_ma6,0.0
BOJ,inflation,cpi_headline_yoy,Headline CPI (YoY),ridge,balance_of_trade_ma6,0.0586984707573585
BOJ,inflation,cpi_headline_yoy,Headline CPI (YoY),ridge,cpi_index_ma3,0.04232288298788572
BOJ,inflation,cpi_headline_yoy,Headline CPI (YoY),ridge,balance_of_trade_ma3,0.04071401075824702
BOJ,inflation,cpi_headline_yoy,Headline CPI (YoY),ridge,cpi_index_ma6,0.038787012844083014
BOJ,inflation,cpi_headline_yoy,Headline CPI (YoY),ridge,leading_economic_index_lag1,0.03232477222106328
BOJ,inflation,cpi_headline_yoy,Headline CPI (YoY),ridge,coincident_index_lag1,0.02976209142662874
BOJ,inflation,cpi_headline_yoy,Headline CPI (YoY),ridge,leading_economic_index_lag6,0.028061192353142674
BOJ,inflation,cpi_headline_yoy,Headline CPI (YoY),ridge,core_cpi_yoy_lag3,0.02686367521195134
BOJ,inflation,cpi_headline_yoy,Headline CPI (YoY),ridge,services_pmi_lag1,0.026071230574006413
BOJ,inflation,cpi_headline_yoy,Headline CPI (YoY),ridge,eco_watchers_outlook_ma6,0.02525027681238191
BOJ,inflation,cpi_headline_yoy,Headline CPI (YoY),ridge,ppi_mom_lag1,0.024076566922177092
BOJ,inflation,cpi_headline_yoy,Headline CPI (YoY),ridge,cpi_headline_mom_lag3,0.02400814027855647
BOJ,inflation,cpi_headline_yoy,Headline CPI (YoY),ridge,cpi_index_lag6,0.022189813359028563
BOJ,inflation,cpi_headline_yoy,Headline CPI (YoY),ridge,target_current,0.02113928552065616
BOJ,inflation,cpi_headline_yoy,Headline CPI (YoY),ridge,services_pmi_ma3,0.01962890459213807
BOJ,inflation,cpi_headline_yoy,Headline CPI (YoY),ridge,ppi_yoy_ma6,0.019445506659160502
BOJ,inflation,cpi_headline_yoy,Headline CPI (YoY),ridge,unemployment_rate_lag3,0.01929972783249811
BOJ,inflation,cpi_headline_yoy,Headline CPI (YoY),ridge,unemployment_rate_lag1,0.018102109572749353
BOJ,inflation,cpi_headline_yoy,Headline CPI (YoY),ridge,services_pmi_ma6,0.017930125870770613
BOJ,inflation,cpi_headline_yoy,Headline CPI (YoY),ridge,machine_tool_orders_yoy_lag6,0.017741794254751937
BOJ,inflation,cpi_headline_yoy,Headline CPI (YoY),ridge,eco_watchers_current_lag3,0.016959274351436366
BOJ,inflation,cpi_headline_yoy,Headline CPI (YoY),ridge,target_ma3,0.016416041879458738
BOJ,inflation,cpi_headline_yoy,Headline CPI (YoY),ridge,machine_tool_orders_yoy_lag3,0.01573452660776472
BOJ,inflation,cpi_headline_yoy,Headline CPI (YoY),ridge,eco_watchers_current_lag6,0.015525515982664585
BOJ,inflation,cpi_headline_yoy,Headline CPI (YoY),ridge,ppi_mom_ma3,0.015466457270675056
BOJ,inflation,cpi_headline_yoy,Headline CPI (YoY),ridge,ppi_yoy_lag1,0.015229566248713002
BOJ,inflation,cpi_headline_yoy,Headline CPI (YoY),ridge,ppi_mom_ma6,0.014068418148616993
BOJ,inflation,cpi_headline_yoy,Headline CPI (YoY),ridge,ppi_mom_lag3,0.014003383204272005
BOJ,inflation,cpi_headline_yoy,Headline CPI (YoY),ridge,leading_economic_index_lag3,0.013926660756683933
BOJ,inflation,cpi_headline_yoy,Headline CPI (YoY),ridge,cpi_headline_mom_lag6,0.013373763558016697
BOJ,inflation,cpi_headline_yoy,Headline CPI (YoY),ridge,cpi_ex_food_energy_yoy_lag6,0.013173908500060153
BOJ,inflation,cpi_headline_yoy,Headline CPI (YoY),ridge,services_pmi_lag6,0.013152429199891867
BOJ,inflation,cpi_headline_yoy,Headline CPI (YoY),ridge,machine_tool_orders_yoy_ma6,0.012980724013980748
BOJ,inflation,cpi_headline_yoy,Headline CPI (YoY),ridge,ppi_yoy_lag3,0.012690455726149404
BOJ,inflation,cpi_headline_yoy,Headline CPI (YoY),ridge,cpi_ex_food_energy_yoy_lag1,0.012490930100274612
BOJ,inflation,cpi_headline_yoy,Headline CPI (YoY),ridge,coincident_index_ma3,0.012182293564624297
BOJ,inflation,cpi_headline_yoy,Headline CPI (YoY),ridge,core_cpi_yoy_lag1,0.011914507286238033
BOJ,inflation,cpi_headline_yoy,Headline CPI (YoY),ridge,unemployment_rate_lag6,0.011900879644528444
BOJ,inflation,cpi_headline_yoy,Headline CPI (YoY),ridge,balance_of_trade_lag1,0.011772198883315444
BOJ,inflation,cpi_headline_yoy,Headline CPI (YoY),ridge,balance_of_trade_lag3,0.011284023100630603
BOJ,inflation,cpi_headline_yoy,Headline CPI (YoY),ridge,eco_watchers_current_ma3,0.010996446541093054
BOJ,inflation,cpi_headline_yoy,Headline CPI (YoY),ridge,unemployment_rate_ma6,0.010933437680203148
BOJ,inflation,cpi_headline_yoy,Headline CPI (YoY),ridge,machine_tool_orders_yoy_ma3,0.010684763518289425
BOJ,inflation,cpi_headline_yoy,Headline CPI (YoY),ridge,ppi_yoy_lag6,0.009119914155101692
BOJ,inflation,cpi_headline_yoy,Headline CPI (YoY),ridge,services_pmi_lag3,0.008720403609398289
BOJ,inflation,cpi_headline_yoy,Headline CPI (YoY),ridge,target_lag1,0.008509412163250081
BOJ,inflation,cpi_headline_yoy,Headline CPI (YoY),ridge,ppi_mom_lag6,0.007238080706839717
BOJ,inflation,cpi_headline_yoy,Headline CPI (YoY),ridge,cpi_index_lag1_x_cpi_index_lag3,0.007004198034975073
BOJ,inflation,cpi_headline_yoy,Headline CPI (YoY),ridge,eco_watchers_current_ma6,0.006121526609566906
BOJ,inflation,cpi_headline_yoy,Headline CPI (YoY),ridge,eco_watchers_outlook_lag1,0.005746490125609545
BOJ,inflation,cpi_headline_yoy,Headline CPI (YoY),ridge,cpi_headline_mom_lag1,0.005563382423077281
BOJ,inflation,cpi_headline_yoy,Headline CPI (YoY),ridge,core_cpi_yoy_lag6,0.005542979403089068
BOJ,inflation,cpi_headline_yoy,Headline CPI (YoY),ridge,coincident_index_lag3,0.005531017025801483
BOJ,inflation,cpi_headline_yoy,Headline CPI (YoY),ridge,leading_economic_index_ma6,0.0054896493401693554
BOJ,inflation,cpi_headline_yoy,Headline CPI (YoY),ridge,coincident_index_ma6,0.00547294248794352
BOJ,inflation,cpi_headline_yoy,Headline CPI (YoY),ridge,unemployment_rate_ma3,0.005167143610319685
BOJ,inflation,cpi_headline_yoy,Headline CPI (YoY),ridge,eco_watchers_outlook_ma3,0.004829445332549166
BOJ,inflation,cpi_headline_yoy,Headline CPI (YoY),ridge,cpi_ex_food_energy_yoy_ma6,0.0044609250573760684
BOJ,inflation,cpi_headline_yoy,Headline CPI (YoY),ridge,cpi_headline_mom_ma3,0.004119958063923734
BOJ,inflation,cpi_headline_yoy,Headline CPI (YoY),ridge,eco_watchers_outlook_lag3,0.003790568246482423
BOJ,inflation,cpi_headline_yoy,Headline CPI (YoY),ridge,eco_watchers_outlook_lag6,0.0037719748646494076
BOJ,inflation,cpi_headline_yoy,Headline CPI (YoY),ridge,cpi_headline_mom_lag5,0.0037598824493098935
BOJ,inflation,cpi_headline_yoy,Headline CPI (YoY),ridge,core_cpi_yoy_ma6,0.0036433229649130354
BOJ,inflation,cpi_headline_yoy,Headline CPI (YoY),ridge,cpi_index_lag3,0.0036179037476711663
BOJ,inflation,cpi_headline_yoy,Headline CPI (YoY),ridge,ppi_yoy_ma3,0.0035220056405470723
BOJ,inflation,cpi_headline_yoy,Headline CPI (YoY),ridge,balance_of_trade_lag6,0.0034355959524108833
BOJ,inflation,cpi_headline_yoy,Headline CPI (YoY),ridge,coincident_index_lag6,0.00277650627895263
BOJ,inflation,cpi_headline_yoy,Headline CPI (YoY),ridge,leading_economic_index_ma3,0.0024086267462784263
BOJ,inflation,cpi_headline_yoy,Headline CPI (YoY),ridge,cpi_ex_food_energy_yoy_ma3,0.002359893753607583
BOJ,inflation,cpi_headline_yoy,Headline CPI (YoY),ridge,cpi_headline_mom_ma6,0.002284226616572394
BOJ,inflation,cpi_headline_yoy,Headline CPI (YoY),ridge,machine_tool_orders_yoy_lag1,0.0021202103698033654
BOJ,inflation,cpi_headline_yoy,Headline CPI (YoY),ridge,core_cpi_yoy_ma3,0.0017665051390483282
BOJ,inflation,cpi_headline_yoy,Headline CPI (YoY),ridge,cpi_ex_food_energy_yoy_lag3,0.0015920964569630088
BOJ,inflation,cpi_headline_yoy,Headline CPI (YoY),ridge,eco_watchers_current_lag1,0.0012168644766439095
BOJ,inflation,cpi_headline_yoy,Headline CPI (YoY),ridge,cpi_index_lag1,1.815157033885205e-05
BOJ,inflation,cpi_headline_yoy,Headline CPI (YoY),random_forest,coincident_index_ma3,0.2728273529254304
BOJ,inflation,cpi_headline_yoy,Headline CPI (YoY),random_forest,target_current,0.1776206813986165
BOJ,inflation,cpi_headline_yoy,Headline CPI (YoY),random_forest,target_lag1,0.14380226281021607
BOJ,inflation,cpi_headline_yoy,Headline CPI (YoY),random_forest,cpi_headline_mom_ma6,0.08173222993708701
BOJ,inflation,cpi_headline_yoy,Headline CPI (YoY),random_forest,coincident_index_lag1,0.07995733439540392
BOJ,inflation,cpi_headline_yoy,Headline CPI (YoY),random_forest,core_cpi_yoy_lag1,0.04292028281291608
BOJ,inflation,cpi_headline_yoy,Headline CPI (YoY),random_forest,target_ma3,0.027434251581722437
BOJ,inflation,cpi_headline_yoy,Headline CPI (YoY),random_forest,coincident_index_lag3,0.027062133876498723
BOJ,inflation,cpi_headline_yoy,Headline CPI (YoY),random_forest,coincident_index_ma6,0.0233263130804163
BOJ,inflation,cpi_headline_yoy,Headline CPI (YoY),random_forest,services_pmi_ma6,0.013944974639214472
BOJ,inflation,cpi_headline_yoy,Headline CPI (YoY),random_forest,ppi_yoy_lag6,0.013224706977863238
BOJ,inflation,cpi_headline_yoy,Headline CPI (YoY),random_forest,core_cpi_yoy_ma3,0.010541385168607063
BOJ,inflation,cpi_headline_yoy,Headline CPI (YoY),random_forest,balance_of_trade_ma6,0.00975242148284738
BOJ,inflation,cpi_headline_yoy,Headline CPI (YoY),random_forest,eco_watchers_current_ma6,0.009708935562532273
BOJ,inflation,cpi_headline_yoy,Headline CPI (YoY),random_forest,balance_of_trade_ma3,0.007239146925772633
BOJ,inflation,cpi_headline_yoy,Headline CPI (YoY),random_forest,unemployment_rate_lag1,0.005469176419586458
BOJ,inflation,cpi_headline_yoy,Headline CPI (YoY),random_forest,cpi_index_lag1,0.0047510613337213604
BOJ,inflation,cpi_headline_yoy,Headline CPI (YoY),random_forest,cpi_index_ma6,0.004505986357075528
BOJ,inflation,cpi_headline_yoy,Headline CPI (YoY),random_forest,unemployment_rate_ma3,0.0035122631955568817
BOJ,inflation,cpi_headline_yoy,Headline CPI (YoY),random_forest,leading_economic_index_ma6,0.0035110077084574533
BOJ,inflation,cpi_headline_yoy,Headline CPI (YoY),random_forest,ppi_yoy_ma6,0.0033694066001483227
BOJ,inflation,cpi_headline_yoy,Headline CPI (YoY),random_forest,leading_economic_index_lag6,0.003257499340763111
BOJ,inflation,cpi_headline_yoy,Headline CPI (YoY),random_forest,unemployment_rate_ma6,0.002749412528558393
BOJ,inflation,cpi_headline_yoy,Headline CPI (YoY),random_forest,ppi_mom_lag6,0.002191378183447292
BOJ,inflation,cpi_headline_yoy,Headline CPI (YoY),random_forest,coincident_index_lag6,0.00218250694622739
BOJ,inflation,cpi_headline_yoy,Headline CPI (YoY),random_forest,balance_of_trade_lag1,0.002064215585649363
BOJ,inflation,cpi_headline_yoy,Headline CPI (YoY),random_forest,eco_watchers_current_lag3,0.001806287117451509
BOJ,inflation,cpi_headline_yoy,Headline CPI (YoY),random_forest,services_pmi_lag6,0.0016434330618453087
BOJ,inflation,cpi_headline_yoy,Headline CPI (YoY),random_forest,eco_watchers_current_ma3,0.0013719117863136862
BOJ,inflation,cpi_headline_yoy,Headline CPI (YoY),random_forest,cpi_index_lag1_x_cpi_index_lag3,0.0011461621126090307
BOJ,inflation,cpi_headline_yoy,Headline CPI (YoY),random_forest,services_pmi_lag1,0.0010656686423492383
BOJ,inflation,cpi_headline_yoy,Headline CPI (YoY),random_forest,eco_watchers_outlook_ma6,0.0010162096979731818
BOJ,inflation,cpi_headline_yoy,Headline CPI (YoY),random_forest,eco_watchers_current_lag6,0.0009090893475201233
BOJ,inflation,cpi_headline_yoy,Headline CPI (YoY),random_forest,leading_economic_index_lag3,0.0008946110873056415
BOJ,inflation,cpi_headline_yoy,Headline CPI (YoY),random_forest,eco_watchers_outlook_lag6,0.0008853646759990812
BOJ,inflation,cpi_headline_yoy,Headline CPI (YoY),random_forest,eco_watchers_current_lag1,0.0008268698954685172
BOJ,inflation,cpi_headline_yoy,Headline CPI (YoY),random_forest,ppi_mom_lag1,0.0006569583537441696
BOJ,inflation,cpi_headline_yoy,Headline CPI (YoY),random_forest,eco_watchers_outlook_lag1,0.0005337153381044016
BOJ,inflation,cpi_headline_yoy,Headline CPI (YoY),random_forest,eco_watchers_outlook_lag3,0.0004937899556793995
BOJ,inflation,cpi_headline_yoy,Headline CPI (YoY),random_forest,machine_tool_orders_yoy_lag3,0.0004691211238322191
BOJ,inflation,cpi_headline_yoy,Headline CPI (YoY),random_forest,services_pmi_ma3,0.0004614221797280813
BOJ,inflation,cpi_headline_yoy,Headline CPI (YoY),random_forest,leading_economic_index_lag1,0.0004400407968013217
BOJ,inflation,cpi_headline_yoy,Headline CPI (YoY),random_forest,services_pmi_lag3,0.0004269126437521344
BOJ,inflation,cpi_headline_yoy,Headline CPI (YoY),random_forest,machine_tool_orders_yoy_lag6,0.0004258620085263131
BOJ,inflation,cpi_headline_yoy,Headline CPI (YoY),random_forest,core_cpi_yoy_lag6,0.0004004484720151045
BOJ,inflation,cpi_headline_yoy,Headline CPI (YoY),random_forest,ppi_yoy_lag3,0.0003994111605270458
BOJ,inflation,cpi_headline_yoy,Headline CPI (YoY),random_forest,cpi_headline_mom_ma3,0.00039175875966048477
BOJ,inflation,cpi_headline_yoy,Headline CPI (YoY),random_forest,cpi_headline_mom_lag5,0.000373617913956212
BOJ,inflation,cpi_headline_yoy,Headline CPI (YoY),random_forest,machine_tool_orders_yoy_ma6,0.0003509690499452257
BOJ,inflation,cpi_headline_yoy,Headline CPI (YoY),random_forest,core_cpi_yoy_ma6,0.0003310333113206348
BOJ,inflation,cpi_headline_yoy,Headline CPI (YoY),random_forest,cpi_ex_food_energy_yoy_lag1,0.0003300083999159397
BOJ,inflation,cpi_headline_yoy,Headline CPI (YoY),random_forest,balance_of_trade_lag6,0.0002990331956190176
BOJ,inflation,cpi_headline_yoy,Headline CPI (YoY),random_forest,cpi_ex_food_energy_yoy_ma3,0.0002826923410852099
BOJ,inflation,cpi_headline_yoy,Headline CPI (YoY),random_forest,balance_of_trade_lag3,0.00027593550784504157
BOJ,inflation,cpi_headline_yoy,Headline CPI (YoY),random_forest,cpi_headline_mom_lag1,0.00022496160496182383
BOJ,inflation,cpi_headline_yoy,Headline CPI (YoY),random_forest,ppi_yoy_ma3,0.00022068619669620218
BOJ,inflation,cpi_headline_yoy,Headline CPI (YoY),random_forest,cpi_index_lag3,0.00021854566215701355
BOJ,inflation,cpi_headline_yoy,Headline CPI (YoY),random_forest,cpi_ex_food_energy_yoy_lag3,0.0002067114253209618
BOJ,inflation,cpi_headline_yoy,Headline CPI (YoY),random_forest,cpi_ex_food_energy_yoy_lag6,0.00019863736972070987
BOJ,inflation,cpi_headline_yoy,Headline CPI (YoY),random_forest,cpi_headline_mom_lag3,0.00016339153237529476
BOJ,inflation,cpi_headline_yoy,Headline CPI (YoY),random_forest,cpi_index_ma3,0.00015407085980097645
BOJ,inflation,cpi_headline_yoy,Headline CPI (YoY),random_forest,ppi_mom_ma3,0.00015339005438049037
BOJ,inflation,cpi_headline_yoy,Headline CPI (YoY),random_forest,core_cpi_yoy_lag3,0.0001192783851845496
BOJ,inflation,cpi_headline_yoy,Headline CPI (YoY),random_forest,ppi_yoy_lag1,0.00011413059274078666
BOJ,inflation,cpi_headline_yoy,Headline CPI (YoY),random_forest,machine_tool_orders_yoy_lag1,0.00010857344833800646
BOJ,inflation,cpi_headline_yoy,Headline CPI (YoY),random_forest,eco_watchers_outlook_ma3,0.00010129190750403438
BOJ,inflation,cpi_headline_yoy,Headline CPI (YoY),random_forest,cpi_headline_mom_lag6,8.435354538842546e-05
BOJ,inflation,cpi_headline_yoy,Headline CPI (YoY),random_forest,cpi_ex_food_energy_yoy_ma6,8.202180352803048e-05
BOJ,inflation,cpi_headline_yoy,Headline CPI (YoY),random_forest,leading_economic_index_ma3,6.676961314224489e-05
BOJ,inflation,cpi_headline_yoy,Headline CPI (YoY),random_forest,machine_tool_orders_yoy_ma3,6.183449268647225e-05
BOJ,inflation,cpi_headline_yoy,Headline CPI (YoY),random_forest,ppi_mom_lag3,4.49965188006342e-05
BOJ,inflation,cpi_headline_yoy,Headline CPI (YoY),random_forest,cpi_index_lag6,4.128257610517066e-05
BOJ,inflation,cpi_headline_yoy,Headline CPI (YoY),random_forest,ppi_mom_ma6,3.095736001933045e-05
BOJ,inflation,cpi_headline_yoy,Headline CPI (YoY),random_forest,unemployment_rate_lag3,2.1130005491888207e-05
BOJ,inflation,cpi_headline_yoy,Headline CPI (YoY),random_forest,unemployment_rate_lag6,1.631933442774642e-05
BOJ,gdp_growth,gdp_qoq,GDP (QoQ),ridge,target_current,0.07894735219333501
BOJ,gdp_growth,gdp_qoq,GDP (QoQ),ridge,machinery_orders_mom_ma3,0.05952018934082883
BOJ,gdp_growth,gdp_qoq,GDP (QoQ),ridge,leading_economic_index_lag6,0.041940267722923634
BOJ,gdp_growth,gdp_qoq,GDP (QoQ),ridge,tertiary_industry_index_mom_ma6,0.04134060686367887
BOJ,gdp_growth,gdp_qoq,GDP (QoQ),ridge,retail_sales_mom_ma6,0.03460295953009723
BOJ,gdp_growth,gdp_qoq,GDP (QoQ),ridge,retail_sales_yoy_lag6,0.03053581921217704
BOJ,gdp_growth,gdp_qoq,GDP (QoQ),ridge,leading_economic_index_lag3,0.026446720614130143
BOJ,gdp_growth,gdp_qoq,GDP (QoQ),ridge,balance_of_trade_ma3,0.023208301824444375
BOJ,gdp_growth,gdp_qoq,GDP (QoQ),ridge,capacity_utilization_lag6,0.022925754195485874
BOJ,gdp_growth,gdp_qoq,GDP (QoQ),ridge,retail_sales_mom_lag6,0.02288438227614489
BOJ,gdp_growth,gdp_qoq,GDP (QoQ),ridge,balance_of_trade_lag1,0.022527278119545975
BOJ,gdp_growth,gdp_qoq,GDP (QoQ),ridge,services_pmi_lag1,0.02229868199063297
BOJ,gdp_growth,gdp_qoq,GDP (QoQ),ridge,services_pmi_ma3,0.02203223035094024
BOJ,gdp_growth,gdp_qoq,GDP (QoQ),ridge,machine_tool_orders_yoy_lag4,0.020092570304534506
BOJ,gdp_growth,gdp_qoq,GDP (QoQ),ridge,household_spending_mom_ma6,0.019289016103237917
BOJ,gdp_growth,gdp_qoq,GDP (QoQ),ridge,leading_economic_index_lag2,0.01878126781912398
BOJ,gdp_growth,gdp_qoq,GDP (QoQ),ridge,balance_of_trade_ma6,0.01863357049006611
BOJ,gdp_growth,gdp_qoq,GDP (QoQ),ridge,household_spending_mom_lag1,0.018314515303996453
BOJ,gdp_growth,gdp_qoq,GDP (QoQ),ridge,manufacturing_pmi_lag1,0.015796914659354733
BOJ,gdp_growth,gdp_qoq,GDP (QoQ),ridge,tertiary_industry_index_mom_lag1,0.015178964063755794
BOJ,gdp_growth,gdp_qoq,GDP (QoQ),ridge,industrial_production_mom_lag6,0.01469077378184895
BOJ,gdp_growth,gdp_qoq,GDP (QoQ),ridge,manufacturing_pmi_lag6,0.014376860514265056
BOJ,gdp_growth,gdp_qoq,GDP (QoQ),ridge,leading_economic_index_ma3,0.014283609066437733
BOJ,gdp_growth,gdp_qoq,GDP (QoQ),ridge,machinery_orders_mom_lag3,0.014155530063925973
BOJ,gdp_growth,gdp_qoq,GDP (QoQ),ridge,household_spending_mom_lag3,0.014037352633786417
BOJ,gdp_growth,gdp_qoq,GDP (QoQ),ridge,retail_sales_yoy_lag3,0.013800352315963195
BOJ,gdp_growth,gdp_qoq,GDP (QoQ),ridge,capacity_utilization_lag1,0.013330238784935321
BOJ,gdp_growth,gdp_qoq,GDP (QoQ),ridge,services_pmi_ma6,0.012569191379624907
BOJ,gdp_growth,gdp_qoq,GDP (QoQ),ridge,industrial_production_mom_lag3,0.012338289598952331
BOJ,gdp_growth,gdp_qoq,GDP (QoQ),ridge,machinery_orders_yoy_lag1,0.012278330050017723
BOJ,gdp_growth,gdp_qoq,GDP (QoQ),ridge,household_spending_yoy_lag4,0.012012961875541453
BOJ,gdp_growth,gdp_qoq,GDP (QoQ),ridge,balance_of_trade_lag3,0.01196839866518956
BOJ,gdp_growth,gdp_qoq,GDP (QoQ),ridge,machinery_orders_mom_ma6,0.011776330133190379
BOJ,gdp_growth,gdp_qoq,GDP (QoQ),ridge,leading_economic_index_ma6,0.011179717961370836
BOJ,gdp_growth,gdp_qoq,GDP (QoQ),ridge,capacity_utilization_ma3,0.010955073910937915
BOJ,gdp_growth,gdp_qoq,GDP (QoQ),ridge,household_spending_yoy_ma3,0.010937732763827528
BOJ,gdp_growth,gdp_qoq,GDP (QoQ),ridge,balance_of_trade_lag6,0.010748111361744417
BOJ,gdp_growth,gdp_qoq,GDP (QoQ),ridge,household_spending_yoy_lag1,0.010654369403882293
BOJ,gdp_growth,gdp_qoq,GDP (QoQ),ridge,capacity_utilization_ma6,0.01058115829496436
BOJ,gdp_growth,gdp_qoq,GDP (QoQ),ridge,household_spending_yoy_lag3,0.010494970543365742
BOJ,gdp_growth,gdp_qoq,GDP (QoQ),ridge,household_spending_mom_lag6,0.009841913919587079
BOJ,gdp_growth,gdp_qoq,GDP (QoQ),ridge,machine_tool_orders_yoy_ma6,0.00978029046514807
BOJ,gdp_growth,gdp_qoq,GDP (QoQ),ridge,capacity_utilization_lag3,0.009730556764847352
BOJ,gdp_growth,gdp_qoq,GDP (QoQ),ridge,retail_sales_mom_lag3,0.009486720783390117
BOJ,gdp_growth,gdp_qoq,GDP (QoQ),ridge,machinery_orders_mom_lag6,0.00928521099451945
BOJ,gdp_growth,gdp_qoq,GDP (QoQ),ridge,industrial_production_mom_ma3,0.008555129198158023
BOJ,gdp_growth,gdp_qoq,GDP (QoQ),ridge,machine_tool_orders_yoy_lag3,0.008245528883721258
BOJ,gdp_growth,gdp_qoq,GDP (QoQ),ridge,manufacturing_pmi_ma6,0.008229911254305538
BOJ,gdp_growth,gdp_qoq,GDP (QoQ),ridge,capacity_utilization_lag1_x_capacity_utilization_lag3,0.0076046776530576884
BOJ,gdp_growth,gdp_qoq,GDP (QoQ),ridge,retail_sales_yoy_ma6,0.007582806686397037
BOJ,gdp_growth,gdp_qoq,GDP (QoQ),ridge,target_lag1,0.007553505716318772
BOJ,gdp_growth,gdp_qoq,GDP (QoQ),ridge,industrial_production_mom_lag1,0.006901972768051943
BOJ,gdp_growth,gdp_qoq,GDP (QoQ),ridge,machine_tool_orders_yoy_lag6,0.006835874627344437
BOJ,gdp_growth,gdp_qoq,GDP (QoQ),ridge,manufacturing_pmi_lag3,0.005982174168889629
BOJ,gdp_growth,gdp_qoq,GDP (QoQ),ridge,machinery_orders_yoy_lag6,0.005674920508177509
BOJ,gdp_growth,gdp_qoq,GDP (QoQ),ridge,retail_sales_mom_ma3,0.0055186033753531726
BOJ,gdp_growth,gdp_qoq,GDP (QoQ),ridge,tertiary_industry_index_mom_lag6,0.005123873059524436
BOJ,gdp_growth,gdp_qoq,GDP (QoQ),ridge,machine_tool_orders_yoy_lag1,0.005051448365625236
BOJ,gdp_growth,gdp_qoq,GDP (QoQ),ridge,tertiary_industry_index_mom_ma3,0.004729242683151378
BOJ,gdp_growth,gdp_qoq,GDP (QoQ),ridge,services_pmi_lag6,0.004680055401956206
BOJ,gdp_growth,gdp_qoq,GDP (QoQ),ridge,retail_sales_yoy_ma3,0.0037613044378080065
BOJ,gdp_growth,gdp_qoq,GDP (QoQ),ridge,machinery_orders_yoy_ma3,0.0032667262382810097
BOJ,gdp_growth,gdp_qoq,GDP (QoQ),ridge,machine_tool_orders_yoy_ma3,0.0031514392583870472
BOJ,gdp_growth,gdp_qoq,GDP (QoQ),ridge,services_pmi_lag3,0.003111467798143256
BOJ,gdp_growth,gdp_qoq,GDP (QoQ),ridge,household_spending_yoy_ma6,0.002520126917992904
BOJ,gdp_growth,gdp_qoq,GDP (QoQ),ridge,target_ma3,0.0022398867921335896
BOJ,gdp_growth,gdp_qoq,GDP (QoQ),ridge,tertiary_industry_index_mom_lag3,0.002006637537252234
BOJ,gdp_growth,gdp_qoq,GDP (QoQ),ridge,machinery_orders_yoy_ma6,0.0018595130324714202
BOJ,gdp_growth,gdp_qoq,GDP (QoQ),ridge,retail_sales_yoy_lag1,0.0018154443572166868
BOJ,gdp_growth,gdp_qoq,GDP (QoQ),ridge,machinery_orders_mom_lag1,0.0017178175570235097
BOJ,gdp_growth,gdp_qoq,GDP (QoQ),ridge,industrial_production_mom_ma6,0.0011373258101927844
BOJ,gdp_growth,gdp_qoq,GDP (QoQ),ridge,retail_sales_mom_lag1,0.0010241762633234387
BOJ,gdp_growth,gdp_qoq,GDP (QoQ),ridge,leading_economic_index_lag1,0.0008626598120526036
BOJ,gdp_growth,gdp_qoq,GDP (QoQ),ridge,household_spending_yoy_lag6,0.000857663573770844
BOJ,gdp_growth,gdp_qoq,GDP (QoQ),ridge,household_spending_mom_ma3,0.0008407111216191959
BOJ,gdp_growth,gdp_qoq,GDP (QoQ),ridge,machinery_orders_yoy_lag3,0.0008208612196799662
BOJ,gdp_growth,gdp_qoq,GDP (QoQ),ridge,manufacturing_pmi_ma3,0.0001451049129203716
BOJ,gdp_growth,gdp_qoq,GDP (QoQ),random_forest,machinery_orders_mom_ma6,0.3933786162048102
BOJ,gdp_growth,gdp_qoq,GDP (QoQ),random_forest,target_current,0.115625961614475
BOJ,gdp_growth,gdp_qoq,GDP (QoQ),random_forest,manufacturing_pmi_lag3,0.04600628749945899
BOJ,gdp_growth,gdp_qoq,GDP (QoQ),random_forest,leading_economic_index_lag3,0.04567616392198067
BOJ,gdp_growth,gdp_qoq,GDP (QoQ),random_forest,machine_tool_orders_yoy_lag3,0.04412246548859756
BOJ,gdp_growth,gdp_qoq,GDP (QoQ),random_forest,tertiary_industry_index_mom_ma6,0.024334805792070622
BOJ,gdp_growth,gdp_qoq,GDP (QoQ),random_forest,services_pmi_ma6,0.023807604758250465
BOJ,gdp_growth,gdp_qoq,GDP (QoQ),random_forest,machine_tool_orders_yoy_ma6,0.023574270897786482
BOJ,gdp_growth,gdp_qoq,GDP (QoQ),random_forest,leading_economic_index_lag2,0.016637221377991382
BOJ,gdp_growth,gdp_qoq,GDP (QoQ),random_forest,manufacturing_pmi_ma3,0.014731973224533531
BOJ,gdp_growth,gdp_qoq,GDP (QoQ),random_forest,household_spending_yoy_ma3,0.012632117325010126
BOJ,gdp_growth,gdp_qoq,GDP (QoQ),random_forest,retail_sales_yoy_ma6,0.012258281125035063
BOJ,gdp_growth,gdp_qoq,GDP (QoQ),random_forest,machinery_orders_mom_lag3,0.011847018637112594
BOJ,gdp_growth,gdp_qoq,GDP (QoQ),random_forest,manufacturing_pmi_lag1,0.010394214781914081
BOJ,gdp_growth,gdp_qoq,GDP (QoQ),random_forest,machine_tool_orders_yoy_lag1,0.009921607654686875
BOJ,gdp_growth,gdp_qoq,GDP (QoQ),random_forest,services_pmi_lag3,0.009917085142728297
BOJ,gdp_growth,gdp_qoq,GDP (QoQ),random_forest,industrial_production_mom_ma6,0.009180567844801719
BOJ,gdp_growth,gdp_qoq,GDP (QoQ),random_forest,machinery_orders_yoy_lag1,0.009161112909564286
BOJ,gdp_growth,gdp_qoq,GDP (QoQ),random_forest,leading_economic_index_ma3,0.008651053316507718
BOJ,gdp_growth,gdp_qoq,GDP (QoQ),random_forest,household_spending_yoy_ma6,0.008565911620447042
BOJ,gdp_growth,gdp_qoq,GDP (QoQ),random_forest,retail_sales_mom_ma3,0.008215559636317165
BOJ,gdp_growth,gdp_qoq,GDP (QoQ),random_forest,services_pmi_ma3,0.008163889460478121
BOJ,gdp_growth,gdp_qoq,GDP (QoQ),random_forest,leading_economic_index_ma6,0.007837041947108896
BOJ,gdp_growth,gdp_qoq,GDP (QoQ),random_forest,services_pmi_lag1,0.007092531220563446
BOJ,gdp_growth,gdp_qoq,GDP (QoQ),random_forest,machinery_orders_yoy_ma3,0.00703921579856099
BOJ,gdp_growth,gdp_qoq,GDP (QoQ),random_forest,retail_sales_yoy_lag3,0.00682843741195518
BOJ,gdp_growth,gdp_qoq,GDP (QoQ),random_forest,target_lag1,0.0067336869573352545
BOJ,gdp_growth,gdp_qoq,GDP (QoQ),random_forest,machinery_orders_mom_ma3,0.006325779301899976
BOJ,gdp_growth,gdp_qoq,GDP (QoQ),random_forest,household_spending_mom_lag3,0.006316691835005806
BOJ,gdp_growth,gdp_qoq,GDP (QoQ),random_forest,retail_sales_yoy_ma3,0.004888130522962837
BOJ,gdp_growth,gdp_qoq,GDP (QoQ),random_forest,household_spending_yoy_lag3,0.0043249541343827755
BOJ,gdp_growth,gdp_qoq,GDP (QoQ),random_forest,manufacturing_pmi_lag6,0.004239162570021944
BOJ,gdp_growth,gdp_qoq,GDP (QoQ),random_forest,retail_sales_mom_lag1,0.004076129617319755
BOJ,gdp_growth,gdp_qoq,GDP (QoQ),random_forest,target_ma3,0.003975731213664831
BOJ,gdp_growth,gdp_qoq,GDP (QoQ),random_forest,leading_economic_index_lag1,0.003920696722430508
BOJ,gdp_growth,gdp_qoq,GDP (QoQ),random_forest,manufacturing_pmi_ma6,0.00380768337365797
BOJ,gdp_growth,gdp_qoq,GDP (QoQ),random_forest,machine_tool_orders_yoy_ma3,0.00364064053531322
BOJ,gdp_growth,gdp_qoq,GDP (QoQ),random_forest,capacity_utilization_lag1,0.003598416064792753
BOJ,gdp_growth,gdp_qoq,GDP (QoQ),random_forest,balance_of_trade_lag1,0.0034865787631685615
BOJ,gdp_growth,gdp_qoq,GDP (QoQ),random_forest,leading_economic_index_lag6,0.003200163083556128
BOJ,gdp_growth,gdp_qoq,GDP (QoQ),random_forest,tertiary_industry_index_mom_lag3,0.0030992793831358706
BOJ,gdp_growth,gdp_qoq,GDP (QoQ),random_forest,machinery_orders_yoy_lag3,0.002988611389439956
BOJ,gdp_growth,gdp_qoq,GDP (QoQ),random_forest,household_spending_mom_ma3,0.002575474674880907
BOJ,gdp_growth,gdp_qoq,GDP (QoQ),random_forest,machine_tool_orders_yoy_lag4,0.0023081159703469516
BOJ,gdp_growth,gdp_qoq,GDP (QoQ),random_forest,household_spending_yoy_lag4,0.0020602599684437146
BOJ,gdp_growth,gdp_qoq,GDP (QoQ),random_forest,household_spending_yoy_lag1,0.0020038169134218124
BOJ,gdp_growth,gdp_qoq,GDP (QoQ),random_forest,industrial_production_mom_lag1,0.0019072324045863738
BOJ,gdp_growth,gdp_qoq,GDP (QoQ),random_forest,industrial_production_mom_ma3,0.0018082385275202469
BOJ,gdp_growth,gdp_qoq,GDP (QoQ),random_forest,capacity_utilization_ma6,0.0018034044287275003
BOJ,gdp_growth,gdp_qoq,GDP (QoQ),random_forest,capacity_utilization_lag1_x_capacity_utilization_lag3,0.0017581338588187718
BOJ,gdp_growth,gdp_qoq,GDP (QoQ),random_forest,retail_sales_mom_lag3,0.0017400846578091464
BOJ,gdp_growth,gdp_qoq,GDP (QoQ),random_forest,household_spending_mom_lag6,0.001734328708879568
BOJ,gdp_growth,gdp_qoq,GDP (QoQ),random_forest,household_spending_yoy_lag6,0.0016173761449698371
BOJ,gdp_growth,gdp_qoq,GDP (QoQ),random_forest,capacity_utilization_ma3,0.0016061676905677609
BOJ,gdp_growth,gdp_qoq,GDP (QoQ),random_forest,retail_sales_yoy_lag1,0.0015645664231719151
BOJ,gdp_growth,gdp_qoq,GDP (QoQ),random_forest,household_spending_mom_lag1,0.001365201307250493
BOJ,gdp_growth,gdp_qoq,GDP (QoQ),random_forest,balance_of_trade_ma3,0.0011850968428078238
BOJ,gdp_growth,gdp_qoq,GDP (QoQ),random_forest,machinery_orders_yoy_lag6,0.000887300834282976
BOJ,gdp_growth,gdp_qoq,GDP (QoQ),random_forest,machinery_orders_mom_lag1,0.0008466212750471466
BOJ,gdp_growth,gdp_qoq,GDP (QoQ),random_forest,machine_tool_orders_yoy_lag6,0.000779787659416748
BOJ,gdp_growth,gdp_qoq,GDP (QoQ),random_forest,industrial_production_mom_lag3,0.0007250907690306576
BOJ,gdp_growth,gdp_qoq,GDP (QoQ),random_forest,balance_of_trade_ma6,0.000525680290086514
BOJ,gdp_growth,gdp_qoq,GDP (QoQ),random_forest,tertiary_industry_index_mom_ma3,0.000524432874678855
BOJ,gdp_growth,gdp_qoq,GDP (QoQ),random_forest,machinery_orders_mom_lag6,0.0005030419967975561
BOJ,gdp_growth,gdp_qoq,GDP (QoQ),random_forest,tertiary_industry_index_mom_lag6,0.000485665005000324
BOJ,gdp_growth,gdp_qoq,GDP (QoQ),random_forest,tertiary_industry_index_mom_lag1,0.00042533330909262597
BOJ,gdp_growth,gdp_qoq,GDP (QoQ),random_forest,capacity_utilization_lag3,0.0004147972174832317
BOJ,gdp_growth,gdp_qoq,GDP (QoQ),random_forest,retail_sales_mom_lag6,0.00036922031791462813
BOJ,gdp_growth,gdp_qoq,GDP (QoQ),random_forest,household_spending_mom_ma6,0.0003551165901558664
BOJ,gdp_growth,gdp_qoq,GDP (QoQ),random_forest,balance_of_trade_lag6,0.0003508117264563921
BOJ,gdp_growth,gdp_qoq,GDP (QoQ),random_forest,capacity_utilization_lag6,0.0003207177029948681
BOJ,gdp_growth,gdp_qoq,GDP (QoQ),random_forest,machinery_orders_yoy_ma6,0.00029109442680635153
BOJ,gdp_growth,gdp_qoq,GDP (QoQ),random_forest,balance_of_trade_lag3,0.00025965776918194963
BOJ,gdp_growth,gdp_qoq,GDP (QoQ),random_forest,industrial_production_mom_lag6,0.00023179104862793877
BOJ,gdp_growth,gdp_qoq,GDP (QoQ),random_forest,retail_sales_yoy_lag6,0.00021870785258026288
BOJ,gdp_growth,gdp_qoq,GDP (QoQ),random_forest,retail_sales_mom_ma6,0.0001425827258124268
BOJ,gdp_growth,gdp_qoq,GDP (QoQ),random_forest,services_pmi_lag6,8.169800551529057e-05
BOJ,unemployment,unemployment_rate,Unemployment Rate,ridge,tankan_small_manufacturers_index_lag1,0.04440523322254092
BOJ,unemployment,unemployment_rate,Unemployment Rate,ridge,target_current,0.0393910121658212
BOJ,unemployment,unemployment_rate,Unemployment Rate,ridge,machine_tool_orders_yoy_lag6,0.03856296427306275
BOJ,unemployment,unemployment_rate,Unemployment Rate,ridge,ppi_yoy_lag6,0.03756043975531934
BOJ,unemployment,unemployment_rate,Unemployment Rate,ridge,coincident_index_lag1,0.03566670228237667
BOJ,unemployment,unemployment_rate,Unemployment Rate,ridge,leading_economic_index_lag1,0.03433296989849888
BOJ,unemployment,unemployment_rate,Unemployment Rate,ridge,tankan_small_manufacturers_index_lag3,0.032545149470227505
BOJ,unemployment,unemployment_rate,Unemployment Rate,ridge,machine_tool_orders_yoy_ma6,0.029583396615923477
BOJ,unemployment,unemployment_rate,Unemployment Rate,ridge,reuters_tankan_index_lag3,0.024365746720558436
BOJ,unemployment,unemployment_rate,Unemployment Rate,ridge,tankan_small_manufacturers_index_lag6,0.02414216581101553
BOJ,unemployment,unemployment_rate,Unemployment Rate,ridge,services_pmi_lag3,0.023631263968777457
BOJ,unemployment,unemployment_rate,Unemployment Rate,ridge,balance_of_trade_lag3,0.023346916769633363
BOJ,unemployment,unemployment_rate,Unemployment Rate,ridge,reuters_tankan_index_lag1,0.02326369267600515
BOJ,unemployment,unemployment_rate,Unemployment Rate,ridge,services_pmi_ma3,0.02278809098961021
BOJ,unemployment,unemployment_rate,Unemployment Rate,ridge,target_ma3,0.0207754547232769
BOJ,unemployment,unemployment_rate,Unemployment Rate,ridge,machine_tool_orders_yoy_lag1,0.020766933272939273
BOJ,unemployment,unemployment_rate,Unemployment Rate,ridge,capacity_utilization_ma6,0.020424665594273906
BOJ,unemployment,unemployment_rate,Unemployment Rate,ridge,reuters_tankan_index_lag6,0.0202398327101644
BOJ,unemployment,unemployment_rate,Unemployment Rate,ridge,leading_economic_index_lag3,0.019403609150059727
BOJ,unemployment,unemployment_rate,Unemployment Rate,ridge,tankan_small_manufacturers_index_ma3,0.019128196624222018
BOJ,unemployment,unemployment_rate,Unemployment Rate,ridge,services_pmi_ma6,0.01851865195500019
BOJ,unemployment,unemployment_rate,Unemployment Rate,ridge,retail_sales_mom_ma3,0.018173628626889333
BOJ,unemployment,unemployment_rate,Unemployment Rate,ridge,industrial_production_mom_lag6,0.018103703647183132
BOJ,unemployment,unemployment_rate,Unemployment Rate,ridge,coincident_index_lag3,0.01798039695367072
BOJ,unemployment,unemployment_rate,Unemployment Rate,ridge,leading_economic_index_ma3,0.01769211160991982
BOJ,unemployment,unemployment_rate,Unemployment Rate,ridge,cpi_headline_yoy_lag6,0.01754808396368347
BOJ,unemployment,unemployment_rate,Unemployment Rate,ridge,capacity_utilization_lag3,0.01674576808530244
BOJ,unemployment,unemployment_rate,Unemployment Rate,ridge,cpi_headline_yoy_lag1_x_cpi_headline_yoy_lag3,0.015596226779968308
BOJ,unemployment,unemployment_rate,Unemployment Rate,ridge,cpi_ex_food_energy_yoy_lag1,0.015145787282893638
BOJ,unemployment,unemployment_rate,Unemployment Rate,ridge,coincident_index_ma6,0.01435221244411787
BOJ,unemployment,unemployment_rate,Unemployment Rate,ridge,ppi_yoy_lag1,0.013565276881655895
BOJ,unemployment,unemployment_rate,Unemployment Rate,ridge,cpi_index_lag6,0.013267323082304966
BOJ,unemployment,unemployment_rate,Unemployment Rate,ridge,cpi_headline_yoy_lag3,0.012850547963831477
BOJ,unemployment,unemployment_rate,Unemployment Rate,ridge,services_pmi_lag1,0.011672353004492438
BOJ,unemployment,unemployment_rate,Unemployment Rate,ridge,ppi_yoy_lag3,0.01156662261891933
BOJ,unemployment,unemployment_rate,Unemployment Rate,ridge,reuters_tankan_index_ma3,0.011274409905674378
BOJ,unemployment,unemployment_rate,Unemployment Rate,ridge,retail_sales_mom_lag6,0.011173874872144376
BOJ,unemployment,unemployment_rate,Unemployment Rate,ridge,cpi_ex_food_energy_yoy_lag3,0.010043686891672865
BOJ,unemployment,unemployment_rate,Unemployment Rate,ridge,cpi_index_lag1,0.009986409141170978
BOJ,unemployment,unemployment_rate,Unemployment Rate,ridge,machine_tool_orders_yoy_ma3,0.009795471432437959
BOJ,unemployment,unemployment_rate,Unemployment Rate,ridge,cpi_index_ma3,0.009115472455753068
BOJ,unemployment,unemployment_rate,Unemployment Rate,ridge,balance_of_trade_lag1,0.008428548667769457
BOJ,unemployment,unemployment_rate,Unemployment Rate,ridge,retail_sales_mom_lag1,0.008092476563966349
BOJ,unemployment,unemployment_rate,Unemployment Rate,ridge,reuters_tankan_index_ma6,0.007909557486064195
BOJ,unemployment,unemployment_rate,Unemployment Rate,ridge,capacity_utilization_ma3,0.007839392580636846
BOJ,unemployment,unemployment_rate,Unemployment Rate,ridge,cpi_headline_yoy_ma3,0.00777383541370038
BOJ,unemployment,unemployment_rate,Unemployment Rate,ridge,leading_economic_index_lag6,0.007719118579561082
BOJ,unemployment,unemployment_rate,Unemployment Rate,ridge,industrial_production_mom_lag1,0.00759093902965494
BOJ,unemployment,unemployment_rate,Unemployment Rate,ridge,ppi_yoy_ma6,0.0066338628684443
BOJ,unemployment,unemployment_rate,Unemployment Rate,ridge,ppi_yoy_ma3,0.006326410555161992
BOJ,unemployment,unemployment_rate,Unemployment Rate,ridge,services_pmi_lag6,0.006047202913653728
BOJ,unemployment,unemployment_rate,Unemployment Rate,ridge,coincident_index_lag6,0.0059484227124983234
BOJ,unemployment,unemployment_rate,Unemployment Rate,ridge,tankan_small_manufacturers_index_ma6,0.005692837705850127
BOJ,unemployment,unemployment_rate,Unemployment Rate,ridge,coincident_index_ma3,0.0056704781738398866
BOJ,unemployment,unemployment_rate,Unemployment Rate,ridge,cpi_ex_food_energy_yoy_lag6,0.005292818390251426
BOJ,unemployment,unemployment_rate,Unemployment Rate,ridge,balance_of_trade_ma6,0.004702698259963194
BOJ,unemployment,unemployment_rate,Unemployment Rate,ridge,industrial_production_mom_ma6,0.004317079553556551
BOJ,unemployment,unemployment_rate,Unemployment Rate,ridge,industrial_production_mom_ma3,0.003922887554674935
BOJ,unemployment,unemployment_rate,Unemployment Rate,ridge,cpi_index_lag3,0.00371365404198769
BOJ,unemployment,unemployment_rate,Unemployment Rate,ridge,cpi_headline_yoy_lag1,0.0036593527047880563
BOJ,unemployment,unemployment_rate,Unemployment Rate,ridge,retail_sales_mom_ma6,0.003557300522683512
BOJ,unemployment,unemployment_rate,Unemployment Rate,ridge,balance_of_trade_lag6,0.003526860304436281
BOJ,unemployment,unemployment_rate,Unemployment Rate,ridge,capacity_utilization_lag1,0.0035262244405747166
BOJ,unemployment,unemployment_rate,Unemployment Rate,ridge,industrial_production_mom_lag3,0.003457629124070064
BOJ,unemployment,unemployment_rate,Unemployment Rate,ridge,leading_economic_index_ma6,0.003201295299917581
BOJ,unemployment,unemployment_rate,Unemployment Rate,ridge,target_lag1,0.003061370216749978
BOJ,unemployment,unemployment_rate,Unemployment Rate,ridge,cpi_ex_food_energy_yoy_ma3,0.002830348769400484
BOJ,unemployment,unemployment_rate,Unemployment Rate,ridge,machine_tool_orders_yoy_lag3,0.002630460674438536
BOJ,unemployment,unemployment_rate,Unemployment Rate,ridge,cpi_headline_yoy_ma6,0.002476103603190599
BOJ,unemployment,unemployment_rate,Unemployment Rate,ridge,balance_of_trade_ma3,0.002046817228460509
BOJ,unemployment,unemployment_rate,Unemployment Rate,ridge,cpi_ex_food_energy_yoy_ma6,0.0018099223697485337
BOJ,unemployment,unemployment_rate,Unemployment Rate,ridge,retail_sales_mom_lag3,0.0014115897167501737
BOJ,unemployment,unemployment_rate,Unemployment Rate,ridge,capacity_utilization_lag6,0.0005465978122048329
BOJ,unemployment,unemployment_rate,Unemployment Rate,ridge,cpi_index_ma6,0.00014344986835688708
BOJ,unemployment,unemployment_rate,Unemployment Rate,random_forest,services_pmi_ma6,0.27082514711001976
BOJ,unemployment,unemployment_rate,Unemployment Rate,random_forest,cpi_headline_yoy_ma3,0.09422382729726328
BOJ,unemployment,unemployment_rate,Unemployment Rate,random_forest,tankan_small_manufacturers_index_lag6,0.08227811968632613
BOJ,unemployment,unemployment_rate,Unemployment Rate,random_forest,cpi_headline_yoy_lag1_x_cpi_headline_yoy_lag3,0.06277532109403844
BOJ,unemployment,unemployment_rate,Unemployment Rate,random_forest,coincident_index_ma3,0.053056658084149035
BOJ,unemployment,unemployment_rate,Unemployment Rate,random_forest,cpi_headline_yoy_lag3,0.04750405874743335
BOJ,unemployment,unemployment_rate,Unemployment Rate,random_forest,target_current,0.04725018335460536
BOJ,unemployment,unemployment_rate,Unemployment Rate,random_forest,coincident_index_lag1,0.03461465347722473
BOJ,unemployment,unemployment_rate,Unemployment Rate,random_forest,services_pmi_lag3,0.023071680343477508
BOJ,unemployment,unemployment_rate,Unemployment Rate,random_forest,coincident_index_ma6,0.021226523900104776
BOJ,unemployment,unemployment_rate,Unemployment Rate,random_forest,balance_of_trade_ma6,0.019954401523776054
BOJ,unemployment,unemployment_rate,Unemployment Rate,random_forest,retail_sales_mom_ma6,0.01545586333569793
BOJ,unemployment,unemployment_rate,Unemployment Rate,random_forest,cpi_ex_food_energy_yoy_ma6,0.013802535741084317
BOJ,unemployment,unemployment_rate,Unemployment Rate,random_forest,cpi_ex_food_energy_yoy_lag3,0.012989452434453663
BOJ,unemployment,unemployment_rate,Unemployment Rate,random_forest,cpi_headline_yoy_lag1,0.01179194700114165
BOJ,unemployment,unemployment_rate,Unemployment Rate,random_forest,capacity_utilization_lag1,0.01042374303904575
BOJ,unemployment,unemployment_rate,Unemployment Rate,random_forest,retail_sales_mom_lag1,0.009546961574359159
BOJ,unemployment,unemployment_rate,Unemployment Rate,random_forest,ppi_yoy_lag3,0.00850800760882666
BOJ,unemployment,unemployment_rate,Unemployment Rate,random_forest,services_pmi_ma3,0.007835902679790896
BOJ,unemployment,unemployment_rate,Unemployment Rate,random_forest,reuters_tankan_index_lag3,0.007833465862124207
BOJ,unemployment,unemployment_rate,Unemployment Rate,random_forest,retail_sales_mom_ma3,0.007318006759368912
BOJ,unemployment,unemployment_rate,Unemployment Rate,random_forest,capacity_utilization_ma3,0.006781477075530892
BOJ,unemployment,unemployment_rate,Unemployment Rate,random_forest,ppi_yoy_lag6,0.006675796808211982
BOJ,unemployment,unemployment_rate,Unemployment Rate,random_forest,machine_tool_orders_yoy_ma6,0.006423492308197434
BOJ,unemployment,unemployment_rate,Unemployment Rate,random_forest,balance_of_trade_ma3,0.005610496845015236
BOJ,unemployment,unemployment_rate,Unemployment Rate,random_forest,cpi_headline_yoy_ma6,0.005433588997386947
BOJ,unemployment,unemployment_rate,Unemployment Rate,random_forest,machine_tool_orders_yoy_lag6,0.005112692788263973
BOJ,unemployment,unemployment_rate,Unemployment Rate,random_forest,retail_sales_mom_lag6,0.005097984007111169
BOJ,unemployment,unemployment_rate,Unemployment Rate,random_forest,leading_economic_index_lag3,0.004735941340497457
BOJ,unemployment,unemployment_rate,Unemployment Rate,random_forest,cpi_index_lag1,0.004615140459817072
BOJ,unemployment,unemployment_rate,Unemployment Rate,random_forest,balance_of_trade_lag1,0.004419323520114794
BOJ,unemployment,unemployment_rate,Unemployment Rate,random_forest,cpi_ex_food_energy_yoy_ma3,0.004109030126347262
BOJ,unemployment,unemployment_rate,Unemployment Rate,random_forest,balance_of_trade_lag3,0.004104713958779653
BOJ,unemployment,unemployment_rate,Unemployment Rate,random_forest,tankan_small_manufacturers_index_ma6,0.004051411080291437
BOJ,unemployment,unemployment_rate,Unemployment Rate,random_forest,services_pmi_lag1,0.0035651658601528733
BOJ,unemployment,unemployment_rate,Unemployment Rate,random_forest,machine_tool_orders_yoy_lag1,0.0035636627370989066
BOJ,unemployment,unemployment_rate,Unemployment Rate,random_forest,industrial_production_mom_lag1,0.003491537212306278
BOJ,unemployment,unemployment_rate,Unemployment Rate,random_forest,capacity_utilization_ma6,0.0034144491586415486
BOJ,unemployment,unemployment_rate,Unemployment Rate,random_forest,industrial_production_mom_ma6,0.0032196077473543644
BOJ,unemployment,unemployment_rate,Unemployment Rate,random_forest,industrial_production_mom_lag3,0.0030798035355639984
BOJ,unemployment,unemployment_rate,Unemployment Rate,random_forest,target_lag1,0.0030701153264927916
BOJ,unemployment,unemployment_rate,Unemployment Rate,random_forest,leading_economic_index_lag1,0.0028686436841108705
BOJ,unemployment,unemployment_rate,Unemployment Rate,random_forest,machine_tool_orders_yoy_lag3,0.002852646868783755
BOJ,unemployment,unemployment_rate,Unemployment Rate,random_forest,cpi_ex_food_energy_yoy_lag1,0.002700477248092906
BOJ,unemployment,unemployment_rate,Unemployment Rate,random_forest,cpi_index_lag3,0.002654236360312831
BOJ,unemployment,unemployment_rate,Unemployment Rate,random_forest,reuters_tankan_index_ma3,0.0026120674380825963
BOJ,unemployment,unemployment_rate,Unemployment Rate,random_forest,services_pmi_lag6,0.002349234642358957
BOJ,unemployment,unemployment_rate,Unemployment Rate,random_forest,reuters_tankan_index_ma6,0.0019658950635147556
BOJ,unemployment,unemployment_rate,Unemployment Rate,random_forest,ppi_yoy_lag1,0.0019648801649098536
BOJ,unemployment,unemployment_rate,Unemployment Rate,random_forest,ppi_yoy_ma3,0.001962030611869595
BOJ,unemployment,unemployment_rate,Unemployment Rate,random_forest,ppi_yoy_ma6,0.0018999594242226487
BOJ,unemployment,unemployment_rate,Unemployment Rate,random_forest,tankan_small_manufacturers_index_ma3,0.0018028894240590763
BOJ,unemployment,unemployment_rate,Unemployment Rate,random_forest,capacity_utilization_lag6,0.0018015655962890273
BOJ,unemployment,unemployment_rate,Unemployment Rate,random_forest,tankan_small_manufacturers_index_lag3,0.0017320148905042027
BOJ,unemployment,unemployment_rate,Unemployment Rate,random_forest,capacity_utilization_lag3,0.001696996935775493
BOJ,unemployment,unemployment_rate,Unemployment Rate,random_forest,leading_economic_index_lag6,0.001684584355610462
BOJ,unemployment,unemployment_rate,Unemployment Rate,random_forest,tankan_small_manufacturers_index_lag1,0.0016437231146245034
BOJ,unemployment,unemployment_rate,Unemployment Rate,random_forest,balance_of_trade_lag6,0.0011613727509872105
BOJ,unemployment,unemployment_rate,Unemployment Rate,random_forest,leading_economic_index_ma6,0.0011321658114015975
BOJ,unemployment,unemployment_rate,Unemployment Rate,random_forest,cpi_index_lag6,0.0011017457556941534
BOJ,unemployment,unemployment_rate,Unemployment Rate,random_forest,leading_economic_index_ma3,0.0010277520389438482
BOJ,unemployment,unemployment_rate,Unemployment Rate,random_forest,cpi_headline_yoy_lag6,0.0010149449714934586
BOJ,unemployment,unemployment_rate,Unemployment Rate,random_forest,coincident_index_lag3,0.0010085546810353451
BOJ,unemployment,unemployment_rate,Unemployment Rate,random_forest,cpi_index_ma6,0.0009527687753876298
BOJ,unemployment,unemployment_rate,Unemployment Rate,random_forest,industrial_production_mom_ma3,0.0009232351073494869
BOJ,unemployment,unemployment_rate,Unemployment Rate,random_forest,retail_sales_mom_lag3,0.0009065412040685402
BOJ,unemployment,unemployment_rate,Unemployment Rate,random_forest,reuters_tankan_index_lag1,0.0008800217230626357
BOJ,unemployment,unemployment_rate,Unemployment Rate,random_forest,machine_tool_orders_yoy_ma3,0.0006930454652751606
BOJ,unemployment,unemployment_rate,Unemployment Rate,random_forest,industrial_production_mom_lag6,0.000506333877623441
BOJ,unemployment,unemployment_rate,Unemployment Rate,random_forest,coincident_index_lag6,0.0004534910026207162
BOJ,unemployment,unemployment_rate,Unemployment Rate,random_forest,target_ma3,0.00041872825825181137
BOJ,unemployment,unemployment_rate,Unemployment Rate,random_forest,cpi_index_ma3,0.0003958207086541611
BOJ,unemployment,unemployment_rate,Unemployment Rate,random_forest,reuters_tankan_index_lag6,0.0003061132913585882
BOJ,unemployment,unemployment_rate,Unemployment Rate,random_forest,cpi_ex_food_energy_yoy_lag6,6.362720618303021e-05
ECB,inflation,core_cpi_yoy,Core HICP (YoY),ridge,target_current,0.044132648674473904
ECB,inflation,core_cpi_yoy,Core HICP (YoY),ridge,cpi_headline_yoy_lag6,0.03693709648654925
ECB,inflation,core_cpi_yoy,Core HICP (YoY),ridge,cpi_headline_yoy_ma6,0.034339244411166946
ECB,inflation,core_cpi_yoy,Core HICP (YoY),ridge,economic_sentiment_lag1,0.03373640295320435
ECB,inflation,core_cpi_yoy,Core HICP (YoY),ridge,cpi_headline_yoy_lag1,0.033584420018628734
ECB,inflation,core_cpi_yoy,Core HICP (YoY),ridge,cpi_headline_yoy_lag3,0.033001220359161
ECB,inflation,core_cpi_yoy,Core HICP (YoY),ridge,economic_sentiment_lag3,0.0320159057861507
ECB,inflation,core_cpi_yoy,Core HICP (YoY),ridge,composite_pmi_lag6,0.03170464172679823
ECB,inflation,core_cpi_yoy,Core HICP (YoY),ridge,construction_output_yoy_ma3,0.029136849783325387
ECB,inflation,core_cpi_yoy,Core HICP (YoY),ridge,cpi_index_lag3,0.028281557216349323
ECB,inflation,core_cpi_yoy,Core HICP (YoY),ridge,zew_economic_sentiment_ma6,0.027811379228501867
ECB,inflation,core_cpi_yoy,Core HICP (YoY),ridge,gdp_qoq_ma3,0.02721297899262852
ECB,inflation,core_cpi_yoy,Core HICP (YoY),ridge,consumer_inflation_expectation_ma6,0.026114479957927074
ECB,inflation,core_cpi_yoy,Core HICP (YoY),ridge,cpi_headline_yoy_ma3,0.025416353327795526
ECB,inflation,core_cpi_yoy,Core HICP (YoY),ridge,cpi_index_lag1_x_cpi_index_lag3,0.02423148246534022
ECB,inflation,core_cpi_yoy,Core HICP (YoY),ridge,composite_pmi_lag3,0.023194659339052615
ECB,inflation,core_cpi_yoy,Core HICP (YoY),ridge,zew_economic_sentiment_ma3,0.022587870346003406
ECB,inflation,core_cpi_yoy,Core HICP (YoY),ridge,composite_pmi_lag1,0.021459636279439878
ECB,inflation,core_cpi_yoy,Core HICP (YoY),ridge,construction_output_yoy_lag1,0.0212307023022864
ECB,inflation,core_cpi_yoy,Core HICP (YoY),ridge,cpi_headline_mom_ma3,0.021100681933199916
ECB,inflation,core_cpi_yoy,Core HICP (YoY),ridge,zew_economic_sentiment_lag1,0.02104834614806402
ECB,inflation,core_cpi_yoy,Core HICP (YoY),ridge,unemployment_rate_lag6,0.02007981705029274
ECB,inflation,core_cpi_yoy,Core HICP (YoY),ridge,cpi_index_ma3,0.019804281992979154
ECB,inflation,core_cpi_yoy,Core HICP (YoY),ridge,gdp_qoq_ma6,0.019556747548592265
ECB,inflation,core_cpi_yoy,Core HICP (YoY),ridge,gdp_qoq_lag1,0.018622417803926306
ECB,inflation,core_cpi_yoy,Core HICP (YoY),ridge,zew_economic_sentiment_lag6,0.01712314458788579
ECB,inflation,core_cpi_yoy,Core HICP (YoY),ridge,cpi_headline_mom_ma6,0.016940947854437942
ECB,inflation,core_cpi_yoy,Core HICP (YoY),ridge,construction_output_yoy_lag3,0.015002280375478702
ECB,inflation,core_cpi_yoy,Core HICP (YoY),ridge,cpi_index_lag1,0.014616491681827312
ECB,inflation,core_cpi_yoy,Core HICP (YoY),ridge,cpi_index_ma6,0.013378018834166745
ECB,inflation,core_cpi_yoy,Core HICP (YoY),ridge,manufacturing_pmi_lag3,0.013053699357306402
ECB,inflation,core_cpi_yoy,Core HICP (YoY),ridge,economic_sentiment_ma3,0.01294711187136764
ECB,inflation,core_cpi_yoy,Core HICP (YoY),ridge,manufacturing_pmi_lag6,0.012687453444171118
ECB,inflation,core_cpi_yoy,Core HICP (YoY),ridge,gdp_qoq_lag6,0.012115219911067015
ECB,inflation,core_cpi_yoy,Core HICP (YoY),ridge,consumer_inflation_expectation_lag6,0.01144931220873477
ECB,inflation,core_cpi_yoy,Core HICP (YoY),ridge,manufacturing_pmi_ma6,0.011220313190995064
ECB,inflation,core_cpi_yoy,Core HICP (YoY),ridge,construction_output_yoy_ma6,0.010841731063100594
ECB,inflation,core_cpi_yoy,Core HICP (YoY),ridge,cpi_index_lag6,0.010360210699453901
ECB,inflation,core_cpi_yoy,Core HICP (YoY),ridge,consumer_confidence_ma3,0.01026478357455686
ECB,inflation,core_cpi_yoy,Core HICP (YoY),ridge,construction_output_yoy_lag6,0.009748574913737745
ECB,inflation,core_cpi_yoy,Core HICP (YoY),ridge,consumer_inflation_expectation_lag1,0.008963166150408236
ECB,inflation,core_cpi_yoy,Core HICP (YoY),ridge,cpi_headline_mom_lag6,0.008753751936929491
ECB,inflation,core_cpi_yoy,Core HICP (YoY),ridge,target_lag1,0.008314880907187452
ECB,inflation,core_cpi_yoy,Core HICP (YoY),ridge,consumer_confidence_lag3,0.008255668064202411
ECB,inflation,core_cpi_yoy,Core HICP (YoY),ridge,cpi_headline_mom_lag3,0.008246183927821178
ECB,inflation,core_cpi_yoy,Core HICP (YoY),ridge,consumer_confidence_lag1,0.007837347745531454
ECB,inflation,core_cpi_yoy,Core HICP (YoY),ridge,economic_sentiment_ma6,0.007797941100029933
ECB,inflation,core_cpi_yoy,Core HICP (YoY),ridge,zew_economic_sentiment_lag3,0.006994811234029733
ECB,inflation,core_cpi_yoy,Core HICP (YoY),ridge,unemployment_rate_lag1,0.00676543148092712
ECB,inflation,core_cpi_yoy,Core HICP (YoY),ridge,target_ma3,0.006490467392027097
ECB,inflation,core_cpi_yoy,Core HICP (YoY),ridge,manufacturing_pmi_lag1,0.006103959046644173
ECB,inflation,core_cpi_yoy,Core HICP (YoY),ridge,gdp_qoq_lag3,0.0054820290730459385
ECB,inflation,core_cpi_yoy,Core HICP (YoY),ridge,composite_pmi_ma6,0.005084404734759639
ECB,inflation,core_cpi_yoy,Core HICP (YoY),ridge,construction_output_mom_ma6,0.00485353081048032
ECB,inflation,core_cpi_yoy,Core HICP (YoY),ridge,construction_output_mom_ma3,0.004853530810480306
ECB,inflation,core_cpi_yoy,Core HICP (YoY),ridge,unemployment_rate_ma3,0.0044732452320735425
ECB,inflation,core_cpi_yoy,Core HICP (YoY),ridge,cpi_headline_mom_lag1,0.003992741451705097
ECB,inflation,core_cpi_yoy,Core HICP (YoY),ridge,consumer_inflation_expectation_ma3,0.003222700007382921
ECB,inflation,core_cpi_yoy,Core HICP (YoY),ridge,manufacturing_pmi_ma3,0.003093112569637066
ECB,inflation,core_cpi_yoy,Core HICP (YoY),ridge,economic_sentiment_lag6,0.0029525242254499185
ECB,inflation,core_cpi_yoy,Core HICP (YoY),ridge,consumer_inflation_expectation_lag3,0.0028461809025865903
ECB,inflation,core_cpi_yoy,Core HICP (YoY),ridge,construction_output_mom_lag1,0.0014504727479825485
ECB,inflation,core_cpi_yoy,Core HICP (YoY),ridge,unemployment_rate_ma6,0.0014435074823402685
ECB,inflation,core_cpi_yoy,Core HICP (YoY),ridge,consumer_confidence_ma6,0.001341589590529262
ECB,inflation,core_cpi_yoy,Core HICP (YoY),ridge,consumer_confidence_lag6,0.0009266664239423227
ECB,inflation,core_cpi_yoy,Core HICP (YoY),ridge,composite_pmi_ma3,0.000838718339398152
ECB,inflation,core_cpi_yoy,Core HICP (YoY),ridge,unemployment_rate_lag3,0.0005303209123423368
ECB,inflation,core_cpi_yoy,Core HICP (YoY),ridge,construction_output_mom_lag3,0.0
ECB,inflation,core_cpi_yoy,Core HICP (YoY),ridge,construction_output_mom_lag6,0.0
ECB,inflation,core_cpi_yoy,Core HICP (YoY),ridge,new_car_sales_yoy_lag1,0.0
ECB,inflation,core_cpi_yoy,Core HICP (YoY),ridge,new_car_sales_yoy_lag3,0.0
ECB,inflation,core_cpi_yoy,Core HICP (YoY),ridge,new_car_sales_yoy_lag6,0.0
ECB,inflation,core_cpi_yoy,Core HICP (YoY),ridge,new_car_sales_yoy_ma3,0.0
ECB,inflation,core_cpi_yoy,Core HICP (YoY),ridge,new_car_sales_yoy_ma6,0.0
ECB,inflation,core_cpi_yoy,Core HICP (YoY),random_forest,cpi_headline_yoy_ma6,0.4018960790955702
ECB,inflation,core_cpi_yoy,Core HICP (YoY),random_forest,target_current,0.18632446366431787
ECB,inflation,core_cpi_yoy,Core HICP (YoY),random_forest,cpi_headline_yoy_lag3,0.0728295355204061
ECB,inflation,core_cpi_yoy,Core HICP (YoY),random_forest,consumer_confidence_ma6,0.041956426946458424
ECB,inflation,core_cpi_yoy,Core HICP (YoY),random_forest,target_lag1,0.04008060448805117
ECB,inflation,core_cpi_yoy,Core HICP (YoY),random_forest,target_ma3,0.03304495916057969
ECB,inflation,core_cpi_yoy,Core HICP (YoY),random_forest,unemployment_rate_lag1,0.03254277652472341
ECB,inflation,core_cpi_yoy,Core HICP (YoY),random_forest,unemployment_rate_ma3,0.03193017298318907
ECB,inflation,core_cpi_yoy,Core HICP (YoY),random_forest,cpi_headline_yoy_ma3,0.026158386229797638
ECB,inflation,core_cpi_yoy,Core HICP (YoY),random_forest,unemployment_rate_lag3,0.024380210475008143
ECB,inflation,core_cpi_yoy,Core HICP (YoY),random_forest,unemployment_rate_ma6,0.020706739400350838
ECB,inflation,core_cpi_yoy,Core HICP (YoY),random_forest,cpi_headline_yoy_lag6,0.017954980788788186
ECB,inflation,core_cpi_yoy,Core HICP (YoY),random_forest,cpi_headline_yoy_lag1,0.015136313085268537
ECB,inflation,core_cpi_yoy,Core HICP (YoY),random_forest,zew_economic_sentiment_ma6,0.008652560291463007
ECB,inflation,core_cpi_yoy,Core HICP (YoY),random_forest,consumer_confidence_lag6,0.005382494028372338
ECB,inflation,core_cpi_yoy,Core HICP (YoY),random_forest,economic_sentiment_ma6,0.00431160147101676
ECB,inflation,core_cpi_yoy,Core HICP (YoY),random_forest,cpi_index_lag1_x_cpi_index_lag3,0.004244999427486599
ECB,inflation,core_cpi_yoy,Core HICP (YoY),random_forest,economic_sentiment_lag3,0.004183961963834305
ECB,inflation,core_cpi_yoy,Core HICP (YoY),random_forest,gdp_qoq_lag6,0.0032789129184800547
ECB,inflation,core_cpi_yoy,Core HICP (YoY),random_forest,manufacturing_pmi_ma6,0.0019643299046957917
ECB,inflation,core_cpi_yoy,Core HICP (YoY),random_forest,consumer_confidence_lag3,0.0018876646799353422
ECB,inflation,core_cpi_yoy,Core HICP (YoY),random_forest,gdp_qoq_ma3,0.001847647179103894
ECB,inflation,core_cpi_yoy,Core HICP (YoY),random_forest,zew_economic_sentiment_lag6,0.0017749400335399755
ECB,inflation,core_cpi_yoy,Core HICP (YoY),random_forest,consumer_confidence_ma3,0.0014037764427683238
ECB,inflation,core_cpi_yoy,Core HICP (YoY),random_forest,manufacturing_pmi_lag6,0.001381231296562733
ECB,inflation,core_cpi_yoy,Core HICP (YoY),random_forest,construction_output_yoy_ma3,0.0013160343148658276
ECB,inflation,core_cpi_yoy,Core HICP (YoY),random_forest,construction_output_yoy_lag6,0.0011530655791195594
ECB,inflation,core_cpi_yoy,Core HICP (YoY),random_forest,gdp_qoq_lag1,0.0011352577245843094
ECB,inflation,core_cpi_yoy,Core HICP (YoY),random_forest,zew_economic_sentiment_lag1,0.0010541255190473294
ECB,inflation,core_cpi_yoy,Core HICP (YoY),random_forest,consumer_inflation_expectation_lag1,0.0009936841592981891
ECB,inflation,core_cpi_yoy,Core HICP (YoY),random_forest,economic_sentiment_lag1,0.0008441499308101204
ECB,inflation,core_cpi_yoy,Core HICP (YoY),random_forest,economic_sentiment_ma3,0.0006900281769652133
ECB,inflation,core_cpi_yoy,Core HICP (YoY),random_forest,consumer_inflation_expectation_ma6,0.0006671677575183649
ECB,inflation,core_cpi_yoy,Core HICP (YoY),random_forest,zew_economic_sentiment_ma3,0.0006467005411362558
ECB,inflation,core_cpi_yoy,Core HICP (YoY),random_forest,construction_output_yoy_ma6,0.0005948020250229878
ECB,inflation,core_cpi_yoy,Core HICP (YoY),random_forest,gdp_qoq_lag3,0.0005915004996080487
ECB,inflation,core_cpi_yoy,Core HICP (YoY),random_forest,consumer_inflation_expectation_lag6,0.0004645451364044817
ECB,inflation,core_cpi_yoy,Core HICP (YoY),random_forest,composite_pmi_ma6,0.00043605072733147467
ECB,inflation,core_cpi_yoy,Core HICP (YoY),random_forest,composite_pmi_lag6,0.0004313086567645216
ECB,inflation,core_cpi_yoy,Core HICP (YoY),random_forest,zew_economic_sentiment_lag3,0.00033176762220853996
ECB,inflation,core_cpi_yoy,Core HICP (YoY),random_forest,consumer_inflation_expectation_ma3,0.00030375620421221574
ECB,inflation,core_cpi_yoy,Core HICP (YoY),random_forest,gdp_qoq_ma6,0.00030194422024877956
ECB,inflation,core_cpi_yoy,Core HICP (YoY),random_forest,cpi_headline_mom_lag1,0.0002523690937161765
ECB,inflation,core_cpi_yoy,Core HICP (YoY),random_forest,unemployment_rate_lag6,0.00023501961753248028
ECB,inflation,core_cpi_yoy,Core HICP (YoY),random_forest,cpi_index_lag3,0.00020404311565622347
ECB,inflation,core_cpi_yoy,Core HICP (YoY),random_forest,consumer_confidence_lag1,0.0001748802109301241
ECB,inflation,core_cpi_yoy,Core HICP (YoY),random_forest,cpi_headline_mom_lag6,0.00017237250469602042
ECB,inflation,core_cpi_yoy,Core HICP (YoY),random_forest,economic_sentiment_lag6,0.00016418035179920364
ECB,inflation,core_cpi_yoy,Core HICP (YoY),random_forest,construction_output_yoy_lag1,0.0001622673651830822
ECB,inflation,core_cpi_yoy,Core HICP (YoY),random_forest,cpi_headline_mom_ma6,0.0001523686197921318
ECB,inflation,core_cpi_yoy,Core HICP (YoY),random_forest,cpi_headline_mom_ma3,0.0001509762232289473
ECB,inflation,core_cpi_yoy,Core HICP (YoY),random_forest,manufacturing_pmi_lag1,0.00014167869488938484
ECB,inflation,core_cpi_yoy,Core HICP (YoY),random_forest,cpi_headline_mom_lag3,0.0001391577406190859
ECB,inflation,core_cpi_yoy,Core HICP (YoY),random_forest,construction_output_yoy_lag3,0.00012975750776656465
ECB,inflation,core_cpi_yoy,Core HICP (YoY),random_forest,cpi_index_ma6,0.00011217762439645954
ECB,inflation,core_cpi_yoy,Core HICP (YoY),random_forest,manufacturing_pmi_lag3,0.00010519512961281213
ECB,inflation,core_cpi_yoy,Core HICP (YoY),random_forest,cpi_index_ma3,0.00010403272511366141
ECB,inflation,core_cpi_yoy,Core HICP (YoY),random_forest,composite_pmi_lag3,9.634495905565555e-05
ECB,inflation,core_cpi_yoy,Core HICP (YoY),random_forest,composite_pmi_ma3,8.27651607189978e-05
ECB,inflation,core_cpi_yoy,Core HICP (YoY),random_forest,cpi_index_lag6,7.195130761975809e-05
ECB,inflation,core_cpi_yoy,Core HICP (YoY),random_forest,manufacturing_pmi_ma3,6.437281094024139e-05
ECB,inflation,core_cpi_yoy,Core HICP (YoY),random_forest,composite_pmi_lag1,4.657254181670546e-05
ECB,inflation,core_cpi_yoy,Core HICP (YoY),random_forest,consumer_inflation_expectation_lag3,2.2132622208009312e-05
ECB,inflation,core_cpi_yoy,Core HICP (YoY),random_forest,cpi_index_lag1,3.727277793655346e-06
ECB,inflation,core_cpi_yoy,Core HICP (YoY),random_forest,construction_output_mom_lag1,0.0
ECB,inflation,core_cpi_yoy,Core HICP (YoY),random_forest,construction_output_mom_lag3,0.0
ECB,inflation,core_cpi_yoy,Core HICP (YoY),random_forest,construction_output_mom_lag6,0.0
ECB,inflation,core_cpi_yoy,Core HICP (YoY),random_forest,construction_output_mom_ma3,0.0
ECB,inflation,core_cpi_yoy,Core HICP (YoY),random_forest,construction_output_mom_ma6,0.0
ECB,inflation,core_cpi_yoy,Core HICP (YoY),random_forest,new_car_sales_yoy_lag1,0.0
ECB,inflation,core_cpi_yoy,Core HICP (YoY),random_forest,new_car_sales_yoy_lag3,0.0
ECB,inflation,core_cpi_yoy,Core HICP (YoY),random_forest,new_car_sales_yoy_lag6,0.0
ECB,inflation,core_cpi_yoy,Core HICP (YoY),random_forest,new_car_sales_yoy_ma3,0.0
ECB,inflation,core_cpi_yoy,Core HICP (YoY),random_forest,new_car_sales_yoy_ma6,0.0
ECB,gdp_growth,gdp_qoq,GDP (QoQ),ridge,target_current,0.0657146344763869
ECB,gdp_growth,gdp_qoq,GDP (QoQ),ridge,manufacturing_pmi_lag1_x_manufacturing_pmi_lag3,0.06515343389967305
ECB,gdp_growth,gdp_qoq,GDP (QoQ),ridge,manufacturing_pmi_lag3,0.05490488336645315
ECB,gdp_growth,gdp_qoq,GDP (QoQ),ridge,economic_sentiment_lag1,0.045544465602673424
ECB,gdp_growth,gdp_qoq,GDP (QoQ),ridge,cpi_headline_yoy_lag6,0.045540485321419334
ECB,gdp_growth,gdp_qoq,GDP (QoQ),ridge,consumer_confidence_lag6,0.038196568581190145
ECB,gdp_growth,gdp_qoq,GDP (QoQ),ridge,economic_sentiment_lag3,0.03510212339467955
ECB,gdp_growth,gdp_qoq,GDP (QoQ),ridge,manufacturing_pmi_lag6,0.03363144057869067
ECB,gdp_growth,gdp_qoq,GDP (QoQ),ridge,composite_pmi_lag6,0.03354183594074939
ECB,gdp_growth,gdp_qoq,GDP (QoQ),ridge,zew_economic_sentiment_lag3,0.033301726082261604
ECB,gdp_growth,gdp_qoq,GDP (QoQ),ridge,target_ma3,0.033274434185440765
ECB,gdp_growth,gdp_qoq,GDP (QoQ),ridge,construction_output_yoy_ma6,0.03278445312863187
ECB,gdp_growth,gdp_qoq,GDP (QoQ),ridge,target_lag1,0.02711777604976301
ECB,gdp_growth,gdp_qoq,GDP (QoQ),ridge,cpi_headline_mom_lag3,0.02548977481865538
ECB,gdp_growth,gdp_qoq,GDP (QoQ),ridge,unemployment_rate_lag6,0.024904324930759378
ECB,gdp_growth,gdp_qoq,GDP (QoQ),ridge,core_cpi_yoy_lag6,0.024242097524909214
ECB,gdp_growth,gdp_qoq,GDP (QoQ),ridge,construction_output_yoy_ma3,0.02065706692810193
ECB,gdp_growth,gdp_qoq,GDP (QoQ),ridge,cpi_headline_mom_ma3,0.020431227276886017
ECB,gdp_growth,gdp_qoq,GDP (QoQ),ridge,consumer_inflation_expectation_lag1,0.01888459846148156
ECB,gdp_growth,gdp_qoq,GDP (QoQ),ridge,manufacturing_pmi_ma6,0.018475769884397347
ECB,gdp_growth,gdp_qoq,GDP (QoQ),ridge,consumer_inflation_expectation_lag6,0.01766908140259119
ECB,gdp_growth,gdp_qoq,GDP (QoQ),ridge,cpi_index_lag3,0.016958554703574352
ECB,gdp_growth,gdp_qoq,GDP (QoQ),ridge,cpi_headline_yoy_lag3,0.015717673990404565
ECB,gdp_growth,gdp_qoq,GDP (QoQ),ridge,core_cpi_yoy_lag1,0.014571091322820395
ECB,gdp_growth,gdp_qoq,GDP (QoQ),ridge,construction_output_yoy_lag1,0.014114370516404427
ECB,gdp_growth,gdp_qoq,GDP (QoQ),ridge,core_cpi_yoy_lag3,0.0139295178663817
ECB,gdp_growth,gdp_qoq,GDP (QoQ),ridge,manufacturing_pmi_lag1,0.013785743967297998
ECB,gdp_growth,gdp_qoq,GDP (QoQ),ridge,economic_sentiment_ma3,0.013593911912158238
ECB,gdp_growth,gdp_qoq,GDP (QoQ),ridge,zew_economic_sentiment_ma3,0.013397800586334205
ECB,gdp_growth,gdp_qoq,GDP (QoQ),ridge,cpi_index_lag1,0.011355219409089937
ECB,gdp_growth,gdp_qoq,GDP (QoQ),ridge,consumer_confidence_ma6,0.010976400009964655
ECB,gdp_growth,gdp_qoq,GDP (QoQ),ridge,consumer_confidence_lag3,0.01051340049523214
ECB,gdp_growth,gdp_qoq,GDP (QoQ),ridge,unemployment_rate_lag3,0.009959463650811356
ECB,gdp_growth,gdp_qoq,GDP (QoQ),ridge,cpi_index_lag6,0.007826037173425667
ECB,gdp_growth,gdp_qoq,GDP (QoQ),ridge,cpi_headline_yoy_lag1,0.0067766169429532225
ECB,gdp_growth,gdp_qoq,GDP (QoQ),ridge,core_cpi_yoy_ma6,0.0065675299870461695
ECB,gdp_growth,gdp_qoq,GDP (QoQ),ridge,consumer_confidence_lag1,0.006212213733734855
ECB,gdp_growth,gdp_qoq,GDP (QoQ),ridge,construction_output_mom_lag1,0.0061784734759793205
ECB,gdp_growth,gdp_qoq,GDP (QoQ),ridge,composite_pmi_lag1,0.00614459205052217
ECB,gdp_growth,gdp_qoq,GDP (QoQ),ridge,consumer_inflation_expectation_ma3,0.00604309671410973
ECB,gdp_growth,gdp_qoq,GDP (QoQ),ridge,economic_sentiment_lag6,0.005885642162846158
ECB,gdp_growth,gdp_qoq,GDP (QoQ),ridge,construction_output_yoy_lag3,0.005884850592686805
ECB,gdp_growth,gdp_qoq,GDP (QoQ),ridge,unemployment_rate_lag1,0.0058408369740683246
ECB,gdp_growth,gdp_qoq,GDP (QoQ),ridge,cpi_index_ma6,0.005686220072261137
ECB,gdp_growth,gdp_qoq,GDP (QoQ),ridge,core_cpi_yoy_ma3,0.005633199677736782
ECB,gdp_growth,gdp_qoq,GDP (QoQ),ridge,economic_sentiment_ma6,0.0053611296473622585
ECB,gdp_growth,gdp_qoq,GDP (QoQ),ridge,cpi_headline_mom_ma6,0.0052056015865696624
ECB,gdp_growth,gdp_qoq,GDP (QoQ),ridge,unemployment_rate_ma6,0.005124554864412583
ECB,gdp_growth,gdp_qoq,GDP (QoQ),ridge,cpi_headline_yoy_ma3,0.004794596892382287
ECB,gdp_growth,gdp_qoq,GDP (QoQ),ridge,consumer_confidence_ma3,0.004765111229193277
ECB,gdp_growth,gdp_qoq,GDP (QoQ),ridge,manufacturing_pmi_ma3,0.003431758194882021
ECB,gdp_growth,gdp_qoq,GDP (QoQ),ridge,construction_output_mom_ma6,0.002804683115771013
ECB,gdp_growth,gdp_qoq,GDP (QoQ),ridge,construction_output_mom_ma3,0.002804683115771002
ECB,gdp_growth,gdp_qoq,GDP (QoQ),ridge,zew_economic_sentiment_lag6,0.0026128415715062784
ECB,gdp_growth,gdp_qoq,GDP (QoQ),ridge,cpi_index_ma3,0.0022575143341619646
ECB,gdp_growth,gdp_qoq,GDP (QoQ),ridge,composite_pmi_ma3,0.0017367748523439126
ECB,gdp_growth,gdp_qoq,GDP (QoQ),ridge,composite_pmi_ma6,0.0017138505660666081
ECB,gdp_growth,gdp_qoq,GDP (QoQ),ridge,zew_economic_sentiment_ma6,0.0016375416854886179
ECB,gdp_growth,gdp_qoq,GDP (QoQ),ridge,composite_pmi_lag3,0.0013838448127406649
ECB,gdp_growth,gdp_qoq,GDP (QoQ),ridge,cpi_headline_yoy_ma6,0.0013658533475861912
ECB,gdp_growth,gdp_qoq,GDP (QoQ),ridge,consumer_inflation_expectation_lag3,0.0013146000590887315
ECB,gdp_growth,gdp_qoq,GDP (QoQ),ridge,cpi_headline_mom_lag6,0.001314545052942623
ECB,gdp_growth,gdp_qoq,GDP (QoQ),ridge,zew_economic_sentiment_lag1,0.0012426259109409776
ECB,gdp_growth,gdp_qoq,GDP (QoQ),ridge,unemployment_rate_ma3,0.0006297560929889566
ECB,gdp_growth,gdp_qoq,GDP (QoQ),ridge,consumer_inflation_expectation_ma6,0.0002988276736439563
ECB,gdp_growth,gdp_qoq,GDP (QoQ),ridge,construction_output_yoy_lag6,7.897407297547054e-05
ECB,gdp_growth,gdp_qoq,GDP (QoQ),ridge,cpi_headline_mom_lag1,5.671497541830759e-06
ECB,gdp_growth,gdp_qoq,GDP (QoQ),ridge,construction_output_mom_lag3,0.0
ECB,gdp_growth,gdp_qoq,GDP (QoQ),ridge,construction_output_mom_lag6,0.0
ECB,gdp_growth,gdp_qoq,GDP (QoQ),ridge,new_car_sales_yoy_lag1,0.0
ECB,gdp_growth,gdp_qoq,GDP (QoQ),ridge,new_car_sales_yoy_lag3,0.0
ECB,gdp_growth,gdp_qoq,GDP (QoQ),ridge,new_car_sales_yoy_lag6,0.0
ECB,gdp_growth,gdp_qoq,GDP (QoQ),ridge,new_car_sales_yoy_ma3,0.0
ECB,gdp_growth,gdp_qoq,GDP (QoQ),ridge,new_car_sales_yoy_ma6,0.0
ECB,gdp_growth,gdp_qoq,GDP (QoQ),random_forest,target_current,0.3759056830332288
ECB,gdp_growth,gdp_qoq,GDP (QoQ),random_forest,target_lag1,0.10096485054385776
ECB,gdp_growth,gdp_qoq,GDP (QoQ),random_forest,economic_sentiment_lag1,0.09589987195552081
ECB,gdp_growth,gdp_qoq,GDP (QoQ),random_forest,construction_output_yoy_ma3,0.07307668033313816
ECB,gdp_growth,gdp_qoq,GDP (QoQ),random_forest,construction_output_yoy_lag1,0.06343603123293096
ECB,gdp_growth,gdp_qoq,GDP (QoQ),random_forest,manufacturing_pmi_ma3,0.05117921261240076
ECB,gdp_growth,gdp_qoq,GDP (QoQ),random_forest,manufacturing_pmi_ma6,0.042328498839529466
ECB,gdp_growth,gdp_qoq,GDP (QoQ),random_forest,economic_sentiment_ma3,0.02968392207939595
ECB,gdp_growth,gdp_qoq,GDP (QoQ),random_forest,target_ma3,0.02335761630123774
ECB,gdp_growth,gdp_qoq,GDP (QoQ),random_forest,cpi_headline_mom_ma3,0.02191825538592372
ECB,gdp_growth,gdp_qoq,GDP (QoQ),random_forest,construction_output_yoy_lag3,0.0132645643530118
ECB,gdp_growth,gdp_qoq,GDP (QoQ),random_forest,manufacturing_pmi_lag3,0.013139471312442273
ECB,gdp_growth,gdp_qoq,GDP (QoQ),random_forest,manufacturing_pmi_lag1,0.008842070924782279
ECB,gdp_growth,gdp_qoq,GDP (QoQ),random_forest,zew_economic_sentiment_lag1,0.008746205126073457
ECB,gdp_growth,gdp_qoq,GDP (QoQ),random_forest,manufacturing_pmi_lag1_x_manufacturing_pmi_lag3,0.008082355012221609
ECB,gdp_growth,gdp_qoq,GDP (QoQ),random_forest,unemployment_rate_lag6,0.007892025141664726
ECB,gdp_growth,gdp_qoq,GDP (QoQ),random_forest,core_cpi_yoy_lag6,0.006776699023651579
ECB,gdp_growth,gdp_qoq,GDP (QoQ),random_forest,consumer_confidence_ma6,0.006383292959360329
ECB,gdp_growth,gdp_qoq,GDP (QoQ),random_forest,zew_economic_sentiment_ma3,0.0051688140063263985
ECB,gdp_growth,gdp_qoq,GDP (QoQ),random_forest,consumer_confidence_lag1,0.004667180656969233
ECB,gdp_growth,gdp_qoq,GDP (QoQ),random_forest,consumer_confidence_ma3,0.004001110915502078
ECB,gdp_growth,gdp_qoq,GDP (QoQ),random_forest,core_cpi_yoy_ma6,0.0038279983300650577
ECB,gdp_growth,gdp_qoq,GDP (QoQ),random_forest,cpi_headline_yoy_lag6,0.0036284856004824844
ECB,gdp_growth,gdp_qoq,GDP (QoQ),random_forest,cpi_headline_yoy_ma6,0.0033296537692540868
ECB,gdp_growth,gdp_qoq,GDP (QoQ),random_forest,construction_output_yoy_ma6,0.003102840839658525
ECB,gdp_growth,gdp_qoq,GDP (QoQ),random_forest,unemployment_rate_ma6,0.0028349061808578967
ECB,gdp_growth,gdp_qoq,GDP (QoQ),random_forest,cpi_headline_yoy_lag1,0.0026783952435223213
ECB,gdp_growth,gdp_qoq,GDP (QoQ),random_forest,unemployment_rate_lag1,0.0025031950274917165
ECB,gdp_growth,gdp_qoq,GDP (QoQ),random_forest,cpi_headline_yoy_ma3,0.0016191656318492698
ECB,gdp_growth,gdp_qoq,GDP (QoQ),random_forest,unemployment_rate_lag3,0.0014232575653306653
ECB,gdp_growth,gdp_qoq,GDP (QoQ),random_forest,consumer_confidence_lag6,0.0013126174981315836
ECB,gdp_growth,gdp_qoq,GDP (QoQ),random_forest,construction_output_yoy_lag6,0.0010355045484199184
ECB,gdp_growth,gdp_qoq,GDP (QoQ),random_forest,cpi_headline_yoy_lag3,0.001034223873835279
ECB,gdp_growth,gdp_qoq,GDP (QoQ),random_forest,consumer_inflation_expectation_lag3,0.0008375452022548425
ECB,gdp_growth,gdp_qoq,GDP (QoQ),random_forest,consumer_inflation_expectation_lag6,0.0007034332995205722
ECB,gdp_growth,gdp_qoq,GDP (QoQ),random_forest,zew_economic_sentiment_lag3,0.0004779320165671333
ECB,gdp_growth,gdp_qoq,GDP (QoQ),random_forest,cpi_index_lag3,0.00044337036522597913
ECB,gdp_growth,gdp_qoq,GDP (QoQ),random_forest,zew_economic_sentiment_ma6,0.00040441660059060416
ECB,gdp_growth,gdp_qoq,GDP (QoQ),random_forest,consumer_confidence_lag3,0.0003823277425374408
ECB,gdp_growth,gdp_qoq,GDP (QoQ),random_forest,zew_economic_sentiment_lag6,0.000337992663012299
ECB,gdp_growth,gdp_qoq,GDP (QoQ),random_forest,core_cpi_yoy_ma3,0.0003340780278241357
ECB,gdp_growth,gdp_qoq,GDP (QoQ),random_forest,core_cpi_yoy_lag1,0.0003182677476697075
ECB,gdp_growth,gdp_qoq,GDP (QoQ),random_forest,manufacturing_pmi_lag6,0.0002818135656967137
ECB,gdp_growth,gdp_qoq,GDP (QoQ),random_forest,consumer_inflation_expectation_ma3,0.0002760644167299779
ECB,gdp_growth,gdp_qoq,GDP (QoQ),random_forest,core_cpi_yoy_lag3,0.0002644835938077564
ECB,gdp_growth,gdp_qoq,GDP (QoQ),random_forest,cpi_headline_mom_lag6,0.000259855475743573
ECB,gdp_growth,gdp_qoq,GDP (QoQ),random_forest,cpi_index_ma3,0.00022021074873718397
ECB,gdp_growth,gdp_qoq,GDP (QoQ),random_forest,composite_pmi_lag1,0.0002028243082354009
ECB,gdp_growth,gdp_qoq,GDP (QoQ),random_forest,composite_pmi_ma3,0.00016799335583702013
ECB,gdp_growth,gdp_qoq,GDP (QoQ),random_forest,cpi_headline_mom_lag3,0.00016580486916912724
ECB,gdp_growth,gdp_qoq,GDP (QoQ),random_forest,economic_sentiment_lag3,0.00015117485034466094
ECB,gdp_growth,gdp_qoq,GDP (QoQ),random_forest,economic_sentiment_ma6,0.00013994569652745815
ECB,gdp_growth,gdp_qoq,GDP (QoQ),random_forest,cpi_index_ma6,0.00012420036260077556
ECB,gdp_growth,gdp_qoq,GDP (QoQ),random_forest,unemployment_rate_ma3,0.00011041406605960138
ECB,gdp_growth,gdp_qoq,GDP (QoQ),random_forest,cpi_index_lag1,9.427521876912589e-05
ECB,gdp_growth,gdp_qoq,GDP (QoQ),random_forest,composite_pmi_ma6,7.915184991375345e-05
ECB,gdp_growth,gdp_qoq,GDP (QoQ),random_forest,economic_sentiment_lag6,5.1565687676033906e-05
ECB,gdp_growth,gdp_qoq,GDP (QoQ),random_forest,cpi_headline_mom_lag1,5.1490397263051736e-05
ECB,gdp_growth,gdp_qoq,GDP (QoQ),random_forest,consumer_inflation_expectation_lag1,2.5034758379511436e-05
ECB,gdp_growth,gdp_qoq,GDP (QoQ),random_forest,cpi_headline_mom_ma6,2.072859948176674e-05
ECB,gdp_growth,gdp_qoq,GDP (QoQ),random_forest,composite_pmi_lag3,1.6566266855459517e-05
ECB,gdp_growth,gdp_qoq,GDP (QoQ),random_forest,cpi_index_lag6,6.448116371437039e-06
ECB,gdp_growth,gdp_qoq,GDP (QoQ),random_forest,consumer_inflation_expectation_ma6,5.872049867801129e-06
ECB,gdp_growth,gdp_qoq,GDP (QoQ),random_forest,composite_pmi_lag6,6.22226614510499e-08
ECB,gdp_growth,gdp_qoq,GDP (QoQ),random_forest,construction_output_mom_lag1,0.0
ECB,gdp_growth,gdp_qoq,GDP (QoQ),random_forest,construction_output_mom_lag3,0.0
ECB,gdp_growth,gdp_qoq,GDP (QoQ),random_forest,construction_output_mom_lag6,0.0
ECB,gdp_growth,gdp_qoq,GDP (QoQ),random_forest,construction_output_mom_ma3,0.0
ECB,gdp_growth,gdp_qoq,GDP (QoQ),random_forest,construction_output_mom_ma6,0.0
ECB,gdp_growth,gdp_qoq,GDP (QoQ),random_forest,new_car_sales_yoy_lag1,0.0
ECB,gdp_growth,gdp_qoq,GDP (QoQ),random_forest,new_car_sales_yoy_lag3,0.0
ECB,gdp_growth,gdp_qoq,GDP (QoQ),random_forest,new_car_sales_yoy_lag6,0.0
ECB,gdp_growth,gdp_qoq,GDP (QoQ),random_forest,new_car_sales_yoy_ma3,0.0
ECB,gdp_growth,gdp_qoq,GDP (QoQ),random_forest,new_car_sales_yoy_ma6,0.0
ECB,unemployment,unemployment_rate,Unemployment Rate,ridge,core_cpi_yoy_lag1_x_core_cpi_yoy_lag3,0.053789856449162975
ECB,unemployment,unemployment_rate,Unemployment Rate,ridge,economic_sentiment_lag1,0.040422597708519345
ECB,unemployment,unemployment_rate,Unemployment Rate,ridge,economic_sentiment_ma6,0.040200460266023405
ECB,unemployment,unemployment_rate,Unemployment Rate,ridge,gdp_qoq_ma3,0.0393078006415491
ECB,unemployment,unemployment_rate,Unemployment Rate,ridge,core_cpi_yoy_ma6,0.03589021141592158
ECB,unemployment,unemployment_rate,Unemployment Rate,ridge,cpi_index_lag3,0.03567369239831566
ECB,unemployment,unemployment_rate,Unemployment Rate,ridge,target_current,0.035066988366086016
ECB,unemployment,unemployment_rate,Unemployment Rate,ridge,cpi_index_ma6,0.03159939485229628
ECB,unemployment,unemployment_rate,Unemployment Rate,ridge,cpi_index_lag6,0.028547125378478855
ECB,unemployment,unemployment_rate,Unemployment Rate,ridge,cpi_index_ma3,0.027719614023484634
ECB,unemployment,unemployment_rate,Unemployment Rate,ridge,cpi_index_lag1,0.02763027571758739
ECB,unemployment,unemployment_rate,Unemployment Rate,ridge,economic_sentiment_ma3,0.026428031696666077
ECB,unemployment,unemployment_rate,Unemployment Rate,ridge,cpi_headline_yoy_lag3,0.02636463983121293
ECB,unemployment,unemployment_rate,Unemployment Rate,ridge,economic_sentiment_lag3,0.025996395940050508
ECB,unemployment,unemployment_rate,Unemployment Rate,ridge,core_cpi_yoy_ma3,0.02468695702201962
ECB,unemployment,unemployment_rate,Unemployment Rate,ridge,zew_economic_sentiment_lag1,0.023228828852771957
ECB,unemployment,unemployment_rate,Unemployment Rate,ridge,manufacturing_pmi_lag3,0.022878378243298705
ECB,unemployment,unemployment_rate,Unemployment Rate,ridge,construction_output_yoy_ma3,0.021981154278197843
ECB,unemployment,unemployment_rate,Unemployment Rate,ridge,consumer_confidence_ma6,0.02138091025071308
ECB,unemployment,unemployment_rate,Unemployment Rate,ridge,manufacturing_pmi_ma3,0.0204617896767618
ECB,unemployment,unemployment_rate,Unemployment Rate,ridge,cpi_headline_yoy_lag6,0.01947086521196952
ECB,unemployment,unemployment_rate,Unemployment Rate,ridge,consumer_confidence_lag3,0.016631965748976598
ECB,unemployment,unemployment_rate,Unemployment Rate,ridge,core_cpi_yoy_lag3,0.015661912758657994
ECB,unemployment,unemployment_rate,Unemployment Rate,ridge,gdp_qoq_ma6,0.015552710331956005
ECB,unemployment,unemployment_rate,Unemployment Rate,ridge,target_ma3,0.01518650472851389
ECB,unemployment,unemployment_rate,Unemployment Rate,ridge,manufacturing_pmi_lag6,0.014565530704199275
ECB,unemployment,unemployment_rate,Unemployment Rate,ridge,composite_pmi_lag6,0.014454639922213257
ECB,unemployment,unemployment_rate,Unemployment Rate,ridge,consumer_inflation_expectation_lag6,0.014073373692521313
ECB,unemployment,unemployment_rate,Unemployment Rate,ridge,consumer_confidence_lag1,0.01357971795917244
ECB,unemployment,unemployment_rate,Unemployment Rate,ridge,core_cpi_yoy_lag1,0.013018822763082876
ECB,unemployment,unemployment_rate,Unemployment Rate,ridge,target_lag1,0.012480235410549243
ECB,unemployment,unemployment_rate,Unemployment Rate,ridge,manufacturing_pmi_ma6,0.012264328074167581
ECB,unemployment,unemployment_rate,Unemployment Rate,ridge,cpi_headline_mom_ma6,0.011384425045043224
ECB,unemployment,unemployment_rate,Unemployment Rate,ridge,cpi_headline_yoy_ma6,0.011326330727611675
ECB,unemployment,unemployment_rate,Unemployment Rate,ridge,core_cpi_yoy_lag6,0.010971704362725654
ECB,unemployment,unemployment_rate,Unemployment Rate,ridge,construction_output_yoy_lag6,0.010260592182407833
ECB,unemployment,unemployment_rate,Unemployment Rate,ridge,composite_pmi_ma6,0.00936329480120264
ECB,unemployment,unemployment_rate,Unemployment Rate,ridge,construction_output_yoy_lag3,0.00894948883889478
ECB,unemployment,unemployment_rate,Unemployment Rate,ridge,consumer_inflation_expectation_lag1,0.007824655729323629
ECB,unemployment,unemployment_rate,Unemployment Rate,ridge,zew_economic_sentiment_lag3,0.007760327603889441
ECB,unemployment,unemployment_rate,Unemployment Rate,ridge,zew_economic_sentiment_ma3,0.007698945732731861
ECB,unemployment,unemployment_rate,Unemployment Rate,ridge,composite_pmi_lag3,0.007585113790534692
ECB,unemployment,unemployment_rate,Unemployment Rate,ridge,consumer_inflation_expectation_ma6,0.007433425586554155
ECB,unemployment,unemployment_rate,Unemployment Rate,ridge,gdp_qoq_lag6,0.0073222336760617
ECB,unemployment,unemployment_rate,Unemployment Rate,ridge,cpi_headline_yoy_ma3,0.007176733069340766
ECB,unemployment,unemployment_rate,Unemployment Rate,ridge,cpi_headline_mom_ma3,0.006789722161111622
ECB,unemployment,unemployment_rate,Unemployment Rate,ridge,composite_pmi_ma3,0.006695351380587209
ECB,unemployment,unemployment_rate,Unemployment Rate,ridge,zew_economic_sentiment_ma6,0.006447866050347257
ECB,unemployment,unemployment_rate,Unemployment Rate,ridge,cpi_headline_mom_lag6,0.0064362912470486726
ECB,unemployment,unemployment_rate,Unemployment Rate,ridge,cpi_headline_yoy_lag1,0.00629038158308915
ECB,unemployment,unemployment_rate,Unemployment Rate,ridge,construction_output_mom_lag1,0.005871467486685298
ECB,unemployment,unemployment_rate,Unemployment Rate,ridge,construction_output_mom_ma6,0.00577368981617463
ECB,unemployment,unemployment_rate,Unemployment Rate,ridge,construction_output_mom_ma3,0.005773689816174612
ECB,unemployment,unemployment_rate,Unemployment Rate,ridge,consumer_inflation_expectation_lag3,0.005737884349254188
ECB,unemployment,unemployment_rate,Unemployment Rate,ridge,gdp_qoq_lag3,0.005378164215612348
ECB,unemployment,unemployment_rate,Unemployment Rate,ridge,consumer_confidence_ma3,0.005361835379327799
ECB,unemployment,unemployment_rate,Unemployment Rate,ridge,manufacturing_pmi_lag1,0.0052813385870857385
ECB,unemployment,unemployment_rate,Unemployment Rate,ridge,composite_pmi_lag1,0.005236047445552024
ECB,unemployment,unemployment_rate,Unemployment Rate,ridge,zew_economic_sentiment_lag6,0.004797073689593241
ECB,unemployment,unemployment_rate,Unemployment Rate,ridge,cpi_headline_mom_lag1,0.004534145871050692
ECB,unemployment,unemployment_rate,Unemployment Rate,ridge,economic_sentiment_lag6,0.004120996338781699
ECB,unemployment,unemployment_rate,Unemployment Rate,ridge,gdp_qoq_lag1,0.003447821390676797
ECB,unemployment,unemployment_rate,Unemployment Rate,ridge,consumer_confidence_lag6,0.002556716666661406
ECB,unemployment,unemployment_rate,Unemployment Rate,ridge,consumer_inflation_expectation_ma3,0.0015583881783345192
ECB,unemployment,unemployment_rate,Unemployment Rate,ridge,construction_output_yoy_lag1,0.00033523036091888695
ECB,unemployment,unemployment_rate,Unemployment Rate,ridge,construction_output_yoy_ma6,0.00024590471945259935
ECB,unemployment,unemployment_rate,Unemployment Rate,ridge,cpi_headline_mom_lag3,7.701180506002725e-05
ECB,unemployment,unemployment_rate,Unemployment Rate,ridge,construction_output_mom_lag3,0.0
ECB,unemployment,unemployment_rate,Unemployment Rate,ridge,construction_output_mom_lag6,0.0
ECB,unemployment,unemployment_rate,Unemployment Rate,ridge,new_car_sales_yoy_lag1,0.0
ECB,unemployment,unemployment_rate,Unemployment Rate,ridge,new_car_sales_yoy_lag3,0.0
ECB,unemployment,unemployment_rate,Unemployment Rate,ridge,new_car_sales_yoy_lag6,0.0
ECB,unemployment,unemployment_rate,Unemployment Rate,ridge,new_car_sales_yoy_ma3,0.0
ECB,unemployment,unemployment_rate,Unemployment Rate,ridge,new_car_sales_yoy_ma6,0.0
ECB,unemployment,unemployment_rate,Unemployment Rate,random_forest,target_current,0.6593456617729727
ECB,unemployment,unemployment_rate,Unemployment Rate,random_forest,target_lag1,0.05156644760936049
ECB,unemployment,unemployment_rate,Unemployment Rate,random_forest,cpi_headline_yoy_ma3,0.040083342545771915
ECB,unemployment,unemployment_rate,Unemployment Rate,random_forest,core_cpi_yoy_lag1,0.03872037806811425
ECB,unemployment,unemployment_rate,Unemployment Rate,random_forest,economic_sentiment_ma6,0.03427541109270649
ECB,unemployment,unemployment_rate,Unemployment Rate,random_forest,cpi_headline_yoy_lag1,0.02261729741908748
ECB,unemployment,unemployment_rate,Unemployment Rate,random_forest,economic_sentiment_ma3,0.019849800940508297
ECB,unemployment,unemployment_rate,Unemployment Rate,random_forest,cpi_headline_yoy_lag3,0.018576014880959557
ECB,unemployment,unemployment_rate,Unemployment Rate,random_forest,cpi_headline_yoy_ma6,0.01844163624830053
ECB,unemployment,unemployment_rate,Unemployment Rate,random_forest,target_ma3,0.01794157678200935
ECB,unemployment,unemployment_rate,Unemployment Rate,random_forest,core_cpi_yoy_ma6,0.013241668396154427
ECB,unemployment,unemployment_rate,Unemployment Rate,random_forest,core_cpi_yoy_ma3,0.005228780951852012
ECB,unemployment,unemployment_rate,Unemployment Rate,random_forest,economic_sentiment_lag3,0.0047938581613695954
ECB,unemployment,unemployment_rate,Unemployment Rate,random_forest,economic_sentiment_lag1,0.004364689651665168
ECB,unemployment,unemployment_rate,Unemployment Rate,random_forest,cpi_headline_mom_ma3,0.0035959618823978496
ECB,unemployment,unemployment_rate,Unemployment Rate,random_forest,construction_output_yoy_ma3,0.0035393361465136425
ECB,unemployment,unemployment_rate,Unemployment Rate,random_forest,gdp_qoq_lag6,0.003529534687895901
ECB,unemployment,unemployment_rate,Unemployment Rate,random_forest,consumer_confidence_lag1,0.003483994391998228
ECB,unemployment,unemployment_rate,Unemployment Rate,random_forest,construction_output_yoy_lag3,0.003129477230977399
ECB,unemployment,unemployment_rate,Unemployment Rate,random_forest,consumer_confidence_ma6,0.0028795610324341145
ECB,unemployment,unemployment_rate,Unemployment Rate,random_forest,construction_output_yoy_ma6,0.002776570714499621
ECB,unemployment,unemployment_rate,Unemployment Rate,random_forest,core_cpi_yoy_lag1_x_core_cpi_yoy_lag3,0.002224860438212511
ECB,unemployment,unemployment_rate,Unemployment Rate,random_forest,consumer_inflation_expectation_lag1,0.0018101894367722293
ECB,unemployment,unemployment_rate,Unemployment Rate,random_forest,core_cpi_yoy_lag6,0.0017075444600406428
ECB,unemployment,unemployment_rate,Unemployment Rate,random_forest,cpi_headline_mom_ma6,0.0015843328046370251
ECB,unemployment,unemployment_rate,Unemployment Rate,random_forest,consumer_confidence_ma3,0.0013175297109794676
ECB,unemployment,unemployment_rate,Unemployment Rate,random_forest,consumer_confidence_lag3,0.0013131921988889473
ECB,unemployment,unemployment_rate,Unemployment Rate,random_forest,zew_economic_sentiment_ma6,0.0012919183074713795
ECB,unemployment,unemployment_rate,Unemployment Rate,random_forest,cpi_index_ma6,0.0012242208871822548
ECB,unemployment,unemployment_rate,Unemployment Rate,random_forest,manufacturing_pmi_lag6,0.0011901853103221882
ECB,unemployment,unemployment_rate,Unemployment Rate,random_forest,cpi_index_ma3,0.00114146489765712
ECB,unemployment,unemployment_rate,Unemployment Rate,random_forest,manufacturing_pmi_ma6,0.0008857594909957809
ECB,unemployment,unemployment_rate,Unemployment Rate,random_forest,cpi_headline_yoy_lag6,0.0008605615129490233
ECB,unemployment,unemployment_rate,Unemployment Rate,random_forest,construction_output_yoy_lag1,0.0008437900229847986
ECB,unemployment,unemployment_rate,Unemployment Rate,random_forest,consumer_inflation_expectation_lag6,0.0008242558742702051
ECB,unemployment,unemployment_rate,Unemployment Rate,random_forest,manufacturing_pmi_lag1,0.0008019118373594316
ECB,unemployment,unemployment_rate,Unemployment Rate,random_forest,core_cpi_yoy_lag3,0.0007780663704899577
ECB,unemployment,unemployment_rate,Unemployment Rate,random_forest,gdp_qoq_ma3,0.0007734758697877985
ECB,unemployment,unemployment_rate,Unemployment Rate,random_forest,manufacturing_pmi_ma3,0.0007696123840744352
ECB,unemployment,unemployment_rate,Unemployment Rate,random_forest,consumer_inflation_expectation_ma6,0.0006200815431991218
ECB,unemployment,unemployment_rate,Unemployment Rate,random_forest,gdp_qoq_ma6,0.0005982032865972574
ECB,unemployment,unemployment_rate,Unemployment Rate,random_forest,economic_sentiment_lag6,0.0005916030138513666
ECB,unemployment,unemployment_rate,Unemployment Rate,random_forest,zew_economic_sentiment_ma3,0.000505091028831549
ECB,unemployment,unemployment_rate,Unemployment Rate,random_forest,consumer_confidence_lag6,0.00043655505992391217
ECB,unemployment,unemployment_rate,Unemployment Rate,random_forest,cpi_index_lag1,0.00042801939653381904
ECB,unemployment,unemployment_rate,Unemployment Rate,random_forest,zew_economic_sentiment_lag1,0.0004254585697624744
ECB,unemployment,unemployment_rate,Unemployment Rate,random_forest,zew_economic_sentiment_lag3,0.00041152272223402855
ECB,unemployment,unemployment_rate,Unemployment Rate,random_forest,consumer_inflation_expectation_lag3,0.0003913432683656522
ECB,unemployment,unemployment_rate,Unemployment Rate,random_forest,cpi_headline_mom_lag6,0.0003710105114359931
ECB,unemployment,unemployment_rate,Unemployment Rate,random_forest,construction_output_yoy_lag6,0.00033729229849269367
ECB,unemployment,unemployment_rate,Unemployment Rate,random_forest,zew_economic_sentiment_lag6,0.00031549053765038377
ECB,unemployment,unemployment_rate,Unemployment Rate,random_forest,manufacturing_pmi_lag3,0.0002552097226535717
ECB,unemployment,unemployment_rate,Unemployment Rate,random_forest,cpi_headline_mom_lag3,0.00020286058174740632
ECB,unemployment,unemployment_rate,Unemployment Rate,random_forest,consumer_inflation_expectation_ma3,0.000197291148040876
ECB,unemployment,unemployment_rate,Unemployment Rate,random_forest,cpi_index_lag6,0.00017725374658641185
ECB,unemployment,unemployment_rate,Unemployment Rate,random_forest,composite_pmi_lag1,0.0001767876403957365
ECB,unemployment,unemployment_rate,Unemployment Rate,random_forest,composite_pmi_lag3,0.0001013987380130366
ECB,unemployment,unemployment_rate,Unemployment Rate,random_forest,gdp_qoq_lag1,5.656872959079603e-05
ECB,unemployment,unemployment_rate,Unemployment Rate,random_forest,gdp_qoq_lag3,4.4247430302633876e-05
ECB,unemployment,unemployment_rate,Unemployment Rate,random_forest,cpi_headline_mom_lag1,2.0611204487531342e-05
ECB,unemployment,unemployment_rate,Unemployment Rate,random_forest,cpi_index_lag3,9.213536248526781e-06
ECB,unemployment,unemployment_rate,Unemployment Rate,random_forest,composite_pmi_ma6,1.6654040290000532e-06
ECB,unemployment,unemployment_rate,Unemployment Rate,random_forest,composite_pmi_ma3,7.28325522340981e-07
ECB,unemployment,unemployment_rate,Unemployment Rate,random_forest,composite_pmi_lag6,6.201328797107463e-07
ECB,unemployment,unemployment_rate,Unemployment Rate,random_forest,construction_output_mom_lag1,0.0
ECB,unemployment,unemployment_rate,Unemployment Rate,random_forest,construction_output_mom_lag3,0.0
ECB,unemployment,unemployment_rate,Unemployment Rate,random_forest,construction_output_mom_lag6,0.0
ECB,unemployment,unemployment_rate,Unemployment Rate,random_forest,construction_output_mom_ma3,0.0
ECB,unemployment,unemployment_rate,Unemployment Rate,random_forest,construction_output_mom_ma6,0.0
ECB,unemployment,unemployment_rate,Unemployment Rate,random_forest,new_car_sales_yoy_lag1,0.0
ECB,unemployment,unemployment_rate,Unemployment Rate,random_forest,new_car_sales_yoy_lag3,0.0
ECB,unemployment,unemployment_rate,Unemployment Rate,random_forest,new_car_sales_yoy_lag6,0.0
ECB,unemployment,unemployment_rate,Unemployment Rate,random_forest,new_car_sales_yoy_ma3,0.0
ECB,unemployment,unemployment_rate,Unemployment Rate,random_forest,new_car_sales_yoy_ma6,0.0
FED,inflation,core_cpi_yoy,Core CPI (YoY),ridge,target_current,0.07503408648185815
FED,inflation,core_cpi_yoy,Core CPI (YoY),ridge,consumer_inflation_expectations_lag1_x_consumer_inflation_expectations_lag2,0.03833218657051479
FED,inflation,core_cpi_yoy,Core CPI (YoY),ridge,core_ppi_mom_ma6,0.031080120861605012
FED,inflation,core_cpi_yoy,Core CPI (YoY),ridge,ppi_yoy_lag1,0.031043052067882118
FED,inflation,core_cpi_yoy,Core CPI (YoY),ridge,import_prices_yoy_lag1,0.02973255853399043
FED,inflation,core_cpi_yoy,Core CPI (YoY),ridge,core_pce_price_index_mom_ma6,0.026412447524794453
FED,inflation,core_cpi_yoy,Core CPI (YoY),ridge,core_pce_price_index_mom_lag6,0.02566527889666579
FED,inflation,core_cpi_yoy,Core CPI (YoY),ridge,umich_inflation_exp_5y_lag1,0.024045987472538825
FED,inflation,core_cpi_yoy,Core CPI (YoY),ridge,ppi_yoy_ma6,0.023240508684805573
FED,inflation,core_cpi_yoy,Core CPI (YoY),ridge,cpi_index_lag3,0.023232554554372543
FED,inflation,core_cpi_yoy,Core CPI (YoY),ridge,ppi_yoy_ma3,0.02316442406196829
FED,inflation,core_cpi_yoy,Core CPI (YoY),ridge,target_lag1,0.02107650244998722
FED,inflation,core_cpi_yoy,Core CPI (YoY),ridge,core_pce_price_index_yoy_lag6,0.02090301604224529
FED,inflation,core_cpi_yoy,Core CPI (YoY),ridge,ppi_yoy_lag3,0.019757454594426873
FED,inflation,core_cpi_yoy,Core CPI (YoY),ridge,cpi_index_ma6,0.019131232902671207
FED,inflation,core_cpi_yoy,Core CPI (YoY),ridge,ppi_mom_lag5,0.018524987611334694
FED,inflation,core_cpi_yoy,Core CPI (YoY),ridge,consumer_inflation_expectations_lag3,0.01816719745381368
FED,inflation,core_cpi_yoy,Core CPI (YoY),ridge,cpi_headline_mom_ma3,0.018096927543545163
FED,inflation,core_cpi_yoy,Core CPI (YoY),ridge,cpi_headline_mom_lag6,0.017521740355675417
FED,inflation,core_cpi_yoy,Core CPI (YoY),ridge,consumer_inflation_expectations_ma6,0.017028938271811615
FED,inflation,core_cpi_yoy,Core CPI (YoY),ridge,core_cpi_mom_lag6,0.01683118156191366
FED,inflation,core_cpi_yoy,Core CPI (YoY),ridge,umich_inflation_exp_5y_lag6,0.016380415348119546
FED,inflation,core_cpi_yoy,Core CPI (YoY),ridge,ppi_mom_lag1,0.016012207447924368
FED,inflation,core_cpi_yoy,Core CPI (YoY),ridge,umich_inflation_exp_5y_ma3,0.01555469576569402
FED,inflation,core_cpi_yoy,Core CPI (YoY),ridge,cpi_headline_mom_lag3,0.014538583115595048
FED,inflation,core_cpi_yoy,Core CPI (YoY),ridge,michigan_inflation_expectations_ma3,0.013835953055332672
FED,inflation,core_cpi_yoy,Core CPI (YoY),ridge,consumer_inflation_expectations_ma3,0.012903866005193778
FED,inflation,core_cpi_yoy,Core CPI (YoY),ridge,core_pce_price_index_yoy_lag3,0.012704632263867676
FED,inflation,core_cpi_yoy,Core CPI (YoY),ridge,ppi_yoy_lag6,0.012693509535769292
FED,inflation,core_cpi_yoy,Core CPI (YoY),ridge,cpi_index_ma3,0.012283568589889366
FED,inflation,core_cpi_yoy,Core CPI (YoY),ridge,cpi_headline_mom_lag1,0.012172754557734939
FED,inflation,core_cpi_yoy,Core CPI (YoY),ridge,michigan_inflation_expectations_lag5,0.01162293695346885
FED,inflation,core_cpi_yoy,Core CPI (YoY),ridge,import_prices_mom_ma6,0.011470237459270421
FED,inflation,core_cpi_yoy,Core CPI (YoY),ridge,import_prices_yoy_ma3,0.01144404036022167
FED,inflation,core_cpi_yoy,Core CPI (YoY),ridge,cpi_headline_mom_ma6,0.010970520654832987
FED,inflation,core_cpi_yoy,Core CPI (YoY),ridge,michigan_inflation_expectations_ma6,0.01095950981976471
FED,inflation,core_cpi_yoy,Core CPI (YoY),ridge,consumer_inflation_expectations_lag2,0.010736379685870589
FED,inflation,core_cpi_yoy,Core CPI (YoY),ridge,import_prices_mom_lag1,0.010622739664523767
FED,inflation,core_cpi_yoy,Core CPI (YoY),ridge,ppi_mom_ma6,0.010569452007008113
FED,inflation,core_cpi_yoy,Core CPI (YoY),ridge,michigan_inflation_expectations_lag3,0.010169580374989723
FED,inflation,core_cpi_yoy,Core CPI (YoY),ridge,cpi_headline_mom_lag5,0.010098844352724224
FED,inflation,core_cpi_yoy,Core CPI (YoY),ridge,consumer_inflation_expectations_lag6,0.0098417634116771
FED,inflation,core_cpi_yoy,Core CPI (YoY),ridge,cpi_index_lag6,0.009430878710172766
FED,inflation,core_cpi_yoy,Core CPI (YoY),ridge,core_ppi_mom_lag3,0.009187776844402848
FED,inflation,core_cpi_yoy,Core CPI (YoY),ridge,import_prices_yoy_lag6,0.009148828981773476
FED,inflation,core_cpi_yoy,Core CPI (YoY),ridge,core_pce_price_index_mom_ma3,0.008953150461380805
FED,inflation,core_cpi_yoy,Core CPI (YoY),ridge,ppi_mom_lag6,0.008892244098846713
FED,inflation,core_cpi_yoy,Core CPI (YoY),ridge,core_pce_price_index_mom_lag1,0.008827800015775584
FED,inflation,core_cpi_yoy,Core CPI (YoY),ridge,umich_inflation_exp_5y_ma6,0.008633137298894677
FED,inflation,core_cpi_yoy,Core CPI (YoY),ridge,target_ma3,0.00860322289302427
FED,inflation,core_cpi_yoy,Core CPI (YoY),ridge,export_prices_mom_ma6,0.008556572233262462
FED,inflation,core_cpi_yoy,Core CPI (YoY),ridge,core_cpi_mom_lag3,0.007816151251993928
FED,inflation,core_cpi_yoy,Core CPI (YoY),ridge,core_pce_price_index_yoy_ma3,0.0077315693915063835
FED,inflation,core_cpi_yoy,Core CPI (YoY),ridge,consumer_inflation_expectations_lag1,0.007719203519289683
FED,inflation,core_cpi_yoy,Core CPI (YoY),ridge,import_prices_mom_lag3,0.006792368462761443
FED,inflation,core_cpi_yoy,Core CPI (YoY),ridge,import_prices_yoy_lag5,0.006699441519443091
FED,inflation,core_cpi_yoy,Core CPI (YoY),ridge,import_prices_mom_lag6,0.0065982825248315355
FED,inflation,core_cpi_yoy,Core CPI (YoY),ridge,import_prices_yoy_ma6,0.006507928945726496
FED,inflation,core_cpi_yoy,Core CPI (YoY),ridge,core_pce_price_index_yoy_lag1,0.006416778320497208
FED,inflation,core_cpi_yoy,Core CPI (YoY),ridge,ppi_mom_lag3,0.0062860604054040346
FED,inflation,core_cpi_yoy,Core CPI (YoY),ridge,export_prices_mom_ma3,0.005983432825691465
FED,inflation,core_cpi_yoy,Core CPI (YoY),ridge,michigan_inflation_expectations_lag6,0.005955960844333869
FED,inflation,core_cpi_yoy,Core CPI (YoY),ridge,core_pce_price_index_mom_lag3,0.0046978159376625675
FED,inflation,core_cpi_yoy,Core CPI (YoY),ridge,core_ppi_mom_lag6,0.004581557134613676
FED,inflation,core_cpi_yoy,Core CPI (YoY),ridge,umich_inflation_exp_5y_lag5,0.004292676287854251
FED,inflation,core_cpi_yoy,Core CPI (YoY),ridge,export_prices_mom_lag3,0.00399941824408982
FED,inflation,core_cpi_yoy,Core CPI (YoY),ridge,import_prices_mom_ma3,0.0039615586044653315
FED,inflation,core_cpi_yoy,Core CPI (YoY),ridge,core_pce_price_index_yoy_ma6,0.0035328385524764873
FED,inflation,core_cpi_yoy,Core CPI (YoY),ridge,core_ppi_mom_lag1,0.0034586137993093975
FED,inflation,core_cpi_yoy,Core CPI (YoY),ridge,cpi_index_lag1,0.0033151694774475543
FED,inflation,core_cpi_yoy,Core CPI (YoY),ridge,core_cpi_mom_ma6,0.0030913985887795143
FED,inflation,core_cpi_yoy,Core CPI (YoY),ridge,import_prices_yoy_lag3,0.0029108486297429776
FED,inflation,core_cpi_yoy,Core CPI (YoY),ridge,ppi_mom_ma3,0.0023768125999180096
FED,inflation,core_cpi_yoy,Core CPI (YoY),ridge,export_prices_mom_lag6,0.0019161703106937785
FED,inflation,core_cpi_yoy,Core CPI (YoY),ridge,core_ppi_mom_lag4,0.0016633393617633712
FED,inflation,core_cpi_yoy,Core CPI (YoY),ridge,core_cpi_mom_lag1,0.0015348037827265155
FED,inflation,core_cpi_yoy,Core CPI (YoY),ridge,michigan_inflation_expectations_lag1,0.0013169070117551515
FED,inflation,core_cpi_yoy,Core CPI (YoY),ridge,umich_inflation_exp_5y_lag3,0.001300839173836014
FED,inflation,core_cpi_yoy,Core CPI (YoY),ridge,export_prices_mom_lag1,0.0007429483412891595
FED,inflation,core_cpi_yoy,Core CPI (YoY),ridge,core_cpi_mom_ma3,0.0005829779187804956
FED,inflation,core_cpi_yoy,Core CPI (YoY),ridge,core_ppi_mom_ma3,0.0003739417658897002
FED,inflation,core_cpi_yoy,Core CPI (YoY),random_forest,target_current,0.4781422266365866
FED,inflation,core_cpi_yoy,Core CPI (YoY),random_forest,consumer_inflation_expectations_lag3,0.07019413014639037
FED,inflation,core_cpi_yoy,Core CPI (YoY),random_forest,michigan_inflation_expectations_ma6,0.06891138466326177
FED,inflation,core_cpi_yoy,Core CPI (YoY),random_forest,ppi_yoy_lag6,0.048063498139767
FED,inflation,core_cpi_yoy,Core CPI (YoY),random_forest,consumer_inflation_expectations_lag1,0.045214625618904075
FED,inflation,core_cpi_yoy,Core CPI (YoY),random_forest,consumer_inflation_expectations_ma6,0.045088668771550926
FED,inflation,core_cpi_yoy,Core CPI (YoY),random_forest,consumer_inflation_expectations_lag1_x_consumer_inflation_expectations_lag2,0.0410885949896692
FED,inflation,core_cpi_yoy,Core CPI (YoY),random_forest,consumer_inflation_expectations_lag2,0.040914222767360696
FED,inflation,core_cpi_yoy,Core CPI (YoY),random_forest,consumer_inflation_expectations_ma3,0.034142295699753966
FED,inflation,core_cpi_yoy,Core CPI (YoY),random_forest,target_lag1,0.027575124672907337
FED,inflation,core_cpi_yoy,Core CPI (YoY),random_forest,michigan_inflation_expectations_lag1,0.013302714415350842
FED,inflation,core_cpi_yoy,Core CPI (YoY),random_forest,ppi_yoy_ma6,0.011470887377941854
FED,inflation,core_cpi_yoy,Core CPI (YoY),random_forest,core_pce_price_index_yoy_lag1,0.010386030823710304
FED,inflation,core_cpi_yoy,Core CPI (YoY),random_forest,umich_inflation_exp_5y_ma3,0.007744924545272729
FED,inflation,core_cpi_yoy,Core CPI (YoY),random_forest,import_prices_yoy_lag5,0.007636921879508127
FED,inflation,core_cpi_yoy,Core CPI (YoY),random_forest,core_cpi_mom_ma6,0.007015410380025614
FED,inflation,core_cpi_yoy,Core CPI (YoY),random_forest,core_pce_price_index_yoy_ma3,0.005711064133155113
FED,inflation,core_cpi_yoy,Core CPI (YoY),random_forest,core_pce_price_index_yoy_ma6,0.00400394397807326
FED,inflation,core_cpi_yoy,Core CPI (YoY),random_forest,cpi_index_lag1,0.003751982510469062
FED,inflation,core_cpi_yoy,Core CPI (YoY),random_forest,ppi_yoy_lag3,0.0022054374900760277
FED,inflation,core_cpi_yoy,Core CPI (YoY),random_forest,michigan_inflation_expectations_lag3,0.0019459776144754896
FED,inflation,core_cpi_yoy,Core CPI (YoY),random_forest,michigan_inflation_expectations_ma3,0.001772373501818639
FED,inflation,core_cpi_yoy,Core CPI (YoY),random_forest,michigan_inflation_expectations_lag5,0.001581826606999907
FED,inflation,core_cpi_yoy,Core CPI (YoY),random_forest,core_cpi_mom_lag6,0.001345166953066877
FED,inflation,core_cpi_yoy,Core CPI (YoY),random_forest,michigan_inflation_expectations_lag6,0.0013289647098127055
FED,inflation,core_cpi_yoy,Core CPI (YoY),random_forest,umich_inflation_exp_5y_ma6,0.0013097783602056914
FED,inflation,core_cpi_yoy,Core CPI (YoY),random_forest,cpi_headline_mom_ma6,0.001148984711080952
FED,inflation,core_cpi_yoy,Core CPI (YoY),random_forest,import_prices_yoy_lag6,0.0011270610011913202
FED,inflation,core_cpi_yoy,Core CPI (YoY),random_forest,umich_inflation_exp_5y_lag5,0.0011019891234524109
FED,inflation,core_cpi_yoy,Core CPI (YoY),random_forest,umich_inflation_exp_5y_lag6,0.0010447838146885912
FED,inflation,core_cpi_yoy,Core CPI (YoY),random_forest,ppi_yoy_ma3,0.0010285744386603567
FED,inflation,core_cpi_yoy,Core CPI (YoY),random_forest,target_ma3,0.00090304205002695
FED,inflation,core_cpi_yoy,Core CPI (YoY),random_forest,ppi_mom_lag6,0.0008977274785998725
FED,inflation,core_cpi_yoy,Core CPI (YoY),random_forest,core_ppi_mom_lag6,0.0008118358834650094
FED,inflation,core_cpi_yoy,Core CPI (YoY),random_forest,core_ppi_mom_lag1,0.0007163927783224551
FED,inflation,core_cpi_yoy,Core CPI (YoY),random_forest,core_cpi_mom_lag1,0.0005499892212483083
FED,inflation,core_cpi_yoy,Core CPI (YoY),random_forest,cpi_headline_mom_lag3,0.0005287931362441968
FED,inflation,core_cpi_yoy,Core CPI (YoY),random_forest,consumer_inflation_expectations_lag6,0.000508825147569071
FED,inflation,core_cpi_yoy,Core CPI (YoY),random_forest,core_pce_price_index_yoy_lag3,0.0005002610671955619
FED,inflation,core_cpi_yoy,Core CPI (YoY),random_forest,export_prices_mom_lag3,0.0004885460405421598
FED,inflation,core_cpi_yoy,Core CPI (YoY),random_forest,core_cpi_mom_ma3,0.00046409289117887054
FED,inflation,core_cpi_yoy,Core CPI (YoY),random_forest,cpi_headline_mom_lag5,0.0004352107887264954
FED,inflation,core_cpi_yoy,Core CPI (YoY),random_forest,export_prices_mom_ma3,0.00041308272960202246
FED,inflation,core_cpi_yoy,Core CPI (YoY),random_forest,core_ppi_mom_ma3,0.00039744805763045255
FED,inflation,core_cpi_yoy,Core CPI (YoY),random_forest,import_prices_yoy_lag3,0.00037026678760624786
FED,inflation,core_cpi_yoy,Core CPI (YoY),random_forest,core_pce_price_index_mom_lag3,0.00035493114414533803
FED,inflation,core_cpi_yoy,Core CPI (YoY),random_forest,core_ppi_mom_lag3,0.00034632587544363775
FED,inflation,core_cpi_yoy,Core CPI (YoY),random_forest,core_cpi_mom_lag3,0.00027855266911042044
FED,inflation,core_cpi_yoy,Core CPI (YoY),random_forest,ppi_mom_lag3,0.00027438657081232834
FED,inflation,core_cpi_yoy,Core CPI (YoY),random_forest,ppi_mom_ma6,0.00027357408756084064
FED,inflation,core_cpi_yoy,Core CPI (YoY),random_forest,core_pce_price_index_yoy_lag6,0.00026243593069879244
FED,inflation,core_cpi_yoy,Core CPI (YoY),random_forest,cpi_index_ma3,0.00025651266949906266
FED,inflation,core_cpi_yoy,Core CPI (YoY),random_forest,core_ppi_mom_ma6,0.0002532381612901165
FED,inflation,core_cpi_yoy,Core CPI (YoY),random_forest,umich_inflation_exp_5y_lag1,0.00021961964928891213
FED,inflation,core_cpi_yoy,Core CPI (YoY),random_forest,import_prices_mom_lag3,0.0002049533090926089
FED,inflation,core_cpi_yoy,Core CPI (YoY),random_forest,core_pce_price_index_mom_ma6,0.0002038487267767923
FED,inflation,core_cpi_yoy,Core CPI (YoY),random_forest,cpi_headline_mom_lag6,0.00019669123066882264
FED,inflation,core_cpi_yoy,Core CPI (YoY),random_forest,cpi_index_lag6,0.00016754981268466782
FED,inflation,core_cpi_yoy,Core CPI (YoY),random_forest,core_ppi_mom_lag4,0.00016303130146163975
FED,inflation,core_cpi_yoy,Core CPI (YoY),random_forest,import_prices_yoy_ma6,0.00016210988325491557
FED,inflation,core_cpi_yoy,Core CPI (YoY),random_forest,core_pce_price_index_mom_ma3,0.0001567809653369831
FED,inflation,core_cpi_yoy,Core CPI (YoY),random_forest,import_prices_mom_ma6,0.0001231817150264646
FED,inflation,core_cpi_yoy,Core CPI (YoY),random_forest,cpi_index_lag3,0.00010802435132241129
FED,inflation,core_cpi_yoy,Core CPI (YoY),random_forest,export_prices_mom_lag1,8.998969317737476e-05
FED,inflation,core_cpi_yoy,Core CPI (YoY),random_forest,ppi_mom_ma3,7.582890641906946e-05
FED,inflation,core_cpi_yoy,Core CPI (YoY),random_forest,cpi_index_ma6,7.099822003495097e-05
FED,inflation,core_cpi_yoy,Core CPI (YoY),random_forest,ppi_mom_lag1,5.9889211861304123e-05
FED,inflation,core_cpi_yoy,Core CPI (YoY),random_forest,core_pce_price_index_mom_lag1,5.795217635136048e-05
FED,inflation,core_cpi_yoy,Core CPI (YoY),random_forest,export_prices_mom_ma6,5.682130089894014e-05
FED,inflation,core_cpi_yoy,Core CPI (YoY),random_forest,export_prices_mom_lag6,5.627848970417342e-05
FED,inflation,core_cpi_yoy,Core CPI (YoY),random_forest,import_prices_mom_ma3,4.107250590521569e-05
FED,inflation,core_cpi_yoy,Core CPI (YoY),random_forest,core_pce_price_index_mom_lag6,3.703554106404756e-05
FED,inflation,core_cpi_yoy,Core CPI (YoY),random_forest,umich_inflation_exp_5y_lag3,3.0278752831555132e-05
FED,inflation,core_cpi_yoy,Core CPI (YoY),random_forest,import_prices_yoy_ma3,2.8877103134553162e-05
FED,inflation,core_cpi_yoy,Core CPI (YoY),random_forest,ppi_mom_lag5,2.658650440178453e-05
FED,inflation,core_cpi_yoy,Core CPI (YoY),random_forest,import_prices_mom_lag1,2.5005911739244627e-05
FED,inflation,core_cpi_yoy,Core CPI (YoY),random_forest,import_prices_mom_lag6,2.158526844359715e-05
FED,inflation,core_cpi_yoy,Core CPI (YoY),random_forest,cpi_headline_mom_ma3,1.9107694389717996e-05
FED,inflation,core_cpi_yoy,Core CPI (YoY),random_forest,cpi_headline_mom_lag1,1.165336678212446e-05
FED,inflation,core_cpi_yoy,Core CPI (YoY),random_forest,ppi_yoy_lag1,2.0676624088116852e-07
FED,inflation,core_cpi_yoy,Core CPI (YoY),random_forest,import_prices_yoy_lag1,0.0
FED,gdp_growth,retail_sales_mom,Retail Sales (MoM),ridge,average_weekly_hours_lag6,0.05957100315986131
FED,gdp_growth,retail_sales_mom,Retail Sales (MoM),ridge,ism_manufacturing_prices_lag6,0.043139229721720414
FED,gdp_growth,retail_sales_mom,Retail Sales (MoM),ridge,avg_hourly_earnings_mom_ma6,0.03709654458740726
FED,gdp_growth,retail_sales_mom,Retail Sales (MoM),ridge,ism_manufacturing_employment_lag5,0.0369952096981097
FED,gdp_growth,retail_sales_mom,Retail Sales (MoM),ridge,ism_manufacturing_prices_lag3,0.036327283316992726
FED,gdp_growth,retail_sales_mom,Retail Sales (MoM),ridge,ism_manufacturing_employment_lag6,0.028303825755671665
FED,gdp_growth,retail_sales_mom,Retail Sales (MoM),ridge,ism_manufacturing_employment_lag1,0.027015858419584263
FED,gdp_growth,retail_sales_mom,Retail Sales (MoM),ridge,adp_employment_change_ma3,0.026456233738519533
FED,gdp_growth,retail_sales_mom,Retail Sales (MoM),ridge,adp_employment_change_lag6,0.02597948688865675
FED,gdp_growth,retail_sales_mom,Retail Sales (MoM),ridge,import_prices_mom_lag1,0.025586155539752596
FED,gdp_growth,retail_sales_mom,Retail Sales (MoM),ridge,sp_global_manufacturing_pmi_lag6,0.025492300162736604
FED,gdp_growth,retail_sales_mom,Retail Sales (MoM),ridge,ism_manufacturing_prices_ma6,0.025462646921159182
FED,gdp_growth,retail_sales_mom,Retail Sales (MoM),ridge,adp_employment_change_ma6,0.025402732507951078
FED,gdp_growth,retail_sales_mom,Retail Sales (MoM),ridge,average_weekly_hours_lag1,0.024909435434289112
FED,gdp_growth,retail_sales_mom,Retail Sales (MoM),ridge,philly_fed_mfg_lag1,0.02132058820514243
FED,gdp_growth,retail_sales_mom,Retail Sales (MoM),ridge,ism_manufacturing_new_orders_lag5,0.019598663002839422
FED,gdp_growth,retail_sales_mom,Retail Sales (MoM),ridge,sp_global_manufacturing_pmi_lag3,0.019397408720863
FED,gdp_growth,retail_sales_mom,Retail Sales (MoM),ridge,philly_fed_mfg_lag6,0.019311242179476523
FED,gdp_growth,retail_sales_mom,Retail Sales (MoM),ridge,import_prices_mom_ma3,0.018266714397032584
FED,gdp_growth,retail_sales_mom,Retail Sales (MoM),ridge,average_weekly_hours_lag3,0.016751765040045715
FED,gdp_growth,retail_sales_mom,Retail Sales (MoM),ridge,philly_fed_mfg_lag3,0.01647221510664574
FED,gdp_growth,retail_sales_mom,Retail Sales (MoM),ridge,target_ma3,0.016317562729974245
FED,gdp_growth,retail_sales_mom,Retail Sales (MoM),ridge,avg_hourly_earnings_mom_lag1,0.016115452334934485
FED,gdp_growth,retail_sales_mom,Retail Sales (MoM),ridge,target_current,0.01561210920028942
FED,gdp_growth,retail_sales_mom,Retail Sales (MoM),ridge,ism_manufacturing_prices_ma3,0.014478990617446534
FED,gdp_growth,retail_sales_mom,Retail Sales (MoM),ridge,pce_price_index_mom_ma3,0.014476358763530922
FED,gdp_growth,retail_sales_mom,Retail Sales (MoM),ridge,ny_empire_state_mfg_lag1,0.01317372931099469
FED,gdp_growth,retail_sales_mom,Retail Sales (MoM),ridge,import_prices_mom_ma6,0.012880671178277075
FED,gdp_growth,retail_sales_mom,Retail Sales (MoM),ridge,pce_price_index_mom_lag1,0.012860265676946248
FED,gdp_growth,retail_sales_mom,Retail Sales (MoM),ridge,ism_manufacturing_employment_ma6,0.012333732161690392
FED,gdp_growth,retail_sales_mom,Retail Sales (MoM),ridge,retail_sales_yoy_lag1,0.011806229540687371
FED,gdp_growth,retail_sales_mom,Retail Sales (MoM),ridge,avg_hourly_earnings_mom_lag3,0.011618759097691209
FED,gdp_growth,retail_sales_mom,Retail Sales (MoM),ridge,pce_price_index_mom_lag6,0.011543988623592013
FED,gdp_growth,retail_sales_mom,Retail Sales (MoM),ridge,retail_sales_yoy_lag3,0.011448703788731598
FED,gdp_growth,retail_sales_mom,Retail Sales (MoM),ridge,sp_global_composite_pmi_lag1,0.011386169934199409
FED,gdp_growth,retail_sales_mom,Retail Sales (MoM),ridge,retail_sales_yoy_ma3,0.011384199586918664
FED,gdp_growth,retail_sales_mom,Retail Sales (MoM),ridge,adp_employment_change_lag1,0.011192672119580863
FED,gdp_growth,retail_sales_mom,Retail Sales (MoM),ridge,sp_global_manufacturing_pmi_lag1,0.011133262065604511
FED,gdp_growth,retail_sales_mom,Retail Sales (MoM),ridge,ism_manufacturing_new_orders_ma6,0.011024460684662816
FED,gdp_growth,retail_sales_mom,Retail Sales (MoM),ridge,ism_manufacturing_prices_lag1,0.010538118148702253
FED,gdp_growth,retail_sales_mom,Retail Sales (MoM),ridge,sp_global_composite_pmi_lag3,0.010359248200135215
FED,gdp_growth,retail_sales_mom,Retail Sales (MoM),ridge,ism_manufacturing_new_orders_lag3,0.01023497390090595
FED,gdp_growth,retail_sales_mom,Retail Sales (MoM),ridge,target_lag1,0.009139925589089928
FED,gdp_growth,retail_sales_mom,Retail Sales (MoM),ridge,retail_sales_yoy_lag6,0.008809189472320992
FED,gdp_growth,retail_sales_mom,Retail Sales (MoM),ridge,pce_price_index_mom_ma6,0.0077790537862111485
FED,gdp_growth,retail_sales_mom,Retail Sales (MoM),ridge,adp_employment_change_lag3,0.007667700219818948
FED,gdp_growth,retail_sales_mom,Retail Sales (MoM),ridge,ism_manufacturing_employment_lag3,0.007588758191972792
FED,gdp_growth,retail_sales_mom,Retail Sales (MoM),ridge,pce_price_index_mom_lag3,0.007530748797463798
FED,gdp_growth,retail_sales_mom,Retail Sales (MoM),ridge,ny_empire_state_mfg_lag6,0.007415532030059346
FED,gdp_growth,retail_sales_mom,Retail Sales (MoM),ridge,redbook_yoy_lag1,0.0072426181429847795
FED,gdp_growth,retail_sales_mom,Retail Sales (MoM),ridge,avg_hourly_earnings_mom_lag6,0.006923139020463248
FED,gdp_growth,retail_sales_mom,Retail Sales (MoM),ridge,philly_fed_mfg_lag5,0.006579572174091857
FED,gdp_growth,retail_sales_mom,Retail Sales (MoM),ridge,ny_empire_state_mfg_lag5,0.006556072082852465
FED,gdp_growth,retail_sales_mom,Retail Sales (MoM),ridge,ism_manufacturing_employment_ma3,0.00614138812846423
FED,gdp_growth,retail_sales_mom,Retail Sales (MoM),ridge,ny_empire_state_mfg_lag3,0.005924822433628497
FED,gdp_growth,retail_sales_mom,Retail Sales (MoM),ridge,avg_hourly_earnings_mom_ma3,0.005867732619581939
FED,gdp_growth,retail_sales_mom,Retail Sales (MoM),ridge,ism_manufacturing_new_orders_lag1,0.005661440746848517
FED,gdp_growth,retail_sales_mom,Retail Sales (MoM),ridge,redbook_yoy_ma3,0.005599449809331917
FED,gdp_growth,retail_sales_mom,Retail Sales (MoM),ridge,ism_manufacturing_new_orders_ma3,0.005551858704798919
FED,gdp_growth,retail_sales_mom,Retail Sales (MoM),ridge,sp_global_manufacturing_pmi_ma3,0.005356238269613156
FED,gdp_growth,retail_sales_mom,Retail Sales (MoM),ridge,average_weekly_hours_ma6,0.004769480508362256
FED,gdp_growth,retail_sales_mom,Retail Sales (MoM),ridge,philly_fed_mfg_ma6,0.003917908473121868
FED,gdp_growth,retail_sales_mom,Retail Sales (MoM),ridge,average_weekly_hours_ma3,0.0036160693251883935
FED,gdp_growth,retail_sales_mom,Retail Sales (MoM),ridge,import_prices_mom_lag6,0.0035163546391099123
FED,gdp_growth,retail_sales_mom,Retail Sales (MoM),ridge,ism_manufacturing_employment_lag1_x_ism_manufacturing_employment_lag3,0.003121844744138471
FED,gdp_growth,retail_sales_mom,Retail Sales (MoM),ridge,redbook_yoy_lag6,0.0030518037104260622
FED,gdp_growth,retail_sales_mom,Retail Sales (MoM),ridge,retail_sales_yoy_ma6,0.0025939884113421797
FED,gdp_growth,retail_sales_mom,Retail Sales (MoM),ridge,ism_manufacturing_new_orders_lag6,0.002590209336828129
FED,gdp_growth,retail_sales_mom,Retail Sales (MoM),ridge,import_prices_mom_lag3,0.00252035116916586
FED,gdp_growth,retail_sales_mom,Retail Sales (MoM),ridge,redbook_yoy_lag3,0.0018945077748258674
FED,gdp_growth,retail_sales_mom,Retail Sales (MoM),ridge,sp_global_composite_pmi_ma3,0.0012025387170310378
FED,gdp_growth,retail_sales_mom,Retail Sales (MoM),ridge,ny_empire_state_mfg_ma6,0.0009206975612398579
FED,gdp_growth,retail_sales_mom,Retail Sales (MoM),ridge,sp_global_manufacturing_pmi_ma6,0.0007472981457205173
FED,gdp_growth,retail_sales_mom,Retail Sales (MoM),ridge,ny_empire_state_mfg_ma3,0.0006344921633676525
FED,gdp_growth,retail_sales_mom,Retail Sales (MoM),ridge,philly_fed_mfg_ma3,0.000412130193208179
FED,gdp_growth,retail_sales_mom,Retail Sales (MoM),ridge,sp_global_composite_pmi_lag6,0.0002758879538334427
FED,gdp_growth,retail_sales_mom,Retail Sales (MoM),ridge,sp_global_composite_pmi_ma6,9.683755143614311e-05
FED,gdp_growth,retail_sales_mom,Retail Sales (MoM),ridge,redbook_yoy_ma6,6.159232104070302e-06
FED,gdp_growth,retail_sales_mom,Retail Sales (MoM),random_forest,target_ma3,0.4656245590829721
FED,gdp_growth,retail_sales_mom,Retail Sales (MoM),random_forest,target_current,0.13529956733861698
FED,gdp_growth,retail_sales_mom,Retail Sales (MoM),random_forest,target_lag1,0.08202050228899399
FED,gdp_growth,retail_sales_mom,Retail Sales (MoM),random_forest,ism_manufacturing_prices_lag3,0.03837382320116125
FED,gdp_growth,retail_sales_mom,Retail Sales (MoM),random_forest,ism_manufacturing_prices_ma6,0.03128308442393724
FED,gdp_growth,retail_sales_mom,Retail Sales (MoM),random_forest,import_prices_mom_ma3,0.02971359706424565
FED,gdp_growth,retail_sales_mom,Retail Sales (MoM),random_forest,ism_manufacturing_prices_ma3,0.023458258509973448
FED,gdp_growth,retail_sales_mom,Retail Sales (MoM),random_forest,retail_sales_yoy_lag1,0.02056731872126437
FED,gdp_growth,retail_sales_mom,Retail Sales (MoM),random_forest,pce_price_index_mom_ma3,0.015563021939428361
FED,gdp_growth,retail_sales_mom,Retail Sales (MoM),random_forest,average_weekly_hours_ma3,0.015002030375236102
FED,gdp_growth,retail_sales_mom,Retail Sales (MoM),random_forest,ism_manufacturing_prices_lag1,0.013782798358800825
FED,gdp_growth,retail_sales_mom,Retail Sales (MoM),random_forest,import_prices_mom_ma6,0.013704629292741698
FED,gdp_growth,retail_sales_mom,Retail Sales (MoM),random_forest,ny_empire_state_mfg_ma3,0.010152983893641762
FED,gdp_growth,retail_sales_mom,Retail Sales (MoM),random_forest,import_prices_mom_lag1,0.008600373059824447
FED,gdp_growth,retail_sales_mom,Retail Sales (MoM),random_forest,avg_hourly_earnings_mom_ma6,0.008554267039684496
FED,gdp_growth,retail_sales_mom,Retail Sales (MoM),random_forest,adp_employment_change_ma6,0.007245820817793676
FED,gdp_growth,retail_sales_mom,Retail Sales (MoM),random_forest,philly_fed_mfg_ma3,0.007229021228875553
FED,gdp_growth,retail_sales_mom,Retail Sales (MoM),random_forest,ny_empire_state_mfg_lag3,0.006134564724933071
FED,gdp_growth,retail_sales_mom,Retail Sales (MoM),random_forest,ism_manufacturing_prices_lag6,0.004547665462710811
FED,gdp_growth,retail_sales_mom,Retail Sales (MoM),random_forest,pce_price_index_mom_lag1,0.004411863544464784
FED,gdp_growth,retail_sales_mom,Retail Sales (MoM),random_forest,ism_manufacturing_new_orders_lag3,0.004268365277584734
FED,gdp_growth,retail_sales_mom,Retail Sales (MoM),random_forest,ny_empire_state_mfg_lag1,0.0042443685929396575
FED,gdp_growth,retail_sales_mom,Retail Sales (MoM),random_forest,ism_manufacturing_employment_lag6,0.003398334494149562
FED,gdp_growth,retail_sales_mom,Retail Sales (MoM),random_forest,adp_employment_change_lag1,0.0031070994933474778
FED,gdp_growth,retail_sales_mom,Retail Sales (MoM),random_forest,redbook_yoy_lag1,0.0028019599435907105
FED,gdp_growth,retail_sales_mom,Retail Sales (MoM),random_forest,ism_manufacturing_employment_lag1_x_ism_manufacturing_employment_lag3,0.0027812965977263887
FED,gdp_growth,retail_sales_mom,Retail Sales (MoM),random_forest,avg_hourly_earnings_mom_lag1,0.00276919529673775
FED,gdp_growth,retail_sales_mom,Retail Sales (MoM),random_forest,sp_global_composite_pmi_lag1,0.002731193929193487
FED,gdp_growth,retail_sales_mom,Retail Sales (MoM),random_forest,avg_hourly_earnings_mom_ma3,0.0026352489822321135
FED,gdp_growth,retail_sales_mom,Retail Sales (MoM),random_forest,ism_manufacturing_employment_lag5,0.002591387241939656
FED,gdp_growth,retail_sales_mom,Retail Sales (MoM),random_forest,retail_sales_yoy_ma6,0.0025323686970389276
FED,gdp_growth,retail_sales_mom,Retail Sales (MoM),random_forest,redbook_yoy_ma6,0.0023725427948035017
FED,gdp_growth,retail_sales_mom,Retail Sales (MoM),random_forest,ism_manufacturing_employment_lag1,0.0022444074877350697
FED,gdp_growth,retail_sales_mom,Retail Sales (MoM),random_forest,philly_fed_mfg_ma6,0.0020771889638168052
FED,gdp_growth,retail_sales_mom,Retail Sales (MoM),random_forest,average_weekly_hours_lag1,0.0020354840560027165
FED,gdp_growth,retail_sales_mom,Retail Sales (MoM),random_forest,adp_employment_change_lag3,0.0016990840115509043
FED,gdp_growth,retail_sales_mom,Retail Sales (MoM),random_forest,ism_manufacturing_employment_lag3,0.001669332525059331
FED,gdp_growth,retail_sales_mom,Retail Sales (MoM),random_forest,pce_price_index_mom_ma6,0.0014726398193928235
FED,gdp_growth,retail_sales_mom,Retail Sales (MoM),random_forest,adp_employment_change_lag6,0.0011027050207867747
FED,gdp_growth,retail_sales_mom,Retail Sales (MoM),random_forest,redbook_yoy_lag3,0.0009659028451705821
FED,gdp_growth,retail_sales_mom,Retail Sales (MoM),random_forest,avg_hourly_earnings_mom_lag6,0.0008038036173215161
FED,gdp_growth,retail_sales_mom,Retail Sales (MoM),random_forest,ism_manufacturing_new_orders_lag1,0.0007864558968568946
FED,gdp_growth,retail_sales_mom,Retail Sales (MoM),random_forest,retail_sales_yoy_lag3,0.0007298994423890041
FED,gdp_growth,retail_sales_mom,Retail Sales (MoM),random_forest,ny_empire_state_mfg_lag5,0.0006939272650287686
FED,gdp_growth,retail_sales_mom,Retail Sales (MoM),random_forest,redbook_yoy_ma3,0.00066842453659243
FED,gdp_growth,retail_sales_mom,Retail Sales (MoM),random_forest,pce_price_index_mom_lag3,0.0005351974814053179
FED,gdp_growth,retail_sales_mom,Retail Sales (MoM),random_forest,philly_fed_mfg_lag3,0.0004472372809280216
FED,gdp_growth,retail_sales_mom,Retail Sales (MoM),random_forest,ism_manufacturing_employment_ma6,0.0004391606300160892
FED,gdp_growth,retail_sales_mom,Retail Sales (MoM),random_forest,ism_manufacturing_employment_ma3,0.00043768928940029074
FED,gdp_growth,retail_sales_mom,Retail Sales (MoM),random_forest,philly_fed_mfg_lag5,0.0004164427757907563
FED,gdp_growth,retail_sales_mom,Retail Sales (MoM),random_forest,ny_empire_state_mfg_lag6,0.0003958039479935149
FED,gdp_growth,retail_sales_mom,Retail Sales (MoM),random_forest,import_prices_mom_lag3,0.00033485600977884095
FED,gdp_growth,retail_sales_mom,Retail Sales (MoM),random_forest,retail_sales_yoy_lag6,0.00032293618662442854
FED,gdp_growth,retail_sales_mom,Retail Sales (MoM),random_forest,ism_manufacturing_new_orders_ma3,0.0002856241387616397
FED,gdp_growth,retail_sales_mom,Retail Sales (MoM),random_forest,philly_fed_mfg_lag1,0.00027308242614291
FED,gdp_growth,retail_sales_mom,Retail Sales (MoM),random_forest,philly_fed_mfg_lag6,0.00027249977916076135
FED,gdp_growth,retail_sales_mom,Retail Sales (MoM),random_forest,adp_employment_change_ma3,0.00026801422657573697
FED,gdp_growth,retail_sales_mom,Retail Sales (MoM),random_forest,import_prices_mom_lag6,0.0002485532796964691
FED,gdp_growth,retail_sales_mom,Retail Sales (MoM),random_forest,avg_hourly_earnings_mom_lag3,0.00016747511133413442
FED,gdp_growth,retail_sales_mom,Retail Sales (MoM),random_forest,average_weekly_hours_ma6,0.00015689244704615742
FED,gdp_growth,retail_sales_mom,Retail Sales (MoM),random_forest,ism_manufacturing_new_orders_lag5,8.36683650229329e-05
FED,gdp_growth,retail_sales_mom,Retail Sales (MoM),random_forest,average_weekly_hours_lag3,8.247698120103869e-05
FED,gdp_growth,retail_sales_mom,Retail Sales (MoM),random_forest,ny_empire_state_mfg_ma6,6.899428518198451e-05
FED,gdp_growth,retail_sales_mom,Retail Sales (MoM),random_forest,pce_price_index_mom_lag6,5.931185870839233e-05
FED,gdp_growth,retail_sales_mom,Retail Sales (MoM),random_forest,ism_manufacturing_new_orders_lag6,5.632724222233042e-05
FED,gdp_growth,retail_sales_mom,Retail Sales (MoM),random_forest,sp_global_manufacturing_pmi_lag3,3.7728758636016795e-05
FED,gdp_growth,retail_sales_mom,Retail Sales (MoM),random_forest,sp_global_composite_pmi_ma3,2.944906244496461e-05
FED,gdp_growth,retail_sales_mom,Retail Sales (MoM),random_forest,average_weekly_hours_lag6,2.766310378531452e-05
FED,gdp_growth,retail_sales_mom,Retail Sales (MoM),random_forest,sp_global_composite_pmi_ma6,2.5420079995928353e-05
FED,gdp_growth,retail_sales_mom,Retail Sales (MoM),random_forest,retail_sales_yoy_ma3,2.2358765693235075e-05
FED,gdp_growth,retail_sales_mom,Retail Sales (MoM),random_forest,sp_global_manufacturing_pmi_lag1,1.3341044649374323e-05
FED,gdp_growth,retail_sales_mom,Retail Sales (MoM),random_forest,sp_global_manufacturing_pmi_ma6,1.1538424138808822e-05
FED,gdp_growth,retail_sales_mom,Retail Sales (MoM),random_forest,sp_global_manufacturing_pmi_ma3,1.0754919647307179e-05
FED,gdp_growth,retail_sales_mom,Retail Sales (MoM),random_forest,sp_global_manufacturing_pmi_lag6,9.692957203340636e-06
FED,gdp_growth,retail_sales_mom,Retail Sales (MoM),random_forest,ism_manufacturing_new_orders_ma6,5.130571960464423e-06
FED,gdp_growth,retail_sales_mom,Retail Sales (MoM),random_forest,sp_global_composite_pmi_lag3,2.3113705652839113e-06
FED,gdp_growth,retail_sales_mom,Retail Sales (MoM),random_forest,sp_global_composite_pmi_lag6,0.0
FED,gdp_growth,retail_sales_mom,Retail Sales (MoM),random_forest,redbook_yoy_lag6,0.0
FED,unemployment,unemployment_rate,Unemployment Rate,ridge,target_current,0.20245561166429707
FED,unemployment,unemployment_rate,Unemployment Rate,ridge,participation_rate_lag3,0.06052593593095917
FED,unemployment,unemployment_rate,Unemployment Rate,ridge,core_pce_price_index_yoy_lag3,0.05268989319592388
FED,unemployment,unemployment_rate,Unemployment Rate,ridge,jobless_claims_4week_average_lag3,0.03564103359011843
FED,unemployment,unemployment_rate,Unemployment Rate,ridge,initial_jobless_claims_lag3,0.03515208151871612
FED,unemployment,unemployment_rate,Unemployment Rate,ridge,continuing_jobless_claims_lag3,0.03463884580521683
FED,unemployment,unemployment_rate,Unemployment Rate,ridge,average_weekly_hours_lag3,0.034017167300112644
FED,unemployment,unemployment_rate,Unemployment Rate,ridge,participation_rate_lag6,0.030621500676401986
FED,unemployment,unemployment_rate,Unemployment Rate,ridge,cpi_headline_yoy_lag6,0.030381486157859197
FED,unemployment,unemployment_rate,Unemployment Rate,ridge,avg_hourly_earnings_yoy_lag3,0.024944050242589593
FED,unemployment,unemployment_rate,Unemployment Rate,ridge,cpi_headline_yoy_lag1,0.022548367869454567
FED,unemployment,unemployment_rate,Unemployment Rate,ridge,ism_manufacturing_employment_lag3,0.01890059745644252
FED,unemployment,unemployment_rate,Unemployment Rate,ridge,continuing_jobless_claims_lag6,0.018024403423368526
FED,unemployment,unemployment_rate,Unemployment Rate,ridge,ism_manufacturing_employment_ma3,0.01788852574583862
FED,unemployment,unemployment_rate,Unemployment Rate,ridge,cpi_headline_yoy_ma3,0.01666537548592749
FED,unemployment,unemployment_rate,Unemployment Rate,ridge,core_pce_price_index_yoy_lag6,0.015619128306472333
FED,unemployment,unemployment_rate,Unemployment Rate,ridge,jobless_claims_4week_average_lag6,0.014834364783339255
FED,unemployment,unemployment_rate,Unemployment Rate,ridge,initial_jobless_claims_lag6,0.014242984826896416
FED,unemployment,unemployment_rate,Unemployment Rate,ridge,government_payrolls_lag1_x_government_payrolls_lag3,0.01377832292471617
FED,unemployment,unemployment_rate,Unemployment Rate,ridge,government_payrolls_ma6,0.013596153710623081
FED,unemployment,unemployment_rate,Unemployment Rate,ridge,ism_manufacturing_employment_ma6,0.013271290413776088
FED,unemployment,unemployment_rate,Unemployment Rate,ridge,core_cpi_mom_ma3,0.013169290421483721
FED,unemployment,unemployment_rate,Unemployment Rate,ridge,challenger_job_cuts_lag1,0.013147943477489757
FED,unemployment,unemployment_rate,Unemployment Rate,ridge,adp_employment_change_lag3,0.012883362315677828
FED,unemployment,unemployment_rate,Unemployment Rate,ridge,avg_hourly_earnings_yoy_lag6,0.012731990851744092
FED,unemployment,unemployment_rate,Unemployment Rate,ridge,cpi_headline_yoy_ma6,0.012363279976455473
FED,unemployment,unemployment_rate,Unemployment Rate,ridge,adp_employment_change_ma6,0.012284288807768115
FED,unemployment,unemployment_rate,Unemployment Rate,ridge,cpi_headline_yoy_lag3,0.011712845801533332
FED,unemployment,unemployment_rate,Unemployment Rate,ridge,core_pce_price_index_yoy_ma6,0.011584660232825745
FED,unemployment,unemployment_rate,Unemployment Rate,ridge,target_ma3,0.011573692697661857
FED,unemployment,unemployment_rate,Unemployment Rate,ridge,avg_hourly_earnings_mom_ma3,0.011000855693462746
FED,unemployment,unemployment_rate,Unemployment Rate,ridge,average_weekly_hours_lag6,0.010184841785895455
FED,unemployment,unemployment_rate,Unemployment Rate,ridge,adp_employment_change_lag6,0.009727649704309456
FED,unemployment,unemployment_rate,Unemployment Rate,ridge,government_payrolls_lag1,0.009048163988294226
FED,unemployment,unemployment_rate,Unemployment Rate,ridge,core_pce_price_index_yoy_lag1,0.008081495389298591
FED,unemployment,unemployment_rate,Unemployment Rate,ridge,avg_hourly_earnings_mom_lag1,0.007147927478055124
FED,unemployment,unemployment_rate,Unemployment Rate,ridge,avg_hourly_earnings_yoy_ma6,0.007015663238357072
FED,unemployment,unemployment_rate,Unemployment Rate,ridge,participation_rate_ma6,0.006713487160210259
FED,unemployment,unemployment_rate,Unemployment Rate,ridge,avg_hourly_earnings_mom_lag3,0.006509260478081904
FED,unemployment,unemployment_rate,Unemployment Rate,ridge,adp_employment_change_lag1,0.006252859144210831
FED,unemployment,unemployment_rate,Unemployment Rate,ridge,core_cpi_mom_lag3,0.006107958592726822
FED,unemployment,unemployment_rate,Unemployment Rate,ridge,target_lag1,0.005807497205938096
FED,unemployment,unemployment_rate,Unemployment Rate,ridge,participation_rate_lag1,0.005337800161193091
FED,unemployment,unemployment_rate,Unemployment Rate,ridge,challenger_job_cuts_ma3,0.0051376775442962715
FED,unemployment,unemployment_rate,Unemployment Rate,ridge,avg_hourly_earnings_yoy_ma3,0.005113494313414516
FED,unemployment,unemployment_rate,Unemployment Rate,ridge,challenger_job_cuts_lag6,0.004416771944175428
FED,unemployment,unemployment_rate,Unemployment Rate,ridge,government_payrolls_ma3,0.0043672418645139995
FED,unemployment,unemployment_rate,Unemployment Rate,ridge,avg_hourly_earnings_yoy_lag1,0.004093292633054686
FED,unemployment,unemployment_rate,Unemployment Rate,ridge,average_weekly_hours_ma6,0.003971178126004736
FED,unemployment,unemployment_rate,Unemployment Rate,ridge,challenger_job_cuts_lag3,0.0035617189578984586
FED,unemployment,unemployment_rate,Unemployment Rate,ridge,avg_hourly_earnings_mom_ma6,0.003531874655169259
FED,unemployment,unemployment_rate,Unemployment Rate,ridge,avg_hourly_earnings_mom_lag6,0.0034108659328096528
FED,unemployment,unemployment_rate,Unemployment Rate,ridge,continuing_jobless_claims_lag1,0.003307150132436658
FED,unemployment,unemployment_rate,Unemployment Rate,ridge,initial_jobless_claims_ma3,0.0032562636083147537
FED,unemployment,unemployment_rate,Unemployment Rate,ridge,continuing_jobless_claims_ma6,0.0029375978460548847
FED,unemployment,unemployment_rate,Unemployment Rate,ridge,average_weekly_hours_lag1,0.0028646900457046406
FED,unemployment,unemployment_rate,Unemployment Rate,ridge,core_cpi_mom_lag1,0.0028415890821509764
FED,unemployment,unemployment_rate,Unemployment Rate,ridge,participation_rate_ma3,0.0027176377843494176
FED,unemployment,unemployment_rate,Unemployment Rate,ridge,jobless_claims_4week_average_ma3,0.002672309137815852
FED,unemployment,unemployment_rate,Unemployment Rate,ridge,adp_employment_change_ma3,0.0019823497022091754
FED,unemployment,unemployment_rate,Unemployment Rate,ridge,core_pce_price_index_yoy_ma3,0.0014102828746993762
FED,unemployment,unemployment_rate,Unemployment Rate,ridge,challenger_job_cuts_ma6,0.0013291883242240656
FED,unemployment,unemployment_rate,Unemployment Rate,ridge,government_payrolls_lag3,0.0012192486209092334
FED,unemployment,unemployment_rate,Unemployment Rate,ridge,core_cpi_mom_ma6,0.0010335951492054568
FED,unemployment,unemployment_rate,Unemployment Rate,ridge,government_payrolls_lag6,0.000841894858625373
FED,unemployment,unemployment_rate,Unemployment Rate,ridge,continuing_jobless_claims_ma3,0.0007520974337189222
FED,unemployment,unemployment_rate,Unemployment Rate,ridge,core_cpi_mom_lag6,0.0006158050383747102
FED,unemployment,unemployment_rate,Unemployment Rate,ridge,average_weekly_hours_ma3,0.0005958046234125439
FED,unemployment,unemployment_rate,Unemployment Rate,ridge,initial_jobless_claims_ma6,0.00032834140913743737
FED,unemployment,unemployment_rate,Unemployment Rate,ridge,initial_jobless_claims_lag1,0.00028726074007162503
FED,unemployment,unemployment_rate,Unemployment Rate,ridge,ism_manufacturing_employment_lag1,0.0002542781314585105
FED,unemployment,unemployment_rate,Unemployment Rate,ridge,jobless_claims_4week_average_lag1,0.00020353700080870984
FED,unemployment,unemployment_rate,Unemployment Rate,ridge,ism_manufacturing_employment_lag6,0.00010548916855217164
FED,unemployment,unemployment_rate,Unemployment Rate,ridge,jobless_claims_4week_average_ma6,1.5537684704949938e-05
FED,unemployment,unemployment_rate,Unemployment Rate,random_forest,target_current,0.16843387167287002
FED,unemployment,unemployment_rate,Unemployment Rate,random_forest,ism_manufacturing_employment_lag3,0.13750768311144607
FED,unemployment,unemployment_rate,Unemployment Rate,random_forest,core_cpi_mom_ma3,0.07760857659082858
FED,unemployment,unemployment_rate,Unemployment Rate,random_forest,challenger_job_cuts_lag1,0.04760905239739543
FED,unemployment,unemployment_rate,Unemployment Rate,random_forest,core_cpi_mom_lag1,0.04619733059103823
FED,unemployment,unemployment_rate,Unemployment Rate,random_forest,adp_employment_change_lag3,0.045278914623054674
FED,unemployment,unemployment_rate,Unemployment Rate,random_forest,ism_manufacturing_employment_ma3,0.044286090121401715
FED,unemployment,unemployment_rate,Unemployment Rate,random_forest,cpi_headline_yoy_lag3,0.04035587459932668
FED,unemployment,unemployment_rate,Unemployment Rate,random_forest,participation_rate_lag6,0.03044730971915062
FED,unemployment,unemployment_rate,Unemployment Rate,random_forest,participation_rate_lag3,0.026545638683986583
FED,unemployment,unemployment_rate,Unemployment Rate,random_forest,target_lag1,0.025438076415771897
FED,unemployment,unemployment_rate,Unemployment Rate,random_forest,target_ma3,0.02355251334802765
FED,unemployment,unemployment_rate,Unemployment Rate,random_forest,participation_rate_ma6,0.02234306977253623
FED,unemployment,unemployment_rate,Unemployment Rate,random_forest,average_weekly_hours_ma6,0.01889813690632832
FED,unemployment,unemployment_rate,Unemployment Rate,random_forest,ism_manufacturing_employment_lag1,0.018186740010234813
FED,unemployment,unemployment_rate,Unemployment Rate,random_forest,adp_employment_change_ma3,0.014392547957801961
FED,unemployment,unemployment_rate,Unemployment Rate,random_forest,avg_hourly_earnings_yoy_lag1,0.013691964757667086
FED,unemployment,unemployment_rate,Unemployment Rate,random_forest,challenger_job_cuts_ma3,0.013151969400992664
FED,unemployment,unemployment_rate,Unemployment Rate,random_forest,cpi_headline_yoy_ma6,0.01240791713664453
FED,unemployment,unemployment_rate,Unemployment Rate,random_forest,average_weekly_hours_ma3,0.010710816950626352
FED,unemployment,unemployment_rate,Unemployment Rate,random_forest,core_cpi_mom_ma6,0.009428341005292397
FED,unemployment,unemployment_rate,Unemployment Rate,random_forest,core_pce_price_index_yoy_ma3,0.00885160074404811
FED,unemployment,unemployment_rate,Unemployment Rate,random_forest,cpi_headline_yoy_lag6,0.00801781312997717
FED,unemployment,unemployment_rate,Unemployment Rate,random_forest,avg_hourly_earnings_mom_ma3,0.007884894264046684
FED,unemployment,unemployment_rate,Unemployment Rate,random_forest,average_weekly_hours_lag3,0.007835490300878377
FED,unemployment,unemployment_rate,Unemployment Rate,random_forest,continuing_jobless_claims_lag3,0.007354030452848848
FED,unemployment,unemployment_rate,Unemployment Rate,random_forest,avg_hourly_earnings_yoy_lag3,0.0069664705550643155
FED,unemployment,unemployment_rate,Unemployment Rate,random_forest,jobless_claims_4week_average_lag3,0.00611490175952451
FED,unemployment,unemployment_rate,Unemployment Rate,random_forest,core_pce_price_index_yoy_lag3,0.005917143143895362
FED,unemployment,unemployment_rate,Unemployment Rate,random_forest,participation_rate_lag1,0.0052119232857192575
FED,unemployment,unemployment_rate,Unemployment Rate,random_forest,core_pce_price_index_yoy_ma6,0.005194596197975597
FED,unemployment,unemployment_rate,Unemployment Rate,random_forest,core_pce_price_index_yoy_lag6,0.005079139460363011
FED,unemployment,unemployment_rate,Unemployment Rate,random_forest,initial_jobless_claims_lag3,0.0050502385169383865
FED,unemployment,unemployment_rate,Unemployment Rate,random_forest,ism_manufacturing_employment_ma6,0.004960421667430985
FED,unemployment,unemployment_rate,Unemployment Rate,random_forest,average_weekly_hours_lag1,0.004907247109306584
FED,unemployment,unemployment_rate,Unemployment Rate,random_forest,adp_employment_change_lag1,0.0048846167172946755
FED,unemployment,unemployment_rate,Unemployment Rate,random_forest,ism_manufacturing_employment_lag6,0.004817853779197117
FED,unemployment,unemployment_rate,Unemployment Rate,random_forest,jobless_claims_4week_average_ma3,0.004634641455862521
FED,unemployment,unemployment_rate,Unemployment Rate,random_forest,challenger_job_cuts_lag3,0.004364613830452939
FED,unemployment,unemployment_rate,Unemployment Rate,random_forest,government_payrolls_lag6,0.004358344955669779
FED,unemployment,unemployment_rate,Unemployment Rate,random_forest,adp_employment_change_lag6,0.004356748901768222
FED,unemployment,unemployment_rate,Unemployment Rate,random_forest,adp_employment_change_ma6,0.004039299503678515
FED,unemployment,unemployment_rate,Unemployment Rate,random_forest,initial_jobless_claims_ma6,0.003894495444349286
FED,unemployment,unemployment_rate,Unemployment Rate,random_forest,core_pce_price_index_yoy_lag1,0.003862264205644734
FED,unemployment,unemployment_rate,Unemployment Rate,random_forest,cpi_headline_yoy_lag1,0.0036481753719913427
FED,unemployment,unemployment_rate,Unemployment Rate,random_forest,continuing_jobless_claims_ma3,0.002203657055984958
FED,unemployment,unemployment_rate,Unemployment Rate,random_forest,jobless_claims_4week_average_lag1,0.0018391070369207533
FED,unemployment,unemployment_rate,Unemployment Rate,random_forest,government_payrolls_lag1,0.0017236342634109644
FED,unemployment,unemployment_rate,Unemployment Rate,random_forest,avg_hourly_earnings_yoy_ma6,0.0014789067204211267
FED,unemployment,unemployment_rate,Unemployment Rate,random_forest,average_weekly_hours_lag6,0.001231001572797412
FED,unemployment,unemployment_rate,Unemployment Rate,random_forest,government_payrolls_ma3,0.0011817862526313284
FED,unemployment,unemployment_rate,Unemployment Rate,random_forest,avg_hourly_earnings_mom_lag3,0.0011487349180902696
FED,unemployment,unemployment_rate,Unemployment Rate,random_forest,government_payrolls_lag1_x_government_payrolls_lag3,0.001118511591755852
FED,unemployment,unemployment_rate,Unemployment Rate,random_forest,challenger_job_cuts_ma6,0.001006517570787366
FED,unemployment,unemployment_rate,Unemployment Rate,random_forest,cpi_headline_yoy_ma3,0.000927477497498367
FED,unemployment,unemployment_rate,Unemployment Rate,random_forest,avg_hourly_earnings_yoy_lag6,0.0008378791769237351
FED,unemployment,unemployment_rate,Unemployment Rate,random_forest,continuing_jobless_claims_lag6,0.0008361238582486232
FED,unemployment,unemployment_rate,Unemployment Rate,random_forest,participation_rate_ma3,0.0008289824038968533
FED,unemployment,unemployment_rate,Unemployment Rate,random_forest,continuing_jobless_claims_ma6,0.0007580775322101726
FED,unemployment,unemployment_rate,Unemployment Rate,random_forest,jobless_claims_4week_average_ma6,0.0007100669282977772
FED,unemployment,unemployment_rate,Unemployment Rate,random_forest,avg_hourly_earnings_mom_lag1,0.0005783523751851137
FED,unemployment,unemployment_rate,Unemployment Rate,random_forest,challenger_job_cuts_lag6,0.0005724782860381176
FED,unemployment,unemployment_rate,Unemployment Rate,random_forest,avg_hourly_earnings_mom_lag6,0.0004968689713619622
FED,unemployment,unemployment_rate,Unemployment Rate,random_forest,initial_jobless_claims_ma3,0.0004590879451259819
FED,unemployment,unemployment_rate,Unemployment Rate,random_forest,government_payrolls_ma6,0.0004582843787401814
FED,unemployment,unemployment_rate,Unemployment Rate,random_forest,government_payrolls_lag3,0.00023720728056779986
FED,unemployment,unemployment_rate,Unemployment Rate,random_forest,avg_hourly_earnings_yoy_ma3,0.00021551006860991956
FED,unemployment,unemployment_rate,Unemployment Rate,random_forest,avg_hourly_earnings_mom_ma6,0.00021453964563886878
FED,unemployment,unemployment_rate,Unemployment Rate,random_forest,jobless_claims_4week_average_lag6,8.703188285637721e-05
FED,unemployment,unemployment_rate,Unemployment Rate,random_forest,initial_jobless_claims_lag6,6.431682918389713e-05
FED,unemployment,unemployment_rate,Unemployment Rate,random_forest,core_cpi_mom_lag3,6.181454536708664e-05
FED,unemployment,unemployment_rate,Unemployment Rate,random_forest,core_cpi_mom_lag6,4.1825553274280516e-05
FED,unemployment,unemployment_rate,Unemployment Rate,random_forest,initial_jobless_claims_lag1,1.7890341442400065e-06
FED,unemployment,unemployment_rate,Unemployment Rate,random_forest,continuing_jobless_claims_lag1,1.0282976817980096e-06
RBA,inflation,cpi_headline_yoy,Headline CPI (YoY),ridge,target_current,0.10444873696838125
RBA,inflation,cpi_headline_yoy,Headline CPI (YoY),ridge,export_price_index_qoq_lag5,0.037185440236800274
RBA,inflation,cpi_headline_yoy,Headline CPI (YoY),ridge,private_sector_credit_yoy_lag3,0.03673439020033602
RBA,inflation,cpi_headline_yoy,Headline CPI (YoY),ridge,balance_of_trade_ma6,0.03465792527962272
RBA,inflation,cpi_headline_yoy,Headline CPI (YoY),ridge,producer_price_index_yoy_lag1_x_producer_price_index_yoy_lag3,0.033643746443675314
RBA,inflation,cpi_headline_yoy,Headline CPI (YoY),ridge,producer_price_index_yoy_lag6,0.030371599557788072
RBA,inflation,cpi_headline_yoy,Headline CPI (YoY),ridge,cpi_headline_qoq_lag1,0.02672674212097961
RBA,inflation,cpi_headline_yoy,Headline CPI (YoY),ridge,producer_price_index_yoy_ma3,0.024340014313699268
RBA,inflation,cpi_headline_yoy,Headline CPI (YoY),ridge,commodity_prices_yoy_lag1,0.024232022426044632
RBA,inflation,cpi_headline_yoy,Headline CPI (YoY),ridge,rba_trimmed_mean_cpi_yoy_lag3,0.02356149524469044
RBA,inflation,cpi_headline_yoy,Headline CPI (YoY),ridge,import_price_index_qoq_ma6,0.020628416503301595
RBA,inflation,cpi_headline_yoy,Headline CPI (YoY),ridge,producer_price_index_yoy_ma6,0.019927439549479103
RBA,inflation,cpi_headline_yoy,Headline CPI (YoY),ridge,producer_price_index_qoq_lag1,0.01942723265177881
RBA,inflation,cpi_headline_yoy,Headline CPI (YoY),ridge,manufacturing_pmi_ma6,0.019404867010594996
RBA,inflation,cpi_headline_yoy,Headline CPI (YoY),ridge,export_price_index_qoq_lag1,0.018412249991349383
RBA,inflation,cpi_headline_yoy,Headline CPI (YoY),ridge,producer_price_index_qoq_ma3,0.017683073058371315
RBA,inflation,cpi_headline_yoy,Headline CPI (YoY),ridge,cpi_headline_qoq_lag6,0.01660118683247337
RBA,inflation,cpi_headline_yoy,Headline CPI (YoY),ridge,commodity_prices_yoy_lag3,0.01619979690767095
RBA,inflation,cpi_headline_yoy,Headline CPI (YoY),ridge,target_lag1,0.015888809518968088
RBA,inflation,cpi_headline_yoy,Headline CPI (YoY),ridge,commodity_prices_yoy_ma3,0.015553639478378681
RBA,inflation,cpi_headline_yoy,Headline CPI (YoY),ridge,commodity_prices_yoy_ma6,0.015497301301677285
RBA,inflation,cpi_headline_yoy,Headline CPI (YoY),ridge,import_price_index_qoq_lag1,0.014866235426781844
RBA,inflation,cpi_headline_yoy,Headline CPI (YoY),ridge,rba_weighted_median_cpi_qoq_lag3,0.014485245764769134
RBA,inflation,cpi_headline_yoy,Headline CPI (YoY),ridge,rba_trimmed_mean_cpi_yoy_ma6,0.01436129089967041
RBA,inflation,cpi_headline_yoy,Headline CPI (YoY),ridge,commodity_prices_yoy_lag6,0.01413049074378351
RBA,inflation,cpi_headline_yoy,Headline CPI (YoY),ridge,producer_price_index_qoq_lag2,0.014003382613745058
RBA,inflation,cpi_headline_yoy,Headline CPI (YoY),ridge,cpi_headline_qoq_ma3,0.013037357144855188
RBA,inflation,cpi_headline_yoy,Headline CPI (YoY),ridge,td_mi_inflation_gauge_mom_ma6,0.011995356819752619
RBA,inflation,cpi_headline_yoy,Headline CPI (YoY),ridge,rba_weighted_median_cpi_qoq_ma3,0.011916325556155837
RBA,inflation,cpi_headline_yoy,Headline CPI (YoY),ridge,rba_trimmed_mean_cpi_yoy_lag6,0.011561123385802756
RBA,inflation,cpi_headline_yoy,Headline CPI (YoY),ridge,export_price_index_qoq_lag6,0.01140014118445641
RBA,inflation,cpi_headline_yoy,Headline CPI (YoY),ridge,private_sector_credit_yoy_ma6,0.011360448841611045
RBA,inflation,cpi_headline_yoy,Headline CPI (YoY),ridge,cpi_headline_qoq_lag3,0.011309029256568126
RBA,inflation,cpi_headline_yoy,Headline CPI (YoY),ridge,consumer_inflation_expectation_lag1,0.010994474352849424
RBA,inflation,cpi_headline_yoy,Headline CPI (YoY),ridge,producer_price_index_yoy_lag1,0.010849618425931195
RBA,inflation,cpi_headline_yoy,Headline CPI (YoY),ridge,balance_of_trade_lag6,0.010542478489233549
RBA,inflation,cpi_headline_yoy,Headline CPI (YoY),ridge,rba_trimmed_mean_cpi_yoy_lag1,0.010509755377462888
RBA,inflation,cpi_headline_yoy,Headline CPI (YoY),ridge,manufacturing_pmi_lag3,0.010221191794704194
RBA,inflation,cpi_headline_yoy,Headline CPI (YoY),ridge,import_price_index_qoq_lag6,0.010194276799554603
RBA,inflation,cpi_headline_yoy,Headline CPI (YoY),ridge,nab_business_confidence_ma3,0.010146888824366911
RBA,inflation,cpi_headline_yoy,Headline CPI (YoY),ridge,private_sector_credit_yoy_ma3,0.00996359957773798
RBA,inflation,cpi_headline_yoy,Headline CPI (YoY),ridge,producer_price_index_qoq_lag3,0.00994939764956912
RBA,inflation,cpi_headline_yoy,Headline CPI (YoY),ridge,import_price_index_qoq_lag4,0.00987883789584214
RBA,inflation,cpi_headline_yoy,Headline CPI (YoY),ridge,balance_of_trade_ma3,0.00979853663922006
RBA,inflation,cpi_headline_yoy,Headline CPI (YoY),ridge,producer_price_index_qoq_ma6,0.009658577533856936
RBA,inflation,cpi_headline_yoy,Headline CPI (YoY),ridge,balance_of_trade_lag3,0.00897566317541991
RBA,inflation,cpi_headline_yoy,Headline CPI (YoY),ridge,target_ma3,0.008865003007826939
RBA,inflation,cpi_headline_yoy,Headline CPI (YoY),ridge,producer_price_index_qoq_lag6,0.008593924024160173
RBA,inflation,cpi_headline_yoy,Headline CPI (YoY),ridge,cpi_headline_qoq_ma6,0.00837409447193943
RBA,inflation,cpi_headline_yoy,Headline CPI (YoY),ridge,private_sector_credit_yoy_lag6,0.008046350523761155
RBA,inflation,cpi_headline_yoy,Headline CPI (YoY),ridge,td_mi_inflation_gauge_mom_ma3,0.007993274165257608
RBA,inflation,cpi_headline_yoy,Headline CPI (YoY),ridge,private_sector_credit_yoy_lag1,0.007410573463162077
RBA,inflation,cpi_headline_yoy,Headline CPI (YoY),ridge,nab_business_confidence_ma6,0.007030760888149008
RBA,inflation,cpi_headline_yoy,Headline CPI (YoY),ridge,export_price_index_qoq_ma6,0.006688340325079782
RBA,inflation,cpi_headline_yoy,Headline CPI (YoY),ridge,export_price_index_qoq_lag3,0.006118475667899374
RBA,inflation,cpi_headline_yoy,Headline CPI (YoY),ridge,nab_business_confidence_lag6,0.0059337129143535025
RBA,inflation,cpi_headline_yoy,Headline CPI (YoY),ridge,rba_trimmed_mean_cpi_yoy_ma3,0.005933147582315614
RBA,inflation,cpi_headline_yoy,Headline CPI (YoY),ridge,import_price_index_qoq_ma3,0.0054798167491143255
RBA,inflation,cpi_headline_yoy,Headline CPI (YoY),ridge,consumer_inflation_expectation_lag3,0.005307175704504884
RBA,inflation,cpi_headline_yoy,Headline CPI (YoY),ridge,commodity_prices_yoy_lag2,0.0051199232690434535
RBA,inflation,cpi_headline_yoy,Headline CPI (YoY),ridge,rba_weighted_median_cpi_qoq_lag6,0.004926496532310999
RBA,inflation,cpi_headline_yoy,Headline CPI (YoY),ridge,consumer_inflation_expectation_ma3,0.004066868598130321
RBA,inflation,cpi_headline_yoy,Headline CPI (YoY),ridge,nab_business_confidence_lag1,0.003872985881562508
RBA,inflation,cpi_headline_yoy,Headline CPI (YoY),ridge,nab_business_confidence_lag3,0.0038081752903055066
RBA,inflation,cpi_headline_yoy,Headline CPI (YoY),ridge,manufacturing_pmi_lag1,0.0037335060131096906
RBA,inflation,cpi_headline_yoy,Headline CPI (YoY),ridge,rba_weighted_median_cpi_qoq_ma6,0.003707695033659428
RBA,inflation,cpi_headline_yoy,Headline CPI (YoY),ridge,export_price_index_qoq_ma3,0.0036010398454418132
RBA,inflation,cpi_headline_yoy,Headline CPI (YoY),ridge,rba_weighted_median_cpi_qoq_lag1,0.0028669518792515092
RBA,inflation,cpi_headline_yoy,Headline CPI (YoY),ridge,consumer_inflation_expectation_ma6,0.0024053811419627326
RBA,inflation,cpi_headline_yoy,Headline CPI (YoY),ridge,manufacturing_pmi_ma3,0.0023919770564637777
RBA,inflation,cpi_headline_yoy,Headline CPI (YoY),ridge,td_mi_inflation_gauge_mom_lag1,0.0020696926231152323
RBA,inflation,cpi_headline_yoy,Headline CPI (YoY),ridge,producer_price_index_yoy_lag3,0.0019045207415884211
RBA,inflation,cpi_headline_yoy,Headline CPI (YoY),ridge,manufacturing_pmi_lag6,0.0017999837134929388
RBA,inflation,cpi_headline_yoy,Headline CPI (YoY),ridge,td_mi_inflation_gauge_mom_lag6,0.001727071577205742
RBA,inflation,cpi_headline_yoy,Headline CPI (YoY),ridge,consumer_inflation_expectation_lag6,0.0011561981800935382
RBA,inflation,cpi_headline_yoy,Headline CPI (YoY),ridge,import_price_index_qoq_lag3,0.0008218495278507901
RBA,inflation,cpi_headline_yoy,Headline CPI (YoY),ridge,td_mi_inflation_gauge_mom_lag3,0.0007704090759961693
RBA,inflation,cpi_headline_yoy,Headline CPI (YoY),ridge,balance_of_trade_lag1,0.00023877476212944481
RBA,inflation,cpi_headline_yoy,Headline CPI (YoY),random_forest,target_current,0.3824245619702972
RBA,inflation,cpi_headline_yoy,Headline CPI (YoY),random_forest,private_sector_credit_yoy_lag1,0.18383696429365207
RBA,inflation,cpi_headline_yoy,Headline CPI (YoY),random_forest,private_sector_credit_yoy_ma3,0.1654317874068629
RBA,inflation,cpi_headline_yoy,Headline CPI (YoY),random_forest,cpi_headline_qoq_ma6,0.042816533889250635
RBA,inflation,cpi_headline_yoy,Headline CPI (YoY),random_forest,private_sector_credit_yoy_lag3,0.03483355932169376
RBA,inflation,cpi_headline_yoy,Headline CPI (YoY),random_forest,producer_price_index_qoq_ma6,0.03464958413302912
RBA,inflation,cpi_headline_yoy,Headline CPI (YoY),random_forest,producer_price_index_yoy_lag1,0.018850830660685287
RBA,inflation,cpi_headline_yoy,Headline CPI (YoY),random_forest,target_lag1,0.01564043636884167
RBA,inflation,cpi_headline_yoy,Headline CPI (YoY),random_forest,balance_of_trade_ma6,0.012290687261794778
RBA,inflation,cpi_headline_yoy,Headline CPI (YoY),random_forest,producer_price_index_yoy_ma3,0.012007973475617485
RBA,inflation,cpi_headline_yoy,Headline CPI (YoY),random_forest,import_price_index_qoq_lag1,0.009059826456509006
RBA,inflation,cpi_headline_yoy,Headline CPI (YoY),random_forest,producer_price_index_yoy_lag3,0.00822739014530356
RBA,inflation,cpi_headline_yoy,Headline CPI (YoY),random_forest,producer_price_index_yoy_lag1_x_producer_price_index_yoy_lag3,0.007802376751552722
RBA,inflation,cpi_headline_yoy,Headline CPI (YoY),random_forest,cpi_headline_qoq_ma3,0.007183577663647833
RBA,inflation,cpi_headline_yoy,Headline CPI (YoY),random_forest,producer_price_index_qoq_lag1,0.006161122246245988
RBA,inflation,cpi_headline_yoy,Headline CPI (YoY),random_forest,rba_weighted_median_cpi_qoq_lag1,0.0058215931258144855
RBA,inflation,cpi_headline_yoy,Headline CPI (YoY),random_forest,producer_price_index_qoq_lag6,0.005255352993355147
RBA,inflation,cpi_headline_yoy,Headline CPI (YoY),random_forest,nab_business_confidence_ma6,0.004987427716907489
RBA,inflation,cpi_headline_yoy,Headline CPI (YoY),random_forest,cpi_headline_qoq_lag3,0.0048683470771504
RBA,inflation,cpi_headline_yoy,Headline CPI (YoY),random_forest,cpi_headline_qoq_lag1,0.004487491881074207
RBA,inflation,cpi_headline_yoy,Headline CPI (YoY),random_forest,producer_price_index_qoq_ma3,0.004168743907092559
RBA,inflation,cpi_headline_yoy,Headline CPI (YoY),random_forest,target_ma3,0.00395058567850589
RBA,inflation,cpi_headline_yoy,Headline CPI (YoY),random_forest,producer_price_index_qoq_lag3,0.002557009397776128
RBA,inflation,cpi_headline_yoy,Headline CPI (YoY),random_forest,export_price_index_qoq_ma6,0.002218894825694984
RBA,inflation,cpi_headline_yoy,Headline CPI (YoY),random_forest,rba_weighted_median_cpi_qoq_ma3,0.0020988232828773557
RBA,inflation,cpi_headline_yoy,Headline CPI (YoY),random_forest,nab_business_confidence_lag3,0.0020850409203658155
RBA,inflation,cpi_headline_yoy,Headline CPI (YoY),random_forest,export_price_index_qoq_lag3,0.0015762966759552632
RBA,inflation,cpi_headline_yoy,Headline CPI (YoY),random_forest,balance_of_trade_ma3,0.0014263290237536985
RBA,inflation,cpi_headline_yoy,Headline CPI (YoY),random_forest,rba_weighted_median_cpi_qoq_ma6,0.001133398935137233
RBA,inflation,cpi_headline_yoy,Headline CPI (YoY),random_forest,producer_price_index_qoq_lag2,0.0010016006248862541
RBA,inflation,cpi_headline_yoy,Headline CPI (YoY),random_forest,import_price_index_qoq_ma3,0.0009092210660336219
RBA,inflation,cpi_headline_yoy,Headline CPI (YoY),random_forest,balance_of_trade_lag1,0.0008618980726100442
RBA,inflation,cpi_headline_yoy,Headline CPI (YoY),random_forest,export_price_index_qoq_lag6,0.0006641442173308481
RBA,inflation,cpi_headline_yoy,Headline CPI (YoY),random_forest,rba_weighted_median_cpi_qoq_lag3,0.0005743708612123256
RBA,inflation,cpi_headline_yoy,Headline CPI (YoY),random_forest,cpi_headline_qoq_lag6,0.0005477819744780664
RBA,inflation,cpi_headline_yoy,Headline CPI (YoY),random_forest,private_sector_credit_yoy_ma6,0.0005314976561626841
RBA,inflation,cpi_headline_yoy,Headline CPI (YoY),random_forest,producer_price_index_yoy_ma6,0.0004446423356171915
RBA,inflation,cpi_headline_yoy,Headline CPI (YoY),random_forest,balance_of_trade_lag6,0.00038354580688608876
RBA,inflation,cpi_headline_yoy,Headline CPI (YoY),random_forest,td_mi_inflation_gauge_mom_ma3,0.00036888846830447104
RBA,inflation,cpi_headline_yoy,Headline CPI (YoY),random_forest,manufacturing_pmi_lag3,0.0003571103113367711
RBA,inflation,cpi_headline_yoy,Headline CPI (YoY),random_forest,nab_business_confidence_ma3,0.00034124297739486904
RBA,inflation,cpi_headline_yoy,Headline CPI (YoY),random_forest,td_mi_inflation_gauge_mom_lag1,0.00033995203622728
RBA,inflation,cpi_headline_yoy,Headline CPI (YoY),random_forest,manufacturing_pmi_ma6,0.0002451699070512252
RBA,inflation,cpi_headline_yoy,Headline CPI (YoY),random_forest,nab_business_confidence_lag1,0.00023548927296571312
RBA,inflation,cpi_headline_yoy,Headline CPI (YoY),random_forest,commodity_prices_yoy_lag1,0.00023005249451461688
RBA,inflation,cpi_headline_yoy,Headline CPI (YoY),random_forest,manufacturing_pmi_ma3,0.0002273837834032211
RBA,inflation,cpi_headline_yoy,Headline CPI (YoY),random_forest,rba_trimmed_mean_cpi_yoy_ma3,0.00022537915291490516
RBA,inflation,cpi_headline_yoy,Headline CPI (YoY),random_forest,consumer_inflation_expectation_ma3,0.00021686599904845044
RBA,inflation,cpi_headline_yoy,Headline CPI (YoY),random_forest,private_sector_credit_yoy_lag6,0.00021665441268831458
RBA,inflation,cpi_headline_yoy,Headline CPI (YoY),random_forest,rba_weighted_median_cpi_qoq_lag6,0.00020242780020457028
RBA,inflation,cpi_headline_yoy,Headline CPI (YoY),random_forest,manufacturing_pmi_lag6,0.00019520309879070752
RBA,inflation,cpi_headline_yoy,Headline CPI (YoY),random_forest,td_mi_inflation_gauge_mom_ma6,0.00019118807418297962
RBA,inflation,cpi_headline_yoy,Headline CPI (YoY),random_forest,consumer_inflation_expectation_lag6,0.00017807589578336527
RBA,inflation,cpi_headline_yoy,Headline CPI (YoY),random_forest,consumer_inflation_expectation_lag3,0.00017750248563026716
RBA,inflation,cpi_headline_yoy,Headline CPI (YoY),random_forest,nab_business_confidence_lag6,0.0001766725562048433
RBA,inflation,cpi_headline_yoy,Headline CPI (YoY),random_forest,manufacturing_pmi_lag1,0.0001741017092882102
RBA,inflation,cpi_headline_yoy,Headline CPI (YoY),random_forest,rba_trimmed_mean_cpi_yoy_lag3,0.00016675804591068634
RBA,inflation,cpi_headline_yoy,Headline CPI (YoY),random_forest,consumer_inflation_expectation_lag1,0.00015235151164142577
RBA,inflation,cpi_headline_yoy,Headline CPI (YoY),random_forest,commodity_prices_yoy_ma3,0.00014571761367695267
RBA,inflation,cpi_headline_yoy,Headline CPI (YoY),random_forest,rba_trimmed_mean_cpi_yoy_ma6,0.00013706579620945225
RBA,inflation,cpi_headline_yoy,Headline CPI (YoY),random_forest,import_price_index_qoq_lag6,0.00011710230169827348
RBA,inflation,cpi_headline_yoy,Headline CPI (YoY),random_forest,rba_trimmed_mean_cpi_yoy_lag1,0.00011385738923040438
RBA,inflation,cpi_headline_yoy,Headline CPI (YoY),random_forest,import_price_index_qoq_lag4,0.00011289720951574219
RBA,inflation,cpi_headline_yoy,Headline CPI (YoY),random_forest,export_price_index_qoq_ma3,9.977856937982342e-05
RBA,inflation,cpi_headline_yoy,Headline CPI (YoY),random_forest,import_price_index_qoq_lag3,9.587409275946601e-05
RBA,inflation,cpi_headline_yoy,Headline CPI (YoY),random_forest,export_price_index_qoq_lag5,9.482975852017546e-05
RBA,inflation,cpi_headline_yoy,Headline CPI (YoY),random_forest,consumer_inflation_expectation_ma6,9.390661616366438e-05
RBA,inflation,cpi_headline_yoy,Headline CPI (YoY),random_forest,producer_price_index_yoy_lag6,9.355554507733516e-05
RBA,inflation,cpi_headline_yoy,Headline CPI (YoY),random_forest,balance_of_trade_lag3,9.312299606840046e-05
RBA,inflation,cpi_headline_yoy,Headline CPI (YoY),random_forest,import_price_index_qoq_ma6,8.179805579191207e-05
RBA,inflation,cpi_headline_yoy,Headline CPI (YoY),random_forest,commodity_prices_yoy_ma6,6.904367307358655e-05
RBA,inflation,cpi_headline_yoy,Headline CPI (YoY),random_forest,td_mi_inflation_gauge_mom_lag3,5.817774132676731e-05
RBA,inflation,cpi_headline_yoy,Headline CPI (YoY),random_forest,commodity_prices_yoy_lag6,5.7693023545543714e-05
RBA,inflation,cpi_headline_yoy,Headline CPI (YoY),random_forest,export_price_index_qoq_lag1,5.583976965988187e-05
RBA,inflation,cpi_headline_yoy,Headline CPI (YoY),random_forest,td_mi_inflation_gauge_mom_lag6,4.198219110791763e-05
RBA,inflation,cpi_headline_yoy,Headline CPI (YoY),random_forest,rba_trimmed_mean_cpi_yoy_lag6,2.120300269966869e-05
RBA,inflation,cpi_headline_yoy,Headline CPI (YoY),random_forest,commodity_prices_yoy_lag3,1.799031033395572e-05
RBA,inflation,cpi_headline_yoy,Headline CPI (YoY),random_forest,commodity_prices_yoy_lag2,8.844249012304426e-06
RBA,gdp_growth,retail_sales_mom,Retail Sales (MoM),ridge,target_current,0.08801129513973335
RBA,gdp_growth,retail_sales_mom,Retail Sales (MoM),ridge,part_time_employment_change_lag1,0.04444522190025728
RBA,gdp_growth,retail_sales_mom,Retail Sales (MoM),ridge,private_sector_credit_yoy_lag6,0.03544766776712843
RBA,gdp_growth,retail_sales_mom,Retail Sales (MoM),ridge,private_sector_credit_yoy_lag5,0.03538889396702008
RBA,gdp_growth,retail_sales_mom,Retail Sales (MoM),ridge,ai_group_services_index_lag1,0.03500175785869854
RBA,gdp_growth,retail_sales_mom,Retail Sales (MoM),ridge,leading_index_mom_ma6,0.032965847366070465
RBA,gdp_growth,retail_sales_mom,Retail Sales (MoM),ridge,services_pmi_ma6,0.02852423902694493
RBA,gdp_growth,retail_sales_mom,Retail Sales (MoM),ridge,target_lag1,0.02717670547857996
RBA,gdp_growth,retail_sales_mom,Retail Sales (MoM),ridge,leading_index_mom_lag1_x_leading_index_mom_lag3,0.025305543487331397
RBA,gdp_growth,retail_sales_mom,Retail Sales (MoM),ridge,westpac_consumer_confidence_change_lag6,0.024767316271058926
RBA,gdp_growth,retail_sales_mom,Retail Sales (MoM),ridge,leading_index_mom_lag3,0.02433640239947018
RBA,gdp_growth,retail_sales_mom,Retail Sales (MoM),ridge,leading_index_mom_lag1,0.022873408857722842
RBA,gdp_growth,retail_sales_mom,Retail Sales (MoM),ridge,ai_group_services_index_ma3,0.021191015762865917
RBA,gdp_growth,retail_sales_mom,Retail Sales (MoM),ridge,employment_change_lag6,0.02074050066358628
RBA,gdp_growth,retail_sales_mom,Retail Sales (MoM),ridge,ai_group_services_index_ma6,0.020197750755488658
RBA,gdp_growth,retail_sales_mom,Retail Sales (MoM),ridge,westpac_consumer_confidence_change_lag3,0.020120427983735804
RBA,gdp_growth,retail_sales_mom,Retail Sales (MoM),ridge,housing_credit_mom_lag6,0.01929256895883448
RBA,gdp_growth,retail_sales_mom,Retail Sales (MoM),ridge,westpac_consumer_confidence_change_ma3,0.018303733543274945
RBA,gdp_growth,retail_sales_mom,Retail Sales (MoM),ridge,private_sector_credit_mom_lag1,0.018052106452699643
RBA,gdp_growth,retail_sales_mom,Retail Sales (MoM),ridge,target_ma3,0.01790829338164525
RBA,gdp_growth,retail_sales_mom,Retail Sales (MoM),ridge,private_sector_credit_mom_lag6,0.017905208016273516
RBA,gdp_growth,retail_sales_mom,Retail Sales (MoM),ridge,private_sector_credit_yoy_lag1,0.0173879078155191
RBA,gdp_growth,retail_sales_mom,Retail Sales (MoM),ridge,housing_credit_mom_lag3,0.014357629605681582
RBA,gdp_growth,retail_sales_mom,Retail Sales (MoM),ridge,leading_index_mom_ma3,0.013977885285462259
RBA,gdp_growth,retail_sales_mom,Retail Sales (MoM),ridge,producer_price_index_qoq_ma6,0.01396237217486073
RBA,gdp_growth,retail_sales_mom,Retail Sales (MoM),ridge,private_sector_credit_yoy_ma6,0.013740138012607683
RBA,gdp_growth,retail_sales_mom,Retail Sales (MoM),ridge,private_sector_credit_mom_lag3,0.013674206988499863
RBA,gdp_growth,retail_sales_mom,Retail Sales (MoM),ridge,employment_change_lag1,0.013281203658132623
RBA,gdp_growth,retail_sales_mom,Retail Sales (MoM),ridge,private_sector_credit_yoy_lag3,0.013206175701032583
RBA,gdp_growth,retail_sales_mom,Retail Sales (MoM),ridge,employment_change_lag3,0.012790842824519477
RBA,gdp_growth,retail_sales_mom,Retail Sales (MoM),ridge,manufacturing_pmi_lag6,0.012358947826445392
RBA,gdp_growth,retail_sales_mom,Retail Sales (MoM),ridge,producer_price_index_qoq_lag6,0.012244940082612562
RBA,gdp_growth,retail_sales_mom,Retail Sales (MoM),ridge,part_time_employment_change_ma3,0.012068454166242028
RBA,gdp_growth,retail_sales_mom,Retail Sales (MoM),ridge,ai_group_services_index_lag2,0.01194666297411801
RBA,gdp_growth,retail_sales_mom,Retail Sales (MoM),ridge,part_time_employment_change_lag6,0.011555351007764548
RBA,gdp_growth,retail_sales_mom,Retail Sales (MoM),ridge,producer_price_index_qoq_lag1,0.010610435669452311
RBA,gdp_growth,retail_sales_mom,Retail Sales (MoM),ridge,manufacturing_pmi_ma3,0.01014105519863213
RBA,gdp_growth,retail_sales_mom,Retail Sales (MoM),ridge,cpi_headline_qoq_ma6,0.00975334631812417
RBA,gdp_growth,retail_sales_mom,Retail Sales (MoM),ridge,producer_price_index_qoq_lag3,0.009727719816881489
RBA,gdp_growth,retail_sales_mom,Retail Sales (MoM),ridge,private_sector_credit_mom_ma3,0.009363145091152518
RBA,gdp_growth,retail_sales_mom,Retail Sales (MoM),ridge,services_pmi_ma3,0.00888677793863939
RBA,gdp_growth,retail_sales_mom,Retail Sales (MoM),ridge,employment_change_ma3,0.008872738985315874
RBA,gdp_growth,retail_sales_mom,Retail Sales (MoM),ridge,cpi_headline_qoq_lag6,0.008857699587322763
RBA,gdp_growth,retail_sales_mom,Retail Sales (MoM),ridge,leading_index_mom_lag6,0.008821799503148181
RBA,gdp_growth,retail_sales_mom,Retail Sales (MoM),ridge,employment_change_ma6,0.0085917933509973
RBA,gdp_growth,retail_sales_mom,Retail Sales (MoM),ridge,services_pmi_lag6,0.007233997800487433
RBA,gdp_growth,retail_sales_mom,Retail Sales (MoM),ridge,ai_group_services_index_lag3,0.007109265591952769
RBA,gdp_growth,retail_sales_mom,Retail Sales (MoM),ridge,manufacturing_pmi_lag1,0.00665547564119559
RBA,gdp_growth,retail_sales_mom,Retail Sales (MoM),ridge,manufacturing_pmi_ma6,0.006439001562422839
RBA,gdp_growth,retail_sales_mom,Retail Sales (MoM),ridge,ai_group_industry_index_ma6,0.006216331055551351
RBA,gdp_growth,retail_sales_mom,Retail Sales (MoM),ridge,ai_group_manufacturing_index_lag6,0.006035987055680616
RBA,gdp_growth,retail_sales_mom,Retail Sales (MoM),ridge,cpi_headline_qoq_lag3,0.005896405328819611
RBA,gdp_growth,retail_sales_mom,Retail Sales (MoM),ridge,ai_group_manufacturing_index_lag5,0.0058249018156138616
RBA,gdp_growth,retail_sales_mom,Retail Sales (MoM),ridge,housing_credit_mom_ma6,0.00548004086967532
RBA,gdp_growth,retail_sales_mom,Retail Sales (MoM),ridge,private_sector_credit_mom_lag5,0.005458815712965294
RBA,gdp_growth,retail_sales_mom,Retail Sales (MoM),ridge,ai_group_industry_index_lag6,0.0050784555939980824
RBA,gdp_growth,retail_sales_mom,Retail Sales (MoM),ridge,private_sector_credit_yoy_ma3,0.005010338957720729
RBA,gdp_growth,retail_sales_mom,Retail Sales (MoM),ridge,services_pmi_lag3,0.004952675541310209
RBA,gdp_growth,retail_sales_mom,Retail Sales (MoM),ridge,manufacturing_pmi_lag3,0.004035433194727865
RBA,gdp_growth,retail_sales_mom,Retail Sales (MoM),ridge,ai_group_manufacturing_index_lag3,0.004018599109953124
RBA,gdp_growth,retail_sales_mom,Retail Sales (MoM),ridge,producer_price_index_qoq_ma3,0.003983826622975739
RBA,gdp_growth,retail_sales_mom,Retail Sales (MoM),ridge,ai_group_industry_index_lag3,0.0036953844091771127
RBA,gdp_growth,retail_sales_mom,Retail Sales (MoM),ridge,cpi_headline_qoq_ma3,0.0034977426963404435
RBA,gdp_growth,retail_sales_mom,Retail Sales (MoM),ridge,ai_group_services_index_lag6,0.0031745981609299016
RBA,gdp_growth,retail_sales_mom,Retail Sales (MoM),ridge,cpi_headline_qoq_lag1,0.002983384890124536
RBA,gdp_growth,retail_sales_mom,Retail Sales (MoM),ridge,ai_group_manufacturing_index_ma3,0.002429639626274668
RBA,gdp_growth,retail_sales_mom,Retail Sales (MoM),ridge,housing_credit_mom_ma3,0.002206791206829443
RBA,gdp_growth,retail_sales_mom,Retail Sales (MoM),ridge,westpac_consumer_confidence_change_lag1,0.002195813504987583
RBA,gdp_growth,retail_sales_mom,Retail Sales (MoM),ridge,ai_group_industry_index_lag1,0.002144275927675315
RBA,gdp_growth,retail_sales_mom,Retail Sales (MoM),ridge,ai_group_manufacturing_index_lag1,0.0020503097663202227
RBA,gdp_growth,retail_sales_mom,Retail Sales (MoM),ridge,ai_group_industry_index_ma3,0.0015492003138919013
RBA,gdp_growth,retail_sales_mom,Retail Sales (MoM),ridge,part_time_employment_change_ma6,0.0013218839109115092
RBA,gdp_growth,retail_sales_mom,Retail Sales (MoM),ridge,ai_group_manufacturing_index_ma6,0.001274490171796252
RBA,gdp_growth,retail_sales_mom,Retail Sales (MoM),ridge,private_sector_credit_mom_ma6,0.0012659750659863218
RBA,gdp_growth,retail_sales_mom,Retail Sales (MoM),ridge,services_pmi_lag1,0.0009848769287933983
RBA,gdp_growth,retail_sales_mom,Retail Sales (MoM),ridge,part_time_employment_change_lag3,0.0007912643947757147
RBA,gdp_growth,retail_sales_mom,Retail Sales (MoM),ridge,housing_credit_mom_lag1,0.00045713057988408415
RBA,gdp_growth,retail_sales_mom,Retail Sales (MoM),ridge,westpac_consumer_confidence_change_ma6,0.00041255236866566094
RBA,gdp_growth,retail_sales_mom,Retail Sales (MoM),random_forest,target_current,0.22475835457093435
RBA,gdp_growth,retail_sales_mom,Retail Sales (MoM),random_forest,cpi_headline_qoq_lag1,0.0966682879929342
RBA,gdp_growth,retail_sales_mom,Retail Sales (MoM),random_forest,leading_index_mom_lag1_x_leading_index_mom_lag3,0.09341770724389352
RBA,gdp_growth,retail_sales_mom,Retail Sales (MoM),random_forest,employment_change_lag1,0.04320103457259536
RBA,gdp_growth,retail_sales_mom,Retail Sales (MoM),random_forest,ai_group_services_index_lag1,0.03968960845551961
RBA,gdp_growth,retail_sales_mom,Retail Sales (MoM),random_forest,producer_price_index_qoq_lag1,0.031374558808806435
RBA,gdp_growth,retail_sales_mom,Retail Sales (MoM),random_forest,leading_index_mom_lag1,0.031064398547256303
RBA,gdp_growth,retail_sales_mom,Retail Sales (MoM),random_forest,employment_change_ma6,0.027751652165434692
RBA,gdp_growth,retail_sales_mom,Retail Sales (MoM),random_forest,part_time_employment_change_lag1,0.027325171729226584
RBA,gdp_growth,retail_sales_mom,Retail Sales (MoM),random_forest,cpi_headline_qoq_ma6,0.025286089088223794
RBA,gdp_growth,retail_sales_mom,Retail Sales (MoM),random_forest,leading_index_mom_ma3,0.02480318559078885
RBA,gdp_growth,retail_sales_mom,Retail Sales (MoM),random_forest,services_pmi_lag1,0.018139641778765397
RBA,gdp_growth,retail_sales_mom,Retail Sales (MoM),random_forest,target_lag1,0.017880775198108715
RBA,gdp_growth,retail_sales_mom,Retail Sales (MoM),random_forest,producer_price_index_qoq_ma6,0.01770028363398638
RBA,gdp_growth,retail_sales_mom,Retail Sales (MoM),random_forest,target_ma3,0.016116727294873442
RBA,gdp_growth,retail_sales_mom,Retail Sales (MoM),random_forest,producer_price_index_qoq_lag3,0.015492981984863161
RBA,gdp_growth,retail_sales_mom,Retail Sales (MoM),random_forest,manufacturing_pmi_lag6,0.015192512514779545
RBA,gdp_growth,retail_sales_mom,Retail Sales (MoM),random_forest,private_sector_credit_mom_lag5,0.014504623281270968
RBA,gdp_growth,retail_sales_mom,Retail Sales (MoM),random_forest,employment_change_ma3,0.014412409249500603
RBA,gdp_growth,retail_sales_mom,Retail Sales (MoM),random_forest,cpi_headline_qoq_ma3,0.013677365197973914
RBA,gdp_growth,retail_sales_mom,Retail Sales (MoM),random_forest,westpac_consumer_confidence_change_ma3,0.013656878307816811
RBA,gdp_growth,retail_sales_mom,Retail Sales (MoM),random_forest,westpac_consumer_confidence_change_lag6,0.010121871354974879
RBA,gdp_growth,retail_sales_mom,Retail Sales (MoM),random_forest,part_time_employment_change_lag3,0.01008817162340124
RBA,gdp_growth,retail_sales_mom,Retail Sales (MoM),random_forest,services_pmi_ma3,0.00990454896069967
RBA,gdp_growth,retail_sales_mom,Retail Sales (MoM),random_forest,part_time_employment_change_ma3,0.009341021560231637
RBA,gdp_growth,retail_sales_mom,Retail Sales (MoM),random_forest,ai_group_manufacturing_index_lag6,0.00902069791628239
RBA,gdp_growth,retail_sales_mom,Retail Sales (MoM),random_forest,producer_price_index_qoq_ma3,0.00793990741324078
RBA,gdp_growth,retail_sales_mom,Retail Sales (MoM),random_forest,ai_group_manufacturing_index_lag5,0.007243763131486611
RBA,gdp_growth,retail_sales_mom,Retail Sales (MoM),random_forest,westpac_consumer_confidence_change_lag1,0.006881731328540005
RBA,gdp_growth,retail_sales_mom,Retail Sales (MoM),random_forest,services_pmi_lag3,0.006728491657890317
RBA,gdp_growth,retail_sales_mom,Retail Sales (MoM),random_forest,private_sector_credit_yoy_ma3,0.006638068779992565
RBA,gdp_growth,retail_sales_mom,Retail Sales (MoM),random_forest,part_time_employment_change_lag6,0.006296596962417626
RBA,gdp_growth,retail_sales_mom,Retail Sales (MoM),random_forest,private_sector_credit_yoy_lag3,0.006026516740417323
RBA,gdp_growth,retail_sales_mom,Retail Sales (MoM),random_forest,private_sector_credit_mom_ma3,0.0057277809731408735
RBA,gdp_growth,retail_sales_mom,Retail Sales (MoM),random_forest,cpi_headline_qoq_lag3,0.00553744348263736
RBA,gdp_growth,retail_sales_mom,Retail Sales (MoM),random_forest,cpi_headline_qoq_lag6,0.0053123182692973205
RBA,gdp_growth,retail_sales_mom,Retail Sales (MoM),random_forest,private_sector_credit_mom_lag6,0.005016595430053299
RBA,gdp_growth,retail_sales_mom,Retail Sales (MoM),random_forest,private_sector_credit_yoy_lag6,0.004789246883180885
RBA,gdp_growth,retail_sales_mom,Retail Sales (MoM),random_forest,private_sector_credit_yoy_ma6,0.004420765312132021
RBA,gdp_growth,retail_sales_mom,Retail Sales (MoM),random_forest,employment_change_lag3,0.004358074451730426
RBA,gdp_growth,retail_sales_mom,Retail Sales (MoM),random_forest,manufacturing_pmi_lag3,0.00374090692955755
RBA,gdp_growth,retail_sales_mom,Retail Sales (MoM),random_forest,ai_group_manufacturing_index_lag3,0.003185856120620856
RBA,gdp_growth,retail_sales_mom,Retail Sales (MoM),random_forest,manufacturing_pmi_lag1,0.0031087559069635177
RBA,gdp_growth,retail_sales_mom,Retail Sales (MoM),random_forest,private_sector_credit_mom_lag1,0.002853465871475901
RBA,gdp_growth,retail_sales_mom,Retail Sales (MoM),random_forest,part_time_employment_change_ma6,0.002688385001801148
RBA,gdp_growth,retail_sales_mom,Retail Sales (MoM),random_forest,employment_change_lag6,0.00268026730807758
RBA,gdp_growth,retail_sales_mom,Retail Sales (MoM),random_forest,ai_group_manufacturing_index_lag1,0.0026552972348123684
RBA,gdp_growth,retail_sales_mom,Retail Sales (MoM),random_forest,services_pmi_ma6,0.002475178606325917
RBA,gdp_growth,retail_sales_mom,Retail Sales (MoM),random_forest,producer_price_index_qoq_lag6,0.002246295519134312
RBA,gdp_growth,retail_sales_mom,Retail Sales (MoM),random_forest,private_sector_credit_yoy_lag5,0.0021597020269647875
RBA,gdp_growth,retail_sales_mom,Retail Sales (MoM),random_forest,westpac_consumer_confidence_change_lag3,0.0019127184163012232
RBA,gdp_growth,retail_sales_mom,Retail Sales (MoM),random_forest,ai_group_services_index_lag3,0.0018943121506383243
RBA,gdp_growth,retail_sales_mom,Retail Sales (MoM),random_forest,leading_index_mom_lag6,0.0014174148366847825
RBA,gdp_growth,retail_sales_mom,Retail Sales (MoM),random_forest,westpac_consumer_confidence_change_ma6,0.0014172883904152766
RBA,gdp_growth,retail_sales_mom,Retail Sales (MoM),random_forest,ai_group_manufacturing_index_ma3,0.0012685879921131287
RBA,gdp_growth,retail_sales_mom,Retail Sales (MoM),random_forest,ai_group_services_index_ma3,0.0011735642695346654
RBA,gdp_growth,retail_sales_mom,Retail Sales (MoM),random_forest,leading_index_mom_lag3,0.0011444251896119448
RBA,gdp_growth,retail_sales_mom,Retail Sales (MoM),random_forest,manufacturing_pmi_ma6,0.0011219510826674924
RBA,gdp_growth,retail_sales_mom,Retail Sales (MoM),random_forest,services_pmi_lag6,0.001114374479741622
RBA,gdp_growth,retail_sales_mom,Retail Sales (MoM),random_forest,ai_group_services_index_lag6,0.001077539011408805
RBA,gdp_growth,retail_sales_mom,Retail Sales (MoM),random_forest,ai_group_services_index_ma6,0.0010133621203720136
RBA,gdp_growth,retail_sales_mom,Retail Sales (MoM),random_forest,ai_group_manufacturing_index_ma6,0.0009610816488258907
RBA,gdp_growth,retail_sales_mom,Retail Sales (MoM),random_forest,private_sector_credit_mom_lag3,0.0008078915004206314
RBA,gdp_growth,retail_sales_mom,Retail Sales (MoM),random_forest,ai_group_services_index_lag2,0.0006749215156576077
RBA,gdp_growth,retail_sales_mom,Retail Sales (MoM),random_forest,private_sector_credit_mom_ma6,0.0005649585843582569
RBA,gdp_growth,retail_sales_mom,Retail Sales (MoM),random_forest,private_sector_credit_yoy_lag1,0.00049581150804609
RBA,gdp_growth,retail_sales_mom,Retail Sales (MoM),random_forest,leading_index_mom_ma6,0.0003753688371123924
RBA,gdp_growth,retail_sales_mom,Retail Sales (MoM),random_forest,manufacturing_pmi_ma3,0.0002055976297323935
RBA,gdp_growth,retail_sales_mom,Retail Sales (MoM),random_forest,ai_group_industry_index_ma3,2.1255463120663688e-05
RBA,gdp_growth,retail_sales_mom,Retail Sales (MoM),random_forest,housing_credit_mom_lag1,1.1189756258591863e-05
RBA,gdp_growth,retail_sales_mom,Retail Sales (MoM),random_forest,housing_credit_mom_ma6,1.0393968103644672e-05
RBA,gdp_growth,retail_sales_mom,Retail Sales (MoM),random_forest,ai_group_industry_index_lag1,7.693994187835878e-06
RBA,gdp_growth,retail_sales_mom,Retail Sales (MoM),random_forest,ai_group_industry_index_lag3,6.327689652908907e-06
RBA,gdp_growth,retail_sales_mom,Retail Sales (MoM),random_forest,housing_credit_mom_lag3,0.0
RBA,gdp_growth,retail_sales_mom,Retail Sales (MoM),random_forest,housing_credit_mom_lag6,0.0
RBA,gdp_growth,retail_sales_mom,Retail Sales (MoM),random_forest,housing_credit_mom_ma3,0.0
RBA,gdp_growth,retail_sales_mom,Retail Sales (MoM),random_forest,ai_group_industry_index_lag6,0.0
RBA,gdp_growth,retail_sales_mom,Retail Sales (MoM),random_forest,ai_group_industry_index_ma6,0.0
RBA,unemployment,unemployment_rate,Unemployment Rate,ridge,westpac_consumer_confidence_index_ma3,0.044877299016695654
RBA,unemployment,unemployment_rate,Unemployment Rate,ridge,westpac_consumer_confidence_index_lag1,0.044699386310477034
RBA,unemployment,unemployment_rate,Unemployment Rate,ridge,rba_weighted_median_cpi_qoq_lag1,0.04441141016340337
RBA,unemployment,unemployment_rate,Unemployment Rate,ridge,westpac_consumer_confidence_index_ma6,0.04310755940469463
RBA,unemployment,unemployment_rate,Unemployment Rate,ridge,target_current,0.04291960430810154
RBA,unemployment,unemployment_rate,Unemployment Rate,ridge,ai_group_manufacturing_index_lag1,0.03233036901754458
RBA,unemployment,unemployment_rate,Unemployment Rate,ridge,cpi_headline_yoy_lag1,0.032309809665382445
RBA,unemployment,unemployment_rate,Unemployment Rate,ridge,target_lag1,0.03198099014811354
RBA,unemployment,unemployment_rate,Unemployment Rate,ridge,producer_price_index_yoy_lag1,0.031626753981056265
RBA,unemployment,unemployment_rate,Unemployment Rate,ridge,westpac_consumer_confidence_index_lag3,0.03124394261225817
RBA,unemployment,unemployment_rate,Unemployment Rate,ridge,producer_price_index_yoy_ma3,0.03055066959803867
RBA,unemployment,unemployment_rate,Unemployment Rate,ridge,consumer_inflation_expectation_lag1,0.029938745405933654
RBA,unemployment,unemployment_rate,Unemployment Rate,ridge,rba_weighted_median_cpi_qoq_lag6,0.028904465213374413
RBA,unemployment,unemployment_rate,Unemployment Rate,ridge,producer_price_index_yoy_lag3,0.027998716079004088
RBA,unemployment,unemployment_rate,Unemployment Rate,ridge,consumer_inflation_expectation_ma3,0.025810228461687606
RBA,unemployment,unemployment_rate,Unemployment Rate,ridge,private_sector_credit_mom_lag3,0.02573311675937251
RBA,unemployment,unemployment_rate,Unemployment Rate,ridge,rba_weighted_median_cpi_yoy_lag6,0.023167038482740376
RBA,unemployment,unemployment_rate,Unemployment Rate,ridge,cpi_headline_yoy_lag6,0.022596625717631925
RBA,unemployment,unemployment_rate,Unemployment Rate,ridge,private_sector_credit_mom_ma6,0.021398605345113245
RBA,unemployment,unemployment_rate,Unemployment Rate,ridge,housing_credit_mom_ma3,0.021303573774035852
RBA,unemployment,unemployment_rate,Unemployment Rate,ridge,cpi_headline_yoy_ma3,0.02077470032656831
RBA,unemployment,unemployment_rate,Unemployment Rate,ridge,consumer_inflation_expectation_ma6,0.017561518895331304
RBA,unemployment,unemployment_rate,Unemployment Rate,ridge,housing_credit_mom_ma6,0.01717244124659179
RBA,unemployment,unemployment_rate,Unemployment Rate,ridge,ai_group_manufacturing_index_lag3,0.015888423306749652
RBA,unemployment,unemployment_rate,Unemployment Rate,ridge,cpi_headline_yoy_ma6,0.01581615097594176
RBA,unemployment,unemployment_rate,Unemployment Rate,ridge,monthly_cpi_indicator_lag3,0.01550457104137807
RBA,unemployment,unemployment_rate,Unemployment Rate,ridge,consumer_inflation_expectation_lag6,0.013995383235178037
RBA,unemployment,unemployment_rate,Unemployment Rate,ridge,ai_group_manufacturing_index_ma3,0.013851140766123269
RBA,unemployment,unemployment_rate,Unemployment Rate,ridge,producer_price_index_yoy_ma6,0.013064258621267148
RBA,unemployment,unemployment_rate,Unemployment Rate,ridge,private_sector_credit_yoy_lag6,0.012675512856758301
RBA,unemployment,unemployment_rate,Unemployment Rate,ridge,monthly_cpi_indicator_ma3,0.01213970694320134
RBA,unemployment,unemployment_rate,Unemployment Rate,ridge,rba_weighted_median_cpi_qoq_ma6,0.010530284653738228
RBA,unemployment,unemployment_rate,Unemployment Rate,ridge,full_time_employment_change_ma6,0.010491972951528029
RBA,unemployment,unemployment_rate,Unemployment Rate,ridge,private_sector_credit_mom_ma3,0.010372168545328084
RBA,unemployment,unemployment_rate,Unemployment Rate,ridge,employment_change_ma6,0.009965325645292242
RBA,unemployment,unemployment_rate,Unemployment Rate,ridge,private_sector_credit_mom_lag1,0.009794040507260696
RBA,unemployment,unemployment_rate,Unemployment Rate,ridge,cpi_headline_yoy_lag3,0.008958182926537151
RBA,unemployment,unemployment_rate,Unemployment Rate,ridge,housing_credit_mom_lag1,0.008703495488076906
RBA,unemployment,unemployment_rate,Unemployment Rate,ridge,rba_weighted_median_cpi_qoq_ma3,0.008606685003896766
RBA,unemployment,unemployment_rate,Unemployment Rate,ridge,ai_group_manufacturing_index_lag6,0.008598623645139351
RBA,unemployment,unemployment_rate,Unemployment Rate,ridge,monthly_cpi_indicator_lag6,0.007442329105083827
RBA,unemployment,unemployment_rate,Unemployment Rate,ridge,private_sector_credit_mom_lag6,0.006768973521390307
RBA,unemployment,unemployment_rate,Unemployment Rate,ridge,part_time_employment_change_lag1,0.0067087644197340625
RBA,unemployment,unemployment_rate,Unemployment Rate,ridge,monthly_cpi_indicator_lag1,0.005627676671716167
RBA,unemployment,unemployment_rate,Unemployment Rate,ridge,full_time_employment_change_lag6,0.005555128910232259
RBA,unemployment,unemployment_rate,Unemployment Rate,ridge,part_time_employment_change_lag6,0.005403904455155873
RBA,unemployment,unemployment_rate,Unemployment Rate,ridge,monthly_cpi_indicator_ma6,0.005188827181954657
RBA,unemployment,unemployment_rate,Unemployment Rate,ridge,rba_weighted_median_cpi_qoq_lag3,0.005134155583481833
RBA,unemployment,unemployment_rate,Unemployment Rate,ridge,employment_change_lag1,0.005102558640729198
RBA,unemployment,unemployment_rate,Unemployment Rate,ridge,private_sector_credit_yoy_ma6,0.00473593054100644
RBA,unemployment,unemployment_rate,Unemployment Rate,ridge,employment_change_ma3,0.004507750787430921
RBA,unemployment,unemployment_rate,Unemployment Rate,ridge,private_sector_credit_yoy_lag1_x_private_sector_credit_yoy_lag3,0.00432608497082838
RBA,unemployment,unemployment_rate,Unemployment Rate,ridge,part_time_employment_change_ma3,0.004091616705695352
RBA,unemployment,unemployment_rate,Unemployment Rate,ridge,rba_weighted_median_cpi_yoy_ma6,0.003945634105479042
RBA,unemployment,unemployment_rate,Unemployment Rate,ridge,rba_weighted_median_cpi_yoy_lag1,0.0034649842456505055
RBA,unemployment,unemployment_rate,Unemployment Rate,ridge,full_time_employment_change_lag3,0.003238548143421493
RBA,unemployment,unemployment_rate,Unemployment Rate,ridge,housing_credit_mom_lag3,0.0031521858233301814
RBA,unemployment,unemployment_rate,Unemployment Rate,ridge,westpac_consumer_confidence_index_lag6,0.0028920731875190855
RBA,unemployment,unemployment_rate,Unemployment Rate,ridge,rba_weighted_median_cpi_yoy_ma3,0.0025764679705503105
RBA,unemployment,unemployment_rate,Unemployment Rate,ridge,part_time_employment_change_lag3,0.0021359061218893995
RBA,unemployment,unemployment_rate,Unemployment Rate,ridge,part_time_employment_change_ma6,0.0018578775747956887
RBA,unemployment,unemployment_rate,Unemployment Rate,ridge,consumer_inflation_expectation_lag3,0.001846514263516199
RBA,unemployment,unemployment_rate,Unemployment Rate,ridge,full_time_employment_change_lag1,0.0018253798690112178
RBA,unemployment,unemployment_rate,Unemployment Rate,ridge,full_time_employment_change_ma3,0.001723842401905942
RBA,unemployment,unemployment_rate,Unemployment Rate,ridge,housing_credit_mom_lag6,0.0016961492584412394
RBA,unemployment,unemployment_rate,Unemployment Rate,ridge,private_sector_credit_yoy_ma3,0.0015416888324203504
RBA,unemployment,unemployment_rate,Unemployment Rate,ridge,producer_price_index_yoy_lag6,0.0012840644449136056
RBA,unemployment,unemployment_rate,Unemployment Rate,ridge,target_ma3,0.0011775625295934967
RBA,unemployment,unemployment_rate,Unemployment Rate,ridge,ai_group_manufacturing_index_ma6,0.001150563349405141
RBA,unemployment,unemployment_rate,Unemployment Rate,ridge,private_sector_credit_yoy_lag1,0.001086066365248216
RBA,unemployment,unemployment_rate,Unemployment Rate,ridge,employment_change_lag3,0.0009363029041008828
RBA,unemployment,unemployment_rate,Unemployment Rate,ridge,rba_weighted_median_cpi_yoy_lag3,0.0002277710038093312
RBA,unemployment,unemployment_rate,Unemployment Rate,ridge,private_sector_credit_yoy_lag3,0.00022618309729265234
RBA,unemployment,unemployment_rate,Unemployment Rate,ridge,employment_change_lag6,4.703596672074023e-05
RBA,unemployment,unemployment_rate,Unemployment Rate,random_forest,target_current,0.24210814643395415
RBA,unemployment,unemployment_rate,Unemployment Rate,random_forest,cpi_headline_yoy_lag1,0.17263547336324614
RBA,unemployment,unemployment_rate,Unemployment Rate,random_forest,cpi_headline_yoy_ma3,0.16292697491139754
RBA,unemployment,unemployment_rate,Unemployment Rate,random_forest,producer_price_index_yoy_lag1,0.1289096105408953
RBA,unemployment,unemployment_rate,Unemployment Rate,random_forest,rba_weighted_median_cpi_qoq_ma6,0.06425293053280742
RBA,unemployment,unemployment_rate,Unemployment Rate,random_forest,producer_price_index_yoy_ma3,0.039878984561457914
RBA,unemployment,unemployment_rate,Unemployment Rate,random_forest,rba_weighted_median_cpi_qoq_lag1,0.037886265525905655
RBA,unemployment,unemployment_rate,Unemployment Rate,random_forest,rba_weighted_median_cpi_yoy_lag1,0.02559374043321646
RBA,unemployment,unemployment_rate,Unemployment Rate,random_forest,target_lag1,0.023263386104332782
RBA,unemployment,unemployment_rate,Unemployment Rate,random_forest,cpi_headline_yoy_ma6,0.010971062209704858
RBA,unemployment,unemployment_rate,Unemployment Rate,random_forest,producer_price_index_yoy_lag3,0.010229989120954075
RBA,unemployment,unemployment_rate,Unemployment Rate,random_forest,cpi_headline_yoy_lag3,0.008763994547662003
RBA,unemployment,unemployment_rate,Unemployment Rate,random_forest,private_sector_credit_yoy_lag1,0.007041641920856882
RBA,unemployment,unemployment_rate,Unemployment Rate,random_forest,rba_weighted_median_cpi_yoy_ma3,0.004490530157710368
RBA,unemployment,unemployment_rate,Unemployment Rate,random_forest,westpac_consumer_confidence_index_lag1,0.004253397952041385
RBA,unemployment,unemployment_rate,Unemployment Rate,random_forest,private_sector_credit_yoy_ma6,0.004140648740606046
RBA,unemployment,unemployment_rate,Unemployment Rate,random_forest,westpac_consumer_confidence_index_ma6,0.003959969246607925
RBA,unemployment,unemployment_rate,Unemployment Rate,random_forest,full_time_employment_change_ma6,0.00362126425826906
RBA,unemployment,unemployment_rate,Unemployment Rate,random_forest,private_sector_credit_yoy_ma3,0.0034084434012267247
RBA,unemployment,unemployment_rate,Unemployment Rate,random_forest,target_ma3,0.0029075561239492575
RBA,unemployment,unemployment_rate,Unemployment Rate,random_forest,producer_price_index_yoy_lag6,0.002887246994013221
RBA,unemployment,unemployment_rate,Unemployment Rate,random_forest,producer_price_index_yoy_ma6,0.002413102522747578
RBA,unemployment,unemployment_rate,Unemployment Rate,random_forest,ai_group_manufacturing_index_ma6,0.0022838518391710503
RBA,unemployment,unemployment_rate,Unemployment Rate,random_forest,rba_weighted_median_cpi_qoq_ma3,0.0020062359585921166
RBA,unemployment,unemployment_rate,Unemployment Rate,random_forest,westpac_consumer_confidence_index_lag3,0.0019048674214677094
RBA,unemployment,unemployment_rate,Unemployment Rate,random_forest,private_sector_credit_mom_lag1,0.0018171385188636138
RBA,unemployment,unemployment_rate,Unemployment Rate,random_forest,full_time_employment_change_lag6,0.0016579390856968819
RBA,unemployment,unemployment_rate,Unemployment Rate,random_forest,ai_group_manufacturing_index_lag6,0.001655822220917365
RBA,unemployment,unemployment_rate,Unemployment Rate,random_forest,consumer_inflation_expectation_ma6,0.0015097270503242357
RBA,unemployment,unemployment_rate,Unemployment Rate,random_forest,employment_change_lag6,0.0014538049177981007
RBA,unemployment,unemployment_rate,Unemployment Rate,random_forest,private_sector_credit_yoy_lag6,0.0014382209709919997
RBA,unemployment,unemployment_rate,Unemployment Rate,random_forest,rba_weighted_median_cpi_qoq_lag3,0.0013964339006730525
RBA,unemployment,unemployment_rate,Unemployment Rate,random_forest,consumer_inflation_expectation_lag3,0.0012735731903608433
RBA,unemployment,unemployment_rate,Unemployment Rate,random_forest,westpac_consumer_confidence_index_ma3,0.0012700262993603805
RBA,unemployment,unemployment_rate,Unemployment Rate,random_forest,full_time_employment_change_ma3,0.00107113658304878
RBA,unemployment,unemployment_rate,Unemployment Rate,random_forest,consumer_inflation_expectation_lag6,0.001049664332501449
RBA,unemployment,unemployment_rate,Unemployment Rate,random_forest,private_sector_credit_yoy_lag3,0.0010314023057951536
RBA,unemployment,unemployment_rate,Unemployment Rate,random_forest,consumer_inflation_expectation_ma3,0.0009216858313418701
RBA,unemployment,unemployment_rate,Unemployment Rate,random_forest,employment_change_lag3,0.0008645638669055335
RBA,unemployment,unemployment_rate,Unemployment Rate,random_forest,part_time_employment_change_ma6,0.0007481059824112286
RBA,unemployment,unemployment_rate,Unemployment Rate,random_forest,ai_group_manufacturing_index_ma3,0.0006914674958361492
RBA,unemployment,unemployment_rate,Unemployment Rate,random_forest,private_sector_credit_mom_ma6,0.0006583867455747625
RBA,unemployment,unemployment_rate,Unemployment Rate,random_forest,part_time_employment_change_ma3,0.0006220594934013627
RBA,unemployment,unemployment_rate,Unemployment Rate,random_forest,consumer_inflation_expectation_lag1,0.0005778599417438739
RBA,unemployment,unemployment_rate,Unemployment Rate,random_forest,westpac_consumer_confidence_index_lag6,0.000544509608849796
RBA,unemployment,unemployment_rate,Unemployment Rate,random_forest,private_sector_credit_yoy_lag1_x_private_sector_credit_yoy_lag3,0.0005195963782280923
RBA,unemployment,unemployment_rate,Unemployment Rate,random_forest,rba_weighted_median_cpi_yoy_ma6,0.0004735199643573809
RBA,unemployment,unemployment_rate,Unemployment Rate,random_forest,employment_change_ma6,0.00046071274421429084
RBA,unemployment,unemployment_rate,Unemployment Rate,random_forest,part_time_employment_change_lag6,0.00039576551896289085
RBA,unemployment,unemployment_rate,Unemployment Rate,random_forest,full_time_employment_change_lag1,0.00038008836549500134
RBA,unemployment,unemployment_rate,Unemployment Rate,random_forest,private_sector_credit_mom_lag3,0.0003473145035884471
RBA,unemployment,unemployment_rate,Unemployment Rate,random_forest,private_sector_credit_mom_lag6,0.00030734342193118385
RBA,unemployment,unemployment_rate,Unemployment Rate,random_forest,ai_group_manufacturing_index_lag3,0.0002919600416419753
RBA,unemployment,unemployment_rate,Unemployment Rate,random_forest,employment_change_lag1,0.0002664430709820351
RBA,unemployment,unemployment_rate,Unemployment Rate,random_forest,employment_change_ma3,0.00019100580167070817
RBA,unemployment,unemployment_rate,Unemployment Rate,random_forest,rba_weighted_median_cpi_yoy_lag6,0.00017010621461475734
RBA,unemployment,unemployment_rate,Unemployment Rate,random_forest,ai_group_manufacturing_index_lag1,0.00015651545891097904
RBA,unemployment,unemployment_rate,Unemployment Rate,random_forest,rba_weighted_median_cpi_qoq_lag6,0.00014772315176590363
RBA,unemployment,unemployment_rate,Unemployment Rate,random_forest,rba_weighted_median_cpi_yoy_lag3,0.0001452796606675883
RBA,unemployment,unemployment_rate,Unemployment Rate,random_forest,part_time_employment_change_lag3,0.00013909526191259125
RBA,unemployment,unemployment_rate,Unemployment Rate,random_forest,cpi_headline_yoy_lag6,0.00013605340048643443
RBA,unemployment,unemployment_rate,Unemployment Rate,random_forest,private_sector_credit_mom_ma3,0.00011172382710593135
RBA,unemployment,unemployment_rate,Unemployment Rate,random_forest,part_time_employment_change_lag1,9.837843515295382e-05
RBA,unemployment,unemployment_rate,Unemployment Rate,random_forest,monthly_cpi_indicator_ma3,8.129144354267692e-05
RBA,unemployment,unemployment_rate,Unemployment Rate,random_forest,monthly_cpi_indicator_lag1,8.022912357290069e-05
RBA,unemployment,unemployment_rate,Unemployment Rate,random_forest,full_time_employment_change_lag3,5.897550677382307e-05
RBA,unemployment,unemployment_rate,Unemployment Rate,random_forest,housing_credit_mom_ma6,1.9907664340738143e-05
RBA,unemployment,unemployment_rate,Unemployment Rate,random_forest,monthly_cpi_indicator_ma6,1.5389080751597308e-05
RBA,unemployment,unemployment_rate,Unemployment Rate,random_forest,housing_credit_mom_lag3,6.923753306352519e-06
RBA,unemployment,unemployment_rate,Unemployment Rate,random_forest,housing_credit_mom_ma3,3.926830601845264e-06
RBA,unemployment,unemployment_rate,Unemployment Rate,random_forest,housing_credit_mom_lag1,1.1286362072136834e-06
RBA,unemployment,unemployment_rate,Unemployment Rate,random_forest,monthly_cpi_indicator_lag6,7.595740236535334e-07
RBA,unemployment,unemployment_rate,Unemployment Rate,random_forest,monthly_cpi_indicator_lag3,0.0
RBA,unemployment,unemployment_rate,Unemployment Rate,random_forest,housing_credit_mom_lag6,0.0
RBNZ,inflation,cpi_headline_yoy,Headline CPI (YoY),ridge,target_current,0.1896485797561409
RBNZ,inflation,cpi_headline_yoy,Headline CPI (YoY),ridge,balance_of_trade_ma6,0.055144889755238076
RBNZ,inflation,cpi_headline_yoy,Headline CPI (YoY),ridge,unemployment_rate_lag6,0.0453214661263267
RBNZ,inflation,cpi_headline_yoy,Headline CPI (YoY),ridge,unemployment_rate_lag1,0.03999350453662389
RBNZ,inflation,cpi_headline_yoy,Headline CPI (YoY),ridge,labour_cost_index_qoq_lag1,0.034477103492754964
RBNZ,inflation,cpi_headline_yoy,Headline CPI (YoY),ridge,imports_ma6,0.031056276763210672
RBNZ,inflation,cpi_headline_yoy,Headline CPI (YoY),ridge,cpi_headline_qoq_lag3,0.02840650314857916
RBNZ,inflation,cpi_headline_yoy,Headline CPI (YoY),ridge,balance_of_trade_lag6,0.02829381422683497
RBNZ,inflation,cpi_headline_yoy,Headline CPI (YoY),ridge,imports_ma3,0.02722413632782241
RBNZ,inflation,cpi_headline_yoy,Headline CPI (YoY),ridge,consumer_price_index_lag6,0.02406476265523047
RBNZ,inflation,cpi_headline_yoy,Headline CPI (YoY),ridge,labour_cost_index_qoq_lag6,0.023731219652393023
RBNZ,inflation,cpi_headline_yoy,Headline CPI (YoY),ridge,cpi_headline_qoq_lag1,0.020238451725450204
RBNZ,inflation,cpi_headline_yoy,Headline CPI (YoY),ridge,capacity_utilization_ma6,0.018152243378385866
RBNZ,inflation,cpi_headline_yoy,Headline CPI (YoY),ridge,capacity_utilization_ma3,0.01809559251722015
RBNZ,inflation,cpi_headline_yoy,Headline CPI (YoY),ridge,labour_cost_index_qoq_ma3,0.01773554743450086
RBNZ,inflation,cpi_headline_yoy,Headline CPI (YoY),ridge,unemployment_rate_ma3,0.01638924708704518
RBNZ,inflation,cpi_headline_yoy,Headline CPI (YoY),ridge,credit_card_spending_yoy_ma6,0.016125881374977134
RBNZ,inflation,cpi_headline_yoy,Headline CPI (YoY),ridge,capacity_utilization_lag1,0.015912508964447868
RBNZ,inflation,cpi_headline_yoy,Headline CPI (YoY),ridge,employment_change_qoq_lag3,0.015866734714644615
RBNZ,inflation,cpi_headline_yoy,Headline CPI (YoY),ridge,target_lag1,0.015156136255323933
RBNZ,inflation,cpi_headline_yoy,Headline CPI (YoY),ridge,labour_cost_index_yoy_lag6,0.013751877052688044
RBNZ,inflation,cpi_headline_yoy,Headline CPI (YoY),ridge,unemployment_rate_ma6,0.013675212912001706
RBNZ,inflation,cpi_headline_yoy,Headline CPI (YoY),ridge,participation_rate_lag6,0.013162632044814009
RBNZ,inflation,cpi_headline_yoy,Headline CPI (YoY),ridge,exports_lag3,0.011382860502003442
RBNZ,inflation,cpi_headline_yoy,Headline CPI (YoY),ridge,exports_ma6,0.011377486438944822
RBNZ,inflation,cpi_headline_yoy,Headline CPI (YoY),ridge,business_confidence_ma6,0.011317892686245869
RBNZ,inflation,cpi_headline_yoy,Headline CPI (YoY),ridge,exports_lag6,0.01104505093716947
RBNZ,inflation,cpi_headline_yoy,Headline CPI (YoY),ridge,cpi_headline_qoq_ma3,0.010367605065614805
RBNZ,inflation,cpi_headline_yoy,Headline CPI (YoY),ridge,exports_ma3,0.01025207505116837
RBNZ,inflation,cpi_headline_yoy,Headline CPI (YoY),ridge,participation_rate_lag1,0.010178161953176928
RBNZ,inflation,cpi_headline_yoy,Headline CPI (YoY),ridge,balance_of_trade_ma3,0.010041932394191624
RBNZ,inflation,cpi_headline_yoy,Headline CPI (YoY),ridge,labour_cost_index_yoy_lag1,0.009918414386367652
RBNZ,inflation,cpi_headline_yoy,Headline CPI (YoY),ridge,exports_lag1,0.009727523513335546
RBNZ,inflation,cpi_headline_yoy,Headline CPI (YoY),ridge,business_confidence_ma3,0.009726603583632802
RBNZ,inflation,cpi_headline_yoy,Headline CPI (YoY),ridge,imports_lag6,0.00969031940831529
RBNZ,inflation,cpi_headline_yoy,Headline CPI (YoY),ridge,credit_card_spending_yoy_lag1,0.00964805947357823
RBNZ,inflation,cpi_headline_yoy,Headline CPI (YoY),ridge,imports_lag3,0.009011245150525
RBNZ,inflation,cpi_headline_yoy,Headline CPI (YoY),ridge,consumer_price_index_ma6,0.008549854680808024
RBNZ,inflation,cpi_headline_yoy,Headline CPI (YoY),ridge,employment_change_qoq_ma3,0.008271334534078975
RBNZ,inflation,cpi_headline_yoy,Headline CPI (YoY),ridge,cpi_headline_qoq_lag1_x_cpi_headline_qoq_lag3,0.007618245838979018
RBNZ,inflation,cpi_headline_yoy,Headline CPI (YoY),ridge,business_confidence_lag3,0.007482686622650472
RBNZ,inflation,cpi_headline_yoy,Headline CPI (YoY),ridge,labour_cost_index_qoq_lag3,0.00713366831220264
RBNZ,inflation,cpi_headline_yoy,Headline CPI (YoY),ridge,balance_of_trade_lag1,0.0070917599552387835
RBNZ,inflation,cpi_headline_yoy,Headline CPI (YoY),ridge,business_confidence_lag6,0.006559900972231132
RBNZ,inflation,cpi_headline_yoy,Headline CPI (YoY),ridge,labour_cost_index_yoy_ma6,0.005906429911696572
RBNZ,inflation,cpi_headline_yoy,Headline CPI (YoY),ridge,employment_change_qoq_ma6,0.005900303646958686
RBNZ,inflation,cpi_headline_yoy,Headline CPI (YoY),ridge,business_confidence_lag1,0.005781867734367776
RBNZ,inflation,cpi_headline_yoy,Headline CPI (YoY),ridge,participation_rate_lag3,0.005360210106194592
RBNZ,inflation,cpi_headline_yoy,Headline CPI (YoY),ridge,participation_rate_ma6,0.004578254716729972
RBNZ,inflation,cpi_headline_yoy,Headline CPI (YoY),ridge,cpi_headline_qoq_lag6,0.004534394845209014
RBNZ,inflation,cpi_headline_yoy,Headline CPI (YoY),ridge,employment_change_qoq_lag6,0.0044695158559900205
RBNZ,inflation,cpi_headline_yoy,Headline CPI (YoY),ridge,capacity_utilization_lag3,0.0038830655731237817
RBNZ,inflation,cpi_headline_yoy,Headline CPI (YoY),ridge,credit_card_spending_yoy_lag3,0.003706816214670953
RBNZ,inflation,cpi_headline_yoy,Headline CPI (YoY),ridge,credit_card_spending_yoy_lag6,0.0036515219250370756
RBNZ,inflation,cpi_headline_yoy,Headline CPI (YoY),ridge,cpi_headline_qoq_ma6,0.003424869288971552
RBNZ,inflation,cpi_headline_yoy,Headline CPI (YoY),ridge,imports_lag1,0.003394963113718039
RBNZ,inflation,cpi_headline_yoy,Headline CPI (YoY),ridge,labour_cost_index_yoy_lag3,0.003280130935478498
RBNZ,inflation,cpi_headline_yoy,Headline CPI (YoY),ridge,unemployment_rate_lag3,0.003265836271028387
RBNZ,inflation,cpi_headline_yoy,Headline CPI (YoY),ridge,consumer_price_index_lag3,0.003134574112539705
RBNZ,inflation,cpi_headline_yoy,Headline CPI (YoY),ridge,credit_card_spending_yoy_ma3,0.0030825817994740525
RBNZ,inflation,cpi_headline_yoy,Headline CPI (YoY),ridge,target_ma3,0.0027393274879775917
RBNZ,inflation,cpi_headline_yoy,Headline CPI (YoY),ridge,balance_of_trade_lag3,0.0024664487090486245
RBNZ,inflation,cpi_headline_yoy,Headline CPI (YoY),ridge,employment_change_qoq_lag1,0.002358728381410585
RBNZ,inflation,cpi_headline_yoy,Headline CPI (YoY),ridge,consumer_price_index_lag1,0.0013436181026748027
RBNZ,inflation,cpi_headline_yoy,Headline CPI (YoY),ridge,labour_cost_index_yoy_ma3,0.0012586279775714893
RBNZ,inflation,cpi_headline_yoy,Headline CPI (YoY),ridge,participation_rate_ma3,0.0012144653246315281
RBNZ,inflation,cpi_headline_yoy,Headline CPI (YoY),ridge,labour_cost_index_qoq_ma6,0.001170106674338818
RBNZ,inflation,cpi_headline_yoy,Headline CPI (YoY),ridge,consumer_price_index_ma3,0.0011500112830533172
RBNZ,inflation,cpi_headline_yoy,Headline CPI (YoY),ridge,capacity_utilization_lag6,0.0009263266449909385
RBNZ,inflation,cpi_headline_yoy,Headline CPI (YoY),ridge,global_dairy_trade_price_index_lag1,0.0
RBNZ,inflation,cpi_headline_yoy,Headline CPI (YoY),ridge,global_dairy_trade_price_index_lag3,0.0
RBNZ,inflation,cpi_headline_yoy,Headline CPI (YoY),ridge,global_dairy_trade_price_index_lag6,0.0
RBNZ,inflation,cpi_headline_yoy,Headline CPI (YoY),ridge,global_dairy_trade_price_index_ma3,0.0
RBNZ,inflation,cpi_headline_yoy,Headline CPI (YoY),ridge,global_dairy_trade_price_index_ma6,0.0
RBNZ,inflation,cpi_headline_yoy,Headline CPI (YoY),random_forest,target_current,0.552017577209347
RBNZ,inflation,cpi_headline_yoy,Headline CPI (YoY),random_forest,unemployment_rate_lag1,0.12838624617752525
RBNZ,inflation,cpi_headline_yoy,Headline CPI (YoY),random_forest,unemployment_rate_ma3,0.08299343579767056
RBNZ,inflation,cpi_headline_yoy,Headline CPI (YoY),random_forest,cpi_headline_qoq_ma3,0.05336695430984618
RBNZ,inflation,cpi_headline_yoy,Headline CPI (YoY),random_forest,target_lag1,0.029947239924279622
RBNZ,inflation,cpi_headline_yoy,Headline CPI (YoY),random_forest,cpi_headline_qoq_lag1,0.02913737396799972
RBNZ,inflation,cpi_headline_yoy,Headline CPI (YoY),random_forest,unemployment_rate_lag3,0.015962923492388564
RBNZ,inflation,cpi_headline_yoy,Headline CPI (YoY),random_forest,business_confidence_ma3,0.014878539429595761
RBNZ,inflation,cpi_headline_yoy,Headline CPI (YoY),random_forest,cpi_headline_qoq_lag3,0.012437724667682962
RBNZ,inflation,cpi_headline_yoy,Headline CPI (YoY),random_forest,unemployment_rate_ma6,0.011834666378164682
RBNZ,inflation,cpi_headline_yoy,Headline CPI (YoY),random_forest,business_confidence_ma6,0.010438232471899353
RBNZ,inflation,cpi_headline_yoy,Headline CPI (YoY),random_forest,business_confidence_lag3,0.009547032746566195
RBNZ,inflation,cpi_headline_yoy,Headline CPI (YoY),random_forest,business_confidence_lag1,0.006786045110794088
RBNZ,inflation,cpi_headline_yoy,Headline CPI (YoY),random_forest,participation_rate_lag1,0.005770240290450551
RBNZ,inflation,cpi_headline_yoy,Headline CPI (YoY),random_forest,balance_of_trade_lag3,0.0042522556851813335
RBNZ,inflation,cpi_headline_yoy,Headline CPI (YoY),random_forest,credit_card_spending_yoy_lag3,0.0038088993992067745
RBNZ,inflation,cpi_headline_yoy,Headline CPI (YoY),random_forest,balance_of_trade_ma6,0.0031884043507230827
RBNZ,inflation,cpi_headline_yoy,Headline CPI (YoY),random_forest,cpi_headline_qoq_ma6,0.0030277984390176546
RBNZ,inflation,cpi_headline_yoy,Headline CPI (YoY),random_forest,imports_ma6,0.0022167160788874175
RBNZ,inflation,cpi_headline_yoy,Headline CPI (YoY),random_forest,credit_card_spending_yoy_ma6,0.0020363856345415477
RBNZ,inflation,cpi_headline_yoy,Headline CPI (YoY),random_forest,participation_rate_ma3,0.0016184657920937946
RBNZ,inflation,cpi_headline_yoy,Headline CPI (YoY),random_forest,credit_card_spending_yoy_lag1,0.0015022278015561317
RBNZ,inflation,cpi_headline_yoy,Headline CPI (YoY),random_forest,business_confidence_lag6,0.0010914193601098611
RBNZ,inflation,cpi_headline_yoy,Headline CPI (YoY),random_forest,balance_of_trade_lag6,0.0009604232713813633
RBNZ,inflation,cpi_headline_yoy,Headline CPI (YoY),random_forest,capacity_utilization_ma3,0.0009481677539397071
RBNZ,inflation,cpi_headline_yoy,Headline CPI (YoY),random_forest,balance_of_trade_ma3,0.0009440861715807746
RBNZ,inflation,cpi_headline_yoy,Headline CPI (YoY),random_forest,imports_lag1,0.0008824060248045459
RBNZ,inflation,cpi_headline_yoy,Headline CPI (YoY),random_forest,consumer_price_index_lag6,0.0006716352974624583
RBNZ,inflation,cpi_headline_yoy,Headline CPI (YoY),random_forest,exports_lag6,0.0006712940617977824
RBNZ,inflation,cpi_headline_yoy,Headline CPI (YoY),random_forest,cpi_headline_qoq_lag6,0.0006492406203589417
RBNZ,inflation,cpi_headline_yoy,Headline CPI (YoY),random_forest,cpi_headline_qoq_lag1_x_cpi_headline_qoq_lag3,0.0006419457251031542
RBNZ,inflation,cpi_headline_yoy,Headline CPI (YoY),random_forest,unemployment_rate_lag6,0.0006130708535444132
RBNZ,inflation,cpi_headline_yoy,Headline CPI (YoY),random_forest,labour_cost_index_qoq_ma3,0.0005486894227853873
RBNZ,inflation,cpi_headline_yoy,Headline CPI (YoY),random_forest,capacity_utilization_lag1,0.0005204587599348959
RBNZ,inflation,cpi_headline_yoy,Headline CPI (YoY),random_forest,imports_lag3,0.0005044828575321
RBNZ,inflation,cpi_headline_yoy,Headline CPI (YoY),random_forest,employment_change_qoq_lag6,0.00046092933077028297
RBNZ,inflation,cpi_headline_yoy,Headline CPI (YoY),random_forest,employment_change_qoq_ma3,0.00040070115315846356
RBNZ,inflation,cpi_headline_yoy,Headline CPI (YoY),random_forest,exports_ma3,0.0004001183865398111
RBNZ,inflation,cpi_headline_yoy,Headline CPI (YoY),random_forest,employment_change_qoq_ma6,0.0003374663518279574
RBNZ,inflation,cpi_headline_yoy,Headline CPI (YoY),random_forest,employment_change_qoq_lag1,0.0002916227799821413
RBNZ,inflation,cpi_headline_yoy,Headline CPI (YoY),random_forest,participation_rate_ma6,0.0002482695061216889
RBNZ,inflation,cpi_headline_yoy,Headline CPI (YoY),random_forest,exports_ma6,0.00024086333471276436
RBNZ,inflation,cpi_headline_yoy,Headline CPI (YoY),random_forest,labour_cost_index_qoq_lag1,0.00022922586128964394
RBNZ,inflation,cpi_headline_yoy,Headline CPI (YoY),random_forest,employment_change_qoq_lag3,0.00022235681034002663
RBNZ,inflation,cpi_headline_yoy,Headline CPI (YoY),random_forest,labour_cost_index_qoq_lag3,0.00020204990160215095
RBNZ,inflation,cpi_headline_yoy,Headline CPI (YoY),random_forest,capacity_utilization_lag3,0.00019710736334047706
RBNZ,inflation,cpi_headline_yoy,Headline CPI (YoY),random_forest,exports_lag1,0.00019338408720443245
RBNZ,inflation,cpi_headline_yoy,Headline CPI (YoY),random_forest,capacity_utilization_lag6,0.00015255676279351773
RBNZ,inflation,cpi_headline_yoy,Headline CPI (YoY),random_forest,labour_cost_index_yoy_ma6,0.00014441766633120807
RBNZ,inflation,cpi_headline_yoy,Headline CPI (YoY),random_forest,consumer_price_index_ma6,0.00014385087269449645
RBNZ,inflation,cpi_headline_yoy,Headline CPI (YoY),random_forest,target_ma3,0.00013673674913473752
RBNZ,inflation,cpi_headline_yoy,Headline CPI (YoY),random_forest,labour_cost_index_yoy_lag1,0.00011236377778374917
RBNZ,inflation,cpi_headline_yoy,Headline CPI (YoY),random_forest,consumer_price_index_lag1,0.00010774274890190986
RBNZ,inflation,cpi_headline_yoy,Headline CPI (YoY),random_forest,labour_cost_index_yoy_lag3,9.775269611869162e-05
RBNZ,inflation,cpi_headline_yoy,Headline CPI (YoY),random_forest,imports_ma3,9.774414613833001e-05
RBNZ,inflation,cpi_headline_yoy,Headline CPI (YoY),random_forest,participation_rate_lag3,9.505998590114086e-05
RBNZ,inflation,cpi_headline_yoy,Headline CPI (YoY),random_forest,credit_card_spending_yoy_lag6,9.003000973962235e-05
RBNZ,inflation,cpi_headline_yoy,Headline CPI (YoY),random_forest,labour_cost_index_qoq_lag6,8.489264470016848e-05
RBNZ,inflation,cpi_headline_yoy,Headline CPI (YoY),random_forest,labour_cost_index_yoy_ma3,7.63523158452705e-05
RBNZ,inflation,cpi_headline_yoy,Headline CPI (YoY),random_forest,participation_rate_lag6,7.572338170116684e-05
RBNZ,inflation,cpi_headline_yoy,Headline CPI (YoY),random_forest,consumer_price_index_ma3,6.719168426162504e-05
RBNZ,inflation,cpi_headline_yoy,Headline CPI (YoY),random_forest,labour_cost_index_yoy_lag6,5.8212808839276024e-05
RBNZ,inflation,cpi_headline_yoy,Headline CPI (YoY),random_forest,capacity_utilization_ma6,5.647333580745256e-05
RBNZ,inflation,cpi_headline_yoy,Headline CPI (YoY),random_forest,exports_lag3,5.0207411371360264e-05
RBNZ,inflation,cpi_headline_yoy,Headline CPI (YoY),random_forest,balance_of_trade_lag1,4.975753843813389e-05
RBNZ,inflation,cpi_headline_yoy,Headline CPI (YoY),random_forest,labour_cost_index_qoq_ma6,3.738658447397364e-05
RBNZ,inflation,cpi_headline_yoy,Headline CPI (YoY),random_forest,imports_lag6,3.2819309550839346e-05
RBNZ,inflation,cpi_headline_yoy,Headline CPI (YoY),random_forest,credit_card_spending_yoy_ma3,5.927366830119251e-06
RBNZ,inflation,cpi_headline_yoy,Headline CPI (YoY),random_forest,consumer_price_index_lag3,0.0
RBNZ,inflation,cpi_headline_yoy,Headline CPI (YoY),random_forest,global_dairy_trade_price_index_lag1,0.0
RBNZ,inflation,cpi_headline_yoy,Headline CPI (YoY),random_forest,global_dairy_trade_price_index_lag3,0.0
RBNZ,inflation,cpi_headline_yoy,Headline CPI (YoY),random_forest,global_dairy_trade_price_index_lag6,0.0
RBNZ,inflation,cpi_headline_yoy,Headline CPI (YoY),random_forest,global_dairy_trade_price_index_ma3,0.0
RBNZ,inflation,cpi_headline_yoy,Headline CPI (YoY),random_forest,global_dairy_trade_price_index_ma6,0.0
RBNZ,gdp_growth,balance_of_trade,Balance of Trade,ridge,business_confidence_lag6,0.05359734181538197
RBNZ,gdp_growth,balance_of_trade,Balance of Trade,ridge,participation_rate_lag1,0.04269670541686016
RBNZ,gdp_growth,balance_of_trade,Balance of Trade,ridge,exports_lag1,0.03764097028262806
RBNZ,gdp_growth,balance_of_trade,Balance of Trade,ridge,imports_ma6,0.03508972075998745
RBNZ,gdp_growth,balance_of_trade,Balance of Trade,ridge,cpi_headline_yoy_lag6,0.03424545680798352
RBNZ,gdp_growth,balance_of_trade,Balance of Trade,ridge,participation_rate_lag6,0.03400418426420457
RBNZ,gdp_growth,balance_of_trade,Balance of Trade,ridge,imports_lag6,0.03354149665934299
RBNZ,gdp_growth,balance_of_trade,Balance of Trade,ridge,exports_ma3,0.03320266877469943
RBNZ,gdp_growth,balance_of_trade,Balance of Trade,ridge,capacity_utilization_ma3,0.03190893738623208
RBNZ,gdp_growth,balance_of_trade,Balance of Trade,ridge,credit_card_spending_yoy_ma6,0.03140275851331082
RBNZ,gdp_growth,balance_of_trade,Balance of Trade,ridge,labour_cost_index_qoq_ma6,0.031350402699453335
RBNZ,gdp_growth,balance_of_trade,Balance of Trade,ridge,cpi_headline_yoy_lag3,0.029661466093118465
RBNZ,gdp_growth,balance_of_trade,Balance of Trade,ridge,credit_card_spending_yoy_lag3,0.027173456368899132
RBNZ,gdp_growth,balance_of_trade,Balance of Trade,ridge,cpi_headline_qoq_lag6,0.026989470783493504
RBNZ,gdp_growth,balance_of_trade,Balance of Trade,ridge,target_current,0.02632608957428081
RBNZ,gdp_growth,balance_of_trade,Balance of Trade,ridge,exports_ma6,0.02597558670739244
RBNZ,gdp_growth,balance_of_trade,Balance of Trade,ridge,employment_change_qoq_lag3,0.023665656694004913
RBNZ,gdp_growth,balance_of_trade,Balance of Trade,ridge,unemployment_rate_lag6,0.022966082786200864
RBNZ,gdp_growth,balance_of_trade,Balance of Trade,ridge,imports_lag3,0.02245372528658002
RBNZ,gdp_growth,balance_of_trade,Balance of Trade,ridge,imports_ma3,0.021523292827136494
RBNZ,gdp_growth,balance_of_trade,Balance of Trade,ridge,labour_cost_index_qoq_lag1,0.02133154263171455
RBNZ,gdp_growth,balance_of_trade,Balance of Trade,ridge,unemployment_rate_lag1,0.019701286007062915
RBNZ,gdp_growth,balance_of_trade,Balance of Trade,ridge,labour_cost_index_yoy_lag3,0.01921073589157162
RBNZ,gdp_growth,balance_of_trade,Balance of Trade,ridge,unemployment_rate_lag3,0.01878264039353917
RBNZ,gdp_growth,balance_of_trade,Balance of Trade,ridge,labour_cost_index_qoq_lag3,0.01872955185704861
RBNZ,gdp_growth,balance_of_trade,Balance of Trade,ridge,business_confidence_ma6,0.01724769511074219
RBNZ,gdp_growth,balance_of_trade,Balance of Trade,ridge,cpi_headline_qoq_lag3,0.016595920812884357
RBNZ,gdp_growth,balance_of_trade,Balance of Trade,ridge,exports_lag3,0.015168041735581263
RBNZ,gdp_growth,balance_of_trade,Balance of Trade,ridge,business_confidence_lag3,0.013875375759749082
RBNZ,gdp_growth,balance_of_trade,Balance of Trade,ridge,participation_rate_ma6,0.013807218644814538
RBNZ,gdp_growth,balance_of_trade,Balance of Trade,ridge,labour_cost_index_yoy_ma6,0.012864470084194326
RBNZ,gdp_growth,balance_of_trade,Balance of Trade,ridge,cpi_headline_yoy_lag1,0.012058424427102952
RBNZ,gdp_growth,balance_of_trade,Balance of Trade,ridge,capacity_utilization_lag6,0.011907222109940125
RBNZ,gdp_growth,balance_of_trade,Balance of Trade,ridge,participation_rate_lag3,0.010950991385108702
RBNZ,gdp_growth,balance_of_trade,Balance of Trade,ridge,target_ma3,0.01079918433709202
RBNZ,gdp_growth,balance_of_trade,Balance of Trade,ridge,cpi_headline_yoy_ma3,0.010568806962772204
RBNZ,gdp_growth,balance_of_trade,Balance of Trade,ridge,labour_cost_index_qoq_ma3,0.010554481863590938
RBNZ,gdp_growth,balance_of_trade,Balance of Trade,ridge,employment_change_qoq_lag1,0.010336612664562884
RBNZ,gdp_growth,balance_of_trade,Balance of Trade,ridge,cpi_headline_qoq_ma3,0.009882097462811799
RBNZ,gdp_growth,balance_of_trade,Balance of Trade,ridge,capacity_utilization_lag1,0.00969004904180795
RBNZ,gdp_growth,balance_of_trade,Balance of Trade,ridge,imports_lag1,0.009606360424088531
RBNZ,gdp_growth,balance_of_trade,Balance of Trade,ridge,capacity_utilization_ma6,0.008372178873189301
RBNZ,gdp_growth,balance_of_trade,Balance of Trade,ridge,cpi_headline_qoq_ma6,0.007460200215581056
RBNZ,gdp_growth,balance_of_trade,Balance of Trade,ridge,labour_cost_index_qoq_lag6,0.00625953700819819
RBNZ,gdp_growth,balance_of_trade,Balance of Trade,ridge,imports_lag1_x_imports_lag3,0.005869298929734716
RBNZ,gdp_growth,balance_of_trade,Balance of Trade,ridge,credit_card_spending_yoy_lag6,0.005645517767152097
RBNZ,gdp_growth,balance_of_trade,Balance of Trade,ridge,business_confidence_lag1,0.0051734572471742735
RBNZ,gdp_growth,balance_of_trade,Balance of Trade,ridge,employment_change_qoq_lag6,0.005124948458669609
RBNZ,gdp_growth,balance_of_trade,Balance of Trade,ridge,cpi_headline_qoq_lag1,0.004403274567511458
RBNZ,gdp_growth,balance_of_trade,Balance of Trade,ridge,labour_cost_index_yoy_ma3,0.0043775586959169145
RBNZ,gdp_growth,balance_of_trade,Balance of Trade,ridge,business_confidence_ma3,0.003703393512147814
RBNZ,gdp_growth,balance_of_trade,Balance of Trade,ridge,cpi_headline_yoy_ma6,0.0036100836989903574
RBNZ,gdp_growth,balance_of_trade,Balance of Trade,ridge,participation_rate_ma3,0.003294422156483243
RBNZ,gdp_growth,balance_of_trade,Balance of Trade,ridge,credit_card_spending_yoy_ma3,0.002885012725685056
RBNZ,gdp_growth,balance_of_trade,Balance of Trade,ridge,unemployment_rate_ma3,0.0027183518923935388
RBNZ,gdp_growth,balance_of_trade,Balance of Trade,ridge,credit_card_spending_yoy_lag1,0.002625315303646865
RBNZ,gdp_growth,balance_of_trade,Balance of Trade,ridge,capacity_utilization_lag3,0.002031272052853787
RBNZ,gdp_growth,balance_of_trade,Balance of Trade,ridge,labour_cost_index_yoy_lag1,0.0018734706251721444
RBNZ,gdp_growth,balance_of_trade,Balance of Trade,ridge,unemployment_rate_ma6,0.0015429772383109515
RBNZ,gdp_growth,balance_of_trade,Balance of Trade,ridge,labour_cost_index_yoy_lag6,0.0014010627539042054
RBNZ,gdp_growth,balance_of_trade,Balance of Trade,ridge,target_lag1,0.0010734417380056736
RBNZ,gdp_growth,balance_of_trade,Balance of Trade,ridge,employment_change_qoq_ma3,0.0008656465863054397
RBNZ,gdp_growth,balance_of_trade,Balance of Trade,ridge,employment_change_qoq_ma6,0.000528809209370478
RBNZ,gdp_growth,balance_of_trade,Balance of Trade,ridge,exports_lag6,7.65886346310284e-05
RBNZ,gdp_growth,balance_of_trade,Balance of Trade,ridge,global_dairy_trade_price_index_lag1,0.0
RBNZ,gdp_growth,balance_of_trade,Balance of Trade,ridge,global_dairy_trade_price_index_lag3,0.0
RBNZ,gdp_growth,balance_of_trade,Balance of Trade,ridge,global_dairy_trade_price_index_lag6,0.0
RBNZ,gdp_growth,balance_of_trade,Balance of Trade,ridge,global_dairy_trade_price_index_ma3,0.0
RBNZ,gdp_growth,balance_of_trade,Balance of Trade,ridge,global_dairy_trade_price_index_ma6,0.0
RBNZ,gdp_growth,balance_of_trade,Balance of Trade,random_forest,cpi_headline_qoq_ma3,0.19102692665312224
RBNZ,gdp_growth,balance_of_trade,Balance of Trade,random_forest,cpi_headline_qoq_lag1,0.1891697985494654
RBNZ,gdp_growth,balance_of_trade,Balance of Trade,random_forest,target_current,0.1508766457456189
RBNZ,gdp_growth,balance_of_trade,Balance of Trade,random_forest,employment_change_qoq_ma3,0.1379592442330604
RBNZ,gdp_growth,balance_of_trade,Balance of Trade,random_forest,employment_change_qoq_ma6,0.08392946650435716
RBNZ,gdp_growth,balance_of_trade,Balance of Trade,random_forest,cpi_headline_qoq_ma6,0.03667707368223666
RBNZ,gdp_growth,balance_of_trade,Balance of Trade,random_forest,labour_cost_index_qoq_lag1,0.02538647971100007
RBNZ,gdp_growth,balance_of_trade,Balance of Trade,random_forest,target_lag1,0.01958731835544214
RBNZ,gdp_growth,balance_of_trade,Balance of Trade,random_forest,capacity_utilization_ma6,0.012167894783551306
RBNZ,gdp_growth,balance_of_trade,Balance of Trade,random_forest,capacity_utilization_lag1,0.011570376849850083
RBNZ,gdp_growth,balance_of_trade,Balance of Trade,random_forest,employment_change_qoq_lag1,0.010538959641692089
RBNZ,gdp_growth,balance_of_trade,Balance of Trade,random_forest,credit_card_spending_yoy_lag1,0.009833798018973815
RBNZ,gdp_growth,balance_of_trade,Balance of Trade,random_forest,unemployment_rate_lag1,0.006621097133623691
RBNZ,gdp_growth,balance_of_trade,Balance of Trade,random_forest,capacity_utilization_lag6,0.006452602312897782
RBNZ,gdp_growth,balance_of_trade,Balance of Trade,random_forest,exports_lag3,0.006039100651253821
RBNZ,gdp_growth,balance_of_trade,Balance of Trade,random_forest,employment_change_qoq_lag3,0.005946802659848133
RBNZ,gdp_growth,balance_of_trade,Balance of Trade,random_forest,business_confidence_lag6,0.005880869605894511
RBNZ,gdp_growth,balance_of_trade,Balance of Trade,random_forest,capacity_utilization_lag3,0.005730164896570542
RBNZ,gdp_growth,balance_of_trade,Balance of Trade,random_forest,credit_card_spending_yoy_lag3,0.005326806473982066
RBNZ,gdp_growth,balance_of_trade,Balance of Trade,random_forest,cpi_headline_yoy_ma3,0.004579752858771012
RBNZ,gdp_growth,balance_of_trade,Balance of Trade,random_forest,capacity_utilization_ma3,0.00451240668184614
RBNZ,gdp_growth,balance_of_trade,Balance of Trade,random_forest,exports_ma3,0.004252172243963722
RBNZ,gdp_growth,balance_of_trade,Balance of Trade,random_forest,employment_change_qoq_lag6,0.004005114450956186
RBNZ,gdp_growth,balance_of_trade,Balance of Trade,random_forest,exports_lag6,0.003951807496849774
RBNZ,gdp_growth,balance_of_trade,Balance of Trade,random_forest,participation_rate_lag6,0.0032800730186089296
RBNZ,gdp_growth,balance_of_trade,Balance of Trade,random_forest,participation_rate_lag3,0.002755089331350786
RBNZ,gdp_growth,balance_of_trade,Balance of Trade,random_forest,target_ma3,0.0026791455536661524
RBNZ,gdp_growth,balance_of_trade,Balance of Trade,random_forest,credit_card_spending_yoy_ma3,0.0026324132662154053
RBNZ,gdp_growth,balance_of_trade,Balance of Trade,random_forest,exports_ma6,0.002498179597011916
RBNZ,gdp_growth,balance_of_trade,Balance of Trade,random_forest,imports_ma3,0.002478548312694338
RBNZ,gdp_growth,balance_of_trade,Balance of Trade,random_forest,unemployment_rate_ma3,0.002465408325480757
RBNZ,gdp_growth,balance_of_trade,Balance of Trade,random_forest,imports_lag1_x_imports_lag3,0.002355988869533119
RBNZ,gdp_growth,balance_of_trade,Balance of Trade,random_forest,labour_cost_index_qoq_lag6,0.002261361237826582
RBNZ,gdp_growth,balance_of_trade,Balance of Trade,random_forest,business_confidence_ma6,0.00218624702814818
RBNZ,gdp_growth,balance_of_trade,Balance of Trade,random_forest,credit_card_spending_yoy_lag6,0.0021200739964214827
RBNZ,gdp_growth,balance_of_trade,Balance of Trade,random_forest,participation_rate_lag1,0.002093192726486955
RBNZ,gdp_growth,balance_of_trade,Balance of Trade,random_forest,imports_lag1,0.0020637676520492863
RBNZ,gdp_growth,balance_of_trade,Balance of Trade,random_forest,cpi_headline_yoy_lag1,0.001966118132763779
RBNZ,gdp_growth,balance_of_trade,Balance of Trade,random_forest,credit_card_spending_yoy_ma6,0.0019271473571055423
RBNZ,gdp_growth,balance_of_trade,Balance of Trade,random_forest,labour_cost_index_qoq_ma3,0.001839603398708832
RBNZ,gdp_growth,balance_of_trade,Balance of Trade,random_forest,cpi_headline_yoy_ma6,0.0017903476022284907
RBNZ,gdp_growth,balance_of_trade,Balance of Trade,random_forest,cpi_headline_qoq_lag3,0.001587171123669003
RBNZ,gdp_growth,balance_of_trade,Balance of Trade,random_forest,labour_cost_index_yoy_lag6,0.001576172595742511
RBNZ,gdp_growth,balance_of_trade,Balance of Trade,random_forest,participation_rate_ma6,0.0015724159481122057
RBNZ,gdp_growth,balance_of_trade,Balance of Trade,random_forest,imports_ma6,0.001551277654624159
RBNZ,gdp_growth,balance_of_trade,Balance of Trade,random_forest,labour_cost_index_yoy_lag3,0.001475076948456846
RBNZ,gdp_growth,balance_of_trade,Balance of Trade,random_forest,labour_cost_index_yoy_lag1,0.0014383179047694644
RBNZ,gdp_growth,balance_of_trade,Balance of Trade,random_forest,imports_lag6,0.0012410234294009052
RBNZ,gdp_growth,balance_of_trade,Balance of Trade,random_forest,unemployment_rate_lag3,0.0011376449582447836
RBNZ,gdp_growth,balance_of_trade,Balance of Trade,random_forest,labour_cost_index_qoq_ma6,0.0010414834987646443
RBNZ,gdp_growth,balance_of_trade,Balance of Trade,random_forest,business_confidence_lag1,0.001014436871081239
RBNZ,gdp_growth,balance_of_trade,Balance of Trade,random_forest,unemployment_rate_lag6,0.0009124891950226988
RBNZ,gdp_growth,balance_of_trade,Balance of Trade,random_forest,imports_lag3,0.0006513727796717618
RBNZ,gdp_growth,balance_of_trade,Balance of Trade,random_forest,exports_lag1,0.0006188924318805291
RBNZ,gdp_growth,balance_of_trade,Balance of Trade,random_forest,business_confidence_lag3,0.0005403798343435105
RBNZ,gdp_growth,balance_of_trade,Balance of Trade,random_forest,labour_cost_index_yoy_ma3,0.0005004537396810179
RBNZ,gdp_growth,balance_of_trade,Balance of Trade,random_forest,participation_rate_ma3,0.00035374898179596763
RBNZ,gdp_growth,balance_of_trade,Balance of Trade,random_forest,labour_cost_index_yoy_ma6,0.0003059755390459432
RBNZ,gdp_growth,balance_of_trade,Balance of Trade,random_forest,labour_cost_index_qoq_lag3,0.0003052358775667607
RBNZ,gdp_growth,balance_of_trade,Balance of Trade,random_forest,cpi_headline_qoq_lag6,0.00030439510818070225
RBNZ,gdp_growth,balance_of_trade,Balance of Trade,random_forest,unemployment_rate_ma6,0.0003024808225427946
RBNZ,gdp_growth,balance_of_trade,Balance of Trade,random_forest,business_confidence_ma3,0.00011897708781711757
RBNZ,gdp_growth,balance_of_trade,Balance of Trade,random_forest,cpi_headline_yoy_lag3,3.519206845728586e-05
RBNZ,gdp_growth,balance_of_trade,Balance of Trade,random_forest,global_dairy_trade_price_index_lag1,0.0
RBNZ,gdp_growth,balance_of_trade,Balance of Trade,random_forest,global_dairy_trade_price_index_lag3,0.0
RBNZ,gdp_growth,balance_of_trade,Balance of Trade,random_forest,global_dairy_trade_price_index_lag6,0.0
RBNZ,gdp_growth,balance_of_trade,Balance of Trade,random_forest,global_dairy_trade_price_index_ma3,0.0
RBNZ,gdp_growth,balance_of_trade,Balance of Trade,random_forest,global_dairy_trade_price_index_ma6,0.0
RBNZ,gdp_growth,balance_of_trade,Balance of Trade,random_forest,cpi_headline_yoy_lag6,0.0
RBNZ,unemployment,unemployment_rate,Unemployment Rate,ridge,target_current,0.0935993542290834
RBNZ,unemployment,unemployment_rate,Unemployment Rate,ridge,cpi_headline_qoq_ma3,0.050186113570446216
RBNZ,unemployment,unemployment_rate,Unemployment Rate,ridge,business_confidence_ma3,0.04203050588713953
RBNZ,unemployment,unemployment_rate,Unemployment Rate,ridge,cpi_headline_qoq_lag1,0.040845453635074795
RBNZ,unemployment,unemployment_rate,Unemployment Rate,ridge,balance_of_trade_ma6,0.03766160388454805
RBNZ,unemployment,unemployment_rate,Unemployment Rate,ridge,capacity_utilization_ma6,0.03492210963674742
RBNZ,unemployment,unemployment_rate,Unemployment Rate,ridge,business_confidence_ma6,0.03106769721355872
RBNZ,unemployment,unemployment_rate,Unemployment Rate,ridge,imports_ma3,0.03015773632383769
RBNZ,unemployment,unemployment_rate,Unemployment Rate,ridge,participation_rate_lag6,0.02721564104415347
RBNZ,unemployment,unemployment_rate,Unemployment Rate,ridge,cpi_headline_yoy_lag1,0.02518463326492624
RBNZ,unemployment,unemployment_rate,Unemployment Rate,ridge,labour_cost_index_yoy_lag1,0.025144387456980635
RBNZ,unemployment,unemployment_rate,Unemployment Rate,ridge,imports_ma6,0.022384192970436277
RBNZ,unemployment,unemployment_rate,Unemployment Rate,ridge,cpi_headline_yoy_lag6,0.02222070350698332
RBNZ,unemployment,unemployment_rate,Unemployment Rate,ridge,cpi_headline_qoq_lag3,0.022154154726719943
RBNZ,unemployment,unemployment_rate,Unemployment Rate,ridge,credit_card_spending_yoy_ma3,0.0221268468984294
RBNZ,unemployment,unemployment_rate,Unemployment Rate,ridge,balance_of_trade_ma3,0.017470881698485343
RBNZ,unemployment,unemployment_rate,Unemployment Rate,ridge,business_confidence_lag1,0.017259935211216552
RBNZ,unemployment,unemployment_rate,Unemployment Rate,ridge,target_ma3,0.016982698654355748
RBNZ,unemployment,unemployment_rate,Unemployment Rate,ridge,labour_cost_index_yoy_ma3,0.016703472749358905
RBNZ,unemployment,unemployment_rate,Unemployment Rate,ridge,cpi_headline_yoy_lag3,0.016665898176175514
RBNZ,unemployment,unemployment_rate,Unemployment Rate,ridge,employment_change_qoq_ma6,0.016323705906555356
RBNZ,unemployment,unemployment_rate,Unemployment Rate,ridge,business_confidence_lag3,0.015377357405249247
RBNZ,unemployment,unemployment_rate,Unemployment Rate,ridge,consumer_price_index_ma6,0.015313337213622793
RBNZ,unemployment,unemployment_rate,Unemployment Rate,ridge,target_lag1,0.015043591158902931
RBNZ,unemployment,unemployment_rate,Unemployment Rate,ridge,capacity_utilization_lag6,0.013906796478276865
RBNZ,unemployment,unemployment_rate,Unemployment Rate,ridge,imports_lag6,0.01335608992774617
RBNZ,unemployment,unemployment_rate,Unemployment Rate,ridge,consumer_price_index_ma3,0.012838221188021285
RBNZ,unemployment,unemployment_rate,Unemployment Rate,ridge,participation_rate_ma6,0.012747341096113123
RBNZ,unemployment,unemployment_rate,Unemployment Rate,ridge,balance_of_trade_lag6,0.01207187228061668
RBNZ,unemployment,unemployment_rate,Unemployment Rate,ridge,labour_cost_index_qoq_lag3,0.011731133831232783
RBNZ,unemployment,unemployment_rate,Unemployment Rate,ridge,employment_change_qoq_ma3,0.011715953290977084
RBNZ,unemployment,unemployment_rate,Unemployment Rate,ridge,credit_card_spending_yoy_lag3,0.011237293972650015
RBNZ,unemployment,unemployment_rate,Unemployment Rate,ridge,balance_of_trade_lag1,0.011228610953383258
RBNZ,unemployment,unemployment_rate,Unemployment Rate,ridge,capacity_utilization_ma3,0.0109243973034572
RBNZ,unemployment,unemployment_rate,Unemployment Rate,ridge,imports_lag3,0.010720679128069168
RBNZ,unemployment,unemployment_rate,Unemployment Rate,ridge,consumer_price_index_lag1,0.010429917891504378
RBNZ,unemployment,unemployment_rate,Unemployment Rate,ridge,labour_cost_index_qoq_ma3,0.010428817025832397
RBNZ,unemployment,unemployment_rate,Unemployment Rate,ridge,balance_of_trade_lag3,0.01023053308967477
RBNZ,unemployment,unemployment_rate,Unemployment Rate,ridge,participation_rate_lag3,0.009884394923440657
RBNZ,unemployment,unemployment_rate,Unemployment Rate,ridge,cpi_headline_yoy_ma3,0.009358494300356124
RBNZ,unemployment,unemployment_rate,Unemployment Rate,ridge,cpi_headline_qoq_lag6,0.008733428769668476
RBNZ,unemployment,unemployment_rate,Unemployment Rate,ridge,exports_ma3,0.0086834416121005
RBNZ,unemployment,unemployment_rate,Unemployment Rate,ridge,exports_lag1,0.00832134597737611
RBNZ,unemployment,unemployment_rate,Unemployment Rate,ridge,labour_cost_index_yoy_lag1_x_labour_cost_index_yoy_lag3,0.00827717024096016
RBNZ,unemployment,unemployment_rate,Unemployment Rate,ridge,exports_lag3,0.008190361657016738
RBNZ,unemployment,unemployment_rate,Unemployment Rate,ridge,cpi_headline_yoy_ma6,0.008182388780427222
RBNZ,unemployment,unemployment_rate,Unemployment Rate,ridge,labour_cost_index_yoy_ma6,0.007524762243974741
RBNZ,unemployment,unemployment_rate,Unemployment Rate,ridge,participation_rate_lag1,0.007453749542830796
RBNZ,unemployment,unemployment_rate,Unemployment Rate,ridge,consumer_price_index_lag6,0.00745259459559577
RBNZ,unemployment,unemployment_rate,Unemployment Rate,ridge,employment_change_qoq_lag1,0.007050293165306536
RBNZ,unemployment,unemployment_rate,Unemployment Rate,ridge,business_confidence_lag6,0.006897190126913874
RBNZ,unemployment,unemployment_rate,Unemployment Rate,ridge,labour_cost_index_qoq_ma6,0.0068909362488518405
RBNZ,unemployment,unemployment_rate,Unemployment Rate,ridge,credit_card_spending_yoy_ma6,0.0061644395149717994
RBNZ,unemployment,unemployment_rate,Unemployment Rate,ridge,labour_cost_index_qoq_lag6,0.005896666737133166
RBNZ,unemployment,unemployment_rate,Unemployment Rate,ridge,labour_cost_index_yoy_lag6,0.005166195878363728
RBNZ,unemployment,unemployment_rate,Unemployment Rate,ridge,capacity_utilization_lag3,0.004925276923468759
RBNZ,unemployment,unemployment_rate,Unemployment Rate,ridge,exports_ma6,0.004498594538839134
RBNZ,unemployment,unemployment_rate,Unemployment Rate,ridge,credit_card_spending_yoy_lag6,0.004483942145037871
RBNZ,unemployment,unemployment_rate,Unemployment Rate,ridge,consumer_price_index_lag3,0.0030034563456064183
RBNZ,unemployment,unemployment_rate,Unemployment Rate,ridge,employment_change_qoq_lag6,0.002898737478402817
RBNZ,unemployment,unemployment_rate,Unemployment Rate,ridge,capacity_utilization_lag1,0.0026616002080654105
RBNZ,unemployment,unemployment_rate,Unemployment Rate,ridge,exports_lag6,0.002498314296163321
RBNZ,unemployment,unemployment_rate,Unemployment Rate,ridge,labour_cost_index_qoq_lag1,0.0024780450816916178
RBNZ,unemployment,unemployment_rate,Unemployment Rate,ridge,credit_card_spending_yoy_lag1,0.0023328207074417135
RBNZ,unemployment,unemployment_rate,Unemployment Rate,ridge,employment_change_qoq_lag3,0.0009686651309311105
RBNZ,unemployment,unemployment_rate,Unemployment Rate,ridge,participation_rate_ma3,0.0008653209094934218
RBNZ,unemployment,unemployment_rate,Unemployment Rate,ridge,cpi_headline_qoq_ma6,0.00025541562386532083
RBNZ,unemployment,unemployment_rate,Unemployment Rate,ridge,imports_lag1,0.00023254121941151276
RBNZ,unemployment,unemployment_rate,Unemployment Rate,ridge,labour_cost_index_yoy_lag3,0.00015974519575053073
RBNZ,unemployment,unemployment_rate,Unemployment Rate,ridge,global_dairy_trade_price_index_lag1,0.0
RBNZ,unemployment,unemployment_rate,Unemployment Rate,ridge,global_dairy_trade_price_index_lag3,0.0
RBNZ,unemployment,unemployment_rate,Unemployment Rate,ridge,global_dairy_trade_price_index_lag6,0.0
RBNZ,unemployment,unemployment_rate,Unemployment Rate,ridge,global_dairy_trade_price_index_ma3,0.0
RBNZ,unemployment,unemployment_rate,Unemployment Rate,ridge,global_dairy_trade_price_index_ma6,0.0
RBNZ,unemployment,unemployment_rate,Unemployment Rate,random_forest,target_current,0.4887398848974015
RBNZ,unemployment,unemployment_rate,Unemployment Rate,random_forest,cpi_headline_qoq_lag1,0.2348414775124102
RBNZ,unemployment,unemployment_rate,Unemployment Rate,random_forest,cpi_headline_qoq_ma3,0.06824388758868788
RBNZ,unemployment,unemployment_rate,Unemployment Rate,random_forest,target_lag1,0.04790037784262261
RBNZ,unemployment,unemployment_rate,Unemployment Rate,random_forest,participation_rate_ma6,0.02276675132824649
RBNZ,unemployment,unemployment_rate,Unemployment Rate,random_forest,business_confidence_lag3,0.013654616422087474
RBNZ,unemployment,unemployment_rate,Unemployment Rate,random_forest,employment_change_qoq_ma6,0.013254588299260956
RBNZ,unemployment,unemployment_rate,Unemployment Rate,random_forest,participation_rate_lag3,0.011675175525545449
RBNZ,unemployment,unemployment_rate,Unemployment Rate,random_forest,cpi_headline_qoq_ma6,0.011000147643179508
RBNZ,unemployment,unemployment_rate,Unemployment Rate,random_forest,target_ma3,0.009408711284636793
RBNZ,unemployment,unemployment_rate,Unemployment Rate,random_forest,business_confidence_ma6,0.008642129571193613
RBNZ,unemployment,unemployment_rate,Unemployment Rate,random_forest,imports_ma6,0.007761553842164818
RBNZ,unemployment,unemployment_rate,Unemployment Rate,random_forest,labour_cost_index_yoy_lag1_x_labour_cost_index_yoy_lag3,0.005489256472859598
RBNZ,unemployment,unemployment_rate,Unemployment Rate,random_forest,employment_change_qoq_ma3,0.0053029578151193016
RBNZ,unemployment,unemployment_rate,Unemployment Rate,random_forest,balance_of_trade_lag6,0.004191409330899076
RBNZ,unemployment,unemployment_rate,Unemployment Rate,random_forest,cpi_headline_qoq_lag3,0.0032700289026547495
RBNZ,unemployment,unemployment_rate,Unemployment Rate,random_forest,balance_of_trade_ma6,0.0030993253457161705
RBNZ,unemployment,unemployment_rate,Unemployment Rate,random_forest,employment_change_qoq_lag3,0.003047009250527974
RBNZ,unemployment,unemployment_rate,Unemployment Rate,random_forest,cpi_headline_yoy_lag1,0.0025976726629282666
RBNZ,unemployment,unemployment_rate,Unemployment Rate,random_forest,business_confidence_ma3,0.0025075361946688673
RBNZ,unemployment,unemployment_rate,Unemployment Rate,random_forest,participation_rate_ma3,0.0018800845080724177
RBNZ,unemployment,unemployment_rate,Unemployment Rate,random_forest,participation_rate_lag1,0.0017979601562082522
RBNZ,unemployment,unemployment_rate,Unemployment Rate,random_forest,balance_of_trade_lag3,0.001780696433045426
RBNZ,unemployment,unemployment_rate,Unemployment Rate,random_forest,business_confidence_lag6,0.0017627494346181046
RBNZ,unemployment,unemployment_rate,Unemployment Rate,random_forest,employment_change_qoq_lag1,0.0017255894803673132
RBNZ,unemployment,unemployment_rate,Unemployment Rate,random_forest,imports_ma3,0.0016062682902666253
RBNZ,unemployment,unemployment_rate,Unemployment Rate,random_forest,exports_lag1,0.001542587095449128
RBNZ,unemployment,unemployment_rate,Unemployment Rate,random_forest,exports_lag3,0.0013254398581010515
RBNZ,unemployment,unemployment_rate,Unemployment Rate,random_forest,labour_cost_index_yoy_lag6,0.00132209729389978
RBNZ,unemployment,unemployment_rate,Unemployment Rate,random_forest,cpi_headline_qoq_lag6,0.001274997624758359
RBNZ,unemployment,unemployment_rate,Unemployment Rate,random_forest,labour_cost_index_qoq_ma6,0.0012737169920339277
RBNZ,unemployment,unemployment_rate,Unemployment Rate,random_forest,credit_card_spending_yoy_lag6,0.0010051260645782022
RBNZ,unemployment,unemployment_rate,Unemployment Rate,random_forest,credit_card_spending_yoy_lag1,0.000990017326985339
RBNZ,unemployment,unemployment_rate,Unemployment Rate,random_forest,balance_of_trade_ma3,0.0008829098768982909
RBNZ,unemployment,unemployment_rate,Unemployment Rate,random_forest,credit_card_spending_yoy_ma3,0.0008700249819511185
RBNZ,unemployment,unemployment_rate,Unemployment Rate,random_forest,labour_cost_index_qoq_lag6,0.0007647707316597492
RBNZ,unemployment,unemployment_rate,Unemployment Rate,random_forest,capacity_utilization_ma6,0.0007635627644468443
RBNZ,unemployment,unemployment_rate,Unemployment Rate,random_forest,capacity_utilization_lag3,0.0007269720837371592
RBNZ,unemployment,unemployment_rate,Unemployment Rate,random_forest,consumer_price_index_lag1,0.0007097959009539915
RBNZ,unemployment,unemployment_rate,Unemployment Rate,random_forest,labour_cost_index_yoy_lag3,0.0006356210171771521
RBNZ,unemployment,unemployment_rate,Unemployment Rate,random_forest,consumer_price_index_ma3,0.000606754179223252
RBNZ,unemployment,unemployment_rate,Unemployment Rate,random_forest,consumer_price_index_lag6,0.0005991472536064758
RBNZ,unemployment,unemployment_rate,Unemployment Rate,random_forest,imports_lag1,0.0005655777143936953
RBNZ,unemployment,unemployment_rate,Unemployment Rate,random_forest,labour_cost_index_yoy_ma3,0.0005499590153081043
RBNZ,unemployment,unemployment_rate,Unemployment Rate,random_forest,capacity_utilization_lag6,0.0005076253146756761
RBNZ,unemployment,unemployment_rate,Unemployment Rate,random_forest,credit_card_spending_yoy_ma6,0.0005074332669111108
RBNZ,unemployment,unemployment_rate,Unemployment Rate,random_forest,imports_lag6,0.0004604161368183076
RBNZ,unemployment,unemployment_rate,Unemployment Rate,random_forest,balance_of_trade_lag1,0.00039658620344244625
RBNZ,unemployment,unemployment_rate,Unemployment Rate,random_forest,labour_cost_index_yoy_ma6,0.0003397203204526303
RBNZ,unemployment,unemployment_rate,Unemployment Rate,random_forest,consumer_price_index_lag3,0.00033356936752363704
RBNZ,unemployment,unemployment_rate,Unemployment Rate,random_forest,imports_lag3,0.0003316474639239633
RBNZ,unemployment,unemployment_rate,Unemployment Rate,random_forest,cpi_headline_yoy_lag6,0.00031566856329826054
RBNZ,unemployment,unemployment_rate,Unemployment Rate,random_forest,employment_change_qoq_lag6,0.00029311809781842543
RBNZ,unemployment,unemployment_rate,Unemployment Rate,random_forest,business_confidence_lag1,0.00027360747817209435
RBNZ,unemployment,unemployment_rate,Unemployment Rate,random_forest,cpi_headline_yoy_lag3,0.00021984552302044898
RBNZ,unemployment,unemployment_rate,Unemployment Rate,random_forest,exports_ma3,0.00021825340743042234
RBNZ,unemployment,unemployment_rate,Unemployment Rate,random_forest,exports_lag6,0.00018266496147454904
RBNZ,unemployment,unemployment_rate,Unemployment Rate,random_forest,capacity_utilization_lag1,0.00017944922917011025
RBNZ,unemployment,unemployment_rate,Unemployment Rate,random_forest,labour_cost_index_yoy_lag1,0.0001653314653746237
RBNZ,unemployment,unemployment_rate,Unemployment Rate,random_forest,consumer_price_index_ma6,0.00016246799680762203
RBNZ,unemployment,unemployment_rate,Unemployment Rate,random_forest,labour_cost_index_qoq_lag1,0.00015922608635275461
RBNZ,unemployment,unemployment_rate,Unemployment Rate,random_forest,cpi_headline_yoy_ma6,0.00012683046350572344
RBNZ,unemployment,unemployment_rate,Unemployment Rate,random_forest,capacity_utilization_ma3,0.00012076939116215414
RBNZ,unemployment,unemployment_rate,Unemployment Rate,random_forest,credit_card_spending_yoy_lag3,0.00010749419702405336
RBNZ,unemployment,unemployment_rate,Unemployment Rate,random_forest,exports_ma6,6.465430465211236e-05
RBNZ,unemployment,unemployment_rate,Unemployment Rate,random_forest,participation_rate_lag6,6.25474645085695e-05
RBNZ,unemployment,unemployment_rate,Unemployment Rate,random_forest,labour_cost_index_qoq_ma3,4.241960268474375e-05
RBNZ,unemployment,unemployment_rate,Unemployment Rate,random_forest,cpi_headline_yoy_ma3,3.821736321203482e-05
RBNZ,unemployment,unemployment_rate,Unemployment Rate,random_forest,labour_cost_index_qoq_lag3,3.3512520032570114e-05
RBNZ,unemployment,unemployment_rate,Unemployment Rate,random_forest,global_dairy_trade_price_index_lag1,0.0
RBNZ,unemployment,unemployment_rate,Unemployment Rate,random_forest,global_dairy_trade_price_index_lag3,0.0
RBNZ,unemployment,unemployment_rate,Unemployment Rate,random_forest,global_dairy_trade_price_index_lag6,0.0
RBNZ,unemployment,unemployment_rate,Unemployment Rate,random_forest,global_dairy_trade_price_index_ma3,0.0
RBNZ,unemployment,unemployment_rate,Unemployment Rate,random_forest,global_dairy_trade_price_index_ma6,0.0
SNB,inflation,cpi_headline_yoy,Headline CPI (YoY),ridge,target_current,0.129709940900154
SNB,inflation,cpi_headline_yoy,Headline CPI (YoY),ridge,economic_sentiment_index_ma6,0.04986489683622424
SNB,inflation,cpi_headline_yoy,Headline CPI (YoY),ridge,balance_of_trade_ma6,0.04724094890131035
SNB,inflation,cpi_headline_yoy,Headline CPI (YoY),ridge,consumer_confidence_lag3,0.04339524590660637
SNB,inflation,cpi_headline_yoy,Headline CPI (YoY),ridge,unemployment_rate_lag1,0.03974648618120002
SNB,inflation,cpi_headline_yoy,Headline CPI (YoY),ridge,producer_import_prices_yoy_lag1,0.03904228076441186
SNB,inflation,cpi_headline_yoy,Headline CPI (YoY),ridge,economic_sentiment_index_ma3,0.03581066649682502
SNB,inflation,cpi_headline_yoy,Headline CPI (YoY),ridge,target_ma3,0.03508742598332556
SNB,inflation,cpi_headline_yoy,Headline CPI (YoY),ridge,retail_sales_yoy_ma6,0.03356790694256914
SNB,inflation,cpi_headline_yoy,Headline CPI (YoY),ridge,producer_import_prices_mom_ma3,0.0332923522981127
SNB,inflation,cpi_headline_yoy,Headline CPI (YoY),ridge,economic_sentiment_index_lag6,0.03173103239450364
SNB,inflation,cpi_headline_yoy,Headline CPI (YoY),ridge,producer_import_prices_yoy_lag6,0.03149960740489059
SNB,inflation,cpi_headline_yoy,Headline CPI (YoY),ridge,producer_import_prices_mom_ma6,0.028738402430405933
SNB,inflation,cpi_headline_yoy,Headline CPI (YoY),ridge,target_lag1,0.022771732025360585
SNB,inflation,cpi_headline_yoy,Headline CPI (YoY),ridge,gdp_qoq_ma6,0.02238001269778506
SNB,inflation,cpi_headline_yoy,Headline CPI (YoY),ridge,producer_import_prices_yoy_lag1_x_producer_import_prices_yoy_lag3,0.021843310455724775
SNB,inflation,cpi_headline_yoy,Headline CPI (YoY),ridge,producer_import_prices_yoy_ma6,0.02166617512289919
SNB,inflation,cpi_headline_yoy,Headline CPI (YoY),ridge,economic_sentiment_index_lag3,0.020721300047128348
SNB,inflation,cpi_headline_yoy,Headline CPI (YoY),ridge,unemployment_rate_ma3,0.020475581065677706
SNB,inflation,cpi_headline_yoy,Headline CPI (YoY),ridge,retail_sales_mom_lag1,0.01818913028055813
SNB,inflation,cpi_headline_yoy,Headline CPI (YoY),ridge,gdp_qoq_lag1,0.01788080141395317
SNB,inflation,cpi_headline_yoy,Headline CPI (YoY),ridge,unemployment_rate_lag6,0.017669797960409597
SNB,inflation,cpi_headline_yoy,Headline CPI (YoY),ridge,retail_sales_yoy_lag1,0.017573189053977104
SNB,inflation,cpi_headline_yoy,Headline CPI (YoY),ridge,producer_import_prices_mom_lag6,0.01684983888146571
SNB,inflation,cpi_headline_yoy,Headline CPI (YoY),ridge,gdp_qoq_ma3,0.016847459964234614
SNB,inflation,cpi_headline_yoy,Headline CPI (YoY),ridge,balance_of_trade_lag3,0.014282722024600934
SNB,inflation,cpi_headline_yoy,Headline CPI (YoY),ridge,cpi_headline_mom_lag2,0.0131662349305768
SNB,inflation,cpi_headline_yoy,Headline CPI (YoY),ridge,cpi_headline_mom_lag6,0.01281318308971016
SNB,inflation,cpi_headline_yoy,Headline CPI (YoY),ridge,producer_import_prices_yoy_lag3,0.012512949866325819
SNB,inflation,cpi_headline_yoy,Headline CPI (YoY),ridge,consumer_confidence_lag6,0.012288459123344248
SNB,inflation,cpi_headline_yoy,Headline CPI (YoY),ridge,retail_sales_mom_ma6,0.012221565093474914
SNB,inflation,cpi_headline_yoy,Headline CPI (YoY),ridge,gdp_qoq_lag3,0.01111753952960909
SNB,inflation,cpi_headline_yoy,Headline CPI (YoY),ridge,cpi_headline_mom_ma6,0.009892189238698104
SNB,inflation,cpi_headline_yoy,Headline CPI (YoY),ridge,gdp_qoq_lag6,0.009679689528649947
SNB,inflation,cpi_headline_yoy,Headline CPI (YoY),ridge,balance_of_trade_ma3,0.009313493763566705
SNB,inflation,cpi_headline_yoy,Headline CPI (YoY),ridge,producer_import_prices_yoy_ma3,0.007979970214175297
SNB,inflation,cpi_headline_yoy,Headline CPI (YoY),ridge,retail_sales_mom_ma3,0.007920887355605578
SNB,inflation,cpi_headline_yoy,Headline CPI (YoY),ridge,cpi_headline_mom_ma3,0.006236070240773362
SNB,inflation,cpi_headline_yoy,Headline CPI (YoY),ridge,balance_of_trade_lag1,0.00524198052187585
SNB,inflation,cpi_headline_yoy,Headline CPI (YoY),ridge,consumer_confidence_lag1,0.0048391030327913755
SNB,inflation,cpi_headline_yoy,Headline CPI (YoY),ridge,retail_sales_mom_lag3,0.0043830173639603206
SNB,inflation,cpi_headline_yoy,Headline CPI (YoY),ridge,cpi_headline_mom_lag3,0.004303478903810042
SNB,inflation,cpi_headline_yoy,Headline CPI (YoY),ridge,balance_of_trade_lag6,0.00372215356325558
SNB,inflation,cpi_headline_yoy,Headline CPI (YoY),ridge,consumer_confidence_ma6,0.0035415805403457307
SNB,inflation,cpi_headline_yoy,Headline CPI (YoY),ridge,unemployment_rate_ma6,0.0031804102953947168
SNB,inflation,cpi_headline_yoy,Headline CPI (YoY),ridge,retail_sales_yoy_lag6,0.0031614849961233774
SNB,inflation,cpi_headline_yoy,Headline CPI (YoY),ridge,unemployment_rate_lag3,0.002553684962215263
SNB,inflation,cpi_headline_yoy,Headline CPI (YoY),ridge,retail_sales_mom_lag6,0.0023416928313709905
SNB,inflation,cpi_headline_yoy,Headline CPI (YoY),ridge,retail_sales_yoy_ma3,0.002017614458724488
SNB,inflation,cpi_headline_yoy,Headline CPI (YoY),ridge,producer_import_prices_mom_lag3,0.0016780831343683803
SNB,inflation,cpi_headline_yoy,Headline CPI (YoY),ridge,retail_sales_yoy_lag3,0.0014948824572090383
SNB,inflation,cpi_headline_yoy,Headline CPI (YoY),ridge,cpi_headline_mom_lag1,0.001394725931048488
SNB,inflation,cpi_headline_yoy,Headline CPI (YoY),ridge,producer_import_prices_mom_lag1,0.0012052502645143938
SNB,inflation,cpi_headline_yoy,Headline CPI (YoY),ridge,consumer_confidence_ma3,0.000983821214298453
SNB,inflation,cpi_headline_yoy,Headline CPI (YoY),ridge,economic_sentiment_index_lag1,0.0009365591198690216
SNB,inflation,cpi_headline_yoy,Headline CPI (YoY),ridge,m3_money_supply_lag1,0.0
SNB,inflation,cpi_headline_yoy,Headline CPI (YoY),ridge,m3_money_supply_lag3,0.0
SNB,inflation,cpi_headline_yoy,Headline CPI (YoY),ridge,m3_money_supply_lag6,0.0
SNB,inflation,cpi_headline_yoy,Headline CPI (YoY),ridge,m3_money_supply_ma3,0.0
SNB,inflation,cpi_headline_yoy,Headline CPI (YoY),ridge,m3_money_supply_ma6,0.0
SNB,inflation,cpi_headline_yoy,Headline CPI (YoY),random_forest,target_current,0.641206498485737
SNB,inflation,cpi_headline_yoy,Headline CPI (YoY),random_forest,producer_import_prices_yoy_lag6,0.10651634123143876
SNB,inflation,cpi_headline_yoy,Headline CPI (YoY),random_forest,target_lag1,0.10002990216062181
SNB,inflation,cpi_headline_yoy,Headline CPI (YoY),random_forest,target_ma3,0.030928372693876452
SNB,inflation,cpi_headline_yoy,Headline CPI (YoY),random_forest,producer_import_prices_yoy_ma6,0.027348316348210305
SNB,inflation,cpi_headline_yoy,Headline CPI (YoY),random_forest,producer_import_prices_mom_ma6,0.014788512146073877
SNB,inflation,cpi_headline_yoy,Headline CPI (YoY),random_forest,cpi_headline_mom_ma6,0.013258334949851383
SNB,inflation,cpi_headline_yoy,Headline CPI (YoY),random_forest,economic_sentiment_index_lag1,0.008731855367293363
SNB,inflation,cpi_headline_yoy,Headline CPI (YoY),random_forest,producer_import_prices_yoy_lag1,0.00758900638869698
SNB,inflation,cpi_headline_yoy,Headline CPI (YoY),random_forest,producer_import_prices_yoy_lag3,0.006405033737052572
SNB,inflation,cpi_headline_yoy,Headline CPI (YoY),random_forest,producer_import_prices_yoy_ma3,0.005981489970155182
SNB,inflation,cpi_headline_yoy,Headline CPI (YoY),random_forest,cpi_headline_mom_ma3,0.0048282544120281596
SNB,inflation,cpi_headline_yoy,Headline CPI (YoY),random_forest,producer_import_prices_mom_ma3,0.003087882899476607
SNB,inflation,cpi_headline_yoy,Headline CPI (YoY),random_forest,economic_sentiment_index_ma3,0.00241618329697431
SNB,inflation,cpi_headline_yoy,Headline CPI (YoY),random_forest,cpi_headline_mom_lag3,0.0022666350018851335
SNB,inflation,cpi_headline_yoy,Headline CPI (YoY),random_forest,balance_of_trade_lag3,0.0022015518066126594
SNB,inflation,cpi_headline_yoy,Headline CPI (YoY),random_forest,gdp_qoq_ma3,0.0015995771353690042
SNB,inflation,cpi_headline_yoy,Headline CPI (YoY),random_forest,gdp_qoq_lag1,0.0014319740030494794
SNB,inflation,cpi_headline_yoy,Headline CPI (YoY),random_forest,producer_import_prices_yoy_lag1_x_producer_import_prices_yoy_lag3,0.0013857585567493276
SNB,inflation,cpi_headline_yoy,Headline CPI (YoY),random_forest,retail_sales_yoy_ma3,0.0012851020790578221
SNB,inflation,cpi_headline_yoy,Headline CPI (YoY),random_forest,balance_of_trade_ma3,0.0011644231198666348
SNB,inflation,cpi_headline_yoy,Headline CPI (YoY),random_forest,balance_of_trade_ma6,0.001096413172251249
SNB,inflation,cpi_headline_yoy,Headline CPI (YoY),random_forest,retail_sales_mom_ma6,0.0010196091220844245
SNB,inflation,cpi_headline_yoy,Headline CPI (YoY),random_forest,cpi_headline_mom_lag2,0.0009931499615159988
SNB,inflation,cpi_headline_yoy,Headline CPI (YoY),random_forest,retail_sales_mom_lag1,0.0009833986837362062
SNB,inflation,cpi_headline_yoy,Headline CPI (YoY),random_forest,gdp_qoq_ma6,0.0009482734097049945
SNB,inflation,cpi_headline_yoy,Headline CPI (YoY),random_forest,producer_import_prices_mom_lag1,0.0008697037512027633
SNB,inflation,cpi_headline_yoy,Headline CPI (YoY),random_forest,producer_import_prices_mom_lag3,0.0008547583158730574
SNB,inflation,cpi_headline_yoy,Headline CPI (YoY),random_forest,consumer_confidence_lag1,0.0008157572658052254
SNB,inflation,cpi_headline_yoy,Headline CPI (YoY),random_forest,retail_sales_mom_lag6,0.000774366545240237
SNB,inflation,cpi_headline_yoy,Headline CPI (YoY),random_forest,gdp_qoq_lag3,0.0006519009711173623
SNB,inflation,cpi_headline_yoy,Headline CPI (YoY),random_forest,economic_sentiment_index_ma6,0.0006181733736685226
SNB,inflation,cpi_headline_yoy,Headline CPI (YoY),random_forest,retail_sales_yoy_lag6,0.0005801138097069233
SNB,inflation,cpi_headline_yoy,Headline CPI (YoY),random_forest,retail_sales_yoy_lag3,0.00043861510929121643
SNB,inflation,cpi_headline_yoy,Headline CPI (YoY),random_forest,economic_sentiment_index_lag3,0.0004017947589764237
SNB,inflation,cpi_headline_yoy,Headline CPI (YoY),random_forest,cpi_headline_mom_lag1,0.0004006144872984404
SNB,inflation,cpi_headline_yoy,Headline CPI (YoY),random_forest,balance_of_trade_lag6,0.00037641444676381344
SNB,inflation,cpi_headline_yoy,Headline CPI (YoY),random_forest,balance_of_trade_lag1,0.0003760506059134657
SNB,inflation,cpi_headline_yoy,Headline CPI (YoY),random_forest,cpi_headline_mom_lag6,0.0003662168728504446
SNB,inflation,cpi_headline_yoy,Headline CPI (YoY),random_forest,consumer_confidence_ma3,0.00033482067874103044
SNB,inflation,cpi_headline_yoy,Headline CPI (YoY),random_forest,retail_sales_mom_lag3,0.00033360204841251923
SNB,inflation,cpi_headline_yoy,Headline CPI (YoY),random_forest,consumer_confidence_lag6,0.0003326814552238068
SNB,inflation,cpi_headline_yoy,Headline CPI (YoY),random_forest,retail_sales_yoy_lag1,0.00032804098660635037
SNB,inflation,cpi_headline_yoy,Headline CPI (YoY),random_forest,unemployment_rate_ma6,0.0002465706327710004
SNB,inflation,cpi_headline_yoy,Headline CPI (YoY),random_forest,unemployment_rate_ma3,0.00024203790824386465
SNB,inflation,cpi_headline_yoy,Headline CPI (YoY),random_forest,retail_sales_mom_ma3,0.00021174842857647332
SNB,inflation,cpi_headline_yoy,Headline CPI (YoY),random_forest,retail_sales_yoy_ma6,0.00019279704651929664
SNB,inflation,cpi_headline_yoy,Headline CPI (YoY),random_forest,consumer_confidence_ma6,0.00016248864297453876
SNB,inflation,cpi_headline_yoy,Headline CPI (YoY),random_forest,unemployment_rate_lag3,0.00012206167876212151
SNB,inflation,cpi_headline_yoy,Headline CPI (YoY),random_forest,producer_import_prices_mom_lag6,0.00012044609452108945
SNB,inflation,cpi_headline_yoy,Headline CPI (YoY),random_forest,gdp_qoq_lag6,0.00011653378036276821
SNB,inflation,cpi_headline_yoy,Headline CPI (YoY),random_forest,consumer_confidence_lag3,0.00010460662143142325
SNB,inflation,cpi_headline_yoy,Headline CPI (YoY),random_forest,unemployment_rate_lag6,9.139467632918897e-05
SNB,inflation,cpi_headline_yoy,Headline CPI (YoY),random_forest,economic_sentiment_index_lag6,2.3427058717911563e-05
SNB,inflation,cpi_headline_yoy,Headline CPI (YoY),random_forest,unemployment_rate_lag1,2.0411808729148223e-05
SNB,inflation,cpi_headline_yoy,Headline CPI (YoY),random_forest,m3_money_supply_lag1,0.0
SNB,inflation,cpi_headline_yoy,Headline CPI (YoY),random_forest,m3_money_supply_lag3,0.0
SNB,inflation,cpi_headline_yoy,Headline CPI (YoY),random_forest,m3_money_supply_lag6,0.0
SNB,inflation,cpi_headline_yoy,Headline CPI (YoY),random_forest,m3_money_supply_ma3,0.0
SNB,inflation,cpi_headline_yoy,Headline CPI (YoY),random_forest,m3_money_supply_ma6,0.0
SNB,gdp_growth,gdp_qoq,GDP (QoQ),ridge,target_current,0.1202519454621936
SNB,gdp_growth,gdp_qoq,GDP (QoQ),ridge,producer_import_prices_yoy_lag3,0.06059189145819146
SNB,gdp_growth,gdp_qoq,GDP (QoQ),ridge,retail_sales_mom_lag1_x_retail_sales_mom_lag3,0.04655638275416065
SNB,gdp_growth,gdp_qoq,GDP (QoQ),ridge,unemployment_rate_lag1,0.04603596565811343
SNB,gdp_growth,gdp_qoq,GDP (QoQ),ridge,cpi_headline_yoy_ma3,0.0459746867157281
SNB,gdp_growth,gdp_qoq,GDP (QoQ),ridge,producer_import_prices_yoy_lag6,0.04444236059314189
SNB,gdp_growth,gdp_qoq,GDP (QoQ),ridge,economic_sentiment_index_lag1,0.04220009310983376
SNB,gdp_growth,gdp_qoq,GDP (QoQ),ridge,economic_sentiment_index_lag3,0.039558880066656164
SNB,gdp_growth,gdp_qoq,GDP (QoQ),ridge,retail_sales_mom_ma3,0.03286045093520075
SNB,gdp_growth,gdp_qoq,GDP (QoQ),ridge,target_ma3,0.030553412961179246
SNB,gdp_growth,gdp_qoq,GDP (QoQ),ridge,balance_of_trade_ma6,0.029536803350450547
SNB,gdp_growth,gdp_qoq,GDP (QoQ),ridge,balance_of_trade_ma3,0.023982645410278506
SNB,gdp_growth,gdp_qoq,GDP (QoQ),ridge,cpi_headline_mom_ma3,0.02390885384377508
SNB,gdp_growth,gdp_qoq,GDP (QoQ),ridge,producer_import_prices_mom_ma6,0.022568633939457766
SNB,gdp_growth,gdp_qoq,GDP (QoQ),ridge,cpi_headline_mom_ma6,0.02196742186751932
SNB,gdp_growth,gdp_qoq,GDP (QoQ),ridge,cpi_headline_yoy_lag6,0.021385406148627547
SNB,gdp_growth,gdp_qoq,GDP (QoQ),ridge,producer_import_prices_mom_lag1,0.019302700192515
SNB,gdp_growth,gdp_qoq,GDP (QoQ),ridge,retail_sales_mom_lag1,0.018466055327346742
SNB,gdp_growth,gdp_qoq,GDP (QoQ),ridge,cpi_headline_mom_lag6,0.018226073202603565
SNB,gdp_growth,gdp_qoq,GDP (QoQ),ridge,retail_sales_mom_lag3,0.017676319223683894
SNB,gdp_growth,gdp_qoq,GDP (QoQ),ridge,cpi_headline_yoy_lag1,0.01747078155185954
SNB,gdp_growth,gdp_qoq,GDP (QoQ),ridge,producer_import_prices_mom_ma3,0.016866581899326154
SNB,gdp_growth,gdp_qoq,GDP (QoQ),ridge,retail_sales_yoy_ma3,0.014876454586853388
SNB,gdp_growth,gdp_qoq,GDP (QoQ),ridge,producer_import_prices_mom_lag3,0.01474046219332352
SNB,gdp_growth,gdp_qoq,GDP (QoQ),ridge,economic_sentiment_index_ma3,0.01314502658901902
SNB,gdp_growth,gdp_qoq,GDP (QoQ),ridge,cpi_headline_mom_lag1,0.013055962964660385
SNB,gdp_growth,gdp_qoq,GDP (QoQ),ridge,consumer_confidence_lag6,0.012758499539667937
SNB,gdp_growth,gdp_qoq,GDP (QoQ),ridge,cpi_headline_yoy_lag3,0.012625848955496606
SNB,gdp_growth,gdp_qoq,GDP (QoQ),ridge,consumer_confidence_lag3,0.011904394648906736
SNB,gdp_growth,gdp_qoq,GDP (QoQ),ridge,retail_sales_mom_lag6,0.010698320997934328
SNB,gdp_growth,gdp_qoq,GDP (QoQ),ridge,consumer_confidence_lag1,0.010605321246853325
SNB,gdp_growth,gdp_qoq,GDP (QoQ),ridge,unemployment_rate_lag3,0.010112487300948278
SNB,gdp_growth,gdp_qoq,GDP (QoQ),ridge,balance_of_trade_lag6,0.009865839709736991
SNB,gdp_growth,gdp_qoq,GDP (QoQ),ridge,retail_sales_yoy_lag6,0.009726860444650928
SNB,gdp_growth,gdp_qoq,GDP (QoQ),ridge,producer_import_prices_yoy_ma6,0.008803174974869096
SNB,gdp_growth,gdp_qoq,GDP (QoQ),ridge,balance_of_trade_lag1,0.008435976725195728
SNB,gdp_growth,gdp_qoq,GDP (QoQ),ridge,retail_sales_yoy_ma6,0.008127110055394298
SNB,gdp_growth,gdp_qoq,GDP (QoQ),ridge,retail_sales_yoy_lag1,0.008006504323248157
SNB,gdp_growth,gdp_qoq,GDP (QoQ),ridge,unemployment_rate_ma3,0.007496609021204786
SNB,gdp_growth,gdp_qoq,GDP (QoQ),ridge,consumer_confidence_ma6,0.006871906041524292
SNB,gdp_growth,gdp_qoq,GDP (QoQ),ridge,producer_import_prices_yoy_ma3,0.0066355176688526005
SNB,gdp_growth,gdp_qoq,GDP (QoQ),ridge,target_lag1,0.00653843581655551
SNB,gdp_growth,gdp_qoq,GDP (QoQ),ridge,economic_sentiment_index_lag6,0.005550126296880946
SNB,gdp_growth,gdp_qoq,GDP (QoQ),ridge,unemployment_rate_lag6,0.005379337178899784
SNB,gdp_growth,gdp_qoq,GDP (QoQ),ridge,retail_sales_yoy_lag3,0.005055047343073453
SNB,gdp_growth,gdp_qoq,GDP (QoQ),ridge,unemployment_rate_ma6,0.0042242196036779605
SNB,gdp_growth,gdp_qoq,GDP (QoQ),ridge,consumer_confidence_ma3,0.003613901855435747
SNB,gdp_growth,gdp_qoq,GDP (QoQ),ridge,retail_sales_mom_ma6,0.003482605449155716
SNB,gdp_growth,gdp_qoq,GDP (QoQ),ridge,cpi_headline_mom_lag3,0.002220838281840347
SNB,gdp_growth,gdp_qoq,GDP (QoQ),ridge,producer_import_prices_mom_lag6,0.0015098863865740876
SNB,gdp_growth,gdp_qoq,GDP (QoQ),ridge,balance_of_trade_lag3,0.0014361868373708349
SNB,gdp_growth,gdp_qoq,GDP (QoQ),ridge,economic_sentiment_index_ma6,0.0014128306201804325
SNB,gdp_growth,gdp_qoq,GDP (QoQ),ridge,cpi_headline_yoy_ma6,0.0006908220642363387
SNB,gdp_growth,gdp_qoq,GDP (QoQ),ridge,producer_import_prices_yoy_lag1,9.138605935634196e-06
SNB,gdp_growth,gdp_qoq,GDP (QoQ),ridge,m3_money_supply_lag1,0.0
SNB,gdp_growth,gdp_qoq,GDP (QoQ),ridge,m3_money_supply_lag3,0.0
SNB,gdp_growth,gdp_qoq,GDP (QoQ),ridge,m3_money_supply_lag6,0.0
SNB,gdp_growth,gdp_qoq,GDP (QoQ),ridge,m3_money_supply_ma3,0.0
SNB,gdp_growth,gdp_qoq,GDP (QoQ),ridge,m3_money_supply_ma6,0.0
SNB,gdp_growth,gdp_qoq,GDP (QoQ),random_forest,balance_of_trade_ma6,0.3273124019189008
SNB,gdp_growth,gdp_qoq,GDP (QoQ),random_forest,target_current,0.2646362147165462
SNB,gdp_growth,gdp_qoq,GDP (QoQ),random_forest,producer_import_prices_yoy_ma3,0.058295481225738126
SNB,gdp_growth,gdp_qoq,GDP (QoQ),random_forest,producer_import_prices_mom_ma6,0.05190536114012735
SNB,gdp_growth,gdp_qoq,GDP (QoQ),random_forest,target_lag1,0.03533147502872449
SNB,gdp_growth,gdp_qoq,GDP (QoQ),random_forest,retail_sales_mom_lag3,0.0323471304480564
SNB,gdp_growth,gdp_qoq,GDP (QoQ),random_forest,retail_sales_yoy_ma6,0.03132563290566836
SNB,gdp_growth,gdp_qoq,GDP (QoQ),random_forest,retail_sales_mom_ma3,0.019682497006287915
SNB,gdp_growth,gdp_qoq,GDP (QoQ),random_forest,producer_import_prices_yoy_lag1,0.01585799768286972
SNB,gdp_growth,gdp_qoq,GDP (QoQ),random_forest,unemployment_rate_lag3,0.014782018746453955
SNB,gdp_growth,gdp_qoq,GDP (QoQ),random_forest,cpi_headline_mom_ma3,0.013946697505129817
SNB,gdp_growth,gdp_qoq,GDP (QoQ),random_forest,cpi_headline_mom_ma6,0.013300503384286773
SNB,gdp_growth,gdp_qoq,GDP (QoQ),random_forest,cpi_headline_yoy_lag1,0.012042434990848614
SNB,gdp_growth,gdp_qoq,GDP (QoQ),random_forest,unemployment_rate_ma3,0.011971759160851692
SNB,gdp_growth,gdp_qoq,GDP (QoQ),random_forest,economic_sentiment_index_lag1,0.010722660200605088
SNB,gdp_growth,gdp_qoq,GDP (QoQ),random_forest,cpi_headline_mom_lag1,0.010193090701214087
SNB,gdp_growth,gdp_qoq,GDP (QoQ),random_forest,retail_sales_mom_lag1_x_retail_sales_mom_lag3,0.009222853970135364
SNB,gdp_growth,gdp_qoq,GDP (QoQ),random_forest,unemployment_rate_ma6,0.008845786217603058
SNB,gdp_growth,gdp_qoq,GDP (QoQ),random_forest,retail_sales_mom_lag1,0.007718493920674376
SNB,gdp_growth,gdp_qoq,GDP (QoQ),random_forest,target_ma3,0.0071116399286084465
SNB,gdp_growth,gdp_qoq,GDP (QoQ),random_forest,balance_of_trade_lag1,0.005361289701702687
SNB,gdp_growth,gdp_qoq,GDP (QoQ),random_forest,balance_of_trade_lag3,0.004760176621509763
SNB,gdp_growth,gdp_qoq,GDP (QoQ),random_forest,cpi_headline_yoy_ma3,0.004497428647996241
SNB,gdp_growth,gdp_qoq,GDP (QoQ),random_forest,producer_import_prices_yoy_lag6,0.0040701044842774235
SNB,gdp_growth,gdp_qoq,GDP (QoQ),random_forest,balance_of_trade_lag6,0.003493426231455597
SNB,gdp_growth,gdp_qoq,GDP (QoQ),random_forest,unemployment_rate_lag1,0.00347546523171453
SNB,gdp_growth,gdp_qoq,GDP (QoQ),random_forest,balance_of_trade_ma3,0.0028881882634968965
SNB,gdp_growth,gdp_qoq,GDP (QoQ),random_forest,economic_sentiment_index_ma3,0.002193423676130025
SNB,gdp_growth,gdp_qoq,GDP (QoQ),random_forest,economic_sentiment_index_lag3,0.002036086116929378
SNB,gdp_growth,gdp_qoq,GDP (QoQ),random_forest,retail_sales_yoy_ma3,0.0019086250821572187
SNB,gdp_growth,gdp_qoq,GDP (QoQ),random_forest,cpi_headline_yoy_lag3,0.0013233493870111154
SNB,gdp_growth,gdp_qoq,GDP (QoQ),random_forest,retail_sales_mom_ma6,0.0011026159424436502
SNB,gdp_growth,gdp_qoq,GDP (QoQ),random_forest,cpi_headline_yoy_ma6,0.001064632126170011
SNB,gdp_growth,gdp_qoq,GDP (QoQ),random_forest,cpi_headline_yoy_lag6,0.0007437812664106266
SNB,gdp_growth,gdp_qoq,GDP (QoQ),random_forest,producer_import_prices_mom_ma3,0.0006144472080032049
SNB,gdp_growth,gdp_qoq,GDP (QoQ),random_forest,economic_sentiment_index_ma6,0.0005093733051505958
SNB,gdp_growth,gdp_qoq,GDP (QoQ),random_forest,producer_import_prices_mom_lag1,0.00047199683863070413
SNB,gdp_growth,gdp_qoq,GDP (QoQ),random_forest,consumer_confidence_ma6,0.00040265624380773267
SNB,gdp_growth,gdp_qoq,GDP (QoQ),random_forest,retail_sales_yoy_lag1,0.0003327031462334318
SNB,gdp_growth,gdp_qoq,GDP (QoQ),random_forest,producer_import_prices_mom_lag6,0.0003024035698278028
SNB,gdp_growth,gdp_qoq,GDP (QoQ),random_forest,economic_sentiment_index_lag6,0.0003023159549585677
SNB,gdp_growth,gdp_qoq,GDP (QoQ),random_forest,consumer_confidence_lag3,0.00027970186575786523
SNB,gdp_growth,gdp_qoq,GDP (QoQ),random_forest,cpi_headline_mom_lag6,0.00027626966335023254
SNB,gdp_growth,gdp_qoq,GDP (QoQ),random_forest,producer_import_prices_yoy_lag3,0.00022694872213585798
SNB,gdp_growth,gdp_qoq,GDP (QoQ),random_forest,producer_import_prices_mom_lag3,0.00018165229849176418
SNB,gdp_growth,gdp_qoq,GDP (QoQ),random_forest,producer_import_prices_yoy_ma6,0.0001406849341090074
SNB,gdp_growth,gdp_qoq,GDP (QoQ),random_forest,retail_sales_yoy_lag6,0.00011978244805850975
SNB,gdp_growth,gdp_qoq,GDP (QoQ),random_forest,consumer_confidence_lag1,7.876871369814881e-05
SNB,gdp_growth,gdp_qoq,GDP (QoQ),random_forest,retail_sales_yoy_lag3,6.629784320869729e-05
SNB,gdp_growth,gdp_qoq,GDP (QoQ),random_forest,retail_sales_mom_lag6,6.472248903219903e-05
SNB,gdp_growth,gdp_qoq,GDP (QoQ),random_forest,consumer_confidence_lag6,5.738323453239745e-05
SNB,gdp_growth,gdp_qoq,GDP (QoQ),random_forest,unemployment_rate_lag6,5.3170816242930275e-05
SNB,gdp_growth,gdp_qoq,GDP (QoQ),random_forest,cpi_headline_mom_lag3,3.9034976559276186e-05
SNB,gdp_growth,gdp_qoq,GDP (QoQ),random_forest,consumer_confidence_ma3,8.962149475308655e-06
SNB,gdp_growth,gdp_qoq,GDP (QoQ),random_forest,m3_money_supply_lag1,0.0
SNB,gdp_growth,gdp_qoq,GDP (QoQ),random_forest,m3_money_supply_lag3,0.0
SNB,gdp_growth,gdp_qoq,GDP (QoQ),random_forest,m3_money_supply_lag6,0.0
SNB,gdp_growth,gdp_qoq,GDP (QoQ),random_forest,m3_money_supply_ma3,0.0
SNB,gdp_growth,gdp_qoq,GDP (QoQ),random_forest,m3_money_supply_ma6,0.0
SNB,unemployment,unemployment_rate,Unemployment Rate,ridge,target_current,0.0639990853184589
SNB,unemployment,unemployment_rate,Unemployment Rate,ridge,gdp_qoq_lag1,0.05342101164723501
SNB,unemployment,unemployment_rate,Unemployment Rate,ridge,cpi_headline_yoy_lag1_x_cpi_headline_yoy_lag3,0.053394347760675566
SNB,unemployment,unemployment_rate,Unemployment Rate,ridge,cpi_headline_yoy_lag6,0.04840773648952254
SNB,unemployment,unemployment_rate,Unemployment Rate,ridge,cpi_headline_yoy_lag1,0.044159072556615324
SNB,unemployment,unemployment_rate,Unemployment Rate,ridge,gdp_qoq_ma6,0.042901297157806016
SNB,unemployment,unemployment_rate,Unemployment Rate,ridge,retail_sales_mom_ma3,0.04006338814323336
SNB,unemployment,unemployment_rate,Unemployment Rate,ridge,economic_sentiment_index_lag3,0.0364543735804297
SNB,unemployment,unemployment_rate,Unemployment Rate,ridge,cpi_headline_mom_ma3,0.03430570083850155
SNB,unemployment,unemployment_rate,Unemployment Rate,ridge,cpi_headline_yoy_ma6,0.03277068675866208
SNB,unemployment,unemployment_rate,Unemployment Rate,ridge,cpi_headline_mom_lag1,0.029585801214010537
SNB,unemployment,unemployment_rate,Unemployment Rate,ridge,economic_sentiment_index_lag1,0.029137026936401054
SNB,unemployment,unemployment_rate,Unemployment Rate,ridge,producer_import_prices_mom_lag1,0.026163128743436778
SNB,unemployment,unemployment_rate,Unemployment Rate,ridge,producer_import_prices_mom_ma6,0.0235327996648385
SNB,unemployment,unemployment_rate,Unemployment Rate,ridge,target_ma3,0.02289277411010043
SNB,unemployment,unemployment_rate,Unemployment Rate,ridge,cpi_headline_mom_ma6,0.022127595012254243
SNB,unemployment,unemployment_rate,Unemployment Rate,ridge,producer_import_prices_yoy_lag1,0.021131529978188145
SNB,unemployment,unemployment_rate,Unemployment Rate,ridge,cpi_headline_mom_lag3,0.020922879958556774
SNB,unemployment,unemployment_rate,Unemployment Rate,ridge,cpi_headline_yoy_ma3,0.02079380316516384
SNB,unemployment,unemployment_rate,Unemployment Rate,ridge,target_lag1,0.019944009730951784
SNB,unemployment,unemployment_rate,Unemployment Rate,ridge,cpi_headline_yoy_lag3,0.019678297533769432
SNB,unemployment,unemployment_rate,Unemployment Rate,ridge,retail_sales_yoy_ma6,0.01756408432081985
SNB,unemployment,unemployment_rate,Unemployment Rate,ridge,economic_sentiment_index_ma6,0.017404632597988193
SNB,unemployment,unemployment_rate,Unemployment Rate,ridge,producer_import_prices_yoy_ma3,0.016299909807636518
SNB,unemployment,unemployment_rate,Unemployment Rate,ridge,gdp_qoq_ma3,0.01615100019207095
SNB,unemployment,unemployment_rate,Unemployment Rate,ridge,balance_of_trade_ma3,0.01571198364210477
SNB,unemployment,unemployment_rate,Unemployment Rate,ridge,producer_import_prices_mom_lag3,0.014960190443952137
SNB,unemployment,unemployment_rate,Unemployment Rate,ridge,retail_sales_yoy_lag3,0.014930411530990893
SNB,unemployment,unemployment_rate,Unemployment Rate,ridge,producer_import_prices_yoy_lag6,0.014580973952029288
SNB,unemployment,unemployment_rate,Unemployment Rate,ridge,retail_sales_mom_lag1,0.014508683447038958
SNB,unemployment,unemployment_rate,Unemployment Rate,ridge,gdp_qoq_lag6,0.013983767054016879
SNB,unemployment,unemployment_rate,Unemployment Rate,ridge,retail_sales_yoy_lag6,0.013869448997049911
SNB,unemployment,unemployment_rate,Unemployment Rate,ridge,retail_sales_mom_ma6,0.011821810460462044
SNB,unemployment,unemployment_rate,Unemployment Rate,ridge,retail_sales_yoy_ma3,0.011787136024446266
SNB,unemployment,unemployment_rate,Unemployment Rate,ridge,consumer_confidence_lag6,0.010842818401318585
SNB,unemployment,unemployment_rate,Unemployment Rate,ridge,cpi_headline_mom_lag6,0.010831358638135393
SNB,unemployment,unemployment_rate,Unemployment Rate,ridge,balance_of_trade_lag1,0.008125788953290983
SNB,unemployment,unemployment_rate,Unemployment Rate,ridge,consumer_confidence_lag1,0.007880900151384335
SNB,unemployment,unemployment_rate,Unemployment Rate,ridge,producer_import_prices_mom_lag6,0.007127125973109255
SNB,unemployment,unemployment_rate,Unemployment Rate,ridge,balance_of_trade_ma6,0.0065052900039984365
SNB,unemployment,unemployment_rate,Unemployment Rate,ridge,producer_import_prices_mom_ma3,0.006371625703676289
SNB,unemployment,unemployment_rate,Unemployment Rate,ridge,retail_sales_mom_lag6,0.005773732507436398
SNB,unemployment,unemployment_rate,Unemployment Rate,ridge,gdp_qoq_lag3,0.005172218873273902
SNB,unemployment,unemployment_rate,Unemployment Rate,ridge,retail_sales_mom_lag3,0.0051649530199551815
SNB,unemployment,unemployment_rate,Unemployment Rate,ridge,balance_of_trade_lag3,0.005078103945737677
SNB,unemployment,unemployment_rate,Unemployment Rate,ridge,economic_sentiment_index_ma3,0.0044374310210665785
SNB,unemployment,unemployment_rate,Unemployment Rate,ridge,producer_import_prices_yoy_lag3,0.004351205763894679
SNB,unemployment,unemployment_rate,Unemployment Rate,ridge,retail_sales_yoy_lag1,0.004316827956187105
SNB,unemployment,unemployment_rate,Unemployment Rate,ridge,balance_of_trade_lag6,0.0032499780370740844
SNB,unemployment,unemployment_rate,Unemployment Rate,ridge,consumer_confidence_lag3,0.00181208066964046
SNB,unemployment,unemployment_rate,Unemployment Rate,ridge,economic_sentiment_index_lag6,0.001550884257902306
SNB,unemployment,unemployment_rate,Unemployment Rate,ridge,producer_import_prices_yoy_ma6,0.0010541525038160226
SNB,unemployment,unemployment_rate,Unemployment Rate,ridge,consumer_confidence_ma6,0.0009817696963907653
SNB,unemployment,unemployment_rate,Unemployment Rate,ridge,consumer_confidence_ma3,1.137515329327007e-05
SNB,unemployment,unemployment_rate,Unemployment Rate,ridge,m3_money_supply_lag1,0.0
SNB,unemployment,unemployment_rate,Unemployment Rate,ridge,m3_money_supply_lag3,0.0
SNB,unemployment,unemployment_rate,Unemployment Rate,ridge,m3_money_supply_lag6,0.0
SNB,unemployment,unemployment_rate,Unemployment Rate,ridge,m3_money_supply_ma3,0.0
SNB,unemployment,unemployment_rate,Unemployment Rate,ridge,m3_money_supply_ma6,0.0
SNB,unemployment,unemployment_rate,Unemployment Rate,random_forest,cpi_headline_yoy_lag3,0.2763586637118418
SNB,unemployment,unemployment_rate,Unemployment Rate,random_forest,cpi_headline_yoy_ma6,0.19941478274197177
SNB,unemployment,unemployment_rate,Unemployment Rate,random_forest,target_current,0.1325706753599772
SNB,unemployment,unemployment_rate,Unemployment Rate,random_forest,cpi_headline_yoy_ma3,0.11214215414713698
SNB,unemployment,unemployment_rate,Unemployment Rate,random_forest,cpi_headline_yoy_lag1,0.10530142246592025
SNB,unemployment,unemployment_rate,Unemployment Rate,random_forest,target_lag1,0.04605249005588557
SNB,unemployment,unemployment_rate,Unemployment Rate,random_forest,producer_import_prices_yoy_ma6,0.0140271565348044
SNB,unemployment,unemployment_rate,Unemployment Rate,random_forest,producer_import_prices_yoy_lag6,0.013214146868826849
SNB,unemployment,unemployment_rate,Unemployment Rate,random_forest,target_ma3,0.012480967464589826
SNB,unemployment,unemployment_rate,Unemployment Rate,random_forest,producer_import_prices_yoy_ma3,0.009181745009952766
SNB,unemployment,unemployment_rate,Unemployment Rate,random_forest,economic_sentiment_index_lag1,0.009148521104612204
SNB,unemployment,unemployment_rate,Unemployment Rate,random_forest,producer_import_prices_yoy_lag3,0.008051998735460149
SNB,unemployment,unemployment_rate,Unemployment Rate,random_forest,consumer_confidence_lag1,0.006851212673108437
SNB,unemployment,unemployment_rate,Unemployment Rate,random_forest,consumer_confidence_ma3,0.006154191595727688
SNB,unemployment,unemployment_rate,Unemployment Rate,random_forest,cpi_headline_mom_ma6,0.004971400414231726
SNB,unemployment,unemployment_rate,Unemployment Rate,random_forest,producer_import_prices_yoy_lag1,0.0043787700361401696
SNB,unemployment,unemployment_rate,Unemployment Rate,random_forest,gdp_qoq_lag3,0.004119141597748299
SNB,unemployment,unemployment_rate,Unemployment Rate,random_forest,cpi_headline_mom_ma3,0.0029297539988943568
SNB,unemployment,unemployment_rate,Unemployment Rate,random_forest,consumer_confidence_lag3,0.002737678501313948
SNB,unemployment,unemployment_rate,Unemployment Rate,random_forest,cpi_headline_mom_lag3,0.002683170497983594
SNB,unemployment,unemployment_rate,Unemployment Rate,random_forest,retail_sales_yoy_ma6,0.002287660583886405
SNB,unemployment,unemployment_rate,Unemployment Rate,random_forest,gdp_qoq_ma6,0.002237778687257869
SNB,unemployment,unemployment_rate,Unemployment Rate,random_forest,economic_sentiment_index_lag3,0.0021709035268676425
SNB,unemployment,unemployment_rate,Unemployment Rate,random_forest,cpi_headline_yoy_lag1_x_cpi_headline_yoy_lag3,0.0020410404792218628
SNB,unemployment,unemployment_rate,Unemployment Rate,random_forest,economic_sentiment_index_lag6,0.0017805739325050243
SNB,unemployment,unemployment_rate,Unemployment Rate,random_forest,consumer_confidence_ma6,0.0013397294884423463
SNB,unemployment,unemployment_rate,Unemployment Rate,random_forest,cpi_headline_yoy_lag6,0.0013235155789170442
SNB,unemployment,unemployment_rate,Unemployment Rate,random_forest,retail_sales_mom_ma3,0.0012364375175942857
SNB,unemployment,unemployment_rate,Unemployment Rate,random_forest,retail_sales_mom_lag1,0.0011683321537689572
SNB,unemployment,unemployment_rate,Unemployment Rate,random_forest,gdp_qoq_lag6,0.001108329503205628
SNB,unemployment,unemployment_rate,Unemployment Rate,random_forest,retail_sales_mom_ma6,0.0010636003748673477
SNB,unemployment,unemployment_rate,Unemployment Rate,random_forest,balance_of_trade_ma6,0.0009712363434184888
SNB,unemployment,unemployment_rate,Unemployment Rate,random_forest,economic_sentiment_index_ma6,0.0007049372915928286
SNB,unemployment,unemployment_rate,Unemployment Rate,random_forest,retail_sales_yoy_ma3,0.000635639835158292
SNB,unemployment,unemployment_rate,Unemployment Rate,random_forest,producer_import_prices_mom_ma3,0.000601512138953336
SNB,unemployment,unemployment_rate,Unemployment Rate,random_forest,balance_of_trade_lag1,0.0005894727064114334
SNB,unemployment,unemployment_rate,Unemployment Rate,random_forest,cpi_headline_mom_lag1,0.0005320552704008064
SNB,unemployment,unemployment_rate,Unemployment Rate,random_forest,retail_sales_yoy_lag6,0.0005175932144082997
SNB,unemployment,unemployment_rate,Unemployment Rate,random_forest,economic_sentiment_index_ma3,0.0004628011990829647
SNB,unemployment,unemployment_rate,Unemployment Rate,random_forest,cpi_headline_mom_lag6,0.000440671347314722
SNB,unemployment,unemployment_rate,Unemployment Rate,random_forest,retail_sales_yoy_lag1,0.0004160278423320308
SNB,unemployment,unemployment_rate,Unemployment Rate,random_forest,producer_import_prices_mom_ma6,0.00039881346275551493
SNB,unemployment,unemployment_rate,Unemployment Rate,random_forest,producer_import_prices_mom_lag1,0.0003875004446152751
SNB,unemployment,unemployment_rate,Unemployment Rate,random_forest,retail_sales_mom_lag6,0.00036328662775254617
SNB,unemployment,unemployment_rate,Unemployment Rate,random_forest,retail_sales_yoy_lag3,0.000360794553311755
SNB,unemployment,unemployment_rate,Unemployment Rate,random_forest,producer_import_prices_mom_lag6,0.0003203186234940512
SNB,unemployment,unemployment_rate,Unemployment Rate,random_forest,gdp_qoq_lag1,0.0003070393330587425
SNB,unemployment,unemployment_rate,Unemployment Rate,random_forest,retail_sales_mom_lag3,0.00029366680056825496
SNB,unemployment,unemployment_rate,Unemployment Rate,random_forest,balance_of_trade_ma3,0.00024784948856837864
SNB,unemployment,unemployment_rate,Unemployment Rate,random_forest,producer_import_prices_mom_lag3,0.00024290575181782817
SNB,unemployment,unemployment_rate,Unemployment Rate,random_forest,balance_of_trade_lag6,0.00024071876113029855
SNB,unemployment,unemployment_rate,Unemployment Rate,random_forest,balance_of_trade_lag3,0.00023044672075256265
SNB,unemployment,unemployment_rate,Unemployment Rate,random_forest,gdp_qoq_ma3,0.0001860593483169676
SNB,unemployment,unemployment_rate,Unemployment Rate,random_forest,consumer_confidence_lag6,2.070755212212005e-05
SNB,unemployment,unemployment_rate,Unemployment Rate,random_forest,m3_money_supply_lag1,0.0
SNB,unemployment,unemployment_rate,Unemployment Rate,random_forest,m3_money_supply_lag3,0.0
SNB,unemployment,unemployment_rate,Unemployment Rate,random_forest,m3_money_supply_lag6,0.0
SNB,unemployment,unemployment_rate,Unemployment Rate,random_forest,m3_money_supply_ma3,0.0
SNB,unemployment,unemployment_rate,Unemployment Rate,random_forest,m3_money_supply_ma6,0.0
