central_bank_code,target_family,target_indicator_key,target_indicator,model,split,feature_date,forecast_horizon_periods,actual,prediction,error
BOC,inflation,core_cpi_yoy,Core CPI (YoY),persistence_baseline,validation,2024-04-01,1,-0.7337964791702992,-0.866736961689829,0.13294048251952983
BOC,inflation,core_cpi_yoy,Core CPI (YoY),persistence_baseline,validation,2024-05-01,1,-0.6673262379105345,-0.7337964791702992,0.06647024125976475
BOC,inflation,core_cpi_yoy,Core CPI (YoY),persistence_baseline,validation,2024-06-01,1,-0.8002667204300642,-0.6673262379105345,-0.13294048251952972
BOC,inflation,core_cpi_yoy,Core CPI (YoY),persistence_baseline,validation,2024-07-01,1,-0.933207202949594,-0.8002667204300642,-0.13294048251952983
BOC,inflation,core_cpi_yoy,Core CPI (YoY),persistence_baseline,validation,2024-08-01,1,-0.866736961689829,-0.933207202949594,0.06647024125976497
BOC,inflation,core_cpi_yoy,Core CPI (YoY),persistence_baseline,validation,2024-09-01,1,-0.8002667204300642,-0.866736961689829,0.06647024125976486
BOC,inflation,core_cpi_yoy,Core CPI (YoY),persistence_baseline,validation,2024-10-01,1,-0.866736961689829,-0.8002667204300642,-0.06647024125976486
BOC,inflation,core_cpi_yoy,Core CPI (YoY),persistence_baseline,validation,2024-11-01,1,-0.7337964791702992,-0.866736961689829,0.13294048251952983
BOC,inflation,core_cpi_yoy,Core CPI (YoY),persistence_baseline,validation,2024-12-01,1,-0.5343857553910045,-0.7337964791702992,0.1994107237792947
BOC,inflation,core_cpi_yoy,Core CPI (YoY),persistence_baseline,validation,2025-01-01,1,-0.135564307832415,-0.5343857553910045,0.3988214475585895
BOC,inflation,core_cpi_yoy,Core CPI (YoY),persistence_baseline,validation,2025-02-01,1,-0.4679155141312395,-0.135564307832415,-0.33235120629882453
BOC,inflation,core_cpi_yoy,Core CPI (YoY),persistence_baseline,validation,2025-03-01,1,-0.2685047903519449,-0.4679155141312395,0.19941072377929459
BOC,inflation,core_cpi_yoy,Core CPI (YoY),persistence_baseline,test,2025-04-01,1,-0.2685047903519449,-0.2685047903519449,0.0
BOC,inflation,core_cpi_yoy,Core CPI (YoY),persistence_baseline,test,2025-05-01,1,-0.135564307832415,-0.2685047903519449,0.13294048251952992
BOC,inflation,core_cpi_yoy,Core CPI (YoY),persistence_baseline,test,2025-06-01,1,-0.2020345490921799,-0.135564307832415,-0.06647024125976492
BOC,inflation,core_cpi_yoy,Core CPI (YoY),persistence_baseline,test,2025-07-01,1,-0.2020345490921799,-0.2020345490921799,0.0
BOC,inflation,core_cpi_yoy,Core CPI (YoY),persistence_baseline,test,2025-08-01,1,-0.0690940665726503,-0.2020345490921799,0.1329404825195296
BOC,inflation,core_cpi_yoy,Core CPI (YoY),persistence_baseline,test,2025-09-01,1,-0.0026238253128853,-0.0690940665726503,0.066470241259765
BOC,inflation,core_cpi_yoy,Core CPI (YoY),persistence_baseline,test,2025-10-01,1,-0.0026238253128853,-0.0026238253128853,0.0
BOC,inflation,core_cpi_yoy,Core CPI (YoY),persistence_baseline,test,2025-11-01,1,-0.0690940665726503,-0.0026238253128853,-0.066470241259765
BOC,inflation,core_cpi_yoy,Core CPI (YoY),persistence_baseline,test,2025-12-01,1,-0.2020345490921799,-0.0690940665726503,-0.1329404825195296
BOC,inflation,core_cpi_yoy,Core CPI (YoY),persistence_baseline,test,2026-01-01,1,-0.4014452728714748,-0.2020345490921799,-0.1994107237792949
BOC,inflation,core_cpi_yoy,Core CPI (YoY),persistence_baseline,test,2026-02-01,1,-0.2685047903519449,-0.4014452728714748,0.1329404825195299
BOC,inflation,core_cpi_yoy,Core CPI (YoY),persistence_baseline,test,2026-03-01,1,-0.2685047903519449,-0.2685047903519449,0.0
BOC,inflation,core_cpi_yoy,Core CPI (YoY),ridge,validation,2024-04-01,1,-0.7337964791702992,-0.48339938662372295,-0.25039709254657627
BOC,inflation,core_cpi_yoy,Core CPI (YoY),ridge,validation,2024-05-01,1,-0.6673262379105345,-0.13423817522342715,-0.5330880626871073
BOC,inflation,core_cpi_yoy,Core CPI (YoY),ridge,validation,2024-06-01,1,-0.8002667204300642,-0.05127153853836322,-0.748995181891701
BOC,inflation,core_cpi_yoy,Core CPI (YoY),ridge,validation,2024-07-01,1,-0.933207202949594,-0.39202451067282296,-0.5411826922767711
BOC,inflation,core_cpi_yoy,Core CPI (YoY),ridge,validation,2024-08-01,1,-0.866736961689829,-0.288222510677572,-0.5785144510122571
BOC,inflation,core_cpi_yoy,Core CPI (YoY),ridge,validation,2024-09-01,1,-0.8002667204300642,-0.37967465028799574,-0.42059207014206845
BOC,inflation,core_cpi_yoy,Core CPI (YoY),ridge,validation,2024-10-01,1,-0.866736961689829,-0.539616683317475,-0.327120278372354
BOC,inflation,core_cpi_yoy,Core CPI (YoY),ridge,validation,2024-11-01,1,-0.7337964791702992,-0.5287415050628494,-0.20505497410744977
BOC,inflation,core_cpi_yoy,Core CPI (YoY),ridge,validation,2024-12-01,1,-0.5343857553910045,-0.7628252330859273,0.2284394776949228
BOC,inflation,core_cpi_yoy,Core CPI (YoY),ridge,validation,2025-01-01,1,-0.135564307832415,-0.6505296486788603,0.5149653408464453
BOC,inflation,core_cpi_yoy,Core CPI (YoY),ridge,validation,2025-02-01,1,-0.4679155141312395,-0.5656785292007723,0.09776301506953283
BOC,inflation,core_cpi_yoy,Core CPI (YoY),ridge,validation,2025-03-01,1,-0.2685047903519449,0.081323085477192,-0.3498278758291369
BOC,inflation,core_cpi_yoy,Core CPI (YoY),ridge,test,2025-04-01,1,-0.2685047903519449,0.4701661845029408,-0.7386709748548856
BOC,inflation,core_cpi_yoy,Core CPI (YoY),ridge,test,2025-05-01,1,-0.135564307832415,0.549007221636006,-0.684571529468421
BOC,inflation,core_cpi_yoy,Core CPI (YoY),ridge,test,2025-06-01,1,-0.2020345490921799,0.11050079754189678,-0.31253534663407667
BOC,inflation,core_cpi_yoy,Core CPI (YoY),ridge,test,2025-07-01,1,-0.2020345490921799,-0.2615901932685456,0.05955564417636569
BOC,inflation,core_cpi_yoy,Core CPI (YoY),ridge,test,2025-08-01,1,-0.0690940665726503,0.09003025889925029,-0.15912432547190059
BOC,inflation,core_cpi_yoy,Core CPI (YoY),ridge,test,2025-09-01,1,-0.0026238253128853,-0.019935308280147557,0.017311482967262256
BOC,inflation,core_cpi_yoy,Core CPI (YoY),ridge,test,2025-10-01,1,-0.0026238253128853,-0.15578522910708856,0.15316140379420326
BOC,inflation,core_cpi_yoy,Core CPI (YoY),ridge,test,2025-11-01,1,-0.0690940665726503,-0.01567061924031568,-0.05342344733233462
BOC,inflation,core_cpi_yoy,Core CPI (YoY),ridge,test,2025-12-01,1,-0.2020345490921799,0.14387072792528185,-0.34590527701746177
BOC,inflation,core_cpi_yoy,Core CPI (YoY),ridge,test,2026-01-01,1,-0.4014452728714748,-0.11765563364070011,-0.2837896392307747
BOC,inflation,core_cpi_yoy,Core CPI (YoY),ridge,test,2026-02-01,1,-0.2685047903519449,0.15238131894102025,-0.42088610929296516
BOC,inflation,core_cpi_yoy,Core CPI (YoY),ridge,test,2026-03-01,1,-0.2685047903519449,0.3085363678358689,-0.5770411581878139
BOC,inflation,core_cpi_yoy,Core CPI (YoY),random_forest,validation,2024-04-01,1,-0.7337964791702992,-0.7139404396730156,-0.01985603949728365
BOC,inflation,core_cpi_yoy,Core CPI (YoY),random_forest,validation,2024-05-01,1,-0.6673262379105345,-0.6567267882105162,-0.010599449700018249
BOC,inflation,core_cpi_yoy,Core CPI (YoY),random_forest,validation,2024-06-01,1,-0.8002667204300642,-0.6433793383614181,-0.15688738206864605
BOC,inflation,core_cpi_yoy,Core CPI (YoY),random_forest,validation,2024-07-01,1,-0.933207202949594,-0.6798993793574404,-0.25330782359215365
BOC,inflation,core_cpi_yoy,Core CPI (YoY),random_forest,validation,2024-08-01,1,-0.866736961689829,-0.6642520999253327,-0.20248486176449632
BOC,inflation,core_cpi_yoy,Core CPI (YoY),random_forest,validation,2024-09-01,1,-0.8002667204300642,-0.6822921761573929,-0.11797454427267129
BOC,inflation,core_cpi_yoy,Core CPI (YoY),random_forest,validation,2024-10-01,1,-0.866736961689829,-0.7345608537428677,-0.13217610794696133
BOC,inflation,core_cpi_yoy,Core CPI (YoY),random_forest,validation,2024-11-01,1,-0.7337964791702992,-0.7371748223574877,0.0033783431871884373
BOC,inflation,core_cpi_yoy,Core CPI (YoY),random_forest,validation,2024-12-01,1,-0.5343857553910045,-0.7375553117345401,0.20316955634353562
BOC,inflation,core_cpi_yoy,Core CPI (YoY),random_forest,validation,2025-01-01,1,-0.135564307832415,-0.5896653194619856,0.4541010116295706
BOC,inflation,core_cpi_yoy,Core CPI (YoY),random_forest,validation,2025-02-01,1,-0.4679155141312395,-0.21523940961227073,-0.25267610451896877
BOC,inflation,core_cpi_yoy,Core CPI (YoY),random_forest,validation,2025-03-01,1,-0.2685047903519449,-0.492386936669879,0.22388214631793407
BOC,inflation,core_cpi_yoy,Core CPI (YoY),random_forest,test,2025-04-01,1,-0.2685047903519449,-0.23880922205872693,-0.029695568293217983
BOC,inflation,core_cpi_yoy,Core CPI (YoY),random_forest,test,2025-05-01,1,-0.135564307832415,-0.14880441495604418,0.013240107123629191
BOC,inflation,core_cpi_yoy,Core CPI (YoY),random_forest,test,2025-06-01,1,-0.2020345490921799,-0.03950247469925364,-0.16253207439292627
BOC,inflation,core_cpi_yoy,Core CPI (YoY),random_forest,test,2025-07-01,1,-0.2020345490921799,-0.072994903743219,-0.1290396453489609
BOC,inflation,core_cpi_yoy,Core CPI (YoY),random_forest,test,2025-08-01,1,-0.0690940665726503,-0.05958097166327965,-0.009513094909370648
BOC,inflation,core_cpi_yoy,Core CPI (YoY),random_forest,test,2025-09-01,1,-0.0026238253128853,-0.0791446839449952,0.0765208586321099
BOC,inflation,core_cpi_yoy,Core CPI (YoY),random_forest,test,2025-10-01,1,-0.0026238253128853,-0.09768410227806278,0.09506027696517748
BOC,inflation,core_cpi_yoy,Core CPI (YoY),random_forest,test,2025-11-01,1,-0.0690940665726503,-0.21461897273551928,0.14552490616286898
BOC,inflation,core_cpi_yoy,Core CPI (YoY),random_forest,test,2025-12-01,1,-0.2020345490921799,-0.023693359892592473,-0.17834118919958744
BOC,inflation,core_cpi_yoy,Core CPI (YoY),random_forest,test,2026-01-01,1,-0.4014452728714748,-0.036875617284244905,-0.36456965558722987
BOC,inflation,core_cpi_yoy,Core CPI (YoY),random_forest,test,2026-02-01,1,-0.2685047903519449,-0.1657787520221496,-0.10272603832979532
BOC,inflation,core_cpi_yoy,Core CPI (YoY),random_forest,test,2026-03-01,1,-0.2685047903519449,-0.1429352776612762,-0.1255695126906687
BOC,inflation,core_cpi_yoy,Core CPI (YoY),hist_gradient_boosting,validation,2024-04-01,1,-0.7337964791702992,-0.8266967828752856,0.09290030370498636
BOC,inflation,core_cpi_yoy,Core CPI (YoY),hist_gradient_boosting,validation,2024-05-01,1,-0.6673262379105345,-0.6119864402607691,-0.055339797649765377
BOC,inflation,core_cpi_yoy,Core CPI (YoY),hist_gradient_boosting,validation,2024-06-01,1,-0.8002667204300642,-0.6581394101238849,-0.1421273103061793
BOC,inflation,core_cpi_yoy,Core CPI (YoY),hist_gradient_boosting,validation,2024-07-01,1,-0.933207202949594,-0.715635552310941,-0.21757165063865302
BOC,inflation,core_cpi_yoy,Core CPI (YoY),hist_gradient_boosting,validation,2024-08-01,1,-0.866736961689829,-0.7298489200171258,-0.1368880416727033
BOC,inflation,core_cpi_yoy,Core CPI (YoY),hist_gradient_boosting,validation,2024-09-01,1,-0.8002667204300642,-0.7298489200171258,-0.07041780041293844
BOC,inflation,core_cpi_yoy,Core CPI (YoY),hist_gradient_boosting,validation,2024-10-01,1,-0.866736961689829,-0.8963263361696145,0.02958937447978549
BOC,inflation,core_cpi_yoy,Core CPI (YoY),hist_gradient_boosting,validation,2024-11-01,1,-0.7337964791702992,-0.8899083755501586,0.15611189637985934
BOC,inflation,core_cpi_yoy,Core CPI (YoY),hist_gradient_boosting,validation,2024-12-01,1,-0.5343857553910045,-0.8899083755501586,0.35552262015915403
BOC,inflation,core_cpi_yoy,Core CPI (YoY),hist_gradient_boosting,validation,2025-01-01,1,-0.135564307832415,-0.746172117614931,0.6106078097825159
BOC,inflation,core_cpi_yoy,Core CPI (YoY),hist_gradient_boosting,validation,2025-02-01,1,-0.4679155141312395,-0.411794560353417,-0.0561209537778225
BOC,inflation,core_cpi_yoy,Core CPI (YoY),hist_gradient_boosting,validation,2025-03-01,1,-0.2685047903519449,-0.6640863637743752,0.39558157342243033
BOC,inflation,core_cpi_yoy,Core CPI (YoY),hist_gradient_boosting,test,2025-04-01,1,-0.2685047903519449,-0.6323123849837329,0.36380759463178797
BOC,inflation,core_cpi_yoy,Core CPI (YoY),hist_gradient_boosting,test,2025-05-01,1,-0.135564307832415,-0.7390818782002835,0.6035175703678685
BOC,inflation,core_cpi_yoy,Core CPI (YoY),hist_gradient_boosting,test,2025-06-01,1,-0.2020345490921799,-0.46617172850632604,0.26413717941414616
BOC,inflation,core_cpi_yoy,Core CPI (YoY),hist_gradient_boosting,test,2025-07-01,1,-0.2020345490921799,-0.5988639005253179,0.396829351433138
BOC,inflation,core_cpi_yoy,Core CPI (YoY),hist_gradient_boosting,test,2025-08-01,1,-0.0690940665726503,-0.619792114856777,0.5506980482841267
BOC,inflation,core_cpi_yoy,Core CPI (YoY),hist_gradient_boosting,test,2025-09-01,1,-0.0026238253128853,-0.5940183580389722,0.5913945327260869
BOC,inflation,core_cpi_yoy,Core CPI (YoY),hist_gradient_boosting,test,2025-10-01,1,-0.0026238253128853,-0.46617172850632604,0.46354790319344075
BOC,inflation,core_cpi_yoy,Core CPI (YoY),hist_gradient_boosting,test,2025-11-01,1,-0.0690940665726503,-0.43247328115151484,0.3633792145788646
BOC,inflation,core_cpi_yoy,Core CPI (YoY),hist_gradient_boosting,test,2025-12-01,1,-0.2020345490921799,-0.4264834194843502,0.2244488703921703
BOC,inflation,core_cpi_yoy,Core CPI (YoY),hist_gradient_boosting,test,2026-01-01,1,-0.4014452728714748,-0.5648085126767072,0.16336323980523237
BOC,inflation,core_cpi_yoy,Core CPI (YoY),hist_gradient_boosting,test,2026-02-01,1,-0.2685047903519449,-0.7184635319272843,0.4499587415753394
BOC,inflation,core_cpi_yoy,Core CPI (YoY),hist_gradient_boosting,test,2026-03-01,1,-0.2685047903519449,-0.7337588250853784,0.46525403473343346
BOC,gdp_growth,gdp_mom,GDP (MoM),persistence_baseline,validation,2024-04-01,1,0.0324485182011841,0.0836450691408301,-0.051196550939646
BOC,gdp_growth,gdp_mom,GDP (MoM),persistence_baseline,validation,2024-05-01,1,-0.0187480327384619,0.0324485182011841,-0.051196550939646
BOC,gdp_growth,gdp_mom,GDP (MoM),persistence_baseline,validation,2024-06-01,1,0.0324485182011841,-0.0187480327384619,0.051196550939646
BOC,gdp_growth,gdp_mom,GDP (MoM),persistence_baseline,validation,2024-07-01,1,0.0068502427313611,0.0324485182011841,-0.025598275469823
BOC,gdp_growth,gdp_mom,GDP (MoM),persistence_baseline,validation,2024-08-01,1,-0.0187480327384619,0.0068502427313611,-0.025598275469823
BOC,gdp_growth,gdp_mom,GDP (MoM),persistence_baseline,validation,2024-09-01,1,0.0836450691408301,-0.0187480327384619,0.102393101879292
BOC,gdp_growth,gdp_mom,GDP (MoM),persistence_baseline,validation,2024-10-01,1,-0.1723376855573999,0.0836450691408301,-0.25598275469823
BOC,gdp_growth,gdp_mom,GDP (MoM),persistence_baseline,validation,2024-11-01,1,0.0324485182011841,-0.1723376855573999,0.204786203758584
BOC,gdp_growth,gdp_mom,GDP (MoM),persistence_baseline,validation,2024-12-01,1,0.1348416200804761,0.0324485182011841,0.10239310187929199
BOC,gdp_growth,gdp_mom,GDP (MoM),persistence_baseline,validation,2025-01-01,1,-0.1723376855573999,0.1348416200804761,-0.307179305637876
BOC,gdp_growth,gdp_mom,GDP (MoM),persistence_baseline,validation,2025-02-01,1,-0.0187480327384619,-0.1723376855573999,0.153589652818938
BOC,gdp_growth,gdp_mom,GDP (MoM),persistence_baseline,validation,2025-03-01,1,-0.1211411346177539,-0.0187480327384619,-0.102393101879292
BOC,gdp_growth,gdp_mom,GDP (MoM),persistence_baseline,test,2025-04-01,1,-0.1211411346177539,-0.1211411346177539,0.0
BOC,gdp_growth,gdp_mom,GDP (MoM),persistence_baseline,test,2025-05-01,1,-0.1211411346177539,-0.1211411346177539,0.0
BOC,gdp_growth,gdp_mom,GDP (MoM),persistence_baseline,test,2025-06-01,1,0.0324485182011841,-0.1211411346177539,0.153589652818938
BOC,gdp_growth,gdp_mom,GDP (MoM),persistence_baseline,test,2025-07-01,1,-0.223534236497046,0.0324485182011841,-0.2559827546982301
BOC,gdp_growth,gdp_mom,GDP (MoM),persistence_baseline,test,2025-08-01,1,0.0324485182011841,-0.223534236497046,0.2559827546982301
BOC,gdp_growth,gdp_mom,GDP (MoM),persistence_baseline,test,2025-09-01,1,-0.223534236497046,0.0324485182011841,-0.2559827546982301
BOC,gdp_growth,gdp_mom,GDP (MoM),persistence_baseline,test,2025-10-01,1,-0.0187480327384619,-0.223534236497046,0.2047862037585841
BOC,gdp_growth,gdp_mom,GDP (MoM),persistence_baseline,test,2025-11-01,1,0.0324485182011841,-0.0187480327384619,0.051196550939646
BOC,gdp_growth,gdp_mom,GDP (MoM),persistence_baseline,test,2025-12-01,1,-0.0187480327384619,0.0324485182011841,-0.051196550939646
BOC,gdp_growth,gdp_mom,GDP (MoM),persistence_baseline,test,2026-01-01,1,0.0324485182011841,-0.0187480327384619,0.051196550939646
BOC,gdp_growth,gdp_mom,GDP (MoM),persistence_baseline,test,2026-02-01,1,0.0324485182011841,0.0324485182011841,0.0
BOC,gdp_growth,gdp_mom,GDP (MoM),persistence_baseline,test,2026-03-01,1,0.0324485182011841,0.0324485182011841,0.0
BOC,gdp_growth,gdp_mom,GDP (MoM),ridge,validation,2024-04-01,1,0.0324485182011841,-0.25880913885189044,0.29125765705307455
BOC,gdp_growth,gdp_mom,GDP (MoM),ridge,validation,2024-05-01,1,-0.0187480327384619,-1.5298737610644875,1.5111257283260255
BOC,gdp_growth,gdp_mom,GDP (MoM),ridge,validation,2024-06-01,1,0.0324485182011841,0.10922335133763443,-0.07677483313645034
BOC,gdp_growth,gdp_mom,GDP (MoM),ridge,validation,2024-07-01,1,0.0068502427313611,0.8531871035034585,-0.8463368607720974
BOC,gdp_growth,gdp_mom,GDP (MoM),ridge,validation,2024-08-01,1,-0.0187480327384619,0.11146919772666812,-0.13021723046513
BOC,gdp_growth,gdp_mom,GDP (MoM),ridge,validation,2024-09-01,1,0.0836450691408301,1.4912405768204844,-1.4075955076796542
BOC,gdp_growth,gdp_mom,GDP (MoM),ridge,validation,2024-10-01,1,-0.1723376855573999,2.467713168640788,-2.6400508541981877
BOC,gdp_growth,gdp_mom,GDP (MoM),ridge,validation,2024-11-01,1,0.0324485182011841,-0.08188086117540179,0.11432937937658588
BOC,gdp_growth,gdp_mom,GDP (MoM),ridge,validation,2024-12-01,1,0.1348416200804761,2.488160794688761,-2.353319174608285
BOC,gdp_growth,gdp_mom,GDP (MoM),ridge,validation,2025-01-01,1,-0.1723376855573999,2.148207394296766,-2.320545079854166
BOC,gdp_growth,gdp_mom,GDP (MoM),ridge,validation,2025-02-01,1,-0.0187480327384619,0.013565601093235836,-0.03231363383169773
BOC,gdp_growth,gdp_mom,GDP (MoM),ridge,validation,2025-03-01,1,-0.1211411346177539,-0.28787440592331925,0.16673327130556537
BOC,gdp_growth,gdp_mom,GDP (MoM),ridge,test,2025-04-01,1,-0.1211411346177539,-0.9086179457106489,0.787476811092895
BOC,gdp_growth,gdp_mom,GDP (MoM),ridge,test,2025-05-01,1,-0.1211411346177539,0.17511235574697737,-0.29625349036473125
BOC,gdp_growth,gdp_mom,GDP (MoM),ridge,test,2025-06-01,1,0.0324485182011841,-0.9347284881364589,0.967177006337643
BOC,gdp_growth,gdp_mom,GDP (MoM),ridge,test,2025-07-01,1,-0.223534236497046,-0.2389955001195665,0.015461263622520482
BOC,gdp_growth,gdp_mom,GDP (MoM),ridge,test,2025-08-01,1,0.0324485182011841,-1.6124919275840297,1.6449404457852137
BOC,gdp_growth,gdp_mom,GDP (MoM),ridge,test,2025-09-01,1,-0.223534236497046,0.646974904357404,-0.8705091408544501
BOC,gdp_growth,gdp_mom,GDP (MoM),ridge,test,2025-10-01,1,-0.0187480327384619,0.8753823664420258,-0.8941303991804878
BOC,gdp_growth,gdp_mom,GDP (MoM),ridge,test,2025-11-01,1,0.0324485182011841,-0.9023751221349795,0.9348236403361636
BOC,gdp_growth,gdp_mom,GDP (MoM),ridge,test,2025-12-01,1,-0.0187480327384619,3.5300021343151147,-3.5487501670535764
BOC,gdp_growth,gdp_mom,GDP (MoM),ridge,test,2026-01-01,1,0.0324485182011841,1.7111617529122463,-1.6787132347110623
BOC,gdp_growth,gdp_mom,GDP (MoM),ridge,test,2026-02-01,1,0.0324485182011841,2.1558898360200556,-2.1234413178188714
BOC,gdp_growth,gdp_mom,GDP (MoM),ridge,test,2026-03-01,1,0.0324485182011841,1.577900698189669,-1.545452179988485
BOC,gdp_growth,gdp_mom,GDP (MoM),random_forest,validation,2024-04-01,1,0.0324485182011841,0.04771078812144567,-0.01526226992026157
BOC,gdp_growth,gdp_mom,GDP (MoM),random_forest,validation,2024-05-01,1,-0.0187480327384619,-0.0012795091424981887,-0.017468523595963712
BOC,gdp_growth,gdp_mom,GDP (MoM),random_forest,validation,2024-06-01,1,0.0324485182011841,-0.02851696076275245,0.060965478963936545
BOC,gdp_growth,gdp_mom,GDP (MoM),random_forest,validation,2024-07-01,1,0.0068502427313611,0.025426852138454144,-0.018576609407093044
BOC,gdp_growth,gdp_mom,GDP (MoM),random_forest,validation,2024-08-01,1,-0.0187480327384619,0.07502204256188572,-0.09377007530034762
BOC,gdp_growth,gdp_mom,GDP (MoM),random_forest,validation,2024-09-01,1,0.0836450691408301,-0.010354795007877298,0.0939998641487074
BOC,gdp_growth,gdp_mom,GDP (MoM),random_forest,validation,2024-10-01,1,-0.1723376855573999,0.11397470378580282,-0.2863123893432027
BOC,gdp_growth,gdp_mom,GDP (MoM),random_forest,validation,2024-11-01,1,0.0324485182011841,-0.13724740886155096,0.16969592706273506
BOC,gdp_growth,gdp_mom,GDP (MoM),random_forest,validation,2024-12-01,1,0.1348416200804761,0.06696678610224537,0.06787483397823073
BOC,gdp_growth,gdp_mom,GDP (MoM),random_forest,validation,2025-01-01,1,-0.1723376855573999,0.072024712598671,-0.24436239815607091
BOC,gdp_growth,gdp_mom,GDP (MoM),random_forest,validation,2025-02-01,1,-0.0187480327384619,-0.04411507414704241,0.02536704140858051
BOC,gdp_growth,gdp_mom,GDP (MoM),random_forest,validation,2025-03-01,1,-0.1211411346177539,-0.06092179644045109,-0.06021933817730281
BOC,gdp_growth,gdp_mom,GDP (MoM),random_forest,test,2025-04-01,1,-0.1211411346177539,0.05604963413395047,-0.17719076875170436
BOC,gdp_growth,gdp_mom,GDP (MoM),random_forest,test,2025-05-01,1,-0.1211411346177539,0.03588365532200572,-0.15702478993975963
BOC,gdp_growth,gdp_mom,GDP (MoM),random_forest,test,2025-06-01,1,0.0324485182011841,-0.06728483789859181,0.0997333560997759
BOC,gdp_growth,gdp_mom,GDP (MoM),random_forest,test,2025-07-01,1,-0.223534236497046,-0.07892714505431217,-0.14460709144273384
BOC,gdp_growth,gdp_mom,GDP (MoM),random_forest,test,2025-08-01,1,0.0324485182011841,-0.40138981702670373,0.43383833522788784
BOC,gdp_growth,gdp_mom,GDP (MoM),random_forest,test,2025-09-01,1,-0.223534236497046,-0.0032856262290518277,-0.2202486102679942
BOC,gdp_growth,gdp_mom,GDP (MoM),random_forest,test,2025-10-01,1,-0.0187480327384619,-0.33952319934878017,0.32077516661031824
BOC,gdp_growth,gdp_mom,GDP (MoM),random_forest,test,2025-11-01,1,0.0324485182011841,-0.13483489606544619,0.1672834142666303
BOC,gdp_growth,gdp_mom,GDP (MoM),random_forest,test,2025-12-01,1,-0.0187480327384619,0.08457536144632435,-0.10332339418478625
BOC,gdp_growth,gdp_mom,GDP (MoM),random_forest,test,2026-01-01,1,0.0324485182011841,0.11728643911906907,-0.08483792091788497
BOC,gdp_growth,gdp_mom,GDP (MoM),random_forest,test,2026-02-01,1,0.0324485182011841,0.11419000818427995,-0.08174148998309586
BOC,gdp_growth,gdp_mom,GDP (MoM),random_forest,test,2026-03-01,1,0.0324485182011841,0.057271314601123946,-0.024822796399939846
BOC,gdp_growth,gdp_mom,GDP (MoM),hist_gradient_boosting,validation,2024-04-01,1,0.0324485182011841,0.03194774932387264,0.0005007688773114582
BOC,gdp_growth,gdp_mom,GDP (MoM),hist_gradient_boosting,validation,2024-05-01,1,-0.0187480327384619,0.24272581347761707,-0.26147384621607894
BOC,gdp_growth,gdp_mom,GDP (MoM),hist_gradient_boosting,validation,2024-06-01,1,0.0324485182011841,-0.17929390858586355,0.21174242678704766
BOC,gdp_growth,gdp_mom,GDP (MoM),hist_gradient_boosting,validation,2024-07-01,1,0.0068502427313611,-0.12696092109201362,0.1338111638233747
BOC,gdp_growth,gdp_mom,GDP (MoM),hist_gradient_boosting,validation,2024-08-01,1,-0.0187480327384619,0.13606557293190935,-0.15481360567037125
BOC,gdp_growth,gdp_mom,GDP (MoM),hist_gradient_boosting,validation,2024-09-01,1,0.0836450691408301,0.11353886268529041,-0.029893793544460312
BOC,gdp_growth,gdp_mom,GDP (MoM),hist_gradient_boosting,validation,2024-10-01,1,-0.1723376855573999,0.3700738188666827,-0.5424115044240826
BOC,gdp_growth,gdp_mom,GDP (MoM),hist_gradient_boosting,validation,2024-11-01,1,0.0324485182011841,-0.2690722695845425,0.3015207877857266
BOC,gdp_growth,gdp_mom,GDP (MoM),hist_gradient_boosting,validation,2024-12-01,1,0.1348416200804761,0.7201353391362932,-0.5852937190558172
BOC,gdp_growth,gdp_mom,GDP (MoM),hist_gradient_boosting,validation,2025-01-01,1,-0.1723376855573999,-0.6323378768143831,0.4600001912569832
BOC,gdp_growth,gdp_mom,GDP (MoM),hist_gradient_boosting,validation,2025-02-01,1,-0.0187480327384619,0.29691199743238134,-0.3156600301708432
BOC,gdp_growth,gdp_mom,GDP (MoM),hist_gradient_boosting,validation,2025-03-01,1,-0.1211411346177539,-0.7601257255271432,0.6389845909093893
BOC,gdp_growth,gdp_mom,GDP (MoM),hist_gradient_boosting,test,2025-04-01,1,-0.1211411346177539,-0.3332589065657014,0.2121177719479475
BOC,gdp_growth,gdp_mom,GDP (MoM),hist_gradient_boosting,test,2025-05-01,1,-0.1211411346177539,0.6445912078497554,-0.7657323424675093
BOC,gdp_growth,gdp_mom,GDP (MoM),hist_gradient_boosting,test,2025-06-01,1,0.0324485182011841,0.6208344558649943,-0.5883859376638102
BOC,gdp_growth,gdp_mom,GDP (MoM),hist_gradient_boosting,test,2025-07-01,1,-0.223534236497046,-0.15957296849491592,-0.06396126800213009
BOC,gdp_growth,gdp_mom,GDP (MoM),hist_gradient_boosting,test,2025-08-01,1,0.0324485182011841,-0.94207131042968,0.9745198286308641
BOC,gdp_growth,gdp_mom,GDP (MoM),hist_gradient_boosting,test,2025-09-01,1,-0.223534236497046,-0.018122299164868384,-0.20541193733217764
BOC,gdp_growth,gdp_mom,GDP (MoM),hist_gradient_boosting,test,2025-10-01,1,-0.0187480327384619,0.5254195361735989,-0.5441675689120609
BOC,gdp_growth,gdp_mom,GDP (MoM),hist_gradient_boosting,test,2025-11-01,1,0.0324485182011841,-0.08706291929645181,0.1195114374976359
BOC,gdp_growth,gdp_mom,GDP (MoM),hist_gradient_boosting,test,2025-12-01,1,-0.0187480327384619,0.502805838609673,-0.5215538713481349
BOC,gdp_growth,gdp_mom,GDP (MoM),hist_gradient_boosting,test,2026-01-01,1,0.0324485182011841,-0.6685149902273492,0.7009635084285333
BOC,gdp_growth,gdp_mom,GDP (MoM),hist_gradient_boosting,test,2026-02-01,1,0.0324485182011841,0.5475746451924854,-0.5151261269913013
BOC,gdp_growth,gdp_mom,GDP (MoM),hist_gradient_boosting,test,2026-03-01,1,0.0324485182011841,-0.23471120573671148,0.26715972393789555
BOC,unemployment,unemployment_rate,Unemployment Rate,persistence_baseline,validation,2024-04-01,1,-0.315860350801282,-0.3715573036107892,0.055696952809507205
BOC,unemployment,unemployment_rate,Unemployment Rate,persistence_baseline,validation,2024-05-01,1,-0.2044664451822682,-0.315860350801282,0.1113939056190138
BOC,unemployment,unemployment_rate,Unemployment Rate,persistence_baseline,validation,2024-06-01,1,-0.2044664451822682,-0.2044664451822682,0.0
BOC,unemployment,unemployment_rate,Unemployment Rate,persistence_baseline,validation,2024-07-01,1,-0.0930725395632549,-0.2044664451822682,0.1113939056190133
BOC,unemployment,unemployment_rate,Unemployment Rate,persistence_baseline,validation,2024-08-01,1,-0.1487694923727616,-0.0930725395632549,-0.055696952809506706
BOC,unemployment,unemployment_rate,Unemployment Rate,persistence_baseline,validation,2024-09-01,1,-0.1487694923727616,-0.1487694923727616,0.0
BOC,unemployment,unemployment_rate,Unemployment Rate,persistence_baseline,validation,2024-10-01,1,0.0183213660557588,-0.1487694923727616,0.1670908584285204
BOC,unemployment,unemployment_rate,Unemployment Rate,persistence_baseline,validation,2024-11-01,1,-0.0373755867537477,0.0183213660557588,-0.0556969528095065
BOC,unemployment,unemployment_rate,Unemployment Rate,persistence_baseline,validation,2024-12-01,1,-0.0930725395632549,-0.0373755867537477,-0.0556969528095072
BOC,unemployment,unemployment_rate,Unemployment Rate,persistence_baseline,validation,2025-01-01,1,-0.0930725395632549,-0.0930725395632549,0.0
BOC,unemployment,unemployment_rate,Unemployment Rate,persistence_baseline,validation,2025-02-01,1,-0.0373755867537477,-0.0930725395632549,0.0556969528095072
BOC,unemployment,unemployment_rate,Unemployment Rate,persistence_baseline,validation,2025-03-01,1,0.074018318865266,-0.0373755867537477,0.11139390561901369
BOC,unemployment,unemployment_rate,Unemployment Rate,persistence_baseline,test,2025-04-01,1,0.1297152716747726,0.074018318865266,0.055696952809506595
BOC,unemployment,unemployment_rate,Unemployment Rate,persistence_baseline,test,2025-05-01,1,0.074018318865266,0.1297152716747726,-0.055696952809506595
BOC,unemployment,unemployment_rate,Unemployment Rate,persistence_baseline,test,2025-06-01,1,0.074018318865266,0.074018318865266,0.0
BOC,unemployment,unemployment_rate,Unemployment Rate,persistence_baseline,test,2025-07-01,1,0.1854122244842793,0.074018318865266,0.1113939056190133
BOC,unemployment,unemployment_rate,Unemployment Rate,persistence_baseline,test,2025-08-01,1,0.1854122244842793,0.1854122244842793,0.0
BOC,unemployment,unemployment_rate,Unemployment Rate,persistence_baseline,test,2025-09-01,1,0.074018318865266,0.1854122244842793,-0.1113939056190133
BOC,unemployment,unemployment_rate,Unemployment Rate,persistence_baseline,test,2025-10-01,1,-0.1487694923727616,0.074018318865266,-0.2227878112380276
BOC,unemployment,unemployment_rate,Unemployment Rate,persistence_baseline,test,2025-11-01,1,0.0183213660557588,-0.1487694923727616,0.1670908584285204
BOC,unemployment,unemployment_rate,Unemployment Rate,persistence_baseline,test,2025-12-01,1,-0.1487694923727616,0.0183213660557588,-0.1670908584285204
BOC,unemployment,unemployment_rate,Unemployment Rate,persistence_baseline,test,2026-01-01,1,-0.0373755867537477,-0.1487694923727616,0.11139390561901391
BOC,unemployment,unemployment_rate,Unemployment Rate,persistence_baseline,test,2026-02-01,1,-0.0373755867537477,-0.0373755867537477,0.0
BOC,unemployment,unemployment_rate,Unemployment Rate,persistence_baseline,test,2026-03-01,1,-0.0373755867537477,-0.0373755867537477,0.0
BOC,unemployment,unemployment_rate,Unemployment Rate,ridge,validation,2024-04-01,1,-0.315860350801282,-0.7280572430918825,0.41219689229060047
BOC,unemployment,unemployment_rate,Unemployment Rate,ridge,validation,2024-05-01,1,-0.2044664451822682,-0.5723528886801121,0.36788644349784394
BOC,unemployment,unemployment_rate,Unemployment Rate,ridge,validation,2024-06-01,1,-0.2044664451822682,-0.8587123849985734,0.6542459398163052
BOC,unemployment,unemployment_rate,Unemployment Rate,ridge,validation,2024-07-01,1,-0.0930725395632549,-1.0570054415112948,0.9639329019480399
BOC,unemployment,unemployment_rate,Unemployment Rate,ridge,validation,2024-08-01,1,-0.1487694923727616,-0.43117143060703533,0.28240193823427373
BOC,unemployment,unemployment_rate,Unemployment Rate,ridge,validation,2024-09-01,1,-0.1487694923727616,-0.6507211019107206,0.501951609537959
BOC,unemployment,unemployment_rate,Unemployment Rate,ridge,validation,2024-10-01,1,0.0183213660557588,-0.29432183465446077,0.31264320071021956
BOC,unemployment,unemployment_rate,Unemployment Rate,ridge,validation,2024-11-01,1,-0.0373755867537477,-0.33343441916268035,0.29605883240893266
BOC,unemployment,unemployment_rate,Unemployment Rate,ridge,validation,2024-12-01,1,-0.0930725395632549,-0.5274234311262732,0.4343508915630183
BOC,unemployment,unemployment_rate,Unemployment Rate,ridge,validation,2025-01-01,1,-0.0930725395632549,-0.5687787765664276,0.4757062370031727
BOC,unemployment,unemployment_rate,Unemployment Rate,ridge,validation,2025-02-01,1,-0.0373755867537477,-1.010041664604995,0.9726660778512473
BOC,unemployment,unemployment_rate,Unemployment Rate,ridge,validation,2025-03-01,1,0.074018318865266,-0.6244598794952075,0.6984781983604735
BOC,unemployment,unemployment_rate,Unemployment Rate,ridge,test,2025-04-01,1,0.1297152716747726,-0.23571881507104284,0.36543408674581546
BOC,unemployment,unemployment_rate,Unemployment Rate,ridge,test,2025-05-01,1,0.074018318865266,-0.5917678217604975,0.6657861406257635
BOC,unemployment,unemployment_rate,Unemployment Rate,ridge,test,2025-06-01,1,0.074018318865266,-0.7076594230923315,0.7816777419575975
BOC,unemployment,unemployment_rate,Unemployment Rate,ridge,test,2025-07-01,1,0.1854122244842793,0.11324707434213119,0.07216515014214811
BOC,unemployment,unemployment_rate,Unemployment Rate,ridge,test,2025-08-01,1,0.1854122244842793,0.8849123722853731,-0.6995001478010938
BOC,unemployment,unemployment_rate,Unemployment Rate,ridge,test,2025-09-01,1,0.074018318865266,1.3301140076689324,-1.2560956888036663
BOC,unemployment,unemployment_rate,Unemployment Rate,ridge,test,2025-10-01,1,-0.1487694923727616,1.1685139614233324,-1.317283453796094
BOC,unemployment,unemployment_rate,Unemployment Rate,ridge,test,2025-11-01,1,0.0183213660557588,0.718785490125097,-0.7004641240693381
BOC,unemployment,unemployment_rate,Unemployment Rate,ridge,test,2025-12-01,1,-0.1487694923727616,-0.5129473511142688,0.3641778587415072
BOC,unemployment,unemployment_rate,Unemployment Rate,ridge,test,2026-01-01,1,-0.0373755867537477,-1.0895101671687537,1.052134580415006
BOC,unemployment,unemployment_rate,Unemployment Rate,ridge,test,2026-02-01,1,-0.0373755867537477,-1.9111596140403102,1.8737840272865625
BOC,unemployment,unemployment_rate,Unemployment Rate,ridge,test,2026-03-01,1,-0.0373755867537477,-1.7164055254540438,1.679029938700296
BOC,unemployment,unemployment_rate,Unemployment Rate,random_forest,validation,2024-04-01,1,-0.315860350801282,-0.444106565317332,0.12824621451605
BOC,unemployment,unemployment_rate,Unemployment Rate,random_forest,validation,2024-05-01,1,-0.2044664451822682,-0.4374671750963838,0.23300072991411558
BOC,unemployment,unemployment_rate,Unemployment Rate,random_forest,validation,2024-06-01,1,-0.2044664451822682,-0.4480606069274987,0.24359416174523052
BOC,unemployment,unemployment_rate,Unemployment Rate,random_forest,validation,2024-07-01,1,-0.0930725395632549,-0.35367453539911764,0.26060199583586274
BOC,unemployment,unemployment_rate,Unemployment Rate,random_forest,validation,2024-08-01,1,-0.1487694923727616,-0.46879866004322557,0.32002916767046397
BOC,unemployment,unemployment_rate,Unemployment Rate,random_forest,validation,2024-09-01,1,-0.1487694923727616,-0.26946383470791174,0.12069434233515014
BOC,unemployment,unemployment_rate,Unemployment Rate,random_forest,validation,2024-10-01,1,0.0183213660557588,-0.06474485236322475,0.08306621841898354
BOC,unemployment,unemployment_rate,Unemployment Rate,random_forest,validation,2024-11-01,1,-0.0373755867537477,0.006892449793457587,-0.044268036547205285
BOC,unemployment,unemployment_rate,Unemployment Rate,random_forest,validation,2024-12-01,1,-0.0930725395632549,-0.07365219557836346,-0.01942034398489144
BOC,unemployment,unemployment_rate,Unemployment Rate,random_forest,validation,2025-01-01,1,-0.0930725395632549,-0.13505200801035955,0.04197946844710465
BOC,unemployment,unemployment_rate,Unemployment Rate,random_forest,validation,2025-02-01,1,-0.0373755867537477,0.3836328874253617,-0.4210084741791094
BOC,unemployment,unemployment_rate,Unemployment Rate,random_forest,validation,2025-03-01,1,0.074018318865266,0.3834826945241167,-0.3094643756588507
BOC,unemployment,unemployment_rate,Unemployment Rate,random_forest,test,2025-04-01,1,0.1297152716747726,0.4589537332747514,-0.3292384615999788
BOC,unemployment,unemployment_rate,Unemployment Rate,random_forest,test,2025-05-01,1,0.074018318865266,-0.18218164629606814,0.25619996516133414
BOC,unemployment,unemployment_rate,Unemployment Rate,random_forest,test,2025-06-01,1,0.074018318865266,0.2064591626128278,-0.1324408437475618
BOC,unemployment,unemployment_rate,Unemployment Rate,random_forest,test,2025-07-01,1,0.1854122244842793,0.12944754654933602,0.05596467793494328
BOC,unemployment,unemployment_rate,Unemployment Rate,random_forest,test,2025-08-01,1,0.1854122244842793,0.12559613842941114,0.059816086054868156
BOC,unemployment,unemployment_rate,Unemployment Rate,random_forest,test,2025-09-01,1,0.074018318865266,0.19328219186064527,-0.11926387299537927
BOC,unemployment,unemployment_rate,Unemployment Rate,random_forest,test,2025-10-01,1,-0.1487694923727616,0.11855633091983966,-0.26732582329260124
BOC,unemployment,unemployment_rate,Unemployment Rate,random_forest,test,2025-11-01,1,0.0183213660557588,0.048491221932885076,-0.030169855877126277
BOC,unemployment,unemployment_rate,Unemployment Rate,random_forest,test,2025-12-01,1,-0.1487694923727616,0.09145968300723131,-0.24022917537999292
BOC,unemployment,unemployment_rate,Unemployment Rate,random_forest,test,2026-01-01,1,-0.0373755867537477,0.0113195839730244,-0.0486951707267721
BOC,unemployment,unemployment_rate,Unemployment Rate,random_forest,test,2026-02-01,1,-0.0373755867537477,0.004380450915852665,-0.041756037669600364
BOC,unemployment,unemployment_rate,Unemployment Rate,random_forest,test,2026-03-01,1,-0.0373755867537477,-0.017135701891802455,-0.020239884861945244
BOC,unemployment,unemployment_rate,Unemployment Rate,hist_gradient_boosting,validation,2024-04-01,1,-0.315860350801282,-0.16533915799919838,-0.15052119280208362
BOC,unemployment,unemployment_rate,Unemployment Rate,hist_gradient_boosting,validation,2024-05-01,1,-0.2044664451822682,-0.4167632965405589,0.21229685135829068
BOC,unemployment,unemployment_rate,Unemployment Rate,hist_gradient_boosting,validation,2024-06-01,1,-0.2044664451822682,-0.27977567353920635,0.07530922835693815
BOC,unemployment,unemployment_rate,Unemployment Rate,hist_gradient_boosting,validation,2024-07-01,1,-0.0930725395632549,-0.5661519938695438,0.47307945430628895
BOC,unemployment,unemployment_rate,Unemployment Rate,hist_gradient_boosting,validation,2024-08-01,1,-0.1487694923727616,-0.49201832141771307,0.34324882904495146
BOC,unemployment,unemployment_rate,Unemployment Rate,hist_gradient_boosting,validation,2024-09-01,1,-0.1487694923727616,-0.5076139482743335,0.3588444559015719
BOC,unemployment,unemployment_rate,Unemployment Rate,hist_gradient_boosting,validation,2024-10-01,1,0.0183213660557588,-0.07340744961242363,0.09172881566818242
BOC,unemployment,unemployment_rate,Unemployment Rate,hist_gradient_boosting,validation,2024-11-01,1,-0.0373755867537477,0.4893463795577766,-0.5267219663115243
BOC,unemployment,unemployment_rate,Unemployment Rate,hist_gradient_boosting,validation,2024-12-01,1,-0.0930725395632549,0.544967543804014,-0.6380400833672689
BOC,unemployment,unemployment_rate,Unemployment Rate,hist_gradient_boosting,validation,2025-01-01,1,-0.0930725395632549,-0.5363955041063211,0.4433229645430662
BOC,unemployment,unemployment_rate,Unemployment Rate,hist_gradient_boosting,validation,2025-02-01,1,-0.0373755867537477,-0.5596875742140384,0.5223119874602906
BOC,unemployment,unemployment_rate,Unemployment Rate,hist_gradient_boosting,validation,2025-03-01,1,0.074018318865266,-0.1281912995594369,0.2022096184247029
BOC,unemployment,unemployment_rate,Unemployment Rate,hist_gradient_boosting,test,2025-04-01,1,0.1297152716747726,-0.025820924200696534,0.15553619587546913
BOC,unemployment,unemployment_rate,Unemployment Rate,hist_gradient_boosting,test,2025-05-01,1,0.074018318865266,-0.06189928998297575,0.13591760884824175
BOC,unemployment,unemployment_rate,Unemployment Rate,hist_gradient_boosting,test,2025-06-01,1,0.074018318865266,-0.02420935201451808,0.09822767087978408
BOC,unemployment,unemployment_rate,Unemployment Rate,hist_gradient_boosting,test,2025-07-01,1,0.1854122244842793,-0.0634269218363181,0.2488391463205974
BOC,unemployment,unemployment_rate,Unemployment Rate,hist_gradient_boosting,test,2025-08-01,1,0.1854122244842793,-0.10921925173576737,0.29463147622004665
BOC,unemployment,unemployment_rate,Unemployment Rate,hist_gradient_boosting,test,2025-09-01,1,0.074018318865266,0.0492090995472575,0.024809219318008495
BOC,unemployment,unemployment_rate,Unemployment Rate,hist_gradient_boosting,test,2025-10-01,1,-0.1487694923727616,-0.2582818673694642,0.10951237499670258
BOC,unemployment,unemployment_rate,Unemployment Rate,hist_gradient_boosting,test,2025-11-01,1,0.0183213660557588,-0.5113594141391797,0.5296807801949386
BOC,unemployment,unemployment_rate,Unemployment Rate,hist_gradient_boosting,test,2025-12-01,1,-0.1487694923727616,0.033461160621392774,-0.18223065299415436
BOC,unemployment,unemployment_rate,Unemployment Rate,hist_gradient_boosting,test,2026-01-01,1,-0.0373755867537477,-0.4927590005339312,0.4553834137801835
BOC,unemployment,unemployment_rate,Unemployment Rate,hist_gradient_boosting,test,2026-02-01,1,-0.0373755867537477,0.017753522497127354,-0.05512910925087505
BOC,unemployment,unemployment_rate,Unemployment Rate,hist_gradient_boosting,test,2026-03-01,1,-0.0373755867537477,0.045227533950466435,-0.08260312070421413
BOE,inflation,core_cpi_yoy,Core CPI (YoY),persistence_baseline,validation,2024-04-01,1,-0.1620865004041961,0.0559413585465806,-0.2180278589507767
BOE,inflation,core_cpi_yoy,Core CPI (YoY),persistence_baseline,validation,2024-05-01,1,-0.1620865004041961,-0.1620865004041961,0.0
BOE,inflation,core_cpi_yoy,Core CPI (YoY),persistence_baseline,validation,2024-06-01,1,-0.2711004298795846,-0.1620865004041961,-0.10901392947538852
BOE,inflation,core_cpi_yoy,Core CPI (YoY),persistence_baseline,validation,2024-07-01,1,-0.1075795356665018,-0.2711004298795846,0.1635208942130828
BOE,inflation,core_cpi_yoy,Core CPI (YoY),persistence_baseline,validation,2024-08-01,1,-0.3256073946172786,-0.1075795356665018,-0.2180278589507768
BOE,inflation,core_cpi_yoy,Core CPI (YoY),persistence_baseline,validation,2024-09-01,1,-0.2711004298795846,-0.3256073946172786,0.05450696473769401
BOE,inflation,core_cpi_yoy,Core CPI (YoY),persistence_baseline,validation,2024-10-01,1,-0.1620865004041961,-0.2711004298795846,0.10901392947538852
BOE,inflation,core_cpi_yoy,Core CPI (YoY),persistence_baseline,validation,2024-11-01,1,-0.3256073946172786,-0.1620865004041961,-0.16352089421308252
BOE,inflation,core_cpi_yoy,Core CPI (YoY),persistence_baseline,validation,2024-12-01,1,-0.0530725709288076,-0.3256073946172786,0.27253482368847104
BOE,inflation,core_cpi_yoy,Core CPI (YoY),persistence_baseline,validation,2025-01-01,1,-0.1620865004041961,-0.0530725709288076,-0.10901392947538849
BOE,inflation,core_cpi_yoy,Core CPI (YoY),persistence_baseline,validation,2025-02-01,1,-0.2165934651418903,-0.1620865004041961,-0.0545069647376942
BOE,inflation,core_cpi_yoy,Core CPI (YoY),persistence_baseline,validation,2025-03-01,1,0.0014343938088863,-0.2165934651418903,0.2180278589507766
BOE,inflation,core_cpi_yoy,Core CPI (YoY),persistence_baseline,test,2025-04-01,1,-0.1620865004041961,0.0014343938088863,-0.16352089421308239
BOE,inflation,core_cpi_yoy,Core CPI (YoY),persistence_baseline,test,2025-05-01,1,-0.0530725709288076,-0.1620865004041961,0.10901392947538849
BOE,inflation,core_cpi_yoy,Core CPI (YoY),persistence_baseline,test,2025-06-01,1,0.0014343938088863,-0.0530725709288076,0.0545069647376939
BOE,inflation,core_cpi_yoy,Core CPI (YoY),persistence_baseline,test,2025-07-01,1,-0.1075795356665018,0.0014343938088863,-0.1090139294753881
BOE,inflation,core_cpi_yoy,Core CPI (YoY),persistence_baseline,test,2025-08-01,1,-0.1620865004041961,-0.1075795356665018,-0.054506964737694286
BOE,inflation,core_cpi_yoy,Core CPI (YoY),persistence_baseline,test,2025-09-01,1,-0.2165934651418903,-0.1620865004041961,-0.0545069647376942
BOE,inflation,core_cpi_yoy,Core CPI (YoY),persistence_baseline,test,2025-10-01,1,-0.3256073946172786,-0.2165934651418903,-0.10901392947538832
BOE,inflation,core_cpi_yoy,Core CPI (YoY),persistence_baseline,test,2025-11-01,1,-0.3256073946172786,-0.3256073946172786,0.0
BOE,inflation,core_cpi_yoy,Core CPI (YoY),persistence_baseline,test,2025-12-01,1,-0.3801143593549728,-0.3256073946172786,-0.054506964737694175
BOE,inflation,core_cpi_yoy,Core CPI (YoY),persistence_baseline,test,2026-01-01,1,-0.3256073946172786,-0.3801143593549728,0.054506964737694175
BOE,inflation,core_cpi_yoy,Core CPI (YoY),persistence_baseline,test,2026-02-01,1,-0.3801143593549728,-0.3256073946172786,-0.054506964737694175
BOE,inflation,core_cpi_yoy,Core CPI (YoY),persistence_baseline,test,2026-03-01,1,-0.3801143593549728,-0.3801143593549728,0.0
BOE,inflation,core_cpi_yoy,Core CPI (YoY),ridge,validation,2024-04-01,1,-0.1620865004041961,0.21750661076991068,-0.37959311117410677
BOE,inflation,core_cpi_yoy,Core CPI (YoY),ridge,validation,2024-05-01,1,-0.1620865004041961,-0.12254296369336105,-0.039543536710835034
BOE,inflation,core_cpi_yoy,Core CPI (YoY),ridge,validation,2024-06-01,1,-0.2711004298795846,0.21210560675102352,-0.4832060366306081
BOE,inflation,core_cpi_yoy,Core CPI (YoY),ridge,validation,2024-07-01,1,-0.1075795356665018,-0.4696371715717968,0.362057635905295
BOE,inflation,core_cpi_yoy,Core CPI (YoY),ridge,validation,2024-08-01,1,-0.3256073946172786,-0.10127466484874544,-0.2243327297685332
BOE,inflation,core_cpi_yoy,Core CPI (YoY),ridge,validation,2024-09-01,1,-0.2711004298795846,-0.04111987818099812,-0.2299805516985865
BOE,inflation,core_cpi_yoy,Core CPI (YoY),ridge,validation,2024-10-01,1,-0.1620865004041961,0.11928083340316734,-0.28136733380736345
BOE,inflation,core_cpi_yoy,Core CPI (YoY),ridge,validation,2024-11-01,1,-0.3256073946172786,0.06661887429232323,-0.3922262689096018
BOE,inflation,core_cpi_yoy,Core CPI (YoY),ridge,validation,2024-12-01,1,-0.0530725709288076,0.1287100064085801,-0.1817825773373877
BOE,inflation,core_cpi_yoy,Core CPI (YoY),ridge,validation,2025-01-01,1,-0.1620865004041961,0.11661498196137764,-0.27870148236557374
BOE,inflation,core_cpi_yoy,Core CPI (YoY),ridge,validation,2025-02-01,1,-0.2165934651418903,-0.006483739916019138,-0.21010972522587115
BOE,inflation,core_cpi_yoy,Core CPI (YoY),ridge,validation,2025-03-01,1,0.0014343938088863,0.10313039848747246,-0.10169600467858617
BOE,inflation,core_cpi_yoy,Core CPI (YoY),ridge,test,2025-04-01,1,-0.1620865004041961,0.28186702513835993,-0.443953525542556
BOE,inflation,core_cpi_yoy,Core CPI (YoY),ridge,test,2025-05-01,1,-0.0530725709288076,0.21698524009642117,-0.27005781102522874
BOE,inflation,core_cpi_yoy,Core CPI (YoY),ridge,test,2025-06-01,1,0.0014343938088863,0.7248679589336087,-0.7234335651247223
BOE,inflation,core_cpi_yoy,Core CPI (YoY),ridge,test,2025-07-01,1,-0.1075795356665018,0.5884349251704185,-0.6960144608369203
BOE,inflation,core_cpi_yoy,Core CPI (YoY),ridge,test,2025-08-01,1,-0.1620865004041961,0.9059786262307421,-1.0680651266349381
BOE,inflation,core_cpi_yoy,Core CPI (YoY),ridge,test,2025-09-01,1,-0.2165934651418903,0.9200747047617415,-1.1366681699036318
BOE,inflation,core_cpi_yoy,Core CPI (YoY),ridge,test,2025-10-01,1,-0.3256073946172786,1.180381638444514,-1.5059890330617927
BOE,inflation,core_cpi_yoy,Core CPI (YoY),ridge,test,2025-11-01,1,-0.3256073946172786,0.9634749526670415,-1.28908234728432
BOE,inflation,core_cpi_yoy,Core CPI (YoY),ridge,test,2025-12-01,1,-0.3801143593549728,0.9013990763020708,-1.2815134356570437
BOE,inflation,core_cpi_yoy,Core CPI (YoY),ridge,test,2026-01-01,1,-0.3256073946172786,1.0209214128297885,-1.3465288074470672
BOE,inflation,core_cpi_yoy,Core CPI (YoY),ridge,test,2026-02-01,1,-0.3801143593549728,1.0068813617868615,-1.3869957211418342
BOE,inflation,core_cpi_yoy,Core CPI (YoY),ridge,test,2026-03-01,1,-0.3801143593549728,0.7970196297527128,-1.1771339891076855
BOE,inflation,core_cpi_yoy,Core CPI (YoY),random_forest,validation,2024-04-01,1,-0.1620865004041961,0.256969523591867,-0.41905602399606307
BOE,inflation,core_cpi_yoy,Core CPI (YoY),random_forest,validation,2024-05-01,1,-0.1620865004041961,-0.0067844679709293506,-0.15530203243326673
BOE,inflation,core_cpi_yoy,Core CPI (YoY),random_forest,validation,2024-06-01,1,-0.2711004298795846,0.016469133265331205,-0.28756956314491583
BOE,inflation,core_cpi_yoy,Core CPI (YoY),random_forest,validation,2024-07-01,1,-0.1075795356665018,-0.09630754648360541,-0.011271989182896389
BOE,inflation,core_cpi_yoy,Core CPI (YoY),random_forest,validation,2024-08-01,1,-0.3256073946172786,0.17558363489723242,-0.501191029514511
BOE,inflation,core_cpi_yoy,Core CPI (YoY),random_forest,validation,2024-09-01,1,-0.2711004298795846,-0.7174046959464778,0.4463042660668932
BOE,inflation,core_cpi_yoy,Core CPI (YoY),random_forest,validation,2024-10-01,1,-0.1620865004041961,-0.21142851730144285,0.049342016897246765
BOE,inflation,core_cpi_yoy,Core CPI (YoY),random_forest,validation,2024-11-01,1,-0.3256073946172786,-0.04224592842371123,-0.2833614661935674
BOE,inflation,core_cpi_yoy,Core CPI (YoY),random_forest,validation,2024-12-01,1,-0.0530725709288076,-0.7284071588069858,0.6753345878781782
BOE,inflation,core_cpi_yoy,Core CPI (YoY),random_forest,validation,2025-01-01,1,-0.1620865004041961,0.24314994337310622,-0.4052364437773023
BOE,inflation,core_cpi_yoy,Core CPI (YoY),random_forest,validation,2025-02-01,1,-0.2165934651418903,-0.0280174181572711,-0.1885760469846192
BOE,inflation,core_cpi_yoy,Core CPI (YoY),random_forest,validation,2025-03-01,1,0.0014343938088863,-0.10774823786851022,0.10918263167739652
BOE,inflation,core_cpi_yoy,Core CPI (YoY),random_forest,test,2025-04-01,1,-0.1620865004041961,0.28119634550371464,-0.4432828459079107
BOE,inflation,core_cpi_yoy,Core CPI (YoY),random_forest,test,2025-05-01,1,-0.0530725709288076,-0.005964484227593647,-0.047108086701213955
BOE,inflation,core_cpi_yoy,Core CPI (YoY),random_forest,test,2025-06-01,1,0.0014343938088863,0.335416027862326,-0.33398163405343967
BOE,inflation,core_cpi_yoy,Core CPI (YoY),random_forest,test,2025-07-01,1,-0.1075795356665018,0.2521157590019448,-0.3596952946684466
BOE,inflation,core_cpi_yoy,Core CPI (YoY),random_forest,test,2025-08-01,1,-0.1620865004041961,0.16904578796660238,-0.33113228837079844
BOE,inflation,core_cpi_yoy,Core CPI (YoY),random_forest,test,2025-09-01,1,-0.2165934651418903,-0.057112417936513074,-0.1594810472053772
BOE,inflation,core_cpi_yoy,Core CPI (YoY),random_forest,test,2025-10-01,1,-0.3256073946172786,-0.14520180793567103,-0.18040558668160758
BOE,inflation,core_cpi_yoy,Core CPI (YoY),random_forest,test,2025-11-01,1,-0.3256073946172786,-0.7050159923740068,0.3794085977567282
BOE,inflation,core_cpi_yoy,Core CPI (YoY),random_forest,test,2025-12-01,1,-0.3801143593549728,-0.8042673351294115,0.4241529757744387
BOE,inflation,core_cpi_yoy,Core CPI (YoY),random_forest,test,2026-01-01,1,-0.3256073946172786,-0.9698283766606448,0.6442209820433662
BOE,inflation,core_cpi_yoy,Core CPI (YoY),random_forest,test,2026-02-01,1,-0.3801143593549728,-0.7645693739335918,0.384455014578619
BOE,inflation,core_cpi_yoy,Core CPI (YoY),random_forest,test,2026-03-01,1,-0.3801143593549728,-1.0330890871806058,0.652974727825633
BOE,inflation,core_cpi_yoy,Core CPI (YoY),hist_gradient_boosting,validation,2024-04-01,1,-0.1620865004041961,-0.018956993245188455,-0.14312950715900763
BOE,inflation,core_cpi_yoy,Core CPI (YoY),hist_gradient_boosting,validation,2024-05-01,1,-0.1620865004041961,-0.13867730218725546,-0.023409198216940624
BOE,inflation,core_cpi_yoy,Core CPI (YoY),hist_gradient_boosting,validation,2024-06-01,1,-0.2711004298795846,-0.0883061213976272,-0.1827943084819574
BOE,inflation,core_cpi_yoy,Core CPI (YoY),hist_gradient_boosting,validation,2024-07-01,1,-0.1075795356665018,-0.12175149220927552,0.014171956542773714
BOE,inflation,core_cpi_yoy,Core CPI (YoY),hist_gradient_boosting,validation,2024-08-01,1,-0.3256073946172786,-0.1124455608620747,-0.21316183375520392
BOE,inflation,core_cpi_yoy,Core CPI (YoY),hist_gradient_boosting,validation,2024-09-01,1,-0.2711004298795846,-0.6516783893136268,0.38057795943404216
BOE,inflation,core_cpi_yoy,Core CPI (YoY),hist_gradient_boosting,validation,2024-10-01,1,-0.1620865004041961,-0.20619982261644715,0.04411332221225106
BOE,inflation,core_cpi_yoy,Core CPI (YoY),hist_gradient_boosting,validation,2024-11-01,1,-0.3256073946172786,-0.059332652187671045,-0.2662747424296076
BOE,inflation,core_cpi_yoy,Core CPI (YoY),hist_gradient_boosting,validation,2024-12-01,1,-0.0530725709288076,-0.5814964245148103,0.5284238535860027
BOE,inflation,core_cpi_yoy,Core CPI (YoY),hist_gradient_boosting,validation,2025-01-01,1,-0.1620865004041961,-0.10687750326177847,-0.055208997142417615
BOE,inflation,core_cpi_yoy,Core CPI (YoY),hist_gradient_boosting,validation,2025-02-01,1,-0.2165934651418903,-0.16658775118736718,-0.05000571395452311
BOE,inflation,core_cpi_yoy,Core CPI (YoY),hist_gradient_boosting,validation,2025-03-01,1,0.0014343938088863,-0.10726023740999122,0.10869463121887751
BOE,inflation,core_cpi_yoy,Core CPI (YoY),hist_gradient_boosting,test,2025-04-01,1,-0.1620865004041961,-0.10849930131542948,-0.05358719908876661
BOE,inflation,core_cpi_yoy,Core CPI (YoY),hist_gradient_boosting,test,2025-05-01,1,-0.0530725709288076,0.2660657020800163,-0.3191382730088239
BOE,inflation,core_cpi_yoy,Core CPI (YoY),hist_gradient_boosting,test,2025-06-01,1,0.0014343938088863,0.07994898495821652,-0.07851459114933022
BOE,inflation,core_cpi_yoy,Core CPI (YoY),hist_gradient_boosting,test,2025-07-01,1,-0.1075795356665018,0.10877407731995824,-0.21635361298646005
BOE,inflation,core_cpi_yoy,Core CPI (YoY),hist_gradient_boosting,test,2025-08-01,1,-0.1620865004041961,0.05731543620152206,-0.21940193660571816
BOE,inflation,core_cpi_yoy,Core CPI (YoY),hist_gradient_boosting,test,2025-09-01,1,-0.2165934651418903,0.06672713223510619,-0.2833205973769965
BOE,inflation,core_cpi_yoy,Core CPI (YoY),hist_gradient_boosting,test,2025-10-01,1,-0.3256073946172786,0.0803528097720965,-0.4059602043893751
BOE,inflation,core_cpi_yoy,Core CPI (YoY),hist_gradient_boosting,test,2025-11-01,1,-0.3256073946172786,-0.3706233110851084,0.045015916467829764
BOE,inflation,core_cpi_yoy,Core CPI (YoY),hist_gradient_boosting,test,2025-12-01,1,-0.3801143593549728,-0.5875445397625778,0.20743018040760502
BOE,inflation,core_cpi_yoy,Core CPI (YoY),hist_gradient_boosting,test,2026-01-01,1,-0.3256073946172786,-0.3736626915625851,0.04805529694530647
BOE,inflation,core_cpi_yoy,Core CPI (YoY),hist_gradient_boosting,test,2026-02-01,1,-0.3801143593549728,-0.628438873382579,0.2483245140276062
BOE,inflation,core_cpi_yoy,Core CPI (YoY),hist_gradient_boosting,test,2026-03-01,1,-0.3801143593549728,-0.6146367351791553,0.2345223758241825
BOE,gdp_growth,gdp_yoy,GDP (YoY),persistence_baseline,validation,2024-04-01,1,0.1081301277806823,0.0431095402354614,0.0650205875452209
BOE,gdp_growth,gdp_yoy,GDP (YoY),persistence_baseline,validation,2024-05-01,1,0.0171013052173731,0.1081301277806823,-0.0910288225633092
BOE,gdp_growth,gdp_yoy,GDP (YoY),persistence_baseline,validation,2024-06-01,1,0.0561136577445056,0.0171013052173731,0.039012352527132504
BOE,gdp_growth,gdp_yoy,GDP (YoY),persistence_baseline,validation,2024-07-01,1,0.0561136577445056,0.0561136577445056,0.0
BOE,gdp_growth,gdp_yoy,GDP (YoY),persistence_baseline,validation,2024-08-01,1,0.0561136577445056,0.0561136577445056,0.0
BOE,gdp_growth,gdp_yoy,GDP (YoY),persistence_baseline,validation,2024-09-01,1,0.1211342452897265,0.0561136577445056,0.06502058754522089
BOE,gdp_growth,gdp_yoy,GDP (YoY),persistence_baseline,validation,2024-10-01,1,0.0561136577445056,0.1211342452897265,-0.06502058754522089
BOE,gdp_growth,gdp_yoy,GDP (YoY),persistence_baseline,validation,2024-11-01,1,0.1211342452897265,0.0561136577445056,0.06502058754522089
BOE,gdp_growth,gdp_yoy,GDP (YoY),persistence_baseline,validation,2024-12-01,1,0.0951260102716381,0.1211342452897265,-0.026008235018088396
BOE,gdp_growth,gdp_yoy,GDP (YoY),persistence_baseline,validation,2025-01-01,1,0.1081301277806823,0.0951260102716381,0.013004117509044205
BOE,gdp_growth,gdp_yoy,GDP (YoY),persistence_baseline,validation,2025-02-01,1,0.0691177752535498,0.1081301277806823,-0.039012352527132504
BOE,gdp_growth,gdp_yoy,GDP (YoY),persistence_baseline,validation,2025-03-01,1,0.1081301277806823,0.0691177752535498,0.039012352527132504
BOE,gdp_growth,gdp_yoy,GDP (YoY),persistence_baseline,test,2025-04-01,1,0.0171013052173731,0.1081301277806823,-0.0910288225633092
BOE,gdp_growth,gdp_yoy,GDP (YoY),persistence_baseline,test,2025-05-01,1,0.1081301277806823,0.0171013052173731,0.0910288225633092
BOE,gdp_growth,gdp_yoy,GDP (YoY),persistence_baseline,test,2025-06-01,1,0.0951260102716381,0.1081301277806823,-0.013004117509044205
BOE,gdp_growth,gdp_yoy,GDP (YoY),persistence_baseline,test,2025-07-01,1,0.0951260102716381,0.0951260102716381,0.0
BOE,gdp_growth,gdp_yoy,GDP (YoY),persistence_baseline,test,2025-08-01,1,0.0691177752535498,0.0951260102716381,-0.0260082350180883
BOE,gdp_growth,gdp_yoy,GDP (YoY),persistence_baseline,test,2025-09-01,1,0.0561136577445056,0.0691177752535498,-0.013004117509044198
BOE,gdp_growth,gdp_yoy,GDP (YoY),persistence_baseline,test,2025-10-01,1,0.1081301277806823,0.0561136577445056,0.0520164700361767
BOE,gdp_growth,gdp_yoy,GDP (YoY),persistence_baseline,test,2025-11-01,1,0.0171013052173731,0.1081301277806823,-0.0910288225633092
BOE,gdp_growth,gdp_yoy,GDP (YoY),persistence_baseline,test,2025-12-01,1,0.0301054227264173,0.0171013052173731,0.013004117509044202
BOE,gdp_growth,gdp_yoy,GDP (YoY),persistence_baseline,test,2026-01-01,1,0.0561136577445056,0.0301054227264173,0.0260082350180883
BOE,gdp_growth,gdp_yoy,GDP (YoY),persistence_baseline,test,2026-02-01,1,0.0561136577445056,0.0561136577445056,0.0
BOE,gdp_growth,gdp_yoy,GDP (YoY),persistence_baseline,test,2026-03-01,1,0.0561136577445056,0.0561136577445056,0.0
BOE,gdp_growth,gdp_yoy,GDP (YoY),ridge,validation,2024-04-01,1,0.1081301277806823,0.2914016939287882,-0.18327156614810586
BOE,gdp_growth,gdp_yoy,GDP (YoY),ridge,validation,2024-05-01,1,0.0171013052173731,1.75153405231647,-1.7344327470990968
BOE,gdp_growth,gdp_yoy,GDP (YoY),ridge,validation,2024-06-01,1,0.0561136577445056,0.738827382683402,-0.6827137249388964
BOE,gdp_growth,gdp_yoy,GDP (YoY),ridge,validation,2024-07-01,1,0.0561136577445056,0.774488325343074,-0.7183746675985684
BOE,gdp_growth,gdp_yoy,GDP (YoY),ridge,validation,2024-08-01,1,0.0561136577445056,1.0674328658496612,-1.0113192081051556
BOE,gdp_growth,gdp_yoy,GDP (YoY),ridge,validation,2024-09-01,1,0.1211342452897265,1.5366247836875706,-1.4154905383978442
BOE,gdp_growth,gdp_yoy,GDP (YoY),ridge,validation,2024-10-01,1,0.0561136577445056,0.4748175475847835,-0.4187038898402779
BOE,gdp_growth,gdp_yoy,GDP (YoY),ridge,validation,2024-11-01,1,0.1211342452897265,0.663382870643384,-0.5422486253536575
BOE,gdp_growth,gdp_yoy,GDP (YoY),ridge,validation,2024-12-01,1,0.0951260102716381,-0.2838865779935708,0.3790125882652089
BOE,gdp_growth,gdp_yoy,GDP (YoY),ridge,validation,2025-01-01,1,0.1081301277806823,-1.5667358750346094,1.6748660028152917
BOE,gdp_growth,gdp_yoy,GDP (YoY),ridge,validation,2025-02-01,1,0.0691177752535498,-0.9874235224451716,1.0565412976987214
BOE,gdp_growth,gdp_yoy,GDP (YoY),ridge,validation,2025-03-01,1,0.1081301277806823,-2.566871552933756,2.675001680714438
BOE,gdp_growth,gdp_yoy,GDP (YoY),ridge,test,2025-04-01,1,0.0171013052173731,-2.569240199735523,2.586341504952896
BOE,gdp_growth,gdp_yoy,GDP (YoY),ridge,test,2025-05-01,1,0.1081301277806823,-4.6472271415530315,4.755357269333714
BOE,gdp_growth,gdp_yoy,GDP (YoY),ridge,test,2025-06-01,1,0.0951260102716381,-3.478230702087926,3.573356712359564
BOE,gdp_growth,gdp_yoy,GDP (YoY),ridge,test,2025-07-01,1,0.0951260102716381,-2.322020944863232,2.41714695513487
BOE,gdp_growth,gdp_yoy,GDP (YoY),ridge,test,2025-08-01,1,0.0691177752535498,-3.0491279331901397,3.1182457084436894
BOE,gdp_growth,gdp_yoy,GDP (YoY),ridge,test,2025-09-01,1,0.0561136577445056,-1.88411583962079,1.9402294973652956
BOE,gdp_growth,gdp_yoy,GDP (YoY),ridge,test,2025-10-01,1,0.1081301277806823,-3.63414774797005,3.742277875750732
BOE,gdp_growth,gdp_yoy,GDP (YoY),ridge,test,2025-11-01,1,0.0171013052173731,-1.1534516617191313,1.1705529669365045
BOE,gdp_growth,gdp_yoy,GDP (YoY),ridge,test,2025-12-01,1,0.0301054227264173,-1.2924609109088077,1.322566333635225
BOE,gdp_growth,gdp_yoy,GDP (YoY),ridge,test,2026-01-01,1,0.0561136577445056,0.017368084202441493,0.03874557354206411
BOE,gdp_growth,gdp_yoy,GDP (YoY),ridge,test,2026-02-01,1,0.0561136577445056,-0.2910966599402475,0.34721031768475313
BOE,gdp_growth,gdp_yoy,GDP (YoY),ridge,test,2026-03-01,1,0.0561136577445056,-0.12142857150033351,0.17754222924483912
BOE,gdp_growth,gdp_yoy,GDP (YoY),random_forest,validation,2024-04-01,1,0.1081301277806823,0.03525595866933474,0.07287416911134756
BOE,gdp_growth,gdp_yoy,GDP (YoY),random_forest,validation,2024-05-01,1,0.0171013052173731,0.21533974107498718,-0.19823843585761408
BOE,gdp_growth,gdp_yoy,GDP (YoY),random_forest,validation,2024-06-01,1,0.0561136577445056,0.6254706218616256,-0.56935696411712
BOE,gdp_growth,gdp_yoy,GDP (YoY),random_forest,validation,2024-07-01,1,0.0561136577445056,0.5164715702221034,-0.46035791247759783
BOE,gdp_growth,gdp_yoy,GDP (YoY),random_forest,validation,2024-08-01,1,0.0561136577445056,0.488582289840894,-0.4324686320963884
BOE,gdp_growth,gdp_yoy,GDP (YoY),random_forest,validation,2024-09-01,1,0.1211342452897265,0.48840155043423067,-0.3672673051445042
BOE,gdp_growth,gdp_yoy,GDP (YoY),random_forest,validation,2024-10-01,1,0.0561136577445056,0.4080955281664639,-0.3519818704219583
BOE,gdp_growth,gdp_yoy,GDP (YoY),random_forest,validation,2024-11-01,1,0.1211342452897265,0.41127175806622757,-0.29013751277650107
BOE,gdp_growth,gdp_yoy,GDP (YoY),random_forest,validation,2024-12-01,1,0.0951260102716381,0.07522048633198807,0.019905523939650033
BOE,gdp_growth,gdp_yoy,GDP (YoY),random_forest,validation,2025-01-01,1,0.1081301277806823,0.09939936876142566,0.008730759019256643
BOE,gdp_growth,gdp_yoy,GDP (YoY),random_forest,validation,2025-02-01,1,0.0691177752535498,0.2798051062827087,-0.21068733102915893
BOE,gdp_growth,gdp_yoy,GDP (YoY),random_forest,validation,2025-03-01,1,0.1081301277806823,0.22115289708742536,-0.11302276930674306
BOE,gdp_growth,gdp_yoy,GDP (YoY),random_forest,test,2025-04-01,1,0.0171013052173731,0.36067282831771863,-0.34357152310034555
BOE,gdp_growth,gdp_yoy,GDP (YoY),random_forest,test,2025-05-01,1,0.1081301277806823,0.15119495644955191,-0.04306482866886961
BOE,gdp_growth,gdp_yoy,GDP (YoY),random_forest,test,2025-06-01,1,0.0951260102716381,0.09240610198595184,0.0027199082856862594
BOE,gdp_growth,gdp_yoy,GDP (YoY),random_forest,test,2025-07-01,1,0.0951260102716381,0.12179836421045376,-0.02667235393881566
BOE,gdp_growth,gdp_yoy,GDP (YoY),random_forest,test,2025-08-01,1,0.0691177752535498,0.07371288830845447,-0.004595113054904676
BOE,gdp_growth,gdp_yoy,GDP (YoY),random_forest,test,2025-09-01,1,0.0561136577445056,0.15860952942312626,-0.10249587167862065
BOE,gdp_growth,gdp_yoy,GDP (YoY),random_forest,test,2025-10-01,1,0.1081301277806823,0.1901350627066019,-0.0820049349259196
BOE,gdp_growth,gdp_yoy,GDP (YoY),random_forest,test,2025-11-01,1,0.0171013052173731,0.3698895657980449,-0.3527882605806718
BOE,gdp_growth,gdp_yoy,GDP (YoY),random_forest,test,2025-12-01,1,0.0301054227264173,0.3326228835189691,-0.3025174607925518
BOE,gdp_growth,gdp_yoy,GDP (YoY),random_forest,test,2026-01-01,1,0.0561136577445056,0.20535800072876662,-0.149244342984261
BOE,gdp_growth,gdp_yoy,GDP (YoY),random_forest,test,2026-02-01,1,0.0561136577445056,0.3758556116703959,-0.3197419539258903
BOE,gdp_growth,gdp_yoy,GDP (YoY),random_forest,test,2026-03-01,1,0.0561136577445056,0.332545609412328,-0.2764319516678224
BOE,gdp_growth,gdp_yoy,GDP (YoY),hist_gradient_boosting,validation,2024-04-01,1,0.1081301277806823,-0.19380278869190187,0.3019329164725842
BOE,gdp_growth,gdp_yoy,GDP (YoY),hist_gradient_boosting,validation,2024-05-01,1,0.0171013052173731,-0.1328596762933739,0.149960981510747
BOE,gdp_growth,gdp_yoy,GDP (YoY),hist_gradient_boosting,validation,2024-06-01,1,0.0561136577445056,-0.145464824716047,0.2015784824605526
BOE,gdp_growth,gdp_yoy,GDP (YoY),hist_gradient_boosting,validation,2024-07-01,1,0.0561136577445056,0.05242724078262036,0.003686416961885243
BOE,gdp_growth,gdp_yoy,GDP (YoY),hist_gradient_boosting,validation,2024-08-01,1,0.0561136577445056,-0.007510754515303883,0.06362441225980948
BOE,gdp_growth,gdp_yoy,GDP (YoY),hist_gradient_boosting,validation,2024-09-01,1,0.1211342452897265,-0.46122881721613135,0.5823630625058578
BOE,gdp_growth,gdp_yoy,GDP (YoY),hist_gradient_boosting,validation,2024-10-01,1,0.0561136577445056,-0.020621752436850826,0.07673541018135643
BOE,gdp_growth,gdp_yoy,GDP (YoY),hist_gradient_boosting,validation,2024-11-01,1,0.1211342452897265,-0.2892158757451927,0.4103501210349192
BOE,gdp_growth,gdp_yoy,GDP (YoY),hist_gradient_boosting,validation,2024-12-01,1,0.0951260102716381,-0.2135543200960424,0.3086803303676805
BOE,gdp_growth,gdp_yoy,GDP (YoY),hist_gradient_boosting,validation,2025-01-01,1,0.1081301277806823,-0.43637476452342033,0.5445048923041026
BOE,gdp_growth,gdp_yoy,GDP (YoY),hist_gradient_boosting,validation,2025-02-01,1,0.0691177752535498,-0.8501117103223688,0.9192294855759185
BOE,gdp_growth,gdp_yoy,GDP (YoY),hist_gradient_boosting,validation,2025-03-01,1,0.1081301277806823,-0.7414381673437199,0.8495682951244022
BOE,gdp_growth,gdp_yoy,GDP (YoY),hist_gradient_boosting,test,2025-04-01,1,0.0171013052173731,-0.5491674191453368,0.5662687243627099
BOE,gdp_growth,gdp_yoy,GDP (YoY),hist_gradient_boosting,test,2025-05-01,1,0.1081301277806823,-0.7504653652170983,0.8585954929977806
BOE,gdp_growth,gdp_yoy,GDP (YoY),hist_gradient_boosting,test,2025-06-01,1,0.0951260102716381,-0.45920898582859454,0.5543349961002326
BOE,gdp_growth,gdp_yoy,GDP (YoY),hist_gradient_boosting,test,2025-07-01,1,0.0951260102716381,-0.24104136710059912,0.33616737737223723
BOE,gdp_growth,gdp_yoy,GDP (YoY),hist_gradient_boosting,test,2025-08-01,1,0.0691177752535498,0.08577508489703571,-0.016657309643485912
BOE,gdp_growth,gdp_yoy,GDP (YoY),hist_gradient_boosting,test,2025-09-01,1,0.0561136577445056,-0.6339968233644253,0.6901104811089309
BOE,gdp_growth,gdp_yoy,GDP (YoY),hist_gradient_boosting,test,2025-10-01,1,0.1081301277806823,-0.6814315211735531,0.7895616489542354
BOE,gdp_growth,gdp_yoy,GDP (YoY),hist_gradient_boosting,test,2025-11-01,1,0.0171013052173731,-0.17521905677528055,0.19232036199265365
BOE,gdp_growth,gdp_yoy,GDP (YoY),hist_gradient_boosting,test,2025-12-01,1,0.0301054227264173,0.3434326338866318,-0.3133272111602145
BOE,gdp_growth,gdp_yoy,GDP (YoY),hist_gradient_boosting,test,2026-01-01,1,0.0561136577445056,-0.4686346607473893,0.5247483184918948
BOE,gdp_growth,gdp_yoy,GDP (YoY),hist_gradient_boosting,test,2026-02-01,1,0.0561136577445056,-0.3109998803179361,0.3671135380624417
BOE,gdp_growth,gdp_yoy,GDP (YoY),hist_gradient_boosting,test,2026-03-01,1,0.0561136577445056,-0.51964247742883,0.5757561351733356
BOE,unemployment,unemployment_rate,Unemployment Rate,persistence_baseline,validation,2024-04-01,1,0.2618664954164437,0.2618664954164437,0.0
BOE,unemployment,unemployment_rate,Unemployment Rate,persistence_baseline,validation,2024-05-01,1,-0.1755368815428905,0.2618664954164437,-0.4374033769593342
BOE,unemployment,unemployment_rate,Unemployment Rate,persistence_baseline,validation,2024-06-01,1,-0.3942385700225586,-0.1755368815428905,-0.2187016884796681
BOE,unemployment,unemployment_rate,Unemployment Rate,persistence_baseline,validation,2024-07-01,1,-0.6129402585022247,-0.3942385700225586,-0.2187016884796661
BOE,unemployment,unemployment_rate,Unemployment Rate,persistence_baseline,validation,2024-08-01,1,0.0431648069367756,-0.6129402585022247,0.6561050654390003
BOE,unemployment,unemployment_rate,Unemployment Rate,persistence_baseline,validation,2024-09-01,1,0.0431648069367756,0.0431648069367756,0.0
BOE,unemployment,unemployment_rate,Unemployment Rate,persistence_baseline,validation,2024-10-01,1,0.2618664954164437,0.0431648069367756,0.2187016884796681
BOE,unemployment,unemployment_rate,Unemployment Rate,persistence_baseline,validation,2024-11-01,1,0.2618664954164437,0.2618664954164437,0.0
BOE,unemployment,unemployment_rate,Unemployment Rate,persistence_baseline,validation,2024-12-01,1,0.2618664954164437,0.2618664954164437,0.0
BOE,unemployment,unemployment_rate,Unemployment Rate,persistence_baseline,validation,2025-01-01,1,0.2618664954164437,0.2618664954164437,0.0
BOE,unemployment,unemployment_rate,Unemployment Rate,persistence_baseline,validation,2025-02-01,1,0.4805681838961099,0.2618664954164437,0.2187016884796662
BOE,unemployment,unemployment_rate,Unemployment Rate,persistence_baseline,validation,2025-03-01,1,0.699269872375776,0.4805681838961099,0.2187016884796661
BOE,unemployment,unemployment_rate,Unemployment Rate,persistence_baseline,test,2025-04-01,1,0.917971560855444,0.699269872375776,0.21870168847966798
BOE,unemployment,unemployment_rate,Unemployment Rate,persistence_baseline,test,2025-05-01,1,0.917971560855444,0.917971560855444,0.0
BOE,unemployment,unemployment_rate,Unemployment Rate,persistence_baseline,test,2025-06-01,1,0.917971560855444,0.917971560855444,0.0
BOE,unemployment,unemployment_rate,Unemployment Rate,persistence_baseline,test,2025-07-01,1,1.1366732493351102,0.917971560855444,0.2187016884796662
BOE,unemployment,unemployment_rate,Unemployment Rate,persistence_baseline,test,2025-08-01,1,1.5740766262944446,1.1366732493351102,0.4374033769593344
BOE,unemployment,unemployment_rate,Unemployment Rate,persistence_baseline,test,2025-09-01,1,1.7927783147741103,1.5740766262944446,0.21870168847966576
BOE,unemployment,unemployment_rate,Unemployment Rate,persistence_baseline,test,2025-10-01,1,1.7927783147741103,1.7927783147741103,0.0
BOE,unemployment,unemployment_rate,Unemployment Rate,persistence_baseline,test,2025-11-01,1,2.0114800032537787,1.7927783147741103,0.21870168847966842
BOE,unemployment,unemployment_rate,Unemployment Rate,persistence_baseline,test,2025-12-01,1,2.0114800032537787,2.0114800032537787,0.0
BOE,unemployment,unemployment_rate,Unemployment Rate,persistence_baseline,test,2026-01-01,1,1.3553749378147784,2.0114800032537787,-0.6561050654390004
BOE,unemployment,unemployment_rate,Unemployment Rate,persistence_baseline,test,2026-02-01,1,1.3553749378147784,1.3553749378147784,0.0
BOE,unemployment,unemployment_rate,Unemployment Rate,persistence_baseline,test,2026-03-01,1,1.3553749378147784,1.3553749378147784,0.0
BOE,unemployment,unemployment_rate,Unemployment Rate,ridge,validation,2024-04-01,1,0.2618664954164437,1.6844530050848452,-1.4225865096684016
BOE,unemployment,unemployment_rate,Unemployment Rate,ridge,validation,2024-05-01,1,-0.1755368815428905,3.7508004356040194,-3.92633731714691
BOE,unemployment,unemployment_rate,Unemployment Rate,ridge,validation,2024-06-01,1,-0.3942385700225586,5.824451192229367,-6.218689762251926
BOE,unemployment,unemployment_rate,Unemployment Rate,ridge,validation,2024-07-01,1,-0.6129402585022247,6.719435058850844,-7.332375317353069
BOE,unemployment,unemployment_rate,Unemployment Rate,ridge,validation,2024-08-01,1,0.0431648069367756,6.821980844540477,-6.7788160376037006
BOE,unemployment,unemployment_rate,Unemployment Rate,ridge,validation,2024-09-01,1,0.0431648069367756,7.610427943380847,-7.567263136444071
BOE,unemployment,unemployment_rate,Unemployment Rate,ridge,validation,2024-10-01,1,0.2618664954164437,8.47287616270403,-8.211009667287586
BOE,unemployment,unemployment_rate,Unemployment Rate,ridge,validation,2024-11-01,1,0.2618664954164437,8.163165067029562,-7.901298571613118
BOE,unemployment,unemployment_rate,Unemployment Rate,ridge,validation,2024-12-01,1,0.2618664954164437,7.3405264877029435,-7.0786599922865
BOE,unemployment,unemployment_rate,Unemployment Rate,ridge,validation,2025-01-01,1,0.2618664954164437,6.773609723989798,-6.511743228573355
BOE,unemployment,unemployment_rate,Unemployment Rate,ridge,validation,2025-02-01,1,0.4805681838961099,5.94150975325331,-5.4609415693572005
BOE,unemployment,unemployment_rate,Unemployment Rate,ridge,validation,2025-03-01,1,0.699269872375776,5.8032828205679365,-5.10401294819216
BOE,unemployment,unemployment_rate,Unemployment Rate,ridge,test,2025-04-01,1,0.917971560855444,5.7809705876858795,-4.862999026830435
BOE,unemployment,unemployment_rate,Unemployment Rate,ridge,test,2025-05-01,1,0.917971560855444,3.6751670275673485,-2.7571954667119045
BOE,unemployment,unemployment_rate,Unemployment Rate,ridge,test,2025-06-01,1,0.917971560855444,2.5940654140193677,-1.6760938531639238
BOE,unemployment,unemployment_rate,Unemployment Rate,ridge,test,2025-07-01,1,1.1366732493351102,1.218713661495499,-0.08204041216038882
BOE,unemployment,unemployment_rate,Unemployment Rate,ridge,test,2025-08-01,1,1.5740766262944446,0.2583969862869935,1.315679640007451
BOE,unemployment,unemployment_rate,Unemployment Rate,ridge,test,2025-09-01,1,1.7927783147741103,-0.5096210641190977,2.302399378893208
BOE,unemployment,unemployment_rate,Unemployment Rate,ridge,test,2025-10-01,1,1.7927783147741103,-1.4258567148945815,3.218635029668692
BOE,unemployment,unemployment_rate,Unemployment Rate,ridge,test,2025-11-01,1,2.0114800032537787,-0.9142054094166052,2.9256854126703837
BOE,unemployment,unemployment_rate,Unemployment Rate,ridge,test,2025-12-01,1,2.0114800032537787,0.03553895419391839,1.9759410490598603
BOE,unemployment,unemployment_rate,Unemployment Rate,ridge,test,2026-01-01,1,1.3553749378147784,0.2859227962278579,1.0694521415869205
BOE,unemployment,unemployment_rate,Unemployment Rate,ridge,test,2026-02-01,1,1.3553749378147784,0.962599992938483,0.3927749448762954
BOE,unemployment,unemployment_rate,Unemployment Rate,ridge,test,2026-03-01,1,1.3553749378147784,1.2850876995975717,0.07028723821720662
BOE,unemployment,unemployment_rate,Unemployment Rate,random_forest,validation,2024-04-01,1,0.2618664954164437,0.21844306154078225,0.043423433875661444
BOE,unemployment,unemployment_rate,Unemployment Rate,random_forest,validation,2024-05-01,1,-0.1755368815428905,0.07509534752396516,-0.25063222906685567
BOE,unemployment,unemployment_rate,Unemployment Rate,random_forest,validation,2024-06-01,1,-0.3942385700225586,-0.19035845446389768,-0.2038801155586609
BOE,unemployment,unemployment_rate,Unemployment Rate,random_forest,validation,2024-07-01,1,-0.6129402585022247,-0.23322563009893002,-0.3797146284032946
BOE,unemployment,unemployment_rate,Unemployment Rate,random_forest,validation,2024-08-01,1,0.0431648069367756,-0.4411145240597878,0.4842793309965634
BOE,unemployment,unemployment_rate,Unemployment Rate,random_forest,validation,2024-09-01,1,0.0431648069367756,-0.18858523870091276,0.23175004563768836
BOE,unemployment,unemployment_rate,Unemployment Rate,random_forest,validation,2024-10-01,1,0.2618664954164437,-0.17061027947124674,0.43247677488769043
BOE,unemployment,unemployment_rate,Unemployment Rate,random_forest,validation,2024-11-01,1,0.2618664954164437,0.03938728693838301,0.22247920847806069
BOE,unemployment,unemployment_rate,Unemployment Rate,random_forest,validation,2024-12-01,1,0.2618664954164437,-0.015676188664501694,0.2775426840809454
BOE,unemployment,unemployment_rate,Unemployment Rate,random_forest,validation,2025-01-01,1,0.2618664954164437,0.046873046517674134,0.21499344889876956
BOE,unemployment,unemployment_rate,Unemployment Rate,random_forest,validation,2025-02-01,1,0.4805681838961099,-0.043929496079007896,0.5244976799751178
BOE,unemployment,unemployment_rate,Unemployment Rate,random_forest,validation,2025-03-01,1,0.699269872375776,0.0556033228480758,0.6436665495277002
BOE,unemployment,unemployment_rate,Unemployment Rate,random_forest,test,2025-04-01,1,0.917971560855444,0.07561397506697422,0.8423575857884698
BOE,unemployment,unemployment_rate,Unemployment Rate,random_forest,test,2025-05-01,1,0.917971560855444,0.01404893693131334,0.9039226239241306
BOE,unemployment,unemployment_rate,Unemployment Rate,random_forest,test,2025-06-01,1,0.917971560855444,0.08966646586399246,0.8283050949914514
BOE,unemployment,unemployment_rate,Unemployment Rate,random_forest,test,2025-07-01,1,1.1366732493351102,0.12053117558260705,1.016142073752503
BOE,unemployment,unemployment_rate,Unemployment Rate,random_forest,test,2025-08-01,1,1.5740766262944446,0.07069819701745819,1.5033784292769863
BOE,unemployment,unemployment_rate,Unemployment Rate,random_forest,test,2025-09-01,1,1.7927783147741103,0.06810730785873388,1.7246710069153763
BOE,unemployment,unemployment_rate,Unemployment Rate,random_forest,test,2025-10-01,1,1.7927783147741103,0.04203711194173007,1.7507412028323803
BOE,unemployment,unemployment_rate,Unemployment Rate,random_forest,test,2025-11-01,1,2.0114800032537787,0.08017582246190154,1.9313041807918772
BOE,unemployment,unemployment_rate,Unemployment Rate,random_forest,test,2025-12-01,1,2.0114800032537787,0.13157947678976806,1.8799005264640107
BOE,unemployment,unemployment_rate,Unemployment Rate,random_forest,test,2026-01-01,1,1.3553749378147784,0.10445395843946549,1.2509209793753129
BOE,unemployment,unemployment_rate,Unemployment Rate,random_forest,test,2026-02-01,1,1.3553749378147784,0.10493061293115016,1.2504443248836281
BOE,unemployment,unemployment_rate,Unemployment Rate,random_forest,test,2026-03-01,1,1.3553749378147784,0.065373300062599,1.2900016377521792
BOE,unemployment,unemployment_rate,Unemployment Rate,hist_gradient_boosting,validation,2024-04-01,1,0.2618664954164437,0.44922240136280644,-0.18735590594636276
BOE,unemployment,unemployment_rate,Unemployment Rate,hist_gradient_boosting,validation,2024-05-01,1,-0.1755368815428905,-0.040768756760207796,-0.13476812478268269
BOE,unemployment,unemployment_rate,Unemployment Rate,hist_gradient_boosting,validation,2024-06-01,1,-0.3942385700225586,0.39433434506210174,-0.7885729150846603
BOE,unemployment,unemployment_rate,Unemployment Rate,hist_gradient_boosting,validation,2024-07-01,1,-0.6129402585022247,0.13338388341871915,-0.7463241419209439
BOE,unemployment,unemployment_rate,Unemployment Rate,hist_gradient_boosting,validation,2024-08-01,1,0.0431648069367756,0.1117132138926761,-0.0685484069559005
BOE,unemployment,unemployment_rate,Unemployment Rate,hist_gradient_boosting,validation,2024-09-01,1,0.0431648069367756,0.27260301063514414,-0.22943820369836854
BOE,unemployment,unemployment_rate,Unemployment Rate,hist_gradient_boosting,validation,2024-10-01,1,0.2618664954164437,0.5512413295503752,-0.2893748341339315
BOE,unemployment,unemployment_rate,Unemployment Rate,hist_gradient_boosting,validation,2024-11-01,1,0.2618664954164437,0.5309639151671226,-0.2690974197506789
BOE,unemployment,unemployment_rate,Unemployment Rate,hist_gradient_boosting,validation,2024-12-01,1,0.2618664954164437,0.504380909506513,-0.24251441409006935
BOE,unemployment,unemployment_rate,Unemployment Rate,hist_gradient_boosting,validation,2025-01-01,1,0.2618664954164437,0.401957462638629,-0.14009096722218534
BOE,unemployment,unemployment_rate,Unemployment Rate,hist_gradient_boosting,validation,2025-02-01,1,0.4805681838961099,0.44283358141445667,0.03773460248165322
BOE,unemployment,unemployment_rate,Unemployment Rate,hist_gradient_boosting,validation,2025-03-01,1,0.699269872375776,0.45136736778063535,0.24790250459514063
BOE,unemployment,unemployment_rate,Unemployment Rate,hist_gradient_boosting,test,2025-04-01,1,0.917971560855444,0.44582544678771774,0.4721461140677262
BOE,unemployment,unemployment_rate,Unemployment Rate,hist_gradient_boosting,test,2025-05-01,1,0.917971560855444,0.33783083268531783,0.5801407281701261
BOE,unemployment,unemployment_rate,Unemployment Rate,hist_gradient_boosting,test,2025-06-01,1,0.917971560855444,0.504380909506513,0.4135906513489309
BOE,unemployment,unemployment_rate,Unemployment Rate,hist_gradient_boosting,test,2025-07-01,1,1.1366732493351102,0.46350479073068557,0.6731684586044246
BOE,unemployment,unemployment_rate,Unemployment Rate,hist_gradient_boosting,test,2025-08-01,1,1.5740766262944446,0.504380909506513,1.0696957167879315
BOE,unemployment,unemployment_rate,Unemployment Rate,hist_gradient_boosting,test,2025-09-01,1,1.7927783147741103,0.3328469205684895,1.4599313942056207
BOE,unemployment,unemployment_rate,Unemployment Rate,hist_gradient_boosting,test,2025-10-01,1,1.7927783147741103,0.291970801792662,1.5008075129814484
BOE,unemployment,unemployment_rate,Unemployment Rate,hist_gradient_boosting,test,2025-11-01,1,2.0114800032537787,0.10205896897360385,1.909421034280175
BOE,unemployment,unemployment_rate,Unemployment Rate,hist_gradient_boosting,test,2025-12-01,1,2.0114800032537787,0.10205896897360385,1.909421034280175
BOE,unemployment,unemployment_rate,Unemployment Rate,hist_gradient_boosting,test,2026-01-01,1,1.3553749378147784,0.10760088996652145,1.2477740478482569
BOE,unemployment,unemployment_rate,Unemployment Rate,hist_gradient_boosting,test,2026-02-01,1,1.3553749378147784,0.14431129904211626,1.211063638772662
BOE,unemployment,unemployment_rate,Unemployment Rate,hist_gradient_boosting,test,2026-03-01,1,1.3553749378147784,0.37174574234480706,0.9836291954699713
BOJ,inflation,cpi_headline_yoy,Headline CPI (YoY),persistence_baseline,validation,2024-04-01,1,0.576997149127733,0.3781849614497241,0.19881218767800896
BOJ,inflation,cpi_headline_yoy,Headline CPI (YoY),persistence_baseline,validation,2024-05-01,1,0.576997149127733,0.576997149127733,0.0
BOJ,inflation,cpi_headline_yoy,Headline CPI (YoY),persistence_baseline,validation,2024-06-01,1,0.576997149127733,0.576997149127733,0.0
BOJ,inflation,cpi_headline_yoy,Headline CPI (YoY),persistence_baseline,validation,2024-07-01,1,0.7095386075797392,0.576997149127733,0.13254145845200616
BOJ,inflation,cpi_headline_yoy,Headline CPI (YoY),persistence_baseline,validation,2024-08-01,1,0.3781849614497241,0.7095386075797392,-0.3313536461300151
BOJ,inflation,cpi_headline_yoy,Headline CPI (YoY),persistence_baseline,validation,2024-09-01,1,0.2456435029977179,0.3781849614497241,-0.13254145845200618
BOJ,inflation,cpi_headline_yoy,Headline CPI (YoY),persistence_baseline,validation,2024-10-01,1,0.6432678783537361,0.2456435029977179,0.39762437535601824
BOJ,inflation,cpi_headline_yoy,Headline CPI (YoY),persistence_baseline,validation,2024-11-01,1,1.1071629829357574,0.6432678783537361,0.4638951045820213
BOJ,inflation,cpi_headline_yoy,Headline CPI (YoY),persistence_baseline,validation,2024-12-01,1,1.3722458998397695,1.1071629829357574,0.2650829169040121
BOJ,inflation,cpi_headline_yoy,Headline CPI (YoY),persistence_baseline,validation,2025-01-01,1,1.1734337121617606,1.3722458998397695,-0.1988121876780089
BOJ,inflation,cpi_headline_yoy,Headline CPI (YoY),persistence_baseline,validation,2025-02-01,1,1.1071629829357574,1.1734337121617606,-0.06627072922600319
BOJ,inflation,cpi_headline_yoy,Headline CPI (YoY),persistence_baseline,validation,2025-03-01,1,1.1071629829357574,1.1071629829357574,0.0
BOJ,inflation,cpi_headline_yoy,Headline CPI (YoY),persistence_baseline,test,2025-04-01,1,1.0408922537097545,1.1071629829357574,-0.06627072922600297
BOJ,inflation,cpi_headline_yoy,Headline CPI (YoY),persistence_baseline,test,2025-05-01,1,0.9083507952577482,1.0408922537097545,-0.13254145845200627
BOJ,inflation,cpi_headline_yoy,Headline CPI (YoY),persistence_baseline,test,2025-06-01,1,0.7758093368057423,0.9083507952577482,-0.13254145845200593
BOJ,inflation,cpi_headline_yoy,Headline CPI (YoY),persistence_baseline,test,2025-07-01,1,0.5107264199017303,0.7758093368057423,-0.265082916904012
BOJ,inflation,cpi_headline_yoy,Headline CPI (YoY),persistence_baseline,test,2025-08-01,1,0.6432678783537361,0.5107264199017303,0.13254145845200582
BOJ,inflation,cpi_headline_yoy,Headline CPI (YoY),persistence_baseline,test,2025-09-01,1,0.7095386075797392,0.6432678783537361,0.06627072922600308
BOJ,inflation,cpi_headline_yoy,Headline CPI (YoY),persistence_baseline,test,2025-10-01,1,0.6432678783537361,0.7095386075797392,-0.06627072922600308
BOJ,inflation,cpi_headline_yoy,Headline CPI (YoY),persistence_baseline,test,2025-11-01,1,0.0468313153197089,0.6432678783537361,-0.5964365630340273
BOJ,inflation,cpi_headline_yoy,Headline CPI (YoY),persistence_baseline,test,2025-12-01,1,-0.2845223308103062,0.0468313153197089,-0.3313536461300151
BOJ,inflation,cpi_headline_yoy,Headline CPI (YoY),persistence_baseline,test,2026-01-01,1,-0.4170637892623122,-0.2845223308103062,-0.132541458452006
BOJ,inflation,cpi_headline_yoy,Headline CPI (YoY),persistence_baseline,test,2026-02-01,1,-0.2845223308103062,-0.4170637892623122,0.132541458452006
BOJ,inflation,cpi_headline_yoy,Headline CPI (YoY),persistence_baseline,test,2026-03-01,1,-0.2845223308103062,-0.2845223308103062,0.0
BOJ,inflation,cpi_headline_yoy,Headline CPI (YoY),ridge,validation,2024-04-01,1,0.576997149127733,0.08378040231248834,0.4932167468152447
BOJ,inflation,cpi_headline_yoy,Headline CPI (YoY),ridge,validation,2024-05-01,1,0.576997149127733,0.2812145824101701,0.2957825667175629
BOJ,inflation,cpi_headline_yoy,Headline CPI (YoY),ridge,validation,2024-06-01,1,0.576997149127733,0.5044937662474227,0.07250338288031033
BOJ,inflation,cpi_headline_yoy,Headline CPI (YoY),ridge,validation,2024-07-01,1,0.7095386075797392,0.13856115778548506,0.5709774497942541
BOJ,inflation,cpi_headline_yoy,Headline CPI (YoY),ridge,validation,2024-08-01,1,0.3781849614497241,-0.06645486131425832,0.4446398227639824
BOJ,inflation,cpi_headline_yoy,Headline CPI (YoY),ridge,validation,2024-09-01,1,0.2456435029977179,-0.11680863273194347,0.3624521357296614
BOJ,inflation,cpi_headline_yoy,Headline CPI (YoY),ridge,validation,2024-10-01,1,0.6432678783537361,-0.07765948335652695,0.7209273617102631
BOJ,inflation,cpi_headline_yoy,Headline CPI (YoY),ridge,validation,2024-11-01,1,1.1071629829357574,0.18357136505605415,0.9235916178797032
BOJ,inflation,cpi_headline_yoy,Headline CPI (YoY),ridge,validation,2024-12-01,1,1.3722458998397695,0.14042181648881102,1.2318240833509586
BOJ,inflation,cpi_headline_yoy,Headline CPI (YoY),ridge,validation,2025-01-01,1,1.1734337121617606,0.46738673633178257,0.7060469758299781
BOJ,inflation,cpi_headline_yoy,Headline CPI (YoY),ridge,validation,2025-02-01,1,1.1071629829357574,0.49764280687288737,0.6095201760628701
BOJ,inflation,cpi_headline_yoy,Headline CPI (YoY),ridge,validation,2025-03-01,1,1.1071629829357574,0.32277349384938253,0.784389489086375
BOJ,inflation,cpi_headline_yoy,Headline CPI (YoY),ridge,test,2025-04-01,1,1.0408922537097545,0.5544620837126697,0.48643016999708477
BOJ,inflation,cpi_headline_yoy,Headline CPI (YoY),ridge,test,2025-05-01,1,0.9083507952577482,0.11670293301783313,0.791647862239915
BOJ,inflation,cpi_headline_yoy,Headline CPI (YoY),ridge,test,2025-06-01,1,0.7758093368057423,0.28568574593782287,0.4901235908679194
BOJ,inflation,cpi_headline_yoy,Headline CPI (YoY),ridge,test,2025-07-01,1,0.5107264199017303,0.15758042757587198,0.3531459923258583
BOJ,inflation,cpi_headline_yoy,Headline CPI (YoY),ridge,test,2025-08-01,1,0.6432678783537361,-0.22302070431430512,0.8662885826680412
BOJ,inflation,cpi_headline_yoy,Headline CPI (YoY),ridge,test,2025-09-01,1,0.7095386075797392,-0.081061638996478,0.7906002465762172
BOJ,inflation,cpi_headline_yoy,Headline CPI (YoY),ridge,test,2025-10-01,1,0.6432678783537361,0.04693936794717368,0.5963285104065624
BOJ,inflation,cpi_headline_yoy,Headline CPI (YoY),ridge,test,2025-11-01,1,0.0468313153197089,-0.1281788074362395,0.1750101227559484
BOJ,inflation,cpi_headline_yoy,Headline CPI (YoY),ridge,test,2025-12-01,1,-0.2845223308103062,-0.26641933070904267,-0.018103000101263533
BOJ,inflation,cpi_headline_yoy,Headline CPI (YoY),ridge,test,2026-01-01,1,-0.4170637892623122,-0.37029037070292536,-0.046773418559386826
BOJ,inflation,cpi_headline_yoy,Headline CPI (YoY),ridge,test,2026-02-01,1,-0.2845223308103062,0.14432446615256755,-0.42884679696287376
BOJ,inflation,cpi_headline_yoy,Headline CPI (YoY),ridge,test,2026-03-01,1,-0.2845223308103062,0.090106498665398,-0.3746288294757042
BOJ,inflation,cpi_headline_yoy,Headline CPI (YoY),random_forest,validation,2024-04-01,1,0.576997149127733,0.4892800572069438,0.08771709192078925
BOJ,inflation,cpi_headline_yoy,Headline CPI (YoY),random_forest,validation,2024-05-01,1,0.576997149127733,0.34239966418728784,0.2345974849404452
BOJ,inflation,cpi_headline_yoy,Headline CPI (YoY),random_forest,validation,2024-06-01,1,0.576997149127733,0.4682387540234408,0.10875839510429225
BOJ,inflation,cpi_headline_yoy,Headline CPI (YoY),random_forest,validation,2024-07-01,1,0.7095386075797392,0.40644615217965646,0.3030924554000827
BOJ,inflation,cpi_headline_yoy,Headline CPI (YoY),random_forest,validation,2024-08-01,1,0.3781849614497241,0.534356333793664,-0.1561713723439399
BOJ,inflation,cpi_headline_yoy,Headline CPI (YoY),random_forest,validation,2024-09-01,1,0.2456435029977179,0.4350703735817736,-0.1894268705840557
BOJ,inflation,cpi_headline_yoy,Headline CPI (YoY),random_forest,validation,2024-10-01,1,0.6432678783537361,0.4388831280201058,0.2043847503336303
BOJ,inflation,cpi_headline_yoy,Headline CPI (YoY),random_forest,validation,2024-11-01,1,1.1071629829357574,0.4862626351944872,0.6209003477412702
BOJ,inflation,cpi_headline_yoy,Headline CPI (YoY),random_forest,validation,2024-12-01,1,1.3722458998397695,0.5257028516303385,0.846543048209431
BOJ,inflation,cpi_headline_yoy,Headline CPI (YoY),random_forest,validation,2025-01-01,1,1.1734337121617606,0.5962730498116101,0.5771606623501505
BOJ,inflation,cpi_headline_yoy,Headline CPI (YoY),random_forest,validation,2025-02-01,1,1.1071629829357574,0.6488693328478392,0.4582936500879182
BOJ,inflation,cpi_headline_yoy,Headline CPI (YoY),random_forest,validation,2025-03-01,1,1.1071629829357574,0.6135464603978318,0.49361652253792565
BOJ,inflation,cpi_headline_yoy,Headline CPI (YoY),random_forest,test,2025-04-01,1,1.0408922537097545,0.6193214332731476,0.4215708204366069
BOJ,inflation,cpi_headline_yoy,Headline CPI (YoY),random_forest,test,2025-05-01,1,0.9083507952577482,0.7029652384802664,0.20538555677748183
BOJ,inflation,cpi_headline_yoy,Headline CPI (YoY),random_forest,test,2025-06-01,1,0.7758093368057423,0.6986441932864962,0.07716514351924608
BOJ,inflation,cpi_headline_yoy,Headline CPI (YoY),random_forest,test,2025-07-01,1,0.5107264199017303,0.6784284890307443,-0.16770206912901398
BOJ,inflation,cpi_headline_yoy,Headline CPI (YoY),random_forest,test,2025-08-01,1,0.6432678783537361,0.43917941809484107,0.20408846025889504
BOJ,inflation,cpi_headline_yoy,Headline CPI (YoY),random_forest,test,2025-09-01,1,0.7095386075797392,0.4070926862582363,0.3024459213215029
BOJ,inflation,cpi_headline_yoy,Headline CPI (YoY),random_forest,test,2025-10-01,1,0.6432678783537361,0.3987231378307164,0.24454474052301972
BOJ,inflation,cpi_headline_yoy,Headline CPI (YoY),random_forest,test,2025-11-01,1,0.0468313153197089,0.5307055827467828,-0.4838742674270739
BOJ,inflation,cpi_headline_yoy,Headline CPI (YoY),random_forest,test,2025-12-01,1,-0.2845223308103062,0.5216738768923609,-0.8061962077026671
BOJ,inflation,cpi_headline_yoy,Headline CPI (YoY),random_forest,test,2026-01-01,1,-0.4170637892623122,0.41552336536924483,-0.8325871546315571
BOJ,inflation,cpi_headline_yoy,Headline CPI (YoY),random_forest,test,2026-02-01,1,-0.2845223308103062,0.29170921448166437,-0.5762315452919706
BOJ,inflation,cpi_headline_yoy,Headline CPI (YoY),random_forest,test,2026-03-01,1,-0.2845223308103062,0.2883648736067251,-0.5728872044170312
BOJ,inflation,cpi_headline_yoy,Headline CPI (YoY),hist_gradient_boosting,validation,2024-04-01,1,0.576997149127733,0.4257229635736955,0.15127418555403754
BOJ,inflation,cpi_headline_yoy,Headline CPI (YoY),hist_gradient_boosting,validation,2024-05-01,1,0.576997149127733,0.43815575535783885,0.13884139376989418
BOJ,inflation,cpi_headline_yoy,Headline CPI (YoY),hist_gradient_boosting,validation,2024-06-01,1,0.576997149127733,0.5209975301112418,0.0559996190164912
BOJ,inflation,cpi_headline_yoy,Headline CPI (YoY),hist_gradient_boosting,validation,2024-07-01,1,0.7095386075797392,0.41768172846152635,0.29185687911821284
BOJ,inflation,cpi_headline_yoy,Headline CPI (YoY),hist_gradient_boosting,validation,2024-08-01,1,0.3781849614497241,0.4889789545482785,-0.11079399309855442
BOJ,inflation,cpi_headline_yoy,Headline CPI (YoY),hist_gradient_boosting,validation,2024-09-01,1,0.2456435029977179,0.5874296227668265,-0.34178611976910866
BOJ,inflation,cpi_headline_yoy,Headline CPI (YoY),hist_gradient_boosting,validation,2024-10-01,1,0.6432678783537361,0.5100551586050763,0.13321271974865978
BOJ,inflation,cpi_headline_yoy,Headline CPI (YoY),hist_gradient_boosting,validation,2024-11-01,1,1.1071629829357574,0.4762912727452539,0.6308717101905035
BOJ,inflation,cpi_headline_yoy,Headline CPI (YoY),hist_gradient_boosting,validation,2024-12-01,1,1.3722458998397695,0.3609039529133018,1.0113419469264677
BOJ,inflation,cpi_headline_yoy,Headline CPI (YoY),hist_gradient_boosting,validation,2025-01-01,1,1.1734337121617606,0.5597900484797452,0.6136436636820154
BOJ,inflation,cpi_headline_yoy,Headline CPI (YoY),hist_gradient_boosting,validation,2025-02-01,1,1.1071629829357574,0.6384934194168052,0.4686695635189523
BOJ,inflation,cpi_headline_yoy,Headline CPI (YoY),hist_gradient_boosting,validation,2025-03-01,1,1.1071629829357574,0.6375370728765484,0.46962591005920906
BOJ,inflation,cpi_headline_yoy,Headline CPI (YoY),hist_gradient_boosting,test,2025-04-01,1,1.0408922537097545,0.7867229553773911,0.25416929833236335
BOJ,inflation,cpi_headline_yoy,Headline CPI (YoY),hist_gradient_boosting,test,2025-05-01,1,0.9083507952577482,0.7493235288724588,0.1590272663852894
BOJ,inflation,cpi_headline_yoy,Headline CPI (YoY),hist_gradient_boosting,test,2025-06-01,1,0.7758093368057423,0.7760152955986047,-0.00020595879286244845
BOJ,inflation,cpi_headline_yoy,Headline CPI (YoY),hist_gradient_boosting,test,2025-07-01,1,0.5107264199017303,0.7349804467623801,-0.22425402686064977
BOJ,inflation,cpi_headline_yoy,Headline CPI (YoY),hist_gradient_boosting,test,2025-08-01,1,0.6432678783537361,0.5128846559664804,0.13038322238725575
BOJ,inflation,cpi_headline_yoy,Headline CPI (YoY),hist_gradient_boosting,test,2025-09-01,1,0.7095386075797392,0.5186811935517687,0.19085741402797052
BOJ,inflation,cpi_headline_yoy,Headline CPI (YoY),hist_gradient_boosting,test,2025-10-01,1,0.6432678783537361,0.5374909504543929,0.10577692789934323
BOJ,inflation,cpi_headline_yoy,Headline CPI (YoY),hist_gradient_boosting,test,2025-11-01,1,0.0468313153197089,0.26380275315621693,-0.21697143783650802
BOJ,inflation,cpi_headline_yoy,Headline CPI (YoY),hist_gradient_boosting,test,2025-12-01,1,-0.2845223308103062,0.4697075743291746,-0.7542299051394807
BOJ,inflation,cpi_headline_yoy,Headline CPI (YoY),hist_gradient_boosting,test,2026-01-01,1,-0.4170637892623122,0.48254518996731,-0.8996089792296222
BOJ,inflation,cpi_headline_yoy,Headline CPI (YoY),hist_gradient_boosting,test,2026-02-01,1,-0.2845223308103062,0.45498457646008705,-0.7395069072703933
BOJ,inflation,cpi_headline_yoy,Headline CPI (YoY),hist_gradient_boosting,test,2026-03-01,1,-0.2845223308103062,0.4334235974608525,-0.7179459282711587
BOJ,gdp_growth,gdp_qoq,GDP (QoQ),persistence_baseline,validation,2024-04-01,1,0.25490773810053,0.3170803571494398,-0.06217261904890975
BOJ,gdp_growth,gdp_qoq,GDP (QoQ),persistence_baseline,validation,2024-05-01,1,0.19273511905162027,0.25490773810053,-0.06217261904890975
BOJ,gdp_growth,gdp_qoq,GDP (QoQ),persistence_baseline,validation,2024-06-01,1,0.1305625000027105,0.19273511905162027,-0.06217261904890978
BOJ,gdp_growth,gdp_qoq,GDP (QoQ),persistence_baseline,validation,2024-07-01,1,0.17719196428939282,0.1305625000027105,0.046629464286682326
BOJ,gdp_growth,gdp_qoq,GDP (QoQ),persistence_baseline,validation,2024-08-01,1,0.22382142857607515,0.17719196428939282,0.046629464286682326
BOJ,gdp_growth,gdp_qoq,GDP (QoQ),persistence_baseline,validation,2024-09-01,1,0.2704508928627575,0.22382142857607515,0.046629464286682326
BOJ,gdp_growth,gdp_qoq,GDP (QoQ),persistence_baseline,validation,2024-10-01,1,0.14610565476493792,0.2704508928627575,-0.12434523809781955
BOJ,gdp_growth,gdp_qoq,GDP (QoQ),persistence_baseline,validation,2024-11-01,1,0.021760416667118393,0.14610565476493792,-0.12434523809781953
BOJ,gdp_growth,gdp_qoq,GDP (QoQ),persistence_baseline,validation,2024-12-01,1,-0.1025848214307011,0.021760416667118393,-0.1243452380978195
BOJ,gdp_growth,gdp_qoq,GDP (QoQ),persistence_baseline,validation,2025-01-01,1,0.0062172619048909555,-0.1025848214307011,0.10880208333559206
BOJ,gdp_growth,gdp_qoq,GDP (QoQ),persistence_baseline,validation,2025-02-01,1,0.11501934524048302,0.0062172619048909555,0.10880208333559206
BOJ,gdp_growth,gdp_qoq,GDP (QoQ),persistence_baseline,validation,2025-03-01,1,0.2238214285760751,0.11501934524048302,0.10880208333559208
BOJ,gdp_growth,gdp_qoq,GDP (QoQ),persistence_baseline,test,2025-04-01,1,0.05284672619157327,0.2238214285760751,-0.17097470238450183
BOJ,gdp_growth,gdp_qoq,GDP (QoQ),persistence_baseline,test,2025-05-01,1,-0.11812797619292856,0.05284672619157327,-0.17097470238450183
BOJ,gdp_growth,gdp_qoq,GDP (QoQ),persistence_baseline,test,2025-06-01,1,-0.2891026785774304,-0.11812797619292856,-0.17097470238450183
BOJ,gdp_growth,gdp_qoq,GDP (QoQ),persistence_baseline,test,2025-07-01,1,-0.18030059524183834,-0.2891026785774304,0.10880208333559205
BOJ,gdp_growth,gdp_qoq,GDP (QoQ),persistence_baseline,test,2025-08-01,1,-0.07149851190624626,-0.18030059524183834,0.10880208333559208
BOJ,gdp_growth,gdp_qoq,GDP (QoQ),persistence_baseline,test,2025-09-01,1,0.0373035714293458,-0.07149851190624626,0.10880208333559206
BOJ,gdp_growth,gdp_qoq,GDP (QoQ),persistence_baseline,test,2025-10-01,1,0.0373035714293458,0.0373035714293458,0.0
BOJ,gdp_growth,gdp_qoq,GDP (QoQ),persistence_baseline,test,2025-11-01,1,0.0373035714293458,0.0373035714293458,0.0
BOJ,gdp_growth,gdp_qoq,GDP (QoQ),persistence_baseline,test,2025-12-01,1,0.0373035714293458,0.0373035714293458,0.0
BOJ,gdp_growth,gdp_qoq,GDP (QoQ),persistence_baseline,test,2026-01-01,1,0.0373035714293458,0.0373035714293458,0.0
BOJ,gdp_growth,gdp_qoq,GDP (QoQ),persistence_baseline,test,2026-02-01,1,0.0373035714293458,0.0373035714293458,0.0
BOJ,gdp_growth,gdp_qoq,GDP (QoQ),persistence_baseline,test,2026-03-01,1,0.0373035714293458,0.0373035714293458,0.0
BOJ,gdp_growth,gdp_qoq,GDP (QoQ),ridge,validation,2024-04-01,1,0.25490773810053,0.6237237905242502,-0.3688160524237202
BOJ,gdp_growth,gdp_qoq,GDP (QoQ),ridge,validation,2024-05-01,1,0.19273511905162027,0.019947230627665284,0.17278788842395498
BOJ,gdp_growth,gdp_qoq,GDP (QoQ),ridge,validation,2024-06-01,1,0.1305625000027105,-0.48847537195078206,0.6190378719534926
BOJ,gdp_growth,gdp_qoq,GDP (QoQ),ridge,validation,2024-07-01,1,0.17719196428939282,-0.4096246214353,0.5868165857246928
BOJ,gdp_growth,gdp_qoq,GDP (QoQ),ridge,validation,2024-08-01,1,0.22382142857607515,0.03097545626719253,0.19284597230888262
BOJ,gdp_growth,gdp_qoq,GDP (QoQ),ridge,validation,2024-09-01,1,0.2704508928627575,0.03552769384550774,0.23492319901724973
BOJ,gdp_growth,gdp_qoq,GDP (QoQ),ridge,validation,2024-10-01,1,0.14610565476493792,-0.06777506073407642,0.21388071549901433
BOJ,gdp_growth,gdp_qoq,GDP (QoQ),ridge,validation,2024-11-01,1,0.021760416667118393,-0.019163670569162315,0.04092408723628071
BOJ,gdp_growth,gdp_qoq,GDP (QoQ),ridge,validation,2024-12-01,1,-0.1025848214307011,-0.21749293588465057,0.11490811445394947
BOJ,gdp_growth,gdp_qoq,GDP (QoQ),ridge,validation,2025-01-01,1,0.0062172619048909555,-0.5006584678000318,0.5068757297049227
BOJ,gdp_growth,gdp_qoq,GDP (QoQ),ridge,validation,2025-02-01,1,0.11501934524048302,0.438725640858885,-0.323706295618402
BOJ,gdp_growth,gdp_qoq,GDP (QoQ),ridge,validation,2025-03-01,1,0.2238214285760751,-0.41543753044288906,0.6392589590189641
BOJ,gdp_growth,gdp_qoq,GDP (QoQ),ridge,test,2025-04-01,1,0.05284672619157327,0.5369597153693024,-0.48411298917772916
BOJ,gdp_growth,gdp_qoq,GDP (QoQ),ridge,test,2025-05-01,1,-0.11812797619292856,-0.4453524548928785,0.32722447869994997
BOJ,gdp_growth,gdp_qoq,GDP (QoQ),ridge,test,2025-06-01,1,-0.2891026785774304,-0.6073763315271801,0.3182736529497497
BOJ,gdp_growth,gdp_qoq,GDP (QoQ),ridge,test,2025-07-01,1,-0.18030059524183834,-1.5946112819363758,1.4143106866945374
BOJ,gdp_growth,gdp_qoq,GDP (QoQ),ridge,test,2025-08-01,1,-0.07149851190624626,-0.7070847271871349,0.6355862152808887
BOJ,gdp_growth,gdp_qoq,GDP (QoQ),ridge,test,2025-09-01,1,0.0373035714293458,-0.705418921176046,0.7427224926053918
BOJ,gdp_growth,gdp_qoq,GDP (QoQ),ridge,test,2025-10-01,1,0.0373035714293458,-0.6683872643533478,0.7056908357826936
BOJ,gdp_growth,gdp_qoq,GDP (QoQ),ridge,test,2025-11-01,1,0.0373035714293458,-0.06916493036824255,0.10646850179758835
BOJ,gdp_growth,gdp_qoq,GDP (QoQ),ridge,test,2025-12-01,1,0.0373035714293458,-0.34084205828913977,0.3781456297184856
BOJ,gdp_growth,gdp_qoq,GDP (QoQ),ridge,test,2026-01-01,1,0.0373035714293458,0.14950539982723443,-0.11220182839788863
BOJ,gdp_growth,gdp_qoq,GDP (QoQ),ridge,test,2026-02-01,1,0.0373035714293458,-0.22665746627594258,0.2639610377052884
BOJ,gdp_growth,gdp_qoq,GDP (QoQ),ridge,test,2026-03-01,1,0.0373035714293458,0.1195497657635687,-0.0822461943342229
BOJ,gdp_growth,gdp_qoq,GDP (QoQ),random_forest,validation,2024-04-01,1,0.25490773810053,0.1702012188711614,0.08470651922936862
BOJ,gdp_growth,gdp_qoq,GDP (QoQ),random_forest,validation,2024-05-01,1,0.19273511905162027,0.1260154487637178,0.06671967028790246
BOJ,gdp_growth,gdp_qoq,GDP (QoQ),random_forest,validation,2024-06-01,1,0.1305625000027105,0.10713143595518072,0.023431064047529773
BOJ,gdp_growth,gdp_qoq,GDP (QoQ),random_forest,validation,2024-07-01,1,0.17719196428939282,0.07745268404871164,0.09973928024068118
BOJ,gdp_growth,gdp_qoq,GDP (QoQ),random_forest,validation,2024-08-01,1,0.22382142857607515,0.10887085066728222,0.11495057790879293
BOJ,gdp_growth,gdp_qoq,GDP (QoQ),random_forest,validation,2024-09-01,1,0.2704508928627575,0.18461180209682893,0.08583909076592855
BOJ,gdp_growth,gdp_qoq,GDP (QoQ),random_forest,validation,2024-10-01,1,0.14610565476493792,0.17443025546430635,-0.02832460069936843
BOJ,gdp_growth,gdp_qoq,GDP (QoQ),random_forest,validation,2024-11-01,1,0.021760416667118393,0.10783056758259976,-0.08607015091548137
BOJ,gdp_growth,gdp_qoq,GDP (QoQ),random_forest,validation,2024-12-01,1,-0.1025848214307011,-0.04071754605257382,-0.061867275378127286
BOJ,gdp_growth,gdp_qoq,GDP (QoQ),random_forest,validation,2025-01-01,1,0.0062172619048909555,-0.033779823599101845,0.0399970855039928
BOJ,gdp_growth,gdp_qoq,GDP (QoQ),random_forest,validation,2025-02-01,1,0.11501934524048302,0.07699796546753554,0.03802137977294748
BOJ,gdp_growth,gdp_qoq,GDP (QoQ),random_forest,validation,2025-03-01,1,0.2238214285760751,0.06053300406265086,0.16328842451342424
BOJ,gdp_growth,gdp_qoq,GDP (QoQ),random_forest,test,2025-04-01,1,0.05284672619157327,0.10191015401115643,-0.04906342781958316
BOJ,gdp_growth,gdp_qoq,GDP (QoQ),random_forest,test,2025-05-01,1,-0.11812797619292856,-0.009947955479746792,-0.10818002071318177
BOJ,gdp_growth,gdp_qoq,GDP (QoQ),random_forest,test,2025-06-01,1,-0.2891026785774304,-0.0045777870985992015,-0.2845248914788312
BOJ,gdp_growth,gdp_qoq,GDP (QoQ),random_forest,test,2025-07-01,1,-0.18030059524183834,-0.057071540995429416,-0.12322905424640893
BOJ,gdp_growth,gdp_qoq,GDP (QoQ),random_forest,test,2025-08-01,1,-0.07149851190624626,-0.023203794579951493,-0.04829471732629477
BOJ,gdp_growth,gdp_qoq,GDP (QoQ),random_forest,test,2025-09-01,1,0.0373035714293458,0.08434400973664252,-0.04704043830729672
BOJ,gdp_growth,gdp_qoq,GDP (QoQ),random_forest,test,2025-10-01,1,0.0373035714293458,0.05066746599281473,-0.013363894563468925
BOJ,gdp_growth,gdp_qoq,GDP (QoQ),random_forest,test,2025-11-01,1,0.0373035714293458,0.012158540293974092,0.025145031135371712
BOJ,gdp_growth,gdp_qoq,GDP (QoQ),random_forest,test,2025-12-01,1,0.0373035714293458,0.027683353909294158,0.009620217520051644
BOJ,gdp_growth,gdp_qoq,GDP (QoQ),random_forest,test,2026-01-01,1,0.0373035714293458,-0.0032509733573773524,0.04055454478672316
BOJ,gdp_growth,gdp_qoq,GDP (QoQ),random_forest,test,2026-02-01,1,0.0373035714293458,0.014356046317262334,0.02294752511208347
BOJ,gdp_growth,gdp_qoq,GDP (QoQ),random_forest,test,2026-03-01,1,0.0373035714293458,-1.0020871379337335,1.0393907093630792
BOJ,gdp_growth,gdp_qoq,GDP (QoQ),hist_gradient_boosting,validation,2024-04-01,1,0.25490773810053,0.4190677677086166,-0.16416002960808657
BOJ,gdp_growth,gdp_qoq,GDP (QoQ),hist_gradient_boosting,validation,2024-05-01,1,0.19273511905162027,0.2186072719112696,-0.025872152859649333
BOJ,gdp_growth,gdp_qoq,GDP (QoQ),hist_gradient_boosting,validation,2024-06-01,1,0.1305625000027105,-0.04127246559561951,0.17183496559833
BOJ,gdp_growth,gdp_qoq,GDP (QoQ),hist_gradient_boosting,validation,2024-07-01,1,0.17719196428939282,-0.02291510294834082,0.20010706723773364
BOJ,gdp_growth,gdp_qoq,GDP (QoQ),hist_gradient_boosting,validation,2024-08-01,1,0.22382142857607515,0.00806875562269949,0.21575267295337566
BOJ,gdp_growth,gdp_qoq,GDP (QoQ),hist_gradient_boosting,validation,2024-09-01,1,0.2704508928627575,0.39276102624879883,-0.12231013338604135
BOJ,gdp_growth,gdp_qoq,GDP (QoQ),hist_gradient_boosting,validation,2024-10-01,1,0.14610565476493792,0.23618152023332184,-0.09007586546838392
BOJ,gdp_growth,gdp_qoq,GDP (QoQ),hist_gradient_boosting,validation,2024-11-01,1,0.021760416667118393,0.577028929335118,-0.5552685126679996
BOJ,gdp_growth,gdp_qoq,GDP (QoQ),hist_gradient_boosting,validation,2024-12-01,1,-0.1025848214307011,0.1270898840898484,-0.2296747055205495
BOJ,gdp_growth,gdp_qoq,GDP (QoQ),hist_gradient_boosting,validation,2025-01-01,1,0.0062172619048909555,-0.5121380778891029,0.5183553397939938
BOJ,gdp_growth,gdp_qoq,GDP (QoQ),hist_gradient_boosting,validation,2025-02-01,1,0.11501934524048302,0.42516785760912057,-0.31014851236863755
BOJ,gdp_growth,gdp_qoq,GDP (QoQ),hist_gradient_boosting,validation,2025-03-01,1,0.2238214285760751,0.11821350546573012,0.10560792311034498
BOJ,gdp_growth,gdp_qoq,GDP (QoQ),hist_gradient_boosting,test,2025-04-01,1,0.05284672619157327,-0.10966833040019704,0.1625150565917703
BOJ,gdp_growth,gdp_qoq,GDP (QoQ),hist_gradient_boosting,test,2025-05-01,1,-0.11812797619292856,-0.12100720458390589,0.0028792283909773314
BOJ,gdp_growth,gdp_qoq,GDP (QoQ),hist_gradient_boosting,test,2025-06-01,1,-0.2891026785774304,-0.5841689100623424,0.295066231484912
BOJ,gdp_growth,gdp_qoq,GDP (QoQ),hist_gradient_boosting,test,2025-07-01,1,-0.18030059524183834,-0.9448813532838303,0.7645807580419919
BOJ,gdp_growth,gdp_qoq,GDP (QoQ),hist_gradient_boosting,test,2025-08-01,1,-0.07149851190624626,-0.850534161669589,0.7790356497633427
BOJ,gdp_growth,gdp_qoq,GDP (QoQ),hist_gradient_boosting,test,2025-09-01,1,0.0373035714293458,-0.6101975106813837,0.6475010821107295
BOJ,gdp_growth,gdp_qoq,GDP (QoQ),hist_gradient_boosting,test,2025-10-01,1,0.0373035714293458,-0.1169105990992875,0.1542141705286333
BOJ,gdp_growth,gdp_qoq,GDP (QoQ),hist_gradient_boosting,test,2025-11-01,1,0.0373035714293458,-0.5605276406551278,0.5978312120844737
BOJ,gdp_growth,gdp_qoq,GDP (QoQ),hist_gradient_boosting,test,2025-12-01,1,0.0373035714293458,-0.14627228713791454,0.18357585856726033
BOJ,gdp_growth,gdp_qoq,GDP (QoQ),hist_gradient_boosting,test,2026-01-01,1,0.0373035714293458,-0.23702761893319765,0.27433119036254344
BOJ,gdp_growth,gdp_qoq,GDP (QoQ),hist_gradient_boosting,test,2026-02-01,1,0.0373035714293458,-0.6834441382071326,0.7207477096364784
BOJ,gdp_growth,gdp_qoq,GDP (QoQ),hist_gradient_boosting,test,2026-03-01,1,0.0373035714293458,-0.5004407261206081,0.5377442975499539
BOJ,unemployment,unemployment_rate,Unemployment Rate,persistence_baseline,validation,2024-04-01,1,-0.1544769007524244,-0.1544769007524244,0.0
BOJ,unemployment,unemployment_rate,Unemployment Rate,persistence_baseline,validation,2024-05-01,1,-0.7061801177253691,-0.1544769007524244,-0.5517032169729448
BOJ,unemployment,unemployment_rate,Unemployment Rate,persistence_baseline,validation,2024-06-01,1,0.3972263162205201,-0.7061801177253691,1.1034064339458893
BOJ,unemployment,unemployment_rate,Unemployment Rate,persistence_baseline,validation,2024-07-01,1,-0.7061801177253691,0.3972263162205201,-1.1034064339458893
BOJ,unemployment,unemployment_rate,Unemployment Rate,persistence_baseline,validation,2024-08-01,1,-1.2578833346983138,-0.7061801177253691,-0.5517032169729447
BOJ,unemployment,unemployment_rate,Unemployment Rate,persistence_baseline,validation,2024-09-01,1,-0.7061801177253691,-1.2578833346983138,0.5517032169729447
BOJ,unemployment,unemployment_rate,Unemployment Rate,persistence_baseline,validation,2024-10-01,1,-0.7061801177253691,-0.7061801177253691,0.0
BOJ,unemployment,unemployment_rate,Unemployment Rate,persistence_baseline,validation,2024-11-01,1,-1.2578833346983138,-0.7061801177253691,-0.5517032169729447
BOJ,unemployment,unemployment_rate,Unemployment Rate,persistence_baseline,validation,2024-12-01,1,-0.7061801177253691,-1.2578833346983138,0.5517032169729447
BOJ,unemployment,unemployment_rate,Unemployment Rate,persistence_baseline,validation,2025-01-01,1,-1.2578833346983138,-0.7061801177253691,-0.5517032169729447
BOJ,unemployment,unemployment_rate,Unemployment Rate,persistence_baseline,validation,2025-02-01,1,-0.7061801177253691,-1.2578833346983138,0.5517032169729447
BOJ,unemployment,unemployment_rate,Unemployment Rate,persistence_baseline,validation,2025-03-01,1,-0.7061801177253691,-0.7061801177253691,0.0
BOJ,unemployment,unemployment_rate,Unemployment Rate,persistence_baseline,test,2025-04-01,1,-0.7061801177253691,-0.7061801177253691,0.0
BOJ,unemployment,unemployment_rate,Unemployment Rate,persistence_baseline,test,2025-05-01,1,-0.7061801177253691,-0.7061801177253691,0.0
BOJ,unemployment,unemployment_rate,Unemployment Rate,persistence_baseline,test,2025-06-01,1,-1.8095865516712584,-0.7061801177253691,-1.103406433945889
BOJ,unemployment,unemployment_rate,Unemployment Rate,persistence_baseline,test,2025-07-01,1,-0.1544769007524244,-1.8095865516712584,1.6551096509188339
BOJ,unemployment,unemployment_rate,Unemployment Rate,persistence_baseline,test,2025-08-01,1,-0.1544769007524244,-0.1544769007524244,0.0
BOJ,unemployment,unemployment_rate,Unemployment Rate,persistence_baseline,test,2025-09-01,1,-0.1544769007524244,-0.1544769007524244,0.0
BOJ,unemployment,unemployment_rate,Unemployment Rate,persistence_baseline,test,2025-10-01,1,-0.1544769007524244,-0.1544769007524244,0.0
BOJ,unemployment,unemployment_rate,Unemployment Rate,persistence_baseline,test,2025-11-01,1,-0.1544769007524244,-0.1544769007524244,0.0
BOJ,unemployment,unemployment_rate,Unemployment Rate,persistence_baseline,test,2025-12-01,1,0.3972263162205201,-0.1544769007524244,0.5517032169729446
BOJ,unemployment,unemployment_rate,Unemployment Rate,persistence_baseline,test,2026-01-01,1,-0.1544769007524244,0.3972263162205201,-0.5517032169729446
BOJ,unemployment,unemployment_rate,Unemployment Rate,persistence_baseline,test,2026-02-01,1,-0.1544769007524244,-0.1544769007524244,0.0
BOJ,unemployment,unemployment_rate,Unemployment Rate,persistence_baseline,test,2026-03-01,1,-0.1544769007524244,-0.1544769007524244,0.0
BOJ,unemployment,unemployment_rate,Unemployment Rate,ridge,validation,2024-04-01,1,-0.1544769007524244,0.07433111937544601,-0.2288080201278704
BOJ,unemployment,unemployment_rate,Unemployment Rate,ridge,validation,2024-05-01,1,-0.7061801177253691,-0.03433665877200856,-0.6718434589533606
BOJ,unemployment,unemployment_rate,Unemployment Rate,ridge,validation,2024-06-01,1,0.3972263162205201,-0.5413748276420227,0.9386011438625428
BOJ,unemployment,unemployment_rate,Unemployment Rate,ridge,validation,2024-07-01,1,-0.7061801177253691,0.06751581790800412,-0.7736959356333732
BOJ,unemployment,unemployment_rate,Unemployment Rate,ridge,validation,2024-08-01,1,-1.2578833346983138,0.039739483233152045,-1.297622817931466
BOJ,unemployment,unemployment_rate,Unemployment Rate,ridge,validation,2024-09-01,1,-0.7061801177253691,-0.6098220725606895,-0.0963580451646796
BOJ,unemployment,unemployment_rate,Unemployment Rate,ridge,validation,2024-10-01,1,-0.7061801177253691,-0.4048111470443754,-0.3013689706809938
BOJ,unemployment,unemployment_rate,Unemployment Rate,ridge,validation,2024-11-01,1,-1.2578833346983138,0.08052433628898917,-1.338407670987303
BOJ,unemployment,unemployment_rate,Unemployment Rate,ridge,validation,2024-12-01,1,-0.7061801177253691,-0.02992867995890866,-0.6762514377664605
BOJ,unemployment,unemployment_rate,Unemployment Rate,ridge,validation,2025-01-01,1,-1.2578833346983138,0.3868927255970561,-1.6447760602953698
BOJ,unemployment,unemployment_rate,Unemployment Rate,ridge,validation,2025-02-01,1,-0.7061801177253691,-0.4589794537108173,-0.24720066401455187
BOJ,unemployment,unemployment_rate,Unemployment Rate,ridge,validation,2025-03-01,1,-0.7061801177253691,0.020237548156465918,-0.7264176658818351
BOJ,unemployment,unemployment_rate,Unemployment Rate,ridge,test,2025-04-01,1,-0.7061801177253691,1.5162305792264077,-2.2224106969517767
BOJ,unemployment,unemployment_rate,Unemployment Rate,ridge,test,2025-05-01,1,-0.7061801177253691,0.2418424928862258,-0.948022610611595
BOJ,unemployment,unemployment_rate,Unemployment Rate,ridge,test,2025-06-01,1,-1.8095865516712584,-0.520717187162934,-1.2888693645083245
BOJ,unemployment,unemployment_rate,Unemployment Rate,ridge,test,2025-07-01,1,-0.1544769007524244,-0.7120554156723626,0.5575785149199383
BOJ,unemployment,unemployment_rate,Unemployment Rate,ridge,test,2025-08-01,1,-0.1544769007524244,0.5157395312197776,-0.6702164319722019
BOJ,unemployment,unemployment_rate,Unemployment Rate,ridge,test,2025-09-01,1,-0.1544769007524244,-0.1502268615331845,-0.004250039219239887
BOJ,unemployment,unemployment_rate,Unemployment Rate,ridge,test,2025-10-01,1,-0.1544769007524244,-0.5243480647339804,0.36987116398155606
BOJ,unemployment,unemployment_rate,Unemployment Rate,ridge,test,2025-11-01,1,-0.1544769007524244,-0.10140528347650055,-0.053071617275923855
BOJ,unemployment,unemployment_rate,Unemployment Rate,ridge,test,2025-12-01,1,0.3972263162205201,0.43927465828363677,-0.04204834206311664
BOJ,unemployment,unemployment_rate,Unemployment Rate,ridge,test,2026-01-01,1,-0.1544769007524244,0.23512183966976194,-0.38959874042218634
BOJ,unemployment,unemployment_rate,Unemployment Rate,ridge,test,2026-02-01,1,-0.1544769007524244,-0.640129921275246,0.48565302052282167
BOJ,unemployment,unemployment_rate,Unemployment Rate,ridge,test,2026-03-01,1,-0.1544769007524244,-0.11650244929231421,-0.03797445146011019
BOJ,unemployment,unemployment_rate,Unemployment Rate,random_forest,validation,2024-04-01,1,-0.1544769007524244,-0.43992882037550507,0.2854519196230807
BOJ,unemployment,unemployment_rate,Unemployment Rate,random_forest,validation,2024-05-01,1,-0.7061801177253691,-0.3995007983141586,-0.30667931941121057
BOJ,unemployment,unemployment_rate,Unemployment Rate,random_forest,validation,2024-06-01,1,0.3972263162205201,-0.5519128997140832,0.9491392159346033
BOJ,unemployment,unemployment_rate,Unemployment Rate,random_forest,validation,2024-07-01,1,-0.7061801177253691,-0.41958681576009144,-0.2865933019652777
BOJ,unemployment,unemployment_rate,Unemployment Rate,random_forest,validation,2024-08-01,1,-1.2578833346983138,-0.6322161689352328,-0.625667165763081
BOJ,unemployment,unemployment_rate,Unemployment Rate,random_forest,validation,2024-09-01,1,-0.7061801177253691,-0.6899235813753148,-0.016256536350054307
BOJ,unemployment,unemployment_rate,Unemployment Rate,random_forest,validation,2024-10-01,1,-0.7061801177253691,-0.6220950420619551,-0.08408507566341406
BOJ,unemployment,unemployment_rate,Unemployment Rate,random_forest,validation,2024-11-01,1,-1.2578833346983138,-0.7592522953702366,-0.4986310393280772
BOJ,unemployment,unemployment_rate,Unemployment Rate,random_forest,validation,2024-12-01,1,-0.7061801177253691,-0.7989734419436689,0.09279332421829978
BOJ,unemployment,unemployment_rate,Unemployment Rate,random_forest,validation,2025-01-01,1,-1.2578833346983138,-0.7155598149382187,-0.5423235197600951
BOJ,unemployment,unemployment_rate,Unemployment Rate,random_forest,validation,2025-02-01,1,-0.7061801177253691,-0.5905510248250809,-0.11562909290028822
BOJ,unemployment,unemployment_rate,Unemployment Rate,random_forest,validation,2025-03-01,1,-0.7061801177253691,-0.4695322771211765,-0.23664784060419264
BOJ,unemployment,unemployment_rate,Unemployment Rate,random_forest,test,2025-04-01,1,-0.7061801177253691,-0.5202226817371026,-0.18595743598826653
BOJ,unemployment,unemployment_rate,Unemployment Rate,random_forest,test,2025-05-01,1,-0.7061801177253691,-0.4270561586768522,-0.27912395904851695
BOJ,unemployment,unemployment_rate,Unemployment Rate,random_forest,test,2025-06-01,1,-1.8095865516712584,-0.5435849460839838,-1.2660016055872747
BOJ,unemployment,unemployment_rate,Unemployment Rate,random_forest,test,2025-07-01,1,-0.1544769007524244,-0.9268013442492521,0.7723244434968277
BOJ,unemployment,unemployment_rate,Unemployment Rate,random_forest,test,2025-08-01,1,-0.1544769007524244,-0.6095410457703856,0.4550641450179612
BOJ,unemployment,unemployment_rate,Unemployment Rate,random_forest,test,2025-09-01,1,-0.1544769007524244,-0.45125670234978865,0.2967798015973643
BOJ,unemployment,unemployment_rate,Unemployment Rate,random_forest,test,2025-10-01,1,-0.1544769007524244,-0.6220890635930288,0.4676121628406045
BOJ,unemployment,unemployment_rate,Unemployment Rate,random_forest,test,2025-11-01,1,-0.1544769007524244,-0.6351110109523743,0.48063411019994995
BOJ,unemployment,unemployment_rate,Unemployment Rate,random_forest,test,2025-12-01,1,0.3972263162205201,-0.40491175667606266,0.8021380728965828
BOJ,unemployment,unemployment_rate,Unemployment Rate,random_forest,test,2026-01-01,1,-0.1544769007524244,-0.5287655846725161,0.37428868392009174
BOJ,unemployment,unemployment_rate,Unemployment Rate,random_forest,test,2026-02-01,1,-0.1544769007524244,-0.6458845487727071,0.4914076480202827
BOJ,unemployment,unemployment_rate,Unemployment Rate,random_forest,test,2026-03-01,1,-0.1544769007524244,-0.737038616616844,0.5825617158644196
BOJ,unemployment,unemployment_rate,Unemployment Rate,hist_gradient_boosting,validation,2024-04-01,1,-0.1544769007524244,-0.3763263356179987,0.22184943486557432
BOJ,unemployment,unemployment_rate,Unemployment Rate,hist_gradient_boosting,validation,2024-05-01,1,-0.7061801177253691,-0.1591404651497239,-0.5470396525756452
BOJ,unemployment,unemployment_rate,Unemployment Rate,hist_gradient_boosting,validation,2024-06-01,1,0.3972263162205201,-0.22048332776054447,0.6177096439810645
BOJ,unemployment,unemployment_rate,Unemployment Rate,hist_gradient_boosting,validation,2024-07-01,1,-0.7061801177253691,-0.36030239164013106,-0.3458777260852381
BOJ,unemployment,unemployment_rate,Unemployment Rate,hist_gradient_boosting,validation,2024-08-01,1,-1.2578833346983138,-0.4936909782768897,-0.7641923564214241
BOJ,unemployment,unemployment_rate,Unemployment Rate,hist_gradient_boosting,validation,2024-09-01,1,-0.7061801177253691,-0.6609379830488583,-0.04524213467651084
BOJ,unemployment,unemployment_rate,Unemployment Rate,hist_gradient_boosting,validation,2024-10-01,1,-0.7061801177253691,-0.8284283132231218,0.12224819549775268
BOJ,unemployment,unemployment_rate,Unemployment Rate,hist_gradient_boosting,validation,2024-11-01,1,-1.2578833346983138,-1.078957441735615,-0.1789258929626989
BOJ,unemployment,unemployment_rate,Unemployment Rate,hist_gradient_boosting,validation,2024-12-01,1,-0.7061801177253691,-0.5137959641380447,-0.1923841535873244
BOJ,unemployment,unemployment_rate,Unemployment Rate,hist_gradient_boosting,validation,2025-01-01,1,-1.2578833346983138,-0.7254964617220321,-0.5323868729762817
BOJ,unemployment,unemployment_rate,Unemployment Rate,hist_gradient_boosting,validation,2025-02-01,1,-0.7061801177253691,-0.7501128485298351,0.043932730804465914
BOJ,unemployment,unemployment_rate,Unemployment Rate,hist_gradient_boosting,validation,2025-03-01,1,-0.7061801177253691,-0.775465191728431,0.06928507400306183
BOJ,unemployment,unemployment_rate,Unemployment Rate,hist_gradient_boosting,test,2025-04-01,1,-0.7061801177253691,-0.7136156563190328,0.0074355385936636376
BOJ,unemployment,unemployment_rate,Unemployment Rate,hist_gradient_boosting,test,2025-05-01,1,-0.7061801177253691,-0.6789113632069033,-0.027268754518465887
BOJ,unemployment,unemployment_rate,Unemployment Rate,hist_gradient_boosting,test,2025-06-01,1,-1.8095865516712584,-0.7005863588560222,-1.1090001928152362
BOJ,unemployment,unemployment_rate,Unemployment Rate,hist_gradient_boosting,test,2025-07-01,1,-0.1544769007524244,-0.38136451818068745,0.22688761742826305
BOJ,unemployment,unemployment_rate,Unemployment Rate,hist_gradient_boosting,test,2025-08-01,1,-0.1544769007524244,-0.8471947587243328,0.6927178579719084
BOJ,unemployment,unemployment_rate,Unemployment Rate,hist_gradient_boosting,test,2025-09-01,1,-0.1544769007524244,-0.7435600915557183,0.589083190803294
BOJ,unemployment,unemployment_rate,Unemployment Rate,hist_gradient_boosting,test,2025-10-01,1,-0.1544769007524244,-1.1468093745109091,0.9923324737584848
BOJ,unemployment,unemployment_rate,Unemployment Rate,hist_gradient_boosting,test,2025-11-01,1,-0.1544769007524244,-0.5507350614933,0.3962581607408756
BOJ,unemployment,unemployment_rate,Unemployment Rate,hist_gradient_boosting,test,2025-12-01,1,0.3972263162205201,-0.38437929028190365,0.7816056065024237
BOJ,unemployment,unemployment_rate,Unemployment Rate,hist_gradient_boosting,test,2026-01-01,1,-0.1544769007524244,-0.6926095886859112,0.5381326879334868
BOJ,unemployment,unemployment_rate,Unemployment Rate,hist_gradient_boosting,test,2026-02-01,1,-0.1544769007524244,-0.5860660260136505,0.43158912526122617
BOJ,unemployment,unemployment_rate,Unemployment Rate,hist_gradient_boosting,test,2026-03-01,1,-0.1544769007524244,-1.122889866667304,0.9684129659148796
ECB,inflation,core_cpi_yoy,Core HICP (YoY),persistence_baseline,validation,2024-04-01,1,0.1409772352976331,0.0103154074608026,0.1306618278368305
ECB,inflation,core_cpi_yoy,Core HICP (YoY),persistence_baseline,validation,2024-05-01,1,0.1409772352976331,0.1409772352976331,0.0
ECB,inflation,core_cpi_yoy,Core HICP (YoY),persistence_baseline,validation,2024-06-01,1,0.1409772352976331,0.1409772352976331,0.0
ECB,inflation,core_cpi_yoy,Core HICP (YoY),persistence_baseline,validation,2024-07-01,1,0.0756463213792177,0.1409772352976331,-0.06533091391841539
ECB,inflation,core_cpi_yoy,Core HICP (YoY),persistence_baseline,validation,2024-08-01,1,0.0103154074608026,0.0756463213792177,-0.0653309139184151
ECB,inflation,core_cpi_yoy,Core HICP (YoY),persistence_baseline,validation,2024-09-01,1,0.0103154074608026,0.0103154074608026,0.0
ECB,inflation,core_cpi_yoy,Core HICP (YoY),persistence_baseline,validation,2024-10-01,1,0.0103154074608026,0.0103154074608026,0.0
ECB,inflation,core_cpi_yoy,Core HICP (YoY),persistence_baseline,validation,2024-11-01,1,0.0103154074608026,0.0103154074608026,0.0
ECB,inflation,core_cpi_yoy,Core HICP (YoY),persistence_baseline,validation,2024-12-01,1,0.0103154074608026,0.0103154074608026,0.0
ECB,inflation,core_cpi_yoy,Core HICP (YoY),persistence_baseline,validation,2025-01-01,1,-0.0550155064576128,0.0103154074608026,-0.0653309139184154
ECB,inflation,core_cpi_yoy,Core HICP (YoY),persistence_baseline,validation,2025-02-01,1,-0.1856773342944436,-0.0550155064576128,-0.1306618278368308
ECB,inflation,core_cpi_yoy,Core HICP (YoY),persistence_baseline,validation,2025-03-01,1,0.0103154074608026,-0.1856773342944436,0.1959927417552462
ECB,inflation,core_cpi_yoy,Core HICP (YoY),persistence_baseline,test,2025-04-01,1,-0.251008248212859,0.0103154074608026,-0.2613236556736616
ECB,inflation,core_cpi_yoy,Core HICP (YoY),persistence_baseline,test,2025-05-01,1,-0.251008248212859,-0.251008248212859,0.0
ECB,inflation,core_cpi_yoy,Core HICP (YoY),persistence_baseline,test,2025-06-01,1,-0.251008248212859,-0.251008248212859,0.0
ECB,inflation,core_cpi_yoy,Core HICP (YoY),persistence_baseline,test,2025-07-01,1,-0.251008248212859,-0.251008248212859,0.0
ECB,inflation,core_cpi_yoy,Core HICP (YoY),persistence_baseline,test,2025-08-01,1,-0.1856773342944436,-0.251008248212859,0.06533091391841539
ECB,inflation,core_cpi_yoy,Core HICP (YoY),persistence_baseline,test,2025-09-01,1,-0.1856773342944436,-0.1856773342944436,0.0
ECB,inflation,core_cpi_yoy,Core HICP (YoY),persistence_baseline,test,2025-10-01,1,-0.1856773342944436,-0.1856773342944436,0.0
ECB,inflation,core_cpi_yoy,Core HICP (YoY),persistence_baseline,test,2025-11-01,1,-0.251008248212859,-0.1856773342944436,-0.06533091391841539
ECB,inflation,core_cpi_yoy,Core HICP (YoY),persistence_baseline,test,2025-12-01,1,-0.3163391621312741,-0.251008248212859,-0.06533091391841511
ECB,inflation,core_cpi_yoy,Core HICP (YoY),persistence_baseline,test,2026-01-01,1,-0.1856773342944436,-0.3163391621312741,0.1306618278368305
ECB,inflation,core_cpi_yoy,Core HICP (YoY),persistence_baseline,test,2026-02-01,1,-0.251008248212859,-0.1856773342944436,-0.06533091391841539
ECB,inflation,core_cpi_yoy,Core HICP (YoY),persistence_baseline,test,2026-03-01,1,-0.251008248212859,-0.251008248212859,0.0
ECB,inflation,core_cpi_yoy,Core HICP (YoY),ridge,validation,2024-04-01,1,0.1409772352976331,-0.3601369414225656,0.5011141767201986
ECB,inflation,core_cpi_yoy,Core HICP (YoY),ridge,validation,2024-05-01,1,0.1409772352976331,-0.5265088975283142,0.6674861328259473
ECB,inflation,core_cpi_yoy,Core HICP (YoY),ridge,validation,2024-06-01,1,0.1409772352976331,-0.7730855467681611,0.9140627820657942
ECB,inflation,core_cpi_yoy,Core HICP (YoY),ridge,validation,2024-07-01,1,0.0756463213792177,-0.44963511459152816,0.5252814359707458
ECB,inflation,core_cpi_yoy,Core HICP (YoY),ridge,validation,2024-08-01,1,0.0103154074608026,-0.008131113748412626,0.018446521209215225
ECB,inflation,core_cpi_yoy,Core HICP (YoY),ridge,validation,2024-09-01,1,0.0103154074608026,0.462917861353471,-0.4526024538926684
ECB,inflation,core_cpi_yoy,Core HICP (YoY),ridge,validation,2024-10-01,1,0.0103154074608026,0.46123105203729675,-0.45091564457649413
ECB,inflation,core_cpi_yoy,Core HICP (YoY),ridge,validation,2024-11-01,1,0.0103154074608026,0.5313698457019257,-0.5210544382411231
ECB,inflation,core_cpi_yoy,Core HICP (YoY),ridge,validation,2024-12-01,1,0.0103154074608026,0.761910389839581,-0.7515949823787784
ECB,inflation,core_cpi_yoy,Core HICP (YoY),ridge,validation,2025-01-01,1,-0.0550155064576128,0.573345054862709,-0.6283605613203218
ECB,inflation,core_cpi_yoy,Core HICP (YoY),ridge,validation,2025-02-01,1,-0.1856773342944436,0.22087288714802045,-0.40655022144246405
ECB,inflation,core_cpi_yoy,Core HICP (YoY),ridge,validation,2025-03-01,1,0.0103154074608026,-0.3156782569536295,0.3259936644144321
ECB,inflation,core_cpi_yoy,Core HICP (YoY),ridge,test,2025-04-01,1,-0.251008248212859,-0.6197131480161717,0.3687048998033127
ECB,inflation,core_cpi_yoy,Core HICP (YoY),ridge,test,2025-05-01,1,-0.251008248212859,-0.21870739328931282,-0.032300854923546174
ECB,inflation,core_cpi_yoy,Core HICP (YoY),ridge,test,2025-06-01,1,-0.251008248212859,-0.7935255888366838,0.5425173406238248
ECB,inflation,core_cpi_yoy,Core HICP (YoY),ridge,test,2025-07-01,1,-0.251008248212859,-1.1811707514890104,0.9301625032761514
ECB,inflation,core_cpi_yoy,Core HICP (YoY),ridge,test,2025-08-01,1,-0.1856773342944436,-1.4405134301926772,1.2548360958982336
ECB,inflation,core_cpi_yoy,Core HICP (YoY),ridge,test,2025-09-01,1,-0.1856773342944436,-1.136966831130724,0.9512894968362804
ECB,inflation,core_cpi_yoy,Core HICP (YoY),ridge,test,2025-10-01,1,-0.1856773342944436,-1.0325468513211762,0.8468695170267326
ECB,inflation,core_cpi_yoy,Core HICP (YoY),ridge,test,2025-11-01,1,-0.251008248212859,-1.239652681650333,0.988644433437474
ECB,inflation,core_cpi_yoy,Core HICP (YoY),ridge,test,2025-12-01,1,-0.3163391621312741,-1.2252909861528574,0.9089518240215833
ECB,inflation,core_cpi_yoy,Core HICP (YoY),ridge,test,2026-01-01,1,-0.1856773342944436,-0.8671072771711424,0.6814299428766988
ECB,inflation,core_cpi_yoy,Core HICP (YoY),ridge,test,2026-02-01,1,-0.251008248212859,-1.26515823766272,1.014149989449861
ECB,inflation,core_cpi_yoy,Core HICP (YoY),ridge,test,2026-03-01,1,-0.251008248212859,-1.721834517298226,1.4708262690853668
ECB,inflation,core_cpi_yoy,Core HICP (YoY),random_forest,validation,2024-04-01,1,0.1409772352976331,0.02660871005004715,0.11436852524758594
ECB,inflation,core_cpi_yoy,Core HICP (YoY),random_forest,validation,2024-05-01,1,0.1409772352976331,0.02607361875509633,0.11490361654253677
ECB,inflation,core_cpi_yoy,Core HICP (YoY),random_forest,validation,2024-06-01,1,0.1409772352976331,0.017172670608199814,0.12380456468943328
ECB,inflation,core_cpi_yoy,Core HICP (YoY),random_forest,validation,2024-07-01,1,0.0756463213792177,0.016497973372197144,0.059148348007020554
ECB,inflation,core_cpi_yoy,Core HICP (YoY),random_forest,validation,2024-08-01,1,0.0103154074608026,0.019341423625598642,-0.009026016164796043
ECB,inflation,core_cpi_yoy,Core HICP (YoY),random_forest,validation,2024-09-01,1,0.0103154074608026,0.0005395189108044935,0.009775888549998106
ECB,inflation,core_cpi_yoy,Core HICP (YoY),random_forest,validation,2024-10-01,1,0.0103154074608026,-0.05303324459134195,0.06334865205214454
ECB,inflation,core_cpi_yoy,Core HICP (YoY),random_forest,validation,2024-11-01,1,0.0103154074608026,-0.04057338783829457,0.050888795299097164
ECB,inflation,core_cpi_yoy,Core HICP (YoY),random_forest,validation,2024-12-01,1,0.0103154074608026,-0.0017112277031030637,0.012026635163905664
ECB,inflation,core_cpi_yoy,Core HICP (YoY),random_forest,validation,2025-01-01,1,-0.0550155064576128,0.008090954744941798,-0.0631064612025546
ECB,inflation,core_cpi_yoy,Core HICP (YoY),random_forest,validation,2025-02-01,1,-0.1856773342944436,-0.001947451278212822,-0.18372988301623078
ECB,inflation,core_cpi_yoy,Core HICP (YoY),random_forest,validation,2025-03-01,1,0.0103154074608026,-0.039357365531463934,0.04967277299226654
ECB,inflation,core_cpi_yoy,Core HICP (YoY),random_forest,test,2025-04-01,1,-0.251008248212859,-0.02709636505048961,-0.22391188316236937
ECB,inflation,core_cpi_yoy,Core HICP (YoY),random_forest,test,2025-05-01,1,-0.251008248212859,-0.005925849399816047,-0.24508239881304295
ECB,inflation,core_cpi_yoy,Core HICP (YoY),random_forest,test,2025-06-01,1,-0.251008248212859,-0.17987017367249686,-0.07113807454036214
ECB,inflation,core_cpi_yoy,Core HICP (YoY),random_forest,test,2025-07-01,1,-0.251008248212859,-0.19433111961840652,-0.05667712859445248
ECB,inflation,core_cpi_yoy,Core HICP (YoY),random_forest,test,2025-08-01,1,-0.1856773342944436,-0.2016027425825956,0.015925408288152004
ECB,inflation,core_cpi_yoy,Core HICP (YoY),random_forest,test,2025-09-01,1,-0.1856773342944436,-0.19154878157993666,0.005871447285493048
ECB,inflation,core_cpi_yoy,Core HICP (YoY),random_forest,test,2025-10-01,1,-0.1856773342944436,-0.11478237701328974,-0.07089495728115387
ECB,inflation,core_cpi_yoy,Core HICP (YoY),random_forest,test,2025-11-01,1,-0.251008248212859,-0.1068134313883643,-0.1441948168244947
ECB,inflation,core_cpi_yoy,Core HICP (YoY),random_forest,test,2025-12-01,1,-0.3163391621312741,-0.08878132139790645,-0.22755784073336766
ECB,inflation,core_cpi_yoy,Core HICP (YoY),random_forest,test,2026-01-01,1,-0.1856773342944436,-0.13427716179240118,-0.05140017250204243
ECB,inflation,core_cpi_yoy,Core HICP (YoY),random_forest,test,2026-02-01,1,-0.251008248212859,-0.15679105025255993,-0.09421719796029907
ECB,inflation,core_cpi_yoy,Core HICP (YoY),random_forest,test,2026-03-01,1,-0.251008248212859,-0.1512774581424016,-0.0997307900704574
ECB,inflation,core_cpi_yoy,Core HICP (YoY),hist_gradient_boosting,validation,2024-04-01,1,0.1409772352976331,-0.12456305130712136,0.2655402866047545
ECB,inflation,core_cpi_yoy,Core HICP (YoY),hist_gradient_boosting,validation,2024-05-01,1,0.1409772352976331,-0.08158468347003842,0.2225619187676715
ECB,inflation,core_cpi_yoy,Core HICP (YoY),hist_gradient_boosting,validation,2024-06-01,1,0.1409772352976331,-0.015498500239746908,0.15647573553738
ECB,inflation,core_cpi_yoy,Core HICP (YoY),hist_gradient_boosting,validation,2024-07-01,1,0.0756463213792177,-0.015498500239746908,0.09114482161896462
ECB,inflation,core_cpi_yoy,Core HICP (YoY),hist_gradient_boosting,validation,2024-08-01,1,0.0103154074608026,-0.11628083931929833,0.12659624678010092
ECB,inflation,core_cpi_yoy,Core HICP (YoY),hist_gradient_boosting,validation,2024-09-01,1,0.0103154074608026,-0.029084735795727772,0.03940014325653037
ECB,inflation,core_cpi_yoy,Core HICP (YoY),hist_gradient_boosting,validation,2024-10-01,1,0.0103154074608026,-0.08158468347003842,0.09190009093084102
ECB,inflation,core_cpi_yoy,Core HICP (YoY),hist_gradient_boosting,validation,2024-11-01,1,0.0103154074608026,-0.08158468347003842,0.09190009093084102
ECB,inflation,core_cpi_yoy,Core HICP (YoY),hist_gradient_boosting,validation,2024-12-01,1,0.0103154074608026,-0.08092936228687421,0.09124476974767681
ECB,inflation,core_cpi_yoy,Core HICP (YoY),hist_gradient_boosting,validation,2025-01-01,1,-0.0550155064576128,-0.27437054533035105,0.21935503887273824
ECB,inflation,core_cpi_yoy,Core HICP (YoY),hist_gradient_boosting,validation,2025-02-01,1,-0.1856773342944436,-0.19773276157259914,0.012055427278155534
ECB,inflation,core_cpi_yoy,Core HICP (YoY),hist_gradient_boosting,validation,2025-03-01,1,0.0103154074608026,-0.2137702799121675,0.22408568737297008
ECB,inflation,core_cpi_yoy,Core HICP (YoY),hist_gradient_boosting,test,2025-04-01,1,-0.251008248212859,0.03563119074554602,-0.28663943895840505
ECB,inflation,core_cpi_yoy,Core HICP (YoY),hist_gradient_boosting,test,2025-05-01,1,-0.251008248212859,0.1006059295823668,-0.3516141777952258
ECB,inflation,core_cpi_yoy,Core HICP (YoY),hist_gradient_boosting,test,2025-06-01,1,-0.251008248212859,0.10237211233250407,-0.35338036054536304
ECB,inflation,core_cpi_yoy,Core HICP (YoY),hist_gradient_boosting,test,2025-07-01,1,-0.251008248212859,0.1010046404490913,-0.3520128886619503
ECB,inflation,core_cpi_yoy,Core HICP (YoY),hist_gradient_boosting,test,2025-08-01,1,-0.1856773342944436,0.1860977489310886,-0.3717750832255322
ECB,inflation,core_cpi_yoy,Core HICP (YoY),hist_gradient_boosting,test,2025-09-01,1,-0.1856773342944436,0.20350273915406975,-0.38918007344851335
ECB,inflation,core_cpi_yoy,Core HICP (YoY),hist_gradient_boosting,test,2025-10-01,1,-0.1856773342944436,0.1741106068729677,-0.3597879411674113
ECB,inflation,core_cpi_yoy,Core HICP (YoY),hist_gradient_boosting,test,2025-11-01,1,-0.251008248212859,0.15749966039650062,-0.4085079086093596
ECB,inflation,core_cpi_yoy,Core HICP (YoY),hist_gradient_boosting,test,2025-12-01,1,-0.3163391621312741,0.15749966039650062,-0.47383882252777476
ECB,inflation,core_cpi_yoy,Core HICP (YoY),hist_gradient_boosting,test,2026-01-01,1,-0.1856773342944436,0.15749966039650062,-0.3431769946909442
ECB,inflation,core_cpi_yoy,Core HICP (YoY),hist_gradient_boosting,test,2026-02-01,1,-0.251008248212859,-0.4571828939468418,0.2061746457339828
ECB,inflation,core_cpi_yoy,Core HICP (YoY),hist_gradient_boosting,test,2026-03-01,1,-0.251008248212859,-0.4571828939468418,0.2061746457339828
ECB,gdp_growth,gdp_qoq,GDP (QoQ),persistence_baseline,validation,2024-04-01,1,0.01564430212943723,-0.0022349003042053,0.017879202433642532
ECB,gdp_growth,gdp_qoq,GDP (QoQ),persistence_baseline,validation,2024-05-01,1,0.033523504563079766,0.01564430212943723,0.017879202433642535
ECB,gdp_growth,gdp_qoq,GDP (QoQ),persistence_baseline,validation,2024-06-01,1,0.0514027069967223,0.033523504563079766,0.017879202433642535
ECB,gdp_growth,gdp_qoq,GDP (QoQ),persistence_baseline,validation,2024-07-01,1,0.03352350456307977,0.0514027069967223,-0.01787920243364253
ECB,gdp_growth,gdp_qoq,GDP (QoQ),persistence_baseline,validation,2024-08-01,1,0.015644302129437238,0.03352350456307977,-0.017879202433642535
ECB,gdp_growth,gdp_qoq,GDP (QoQ),persistence_baseline,validation,2024-09-01,1,-0.0022349003042053,0.015644302129437238,-0.01787920243364254
ECB,gdp_growth,gdp_qoq,GDP (QoQ),persistence_baseline,validation,2024-10-01,1,0.033523504563079766,-0.0022349003042053,0.035758404867285064
ECB,gdp_growth,gdp_qoq,GDP (QoQ),persistence_baseline,validation,2024-11-01,1,0.06928190943036483,0.033523504563079766,0.035758404867285064
ECB,gdp_growth,gdp_qoq,GDP (QoQ),persistence_baseline,validation,2024-12-01,1,0.1050403142976499,0.06928190943036483,0.03575840486728507
ECB,gdp_growth,gdp_qoq,GDP (QoQ),persistence_baseline,validation,2025-01-01,1,0.06034230821354356,0.1050403142976499,-0.04469800608410634
ECB,gdp_growth,gdp_qoq,GDP (QoQ),persistence_baseline,validation,2025-02-01,1,0.015644302129437224,0.06034230821354356,-0.04469800608410634
ECB,gdp_growth,gdp_qoq,GDP (QoQ),persistence_baseline,validation,2025-03-01,1,-0.0290537039546691,0.015644302129437224,-0.044698006084106325
ECB,gdp_growth,gdp_qoq,GDP (QoQ),persistence_baseline,test,2025-04-01,1,-0.0111745015210266,-0.0290537039546691,0.0178792024336425
ECB,gdp_growth,gdp_qoq,GDP (QoQ),persistence_baseline,test,2025-05-01,1,0.0067047009126159005,-0.0111745015210266,0.0178792024336425
ECB,gdp_growth,gdp_qoq,GDP (QoQ),persistence_baseline,test,2025-06-01,1,0.0245839033462584,0.0067047009126159005,0.0178792024336425
ECB,gdp_growth,gdp_qoq,GDP (QoQ),persistence_baseline,test,2025-07-01,1,0.0245839033462584,0.0245839033462584,0.0
ECB,gdp_growth,gdp_qoq,GDP (QoQ),persistence_baseline,test,2025-08-01,1,0.0245839033462584,0.0245839033462584,0.0
ECB,gdp_growth,gdp_qoq,GDP (QoQ),persistence_baseline,test,2025-09-01,1,0.0245839033462584,0.0245839033462584,0.0
ECB,gdp_growth,gdp_qoq,GDP (QoQ),persistence_baseline,test,2025-10-01,1,0.0245839033462584,0.0245839033462584,0.0
ECB,gdp_growth,gdp_qoq,GDP (QoQ),persistence_baseline,test,2025-11-01,1,0.0245839033462584,0.0245839033462584,0.0
ECB,gdp_growth,gdp_qoq,GDP (QoQ),persistence_baseline,test,2025-12-01,1,0.0245839033462584,0.0245839033462584,0.0
ECB,gdp_growth,gdp_qoq,GDP (QoQ),persistence_baseline,test,2026-01-01,1,0.0245839033462584,0.0245839033462584,0.0
ECB,gdp_growth,gdp_qoq,GDP (QoQ),persistence_baseline,test,2026-02-01,1,0.0245839033462584,0.0245839033462584,0.0
ECB,gdp_growth,gdp_qoq,GDP (QoQ),persistence_baseline,test,2026-03-01,1,0.0245839033462584,0.0245839033462584,0.0
ECB,gdp_growth,gdp_qoq,GDP (QoQ),ridge,validation,2024-04-01,1,0.01564430212943723,0.2594129123471136,-0.24376861021767637
ECB,gdp_growth,gdp_qoq,GDP (QoQ),ridge,validation,2024-05-01,1,0.033523504563079766,0.040170147208303406,-0.00664664264522364
ECB,gdp_growth,gdp_qoq,GDP (QoQ),ridge,validation,2024-06-01,1,0.0514027069967223,-0.15280869236694566,0.20421139936366797
ECB,gdp_growth,gdp_qoq,GDP (QoQ),ridge,validation,2024-07-01,1,0.03352350456307977,-1.0848150106275156,1.1183385151905954
ECB,gdp_growth,gdp_qoq,GDP (QoQ),ridge,validation,2024-08-01,1,0.015644302129437238,-0.3856553349888562,0.4012996371182934
ECB,gdp_growth,gdp_qoq,GDP (QoQ),ridge,validation,2024-09-01,1,-0.0022349003042053,0.21567200479689608,-0.2179069051011014
ECB,gdp_growth,gdp_qoq,GDP (QoQ),ridge,validation,2024-10-01,1,0.033523504563079766,0.5121144095927663,-0.47859090502968654
ECB,gdp_growth,gdp_qoq,GDP (QoQ),ridge,validation,2024-11-01,1,0.06928190943036483,0.7326054763970324,-0.6633235669666676
ECB,gdp_growth,gdp_qoq,GDP (QoQ),ridge,validation,2024-12-01,1,0.1050403142976499,1.0901587793670953,-0.9851184650694453
ECB,gdp_growth,gdp_qoq,GDP (QoQ),ridge,validation,2025-01-01,1,0.06034230821354356,1.0147233758111096,-0.954381067597566
ECB,gdp_growth,gdp_qoq,GDP (QoQ),ridge,validation,2025-02-01,1,0.015644302129437224,0.9136249821090853,-0.897980679979648
ECB,gdp_growth,gdp_qoq,GDP (QoQ),ridge,validation,2025-03-01,1,-0.0290537039546691,0.411979769738313,-0.4410334736929821
ECB,gdp_growth,gdp_qoq,GDP (QoQ),ridge,test,2025-04-01,1,-0.0111745015210266,0.08248879061676863,-0.09366329213779523
ECB,gdp_growth,gdp_qoq,GDP (QoQ),ridge,test,2025-05-01,1,0.0067047009126159005,-0.36882007192473865,0.3755247728373545
ECB,gdp_growth,gdp_qoq,GDP (QoQ),ridge,test,2025-06-01,1,0.0245839033462584,0.43995853184577105,-0.4153746284995127
ECB,gdp_growth,gdp_qoq,GDP (QoQ),ridge,test,2025-07-01,1,0.0245839033462584,-0.11635129940040466,0.14093520274666305
ECB,gdp_growth,gdp_qoq,GDP (QoQ),ridge,test,2025-08-01,1,0.0245839033462584,-1.1359244356633864,1.160508339009645
ECB,gdp_growth,gdp_qoq,GDP (QoQ),ridge,test,2025-09-01,1,0.0245839033462584,-0.7028566935567934,0.7274405969030517
ECB,gdp_growth,gdp_qoq,GDP (QoQ),ridge,test,2025-10-01,1,0.0245839033462584,-0.6391362672558825,0.6637201706021408
ECB,gdp_growth,gdp_qoq,GDP (QoQ),ridge,test,2025-11-01,1,0.0245839033462584,-1.1136513295531525,1.138235232899411
ECB,gdp_growth,gdp_qoq,GDP (QoQ),ridge,test,2025-12-01,1,0.0245839033462584,-0.3596296725726959,0.38421357591895433
ECB,gdp_growth,gdp_qoq,GDP (QoQ),ridge,test,2026-01-01,1,0.0245839033462584,-0.831191491758373,0.8557753951046314
ECB,gdp_growth,gdp_qoq,GDP (QoQ),ridge,test,2026-02-01,1,0.0245839033462584,-0.3276558704556124,0.35223977380187077
ECB,gdp_growth,gdp_qoq,GDP (QoQ),ridge,test,2026-03-01,1,0.0245839033462584,-0.01736272213768218,0.04194662548394058
ECB,gdp_growth,gdp_qoq,GDP (QoQ),random_forest,validation,2024-04-01,1,0.01564430212943723,-0.04157780307505393,0.05722210520449116
ECB,gdp_growth,gdp_qoq,GDP (QoQ),random_forest,validation,2024-05-01,1,0.033523504563079766,-0.041207324006371886,0.07473082856945165
ECB,gdp_growth,gdp_qoq,GDP (QoQ),random_forest,validation,2024-06-01,1,0.0514027069967223,-0.005330664533307928,0.05673337153003023
ECB,gdp_growth,gdp_qoq,GDP (QoQ),random_forest,validation,2024-07-01,1,0.03352350456307977,0.0015942804830962548,0.03192922407998352
ECB,gdp_growth,gdp_qoq,GDP (QoQ),random_forest,validation,2024-08-01,1,0.015644302129437238,-0.006810594229987884,0.022454896359425124
ECB,gdp_growth,gdp_qoq,GDP (QoQ),random_forest,validation,2024-09-01,1,-0.0022349003042053,0.020989401603238055,-0.023224301907443356
ECB,gdp_growth,gdp_qoq,GDP (QoQ),random_forest,validation,2024-10-01,1,0.033523504563079766,0.01838386259461469,0.015139641968465074
ECB,gdp_growth,gdp_qoq,GDP (QoQ),random_forest,validation,2024-11-01,1,0.06928190943036483,0.007836286083525698,0.06144562334683913
ECB,gdp_growth,gdp_qoq,GDP (QoQ),random_forest,validation,2024-12-01,1,0.1050403142976499,0.053751188933343116,0.051289125364306784
ECB,gdp_growth,gdp_qoq,GDP (QoQ),random_forest,validation,2025-01-01,1,0.06034230821354356,0.0303478337794498,0.02999447443409376
ECB,gdp_growth,gdp_qoq,GDP (QoQ),random_forest,validation,2025-02-01,1,0.015644302129437224,0.012299949584751778,0.003344352544685446
ECB,gdp_growth,gdp_qoq,GDP (QoQ),random_forest,validation,2025-03-01,1,-0.0290537039546691,-0.0036257371353673002,-0.0254279668193018
ECB,gdp_growth,gdp_qoq,GDP (QoQ),random_forest,test,2025-04-01,1,-0.0111745015210266,-0.04555919089295783,0.03438468937193123
ECB,gdp_growth,gdp_qoq,GDP (QoQ),random_forest,test,2025-05-01,1,0.0067047009126159005,-0.0204966093111252,0.0272013102237411
ECB,gdp_growth,gdp_qoq,GDP (QoQ),random_forest,test,2025-06-01,1,0.0245839033462584,-0.02345980331763743,0.04804370666389583
ECB,gdp_growth,gdp_qoq,GDP (QoQ),random_forest,test,2025-07-01,1,0.0245839033462584,-0.009672721078298828,0.03425662442455723
ECB,gdp_growth,gdp_qoq,GDP (QoQ),random_forest,test,2025-08-01,1,0.0245839033462584,-0.014281280615914202,0.0388651839621726
ECB,gdp_growth,gdp_qoq,GDP (QoQ),random_forest,test,2025-09-01,1,0.0245839033462584,-0.055324000828668785,0.07990790417492719
ECB,gdp_growth,gdp_qoq,GDP (QoQ),random_forest,test,2025-10-01,1,0.0245839033462584,-0.06010487827465999,0.08468878162091839
ECB,gdp_growth,gdp_qoq,GDP (QoQ),random_forest,test,2025-11-01,1,0.0245839033462584,-0.024651537298898928,0.04923544064515733
ECB,gdp_growth,gdp_qoq,GDP (QoQ),random_forest,test,2025-12-01,1,0.0245839033462584,-0.024974373969032588,0.049558277315290986
ECB,gdp_growth,gdp_qoq,GDP (QoQ),random_forest,test,2026-01-01,1,0.0245839033462584,-0.018292891187354755,0.042876794533613156
ECB,gdp_growth,gdp_qoq,GDP (QoQ),random_forest,test,2026-02-01,1,0.0245839033462584,-0.08907354959394531,0.11365745294020371
ECB,gdp_growth,gdp_qoq,GDP (QoQ),random_forest,test,2026-03-01,1,0.0245839033462584,-0.022143890471060544,0.046727793817318945
ECB,gdp_growth,gdp_qoq,GDP (QoQ),hist_gradient_boosting,validation,2024-04-01,1,0.01564430212943723,0.34398339267348765,-0.3283390905440504
ECB,gdp_growth,gdp_qoq,GDP (QoQ),hist_gradient_boosting,validation,2024-05-01,1,0.033523504563079766,0.3571556808706665,-0.3236321763075867
ECB,gdp_growth,gdp_qoq,GDP (QoQ),hist_gradient_boosting,validation,2024-06-01,1,0.0514027069967223,0.1280658339808331,-0.07666312698411079
ECB,gdp_growth,gdp_qoq,GDP (QoQ),hist_gradient_boosting,validation,2024-07-01,1,0.03352350456307977,0.2145572453746332,-0.18103374081155343
ECB,gdp_growth,gdp_qoq,GDP (QoQ),hist_gradient_boosting,validation,2024-08-01,1,0.015644302129437238,-0.17476409192033607,0.1904083940497733
ECB,gdp_growth,gdp_qoq,GDP (QoQ),hist_gradient_boosting,validation,2024-09-01,1,-0.0022349003042053,-0.33599014469417554,0.33375524438997023
ECB,gdp_growth,gdp_qoq,GDP (QoQ),hist_gradient_boosting,validation,2024-10-01,1,0.033523504563079766,-0.17547756233622927,0.20900106689930903
ECB,gdp_growth,gdp_qoq,GDP (QoQ),hist_gradient_boosting,validation,2024-11-01,1,0.06928190943036483,-0.23790991686871707,0.3071918262990819
ECB,gdp_growth,gdp_qoq,GDP (QoQ),hist_gradient_boosting,validation,2024-12-01,1,0.1050403142976499,0.09102444392485436,0.014015870372795544
ECB,gdp_growth,gdp_qoq,GDP (QoQ),hist_gradient_boosting,validation,2025-01-01,1,0.06034230821354356,0.3927935551360358,-0.3324512469224922
ECB,gdp_growth,gdp_qoq,GDP (QoQ),hist_gradient_boosting,validation,2025-02-01,1,0.015644302129437224,0.05121458015203314,-0.035570278022595915
ECB,gdp_growth,gdp_qoq,GDP (QoQ),hist_gradient_boosting,validation,2025-03-01,1,-0.0290537039546691,-0.13566561059818963,0.10661190664352052
ECB,gdp_growth,gdp_qoq,GDP (QoQ),hist_gradient_boosting,test,2025-04-01,1,-0.0111745015210266,0.41940152633465344,-0.43057602785568005
ECB,gdp_growth,gdp_qoq,GDP (QoQ),hist_gradient_boosting,test,2025-05-01,1,0.0067047009126159005,0.09328592462017084,-0.08658122370755494
ECB,gdp_growth,gdp_qoq,GDP (QoQ),hist_gradient_boosting,test,2025-06-01,1,0.0245839033462584,0.004877494523442977,0.019706408822815425
ECB,gdp_growth,gdp_qoq,GDP (QoQ),hist_gradient_boosting,test,2025-07-01,1,0.0245839033462584,0.5462474845819922,-0.5216635812357339
ECB,gdp_growth,gdp_qoq,GDP (QoQ),hist_gradient_boosting,test,2025-08-01,1,0.0245839033462584,0.37872237387156005,-0.3541384705253017
ECB,gdp_growth,gdp_qoq,GDP (QoQ),hist_gradient_boosting,test,2025-09-01,1,0.0245839033462584,-0.1362224467851539,0.1608063501314123
ECB,gdp_growth,gdp_qoq,GDP (QoQ),hist_gradient_boosting,test,2025-10-01,1,0.0245839033462584,-0.05747571563001897,0.08205961897627737
ECB,gdp_growth,gdp_qoq,GDP (QoQ),hist_gradient_boosting,test,2025-11-01,1,0.0245839033462584,-0.32262265575716514,0.3472065591034236
ECB,gdp_growth,gdp_qoq,GDP (QoQ),hist_gradient_boosting,test,2025-12-01,1,0.0245839033462584,-0.4207028835826235,0.4452867869288819
ECB,gdp_growth,gdp_qoq,GDP (QoQ),hist_gradient_boosting,test,2026-01-01,1,0.0245839033462584,-0.05748386527067031,0.08206776861692872
ECB,gdp_growth,gdp_qoq,GDP (QoQ),hist_gradient_boosting,test,2026-02-01,1,0.0245839033462584,-0.07002105071732957,0.09460495406358797
ECB,gdp_growth,gdp_qoq,GDP (QoQ),hist_gradient_boosting,test,2026-03-01,1,0.0245839033462584,-0.24877889181242183,0.2733627951586802
ECB,unemployment,unemployment_rate,Unemployment Rate,persistence_baseline,validation,2024-04-01,1,-0.6963197240577237,-0.6963197240577237,0.0
ECB,unemployment,unemployment_rate,Unemployment Rate,persistence_baseline,validation,2024-05-01,1,-0.5493188934233156,-0.6963197240577237,0.14700083063440805
ECB,unemployment,unemployment_rate,Unemployment Rate,persistence_baseline,validation,2024-06-01,1,-0.6963197240577237,-0.5493188934233156,-0.14700083063440805
ECB,unemployment,unemployment_rate,Unemployment Rate,persistence_baseline,validation,2024-07-01,1,-0.6963197240577237,-0.6963197240577237,0.0
ECB,unemployment,unemployment_rate,Unemployment Rate,persistence_baseline,validation,2024-08-01,1,-0.8433205546921331,-0.6963197240577237,-0.14700083063440939
ECB,unemployment,unemployment_rate,Unemployment Rate,persistence_baseline,validation,2024-09-01,1,-0.8433205546921331,-0.8433205546921331,0.0
ECB,unemployment,unemployment_rate,Unemployment Rate,persistence_baseline,validation,2024-10-01,1,-0.8433205546921331,-0.8433205546921331,0.0
ECB,unemployment,unemployment_rate,Unemployment Rate,persistence_baseline,validation,2024-11-01,1,-0.8433205546921331,-0.8433205546921331,0.0
ECB,unemployment,unemployment_rate,Unemployment Rate,persistence_baseline,validation,2024-12-01,1,-0.9903213853265412,-0.8433205546921331,-0.14700083063440816
ECB,unemployment,unemployment_rate,Unemployment Rate,persistence_baseline,validation,2025-01-01,1,-1.1373222159609506,-0.9903213853265412,-0.14700083063440939
ECB,unemployment,unemployment_rate,Unemployment Rate,persistence_baseline,validation,2025-02-01,1,-0.9903213853265412,-1.1373222159609506,0.14700083063440939
ECB,unemployment,unemployment_rate,Unemployment Rate,persistence_baseline,validation,2025-03-01,1,-0.9903213853265412,-0.9903213853265412,0.0
ECB,unemployment,unemployment_rate,Unemployment Rate,persistence_baseline,test,2025-04-01,1,-0.8433205546921331,-0.9903213853265412,0.14700083063440816
ECB,unemployment,unemployment_rate,Unemployment Rate,persistence_baseline,test,2025-05-01,1,-0.9903213853265412,-0.8433205546921331,-0.14700083063440816
ECB,unemployment,unemployment_rate,Unemployment Rate,persistence_baseline,test,2025-06-01,1,-0.9903213853265412,-0.9903213853265412,0.0
ECB,unemployment,unemployment_rate,Unemployment Rate,persistence_baseline,test,2025-07-01,1,-0.8433205546921331,-0.9903213853265412,0.14700083063440816
ECB,unemployment,unemployment_rate,Unemployment Rate,persistence_baseline,test,2025-08-01,1,-0.8433205546921331,-0.8433205546921331,0.0
ECB,unemployment,unemployment_rate,Unemployment Rate,persistence_baseline,test,2025-09-01,1,-0.6963197240577237,-0.8433205546921331,0.14700083063440939
ECB,unemployment,unemployment_rate,Unemployment Rate,persistence_baseline,test,2025-10-01,1,-0.8433205546921331,-0.6963197240577237,-0.14700083063440939
ECB,unemployment,unemployment_rate,Unemployment Rate,persistence_baseline,test,2025-11-01,1,-0.9903213853265412,-0.8433205546921331,-0.14700083063440816
ECB,unemployment,unemployment_rate,Unemployment Rate,persistence_baseline,test,2025-12-01,1,-1.1373222159609506,-0.9903213853265412,-0.14700083063440939
ECB,unemployment,unemployment_rate,Unemployment Rate,persistence_baseline,test,2026-01-01,1,-0.9903213853265412,-1.1373222159609506,0.14700083063440939
ECB,unemployment,unemployment_rate,Unemployment Rate,persistence_baseline,test,2026-02-01,1,-0.9903213853265412,-0.9903213853265412,0.0
ECB,unemployment,unemployment_rate,Unemployment Rate,persistence_baseline,test,2026-03-01,1,-0.9903213853265412,-0.9903213853265412,0.0
ECB,unemployment,unemployment_rate,Unemployment Rate,ridge,validation,2024-04-01,1,-0.6963197240577237,-0.7709646181334744,0.0746448940757507
ECB,unemployment,unemployment_rate,Unemployment Rate,ridge,validation,2024-05-01,1,-0.5493188934233156,-0.92320370361556,0.3738848101922444
ECB,unemployment,unemployment_rate,Unemployment Rate,ridge,validation,2024-06-01,1,-0.6963197240577237,-1.1483354571288558,0.4520157330711321
ECB,unemployment,unemployment_rate,Unemployment Rate,ridge,validation,2024-07-01,1,-0.6963197240577237,-1.3766198261629081,0.6803001021051844
ECB,unemployment,unemployment_rate,Unemployment Rate,ridge,validation,2024-08-01,1,-0.8433205546921331,-0.9914591144025431,0.14813855971041
ECB,unemployment,unemployment_rate,Unemployment Rate,ridge,validation,2024-09-01,1,-0.8433205546921331,-0.6136644382374676,-0.22965611645466544
ECB,unemployment,unemployment_rate,Unemployment Rate,ridge,validation,2024-10-01,1,-0.8433205546921331,-0.5255315141287298,-0.3177890405634033
ECB,unemployment,unemployment_rate,Unemployment Rate,ridge,validation,2024-11-01,1,-0.8433205546921331,-0.45820636030321454,-0.38511419438891853
ECB,unemployment,unemployment_rate,Unemployment Rate,ridge,validation,2024-12-01,1,-0.9903213853265412,-0.24728729080427064,-0.7430340945222706
ECB,unemployment,unemployment_rate,Unemployment Rate,ridge,validation,2025-01-01,1,-1.1373222159609506,-0.36909251848687524,-0.7682296974740754
ECB,unemployment,unemployment_rate,Unemployment Rate,ridge,validation,2025-02-01,1,-0.9903213853265412,-0.548637411019995,-0.44168397430654627
ECB,unemployment,unemployment_rate,Unemployment Rate,ridge,validation,2025-03-01,1,-0.9903213853265412,-0.8370969669767971,-0.1532244183497441
ECB,unemployment,unemployment_rate,Unemployment Rate,ridge,test,2025-04-01,1,-0.8433205546921331,-1.1307488360237503,0.28742828133161724
ECB,unemployment,unemployment_rate,Unemployment Rate,ridge,test,2025-05-01,1,-0.9903213853265412,-1.2547369015661705,0.2644155162396292
ECB,unemployment,unemployment_rate,Unemployment Rate,ridge,test,2025-06-01,1,-0.9903213853265412,-1.084623582259535,0.09430219693299369
ECB,unemployment,unemployment_rate,Unemployment Rate,ridge,test,2025-07-01,1,-0.8433205546921331,-1.5470843161054169,0.7037637614132838
ECB,unemployment,unemployment_rate,Unemployment Rate,ridge,test,2025-08-01,1,-0.8433205546921331,-1.862673711274565,1.019353156582432
ECB,unemployment,unemployment_rate,Unemployment Rate,ridge,test,2025-09-01,1,-0.6963197240577237,-1.5368027597163332,0.8404830356586095
ECB,unemployment,unemployment_rate,Unemployment Rate,ridge,test,2025-10-01,1,-0.8433205546921331,-1.5231146572425123,0.6797941025503792
ECB,unemployment,unemployment_rate,Unemployment Rate,ridge,test,2025-11-01,1,-0.9903213853265412,-1.8364751725025417,0.8461537871760004
ECB,unemployment,unemployment_rate,Unemployment Rate,ridge,test,2025-12-01,1,-1.1373222159609506,-1.553522319430362,0.4162001034694114
ECB,unemployment,unemployment_rate,Unemployment Rate,ridge,test,2026-01-01,1,-0.9903213853265412,-1.5608085397971432,0.5704871544706019
ECB,unemployment,unemployment_rate,Unemployment Rate,ridge,test,2026-02-01,1,-0.9903213853265412,-0.9360465791188455,-0.05427480620769576
ECB,unemployment,unemployment_rate,Unemployment Rate,ridge,test,2026-03-01,1,-0.9903213853265412,-0.7495449638404352,-0.240776421486106
ECB,unemployment,unemployment_rate,Unemployment Rate,random_forest,validation,2024-04-01,1,-0.6963197240577237,-0.5745389488090938,-0.12178077524862985
ECB,unemployment,unemployment_rate,Unemployment Rate,random_forest,validation,2024-05-01,1,-0.5493188934233156,-0.5329560888433853,-0.016362804579930335
ECB,unemployment,unemployment_rate,Unemployment Rate,random_forest,validation,2024-06-01,1,-0.6963197240577237,-0.5274686146543625,-0.16885110940336123
ECB,unemployment,unemployment_rate,Unemployment Rate,random_forest,validation,2024-07-01,1,-0.6963197240577237,-0.5003930715113457,-0.19592665254637798
ECB,unemployment,unemployment_rate,Unemployment Rate,random_forest,validation,2024-08-01,1,-0.8433205546921331,-0.5218767762392612,-0.32144377845287186
ECB,unemployment,unemployment_rate,Unemployment Rate,random_forest,validation,2024-09-01,1,-0.8433205546921331,-0.4753693884473,-0.3679511662448331
ECB,unemployment,unemployment_rate,Unemployment Rate,random_forest,validation,2024-10-01,1,-0.8433205546921331,-0.45965509510756647,-0.3836654595845666
ECB,unemployment,unemployment_rate,Unemployment Rate,random_forest,validation,2024-11-01,1,-0.8433205546921331,-0.4706425321925442,-0.37267802249958887
ECB,unemployment,unemployment_rate,Unemployment Rate,random_forest,validation,2024-12-01,1,-0.9903213853265412,-0.44461230177429334,-0.5457090835522479
ECB,unemployment,unemployment_rate,Unemployment Rate,random_forest,validation,2025-01-01,1,-1.1373222159609506,-0.5221838234287897,-0.615138392532161
ECB,unemployment,unemployment_rate,Unemployment Rate,random_forest,validation,2025-02-01,1,-0.9903213853265412,-0.5312016243842553,-0.4591197609422859
ECB,unemployment,unemployment_rate,Unemployment Rate,random_forest,validation,2025-03-01,1,-0.9903213853265412,-0.53062157565212,-0.45969980967442126
ECB,unemployment,unemployment_rate,Unemployment Rate,random_forest,test,2025-04-01,1,-0.8433205546921331,-0.4988746462647531,-0.34444590842738
ECB,unemployment,unemployment_rate,Unemployment Rate,random_forest,test,2025-05-01,1,-0.9903213853265412,-0.461183145408546,-0.5291382399179952
ECB,unemployment,unemployment_rate,Unemployment Rate,random_forest,test,2025-06-01,1,-0.9903213853265412,-0.42740039769951976,-0.5629209876270215
ECB,unemployment,unemployment_rate,Unemployment Rate,random_forest,test,2025-07-01,1,-0.8433205546921331,-0.40558424412339117,-0.4377363105687419
ECB,unemployment,unemployment_rate,Unemployment Rate,random_forest,test,2025-08-01,1,-0.8433205546921331,-0.3778497427114486,-0.46547081198068446
ECB,unemployment,unemployment_rate,Unemployment Rate,random_forest,test,2025-09-01,1,-0.6963197240577237,-0.39564646827259864,-0.30067325578512505
ECB,unemployment,unemployment_rate,Unemployment Rate,random_forest,test,2025-10-01,1,-0.8433205546921331,-0.42370835411019847,-0.4196122005819346
ECB,unemployment,unemployment_rate,Unemployment Rate,random_forest,test,2025-11-01,1,-0.9903213853265412,-0.38628468431283686,-0.6040367010137044
ECB,unemployment,unemployment_rate,Unemployment Rate,random_forest,test,2025-12-01,1,-1.1373222159609506,-0.4436132582503676,-0.693708957710583
ECB,unemployment,unemployment_rate,Unemployment Rate,random_forest,test,2026-01-01,1,-0.9903213853265412,-0.41513622233967196,-0.5751851629868693
ECB,unemployment,unemployment_rate,Unemployment Rate,random_forest,test,2026-02-01,1,-0.9903213853265412,-0.42080890590856174,-0.5695124794179796
ECB,unemployment,unemployment_rate,Unemployment Rate,random_forest,test,2026-03-01,1,-0.9903213853265412,-0.38662012939010104,-0.6037012559364402
ECB,unemployment,unemployment_rate,Unemployment Rate,hist_gradient_boosting,validation,2024-04-01,1,-0.6963197240577237,-0.43048834471714714,-0.26583137934057655
ECB,unemployment,unemployment_rate,Unemployment Rate,hist_gradient_boosting,validation,2024-05-01,1,-0.5493188934233156,-0.43048834471714714,-0.11883054870616849
ECB,unemployment,unemployment_rate,Unemployment Rate,hist_gradient_boosting,validation,2024-06-01,1,-0.6963197240577237,-0.43048834471714714,-0.26583137934057655
ECB,unemployment,unemployment_rate,Unemployment Rate,hist_gradient_boosting,validation,2024-07-01,1,-0.6963197240577237,-0.3691894174088227,-0.32713030664890097
ECB,unemployment,unemployment_rate,Unemployment Rate,hist_gradient_boosting,validation,2024-08-01,1,-0.8433205546921331,-0.3691894174088227,-0.47413113728331036
ECB,unemployment,unemployment_rate,Unemployment Rate,hist_gradient_boosting,validation,2024-09-01,1,-0.8433205546921331,-0.540525989666204,-0.30279456502592905
ECB,unemployment,unemployment_rate,Unemployment Rate,hist_gradient_boosting,validation,2024-10-01,1,-0.8433205546921331,-0.2857743414804006,-0.5575462132117325
ECB,unemployment,unemployment_rate,Unemployment Rate,hist_gradient_boosting,validation,2024-11-01,1,-0.8433205546921331,-0.527482121322538,-0.31583843336959505
ECB,unemployment,unemployment_rate,Unemployment Rate,hist_gradient_boosting,validation,2024-12-01,1,-0.9903213853265412,-0.5821234674270828,-0.4081979178994585
ECB,unemployment,unemployment_rate,Unemployment Rate,hist_gradient_boosting,validation,2025-01-01,1,-1.1373222159609506,-0.4693674806861702,-0.6679547352747804
ECB,unemployment,unemployment_rate,Unemployment Rate,hist_gradient_boosting,validation,2025-02-01,1,-0.9903213853265412,-0.5181975633148426,-0.47212382201169867
ECB,unemployment,unemployment_rate,Unemployment Rate,hist_gradient_boosting,validation,2025-03-01,1,-0.9903213853265412,-0.3817691652204711,-0.6085522201060701
ECB,unemployment,unemployment_rate,Unemployment Rate,hist_gradient_boosting,test,2025-04-01,1,-0.8433205546921331,-0.2981269600040972,-0.5451935946880359
ECB,unemployment,unemployment_rate,Unemployment Rate,hist_gradient_boosting,test,2025-05-01,1,-0.9903213853265412,-0.4251372274189683,-0.5651841579075729
ECB,unemployment,unemployment_rate,Unemployment Rate,hist_gradient_boosting,test,2025-06-01,1,-0.9903213853265412,-0.013022463449811244,-0.97729892187673
ECB,unemployment,unemployment_rate,Unemployment Rate,hist_gradient_boosting,test,2025-07-01,1,-0.8433205546921331,-0.2072862678830491,-0.636034286809084
ECB,unemployment,unemployment_rate,Unemployment Rate,hist_gradient_boosting,test,2025-08-01,1,-0.8433205546921331,-0.0433969095140912,-0.7999236451780418
ECB,unemployment,unemployment_rate,Unemployment Rate,hist_gradient_boosting,test,2025-09-01,1,-0.6963197240577237,-0.06836814409544092,-0.6279515799622828
ECB,unemployment,unemployment_rate,Unemployment Rate,hist_gradient_boosting,test,2025-10-01,1,-0.8433205546921331,-0.3262878569201053,-0.5170326977720278
ECB,unemployment,unemployment_rate,Unemployment Rate,hist_gradient_boosting,test,2025-11-01,1,-0.9903213853265412,-0.27053184716111095,-0.7197895381654302
ECB,unemployment,unemployment_rate,Unemployment Rate,hist_gradient_boosting,test,2025-12-01,1,-1.1373222159609506,-0.34414015064937725,-0.7931820653115733
ECB,unemployment,unemployment_rate,Unemployment Rate,hist_gradient_boosting,test,2026-01-01,1,-0.9903213853265412,0.14225021296960882,-1.13257159829615
ECB,unemployment,unemployment_rate,Unemployment Rate,hist_gradient_boosting,test,2026-02-01,1,-0.9903213853265412,0.28508187868046925,-1.2754032640070105
ECB,unemployment,unemployment_rate,Unemployment Rate,hist_gradient_boosting,test,2026-03-01,1,-0.9903213853265412,0.13701959604955133,-1.1273409813760926
FED,inflation,core_cpi_yoy,Core CPI (YoY),persistence_baseline,validation,2024-04-01,1,-0.1454154429324414,-0.0250716280918001,-0.1203438148406413
FED,inflation,core_cpi_yoy,Core CPI (YoY),persistence_baseline,validation,2024-05-01,1,-0.1574498244165055,-0.1454154429324414,-0.012034381484064105
FED,inflation,core_cpi_yoy,Core CPI (YoY),persistence_baseline,validation,2024-06-01,1,-0.16948420590056965,-0.1574498244165055,-0.012034381484064133
FED,inflation,core_cpi_yoy,Core CPI (YoY),persistence_baseline,validation,2024-07-01,1,-0.18151858738463375,-0.16948420590056965,-0.012034381484064105
FED,inflation,core_cpi_yoy,Core CPI (YoY),persistence_baseline,validation,2024-08-01,1,-0.19355296886869788,-0.18151858738463375,-0.012034381484064133
FED,inflation,core_cpi_yoy,Core CPI (YoY),persistence_baseline,validation,2024-09-01,1,-0.205587350352762,-0.19355296886869788,-0.012034381484064105
FED,inflation,core_cpi_yoy,Core CPI (YoY),persistence_baseline,validation,2024-10-01,1,-0.205587350352762,-0.205587350352762,0.0
FED,inflation,core_cpi_yoy,Core CPI (YoY),persistence_baseline,validation,2024-11-01,1,-0.26575925777308257,-0.205587350352762,-0.06017190742032058
FED,inflation,core_cpi_yoy,Core CPI (YoY),persistence_baseline,validation,2024-12-01,1,-0.32593116519340315,-0.26575925777308257,-0.06017190742032058
FED,inflation,core_cpi_yoy,Core CPI (YoY),persistence_baseline,validation,2025-01-01,1,-0.3861030726137238,-0.32593116519340315,-0.060171907420320636
FED,inflation,core_cpi_yoy,Core CPI (YoY),persistence_baseline,validation,2025-02-01,1,-0.44627498003404437,-0.3861030726137238,-0.06017190742032058
FED,inflation,core_cpi_yoy,Core CPI (YoY),persistence_baseline,validation,2025-03-01,1,-0.506446887454365,-0.44627498003404437,-0.06017190742032058
FED,inflation,core_cpi_yoy,Core CPI (YoY),persistence_baseline,test,2025-04-01,1,-0.506446887454365,-0.506446887454365,0.0
FED,inflation,core_cpi_yoy,Core CPI (YoY),persistence_baseline,test,2025-05-01,1,-0.5265041899278051,-0.506446887454365,-0.020057302473440175
FED,inflation,core_cpi_yoy,Core CPI (YoY),persistence_baseline,test,2025-06-01,1,-0.5465614924012453,-0.5265041899278051,-0.020057302473440175
FED,inflation,core_cpi_yoy,Core CPI (YoY),persistence_baseline,test,2025-07-01,1,-0.5666187948746855,-0.5465614924012453,-0.020057302473440175
FED,inflation,core_cpi_yoy,Core CPI (YoY),persistence_baseline,test,2025-08-01,1,-0.5866760973481256,-0.5666187948746855,-0.020057302473440175
FED,inflation,core_cpi_yoy,Core CPI (YoY),persistence_baseline,test,2025-09-01,1,-0.6067333998215658,-0.5866760973481256,-0.020057302473440175
FED,inflation,core_cpi_yoy,Core CPI (YoY),persistence_baseline,test,2025-10-01,1,-0.626790702295006,-0.6067333998215658,-0.020057302473440175
FED,inflation,core_cpi_yoy,Core CPI (YoY),persistence_baseline,test,2025-11-01,1,-0.6568766560051663,-0.626790702295006,-0.030085953710160318
FED,inflation,core_cpi_yoy,Core CPI (YoY),persistence_baseline,test,2025-12-01,1,-0.6869626097153266,-0.6568766560051663,-0.030085953710160318
FED,inflation,core_cpi_yoy,Core CPI (YoY),persistence_baseline,test,2026-01-01,1,-0.6869626097153266,-0.6869626097153266,0.0
FED,inflation,core_cpi_yoy,Core CPI (YoY),persistence_baseline,test,2026-02-01,1,-0.626790702295006,-0.6869626097153266,0.060171907420320636
FED,inflation,core_cpi_yoy,Core CPI (YoY),persistence_baseline,test,2026-03-01,1,-0.626790702295006,-0.626790702295006,0.0
FED,inflation,core_cpi_yoy,Core CPI (YoY),ridge,validation,2024-04-01,1,-0.1454154429324414,0.05545706124389321,-0.20087250417633462
FED,inflation,core_cpi_yoy,Core CPI (YoY),ridge,validation,2024-05-01,1,-0.1574498244165055,-0.11251429228784632,-0.044935532128659195
FED,inflation,core_cpi_yoy,Core CPI (YoY),ridge,validation,2024-06-01,1,-0.16948420590056965,0.049230144996941394,-0.21871435089751104
FED,inflation,core_cpi_yoy,Core CPI (YoY),ridge,validation,2024-07-01,1,-0.18151858738463375,0.12311690204526413,-0.3046354894298979
FED,inflation,core_cpi_yoy,Core CPI (YoY),ridge,validation,2024-08-01,1,-0.19355296886869788,0.24190248944150405,-0.43545545831020194
FED,inflation,core_cpi_yoy,Core CPI (YoY),ridge,validation,2024-09-01,1,-0.205587350352762,0.29580049200087866,-0.5013878423536406
FED,inflation,core_cpi_yoy,Core CPI (YoY),ridge,validation,2024-10-01,1,-0.205587350352762,0.11341428161194422,-0.3190016319647062
FED,inflation,core_cpi_yoy,Core CPI (YoY),ridge,validation,2024-11-01,1,-0.26575925777308257,0.10451231712096568,-0.37027157489404827
FED,inflation,core_cpi_yoy,Core CPI (YoY),ridge,validation,2024-12-01,1,-0.32593116519340315,0.23520064633305954,-0.5611318115264627
FED,inflation,core_cpi_yoy,Core CPI (YoY),ridge,validation,2025-01-01,1,-0.3861030726137238,0.241403204320088,-0.6275062769338118
FED,inflation,core_cpi_yoy,Core CPI (YoY),ridge,validation,2025-02-01,1,-0.44627498003404437,0.6131932120843897,-1.0594681921184341
FED,inflation,core_cpi_yoy,Core CPI (YoY),ridge,validation,2025-03-01,1,-0.506446887454365,0.8853065637969644,-1.3917534512513292
FED,inflation,core_cpi_yoy,Core CPI (YoY),ridge,test,2025-04-01,1,-0.506446887454365,1.1237159799884733,-1.6301628674428383
FED,inflation,core_cpi_yoy,Core CPI (YoY),ridge,test,2025-05-01,1,-0.5265041899278051,1.205072679363939,-1.7315768692917441
FED,inflation,core_cpi_yoy,Core CPI (YoY),ridge,test,2025-06-01,1,-0.5465614924012453,1.0695323219280288,-1.616093814329274
FED,inflation,core_cpi_yoy,Core CPI (YoY),ridge,test,2025-07-01,1,-0.5666187948746855,0.7916017797805643,-1.3582205746552498
FED,inflation,core_cpi_yoy,Core CPI (YoY),ridge,test,2025-08-01,1,-0.5866760973481256,0.42463615299924473,-1.0113122503473704
FED,inflation,core_cpi_yoy,Core CPI (YoY),ridge,test,2025-09-01,1,-0.6067333998215658,0.3163316743456626,-0.9230650741672284
FED,inflation,core_cpi_yoy,Core CPI (YoY),ridge,test,2025-10-01,1,-0.626790702295006,0.2601580738600559,-0.8869487761550618
FED,inflation,core_cpi_yoy,Core CPI (YoY),ridge,test,2025-11-01,1,-0.6568766560051663,0.26592755766821036,-0.9228042136733767
FED,inflation,core_cpi_yoy,Core CPI (YoY),ridge,test,2025-12-01,1,-0.6869626097153266,0.21839783627995393,-0.9053604459952805
FED,inflation,core_cpi_yoy,Core CPI (YoY),ridge,test,2026-01-01,1,-0.6869626097153266,0.07566142923412467,-0.7626240389494513
FED,inflation,core_cpi_yoy,Core CPI (YoY),ridge,test,2026-02-01,1,-0.626790702295006,0.04871813787753054,-0.6755088401725365
FED,inflation,core_cpi_yoy,Core CPI (YoY),ridge,test,2026-03-01,1,-0.626790702295006,0.13923815962491215,-0.7660288619199181
FED,inflation,core_cpi_yoy,Core CPI (YoY),random_forest,validation,2024-04-01,1,-0.1454154429324414,0.04789278668806156,-0.19330822962050298
FED,inflation,core_cpi_yoy,Core CPI (YoY),random_forest,validation,2024-05-01,1,-0.1574498244165055,0.054080930117068125,-0.21153075453357364
FED,inflation,core_cpi_yoy,Core CPI (YoY),random_forest,validation,2024-06-01,1,-0.16948420590056965,0.041468599850005894,-0.21095280575057554
FED,inflation,core_cpi_yoy,Core CPI (YoY),random_forest,validation,2024-07-01,1,-0.18151858738463375,-0.02713353615169971,-0.15438505123293403
FED,inflation,core_cpi_yoy,Core CPI (YoY),random_forest,validation,2024-08-01,1,-0.19355296886869788,-0.03919161629374582,-0.15436135257495207
FED,inflation,core_cpi_yoy,Core CPI (YoY),random_forest,validation,2024-09-01,1,-0.205587350352762,-0.22340389288845153,0.01781654253568954
FED,inflation,core_cpi_yoy,Core CPI (YoY),random_forest,validation,2024-10-01,1,-0.205587350352762,-0.21041030673020653,0.004822956377444537
FED,inflation,core_cpi_yoy,Core CPI (YoY),random_forest,validation,2024-11-01,1,-0.26575925777308257,-0.21802768816576262,-0.047731569607319946
FED,inflation,core_cpi_yoy,Core CPI (YoY),random_forest,validation,2024-12-01,1,-0.32593116519340315,-0.20470070904824944,-0.12123045614515371
FED,inflation,core_cpi_yoy,Core CPI (YoY),random_forest,validation,2025-01-01,1,-0.3861030726137238,-0.14880348491308037,-0.2372995877006434
FED,inflation,core_cpi_yoy,Core CPI (YoY),random_forest,validation,2025-02-01,1,-0.44627498003404437,-0.10792358642700359,-0.3383513936070408
FED,inflation,core_cpi_yoy,Core CPI (YoY),random_forest,validation,2025-03-01,1,-0.506446887454365,-0.10979218680755597,-0.39665470064680897
FED,inflation,core_cpi_yoy,Core CPI (YoY),random_forest,test,2025-04-01,1,-0.506446887454365,-0.08422612233204438,-0.42222076512232054
FED,inflation,core_cpi_yoy,Core CPI (YoY),random_forest,test,2025-05-01,1,-0.5265041899278051,0.07028097888886277,-0.5967851688166679
FED,inflation,core_cpi_yoy,Core CPI (YoY),random_forest,test,2025-06-01,1,-0.5465614924012453,0.09910749480274425,-0.6456689872039896
FED,inflation,core_cpi_yoy,Core CPI (YoY),random_forest,test,2025-07-01,1,-0.5666187948746855,0.10045530971234788,-0.6670741045870333
FED,inflation,core_cpi_yoy,Core CPI (YoY),random_forest,test,2025-08-01,1,-0.5866760973481256,-0.3514768849430039,-0.23519921240512176
FED,inflation,core_cpi_yoy,Core CPI (YoY),random_forest,test,2025-09-01,1,-0.6067333998215658,-0.3801684740874034,-0.22656492573416243
FED,inflation,core_cpi_yoy,Core CPI (YoY),random_forest,test,2025-10-01,1,-0.626790702295006,-0.37506589633816034,-0.25172480595684565
FED,inflation,core_cpi_yoy,Core CPI (YoY),random_forest,test,2025-11-01,1,-0.6568766560051663,-0.3809972444304506,-0.27587941157471574
FED,inflation,core_cpi_yoy,Core CPI (YoY),random_forest,test,2025-12-01,1,-0.6869626097153266,-0.3798876856005656,-0.307074924114761
FED,inflation,core_cpi_yoy,Core CPI (YoY),random_forest,test,2026-01-01,1,-0.6869626097153266,-0.4190131780842381,-0.26794943163108853
FED,inflation,core_cpi_yoy,Core CPI (YoY),random_forest,test,2026-02-01,1,-0.626790702295006,-0.4312688823500002,-0.19552181994500578
FED,inflation,core_cpi_yoy,Core CPI (YoY),random_forest,test,2026-03-01,1,-0.626790702295006,-0.6121745519998834,-0.014616150295122643
FED,inflation,core_cpi_yoy,Core CPI (YoY),hist_gradient_boosting,validation,2024-04-01,1,-0.1454154429324414,-0.11294289983427007,-0.03247254309817134
FED,inflation,core_cpi_yoy,Core CPI (YoY),hist_gradient_boosting,validation,2024-05-01,1,-0.1574498244165055,-0.12023077676692914,-0.03721904764957637
FED,inflation,core_cpi_yoy,Core CPI (YoY),hist_gradient_boosting,validation,2024-06-01,1,-0.16948420590056965,-0.08820653681703483,-0.08127766908353481
FED,inflation,core_cpi_yoy,Core CPI (YoY),hist_gradient_boosting,validation,2024-07-01,1,-0.18151858738463375,-0.08820653681703483,-0.09331205056759892
FED,inflation,core_cpi_yoy,Core CPI (YoY),hist_gradient_boosting,validation,2024-08-01,1,-0.19355296886869788,-0.10356258828831029,-0.0899903805803876
FED,inflation,core_cpi_yoy,Core CPI (YoY),hist_gradient_boosting,validation,2024-09-01,1,-0.205587350352762,-0.13464445153819937,-0.07094289881456262
FED,inflation,core_cpi_yoy,Core CPI (YoY),hist_gradient_boosting,validation,2024-10-01,1,-0.205587350352762,-0.09396133696308916,-0.11162601338967283
FED,inflation,core_cpi_yoy,Core CPI (YoY),hist_gradient_boosting,validation,2024-11-01,1,-0.26575925777308257,-0.18165131986310415,-0.08410793790997842
FED,inflation,core_cpi_yoy,Core CPI (YoY),hist_gradient_boosting,validation,2024-12-01,1,-0.32593116519340315,-0.0905972004944584,-0.23533396469894474
FED,inflation,core_cpi_yoy,Core CPI (YoY),hist_gradient_boosting,validation,2025-01-01,1,-0.3861030726137238,0.011430576983754881,-0.39753364959747867
FED,inflation,core_cpi_yoy,Core CPI (YoY),hist_gradient_boosting,validation,2025-02-01,1,-0.44627498003404437,-0.0017906106798068206,-0.4444843693542375
FED,inflation,core_cpi_yoy,Core CPI (YoY),hist_gradient_boosting,validation,2025-03-01,1,-0.506446887454365,-0.08379205436621266,-0.42265483308815227
FED,inflation,core_cpi_yoy,Core CPI (YoY),hist_gradient_boosting,test,2025-04-01,1,-0.506446887454365,-0.2036805074307533,-0.30276638002361167
FED,inflation,core_cpi_yoy,Core CPI (YoY),hist_gradient_boosting,test,2025-05-01,1,-0.5265041899278051,-0.30672934128702145,-0.21977484864078367
FED,inflation,core_cpi_yoy,Core CPI (YoY),hist_gradient_boosting,test,2025-06-01,1,-0.5465614924012453,-0.143301078982141,-0.4032604134191043
FED,inflation,core_cpi_yoy,Core CPI (YoY),hist_gradient_boosting,test,2025-07-01,1,-0.5666187948746855,-0.05836723789667716,-0.5082515569780083
FED,inflation,core_cpi_yoy,Core CPI (YoY),hist_gradient_boosting,test,2025-08-01,1,-0.5866760973481256,-0.05836723789667716,-0.5283088594514485
FED,inflation,core_cpi_yoy,Core CPI (YoY),hist_gradient_boosting,test,2025-09-01,1,-0.6067333998215658,-0.05836723789667716,-0.5483661619248886
FED,inflation,core_cpi_yoy,Core CPI (YoY),hist_gradient_boosting,test,2025-10-01,1,-0.626790702295006,-0.05836723789667716,-0.5684234643983288
FED,inflation,core_cpi_yoy,Core CPI (YoY),hist_gradient_boosting,test,2025-11-01,1,-0.6568766560051663,0.023634205789728566,-0.6805108617948948
FED,inflation,core_cpi_yoy,Core CPI (YoY),hist_gradient_boosting,test,2025-12-01,1,-0.6869626097153266,0.008892882084618504,-0.6958554917999451
FED,inflation,core_cpi_yoy,Core CPI (YoY),hist_gradient_boosting,test,2026-01-01,1,-0.6869626097153266,0.2648293714797001,-0.9517919811950267
FED,inflation,core_cpi_yoy,Core CPI (YoY),hist_gradient_boosting,test,2026-02-01,1,-0.626790702295006,0.3175587844508424,-0.9443494867458484
FED,inflation,core_cpi_yoy,Core CPI (YoY),hist_gradient_boosting,test,2026-03-01,1,-0.626790702295006,0.3091436503875537,-0.9359343526825596
FED,gdp_growth,retail_sales_mom,Retail Sales (MoM),persistence_baseline,validation,2024-04-01,1,-0.0349275801054374,0.030346913862101296,-0.0652744939675387
FED,gdp_growth,retail_sales_mom,Retail Sales (MoM),persistence_baseline,validation,2024-05-01,1,-0.018608956613552725,-0.0349275801054374,0.016318623491884676
FED,gdp_growth,retail_sales_mom,Retail Sales (MoM),persistence_baseline,validation,2024-06-01,1,-0.002290333121668049,-0.018608956613552725,0.016318623491884676
FED,gdp_growth,retail_sales_mom,Retail Sales (MoM),persistence_baseline,validation,2024-07-01,1,0.014028290370216627,-0.002290333121668049,0.016318623491884676
FED,gdp_growth,retail_sales_mom,Retail Sales (MoM),persistence_baseline,validation,2024-08-01,1,0.0303469138621013,0.014028290370216627,0.016318623491884673
FED,gdp_growth,retail_sales_mom,Retail Sales (MoM),persistence_baseline,validation,2024-09-01,1,0.0303469138621013,0.0303469138621013,0.0
FED,gdp_growth,retail_sales_mom,Retail Sales (MoM),persistence_baseline,validation,2024-10-01,1,0.09562140782964,0.0303469138621013,0.0652744939675387
FED,gdp_growth,retail_sales_mom,Retail Sales (MoM),persistence_baseline,validation,2024-11-01,1,0.06951161024262452,0.09562140782964,-0.026109797587015482
FED,gdp_growth,retail_sales_mom,Retail Sales (MoM),persistence_baseline,validation,2024-12-01,1,0.04340181265560904,0.06951161024262452,-0.026109797587015482
FED,gdp_growth,retail_sales_mom,Retail Sales (MoM),persistence_baseline,validation,2025-01-01,1,0.017292015068593555,0.04340181265560904,-0.026109797587015482
FED,gdp_growth,retail_sales_mom,Retail Sales (MoM),persistence_baseline,validation,2025-02-01,1,-0.008817782518421927,0.017292015068593555,-0.026109797587015482
FED,gdp_growth,retail_sales_mom,Retail Sales (MoM),persistence_baseline,validation,2025-03-01,1,-0.0349275801054374,-0.008817782518421927,-0.026109797587015475
FED,gdp_growth,retail_sales_mom,Retail Sales (MoM),persistence_baseline,test,2025-04-01,1,0.0303469138621013,-0.0349275801054374,0.0652744939675387
FED,gdp_growth,retail_sales_mom,Retail Sales (MoM),persistence_baseline,test,2025-05-01,1,0.003149208042293499,0.0303469138621013,-0.0271977058198078
FED,gdp_growth,retail_sales_mom,Retail Sales (MoM),persistence_baseline,test,2025-06-01,1,-0.0240484977775143,0.003149208042293499,-0.0271977058198078
FED,gdp_growth,retail_sales_mom,Retail Sales (MoM),persistence_baseline,test,2025-07-01,1,-0.05124620359732211,-0.0240484977775143,-0.02719770581980781
FED,gdp_growth,retail_sales_mom,Retail Sales (MoM),persistence_baseline,test,2025-08-01,1,-0.0784439094171299,-0.05124620359732211,-0.027197705819807794
FED,gdp_growth,retail_sales_mom,Retail Sales (MoM),persistence_baseline,test,2025-09-01,1,0.1173795724854863,-0.0784439094171299,0.19582348190261623
FED,gdp_growth,retail_sales_mom,Retail Sales (MoM),persistence_baseline,test,2025-10-01,1,0.019467831534178193,0.1173795724854863,-0.09791174095130811
FED,gdp_growth,retail_sales_mom,Retail Sales (MoM),persistence_baseline,test,2025-11-01,1,-0.0784439094171299,0.019467831534178193,-0.0979117409513081
FED,gdp_growth,retail_sales_mom,Retail Sales (MoM),persistence_baseline,test,2025-12-01,1,-0.1002020740729761,-0.0784439094171299,-0.021758164655846193
FED,gdp_growth,retail_sales_mom,Retail Sales (MoM),persistence_baseline,test,2026-01-01,1,0.0738632431737938,-0.1002020740729761,0.17406531724676988
FED,gdp_growth,retail_sales_mom,Retail Sales (MoM),persistence_baseline,test,2026-02-01,1,0.3132030543881026,0.0738632431737938,0.2393398112143088
FED,gdp_growth,retail_sales_mom,Retail Sales (MoM),persistence_baseline,test,2026-03-01,1,0.3132030543881026,0.3132030543881026,0.0
FED,gdp_growth,retail_sales_mom,Retail Sales (MoM),ridge,validation,2024-04-01,1,-0.0349275801054374,0.39282658842902357,-0.42775416853446097
FED,gdp_growth,retail_sales_mom,Retail Sales (MoM),ridge,validation,2024-05-01,1,-0.018608956613552725,-0.34722299507611964,0.3286140384625669
FED,gdp_growth,retail_sales_mom,Retail Sales (MoM),ridge,validation,2024-06-01,1,-0.002290333121668049,0.3845610938407684,-0.38685142696243646
FED,gdp_growth,retail_sales_mom,Retail Sales (MoM),ridge,validation,2024-07-01,1,0.014028290370216627,0.7259296392586206,-0.7119013488884041
FED,gdp_growth,retail_sales_mom,Retail Sales (MoM),ridge,validation,2024-08-01,1,0.0303469138621013,0.7546422027150993,-0.724295288852998
FED,gdp_growth,retail_sales_mom,Retail Sales (MoM),ridge,validation,2024-09-01,1,0.0303469138621013,0.8759285690247245,-0.8455816551626232
FED,gdp_growth,retail_sales_mom,Retail Sales (MoM),ridge,validation,2024-10-01,1,0.09562140782964,1.0485828416165348,-0.9529614337868948
FED,gdp_growth,retail_sales_mom,Retail Sales (MoM),ridge,validation,2024-11-01,1,0.06951161024262452,0.9355324952364495,-0.866020884993825
FED,gdp_growth,retail_sales_mom,Retail Sales (MoM),ridge,validation,2024-12-01,1,0.04340181265560904,1.2200387560584636,-1.1766369434028545
FED,gdp_growth,retail_sales_mom,Retail Sales (MoM),ridge,validation,2025-01-01,1,0.017292015068593555,0.681256888696087,-0.6639648736274935
FED,gdp_growth,retail_sales_mom,Retail Sales (MoM),ridge,validation,2025-02-01,1,-0.008817782518421927,0.2594283204386031,-0.268246102957025
FED,gdp_growth,retail_sales_mom,Retail Sales (MoM),ridge,validation,2025-03-01,1,-0.0349275801054374,0.31110647414952197,-0.34603405425495937
FED,gdp_growth,retail_sales_mom,Retail Sales (MoM),ridge,test,2025-04-01,1,0.0303469138621013,0.8223848062913853,-0.792037892429284
FED,gdp_growth,retail_sales_mom,Retail Sales (MoM),ridge,test,2025-05-01,1,0.003149208042293499,0.847773482890642,-0.8446242748483486
FED,gdp_growth,retail_sales_mom,Retail Sales (MoM),ridge,test,2025-06-01,1,-0.0240484977775143,0.9601645664170073,-0.9842130641945216
FED,gdp_growth,retail_sales_mom,Retail Sales (MoM),ridge,test,2025-07-01,1,-0.05124620359732211,0.8459971392056137,-0.8972433428029358
FED,gdp_growth,retail_sales_mom,Retail Sales (MoM),ridge,test,2025-08-01,1,-0.0784439094171299,0.6826043320358391,-0.761048241452969
FED,gdp_growth,retail_sales_mom,Retail Sales (MoM),ridge,test,2025-09-01,1,0.1173795724854863,0.42115892303093105,-0.30377935054544475
FED,gdp_growth,retail_sales_mom,Retail Sales (MoM),ridge,test,2025-10-01,1,0.019467831534178193,0.24313772263956168,-0.2236698911053835
FED,gdp_growth,retail_sales_mom,Retail Sales (MoM),ridge,test,2025-11-01,1,-0.0784439094171299,0.1118438310310218,-0.19028774044815172
FED,gdp_growth,retail_sales_mom,Retail Sales (MoM),ridge,test,2025-12-01,1,-0.1002020740729761,0.07040089461956135,-0.17060296869253744
FED,gdp_growth,retail_sales_mom,Retail Sales (MoM),ridge,test,2026-01-01,1,0.0738632431737938,-0.026662429490899475,0.10052567266469327
FED,gdp_growth,retail_sales_mom,Retail Sales (MoM),ridge,test,2026-02-01,1,0.3132030543881026,0.7554140832493896,-0.44221102886128705
FED,gdp_growth,retail_sales_mom,Retail Sales (MoM),ridge,test,2026-03-01,1,0.3132030543881026,0.6098583665918131,-0.29665531220371055
FED,gdp_growth,retail_sales_mom,Retail Sales (MoM),random_forest,validation,2024-04-01,1,-0.0349275801054374,0.060237066547165326,-0.09516464665260273
FED,gdp_growth,retail_sales_mom,Retail Sales (MoM),random_forest,validation,2024-05-01,1,-0.018608956613552725,0.06686437155553324,-0.08547332816908595
FED,gdp_growth,retail_sales_mom,Retail Sales (MoM),random_forest,validation,2024-06-01,1,-0.002290333121668049,0.06984154062361561,-0.07213187374528365
FED,gdp_growth,retail_sales_mom,Retail Sales (MoM),random_forest,validation,2024-07-01,1,0.014028290370216627,0.10438058071119077,-0.09035229034097414
FED,gdp_growth,retail_sales_mom,Retail Sales (MoM),random_forest,validation,2024-08-01,1,0.0303469138621013,0.09710578087536469,-0.06675886701326339
FED,gdp_growth,retail_sales_mom,Retail Sales (MoM),random_forest,validation,2024-09-01,1,0.0303469138621013,0.09195520653550412,-0.06160829267340283
FED,gdp_growth,retail_sales_mom,Retail Sales (MoM),random_forest,validation,2024-10-01,1,0.09562140782964,0.09895203966926026,-0.0033306318396202628
FED,gdp_growth,retail_sales_mom,Retail Sales (MoM),random_forest,validation,2024-11-01,1,0.06951161024262452,0.09475557926514354,-0.02524396902251902
FED,gdp_growth,retail_sales_mom,Retail Sales (MoM),random_forest,validation,2024-12-01,1,0.04340181265560904,0.07480873838429268,-0.03140692572868364
FED,gdp_growth,retail_sales_mom,Retail Sales (MoM),random_forest,validation,2025-01-01,1,0.017292015068593555,0.05948692088392837,-0.04219490581533481
FED,gdp_growth,retail_sales_mom,Retail Sales (MoM),random_forest,validation,2025-02-01,1,-0.008817782518421927,0.05895293533503328,-0.0677707178534552
FED,gdp_growth,retail_sales_mom,Retail Sales (MoM),random_forest,validation,2025-03-01,1,-0.0349275801054374,0.04342891250724918,-0.07835649261268658
FED,gdp_growth,retail_sales_mom,Retail Sales (MoM),random_forest,test,2025-04-01,1,0.0303469138621013,0.08400933500250055,-0.05366242114039925
FED,gdp_growth,retail_sales_mom,Retail Sales (MoM),random_forest,test,2025-05-01,1,0.003149208042293499,0.07926405681528755,-0.07611484877299404
FED,gdp_growth,retail_sales_mom,Retail Sales (MoM),random_forest,test,2025-06-01,1,-0.0240484977775143,0.06882839782447109,-0.0928768956019854
FED,gdp_growth,retail_sales_mom,Retail Sales (MoM),random_forest,test,2025-07-01,1,-0.05124620359732211,0.05706312789901543,-0.10830933149633754
FED,gdp_growth,retail_sales_mom,Retail Sales (MoM),random_forest,test,2025-08-01,1,-0.0784439094171299,0.06238254233010326,-0.14082645174723318
FED,gdp_growth,retail_sales_mom,Retail Sales (MoM),random_forest,test,2025-09-01,1,0.1173795724854863,0.05478499939410067,0.06259457309138564
FED,gdp_growth,retail_sales_mom,Retail Sales (MoM),random_forest,test,2025-10-01,1,0.019467831534178193,0.07596798607768611,-0.056500154543507916
FED,gdp_growth,retail_sales_mom,Retail Sales (MoM),random_forest,test,2025-11-01,1,-0.0784439094171299,0.04846418521890244,-0.12690809463603234
FED,gdp_growth,retail_sales_mom,Retail Sales (MoM),random_forest,test,2025-12-01,1,-0.1002020740729761,0.029040081627486374,-0.12924215570046246
FED,gdp_growth,retail_sales_mom,Retail Sales (MoM),random_forest,test,2026-01-01,1,0.0738632431737938,0.01777760230652336,0.056085640867270435
FED,gdp_growth,retail_sales_mom,Retail Sales (MoM),random_forest,test,2026-02-01,1,0.3132030543881026,0.07434444044821134,0.23885861393989125
FED,gdp_growth,retail_sales_mom,Retail Sales (MoM),random_forest,test,2026-03-01,1,0.3132030543881026,0.061721282667953986,0.25148177172014863
FED,gdp_growth,retail_sales_mom,Retail Sales (MoM),hist_gradient_boosting,validation,2024-04-01,1,-0.0349275801054374,-0.08109854880299862,0.04617096869756122
FED,gdp_growth,retail_sales_mom,Retail Sales (MoM),hist_gradient_boosting,validation,2024-05-01,1,-0.018608956613552725,0.30441782707877774,-0.32302678369233045
FED,gdp_growth,retail_sales_mom,Retail Sales (MoM),hist_gradient_boosting,validation,2024-06-01,1,-0.002290333121668049,-0.03634989831995954,0.03405956519829149
FED,gdp_growth,retail_sales_mom,Retail Sales (MoM),hist_gradient_boosting,validation,2024-07-01,1,0.014028290370216627,0.5576239372494209,-0.5435956468792044
FED,gdp_growth,retail_sales_mom,Retail Sales (MoM),hist_gradient_boosting,validation,2024-08-01,1,0.0303469138621013,0.7858844732087669,-0.7555375593466656
FED,gdp_growth,retail_sales_mom,Retail Sales (MoM),hist_gradient_boosting,validation,2024-09-01,1,0.0303469138621013,0.7345846858743421,-0.7042377720122408
FED,gdp_growth,retail_sales_mom,Retail Sales (MoM),hist_gradient_boosting,validation,2024-10-01,1,0.09562140782964,0.6683935043844759,-0.5727720965548359
FED,gdp_growth,retail_sales_mom,Retail Sales (MoM),hist_gradient_boosting,validation,2024-11-01,1,0.06951161024262452,0.49704262871521643,-0.4275310184725919
FED,gdp_growth,retail_sales_mom,Retail Sales (MoM),hist_gradient_boosting,validation,2024-12-01,1,0.04340181265560904,0.3759181398512688,-0.33251632719565977
FED,gdp_growth,retail_sales_mom,Retail Sales (MoM),hist_gradient_boosting,validation,2025-01-01,1,0.017292015068593555,0.3759181398512688,-0.35862612478267525
FED,gdp_growth,retail_sales_mom,Retail Sales (MoM),hist_gradient_boosting,validation,2025-02-01,1,-0.008817782518421927,0.7142055519021803,-0.7230233344206022
FED,gdp_growth,retail_sales_mom,Retail Sales (MoM),hist_gradient_boosting,validation,2025-03-01,1,-0.0349275801054374,0.6928919355362881,-0.7278195156417255
FED,gdp_growth,retail_sales_mom,Retail Sales (MoM),hist_gradient_boosting,test,2025-04-01,1,0.0303469138621013,0.7331430195698543,-0.702796105707753
FED,gdp_growth,retail_sales_mom,Retail Sales (MoM),hist_gradient_boosting,test,2025-05-01,1,0.003149208042293499,0.46444775707289354,-0.4612985490306
FED,gdp_growth,retail_sales_mom,Retail Sales (MoM),hist_gradient_boosting,test,2025-06-01,1,-0.0240484977775143,0.15618345911093656,-0.18023195688845087
FED,gdp_growth,retail_sales_mom,Retail Sales (MoM),hist_gradient_boosting,test,2025-07-01,1,-0.05124620359732211,0.2569979388409398,-0.3082441424382619
FED,gdp_growth,retail_sales_mom,Retail Sales (MoM),hist_gradient_boosting,test,2025-08-01,1,-0.0784439094171299,0.3508885332764294,-0.4293324426935593
FED,gdp_growth,retail_sales_mom,Retail Sales (MoM),hist_gradient_boosting,test,2025-09-01,1,0.1173795724854863,-0.009095632049886474,0.12647520453537278
FED,gdp_growth,retail_sales_mom,Retail Sales (MoM),hist_gradient_boosting,test,2025-10-01,1,0.019467831534178193,-0.07162217357562167,0.09109000510979987
FED,gdp_growth,retail_sales_mom,Retail Sales (MoM),hist_gradient_boosting,test,2025-11-01,1,-0.0784439094171299,0.4259003078824509,-0.5043442172995808
FED,gdp_growth,retail_sales_mom,Retail Sales (MoM),hist_gradient_boosting,test,2025-12-01,1,-0.1002020740729761,-0.11159195382639443,0.011389879753418333
FED,gdp_growth,retail_sales_mom,Retail Sales (MoM),hist_gradient_boosting,test,2026-01-01,1,0.0738632431737938,-0.18151084683975036,0.25537409001354416
FED,gdp_growth,retail_sales_mom,Retail Sales (MoM),hist_gradient_boosting,test,2026-02-01,1,0.3132030543881026,0.005963250948753981,0.3072398034393486
FED,gdp_growth,retail_sales_mom,Retail Sales (MoM),hist_gradient_boosting,test,2026-03-01,1,0.3132030543881026,0.4658894233773806,-0.152686368989278
FED,unemployment,unemployment_rate,Unemployment Rate,persistence_baseline,validation,2024-04-01,1,-0.3960555789843717,-0.4365612631986825,0.04050568421431078
FED,unemployment,unemployment_rate,Unemployment Rate,persistence_baseline,validation,2024-05-01,1,-0.3879544421415096,-0.3960555789843717,0.008101136842862122
FED,unemployment,unemployment_rate,Unemployment Rate,persistence_baseline,validation,2024-06-01,1,-0.37985330529864747,-0.3879544421415096,0.008101136842862122
FED,unemployment,unemployment_rate,Unemployment Rate,persistence_baseline,validation,2024-07-01,1,-0.37175216845578535,-0.37985330529864747,0.008101136842862122
FED,unemployment,unemployment_rate,Unemployment Rate,persistence_baseline,validation,2024-08-01,1,-0.3636510316129232,-0.37175216845578535,0.008101136842862122
FED,unemployment,unemployment_rate,Unemployment Rate,persistence_baseline,validation,2024-09-01,1,-0.3555498947700611,-0.3636510316129232,0.008101136842862122
FED,unemployment,unemployment_rate,Unemployment Rate,persistence_baseline,validation,2024-10-01,1,-0.3150442105557502,-0.3555498947700611,0.04050568421431089
FED,unemployment,unemployment_rate,Unemployment Rate,persistence_baseline,validation,2024-11-01,1,-0.3150442105557502,-0.3150442105557502,0.0
FED,unemployment,unemployment_rate,Unemployment Rate,persistence_baseline,validation,2024-12-01,1,-0.3150442105557502,-0.3150442105557502,0.0
FED,unemployment,unemployment_rate,Unemployment Rate,persistence_baseline,validation,2025-01-01,1,-0.3150442105557502,-0.3150442105557502,0.0
FED,unemployment,unemployment_rate,Unemployment Rate,persistence_baseline,validation,2025-02-01,1,-0.3150442105557502,-0.3150442105557502,0.0
FED,unemployment,unemployment_rate,Unemployment Rate,persistence_baseline,validation,2025-03-01,1,-0.3150442105557502,-0.3150442105557502,0.0
FED,unemployment,unemployment_rate,Unemployment Rate,persistence_baseline,test,2025-04-01,1,-0.3150442105557502,-0.3150442105557502,0.0
FED,unemployment,unemployment_rate,Unemployment Rate,persistence_baseline,test,2025-05-01,1,-0.2947913684485948,-0.3150442105557502,0.02025284210715539
FED,unemployment,unemployment_rate,Unemployment Rate,persistence_baseline,test,2025-06-01,1,-0.2745385263414394,-0.2947913684485948,0.020252842107155444
FED,unemployment,unemployment_rate,Unemployment Rate,persistence_baseline,test,2025-07-01,1,-0.254285684234284,-0.2745385263414394,0.02025284210715539
FED,unemployment,unemployment_rate,Unemployment Rate,persistence_baseline,test,2025-08-01,1,-0.2340328421271286,-0.254285684234284,0.02025284210715539
FED,unemployment,unemployment_rate,Unemployment Rate,persistence_baseline,test,2025-09-01,1,-0.193527157912818,-0.2340328421271286,0.04050568421431061
FED,unemployment,unemployment_rate,Unemployment Rate,persistence_baseline,test,2025-10-01,1,-0.1530214736985074,-0.193527157912818,0.04050568421431058
FED,unemployment,unemployment_rate,Unemployment Rate,persistence_baseline,test,2025-11-01,1,-0.2137800000199735,-0.1530214736985074,-0.06075852632146608
FED,unemployment,unemployment_rate,Unemployment Rate,persistence_baseline,test,2025-12-01,1,-0.2745385263414396,-0.2137800000199735,-0.06075852632146611
FED,unemployment,unemployment_rate,Unemployment Rate,persistence_baseline,test,2026-01-01,1,-0.2340328421271286,-0.2745385263414396,0.040505684214311
FED,unemployment,unemployment_rate,Unemployment Rate,persistence_baseline,test,2026-02-01,1,-0.2745385263414396,-0.2340328421271286,-0.040505684214311
FED,unemployment,unemployment_rate,Unemployment Rate,persistence_baseline,test,2026-03-01,1,-0.2745385263414396,-0.2745385263414396,0.0
FED,unemployment,unemployment_rate,Unemployment Rate,ridge,validation,2024-04-01,1,-0.3960555789843717,-0.4002102780098198,0.004154699025448072
FED,unemployment,unemployment_rate,Unemployment Rate,ridge,validation,2024-05-01,1,-0.3879544421415096,-0.3645091544009405,-0.023445287740569087
FED,unemployment,unemployment_rate,Unemployment Rate,ridge,validation,2024-06-01,1,-0.37985330529864747,-0.33188622950846797,-0.0479670757901795
FED,unemployment,unemployment_rate,Unemployment Rate,ridge,validation,2024-07-01,1,-0.37175216845578535,-0.3359704855224904,-0.03578168293329492
FED,unemployment,unemployment_rate,Unemployment Rate,ridge,validation,2024-08-01,1,-0.3636510316129232,-0.41029547224102714,0.04664444062810391
FED,unemployment,unemployment_rate,Unemployment Rate,ridge,validation,2024-09-01,1,-0.3555498947700611,-0.4186351548626235,0.06308526009256238
FED,unemployment,unemployment_rate,Unemployment Rate,ridge,validation,2024-10-01,1,-0.3150442105557502,-0.4187922895818063,0.1037480790260561
FED,unemployment,unemployment_rate,Unemployment Rate,ridge,validation,2024-11-01,1,-0.3150442105557502,-0.3688498276967321,0.053805617140981865
FED,unemployment,unemployment_rate,Unemployment Rate,ridge,validation,2024-12-01,1,-0.3150442105557502,-0.35202901815899196,0.03698480760324174
FED,unemployment,unemployment_rate,Unemployment Rate,ridge,validation,2025-01-01,1,-0.3150442105557502,-0.3459476522330662,0.030903441677316013
FED,unemployment,unemployment_rate,Unemployment Rate,ridge,validation,2025-02-01,1,-0.3150442105557502,-0.421087259841985,0.10604304928623476
FED,unemployment,unemployment_rate,Unemployment Rate,ridge,validation,2025-03-01,1,-0.3150442105557502,-0.406866236716662,0.09182202616091178
FED,unemployment,unemployment_rate,Unemployment Rate,ridge,test,2025-04-01,1,-0.3150442105557502,-0.3901334865265235,0.0750892759707733
FED,unemployment,unemployment_rate,Unemployment Rate,ridge,test,2025-05-01,1,-0.2947913684485948,-0.3493694154909374,0.05457804704234259
FED,unemployment,unemployment_rate,Unemployment Rate,ridge,test,2025-06-01,1,-0.2745385263414394,-0.2948712962151331,0.0203327698736937
FED,unemployment,unemployment_rate,Unemployment Rate,ridge,test,2025-07-01,1,-0.254285684234284,-0.2539185271926603,-0.0003671570416237113
FED,unemployment,unemployment_rate,Unemployment Rate,ridge,test,2025-08-01,1,-0.2340328421271286,-0.35172560323032387,0.11769276110319526
FED,unemployment,unemployment_rate,Unemployment Rate,ridge,test,2025-09-01,1,-0.193527157912818,-0.3324965842269044,0.13896942631408643
FED,unemployment,unemployment_rate,Unemployment Rate,ridge,test,2025-10-01,1,-0.1530214736985074,-0.3010071208591243,0.14798564716061688
FED,unemployment,unemployment_rate,Unemployment Rate,ridge,test,2025-11-01,1,-0.2137800000199735,-0.23502961201357514,0.021249611993601647
FED,unemployment,unemployment_rate,Unemployment Rate,ridge,test,2025-12-01,1,-0.2745385263414396,-0.22212739797176062,-0.05241112836967898
FED,unemployment,unemployment_rate,Unemployment Rate,ridge,test,2026-01-01,1,-0.2340328421271286,-0.26862833136123626,0.03459548923410766
FED,unemployment,unemployment_rate,Unemployment Rate,ridge,test,2026-02-01,1,-0.2745385263414396,-0.2742007909815674,-0.0003377353598721933
FED,unemployment,unemployment_rate,Unemployment Rate,ridge,test,2026-03-01,1,-0.2745385263414396,-0.3266592315782388,0.05212070523679918
FED,unemployment,unemployment_rate,Unemployment Rate,random_forest,validation,2024-04-01,1,-0.3960555789843717,-0.4250303060837301,0.02897472709935839
FED,unemployment,unemployment_rate,Unemployment Rate,random_forest,validation,2024-05-01,1,-0.3879544421415096,-0.41294738815102205,0.024992946009512462
FED,unemployment,unemployment_rate,Unemployment Rate,random_forest,validation,2024-06-01,1,-0.37985330529864747,-0.433354015231876,0.05350070993322853
FED,unemployment,unemployment_rate,Unemployment Rate,random_forest,validation,2024-07-01,1,-0.37175216845578535,-0.43059254021056537,0.05884037175478002
FED,unemployment,unemployment_rate,Unemployment Rate,random_forest,validation,2024-08-01,1,-0.3636510316129232,-0.42299724220985574,0.059346210596932514
FED,unemployment,unemployment_rate,Unemployment Rate,random_forest,validation,2024-09-01,1,-0.3555498947700611,-0.4401746179114606,0.08462472314139952
FED,unemployment,unemployment_rate,Unemployment Rate,random_forest,validation,2024-10-01,1,-0.3150442105557502,-0.4303284817263301,0.11528427117057988
FED,unemployment,unemployment_rate,Unemployment Rate,random_forest,validation,2024-11-01,1,-0.3150442105557502,-0.33730233974921753,0.022258129193467313
FED,unemployment,unemployment_rate,Unemployment Rate,random_forest,validation,2024-12-01,1,-0.3150442105557502,-0.37204811566825335,0.05700390511250314
FED,unemployment,unemployment_rate,Unemployment Rate,random_forest,validation,2025-01-01,1,-0.3150442105557502,0.10659989558172984,-0.42164410613748005
FED,unemployment,unemployment_rate,Unemployment Rate,random_forest,validation,2025-02-01,1,-0.3150442105557502,-0.3486728277950166,0.03362861723926641
FED,unemployment,unemployment_rate,Unemployment Rate,random_forest,validation,2025-03-01,1,-0.3150442105557502,-0.3425720448786572,0.027527834322907008
FED,unemployment,unemployment_rate,Unemployment Rate,random_forest,test,2025-04-01,1,-0.3150442105557502,-0.3333552336146382,0.018311023058887987
FED,unemployment,unemployment_rate,Unemployment Rate,random_forest,test,2025-05-01,1,-0.2947913684485948,-0.320000975666022,0.025209607217427155
FED,unemployment,unemployment_rate,Unemployment Rate,random_forest,test,2025-06-01,1,-0.2745385263414394,0.05305583601811484,-0.3275943623595542
FED,unemployment,unemployment_rate,Unemployment Rate,random_forest,test,2025-07-01,1,-0.254285684234284,0.4394495636068468,-0.6937352478411307
FED,unemployment,unemployment_rate,Unemployment Rate,random_forest,test,2025-08-01,1,-0.2340328421271286,0.48958160048521515,-0.7236144426123438
FED,unemployment,unemployment_rate,Unemployment Rate,random_forest,test,2025-09-01,1,-0.193527157912818,0.5343510464315032,-0.7278782043443213
FED,unemployment,unemployment_rate,Unemployment Rate,random_forest,test,2025-10-01,1,-0.1530214736985074,0.32558687975410355,-0.478608353452611
FED,unemployment,unemployment_rate,Unemployment Rate,random_forest,test,2025-11-01,1,-0.2137800000199735,0.43324622656679374,-0.6470262265867672
FED,unemployment,unemployment_rate,Unemployment Rate,random_forest,test,2025-12-01,1,-0.2745385263414396,0.49943625718422185,-0.7739747835256614
FED,unemployment,unemployment_rate,Unemployment Rate,random_forest,test,2026-01-01,1,-0.2340328421271286,0.7057008600264594,-0.939733702153588
FED,unemployment,unemployment_rate,Unemployment Rate,random_forest,test,2026-02-01,1,-0.2745385263414396,0.6793792859292637,-0.9539178122707033
FED,unemployment,unemployment_rate,Unemployment Rate,random_forest,test,2026-03-01,1,-0.2745385263414396,0.2771200122653647,-0.5516585386068042
FED,unemployment,unemployment_rate,Unemployment Rate,hist_gradient_boosting,validation,2024-04-01,1,-0.3960555789843717,-0.16642858122104487,-0.22962699776332685
FED,unemployment,unemployment_rate,Unemployment Rate,hist_gradient_boosting,validation,2024-05-01,1,-0.3879544421415096,0.37910836017461186,-0.7670628023161215
FED,unemployment,unemployment_rate,Unemployment Rate,hist_gradient_boosting,validation,2024-06-01,1,-0.37985330529864747,0.32628191330465,-0.7061352186032974
FED,unemployment,unemployment_rate,Unemployment Rate,hist_gradient_boosting,validation,2024-07-01,1,-0.37175216845578535,0.303162965220849,-0.6749151336766344
FED,unemployment,unemployment_rate,Unemployment Rate,hist_gradient_boosting,validation,2024-08-01,1,-0.3636510316129232,0.28614524185477325,-0.6497962734676965
FED,unemployment,unemployment_rate,Unemployment Rate,hist_gradient_boosting,validation,2024-09-01,1,-0.3555498947700611,0.4178097156600871,-0.7733596104301482
FED,unemployment,unemployment_rate,Unemployment Rate,hist_gradient_boosting,validation,2024-10-01,1,-0.3150442105557502,0.5502570071957348,-0.8653012177514849
FED,unemployment,unemployment_rate,Unemployment Rate,hist_gradient_boosting,validation,2024-11-01,1,-0.3150442105557502,0.5686229438076468,-0.8836671543633969
FED,unemployment,unemployment_rate,Unemployment Rate,hist_gradient_boosting,validation,2024-12-01,1,-0.3150442105557502,0.6110204501507448,-0.9260646607064951
FED,unemployment,unemployment_rate,Unemployment Rate,hist_gradient_boosting,validation,2025-01-01,1,-0.3150442105557502,0.7847112037094107,-1.0997554142651609
FED,unemployment,unemployment_rate,Unemployment Rate,hist_gradient_boosting,validation,2025-02-01,1,-0.3150442105557502,0.9115064840705044,-1.2265506946262545
FED,unemployment,unemployment_rate,Unemployment Rate,hist_gradient_boosting,validation,2025-03-01,1,-0.3150442105557502,0.9640320490899846,-1.2790762596457348
FED,unemployment,unemployment_rate,Unemployment Rate,hist_gradient_boosting,test,2025-04-01,1,-0.3150442105557502,0.9640320490899846,-1.2790762596457348
FED,unemployment,unemployment_rate,Unemployment Rate,hist_gradient_boosting,test,2025-05-01,1,-0.2947913684485948,0.9959808635449043,-1.290772231993499
FED,unemployment,unemployment_rate,Unemployment Rate,hist_gradient_boosting,test,2025-06-01,1,-0.2745385263414394,0.9959808635449043,-1.2705193898863438
FED,unemployment,unemployment_rate,Unemployment Rate,hist_gradient_boosting,test,2025-07-01,1,-0.254285684234284,0.9959808635449043,-1.2502665477791883
FED,unemployment,unemployment_rate,Unemployment Rate,hist_gradient_boosting,test,2025-08-01,1,-0.2340328421271286,1.659795556894215,-1.8938283990213436
FED,unemployment,unemployment_rate,Unemployment Rate,hist_gradient_boosting,test,2025-09-01,1,-0.193527157912818,1.6069691100242531,-1.800496267937071
FED,unemployment,unemployment_rate,Unemployment Rate,hist_gradient_boosting,test,2025-10-01,1,-0.1530214736985074,1.6069691100242531,-1.7599905837227605
FED,unemployment,unemployment_rate,Unemployment Rate,hist_gradient_boosting,test,2025-11-01,1,-0.2137800000199735,1.680673189309257,-1.8944531893292305
FED,unemployment,unemployment_rate,Unemployment Rate,hist_gradient_boosting,test,2025-12-01,1,-0.2745385263414396,1.659795556894215,-1.9343340832356546
FED,unemployment,unemployment_rate,Unemployment Rate,hist_gradient_boosting,test,2026-01-01,1,-0.2340328421271286,0.9959808635449043,-1.2300137056720328
FED,unemployment,unemployment_rate,Unemployment Rate,hist_gradient_boosting,test,2026-02-01,1,-0.2745385263414396,1.659795556894215,-1.9343340832356546
FED,unemployment,unemployment_rate,Unemployment Rate,hist_gradient_boosting,test,2026-03-01,1,-0.2745385263414396,0.9959808635449043,-1.2705193898863438
RBA,inflation,cpi_headline_yoy,Headline CPI (YoY),persistence_baseline,validation,2024-04-01,1,-0.055209100561522145,0.1133239432578611,-0.16853304381938325
RBA,inflation,cpi_headline_yoy,Headline CPI (YoY),persistence_baseline,validation,2024-05-01,1,-0.2237421443809054,-0.055209100561522145,-0.16853304381938325
RBA,inflation,cpi_headline_yoy,Headline CPI (YoY),persistence_baseline,validation,2024-06-01,1,-0.3922751882002886,-0.2237421443809054,-0.16853304381938322
RBA,inflation,cpi_headline_yoy,Headline CPI (YoY),persistence_baseline,validation,2024-07-01,1,-0.4596884057280419,-0.3922751882002886,-0.06741321752775331
RBA,inflation,cpi_headline_yoy,Headline CPI (YoY),persistence_baseline,validation,2024-08-01,1,-0.5271016232557952,-0.4596884057280419,-0.06741321752775331
RBA,inflation,cpi_headline_yoy,Headline CPI (YoY),persistence_baseline,validation,2024-09-01,1,-0.5945148407835485,-0.5271016232557952,-0.06741321752775331
RBA,inflation,cpi_headline_yoy,Headline CPI (YoY),persistence_baseline,validation,2024-10-01,1,-0.5945148407835485,-0.5945148407835485,0.0
RBA,inflation,cpi_headline_yoy,Headline CPI (YoY),persistence_baseline,validation,2024-11-01,1,-0.5945148407835485,-0.5945148407835485,0.0
RBA,inflation,cpi_headline_yoy,Headline CPI (YoY),persistence_baseline,validation,2024-12-01,1,-0.5945148407835485,-0.5945148407835485,0.0
RBA,inflation,cpi_headline_yoy,Headline CPI (YoY),persistence_baseline,validation,2025-01-01,1,-0.6450747539293635,-0.5945148407835485,-0.05055991314581498
RBA,inflation,cpi_headline_yoy,Headline CPI (YoY),persistence_baseline,validation,2025-02-01,1,-0.6956346670751784,-0.6450747539293635,-0.05055991314581487
RBA,inflation,cpi_headline_yoy,Headline CPI (YoY),persistence_baseline,validation,2025-03-01,1,-0.7461945802209934,-0.6956346670751784,-0.05055991314581498
RBA,inflation,cpi_headline_yoy,Headline CPI (YoY),persistence_baseline,test,2025-04-01,1,-0.5608082320196718,-0.7461945802209934,0.1853863482013216
RBA,inflation,cpi_headline_yoy,Headline CPI (YoY),persistence_baseline,test,2025-05-01,1,-0.3754218838183501,-0.5608082320196718,0.18538634820132166
RBA,inflation,cpi_headline_yoy,Headline CPI (YoY),persistence_baseline,test,2025-06-01,1,-0.1900355356170285,-0.3754218838183501,0.18538634820132163
RBA,inflation,cpi_headline_yoy,Headline CPI (YoY),persistence_baseline,test,2025-07-01,1,-0.08891570932539863,-0.1900355356170285,0.10111982629162986
RBA,inflation,cpi_headline_yoy,Headline CPI (YoY),persistence_baseline,test,2025-08-01,1,0.012204116966231221,-0.08891570932539863,0.10111982629162986
RBA,inflation,cpi_headline_yoy,Headline CPI (YoY),persistence_baseline,test,2025-09-01,1,0.1133239432578611,0.012204116966231221,0.10111982629162988
RBA,inflation,cpi_headline_yoy,Headline CPI (YoY),persistence_baseline,test,2025-10-01,1,-0.0889157093253987,0.1133239432578611,-0.20223965258325982
RBA,inflation,cpi_headline_yoy,Headline CPI (YoY),persistence_baseline,test,2025-11-01,1,0.1133239432578611,-0.0889157093253987,0.20223965258325982
RBA,inflation,cpi_headline_yoy,Headline CPI (YoY),persistence_baseline,test,2025-12-01,1,-0.0889157093253987,0.1133239432578611,-0.20223965258325982
RBA,inflation,cpi_headline_yoy,Headline CPI (YoY),persistence_baseline,test,2026-01-01,1,-0.0383557961795837,-0.0889157093253987,0.050559913145815004
RBA,inflation,cpi_headline_yoy,Headline CPI (YoY),persistence_baseline,test,2026-02-01,1,-0.0383557961795837,-0.0383557961795837,0.0
RBA,inflation,cpi_headline_yoy,Headline CPI (YoY),persistence_baseline,test,2026-03-01,1,-0.0383557961795837,-0.0383557961795837,0.0
RBA,inflation,cpi_headline_yoy,Headline CPI (YoY),ridge,validation,2024-04-01,1,-0.055209100561522145,-0.08923142295954681,0.03402232239802466
RBA,inflation,cpi_headline_yoy,Headline CPI (YoY),ridge,validation,2024-05-01,1,-0.2237421443809054,-0.3584692272043748,0.1347270828234694
RBA,inflation,cpi_headline_yoy,Headline CPI (YoY),ridge,validation,2024-06-01,1,-0.3922751882002886,-0.6955927262137069,0.3033175380134183
RBA,inflation,cpi_headline_yoy,Headline CPI (YoY),ridge,validation,2024-07-01,1,-0.4596884057280419,-0.7839817499078737,0.3242933441798318
RBA,inflation,cpi_headline_yoy,Headline CPI (YoY),ridge,validation,2024-08-01,1,-0.5271016232557952,-0.9754400982930904,0.4483384750372952
RBA,inflation,cpi_headline_yoy,Headline CPI (YoY),ridge,validation,2024-09-01,1,-0.5945148407835485,-1.030583739880913,0.43606889909736446
RBA,inflation,cpi_headline_yoy,Headline CPI (YoY),ridge,validation,2024-10-01,1,-0.5945148407835485,-1.007266394388736,0.41275155360518756
RBA,inflation,cpi_headline_yoy,Headline CPI (YoY),ridge,validation,2024-11-01,1,-0.5945148407835485,-0.9822115392176496,0.38769669843410104
RBA,inflation,cpi_headline_yoy,Headline CPI (YoY),ridge,validation,2024-12-01,1,-0.5945148407835485,-0.8989097229399035,0.3043948821563549
RBA,inflation,cpi_headline_yoy,Headline CPI (YoY),ridge,validation,2025-01-01,1,-0.6450747539293635,-0.706200194509135,0.06112544057977143
RBA,inflation,cpi_headline_yoy,Headline CPI (YoY),ridge,validation,2025-02-01,1,-0.6956346670751784,-0.46291827334917535,-0.23271639372600306
RBA,inflation,cpi_headline_yoy,Headline CPI (YoY),ridge,validation,2025-03-01,1,-0.7461945802209934,-0.5666324334402338,-0.17956214678075955
RBA,inflation,cpi_headline_yoy,Headline CPI (YoY),ridge,test,2025-04-01,1,-0.5608082320196718,-0.6535759979607301,0.09276776594105829
RBA,inflation,cpi_headline_yoy,Headline CPI (YoY),ridge,test,2025-05-01,1,-0.3754218838183501,-0.6267712919487821,0.251349408130432
RBA,inflation,cpi_headline_yoy,Headline CPI (YoY),ridge,test,2025-06-01,1,-0.1900355356170285,-0.4472873581060691,0.25725182248904066
RBA,inflation,cpi_headline_yoy,Headline CPI (YoY),ridge,test,2025-07-01,1,-0.08891570932539863,-0.38116050853739636,0.29224479921199775
RBA,inflation,cpi_headline_yoy,Headline CPI (YoY),ridge,test,2025-08-01,1,0.012204116966231221,-0.32665946245446553,0.3388635794206968
RBA,inflation,cpi_headline_yoy,Headline CPI (YoY),ridge,test,2025-09-01,1,0.1133239432578611,-0.3804367881537333,0.4937607314115944
RBA,inflation,cpi_headline_yoy,Headline CPI (YoY),ridge,test,2025-10-01,1,-0.0889157093253987,-0.2369794325539459,0.14806372322854722
RBA,inflation,cpi_headline_yoy,Headline CPI (YoY),ridge,test,2025-11-01,1,0.1133239432578611,-0.2879908601688661,0.4013148034267272
RBA,inflation,cpi_headline_yoy,Headline CPI (YoY),ridge,test,2025-12-01,1,-0.0889157093253987,-0.28844896483909155,0.19953325551369283
RBA,inflation,cpi_headline_yoy,Headline CPI (YoY),ridge,test,2026-01-01,1,-0.0383557961795837,-0.27556121723748817,0.23720542105790446
RBA,inflation,cpi_headline_yoy,Headline CPI (YoY),ridge,test,2026-02-01,1,-0.0383557961795837,-0.17038259597540042,0.13202679979581672
RBA,inflation,cpi_headline_yoy,Headline CPI (YoY),ridge,test,2026-03-01,1,-0.0383557961795837,-0.08575588948603471,0.047400093306451015
RBA,inflation,cpi_headline_yoy,Headline CPI (YoY),random_forest,validation,2024-04-01,1,-0.055209100561522145,0.0831699756075785,-0.13837907616910064
RBA,inflation,cpi_headline_yoy,Headline CPI (YoY),random_forest,validation,2024-05-01,1,-0.2237421443809054,0.13650797540963758,-0.360250119790543
RBA,inflation,cpi_headline_yoy,Headline CPI (YoY),random_forest,validation,2024-06-01,1,-0.3922751882002886,0.14584226895850091,-0.5381174571587896
RBA,inflation,cpi_headline_yoy,Headline CPI (YoY),random_forest,validation,2024-07-01,1,-0.4596884057280419,0.26123721189168864,-0.7209256176197305
RBA,inflation,cpi_headline_yoy,Headline CPI (YoY),random_forest,validation,2024-08-01,1,-0.5271016232557952,0.22853953969187185,-0.7556411629476671
RBA,inflation,cpi_headline_yoy,Headline CPI (YoY),random_forest,validation,2024-09-01,1,-0.5945148407835485,-0.05308041494606863,-0.5414344258374799
RBA,inflation,cpi_headline_yoy,Headline CPI (YoY),random_forest,validation,2024-10-01,1,-0.5945148407835485,-0.10087651992962968,-0.4936383208539189
RBA,inflation,cpi_headline_yoy,Headline CPI (YoY),random_forest,validation,2024-11-01,1,-0.5945148407835485,-0.009525825215916658,-0.5849890155676319
RBA,inflation,cpi_headline_yoy,Headline CPI (YoY),random_forest,validation,2024-12-01,1,-0.5945148407835485,0.01500123491105386,-0.6095160756946024
RBA,inflation,cpi_headline_yoy,Headline CPI (YoY),random_forest,validation,2025-01-01,1,-0.6450747539293635,0.07207154198493457,-0.7171462959142981
RBA,inflation,cpi_headline_yoy,Headline CPI (YoY),random_forest,validation,2025-02-01,1,-0.6956346670751784,0.1003758641560961,-0.7960105312312745
RBA,inflation,cpi_headline_yoy,Headline CPI (YoY),random_forest,validation,2025-03-01,1,-0.7461945802209934,0.10234760045149491,-0.8485421806724883
RBA,inflation,cpi_headline_yoy,Headline CPI (YoY),random_forest,test,2025-04-01,1,-0.5608082320196718,0.11485306845434617,-0.675661300474018
RBA,inflation,cpi_headline_yoy,Headline CPI (YoY),random_forest,test,2025-05-01,1,-0.3754218838183501,0.06712996101734416,-0.44255184483569426
RBA,inflation,cpi_headline_yoy,Headline CPI (YoY),random_forest,test,2025-06-01,1,-0.1900355356170285,0.4138248679165099,-0.6038604035335384
RBA,inflation,cpi_headline_yoy,Headline CPI (YoY),random_forest,test,2025-07-01,1,-0.08891570932539863,0.43051616899810147,-0.5194318783235001
RBA,inflation,cpi_headline_yoy,Headline CPI (YoY),random_forest,test,2025-08-01,1,0.012204116966231221,0.49893116314809427,-0.486727046181863
RBA,inflation,cpi_headline_yoy,Headline CPI (YoY),random_forest,test,2025-09-01,1,0.1133239432578611,0.5264367469126262,-0.4131128036547651
RBA,inflation,cpi_headline_yoy,Headline CPI (YoY),random_forest,test,2025-10-01,1,-0.0889157093253987,0.5523078094253715,-0.6412235187507702
RBA,inflation,cpi_headline_yoy,Headline CPI (YoY),random_forest,test,2025-11-01,1,0.1133239432578611,0.5178225956305726,-0.40449865237271154
RBA,inflation,cpi_headline_yoy,Headline CPI (YoY),random_forest,test,2025-12-01,1,-0.0889157093253987,0.533841360493741,-0.6227570698191397
RBA,inflation,cpi_headline_yoy,Headline CPI (YoY),random_forest,test,2026-01-01,1,-0.0383557961795837,0.5329214783221539,-0.5712772745017376
RBA,inflation,cpi_headline_yoy,Headline CPI (YoY),random_forest,test,2026-02-01,1,-0.0383557961795837,0.5450867278425893,-0.583442524022173
RBA,inflation,cpi_headline_yoy,Headline CPI (YoY),random_forest,test,2026-03-01,1,-0.0383557961795837,0.5547411633212402,-0.593096959500824
RBA,inflation,cpi_headline_yoy,Headline CPI (YoY),hist_gradient_boosting,validation,2024-04-01,1,-0.055209100561522145,-0.12187080824573829,0.06666170768421614
RBA,inflation,cpi_headline_yoy,Headline CPI (YoY),hist_gradient_boosting,validation,2024-05-01,1,-0.2237421443809054,0.0910685190143305,-0.3148106633952359
RBA,inflation,cpi_headline_yoy,Headline CPI (YoY),hist_gradient_boosting,validation,2024-06-01,1,-0.3922751882002886,-0.31394086104235047,-0.07833432715793814
RBA,inflation,cpi_headline_yoy,Headline CPI (YoY),hist_gradient_boosting,validation,2024-07-01,1,-0.4596884057280419,-0.08674884527506685,-0.37293956045297505
RBA,inflation,cpi_headline_yoy,Headline CPI (YoY),hist_gradient_boosting,validation,2024-08-01,1,-0.5271016232557952,-0.03458415403301529,-0.49251746922277995
RBA,inflation,cpi_headline_yoy,Headline CPI (YoY),hist_gradient_boosting,validation,2024-09-01,1,-0.5945148407835485,-0.1611040010663395,-0.43341083971720906
RBA,inflation,cpi_headline_yoy,Headline CPI (YoY),hist_gradient_boosting,validation,2024-10-01,1,-0.5945148407835485,-0.14432029156432477,-0.45019454921922375
RBA,inflation,cpi_headline_yoy,Headline CPI (YoY),hist_gradient_boosting,validation,2024-11-01,1,-0.5945148407835485,0.023126339235425286,-0.6176411800189738
RBA,inflation,cpi_headline_yoy,Headline CPI (YoY),hist_gradient_boosting,validation,2024-12-01,1,-0.5945148407835485,0.14200355394613048,-0.7365183947296791
RBA,inflation,cpi_headline_yoy,Headline CPI (YoY),hist_gradient_boosting,validation,2025-01-01,1,-0.6450747539293635,0.1016262940941226,-0.7467010480234861
RBA,inflation,cpi_headline_yoy,Headline CPI (YoY),hist_gradient_boosting,validation,2025-02-01,1,-0.6956346670751784,0.17420830753829755,-0.8698429746134759
RBA,inflation,cpi_headline_yoy,Headline CPI (YoY),hist_gradient_boosting,validation,2025-03-01,1,-0.7461945802209934,0.16345783004470985,-0.9096524102657032
RBA,inflation,cpi_headline_yoy,Headline CPI (YoY),hist_gradient_boosting,test,2025-04-01,1,-0.5608082320196718,0.19640985602982397,-0.7572180880494958
RBA,inflation,cpi_headline_yoy,Headline CPI (YoY),hist_gradient_boosting,test,2025-05-01,1,-0.3754218838183501,-0.20257969263049608,-0.17284219118785404
RBA,inflation,cpi_headline_yoy,Headline CPI (YoY),hist_gradient_boosting,test,2025-06-01,1,-0.1900355356170285,-0.14255835905009936,-0.047477176566929125
RBA,inflation,cpi_headline_yoy,Headline CPI (YoY),hist_gradient_boosting,test,2025-07-01,1,-0.08891570932539863,-0.032122626924456936,-0.0567930824009417
RBA,inflation,cpi_headline_yoy,Headline CPI (YoY),hist_gradient_boosting,test,2025-08-01,1,0.012204116966231221,0.5108050757586423,-0.49860095879241106
RBA,inflation,cpi_headline_yoy,Headline CPI (YoY),hist_gradient_boosting,test,2025-09-01,1,0.1133239432578611,0.6393993472445694,-0.5260754039867083
RBA,inflation,cpi_headline_yoy,Headline CPI (YoY),hist_gradient_boosting,test,2025-10-01,1,-0.0889157093253987,0.9594610617709979,-1.0483767710963965
RBA,inflation,cpi_headline_yoy,Headline CPI (YoY),hist_gradient_boosting,test,2025-11-01,1,0.1133239432578611,1.0786909781821161,-0.965367034924255
RBA,inflation,cpi_headline_yoy,Headline CPI (YoY),hist_gradient_boosting,test,2025-12-01,1,-0.0889157093253987,1.306754808331102,-1.3956705176565007
RBA,inflation,cpi_headline_yoy,Headline CPI (YoY),hist_gradient_boosting,test,2026-01-01,1,-0.0383557961795837,1.4002520587795764,-1.43860785495916
RBA,inflation,cpi_headline_yoy,Headline CPI (YoY),hist_gradient_boosting,test,2026-02-01,1,-0.0383557961795837,1.207560241653348,-1.2459160378329317
RBA,inflation,cpi_headline_yoy,Headline CPI (YoY),hist_gradient_boosting,test,2026-03-01,1,-0.0383557961795837,1.2251436137682696,-1.2634994099478534
RBA,gdp_growth,retail_sales_mom,Retail Sales (MoM),persistence_baseline,validation,2024-04-01,1,0.0176658709647505,-0.1177724730983373,0.1354383440630878
RBA,gdp_growth,retail_sales_mom,Retail Sales (MoM),persistence_baseline,validation,2024-05-01,1,-0.0094217978478669,0.0176658709647505,-0.0270876688126174
RBA,gdp_growth,retail_sales_mom,Retail Sales (MoM),persistence_baseline,validation,2024-06-01,1,0.017665870964750603,-0.0094217978478669,0.027087668812617503
RBA,gdp_growth,retail_sales_mom,Retail Sales (MoM),persistence_baseline,validation,2024-07-01,1,0.0447535397773681,0.017665870964750603,0.0270876688126175
RBA,gdp_growth,retail_sales_mom,Retail Sales (MoM),persistence_baseline,validation,2024-08-01,1,-0.1177724730983373,0.0447535397773681,-0.1625260128757054
RBA,gdp_growth,retail_sales_mom,Retail Sales (MoM),persistence_baseline,validation,2024-09-01,1,0.0176658709647505,-0.1177724730983373,0.1354383440630878
RBA,gdp_growth,retail_sales_mom,Retail Sales (MoM),persistence_baseline,validation,2024-10-01,1,0.0718412085899857,0.0176658709647505,0.0541753376252352
RBA,gdp_growth,retail_sales_mom,Retail Sales (MoM),persistence_baseline,validation,2024-11-01,1,-0.1719478107235725,0.0718412085899857,-0.24378901931355818
RBA,gdp_growth,retail_sales_mom,Retail Sales (MoM),persistence_baseline,validation,2024-12-01,1,-0.0635971354731021,-0.1719478107235725,0.10835067525047039
RBA,gdp_growth,retail_sales_mom,Retail Sales (MoM),persistence_baseline,validation,2025-01-01,1,-0.0906848042857197,-0.0635971354731021,-0.027087668812617607
RBA,gdp_growth,retail_sales_mom,Retail Sales (MoM),persistence_baseline,validation,2025-02-01,1,-0.0635971354731021,-0.0906848042857197,0.027087668812617607
RBA,gdp_growth,retail_sales_mom,Retail Sales (MoM),persistence_baseline,validation,2025-03-01,1,-0.1719478107235725,-0.0635971354731021,-0.10835067525047039
RBA,gdp_growth,retail_sales_mom,Retail Sales (MoM),persistence_baseline,test,2025-04-01,1,-0.0906848042857197,-0.1719478107235725,0.08126300643785278
RBA,gdp_growth,retail_sales_mom,Retail Sales (MoM),persistence_baseline,test,2025-05-01,1,0.1801918838404561,-0.0906848042857197,0.2708766881261758
RBA,gdp_growth,retail_sales_mom,Retail Sales (MoM),persistence_baseline,test,2025-06-01,1,0.1801918838404561,0.1801918838404561,0.0
RBA,gdp_growth,retail_sales_mom,Retail Sales (MoM),persistence_baseline,test,2025-07-01,1,0.1801918838404561,0.1801918838404561,0.0
RBA,gdp_growth,retail_sales_mom,Retail Sales (MoM),persistence_baseline,test,2025-08-01,1,0.1801918838404561,0.1801918838404561,0.0
RBA,gdp_growth,retail_sales_mom,Retail Sales (MoM),persistence_baseline,test,2025-09-01,1,0.1801918838404561,0.1801918838404561,0.0
RBA,gdp_growth,retail_sales_mom,Retail Sales (MoM),persistence_baseline,test,2025-10-01,1,0.1801918838404561,0.1801918838404561,0.0
RBA,gdp_growth,retail_sales_mom,Retail Sales (MoM),persistence_baseline,test,2025-11-01,1,0.1801918838404561,0.1801918838404561,0.0
RBA,gdp_growth,retail_sales_mom,Retail Sales (MoM),persistence_baseline,test,2025-12-01,1,0.1801918838404561,0.1801918838404561,0.0
RBA,gdp_growth,retail_sales_mom,Retail Sales (MoM),persistence_baseline,test,2026-01-01,1,0.1801918838404561,0.1801918838404561,0.0
RBA,gdp_growth,retail_sales_mom,Retail Sales (MoM),persistence_baseline,test,2026-02-01,1,0.1801918838404561,0.1801918838404561,0.0
RBA,gdp_growth,retail_sales_mom,Retail Sales (MoM),persistence_baseline,test,2026-03-01,1,0.1801918838404561,0.1801918838404561,0.0
RBA,gdp_growth,retail_sales_mom,Retail Sales (MoM),ridge,validation,2024-04-01,1,0.0176658709647505,0.9038726852604224,-0.8862068142956719
RBA,gdp_growth,retail_sales_mom,Retail Sales (MoM),ridge,validation,2024-05-01,1,-0.0094217978478669,-0.41388026624104374,0.40445846839317684
RBA,gdp_growth,retail_sales_mom,Retail Sales (MoM),ridge,validation,2024-06-01,1,0.017665870964750603,0.9324245051704911,-0.9147586342057406
RBA,gdp_growth,retail_sales_mom,Retail Sales (MoM),ridge,validation,2024-07-01,1,0.0447535397773681,0.6497830697591663,-0.6050295299817983
RBA,gdp_growth,retail_sales_mom,Retail Sales (MoM),ridge,validation,2024-08-01,1,-0.1177724730983373,0.9889120324542038,-1.1066845055525412
RBA,gdp_growth,retail_sales_mom,Retail Sales (MoM),ridge,validation,2024-09-01,1,0.0176658709647505,0.1611659683968887,-0.1435000974321382
RBA,gdp_growth,retail_sales_mom,Retail Sales (MoM),ridge,validation,2024-10-01,1,0.0718412085899857,0.030919721452793827,0.040921487137191875
RBA,gdp_growth,retail_sales_mom,Retail Sales (MoM),ridge,validation,2024-11-01,1,-0.1719478107235725,0.8882441075580217,-1.0601919182815942
RBA,gdp_growth,retail_sales_mom,Retail Sales (MoM),ridge,validation,2024-12-01,1,-0.0635971354731021,0.8936497685248022,-0.9572469039979042
RBA,gdp_growth,retail_sales_mom,Retail Sales (MoM),ridge,validation,2025-01-01,1,-0.0906848042857197,-0.056695328595670516,-0.03398947569004919
RBA,gdp_growth,retail_sales_mom,Retail Sales (MoM),ridge,validation,2025-02-01,1,-0.0635971354731021,0.3078901208651823,-0.3714872563382844
RBA,gdp_growth,retail_sales_mom,Retail Sales (MoM),ridge,validation,2025-03-01,1,-0.1719478107235725,1.4726308336608236,-1.6445786443843962
RBA,gdp_growth,retail_sales_mom,Retail Sales (MoM),ridge,test,2025-04-01,1,-0.0906848042857197,1.7749710154896672,-1.865655819775387
RBA,gdp_growth,retail_sales_mom,Retail Sales (MoM),ridge,test,2025-05-01,1,0.1801918838404561,0.9879644403550772,-0.8077725565146212
RBA,gdp_growth,retail_sales_mom,Retail Sales (MoM),ridge,test,2025-06-01,1,0.1801918838404561,0.25933050417019166,-0.07913862032973557
RBA,gdp_growth,retail_sales_mom,Retail Sales (MoM),ridge,test,2025-07-01,1,0.1801918838404561,0.0769570788190017,0.10323480502145439
RBA,gdp_growth,retail_sales_mom,Retail Sales (MoM),ridge,test,2025-08-01,1,0.1801918838404561,0.432862080126201,-0.2526701962857449
RBA,gdp_growth,retail_sales_mom,Retail Sales (MoM),ridge,test,2025-09-01,1,0.1801918838404561,-0.1466729431558106,0.3268648269962667
RBA,gdp_growth,retail_sales_mom,Retail Sales (MoM),ridge,test,2025-10-01,1,0.1801918838404561,-0.594481094295357,0.774672978135813
RBA,gdp_growth,retail_sales_mom,Retail Sales (MoM),ridge,test,2025-11-01,1,0.1801918838404561,-0.06206107558843017,0.24225295942888625
RBA,gdp_growth,retail_sales_mom,Retail Sales (MoM),ridge,test,2025-12-01,1,0.1801918838404561,-0.1573925775470888,0.3375844613875449
RBA,gdp_growth,retail_sales_mom,Retail Sales (MoM),ridge,test,2026-01-01,1,0.1801918838404561,0.5249255949975071,-0.34473371115705104
RBA,gdp_growth,retail_sales_mom,Retail Sales (MoM),ridge,test,2026-02-01,1,0.1801918838404561,0.125231378375086,0.054960505465370096
RBA,gdp_growth,retail_sales_mom,Retail Sales (MoM),ridge,test,2026-03-01,1,0.1801918838404561,-0.2114658042331989,0.391657688073655
RBA,gdp_growth,retail_sales_mom,Retail Sales (MoM),random_forest,validation,2024-04-01,1,0.0176658709647505,0.13359820119233115,-0.11593233022758065
RBA,gdp_growth,retail_sales_mom,Retail Sales (MoM),random_forest,validation,2024-05-01,1,-0.0094217978478669,0.0448700426487611,-0.054291840496628
RBA,gdp_growth,retail_sales_mom,Retail Sales (MoM),random_forest,validation,2024-06-01,1,0.017665870964750603,0.12373569549664767,-0.10606982453189708
RBA,gdp_growth,retail_sales_mom,Retail Sales (MoM),random_forest,validation,2024-07-01,1,0.0447535397773681,0.06306551235645413,-0.018311972579086032
RBA,gdp_growth,retail_sales_mom,Retail Sales (MoM),random_forest,validation,2024-08-01,1,-0.1177724730983373,0.4378957809689268,-0.5556682540672641
RBA,gdp_growth,retail_sales_mom,Retail Sales (MoM),random_forest,validation,2024-09-01,1,0.0176658709647505,0.3791111520685998,-0.3614452811038493
RBA,gdp_growth,retail_sales_mom,Retail Sales (MoM),random_forest,validation,2024-10-01,1,0.0718412085899857,0.4545400296873563,-0.3826988210973706
RBA,gdp_growth,retail_sales_mom,Retail Sales (MoM),random_forest,validation,2024-11-01,1,-0.1719478107235725,0.18234675577674275,-0.3542945665003152
RBA,gdp_growth,retail_sales_mom,Retail Sales (MoM),random_forest,validation,2024-12-01,1,-0.0635971354731021,0.19233526769116296,-0.2559324031642651
RBA,gdp_growth,retail_sales_mom,Retail Sales (MoM),random_forest,validation,2025-01-01,1,-0.0906848042857197,0.10857176502764741,-0.1992565693133671
RBA,gdp_growth,retail_sales_mom,Retail Sales (MoM),random_forest,validation,2025-02-01,1,-0.0635971354731021,0.1275951553588007,-0.1911922908319028
RBA,gdp_growth,retail_sales_mom,Retail Sales (MoM),random_forest,validation,2025-03-01,1,-0.1719478107235725,0.10490196526364258,-0.27684977598721505
RBA,gdp_growth,retail_sales_mom,Retail Sales (MoM),random_forest,test,2025-04-01,1,-0.0906848042857197,-0.0716333759698116,-0.0190514283159081
RBA,gdp_growth,retail_sales_mom,Retail Sales (MoM),random_forest,test,2025-05-01,1,0.1801918838404561,-0.06521228169954287,0.24540416553999894
RBA,gdp_growth,retail_sales_mom,Retail Sales (MoM),random_forest,test,2025-06-01,1,0.1801918838404561,0.14688169788988403,0.03331018595057206
RBA,gdp_growth,retail_sales_mom,Retail Sales (MoM),random_forest,test,2025-07-01,1,0.1801918838404561,-0.0014101137255777395,0.18160199756603382
RBA,gdp_growth,retail_sales_mom,Retail Sales (MoM),random_forest,test,2025-08-01,1,0.1801918838404561,0.006757348358337159,0.17343453548211893
RBA,gdp_growth,retail_sales_mom,Retail Sales (MoM),random_forest,test,2025-09-01,1,0.1801918838404561,-0.0662130572196937,0.2464049410601498
RBA,gdp_growth,retail_sales_mom,Retail Sales (MoM),random_forest,test,2025-10-01,1,0.1801918838404561,-0.03688682759357871,0.2170787114340348
RBA,gdp_growth,retail_sales_mom,Retail Sales (MoM),random_forest,test,2025-11-01,1,0.1801918838404561,0.006950804646390473,0.17324107919406562
RBA,gdp_growth,retail_sales_mom,Retail Sales (MoM),random_forest,test,2025-12-01,1,0.1801918838404561,0.41378752852934086,-0.23359564468888477
RBA,gdp_growth,retail_sales_mom,Retail Sales (MoM),random_forest,test,2026-01-01,1,0.1801918838404561,0.03203348515770167,0.14815839868275443
RBA,gdp_growth,retail_sales_mom,Retail Sales (MoM),random_forest,test,2026-02-01,1,0.1801918838404561,0.11912038699464805,0.06107149684580804
RBA,gdp_growth,retail_sales_mom,Retail Sales (MoM),random_forest,test,2026-03-01,1,0.1801918838404561,-0.03387612370775702,0.21406800754821312
RBA,gdp_growth,retail_sales_mom,Retail Sales (MoM),hist_gradient_boosting,validation,2024-04-01,1,0.0176658709647505,0.02070767226724123,-0.0030418013024907306
RBA,gdp_growth,retail_sales_mom,Retail Sales (MoM),hist_gradient_boosting,validation,2024-05-01,1,-0.0094217978478669,-0.01683984692493588,0.007418049077068979
RBA,gdp_growth,retail_sales_mom,Retail Sales (MoM),hist_gradient_boosting,validation,2024-06-01,1,0.017665870964750603,0.4087024769952136,-0.39103660603046303
RBA,gdp_growth,retail_sales_mom,Retail Sales (MoM),hist_gradient_boosting,validation,2024-07-01,1,0.0447535397773681,0.181704583977947,-0.1369510442005789
RBA,gdp_growth,retail_sales_mom,Retail Sales (MoM),hist_gradient_boosting,validation,2024-08-01,1,-0.1177724730983373,-0.05027080517551738,-0.06750166792281992
RBA,gdp_growth,retail_sales_mom,Retail Sales (MoM),hist_gradient_boosting,validation,2024-09-01,1,0.0176658709647505,-0.051798525229480454,0.06946439619423095
RBA,gdp_growth,retail_sales_mom,Retail Sales (MoM),hist_gradient_boosting,validation,2024-10-01,1,0.0718412085899857,-0.32458989659397375,0.39643110518395946
RBA,gdp_growth,retail_sales_mom,Retail Sales (MoM),hist_gradient_boosting,validation,2024-11-01,1,-0.1719478107235725,0.08901207246483715,-0.2609598831884096
RBA,gdp_growth,retail_sales_mom,Retail Sales (MoM),hist_gradient_boosting,validation,2024-12-01,1,-0.0635971354731021,-0.035152286639017594,-0.028444848834084505
RBA,gdp_growth,retail_sales_mom,Retail Sales (MoM),hist_gradient_boosting,validation,2025-01-01,1,-0.0906848042857197,-0.24383773994220226,0.15315293565648255
RBA,gdp_growth,retail_sales_mom,Retail Sales (MoM),hist_gradient_boosting,validation,2025-02-01,1,-0.0635971354731021,-0.035152286639017594,-0.028444848834084505
RBA,gdp_growth,retail_sales_mom,Retail Sales (MoM),hist_gradient_boosting,validation,2025-03-01,1,-0.1719478107235725,-0.0874497714570393,-0.08449803926653318
RBA,gdp_growth,retail_sales_mom,Retail Sales (MoM),hist_gradient_boosting,test,2025-04-01,1,-0.0906848042857197,-0.10242366034252645,0.011738856056806746
RBA,gdp_growth,retail_sales_mom,Retail Sales (MoM),hist_gradient_boosting,test,2025-05-01,1,0.1801918838404561,-0.5063422495360145,0.6865341333764705
RBA,gdp_growth,retail_sales_mom,Retail Sales (MoM),hist_gradient_boosting,test,2025-06-01,1,0.1801918838404561,-0.0874497714570393,0.2676416552974954
RBA,gdp_growth,retail_sales_mom,Retail Sales (MoM),hist_gradient_boosting,test,2025-07-01,1,0.1801918838404561,-0.10907350618370035,0.2892653900241564
RBA,gdp_growth,retail_sales_mom,Retail Sales (MoM),hist_gradient_boosting,test,2025-08-01,1,0.1801918838404561,0.1310794488649011,0.04911243497555498
RBA,gdp_growth,retail_sales_mom,Retail Sales (MoM),hist_gradient_boosting,test,2025-09-01,1,0.1801918838404561,-0.10907350618370035,0.2892653900241564
RBA,gdp_growth,retail_sales_mom,Retail Sales (MoM),hist_gradient_boosting,test,2025-10-01,1,0.1801918838404561,0.2771470955090391,-0.09695521166858301
RBA,gdp_growth,retail_sales_mom,Retail Sales (MoM),hist_gradient_boosting,test,2025-11-01,1,0.1801918838404561,0.46375716997245614,-0.28356528613200005
RBA,gdp_growth,retail_sales_mom,Retail Sales (MoM),hist_gradient_boosting,test,2025-12-01,1,0.1801918838404561,0.12290188296976415,0.05729000087069194
RBA,gdp_growth,retail_sales_mom,Retail Sales (MoM),hist_gradient_boosting,test,2026-01-01,1,0.1801918838404561,-0.03151132974737689,0.21170321358783298
RBA,gdp_growth,retail_sales_mom,Retail Sales (MoM),hist_gradient_boosting,test,2026-02-01,1,0.1801918838404561,0.3254170194824986,-0.14522513564204254
RBA,gdp_growth,retail_sales_mom,Retail Sales (MoM),hist_gradient_boosting,test,2026-03-01,1,0.1801918838404561,-0.28948537891904996,0.46967726275950605
RBA,unemployment,unemployment_rate,Unemployment Rate,persistence_baseline,validation,2024-04-01,1,-0.4852759271372069,-0.3921421633431978,-0.09313376379400912
RBA,unemployment,unemployment_rate,Unemployment Rate,persistence_baseline,validation,2024-05-01,1,-0.3921421633431978,-0.4852759271372069,0.09313376379400912
RBA,unemployment,unemployment_rate,Unemployment Rate,persistence_baseline,validation,2024-06-01,1,-0.2990083995491879,-0.3921421633431978,0.0931337637940099
RBA,unemployment,unemployment_rate,Unemployment Rate,persistence_baseline,validation,2024-07-01,1,-0.2990083995491879,-0.2990083995491879,0.0
RBA,unemployment,unemployment_rate,Unemployment Rate,persistence_baseline,validation,2024-08-01,1,-0.3921421633431978,-0.2990083995491879,-0.0931337637940099
RBA,unemployment,unemployment_rate,Unemployment Rate,persistence_baseline,validation,2024-09-01,1,-0.3921421633431978,-0.3921421633431978,0.0
RBA,unemployment,unemployment_rate,Unemployment Rate,persistence_baseline,validation,2024-10-01,1,-0.5784096909312164,-0.3921421633431978,-0.18626752758801862
RBA,unemployment,unemployment_rate,Unemployment Rate,persistence_baseline,validation,2024-11-01,1,-0.4852759271372069,-0.5784096909312164,0.0931337637940095
RBA,unemployment,unemployment_rate,Unemployment Rate,persistence_baseline,validation,2024-12-01,1,-0.3921421633431978,-0.4852759271372069,0.09313376379400912
RBA,unemployment,unemployment_rate,Unemployment Rate,persistence_baseline,validation,2025-01-01,1,-0.3921421633431978,-0.3921421633431978,0.0
RBA,unemployment,unemployment_rate,Unemployment Rate,persistence_baseline,validation,2025-02-01,1,-0.3921421633431978,-0.3921421633431978,0.0
RBA,unemployment,unemployment_rate,Unemployment Rate,persistence_baseline,validation,2025-03-01,1,-0.3921421633431978,-0.3921421633431978,0.0
RBA,unemployment,unemployment_rate,Unemployment Rate,persistence_baseline,test,2025-04-01,1,-0.3921421633431978,-0.3921421633431978,0.0
RBA,unemployment,unemployment_rate,Unemployment Rate,persistence_baseline,test,2025-05-01,1,-0.2058746357551789,-0.3921421633431978,0.1862675275880189
RBA,unemployment,unemployment_rate,Unemployment Rate,persistence_baseline,test,2025-06-01,1,-0.2990083995491879,-0.2058746357551789,-0.093133763794009
RBA,unemployment,unemployment_rate,Unemployment Rate,persistence_baseline,test,2025-07-01,1,-0.2990083995491879,-0.2990083995491879,0.0
RBA,unemployment,unemployment_rate,Unemployment Rate,persistence_baseline,test,2025-08-01,1,-0.0196071081671599,-0.2990083995491879,0.279401291382028
RBA,unemployment,unemployment_rate,Unemployment Rate,persistence_baseline,test,2025-09-01,1,-0.2058746357551789,-0.0196071081671599,-0.18626752758801898
RBA,unemployment,unemployment_rate,Unemployment Rate,persistence_baseline,test,2025-10-01,1,-0.2058746357551789,-0.2058746357551789,0.0
RBA,unemployment,unemployment_rate,Unemployment Rate,persistence_baseline,test,2025-11-01,1,-0.3921421633431978,-0.2058746357551789,-0.1862675275880189
RBA,unemployment,unemployment_rate,Unemployment Rate,persistence_baseline,test,2025-12-01,1,-0.3921421633431978,-0.3921421633431978,0.0
RBA,unemployment,unemployment_rate,Unemployment Rate,persistence_baseline,test,2026-01-01,1,-0.2058746357551789,-0.3921421633431978,0.1862675275880189
RBA,unemployment,unemployment_rate,Unemployment Rate,persistence_baseline,test,2026-02-01,1,-0.2058746357551789,-0.2058746357551789,0.0
RBA,unemployment,unemployment_rate,Unemployment Rate,persistence_baseline,test,2026-03-01,1,-0.2058746357551789,-0.2058746357551789,0.0
RBA,unemployment,unemployment_rate,Unemployment Rate,ridge,validation,2024-04-01,1,-0.4852759271372069,-0.27294253773630506,-0.21233338940090185
RBA,unemployment,unemployment_rate,Unemployment Rate,ridge,validation,2024-05-01,1,-0.3921421633431978,-0.4192927454495534,0.027150582106355625
RBA,unemployment,unemployment_rate,Unemployment Rate,ridge,validation,2024-06-01,1,-0.2990083995491879,-0.4312223857021025,0.13221398615291458
RBA,unemployment,unemployment_rate,Unemployment Rate,ridge,validation,2024-07-01,1,-0.2990083995491879,-0.2973197195443278,-0.0016886800048601103
RBA,unemployment,unemployment_rate,Unemployment Rate,ridge,validation,2024-08-01,1,-0.3921421633431978,-0.16995961369803134,-0.22218254964516645
RBA,unemployment,unemployment_rate,Unemployment Rate,ridge,validation,2024-09-01,1,-0.3921421633431978,-0.24365954966422823,-0.14848261367896956
RBA,unemployment,unemployment_rate,Unemployment Rate,ridge,validation,2024-10-01,1,-0.5784096909312164,-0.006892593421173737,-0.5715170975100426
RBA,unemployment,unemployment_rate,Unemployment Rate,ridge,validation,2024-11-01,1,-0.4852759271372069,0.03817518500318612,-0.5234511121403931
RBA,unemployment,unemployment_rate,Unemployment Rate,ridge,validation,2024-12-01,1,-0.3921421633431978,-0.1773177693116406,-0.2148243940315572
RBA,unemployment,unemployment_rate,Unemployment Rate,ridge,validation,2025-01-01,1,-0.3921421633431978,-0.2803933296909198,-0.111748833652278
RBA,unemployment,unemployment_rate,Unemployment Rate,ridge,validation,2025-02-01,1,-0.3921421633431978,-0.35222998852130727,-0.03991217482189052
RBA,unemployment,unemployment_rate,Unemployment Rate,ridge,validation,2025-03-01,1,-0.3921421633431978,-0.09660667069951345,-0.29553549264368434
RBA,unemployment,unemployment_rate,Unemployment Rate,ridge,test,2025-04-01,1,-0.3921421633431978,-0.21147507191165546,-0.18066709143154233
RBA,unemployment,unemployment_rate,Unemployment Rate,ridge,test,2025-05-01,1,-0.2058746357551789,-0.12378338189205143,-0.08209125386312746
RBA,unemployment,unemployment_rate,Unemployment Rate,ridge,test,2025-06-01,1,-0.2990083995491879,-0.32233183031958845,0.023323430770400555
RBA,unemployment,unemployment_rate,Unemployment Rate,ridge,test,2025-07-01,1,-0.2990083995491879,-0.647341398140835,0.3483329985916471
RBA,unemployment,unemployment_rate,Unemployment Rate,ridge,test,2025-08-01,1,-0.0196071081671599,-0.7617906458444542,0.7421835376772943
RBA,unemployment,unemployment_rate,Unemployment Rate,ridge,test,2025-09-01,1,-0.2058746357551789,-0.7632403820737065,0.5573657463185275
RBA,unemployment,unemployment_rate,Unemployment Rate,ridge,test,2025-10-01,1,-0.2058746357551789,-0.673057191775305,0.4671825560201261
RBA,unemployment,unemployment_rate,Unemployment Rate,ridge,test,2025-11-01,1,-0.3921421633431978,-0.8620215034619925,0.4698793401187947
RBA,unemployment,unemployment_rate,Unemployment Rate,ridge,test,2025-12-01,1,-0.3921421633431978,-0.9418433202396108,0.549701156896413
RBA,unemployment,unemployment_rate,Unemployment Rate,ridge,test,2026-01-01,1,-0.2058746357551789,-0.7272520866049506,0.5213774508497717
RBA,unemployment,unemployment_rate,Unemployment Rate,ridge,test,2026-02-01,1,-0.2058746357551789,-0.7737820234726944,0.5679073877175156
RBA,unemployment,unemployment_rate,Unemployment Rate,ridge,test,2026-03-01,1,-0.2058746357551789,-0.6558141938597285,0.4499395581045496
RBA,unemployment,unemployment_rate,Unemployment Rate,random_forest,validation,2024-04-01,1,-0.4852759271372069,-0.4569974696241114,-0.02827845751309549
RBA,unemployment,unemployment_rate,Unemployment Rate,random_forest,validation,2024-05-01,1,-0.3921421633431978,-0.4632324424895354,0.07109027914633759
RBA,unemployment,unemployment_rate,Unemployment Rate,random_forest,validation,2024-06-01,1,-0.2990083995491879,-0.46637459828229993,0.16736619873311204
RBA,unemployment,unemployment_rate,Unemployment Rate,random_forest,validation,2024-07-01,1,-0.2990083995491879,-0.36856444104878316,0.06955604149959527
RBA,unemployment,unemployment_rate,Unemployment Rate,random_forest,validation,2024-08-01,1,-0.3921421633431978,-0.21215861523701565,-0.17998354810618214
RBA,unemployment,unemployment_rate,Unemployment Rate,random_forest,validation,2024-09-01,1,-0.3921421633431978,-0.18028178708343545,-0.21186037625976234
RBA,unemployment,unemployment_rate,Unemployment Rate,random_forest,validation,2024-10-01,1,-0.5784096909312164,-0.13518132519168108,-0.44322836573953533
RBA,unemployment,unemployment_rate,Unemployment Rate,random_forest,validation,2024-11-01,1,-0.4852759271372069,-0.11233724192100368,-0.3729386852162032
RBA,unemployment,unemployment_rate,Unemployment Rate,random_forest,validation,2024-12-01,1,-0.3921421633431978,-0.10196546399728984,-0.29017669934590795
RBA,unemployment,unemployment_rate,Unemployment Rate,random_forest,validation,2025-01-01,1,-0.3921421633431978,-0.07449839524661217,-0.3176437680965856
RBA,unemployment,unemployment_rate,Unemployment Rate,random_forest,validation,2025-02-01,1,-0.3921421633431978,-0.06055475553509517,-0.33158740780810264
RBA,unemployment,unemployment_rate,Unemployment Rate,random_forest,validation,2025-03-01,1,-0.3921421633431978,-0.0664460204627079,-0.32569614288048987
RBA,unemployment,unemployment_rate,Unemployment Rate,random_forest,test,2025-04-01,1,-0.3921421633431978,-0.035083595083502964,-0.35705856825969484
RBA,unemployment,unemployment_rate,Unemployment Rate,random_forest,test,2025-05-01,1,-0.2058746357551789,-0.05066224975940367,-0.15521238599577522
RBA,unemployment,unemployment_rate,Unemployment Rate,random_forest,test,2025-06-01,1,-0.2990083995491879,-0.04553342512824752,-0.25347497442094036
RBA,unemployment,unemployment_rate,Unemployment Rate,random_forest,test,2025-07-01,1,-0.2990083995491879,-0.10345209322293038,-0.19555630632625753
RBA,unemployment,unemployment_rate,Unemployment Rate,random_forest,test,2025-08-01,1,-0.0196071081671599,-0.09352896283479367,0.07392185466763378
RBA,unemployment,unemployment_rate,Unemployment Rate,random_forest,test,2025-09-01,1,-0.2058746357551789,0.10461476594086687,-0.3104894016960458
RBA,unemployment,unemployment_rate,Unemployment Rate,random_forest,test,2025-10-01,1,-0.2058746357551789,-0.32736580340804144,0.12149116765286255
RBA,unemployment,unemployment_rate,Unemployment Rate,random_forest,test,2025-11-01,1,-0.3921421633431978,-0.36840508555034346,-0.023737077792854333
RBA,unemployment,unemployment_rate,Unemployment Rate,random_forest,test,2025-12-01,1,-0.3921421633431978,-0.3842970587378823,-0.007845104605315512
RBA,unemployment,unemployment_rate,Unemployment Rate,random_forest,test,2026-01-01,1,-0.2058746357551789,-0.4273626890025012,0.2214880532473223
RBA,unemployment,unemployment_rate,Unemployment Rate,random_forest,test,2026-02-01,1,-0.2058746357551789,-0.3598475474527577,0.15397291169757882
RBA,unemployment,unemployment_rate,Unemployment Rate,random_forest,test,2026-03-01,1,-0.2058746357551789,-0.365010742877695,0.15913610712251613
RBA,unemployment,unemployment_rate,Unemployment Rate,hist_gradient_boosting,validation,2024-04-01,1,-0.4852759271372069,-0.20740259094547744,-0.2778733361917295
RBA,unemployment,unemployment_rate,Unemployment Rate,hist_gradient_boosting,validation,2024-05-01,1,-0.3921421633431978,-0.04272386243680485,-0.3494183009063929
RBA,unemployment,unemployment_rate,Unemployment Rate,hist_gradient_boosting,validation,2024-06-01,1,-0.2990083995491879,0.1340826581522338,-0.4330910577014217
RBA,unemployment,unemployment_rate,Unemployment Rate,hist_gradient_boosting,validation,2024-07-01,1,-0.2990083995491879,0.2209599413073938,-0.5199683408565817
RBA,unemployment,unemployment_rate,Unemployment Rate,hist_gradient_boosting,validation,2024-08-01,1,-0.3921421633431978,0.37872460131572033,-0.7708667646589181
RBA,unemployment,unemployment_rate,Unemployment Rate,hist_gradient_boosting,validation,2024-09-01,1,-0.3921421633431978,0.3955309443035452,-0.7876731076467429
RBA,unemployment,unemployment_rate,Unemployment Rate,hist_gradient_boosting,validation,2024-10-01,1,-0.5784096909312164,0.4506752634172226,-1.029084954348439
RBA,unemployment,unemployment_rate,Unemployment Rate,hist_gradient_boosting,validation,2024-11-01,1,-0.4852759271372069,0.4975791987915034,-0.9828551259287104
RBA,unemployment,unemployment_rate,Unemployment Rate,hist_gradient_boosting,validation,2024-12-01,1,-0.3921421633431978,0.5247273938044772,-0.916869557147675
RBA,unemployment,unemployment_rate,Unemployment Rate,hist_gradient_boosting,validation,2025-01-01,1,-0.3921421633431978,0.6295832522920134,-1.0217254156352111
RBA,unemployment,unemployment_rate,Unemployment Rate,hist_gradient_boosting,validation,2025-02-01,1,-0.3921421633431978,0.6649582426354662,-1.057100405978664
RBA,unemployment,unemployment_rate,Unemployment Rate,hist_gradient_boosting,validation,2025-03-01,1,-0.3921421633431978,0.5989953709418248,-0.9911375342850226
RBA,unemployment,unemployment_rate,Unemployment Rate,hist_gradient_boosting,test,2025-04-01,1,-0.3921421633431978,0.7963193609602198,-1.1884615243034176
RBA,unemployment,unemployment_rate,Unemployment Rate,hist_gradient_boosting,test,2025-05-01,1,-0.2058746357551789,0.639443856808771,-0.8453184925639499
RBA,unemployment,unemployment_rate,Unemployment Rate,hist_gradient_boosting,test,2025-06-01,1,-0.2990083995491879,0.6649582426354662,-0.9639666421846541
RBA,unemployment,unemployment_rate,Unemployment Rate,hist_gradient_boosting,test,2025-07-01,1,-0.2990083995491879,0.5989953709418248,-0.8980037704910127
RBA,unemployment,unemployment_rate,Unemployment Rate,hist_gradient_boosting,test,2025-08-01,1,-0.0196071081671599,0.629290909174844,-0.6488980173420039
RBA,unemployment,unemployment_rate,Unemployment Rate,hist_gradient_boosting,test,2025-09-01,1,-0.2058746357551789,-0.18467438638917627,-0.02120024936600262
RBA,unemployment,unemployment_rate,Unemployment Rate,hist_gradient_boosting,test,2025-10-01,1,-0.2058746357551789,-0.33710640313891815,0.13123176738373926
RBA,unemployment,unemployment_rate,Unemployment Rate,hist_gradient_boosting,test,2025-11-01,1,-0.3921421633431978,-0.5381046985945163,0.14596253525131847
RBA,unemployment,unemployment_rate,Unemployment Rate,hist_gradient_boosting,test,2025-12-01,1,-0.3921421633431978,-0.3646884815660117,-0.0274536817771861
RBA,unemployment,unemployment_rate,Unemployment Rate,hist_gradient_boosting,test,2026-01-01,1,-0.2058746357551789,-0.7990540083355374,0.5931793725803585
RBA,unemployment,unemployment_rate,Unemployment Rate,hist_gradient_boosting,test,2026-02-01,1,-0.2058746357551789,-0.340936520838187,0.1350618850830081
RBA,unemployment,unemployment_rate,Unemployment Rate,hist_gradient_boosting,test,2026-03-01,1,-0.2058746357551789,-0.8564054352993588,0.6505307995441798
RBNZ,inflation,cpi_headline_yoy,Headline CPI (YoY),persistence_baseline,validation,2024-04-01,1,-0.4827474111046435,-0.3039057536228714,-0.17884165748177205
RBNZ,inflation,cpi_headline_yoy,Headline CPI (YoY),persistence_baseline,validation,2024-05-01,1,-0.6615890685864154,-0.4827474111046435,-0.17884165748177194
RBNZ,inflation,cpi_headline_yoy,Headline CPI (YoY),persistence_baseline,validation,2024-06-01,1,-0.8404307260681875,-0.6615890685864154,-0.17884165748177205
RBNZ,inflation,cpi_headline_yoy,Headline CPI (YoY),persistence_baseline,validation,2024-07-01,1,-0.8404307260681875,-0.8404307260681875,0.0
RBNZ,inflation,cpi_headline_yoy,Headline CPI (YoY),persistence_baseline,validation,2024-08-01,1,-0.8404307260681875,-0.8404307260681875,0.0
RBNZ,inflation,cpi_headline_yoy,Headline CPI (YoY),persistence_baseline,validation,2024-09-01,1,-0.8404307260681875,-0.8404307260681875,0.0
RBNZ,inflation,cpi_headline_yoy,Headline CPI (YoY),persistence_baseline,validation,2024-10-01,1,-0.7916557285731588,-0.8404307260681875,0.04877499749502867
RBNZ,inflation,cpi_headline_yoy,Headline CPI (YoY),persistence_baseline,validation,2024-11-01,1,-0.74288073107813,-0.7916557285731588,0.04877499749502878
RBNZ,inflation,cpi_headline_yoy,Headline CPI (YoY),persistence_baseline,validation,2024-12-01,1,-0.6941057335831013,-0.74288073107813,0.04877499749502867
RBNZ,inflation,cpi_headline_yoy,Headline CPI (YoY),persistence_baseline,validation,2025-01-01,1,-0.6615890685864155,-0.6941057335831013,0.03251666499668582
RBNZ,inflation,cpi_headline_yoy,Headline CPI (YoY),persistence_baseline,validation,2025-02-01,1,-0.6290724035897296,-0.6615890685864155,0.03251666499668593
RBNZ,inflation,cpi_headline_yoy,Headline CPI (YoY),persistence_baseline,validation,2025-03-01,1,-0.5965557385930438,-0.6290724035897296,0.03251666499668582
RBNZ,inflation,cpi_headline_yoy,Headline CPI (YoY),persistence_baseline,test,2025-04-01,1,-0.5477807410980151,-0.5965557385930438,0.04877499749502867
RBNZ,inflation,cpi_headline_yoy,Headline CPI (YoY),persistence_baseline,test,2025-05-01,1,-0.49900574360298633,-0.5477807410980151,0.04877499749502878
RBNZ,inflation,cpi_headline_yoy,Headline CPI (YoY),persistence_baseline,test,2025-06-01,1,-0.4502307461079576,-0.49900574360298633,0.04877499749502873
RBNZ,inflation,cpi_headline_yoy,Headline CPI (YoY),persistence_baseline,test,2025-07-01,1,-0.4339724136096147,-0.4502307461079576,0.01625833249834291
RBNZ,inflation,cpi_headline_yoy,Headline CPI (YoY),persistence_baseline,test,2025-08-01,1,-0.41771408111127173,-0.4339724136096147,0.016258332498342964
RBNZ,inflation,cpi_headline_yoy,Headline CPI (YoY),persistence_baseline,test,2025-09-01,1,-0.4014557486129288,-0.41771408111127173,0.01625833249834291
RBNZ,inflation,cpi_headline_yoy,Headline CPI (YoY),persistence_baseline,test,2025-10-01,1,-0.4014557486129288,-0.4014557486129288,0.0
RBNZ,inflation,cpi_headline_yoy,Headline CPI (YoY),persistence_baseline,test,2025-11-01,1,-0.4014557486129288,-0.4014557486129288,0.0
RBNZ,inflation,cpi_headline_yoy,Headline CPI (YoY),persistence_baseline,test,2025-12-01,1,-0.4014557486129288,-0.4014557486129288,0.0
RBNZ,inflation,cpi_headline_yoy,Headline CPI (YoY),persistence_baseline,test,2026-01-01,1,-0.4014557486129288,-0.4014557486129288,0.0
RBNZ,inflation,cpi_headline_yoy,Headline CPI (YoY),persistence_baseline,test,2026-02-01,1,-0.4014557486129288,-0.4014557486129288,0.0
RBNZ,inflation,cpi_headline_yoy,Headline CPI (YoY),persistence_baseline,test,2026-03-01,1,-0.4014557486129288,-0.4014557486129288,0.0
RBNZ,inflation,cpi_headline_yoy,Headline CPI (YoY),ridge,validation,2024-04-01,1,-0.4827474111046435,-0.35418759155879737,-0.1285598195458461
RBNZ,inflation,cpi_headline_yoy,Headline CPI (YoY),ridge,validation,2024-05-01,1,-0.6615890685864154,-2.4209550781703553,1.7593660095839398
RBNZ,inflation,cpi_headline_yoy,Headline CPI (YoY),ridge,validation,2024-06-01,1,-0.8404307260681875,-4.527550388025626,3.6871196619574382
RBNZ,inflation,cpi_headline_yoy,Headline CPI (YoY),ridge,validation,2024-07-01,1,-0.8404307260681875,-6.774542614012651,5.934111887944463
RBNZ,inflation,cpi_headline_yoy,Headline CPI (YoY),ridge,validation,2024-08-01,1,-0.8404307260681875,-6.7401728507957,5.899742124727513
RBNZ,inflation,cpi_headline_yoy,Headline CPI (YoY),ridge,validation,2024-09-01,1,-0.8404307260681875,-6.904711943733094,6.064281217664907
RBNZ,inflation,cpi_headline_yoy,Headline CPI (YoY),ridge,validation,2024-10-01,1,-0.7916557285731588,-6.985994209772759,6.1943384811996
RBNZ,inflation,cpi_headline_yoy,Headline CPI (YoY),ridge,validation,2024-11-01,1,-0.74288073107813,-7.01963927291873,6.2767585418406
RBNZ,inflation,cpi_headline_yoy,Headline CPI (YoY),ridge,validation,2024-12-01,1,-0.6941057335831013,-6.95333865811315,6.259232924530049
RBNZ,inflation,cpi_headline_yoy,Headline CPI (YoY),ridge,validation,2025-01-01,1,-0.6615890685864155,-6.8509661360110545,6.189377067424639
RBNZ,inflation,cpi_headline_yoy,Headline CPI (YoY),ridge,validation,2025-02-01,1,-0.6290724035897296,-6.805966265475307,6.176893861885578
RBNZ,inflation,cpi_headline_yoy,Headline CPI (YoY),ridge,validation,2025-03-01,1,-0.5965557385930438,-6.6478436029371295,6.0512878643440855
RBNZ,inflation,cpi_headline_yoy,Headline CPI (YoY),ridge,test,2025-04-01,1,-0.5477807410980151,-6.484252581094109,5.936471839996094
RBNZ,inflation,cpi_headline_yoy,Headline CPI (YoY),ridge,test,2025-05-01,1,-0.49900574360298633,-6.310822169530858,5.811816425927871
RBNZ,inflation,cpi_headline_yoy,Headline CPI (YoY),ridge,test,2025-06-01,1,-0.4502307461079576,-6.1980918603918065,5.7478611142838485
RBNZ,inflation,cpi_headline_yoy,Headline CPI (YoY),ridge,test,2025-07-01,1,-0.4339724136096147,-6.272100329470072,5.838127915860457
RBNZ,inflation,cpi_headline_yoy,Headline CPI (YoY),ridge,test,2025-08-01,1,-0.41771408111127173,-6.256847453535225,5.839133372423953
RBNZ,inflation,cpi_headline_yoy,Headline CPI (YoY),ridge,test,2025-09-01,1,-0.4014557486129288,-6.397569926651156,5.996114178038227
RBNZ,inflation,cpi_headline_yoy,Headline CPI (YoY),ridge,test,2025-10-01,1,-0.4014557486129288,-6.462458949094375,6.061003200481447
RBNZ,inflation,cpi_headline_yoy,Headline CPI (YoY),ridge,test,2025-11-01,1,-0.4014557486129288,-6.408921380153135,6.007465631540207
RBNZ,inflation,cpi_headline_yoy,Headline CPI (YoY),ridge,test,2025-12-01,1,-0.4014557486129288,-6.387656165262077,5.986200416649148
RBNZ,inflation,cpi_headline_yoy,Headline CPI (YoY),ridge,test,2026-01-01,1,-0.4014557486129288,-6.4727647995598145,6.071309050946886
RBNZ,inflation,cpi_headline_yoy,Headline CPI (YoY),ridge,test,2026-02-01,1,-0.4014557486129288,-6.507960887425079,6.1065051388121505
RBNZ,inflation,cpi_headline_yoy,Headline CPI (YoY),ridge,test,2026-03-01,1,-0.4014557486129288,-6.4186149478328165,6.017159199219888
RBNZ,inflation,cpi_headline_yoy,Headline CPI (YoY),random_forest,validation,2024-04-01,1,-0.4827474111046435,-0.23561215874763686,-0.24713525235700662
RBNZ,inflation,cpi_headline_yoy,Headline CPI (YoY),random_forest,validation,2024-05-01,1,-0.6615890685864154,-0.24106673252504227,-0.4205223360613731
RBNZ,inflation,cpi_headline_yoy,Headline CPI (YoY),random_forest,validation,2024-06-01,1,-0.8404307260681875,-0.36645143850741063,-0.47397928756077684
RBNZ,inflation,cpi_headline_yoy,Headline CPI (YoY),random_forest,validation,2024-07-01,1,-0.8404307260681875,-0.4189581749311562,-0.42147255113703125
RBNZ,inflation,cpi_headline_yoy,Headline CPI (YoY),random_forest,validation,2024-08-01,1,-0.8404307260681875,-0.4166199017858525,-0.42381082428233496
RBNZ,inflation,cpi_headline_yoy,Headline CPI (YoY),random_forest,validation,2024-09-01,1,-0.8404307260681875,-0.4124070992094033,-0.42802362685878415
RBNZ,inflation,cpi_headline_yoy,Headline CPI (YoY),random_forest,validation,2024-10-01,1,-0.7916557285731588,-0.4198539961483764,-0.3718017324247824
RBNZ,inflation,cpi_headline_yoy,Headline CPI (YoY),random_forest,validation,2024-11-01,1,-0.74288073107813,-0.3992072687365225,-0.3436734623416075
RBNZ,inflation,cpi_headline_yoy,Headline CPI (YoY),random_forest,validation,2024-12-01,1,-0.6941057335831013,-0.3981369285137149,-0.29596880506938644
RBNZ,inflation,cpi_headline_yoy,Headline CPI (YoY),random_forest,validation,2025-01-01,1,-0.6615890685864155,-0.3937708565487929,-0.2678182120376226
RBNZ,inflation,cpi_headline_yoy,Headline CPI (YoY),random_forest,validation,2025-02-01,1,-0.6290724035897296,-0.37481928611006476,-0.25425311747966484
RBNZ,inflation,cpi_headline_yoy,Headline CPI (YoY),random_forest,validation,2025-03-01,1,-0.5965557385930438,-0.3228183380817597,-0.2737374005112841
RBNZ,inflation,cpi_headline_yoy,Headline CPI (YoY),random_forest,test,2025-04-01,1,-0.5477807410980151,-0.30508385222007517,-0.24269688887793994
RBNZ,inflation,cpi_headline_yoy,Headline CPI (YoY),random_forest,test,2025-05-01,1,-0.49900574360298633,-0.3024835190368233,-0.19652222456616303
RBNZ,inflation,cpi_headline_yoy,Headline CPI (YoY),random_forest,test,2025-06-01,1,-0.4502307461079576,-0.23730267048290604,-0.21292807562505156
RBNZ,inflation,cpi_headline_yoy,Headline CPI (YoY),random_forest,test,2025-07-01,1,-0.4339724136096147,-0.2485165972548683,-0.1854558163547464
RBNZ,inflation,cpi_headline_yoy,Headline CPI (YoY),random_forest,test,2025-08-01,1,-0.41771408111127173,-0.23869111272310678,-0.17902296838816495
RBNZ,inflation,cpi_headline_yoy,Headline CPI (YoY),random_forest,test,2025-09-01,1,-0.4014557486129288,-0.22537147382383943,-0.1760842747890894
RBNZ,inflation,cpi_headline_yoy,Headline CPI (YoY),random_forest,test,2025-10-01,1,-0.4014557486129288,-0.20740530672405352,-0.1940504418888753
RBNZ,inflation,cpi_headline_yoy,Headline CPI (YoY),random_forest,test,2025-11-01,1,-0.4014557486129288,-0.2209187875280482,-0.18053696108488063
RBNZ,inflation,cpi_headline_yoy,Headline CPI (YoY),random_forest,test,2025-12-01,1,-0.4014557486129288,-0.21627122705245047,-0.18518452156047835
RBNZ,inflation,cpi_headline_yoy,Headline CPI (YoY),random_forest,test,2026-01-01,1,-0.4014557486129288,-0.23324941012559594,-0.16820633848733288
RBNZ,inflation,cpi_headline_yoy,Headline CPI (YoY),random_forest,test,2026-02-01,1,-0.4014557486129288,-0.23886034131891296,-0.16259540729401586
RBNZ,inflation,cpi_headline_yoy,Headline CPI (YoY),random_forest,test,2026-03-01,1,-0.4014557486129288,-0.23456059302783333,-0.1668951555850955
RBNZ,inflation,cpi_headline_yoy,Headline CPI (YoY),hist_gradient_boosting,validation,2024-04-01,1,-0.4827474111046435,-0.6667755613478803,0.18402815024323682
RBNZ,inflation,cpi_headline_yoy,Headline CPI (YoY),hist_gradient_boosting,validation,2024-05-01,1,-0.6615890685864154,-0.6823707015604309,0.020781632974015474
RBNZ,inflation,cpi_headline_yoy,Headline CPI (YoY),hist_gradient_boosting,validation,2024-06-01,1,-0.8404307260681875,-0.7937071438525966,-0.04672358221559092
RBNZ,inflation,cpi_headline_yoy,Headline CPI (YoY),hist_gradient_boosting,validation,2024-07-01,1,-0.8404307260681875,-0.843096715408312,0.0026659893401245194
RBNZ,inflation,cpi_headline_yoy,Headline CPI (YoY),hist_gradient_boosting,validation,2024-08-01,1,-0.8404307260681875,-0.8526426574125311,0.012211931344343618
RBNZ,inflation,cpi_headline_yoy,Headline CPI (YoY),hist_gradient_boosting,validation,2024-09-01,1,-0.8404307260681875,-0.9369673375225652,0.09653661145437775
RBNZ,inflation,cpi_headline_yoy,Headline CPI (YoY),hist_gradient_boosting,validation,2024-10-01,1,-0.7916557285731588,-0.9369673375225652,0.14531160894940642
RBNZ,inflation,cpi_headline_yoy,Headline CPI (YoY),hist_gradient_boosting,validation,2024-11-01,1,-0.74288073107813,-0.665640314291504,-0.07724041678662596
RBNZ,inflation,cpi_headline_yoy,Headline CPI (YoY),hist_gradient_boosting,validation,2024-12-01,1,-0.6941057335831013,-0.7827666056048377,0.08866087202173634
RBNZ,inflation,cpi_headline_yoy,Headline CPI (YoY),hist_gradient_boosting,validation,2025-01-01,1,-0.6615890685864155,-0.5763075707088565,-0.08528149787755901
RBNZ,inflation,cpi_headline_yoy,Headline CPI (YoY),hist_gradient_boosting,validation,2025-02-01,1,-0.6290724035897296,-0.4175092211751311,-0.21156318241459848
RBNZ,inflation,cpi_headline_yoy,Headline CPI (YoY),hist_gradient_boosting,validation,2025-03-01,1,-0.5965557385930438,-0.7981881666162437,0.20163242802319992
RBNZ,inflation,cpi_headline_yoy,Headline CPI (YoY),hist_gradient_boosting,test,2025-04-01,1,-0.5477807410980151,-0.8137833068287943,0.2660025657307792
RBNZ,inflation,cpi_headline_yoy,Headline CPI (YoY),hist_gradient_boosting,test,2025-05-01,1,-0.49900574360298633,-0.8137833068287943,0.31477756322580797
RBNZ,inflation,cpi_headline_yoy,Headline CPI (YoY),hist_gradient_boosting,test,2025-06-01,1,-0.4502307461079576,-0.8595163278768944,0.40928558176893676
RBNZ,inflation,cpi_headline_yoy,Headline CPI (YoY),hist_gradient_boosting,test,2025-07-01,1,-0.4339724136096147,-0.8137833068287943,0.3798108932191796
RBNZ,inflation,cpi_headline_yoy,Headline CPI (YoY),hist_gradient_boosting,test,2025-08-01,1,-0.41771408111127173,-0.6718849436731182,0.2541708625618465
RBNZ,inflation,cpi_headline_yoy,Headline CPI (YoY),hist_gradient_boosting,test,2025-09-01,1,-0.4014557486129288,-0.8595163278768944,0.45806057926396554
RBNZ,inflation,cpi_headline_yoy,Headline CPI (YoY),hist_gradient_boosting,test,2025-10-01,1,-0.4014557486129288,-0.8595163278768944,0.45806057926396554
RBNZ,inflation,cpi_headline_yoy,Headline CPI (YoY),hist_gradient_boosting,test,2025-11-01,1,-0.4014557486129288,-0.8595163278768944,0.45806057926396554
RBNZ,inflation,cpi_headline_yoy,Headline CPI (YoY),hist_gradient_boosting,test,2025-12-01,1,-0.4014557486129288,-0.8595163278768944,0.45806057926396554
RBNZ,inflation,cpi_headline_yoy,Headline CPI (YoY),hist_gradient_boosting,test,2026-01-01,1,-0.4014557486129288,-0.7290380223066661,0.3275822736937373
RBNZ,inflation,cpi_headline_yoy,Headline CPI (YoY),hist_gradient_boosting,test,2026-02-01,1,-0.4014557486129288,-0.6574070048016906,0.25595125618876174
RBNZ,inflation,cpi_headline_yoy,Headline CPI (YoY),hist_gradient_boosting,test,2026-03-01,1,-0.4014557486129288,-0.6574070048016906,0.25595125618876174
RBNZ,gdp_growth,balance_of_trade,Balance of Trade,persistence_baseline,validation,2024-04-01,1,0.2629524372836815,0.2627903664256695,0.00016207085801200893
RBNZ,gdp_growth,balance_of_trade,Balance of Trade,persistence_baseline,validation,2024-05-01,1,0.2636623936970968,0.2629524372836815,0.0007099564134153136
RBNZ,gdp_growth,balance_of_trade,Balance of Trade,persistence_baseline,validation,2024-06-01,1,0.2612786612544782,0.2636623936970968,-0.0023837324426186357
RBNZ,gdp_growth,balance_of_trade,Balance of Trade,persistence_baseline,validation,2024-07-01,1,0.2595001845824883,0.2612786612544782,-0.0017784766719898815
RBNZ,gdp_growth,balance_of_trade,Balance of Trade,persistence_baseline,validation,2024-08-01,1,0.2596364388436489,0.2595001845824883,0.00013625426116059547
RBNZ,gdp_growth,balance_of_trade,Balance of Trade,persistence_baseline,validation,2024-09-01,1,0.2604453588783281,0.2596364388436489,0.0008089200346791947
RBNZ,gdp_growth,balance_of_trade,Balance of Trade,persistence_baseline,validation,2024-10-01,1,0.2620330795846932,0.2604453588783281,0.0015877207063650922
RBNZ,gdp_growth,balance_of_trade,Balance of Trade,persistence_baseline,validation,2024-11-01,1,0.2629739511143911,0.2620330795846932,0.0009408715296979064
RBNZ,gdp_growth,balance_of_trade,Balance of Trade,persistence_baseline,validation,2024-12-01,1,0.261962801071042,0.2629739511143911,-0.0010111500433491183
RBNZ,gdp_growth,balance_of_trade,Balance of Trade,persistence_baseline,validation,2025-01-01,1,0.2633913194301564,0.261962801071042,0.0014285183591144501
RBNZ,gdp_growth,balance_of_trade,Balance of Trade,persistence_baseline,validation,2025-02-01,1,0.2640510769052494,0.2633913194301564,0.0006597574750930035
RBNZ,gdp_growth,balance_of_trade,Balance of Trade,persistence_baseline,validation,2025-03-01,1,0.2647050973588198,0.2640510769052494,0.0006540204535703809
RBNZ,gdp_growth,balance_of_trade,Balance of Trade,persistence_baseline,test,2025-04-01,1,0.2644311545811182,0.2647050973588198,-0.0002739427777015968
RBNZ,gdp_growth,balance_of_trade,Balance of Trade,persistence_baseline,test,2025-05-01,1,0.262863513450082,0.2644311545811182,-0.0015676411310361904
RBNZ,gdp_growth,balance_of_trade,Balance of Trade,persistence_baseline,test,2025-06-01,1,0.2618308495760234,0.262863513450082,-0.001032663874058648
RBNZ,gdp_growth,balance_of_trade,Balance of Trade,persistence_baseline,test,2025-07-01,1,0.2609602565599768,0.2618308495760234,-0.0008705930160465836
RBNZ,gdp_growth,balance_of_trade,Balance of Trade,persistence_baseline,test,2025-08-01,1,0.2607164331452685,0.2609602565599768,-0.0002438234147082996
RBNZ,gdp_growth,balance_of_trade,Balance of Trade,persistence_baseline,test,2025-09-01,1,0.2604482273890894,0.2607164331452685,-0.00026820575617908515
RBNZ,gdp_growth,balance_of_trade,Balance of Trade,persistence_baseline,test,2025-10-01,1,0.2624260655589877,0.2604482273890894,0.0019778381698982717
RBNZ,gdp_growth,balance_of_trade,Balance of Trade,persistence_baseline,test,2025-11-01,1,0.2627344304658247,0.2624260655589877,0.0003083649068369998
RBNZ,gdp_growth,balance_of_trade,Balance of Trade,persistence_baseline,test,2025-12-01,1,0.261915470643481,0.2627344304658247,-0.0008189598223437011
RBNZ,gdp_growth,balance_of_trade,Balance of Trade,persistence_baseline,test,2026-01-01,1,0.2622912455532079,0.261915470643481,0.0003757749097269003
RBNZ,gdp_growth,balance_of_trade,Balance of Trade,persistence_baseline,test,2026-02-01,1,0.2636609594417162,0.2622912455532079,0.001369713888508317
RBNZ,gdp_growth,balance_of_trade,Balance of Trade,persistence_baseline,test,2026-03-01,1,0.2636609594417162,0.2636609594417162,0.0
RBNZ,gdp_growth,balance_of_trade,Balance of Trade,ridge,validation,2024-04-01,1,0.2629524372836815,-0.5095951438902533,0.7725475811739348
RBNZ,gdp_growth,balance_of_trade,Balance of Trade,ridge,validation,2024-05-01,1,0.2636623936970968,-1.3165053294329445,1.5801677231300413
RBNZ,gdp_growth,balance_of_trade,Balance of Trade,ridge,validation,2024-06-01,1,0.2612786612544782,-1.64186060989441,1.9031392711488881
RBNZ,gdp_growth,balance_of_trade,Balance of Trade,ridge,validation,2024-07-01,1,0.2595001845824883,-2.035159491023866,2.2946596756063546
RBNZ,gdp_growth,balance_of_trade,Balance of Trade,ridge,validation,2024-08-01,1,0.2596364388436489,-1.5898431991781197,1.8494796380217686
RBNZ,gdp_growth,balance_of_trade,Balance of Trade,ridge,validation,2024-09-01,1,0.2604453588783281,-1.9009691443698578,2.161414503248186
RBNZ,gdp_growth,balance_of_trade,Balance of Trade,ridge,validation,2024-10-01,1,0.2620330795846932,-0.5811188974199731,0.8431519770046663
RBNZ,gdp_growth,balance_of_trade,Balance of Trade,ridge,validation,2024-11-01,1,0.2629739511143911,0.24341988383248092,0.01955406728191017
RBNZ,gdp_growth,balance_of_trade,Balance of Trade,ridge,validation,2024-12-01,1,0.261962801071042,0.3078292848046563,-0.04586648373361435
RBNZ,gdp_growth,balance_of_trade,Balance of Trade,ridge,validation,2025-01-01,1,0.2633913194301564,0.4957774309590573,-0.23238611152890087
RBNZ,gdp_growth,balance_of_trade,Balance of Trade,ridge,validation,2025-02-01,1,0.2640510769052494,-0.2722763507338861,0.5363274276391355
RBNZ,gdp_growth,balance_of_trade,Balance of Trade,ridge,validation,2025-03-01,1,0.2647050973588198,-0.41358578404574803,0.6782908814045678
RBNZ,gdp_growth,balance_of_trade,Balance of Trade,ridge,test,2025-04-01,1,0.2644311545811182,-0.7484408980773641,1.0128720526584822
RBNZ,gdp_growth,balance_of_trade,Balance of Trade,ridge,test,2025-05-01,1,0.262863513450082,-1.4183747568498046,1.6812382702998867
RBNZ,gdp_growth,balance_of_trade,Balance of Trade,ridge,test,2025-06-01,1,0.2618308495760234,-1.7599549827146548,2.021785832290678
RBNZ,gdp_growth,balance_of_trade,Balance of Trade,ridge,test,2025-07-01,1,0.2609602565599768,-2.0938112653181604,2.354771521878137
RBNZ,gdp_growth,balance_of_trade,Balance of Trade,ridge,test,2025-08-01,1,0.2607164331452685,-2.3063972428287505,2.567113675974019
RBNZ,gdp_growth,balance_of_trade,Balance of Trade,ridge,test,2025-09-01,1,0.2604482273890894,-2.2334126153634197,2.4938608427525093
RBNZ,gdp_growth,balance_of_trade,Balance of Trade,ridge,test,2025-10-01,1,0.2624260655589877,-1.575911129271694,1.8383371948306817
RBNZ,gdp_growth,balance_of_trade,Balance of Trade,ridge,test,2025-11-01,1,0.2627344304658247,0.21829221837279394,0.04444221209303073
RBNZ,gdp_growth,balance_of_trade,Balance of Trade,ridge,test,2025-12-01,1,0.261915470643481,-0.5670020734619889,0.8289175441054699
RBNZ,gdp_growth,balance_of_trade,Balance of Trade,ridge,test,2026-01-01,1,0.2622912455532079,-1.072090903709813,1.3343821492630208
RBNZ,gdp_growth,balance_of_trade,Balance of Trade,ridge,test,2026-02-01,1,0.2636609594417162,-1.089250814780021,1.3529117742217371
RBNZ,gdp_growth,balance_of_trade,Balance of Trade,ridge,test,2026-03-01,1,0.2636609594417162,-0.2929357319740691,0.5565966914157853
RBNZ,gdp_growth,balance_of_trade,Balance of Trade,random_forest,validation,2024-04-01,1,0.2629524372836815,0.18852390073117117,0.07442853655251033
RBNZ,gdp_growth,balance_of_trade,Balance of Trade,random_forest,validation,2024-05-01,1,0.2636623936970968,0.1822478216073656,0.08141457208973121
RBNZ,gdp_growth,balance_of_trade,Balance of Trade,random_forest,validation,2024-06-01,1,0.2612786612544782,0.14780744784633185,0.11347121340814634
RBNZ,gdp_growth,balance_of_trade,Balance of Trade,random_forest,validation,2024-07-01,1,0.2595001845824883,0.1537728822339162,0.10572730234857211
RBNZ,gdp_growth,balance_of_trade,Balance of Trade,random_forest,validation,2024-08-01,1,0.2596364388436489,0.12352459094527889,0.13611184789837
RBNZ,gdp_growth,balance_of_trade,Balance of Trade,random_forest,validation,2024-09-01,1,0.2604453588783281,0.20764453098073216,0.05280082789759594
RBNZ,gdp_growth,balance_of_trade,Balance of Trade,random_forest,validation,2024-10-01,1,0.2620330795846932,0.2321199732354911,0.02991310634920208
RBNZ,gdp_growth,balance_of_trade,Balance of Trade,random_forest,validation,2024-11-01,1,0.2629739511143911,0.1490773224486669,0.1138966286657242
RBNZ,gdp_growth,balance_of_trade,Balance of Trade,random_forest,validation,2024-12-01,1,0.261962801071042,0.15995983845263184,0.10200296261841013
RBNZ,gdp_growth,balance_of_trade,Balance of Trade,random_forest,validation,2025-01-01,1,0.2633913194301564,0.3131101578046186,-0.04971883837446217
RBNZ,gdp_growth,balance_of_trade,Balance of Trade,random_forest,validation,2025-02-01,1,0.2640510769052494,0.3390224062570002,-0.07497132935175077
RBNZ,gdp_growth,balance_of_trade,Balance of Trade,random_forest,validation,2025-03-01,1,0.2647050973588198,0.315731170491885,-0.051026073133065175
RBNZ,gdp_growth,balance_of_trade,Balance of Trade,random_forest,test,2025-04-01,1,0.2644311545811182,0.3171578622328626,-0.052726707651744364
RBNZ,gdp_growth,balance_of_trade,Balance of Trade,random_forest,test,2025-05-01,1,0.262863513450082,0.31179936382409573,-0.04893585037401371
RBNZ,gdp_growth,balance_of_trade,Balance of Trade,random_forest,test,2025-06-01,1,0.2618308495760234,0.29731520256056493,-0.035484352984541556
RBNZ,gdp_growth,balance_of_trade,Balance of Trade,random_forest,test,2025-07-01,1,0.2609602565599768,0.30323631527741446,-0.04227605871743767
RBNZ,gdp_growth,balance_of_trade,Balance of Trade,random_forest,test,2025-08-01,1,0.2607164331452685,0.3338017616854731,-0.07308532854020461
RBNZ,gdp_growth,balance_of_trade,Balance of Trade,random_forest,test,2025-09-01,1,0.2604482273890894,0.3334432533032233,-0.07299502591413387
RBNZ,gdp_growth,balance_of_trade,Balance of Trade,random_forest,test,2025-10-01,1,0.2624260655589877,0.36543756090362073,-0.10301149534463305
RBNZ,gdp_growth,balance_of_trade,Balance of Trade,random_forest,test,2025-11-01,1,0.2627344304658247,0.3858236884853077,-0.123089258019483
RBNZ,gdp_growth,balance_of_trade,Balance of Trade,random_forest,test,2025-12-01,1,0.261915470643481,0.3732571937455851,-0.1113417231021041
RBNZ,gdp_growth,balance_of_trade,Balance of Trade,random_forest,test,2026-01-01,1,0.2622912455532079,0.38569249893780344,-0.12340125338459557
RBNZ,gdp_growth,balance_of_trade,Balance of Trade,random_forest,test,2026-02-01,1,0.2636609594417162,0.3477572440996956,-0.08409628465797941
RBNZ,gdp_growth,balance_of_trade,Balance of Trade,random_forest,test,2026-03-01,1,0.2636609594417162,0.3607727066725756,-0.09711174723085941
RBNZ,gdp_growth,balance_of_trade,Balance of Trade,hist_gradient_boosting,validation,2024-04-01,1,0.2629524372836815,0.17313124415490477,0.08982119312877673
RBNZ,gdp_growth,balance_of_trade,Balance of Trade,hist_gradient_boosting,validation,2024-05-01,1,0.2636623936970968,0.17313124415490477,0.09053114954219205
RBNZ,gdp_growth,balance_of_trade,Balance of Trade,hist_gradient_boosting,validation,2024-06-01,1,0.2612786612544782,0.17313124415490477,0.08814741709957341
RBNZ,gdp_growth,balance_of_trade,Balance of Trade,hist_gradient_boosting,validation,2024-07-01,1,0.2595001845824883,0.34018390227320633,-0.08068371769071803
RBNZ,gdp_growth,balance_of_trade,Balance of Trade,hist_gradient_boosting,validation,2024-08-01,1,0.2596364388436489,0.4551357151377994,-0.19549927629415048
RBNZ,gdp_growth,balance_of_trade,Balance of Trade,hist_gradient_boosting,validation,2024-09-01,1,0.2604453588783281,0.4551357151377994,-0.1946903562594713
RBNZ,gdp_growth,balance_of_trade,Balance of Trade,hist_gradient_boosting,validation,2024-10-01,1,0.2620330795846932,0.7129045042133237,-0.45087142462863056
RBNZ,gdp_growth,balance_of_trade,Balance of Trade,hist_gradient_boosting,validation,2024-11-01,1,0.2629739511143911,0.723472395994494,-0.4604984448801029
RBNZ,gdp_growth,balance_of_trade,Balance of Trade,hist_gradient_boosting,validation,2024-12-01,1,0.261962801071042,0.6516216270194347,-0.38965882594839274
RBNZ,gdp_growth,balance_of_trade,Balance of Trade,hist_gradient_boosting,validation,2025-01-01,1,0.2633913194301564,0.8336969574955223,-0.5703056380653659
RBNZ,gdp_growth,balance_of_trade,Balance of Trade,hist_gradient_boosting,validation,2025-02-01,1,0.2640510769052494,0.9486487703601154,-0.684597693454866
RBNZ,gdp_growth,balance_of_trade,Balance of Trade,hist_gradient_boosting,validation,2025-03-01,1,0.2647050973588198,0.8336969574955223,-0.5689918601367026
RBNZ,gdp_growth,balance_of_trade,Balance of Trade,hist_gradient_boosting,test,2025-04-01,1,0.2644311545811182,0.5429661673660143,-0.2785350127848961
RBNZ,gdp_growth,balance_of_trade,Balance of Trade,hist_gradient_boosting,test,2025-05-01,1,0.262863513450082,0.5429661673660143,-0.2801026539159323
RBNZ,gdp_growth,balance_of_trade,Balance of Trade,hist_gradient_boosting,test,2025-06-01,1,0.2618308495760234,0.0003270395718601546,0.26150381000416323
RBNZ,gdp_growth,balance_of_trade,Balance of Trade,hist_gradient_boosting,test,2025-07-01,1,0.2609602565599768,0.0003270395718601546,0.26063321698811664
RBNZ,gdp_growth,balance_of_trade,Balance of Trade,hist_gradient_boosting,test,2025-08-01,1,0.2607164331452685,0.0003270395718601546,0.26038939357340835
RBNZ,gdp_growth,balance_of_trade,Balance of Trade,hist_gradient_boosting,test,2025-09-01,1,0.2604482273890894,0.0003270395718601546,0.26012118781722926
RBNZ,gdp_growth,balance_of_trade,Balance of Trade,hist_gradient_boosting,test,2025-10-01,1,0.2624260655589877,0.010894931353030365,0.2515311342059573
RBNZ,gdp_growth,balance_of_trade,Balance of Trade,hist_gradient_boosting,test,2025-11-01,1,0.2627344304658247,0.0003270395718601546,0.26240739089396453
RBNZ,gdp_growth,balance_of_trade,Balance of Trade,hist_gradient_boosting,test,2025-12-01,1,0.261915470643481,0.0003270395718601546,0.26158843107162083
RBNZ,gdp_growth,balance_of_trade,Balance of Trade,hist_gradient_boosting,test,2026-01-01,1,0.2622912455532079,0.05184329103597471,0.21044795451723317
RBNZ,gdp_growth,balance_of_trade,Balance of Trade,hist_gradient_boosting,test,2026-02-01,1,0.2636609594417162,0.05184329103597471,0.21181766840574148
RBNZ,gdp_growth,balance_of_trade,Balance of Trade,hist_gradient_boosting,test,2026-03-01,1,0.2636609594417162,0.05184329103597471,0.21181766840574148
RBNZ,unemployment,unemployment_rate,Unemployment Rate,persistence_baseline,validation,2024-04-01,1,0.5819693543447115,0.4943233672446042,0.08764598710010735
RBNZ,unemployment,unemployment_rate,Unemployment Rate,persistence_baseline,validation,2024-05-01,1,0.6696153414448189,0.5819693543447115,0.0876459871001074
RBNZ,unemployment,unemployment_rate,Unemployment Rate,persistence_baseline,validation,2024-06-01,1,0.7572613285449262,0.6696153414448189,0.08764598710010729
RBNZ,unemployment,unemployment_rate,Unemployment Rate,persistence_baseline,validation,2024-07-01,1,0.8887303091950871,0.7572613285449262,0.13146898065016088
RBNZ,unemployment,unemployment_rate,Unemployment Rate,persistence_baseline,validation,2024-08-01,1,1.020199289845248,0.8887303091950871,0.131468980650161
RBNZ,unemployment,unemployment_rate,Unemployment Rate,persistence_baseline,validation,2024-09-01,1,1.1516682704954089,1.020199289845248,0.13146898065016077
RBNZ,unemployment,unemployment_rate,Unemployment Rate,persistence_baseline,validation,2024-10-01,1,1.1516682704954089,1.1516682704954089,0.0
RBNZ,unemployment,unemployment_rate,Unemployment Rate,persistence_baseline,validation,2024-11-01,1,1.1516682704954089,1.1516682704954089,0.0
RBNZ,unemployment,unemployment_rate,Unemployment Rate,persistence_baseline,validation,2024-12-01,1,1.1516682704954089,1.1516682704954089,0.0
RBNZ,unemployment,unemployment_rate,Unemployment Rate,persistence_baseline,validation,2025-01-01,1,1.1954912640454627,1.1516682704954089,0.04382299355005381
RBNZ,unemployment,unemployment_rate,Unemployment Rate,persistence_baseline,validation,2025-02-01,1,1.2393142575955165,1.1954912640454627,0.04382299355005381
RBNZ,unemployment,unemployment_rate,Unemployment Rate,persistence_baseline,validation,2025-03-01,1,1.2831372511455703,1.2393142575955165,0.04382299355005381
RBNZ,unemployment,unemployment_rate,Unemployment Rate,persistence_baseline,test,2025-04-01,1,1.3269602446956237,1.2831372511455703,0.04382299355005337
RBNZ,unemployment,unemployment_rate,Unemployment Rate,persistence_baseline,test,2025-05-01,1,1.3707832382456773,1.3269602446956237,0.04382299355005359
RBNZ,unemployment,unemployment_rate,Unemployment Rate,persistence_baseline,test,2025-06-01,1,1.4146062317957306,1.3707832382456773,0.04382299355005337
RBNZ,unemployment,unemployment_rate,Unemployment Rate,persistence_baseline,test,2025-07-01,1,1.4584292253457845,1.4146062317957306,0.04382299355005381
RBNZ,unemployment,unemployment_rate,Unemployment Rate,persistence_baseline,test,2025-08-01,1,1.5022522188958385,1.4584292253457845,0.043822993550054035
RBNZ,unemployment,unemployment_rate,Unemployment Rate,persistence_baseline,test,2025-09-01,1,1.5460752124458923,1.5022522188958385,0.04382299355005381
RBNZ,unemployment,unemployment_rate,Unemployment Rate,persistence_baseline,test,2025-10-01,1,1.5460752124458923,1.5460752124458923,0.0
RBNZ,unemployment,unemployment_rate,Unemployment Rate,persistence_baseline,test,2025-11-01,1,1.5460752124458923,1.5460752124458923,0.0
RBNZ,unemployment,unemployment_rate,Unemployment Rate,persistence_baseline,test,2025-12-01,1,1.5460752124458923,1.5460752124458923,0.0
RBNZ,unemployment,unemployment_rate,Unemployment Rate,persistence_baseline,test,2026-01-01,1,1.5460752124458923,1.5460752124458923,0.0
RBNZ,unemployment,unemployment_rate,Unemployment Rate,persistence_baseline,test,2026-02-01,1,1.5460752124458923,1.5460752124458923,0.0
RBNZ,unemployment,unemployment_rate,Unemployment Rate,persistence_baseline,test,2026-03-01,1,1.5460752124458923,1.5460752124458923,0.0
RBNZ,unemployment,unemployment_rate,Unemployment Rate,ridge,validation,2024-04-01,1,0.5819693543447115,0.6579802333310167,-0.07601087898630521
RBNZ,unemployment,unemployment_rate,Unemployment Rate,ridge,validation,2024-05-01,1,0.6696153414448189,0.28585342430054883,0.3837619171442701
RBNZ,unemployment,unemployment_rate,Unemployment Rate,ridge,validation,2024-06-01,1,0.7572613285449262,-0.05652736895844657,0.8137886975033728
RBNZ,unemployment,unemployment_rate,Unemployment Rate,ridge,validation,2024-07-01,1,0.8887303091950871,-0.4115480790714716,1.3002783882665587
RBNZ,unemployment,unemployment_rate,Unemployment Rate,ridge,validation,2024-08-01,1,1.020199289845248,-0.3211739018907327,1.3413731917359808
RBNZ,unemployment,unemployment_rate,Unemployment Rate,ridge,validation,2024-09-01,1,1.1516682704954089,-0.28522274990720703,1.436891020402616
RBNZ,unemployment,unemployment_rate,Unemployment Rate,ridge,validation,2024-10-01,1,1.1516682704954089,-0.30556471314395495,1.4572329836393638
RBNZ,unemployment,unemployment_rate,Unemployment Rate,ridge,validation,2024-11-01,1,1.1516682704954089,-0.41611876826940164,1.5677870387648105
RBNZ,unemployment,unemployment_rate,Unemployment Rate,ridge,validation,2024-12-01,1,1.1516682704954089,-0.47441842226295833,1.6260866927583673
RBNZ,unemployment,unemployment_rate,Unemployment Rate,ridge,validation,2025-01-01,1,1.1954912640454627,-0.6010948327565226,1.7965860968019853
RBNZ,unemployment,unemployment_rate,Unemployment Rate,ridge,validation,2025-02-01,1,1.2393142575955165,-0.6813574168060532,1.9206716744015697
RBNZ,unemployment,unemployment_rate,Unemployment Rate,ridge,validation,2025-03-01,1,1.2831372511455703,-0.7130580158513378,1.996195266996908
RBNZ,unemployment,unemployment_rate,Unemployment Rate,ridge,test,2025-04-01,1,1.3269602446956237,-0.6778850614578733,2.0048453061534968
RBNZ,unemployment,unemployment_rate,Unemployment Rate,ridge,test,2025-05-01,1,1.3707832382456773,-0.6196708385097298,1.990454076755407
RBNZ,unemployment,unemployment_rate,Unemployment Rate,ridge,test,2025-06-01,1,1.4146062317957306,-0.5826164216539536,1.9972226534496842
RBNZ,unemployment,unemployment_rate,Unemployment Rate,ridge,test,2025-07-01,1,1.4584292253457845,-0.5421536528429969,2.0005828781887813
RBNZ,unemployment,unemployment_rate,Unemployment Rate,ridge,test,2025-08-01,1,1.5022522188958385,-0.535338119063973,2.0375903379598115
RBNZ,unemployment,unemployment_rate,Unemployment Rate,ridge,test,2025-09-01,1,1.5460752124458923,-0.5039155854906093,2.0499907979365015
RBNZ,unemployment,unemployment_rate,Unemployment Rate,ridge,test,2025-10-01,1,1.5460752124458923,-0.427790292889546,1.9738655053354384
RBNZ,unemployment,unemployment_rate,Unemployment Rate,ridge,test,2025-11-01,1,1.5460752124458923,-0.5845622849451704,2.1306374973910627
RBNZ,unemployment,unemployment_rate,Unemployment Rate,ridge,test,2025-12-01,1,1.5460752124458923,-0.5975113401797938,2.143586552625686
RBNZ,unemployment,unemployment_rate,Unemployment Rate,ridge,test,2026-01-01,1,1.5460752124458923,-0.8372324006908871,2.3833076131367794
RBNZ,unemployment,unemployment_rate,Unemployment Rate,ridge,test,2026-02-01,1,1.5460752124458923,-0.6500805053376979,2.19615571778359
RBNZ,unemployment,unemployment_rate,Unemployment Rate,ridge,test,2026-03-01,1,1.5460752124458923,-0.7421682931647704,2.2882435056106627
RBNZ,unemployment,unemployment_rate,Unemployment Rate,random_forest,validation,2024-04-01,1,0.5819693543447115,0.35541531487061656,0.22655403947409497
RBNZ,unemployment,unemployment_rate,Unemployment Rate,random_forest,validation,2024-05-01,1,0.6696153414448189,0.35019411821051016,0.31942122323430877
RBNZ,unemployment,unemployment_rate,Unemployment Rate,random_forest,validation,2024-06-01,1,0.7572613285449262,0.353982198641069,0.4032791299038572
RBNZ,unemployment,unemployment_rate,Unemployment Rate,random_forest,validation,2024-07-01,1,0.8887303091950871,0.3864834696372356,0.5022468395578514
RBNZ,unemployment,unemployment_rate,Unemployment Rate,random_forest,validation,2024-08-01,1,1.020199289845248,0.4294519148130632,0.5907473750321849
RBNZ,unemployment,unemployment_rate,Unemployment Rate,random_forest,validation,2024-09-01,1,1.1516682704954089,0.4244047928217807,0.7272634776736282
RBNZ,unemployment,unemployment_rate,Unemployment Rate,random_forest,validation,2024-10-01,1,1.1516682704954089,0.41476086487809605,0.7369074056173128
RBNZ,unemployment,unemployment_rate,Unemployment Rate,random_forest,validation,2024-11-01,1,1.1516682704954089,0.42203617741047716,0.7296320930849317
RBNZ,unemployment,unemployment_rate,Unemployment Rate,random_forest,validation,2024-12-01,1,1.1516682704954089,0.41997127969058284,0.7316969908048261
RBNZ,unemployment,unemployment_rate,Unemployment Rate,random_forest,validation,2025-01-01,1,1.1954912640454627,0.3427450076696181,0.8527462563758446
RBNZ,unemployment,unemployment_rate,Unemployment Rate,random_forest,validation,2025-02-01,1,1.2393142575955165,0.20306289135869246,1.036251366236824
RBNZ,unemployment,unemployment_rate,Unemployment Rate,random_forest,validation,2025-03-01,1,1.2831372511455703,0.2639575889309148,1.0191796622146554
RBNZ,unemployment,unemployment_rate,Unemployment Rate,random_forest,test,2025-04-01,1,1.3269602446956237,0.2854707185692275,1.0414895261263961
RBNZ,unemployment,unemployment_rate,Unemployment Rate,random_forest,test,2025-05-01,1,1.3707832382456773,0.3451258830850696,1.0256573551606076
RBNZ,unemployment,unemployment_rate,Unemployment Rate,random_forest,test,2025-06-01,1,1.4146062317957306,0.40149110592044834,1.0131151258752822
RBNZ,unemployment,unemployment_rate,Unemployment Rate,random_forest,test,2025-07-01,1,1.4584292253457845,0.27868948973721436,1.1797397356085702
RBNZ,unemployment,unemployment_rate,Unemployment Rate,random_forest,test,2025-08-01,1,1.5022522188958385,0.12935209450519802,1.3729001243906405
RBNZ,unemployment,unemployment_rate,Unemployment Rate,random_forest,test,2025-09-01,1,1.5460752124458923,0.23945697057068965,1.3066182418752026
RBNZ,unemployment,unemployment_rate,Unemployment Rate,random_forest,test,2025-10-01,1,1.5460752124458923,0.25822555876464454,1.2878496536812478
RBNZ,unemployment,unemployment_rate,Unemployment Rate,random_forest,test,2025-11-01,1,1.5460752124458923,0.1908134003026479,1.3552618121432445
RBNZ,unemployment,unemployment_rate,Unemployment Rate,random_forest,test,2025-12-01,1,1.5460752124458923,0.19238385861605767,1.3536913538298347
RBNZ,unemployment,unemployment_rate,Unemployment Rate,random_forest,test,2026-01-01,1,1.5460752124458923,0.15729932332874377,1.3887758891171484
RBNZ,unemployment,unemployment_rate,Unemployment Rate,random_forest,test,2026-02-01,1,1.5460752124458923,0.10414338383577133,1.441931828610121
RBNZ,unemployment,unemployment_rate,Unemployment Rate,random_forest,test,2026-03-01,1,1.5460752124458923,0.10008036629091638,1.4459948461549759
RBNZ,unemployment,unemployment_rate,Unemployment Rate,hist_gradient_boosting,validation,2024-04-01,1,0.5819693543447115,0.42316361279960096,0.15880574154511057
RBNZ,unemployment,unemployment_rate,Unemployment Rate,hist_gradient_boosting,validation,2024-05-01,1,0.6696153414448189,0.40412944571044374,0.2654858957343752
RBNZ,unemployment,unemployment_rate,Unemployment Rate,hist_gradient_boosting,validation,2024-06-01,1,0.7572613285449262,0.42316361279960096,0.33409771574532526
RBNZ,unemployment,unemployment_rate,Unemployment Rate,hist_gradient_boosting,validation,2024-07-01,1,0.8887303091950871,0.42316361279960096,0.46556669639548615
RBNZ,unemployment,unemployment_rate,Unemployment Rate,hist_gradient_boosting,validation,2024-08-01,1,1.020199289845248,0.42316361279960096,0.5970356770456471
RBNZ,unemployment,unemployment_rate,Unemployment Rate,hist_gradient_boosting,validation,2024-09-01,1,1.1516682704954089,0.4346719784603109,0.716996292035098
RBNZ,unemployment,unemployment_rate,Unemployment Rate,hist_gradient_boosting,validation,2024-10-01,1,1.1516682704954089,0.4346719784603109,0.716996292035098
RBNZ,unemployment,unemployment_rate,Unemployment Rate,hist_gradient_boosting,validation,2024-11-01,1,1.1516682704954089,0.4086401444955027,0.7430281259999062
RBNZ,unemployment,unemployment_rate,Unemployment Rate,hist_gradient_boosting,validation,2024-12-01,1,1.1516682704954089,0.42316361279960096,0.7285046576958079
RBNZ,unemployment,unemployment_rate,Unemployment Rate,hist_gradient_boosting,validation,2025-01-01,1,1.1954912640454627,0.42316361279960096,0.7723276512458617
RBNZ,unemployment,unemployment_rate,Unemployment Rate,hist_gradient_boosting,validation,2025-02-01,1,1.2393142575955165,0.2615351195529699,0.9777791380425467
RBNZ,unemployment,unemployment_rate,Unemployment Rate,hist_gradient_boosting,validation,2025-03-01,1,1.2831372511455703,0.42316361279960096,0.8599736383459693
RBNZ,unemployment,unemployment_rate,Unemployment Rate,hist_gradient_boosting,test,2025-04-01,1,1.3269602446956237,0.42316361279960096,0.9037966318960227
RBNZ,unemployment,unemployment_rate,Unemployment Rate,hist_gradient_boosting,test,2025-05-01,1,1.3707832382456773,0.42316361279960096,0.9476196254460763
RBNZ,unemployment,unemployment_rate,Unemployment Rate,hist_gradient_boosting,test,2025-06-01,1,1.4146062317957306,0.42316361279960096,0.9914426189961296
RBNZ,unemployment,unemployment_rate,Unemployment Rate,hist_gradient_boosting,test,2025-07-01,1,1.4584292253457845,0.4702752489933999,0.9881539763523846
RBNZ,unemployment,unemployment_rate,Unemployment Rate,hist_gradient_boosting,test,2025-08-01,1,1.5022522188958385,0.14784739373193231,1.3544048251639063
RBNZ,unemployment,unemployment_rate,Unemployment Rate,hist_gradient_boosting,test,2025-09-01,1,1.5460752124458923,0.24732350345639556,1.2987517089894967
RBNZ,unemployment,unemployment_rate,Unemployment Rate,hist_gradient_boosting,test,2025-10-01,1,1.5460752124458923,0.4367176136001444,1.1093575988457478
RBNZ,unemployment,unemployment_rate,Unemployment Rate,hist_gradient_boosting,test,2025-11-01,1,1.5460752124458923,0.3851297793712102,1.1609454330746822
RBNZ,unemployment,unemployment_rate,Unemployment Rate,hist_gradient_boosting,test,2025-12-01,1,1.5460752124458923,0.39965324767530847,1.1464219647705838
RBNZ,unemployment,unemployment_rate,Unemployment Rate,hist_gradient_boosting,test,2026-01-01,1,1.5460752124458923,0.39965324767530847,1.1464219647705838
RBNZ,unemployment,unemployment_rate,Unemployment Rate,hist_gradient_boosting,test,2026-02-01,1,1.5460752124458923,0.2380247544286773,1.308050458017215
RBNZ,unemployment,unemployment_rate,Unemployment Rate,hist_gradient_boosting,test,2026-03-01,1,1.5460752124458923,0.2380247544286773,1.308050458017215
SNB,inflation,cpi_headline_yoy,Headline CPI (YoY),persistence_baseline,validation,2024-03-01,1,0.3180497578832458,0.0083697304706117,0.3096800274126341
SNB,inflation,cpi_headline_yoy,Headline CPI (YoY),persistence_baseline,validation,2024-04-01,1,0.3180497578832458,0.3180497578832458,0.0
SNB,inflation,cpi_headline_yoy,Headline CPI (YoY),persistence_baseline,validation,2024-05-01,1,0.2406297510300873,0.3180497578832458,-0.0774200068531585
SNB,inflation,cpi_headline_yoy,Headline CPI (YoY),persistence_baseline,validation,2024-06-01,1,0.2406297510300873,0.2406297510300873,0.0
SNB,inflation,cpi_headline_yoy,Headline CPI (YoY),persistence_baseline,validation,2024-07-01,1,0.0857897373237703,0.2406297510300873,-0.154840013706317
SNB,inflation,cpi_headline_yoy,Headline CPI (YoY),persistence_baseline,validation,2024-08-01,1,-0.1464702832357053,0.0857897373237703,-0.2322600205594756
SNB,inflation,cpi_headline_yoy,Headline CPI (YoY),persistence_baseline,validation,2024-09-01,1,-0.3013102969420224,-0.1464702832357053,-0.1548400137063171
SNB,inflation,cpi_headline_yoy,Headline CPI (YoY),persistence_baseline,validation,2024-10-01,1,-0.2238902900888639,-0.3013102969420224,0.07742000685315847
SNB,inflation,cpi_headline_yoy,Headline CPI (YoY),persistence_baseline,validation,2024-11-01,1,-0.3013102969420224,-0.2238902900888639,-0.07742000685315847
SNB,inflation,cpi_headline_yoy,Headline CPI (YoY),persistence_baseline,validation,2024-12-01,1,-0.4561503106483395,-0.3013102969420224,-0.15484001370631711
SNB,inflation,cpi_headline_yoy,Headline CPI (YoY),persistence_baseline,validation,2025-01-01,1,-0.5335703175014981,-0.4561503106483395,-0.07742000685315858
SNB,inflation,cpi_headline_yoy,Headline CPI (YoY),persistence_baseline,validation,2025-02-01,1,-0.5335703175014981,-0.5335703175014981,0.0
SNB,inflation,cpi_headline_yoy,Headline CPI (YoY),persistence_baseline,test,2025-03-01,1,-0.6884103312078151,-0.5335703175014981,-0.15484001370631706
SNB,inflation,cpi_headline_yoy,Headline CPI (YoY),persistence_baseline,test,2025-04-01,1,-0.8432503449141322,-0.6884103312078151,-0.15484001370631706
SNB,inflation,cpi_headline_yoy,Headline CPI (YoY),persistence_baseline,test,2025-05-01,1,-0.6884103312078151,-0.8432503449141322,0.15484001370631706
SNB,inflation,cpi_headline_yoy,Headline CPI (YoY),persistence_baseline,test,2025-06-01,1,-0.6109903243546565,-0.6884103312078151,0.07742000685315864
SNB,inflation,cpi_headline_yoy,Headline CPI (YoY),persistence_baseline,test,2025-07-01,1,-0.6109903243546565,-0.6109903243546565,0.0
SNB,inflation,cpi_headline_yoy,Headline CPI (YoY),persistence_baseline,test,2025-08-01,1,-0.6109903243546565,-0.6109903243546565,0.0
SNB,inflation,cpi_headline_yoy,Headline CPI (YoY),persistence_baseline,test,2025-09-01,1,-0.6884103312078151,-0.6109903243546565,-0.07742000685315864
SNB,inflation,cpi_headline_yoy,Headline CPI (YoY),persistence_baseline,test,2025-10-01,1,-0.6884103312078151,-0.6884103312078151,0.0
SNB,inflation,cpi_headline_yoy,Headline CPI (YoY),persistence_baseline,test,2025-11-01,1,-0.6884103312078151,-0.6884103312078151,0.0
SNB,inflation,cpi_headline_yoy,Headline CPI (YoY),persistence_baseline,test,2025-12-01,1,-0.6884103312078151,-0.6884103312078151,0.0
SNB,inflation,cpi_headline_yoy,Headline CPI (YoY),persistence_baseline,test,2026-01-01,1,-0.6884103312078151,-0.6884103312078151,0.0
SNB,inflation,cpi_headline_yoy,Headline CPI (YoY),persistence_baseline,test,2026-02-01,1,-0.5335703175014981,-0.6884103312078151,0.15484001370631706
SNB,inflation,cpi_headline_yoy,Headline CPI (YoY),ridge,validation,2024-03-01,1,0.3180497578832458,-0.15916785830219224,0.477217616185438
SNB,inflation,cpi_headline_yoy,Headline CPI (YoY),ridge,validation,2024-04-01,1,0.3180497578832458,-0.07836349738918505,0.3964132552724309
SNB,inflation,cpi_headline_yoy,Headline CPI (YoY),ridge,validation,2024-05-01,1,0.2406297510300873,-0.11100342471310162,0.3516331757431889
SNB,inflation,cpi_headline_yoy,Headline CPI (YoY),ridge,validation,2024-06-01,1,0.2406297510300873,-0.2472552993017361,0.4878850503318234
SNB,inflation,cpi_headline_yoy,Headline CPI (YoY),ridge,validation,2024-07-01,1,0.0857897373237703,-0.18288883836553513,0.2686785756893054
SNB,inflation,cpi_headline_yoy,Headline CPI (YoY),ridge,validation,2024-08-01,1,-0.1464702832357053,-0.30785078080841943,0.16138049757271414
SNB,inflation,cpi_headline_yoy,Headline CPI (YoY),ridge,validation,2024-09-01,1,-0.3013102969420224,-0.1638028140417511,-0.1375074829002713
SNB,inflation,cpi_headline_yoy,Headline CPI (YoY),ridge,validation,2024-10-01,1,-0.2238902900888639,-0.21188969655902504,-0.012000593529838871
SNB,inflation,cpi_headline_yoy,Headline CPI (YoY),ridge,validation,2024-11-01,1,-0.3013102969420224,-0.035564113087722365,-0.26574618385430004
SNB,inflation,cpi_headline_yoy,Headline CPI (YoY),ridge,validation,2024-12-01,1,-0.4561503106483395,-0.028459378501493132,-0.4276909321468464
SNB,inflation,cpi_headline_yoy,Headline CPI (YoY),ridge,validation,2025-01-01,1,-0.5335703175014981,0.1404524784022972,-0.6740227959037952
SNB,inflation,cpi_headline_yoy,Headline CPI (YoY),ridge,validation,2025-02-01,1,-0.5335703175014981,0.18853434848433692,-0.722104665985835
SNB,inflation,cpi_headline_yoy,Headline CPI (YoY),ridge,test,2025-03-01,1,-0.6884103312078151,0.21502916903082364,-0.9034395002386388
SNB,inflation,cpi_headline_yoy,Headline CPI (YoY),ridge,test,2025-04-01,1,-0.8432503449141322,0.27486408790208783,-1.11811443281622
SNB,inflation,cpi_headline_yoy,Headline CPI (YoY),ridge,test,2025-05-01,1,-0.6884103312078151,0.33917918023416127,-1.0275895114419764
SNB,inflation,cpi_headline_yoy,Headline CPI (YoY),ridge,test,2025-06-01,1,-0.6109903243546565,0.4403288964478047,-1.051319220802461
SNB,inflation,cpi_headline_yoy,Headline CPI (YoY),ridge,test,2025-07-01,1,-0.6109903243546565,0.39990286483120674,-1.0108931891858632
SNB,inflation,cpi_headline_yoy,Headline CPI (YoY),ridge,test,2025-08-01,1,-0.6109903243546565,0.13834605296589128,-0.7493363773205478
SNB,inflation,cpi_headline_yoy,Headline CPI (YoY),ridge,test,2025-09-01,1,-0.6884103312078151,0.14966757177054418,-0.8380779029783594
SNB,inflation,cpi_headline_yoy,Headline CPI (YoY),ridge,test,2025-10-01,1,-0.6884103312078151,0.18109146157923037,-0.8695017927870455
SNB,inflation,cpi_headline_yoy,Headline CPI (YoY),ridge,test,2025-11-01,1,-0.6884103312078151,0.06227829477716873,-0.7506886259849839
SNB,inflation,cpi_headline_yoy,Headline CPI (YoY),ridge,test,2025-12-01,1,-0.6884103312078151,-0.12650754298286557,-0.5619027882249495
SNB,inflation,cpi_headline_yoy,Headline CPI (YoY),ridge,test,2026-01-01,1,-0.6884103312078151,-0.2933932424803749,-0.39501708872744024
SNB,inflation,cpi_headline_yoy,Headline CPI (YoY),ridge,test,2026-02-01,1,-0.5335703175014981,-0.22141674392627145,-0.31215357357522666
SNB,inflation,cpi_headline_yoy,Headline CPI (YoY),random_forest,validation,2024-03-01,1,0.3180497578832458,-0.04148415957372884,0.35953391745697466
SNB,inflation,cpi_headline_yoy,Headline CPI (YoY),random_forest,validation,2024-04-01,1,0.3180497578832458,0.3260648232897029,-0.008015065406457078
SNB,inflation,cpi_headline_yoy,Headline CPI (YoY),random_forest,validation,2024-05-01,1,0.2406297510300873,0.30954026016029473,-0.06891050913020744
SNB,inflation,cpi_headline_yoy,Headline CPI (YoY),random_forest,validation,2024-06-01,1,0.2406297510300873,0.19025546838917698,0.05037428264091032
SNB,inflation,cpi_headline_yoy,Headline CPI (YoY),random_forest,validation,2024-07-01,1,0.0857897373237703,0.2031196320279028,-0.11732989470413252
SNB,inflation,cpi_headline_yoy,Headline CPI (YoY),random_forest,validation,2024-08-01,1,-0.1464702832357053,0.14817196915892805,-0.2946422523946334
SNB,inflation,cpi_headline_yoy,Headline CPI (YoY),random_forest,validation,2024-09-01,1,-0.3013102969420224,-0.04802318964750815,-0.2532871072945142
SNB,inflation,cpi_headline_yoy,Headline CPI (YoY),random_forest,validation,2024-10-01,1,-0.2238902900888639,-0.4176176185020246,0.1937273284131607
SNB,inflation,cpi_headline_yoy,Headline CPI (YoY),random_forest,validation,2024-11-01,1,-0.3013102969420224,-0.5139961127132495,0.21268581577122714
SNB,inflation,cpi_headline_yoy,Headline CPI (YoY),random_forest,validation,2024-12-01,1,-0.4561503106483395,-0.772859275905392,0.31670896525705255
SNB,inflation,cpi_headline_yoy,Headline CPI (YoY),random_forest,validation,2025-01-01,1,-0.5335703175014981,-0.8494132372020904,0.3158429197005923
SNB,inflation,cpi_headline_yoy,Headline CPI (YoY),random_forest,validation,2025-02-01,1,-0.5335703175014981,-0.8423173249072993,0.3087470074058012
SNB,inflation,cpi_headline_yoy,Headline CPI (YoY),random_forest,test,2025-03-01,1,-0.6884103312078151,-0.6220615808397263,-0.06634875036808885
SNB,inflation,cpi_headline_yoy,Headline CPI (YoY),random_forest,test,2025-04-01,1,-0.8432503449141322,-0.660780116666051,-0.18247022824808123
SNB,inflation,cpi_headline_yoy,Headline CPI (YoY),random_forest,test,2025-05-01,1,-0.6884103312078151,-0.7902897815897408,0.1018794503819257
SNB,inflation,cpi_headline_yoy,Headline CPI (YoY),random_forest,test,2025-06-01,1,-0.6109903243546565,-0.7214445292582397,0.11045420490358315
SNB,inflation,cpi_headline_yoy,Headline CPI (YoY),random_forest,test,2025-07-01,1,-0.6109903243546565,-0.702249897559146,0.09125957320448952
SNB,inflation,cpi_headline_yoy,Headline CPI (YoY),random_forest,test,2025-08-01,1,-0.6109903243546565,-0.7627722198609788,0.15178189550632226
SNB,inflation,cpi_headline_yoy,Headline CPI (YoY),random_forest,test,2025-09-01,1,-0.6884103312078151,-0.7473688643308191,0.05895853312300392
SNB,inflation,cpi_headline_yoy,Headline CPI (YoY),random_forest,test,2025-10-01,1,-0.6884103312078151,-0.8599757615714205,0.1715654303636054
SNB,inflation,cpi_headline_yoy,Headline CPI (YoY),random_forest,test,2025-11-01,1,-0.6884103312078151,-0.8804727083857941,0.19206237717797892
SNB,inflation,cpi_headline_yoy,Headline CPI (YoY),random_forest,test,2025-12-01,1,-0.6884103312078151,-0.9795769364008473,0.29116660519303217
SNB,inflation,cpi_headline_yoy,Headline CPI (YoY),random_forest,test,2026-01-01,1,-0.6884103312078151,-1.015943602119996,0.32753327091218076
SNB,inflation,cpi_headline_yoy,Headline CPI (YoY),random_forest,test,2026-02-01,1,-0.5335703175014981,-1.0718840117940196,0.5383136942925215
SNB,inflation,cpi_headline_yoy,Headline CPI (YoY),hist_gradient_boosting,validation,2024-03-01,1,0.3180497578832458,-0.2898073231896465,0.6078570810728923
SNB,inflation,cpi_headline_yoy,Headline CPI (YoY),hist_gradient_boosting,validation,2024-04-01,1,0.3180497578832458,-0.28402502314381295,0.6020747810270588
SNB,inflation,cpi_headline_yoy,Headline CPI (YoY),hist_gradient_boosting,validation,2024-05-01,1,0.2406297510300873,0.12798132241541707,0.11264842861467023
SNB,inflation,cpi_headline_yoy,Headline CPI (YoY),hist_gradient_boosting,validation,2024-06-01,1,0.2406297510300873,-0.06498245763436887,0.30561220866445615
SNB,inflation,cpi_headline_yoy,Headline CPI (YoY),hist_gradient_boosting,validation,2024-07-01,1,0.0857897373237703,0.004760374853501649,0.08102936247026865
SNB,inflation,cpi_headline_yoy,Headline CPI (YoY),hist_gradient_boosting,validation,2024-08-01,1,-0.1464702832357053,0.09429882396628214,-0.24076910720198744
SNB,inflation,cpi_headline_yoy,Headline CPI (YoY),hist_gradient_boosting,validation,2024-09-01,1,-0.3013102969420224,-0.16406294437206814,-0.13724735256995424
SNB,inflation,cpi_headline_yoy,Headline CPI (YoY),hist_gradient_boosting,validation,2024-10-01,1,-0.2238902900888639,-0.5123501366825921,0.2884598465937282
SNB,inflation,cpi_headline_yoy,Headline CPI (YoY),hist_gradient_boosting,validation,2024-11-01,1,-0.3013102969420224,-0.12149605102523592,-0.17981424591678646
SNB,inflation,cpi_headline_yoy,Headline CPI (YoY),hist_gradient_boosting,validation,2024-12-01,1,-0.4561503106483395,-0.9318048224525072,0.4756545118041677
SNB,inflation,cpi_headline_yoy,Headline CPI (YoY),hist_gradient_boosting,validation,2025-01-01,1,-0.5335703175014981,-0.7875470826290868,0.2539767651275887
SNB,inflation,cpi_headline_yoy,Headline CPI (YoY),hist_gradient_boosting,validation,2025-02-01,1,-0.5335703175014981,-0.7875470826290868,0.2539767651275887
SNB,inflation,cpi_headline_yoy,Headline CPI (YoY),hist_gradient_boosting,test,2025-03-01,1,-0.6884103312078151,-0.703201071640475,0.014790740432659821
SNB,inflation,cpi_headline_yoy,Headline CPI (YoY),hist_gradient_boosting,test,2025-04-01,1,-0.8432503449141322,-0.6746422753638486,-0.16860806955028362
SNB,inflation,cpi_headline_yoy,Headline CPI (YoY),hist_gradient_boosting,test,2025-05-01,1,-0.6884103312078151,-0.7589882863524604,0.07057795514464527
SNB,inflation,cpi_headline_yoy,Headline CPI (YoY),hist_gradient_boosting,test,2025-06-01,1,-0.6109903243546565,-0.7589882863524604,0.1479979619978039
SNB,inflation,cpi_headline_yoy,Headline CPI (YoY),hist_gradient_boosting,test,2025-07-01,1,-0.6109903243546565,-0.7546891224209317,0.14369879806627517
SNB,inflation,cpi_headline_yoy,Headline CPI (YoY),hist_gradient_boosting,test,2025-08-01,1,-0.6109903243546565,-0.7875470826290868,0.1765567582744303
SNB,inflation,cpi_headline_yoy,Headline CPI (YoY),hist_gradient_boosting,test,2025-09-01,1,-0.6884103312078151,-0.9794532543250053,0.29104292311719016
SNB,inflation,cpi_headline_yoy,Headline CPI (YoY),hist_gradient_boosting,test,2025-10-01,1,-0.6884103312078151,-0.9794532543250053,0.29104292311719016
SNB,inflation,cpi_headline_yoy,Headline CPI (YoY),hist_gradient_boosting,test,2025-11-01,1,-0.6884103312078151,-0.9751540903934766,0.2867437591856614
SNB,inflation,cpi_headline_yoy,Headline CPI (YoY),hist_gradient_boosting,test,2025-12-01,1,-0.6884103312078151,-0.9751540903934766,0.2867437591856614
SNB,inflation,cpi_headline_yoy,Headline CPI (YoY),hist_gradient_boosting,test,2026-01-01,1,-0.6884103312078151,-0.9794532543250053,0.29104292311719016
SNB,inflation,cpi_headline_yoy,Headline CPI (YoY),hist_gradient_boosting,test,2026-02-01,1,-0.5335703175014981,-1.089924559511418,0.5563542420099199
SNB,gdp_growth,gdp_qoq,GDP (QoQ),persistence_baseline,validation,2024-03-01,1,0.2080152245488154,0.18098499763004278,0.027030226918772632
SNB,gdp_growth,gdp_qoq,GDP (QoQ),persistence_baseline,validation,2024-04-01,1,0.16746988417065647,0.2080152245488154,-0.040545340378158934
SNB,gdp_growth,gdp_qoq,GDP (QoQ),persistence_baseline,validation,2024-05-01,1,0.12692454379249754,0.16746988417065647,-0.040545340378158934
SNB,gdp_growth,gdp_qoq,GDP (QoQ),persistence_baseline,validation,2024-06-01,1,0.0863792034143386,0.12692454379249754,-0.040545340378158934
SNB,gdp_growth,gdp_qoq,GDP (QoQ),persistence_baseline,validation,2024-07-01,1,0.059348976495565975,0.0863792034143386,-0.027030226918772632
SNB,gdp_growth,gdp_qoq,GDP (QoQ),persistence_baseline,validation,2024-08-01,1,0.032318749576793336,0.059348976495565975,-0.02703022691877264
SNB,gdp_growth,gdp_qoq,GDP (QoQ),persistence_baseline,validation,2024-09-01,1,0.0052885226580207,0.032318749576793336,-0.027030226918772635
SNB,gdp_growth,gdp_qoq,GDP (QoQ),persistence_baseline,validation,2024-10-01,1,0.04583386303617964,0.0052885226580207,0.04054534037815894
SNB,gdp_growth,gdp_qoq,GDP (QoQ),persistence_baseline,validation,2024-11-01,1,0.08637920341433858,0.04583386303617964,0.04054534037815894
SNB,gdp_growth,gdp_qoq,GDP (QoQ),persistence_baseline,validation,2024-12-01,1,0.1269245437924975,0.08637920341433858,0.040545340378158934
SNB,gdp_growth,gdp_qoq,GDP (QoQ),persistence_baseline,validation,2025-01-01,1,0.07286408995495228,0.1269245437924975,-0.054060453837545236
SNB,gdp_growth,gdp_qoq,GDP (QoQ),persistence_baseline,validation,2025-02-01,1,0.01880363611740704,0.07286408995495228,-0.054060453837545236
SNB,gdp_growth,gdp_qoq,GDP (QoQ),persistence_baseline,test,2025-03-01,1,-0.0352568177201382,0.01880363611740704,-0.05406045383754524
SNB,gdp_growth,gdp_qoq,GDP (QoQ),persistence_baseline,test,2025-04-01,1,-0.11634749847645609,-0.0352568177201382,-0.0810906807563179
SNB,gdp_growth,gdp_qoq,GDP (QoQ),persistence_baseline,test,2025-05-01,1,-0.19743817923277399,-0.11634749847645609,-0.0810906807563179
SNB,gdp_growth,gdp_qoq,GDP (QoQ),persistence_baseline,test,2025-06-01,1,-0.2785288599890919,-0.19743817923277399,-0.0810906807563179
SNB,gdp_growth,gdp_qoq,GDP (QoQ),persistence_baseline,test,2025-07-01,1,-0.18392306577338768,-0.2785288599890919,0.0946057942157042
SNB,gdp_growth,gdp_qoq,GDP (QoQ),persistence_baseline,test,2025-08-01,1,-0.08931727155768349,-0.18392306577338768,0.0946057942157042
SNB,gdp_growth,gdp_qoq,GDP (QoQ),persistence_baseline,test,2025-09-01,1,0.0052885226580207,-0.08931727155768349,0.09460579421570418
SNB,gdp_growth,gdp_qoq,GDP (QoQ),persistence_baseline,test,2025-10-01,1,0.0052885226580207,0.0052885226580207,0.0
SNB,gdp_growth,gdp_qoq,GDP (QoQ),persistence_baseline,test,2025-11-01,1,0.0052885226580207,0.0052885226580207,0.0
SNB,gdp_growth,gdp_qoq,GDP (QoQ),persistence_baseline,test,2025-12-01,1,0.0052885226580207,0.0052885226580207,0.0
SNB,gdp_growth,gdp_qoq,GDP (QoQ),persistence_baseline,test,2026-01-01,1,0.0052885226580207,0.0052885226580207,0.0
SNB,gdp_growth,gdp_qoq,GDP (QoQ),persistence_baseline,test,2026-02-01,1,0.0052885226580207,0.0052885226580207,0.0
SNB,gdp_growth,gdp_qoq,GDP (QoQ),ridge,validation,2024-03-01,1,0.2080152245488154,0.23099052335126075,-0.022975298802445338
SNB,gdp_growth,gdp_qoq,GDP (QoQ),ridge,validation,2024-04-01,1,0.16746988417065647,0.2581270942851438,-0.09065721011448732
SNB,gdp_growth,gdp_qoq,GDP (QoQ),ridge,validation,2024-05-01,1,0.12692454379249754,0.19213190155686358,-0.06520735776436604
SNB,gdp_growth,gdp_qoq,GDP (QoQ),ridge,validation,2024-06-01,1,0.0863792034143386,0.05776120180293856,0.028618001611400046
SNB,gdp_growth,gdp_qoq,GDP (QoQ),ridge,validation,2024-07-01,1,0.059348976495565975,0.05638216608936404,0.0029668104062019335
SNB,gdp_growth,gdp_qoq,GDP (QoQ),ridge,validation,2024-08-01,1,0.032318749576793336,0.2015618142504466,-0.16924306467365327
SNB,gdp_growth,gdp_qoq,GDP (QoQ),ridge,validation,2024-09-01,1,0.0052885226580207,0.22782553981890757,-0.22253701716088686
SNB,gdp_growth,gdp_qoq,GDP (QoQ),ridge,validation,2024-10-01,1,0.04583386303617964,0.2631574123204958,-0.21732354928431613
SNB,gdp_growth,gdp_qoq,GDP (QoQ),ridge,validation,2024-11-01,1,0.08637920341433858,0.5077950706811077,-0.42141586726676916
SNB,gdp_growth,gdp_qoq,GDP (QoQ),ridge,validation,2024-12-01,1,0.1269245437924975,0.8171995376997069,-0.6902749939072094
SNB,gdp_growth,gdp_qoq,GDP (QoQ),ridge,validation,2025-01-01,1,0.07286408995495228,1.185744272698201,-1.1128801827432488
SNB,gdp_growth,gdp_qoq,GDP (QoQ),ridge,validation,2025-02-01,1,0.01880363611740704,1.105793281943044,-1.086989645825637
SNB,gdp_growth,gdp_qoq,GDP (QoQ),ridge,test,2025-03-01,1,-0.0352568177201382,1.2288096166312714,-1.2640664343514096
SNB,gdp_growth,gdp_qoq,GDP (QoQ),ridge,test,2025-04-01,1,-0.11634749847645609,1.0924149125718758,-1.208762411048332
SNB,gdp_growth,gdp_qoq,GDP (QoQ),ridge,test,2025-05-01,1,-0.19743817923277399,1.7782047044586387,-1.9756428836914126
SNB,gdp_growth,gdp_qoq,GDP (QoQ),ridge,test,2025-06-01,1,-0.2785288599890919,1.5115156071693692,-1.790044467158461
SNB,gdp_growth,gdp_qoq,GDP (QoQ),ridge,test,2025-07-01,1,-0.18392306577338768,1.275790842778588,-1.4597139085519757
SNB,gdp_growth,gdp_qoq,GDP (QoQ),ridge,test,2025-08-01,1,-0.08931727155768349,0.8387730193969893,-0.9280902909546729
SNB,gdp_growth,gdp_qoq,GDP (QoQ),ridge,test,2025-09-01,1,0.0052885226580207,1.1253744574460525,-1.1200859347880319
SNB,gdp_growth,gdp_qoq,GDP (QoQ),ridge,test,2025-10-01,1,0.0052885226580207,0.9734818964856728,-0.9681933738276521
SNB,gdp_growth,gdp_qoq,GDP (QoQ),ridge,test,2025-11-01,1,0.0052885226580207,1.096924617480305,-1.0916360948222843
SNB,gdp_growth,gdp_qoq,GDP (QoQ),ridge,test,2025-12-01,1,0.0052885226580207,0.4804296690263865,-0.4751411463683658
SNB,gdp_growth,gdp_qoq,GDP (QoQ),ridge,test,2026-01-01,1,0.0052885226580207,0.4348413028917927,-0.42955278023377197
SNB,gdp_growth,gdp_qoq,GDP (QoQ),ridge,test,2026-02-01,1,0.0052885226580207,0.5318892505224585,-0.5266007278644378
SNB,gdp_growth,gdp_qoq,GDP (QoQ),random_forest,validation,2024-03-01,1,0.2080152245488154,0.05650780906171238,0.15150741548710303
SNB,gdp_growth,gdp_qoq,GDP (QoQ),random_forest,validation,2024-04-01,1,0.16746988417065647,0.06026944494530177,0.1072004392253547
SNB,gdp_growth,gdp_qoq,GDP (QoQ),random_forest,validation,2024-05-01,1,0.12692454379249754,0.09146460614417659,0.03545993764832095
SNB,gdp_growth,gdp_qoq,GDP (QoQ),random_forest,validation,2024-06-01,1,0.0863792034143386,0.09941172444844341,-0.013032521034104808
SNB,gdp_growth,gdp_qoq,GDP (QoQ),random_forest,validation,2024-07-01,1,0.059348976495565975,0.076996282263757,-0.017647305768191027
SNB,gdp_growth,gdp_qoq,GDP (QoQ),random_forest,validation,2024-08-01,1,0.032318749576793336,-0.0007743221356692278,0.03309307171246256
SNB,gdp_growth,gdp_qoq,GDP (QoQ),random_forest,validation,2024-09-01,1,0.0052885226580207,0.03556856879625719,-0.030280046138236486
SNB,gdp_growth,gdp_qoq,GDP (QoQ),random_forest,validation,2024-10-01,1,0.04583386303617964,0.057188680439154024,-0.011354817402974386
SNB,gdp_growth,gdp_qoq,GDP (QoQ),random_forest,validation,2024-11-01,1,0.08637920341433858,0.06960093479966951,0.016778268614669065
SNB,gdp_growth,gdp_qoq,GDP (QoQ),random_forest,validation,2024-12-01,1,0.1269245437924975,0.07795215840927942,0.04897238538321809
SNB,gdp_growth,gdp_qoq,GDP (QoQ),random_forest,validation,2025-01-01,1,0.07286408995495228,0.10004072328949513,-0.027176633334542857
SNB,gdp_growth,gdp_qoq,GDP (QoQ),random_forest,validation,2025-02-01,1,0.01880363611740704,0.05943998898580635,-0.04063635286839931
SNB,gdp_growth,gdp_qoq,GDP (QoQ),random_forest,test,2025-03-01,1,-0.0352568177201382,-0.0031911518175425525,-0.03206566590259565
SNB,gdp_growth,gdp_qoq,GDP (QoQ),random_forest,test,2025-04-01,1,-0.11634749847645609,-0.06144353603303439,-0.0549039624434217
SNB,gdp_growth,gdp_qoq,GDP (QoQ),random_forest,test,2025-05-01,1,-0.19743817923277399,-0.13491232662392563,-0.06252585260884835
SNB,gdp_growth,gdp_qoq,GDP (QoQ),random_forest,test,2025-06-01,1,-0.2785288599890919,-0.18822466261852103,-0.09030419737057085
SNB,gdp_growth,gdp_qoq,GDP (QoQ),random_forest,test,2025-07-01,1,-0.18392306577338768,-0.25505435118356207,0.07113128541017438
SNB,gdp_growth,gdp_qoq,GDP (QoQ),random_forest,test,2025-08-01,1,-0.08931727155768349,-0.17126173377126996,0.08194446221358648
SNB,gdp_growth,gdp_qoq,GDP (QoQ),random_forest,test,2025-09-01,1,0.0052885226580207,-0.0762512406481074,0.0815397633061281
SNB,gdp_growth,gdp_qoq,GDP (QoQ),random_forest,test,2025-10-01,1,0.0052885226580207,-0.02325377461827407,0.02854229727629477
SNB,gdp_growth,gdp_qoq,GDP (QoQ),random_forest,test,2025-11-01,1,0.0052885226580207,-0.0032789062000739655,0.008567428858094665
SNB,gdp_growth,gdp_qoq,GDP (QoQ),random_forest,test,2025-12-01,1,0.0052885226580207,0.016852673176571832,-0.011564150518551131
SNB,gdp_growth,gdp_qoq,GDP (QoQ),random_forest,test,2026-01-01,1,0.0052885226580207,0.006164269831347355,-0.0008757471733266547
SNB,gdp_growth,gdp_qoq,GDP (QoQ),random_forest,test,2026-02-01,1,0.0052885226580207,-0.009560162443128987,0.014848685101149686
SNB,gdp_growth,gdp_qoq,GDP (QoQ),hist_gradient_boosting,validation,2024-03-01,1,0.2080152245488154,0.17240417636295036,0.03561104818586505
SNB,gdp_growth,gdp_qoq,GDP (QoQ),hist_gradient_boosting,validation,2024-04-01,1,0.16746988417065647,-0.012946991521045313,0.18041687569170178
SNB,gdp_growth,gdp_qoq,GDP (QoQ),hist_gradient_boosting,validation,2024-05-01,1,0.12692454379249754,-0.06182247743560068,0.18874702122809822
SNB,gdp_growth,gdp_qoq,GDP (QoQ),hist_gradient_boosting,validation,2024-06-01,1,0.0863792034143386,0.36803925802438586,-0.2816600546100473
SNB,gdp_growth,gdp_qoq,GDP (QoQ),hist_gradient_boosting,validation,2024-07-01,1,0.059348976495565975,0.19034349994807742,-0.13099452345251145
SNB,gdp_growth,gdp_qoq,GDP (QoQ),hist_gradient_boosting,validation,2024-08-01,1,0.032318749576793336,0.19034349994807742,-0.15802475037128408
SNB,gdp_growth,gdp_qoq,GDP (QoQ),hist_gradient_boosting,validation,2024-09-01,1,0.0052885226580207,0.17519587978728302,-0.1699073571292623
SNB,gdp_growth,gdp_qoq,GDP (QoQ),hist_gradient_boosting,validation,2024-10-01,1,0.04583386303617964,0.16750577384575763,-0.12167191080957798
SNB,gdp_growth,gdp_qoq,GDP (QoQ),hist_gradient_boosting,validation,2024-11-01,1,0.08637920341433858,0.07225553510941865,0.014123668304919929
SNB,gdp_growth,gdp_qoq,GDP (QoQ),hist_gradient_boosting,validation,2024-12-01,1,0.1269245437924975,0.3656831569145619,-0.23875861312206437
SNB,gdp_growth,gdp_qoq,GDP (QoQ),hist_gradient_boosting,validation,2025-01-01,1,0.07286408995495228,0.5022092222017145,-0.4293451322467622
SNB,gdp_growth,gdp_qoq,GDP (QoQ),hist_gradient_boosting,validation,2025-02-01,1,0.01880363611740704,1.1291288268933668,-1.1103251907759597
SNB,gdp_growth,gdp_qoq,GDP (QoQ),hist_gradient_boosting,test,2025-03-01,1,-0.0352568177201382,1.0001477470907625,-1.0354045648109007
SNB,gdp_growth,gdp_qoq,GDP (QoQ),hist_gradient_boosting,test,2025-04-01,1,-0.11634749847645609,1.1512303505133061,-1.2675778489897622
SNB,gdp_growth,gdp_qoq,GDP (QoQ),hist_gradient_boosting,test,2025-05-01,1,-0.19743817923277399,1.0680110993348753,-1.2654492785676492
SNB,gdp_growth,gdp_qoq,GDP (QoQ),hist_gradient_boosting,test,2025-06-01,1,-0.2785288599890919,0.8239996621519783,-1.10252852214107
SNB,gdp_growth,gdp_qoq,GDP (QoQ),hist_gradient_boosting,test,2025-07-01,1,-0.18392306577338768,1.2045371646220273,-1.388460230395415
SNB,gdp_growth,gdp_qoq,GDP (QoQ),hist_gradient_boosting,test,2025-08-01,1,-0.08931727155768349,1.0352127686129278,-1.1245300401706113
SNB,gdp_growth,gdp_qoq,GDP (QoQ),hist_gradient_boosting,test,2025-09-01,1,0.0052885226580207,1.0191859967380321,-1.0138974740800115
SNB,gdp_growth,gdp_qoq,GDP (QoQ),hist_gradient_boosting,test,2025-10-01,1,0.0052885226580207,1.0471568222649887,-1.0418682996069681
SNB,gdp_growth,gdp_qoq,GDP (QoQ),hist_gradient_boosting,test,2025-11-01,1,0.0052885226580207,1.071981694072058,-1.0666931714140373
SNB,gdp_growth,gdp_qoq,GDP (QoQ),hist_gradient_boosting,test,2025-12-01,1,0.0052885226580207,0.6644572295141271,-0.6591687068561064
SNB,gdp_growth,gdp_qoq,GDP (QoQ),hist_gradient_boosting,test,2026-01-01,1,0.0052885226580207,0.9427372311584761,-0.9374487085004554
SNB,gdp_growth,gdp_qoq,GDP (QoQ),hist_gradient_boosting,test,2026-02-01,1,0.0052885226580207,1.1644040281956998,-1.1591155055376792
SNB,unemployment,unemployment_rate,Unemployment Rate,persistence_baseline,validation,2024-03-01,1,-0.655566587000368,-0.4496861712481861,-0.20588041575218186
SNB,unemployment,unemployment_rate,Unemployment Rate,persistence_baseline,validation,2024-04-01,1,-0.655566587000368,-0.655566587000368,0.0
SNB,unemployment,unemployment_rate,Unemployment Rate,persistence_baseline,validation,2024-05-01,1,-0.655566587000368,-0.655566587000368,0.0
SNB,unemployment,unemployment_rate,Unemployment Rate,persistence_baseline,validation,2024-06-01,1,-0.655566587000368,-0.655566587000368,0.0
SNB,unemployment,unemployment_rate,Unemployment Rate,persistence_baseline,validation,2024-07-01,1,-0.4496861712481861,-0.655566587000368,0.20588041575218186
SNB,unemployment,unemployment_rate,Unemployment Rate,persistence_baseline,validation,2024-08-01,1,-0.2438057554960042,-0.4496861712481861,0.2058804157521819
SNB,unemployment,unemployment_rate,Unemployment Rate,persistence_baseline,validation,2024-09-01,1,-0.2438057554960042,-0.2438057554960042,0.0
SNB,unemployment,unemployment_rate,Unemployment Rate,persistence_baseline,validation,2024-10-01,1,-0.0379253397438223,-0.2438057554960042,0.2058804157521819
SNB,unemployment,unemployment_rate,Unemployment Rate,persistence_baseline,validation,2024-11-01,1,0.3738354917605404,-0.0379253397438223,0.41176083150436266
SNB,unemployment,unemployment_rate,Unemployment Rate,persistence_baseline,validation,2024-12-01,1,0.7855963232649041,0.3738354917605404,0.41176083150436377
SNB,unemployment,unemployment_rate,Unemployment Rate,persistence_baseline,validation,2025-01-01,1,0.5797159075127223,0.7855963232649041,-0.20588041575218186
SNB,unemployment,unemployment_rate,Unemployment Rate,persistence_baseline,validation,2025-02-01,1,0.5797159075127223,0.5797159075127223,0.0
SNB,unemployment,unemployment_rate,Unemployment Rate,persistence_baseline,test,2025-03-01,1,0.3738354917605404,0.5797159075127223,-0.2058804157521819
SNB,unemployment,unemployment_rate,Unemployment Rate,persistence_baseline,test,2025-04-01,1,0.3738354917605404,0.3738354917605404,0.0
SNB,unemployment,unemployment_rate,Unemployment Rate,persistence_baseline,test,2025-05-01,1,0.1679550760083595,0.3738354917605404,-0.20588041575218088
SNB,unemployment,unemployment_rate,Unemployment Rate,persistence_baseline,test,2025-06-01,1,0.1679550760083595,0.1679550760083595,0.0
SNB,unemployment,unemployment_rate,Unemployment Rate,persistence_baseline,test,2025-07-01,1,0.3738354917605404,0.1679550760083595,0.20588041575218088
SNB,unemployment,unemployment_rate,Unemployment Rate,persistence_baseline,test,2025-08-01,1,0.3738354917605404,0.3738354917605404,0.0
SNB,unemployment,unemployment_rate,Unemployment Rate,persistence_baseline,test,2025-09-01,1,0.5797159075127223,0.3738354917605404,0.2058804157521819
SNB,unemployment,unemployment_rate,Unemployment Rate,persistence_baseline,test,2025-10-01,1,0.5797159075127223,0.5797159075127223,0.0
SNB,unemployment,unemployment_rate,Unemployment Rate,persistence_baseline,test,2025-11-01,1,0.991476739017086,0.5797159075127223,0.4117608315043637
SNB,unemployment,unemployment_rate,Unemployment Rate,persistence_baseline,test,2025-12-01,1,1.197357154769268,0.991476739017086,0.20588041575218208
SNB,unemployment,unemployment_rate,Unemployment Rate,persistence_baseline,test,2026-01-01,1,1.197357154769268,1.197357154769268,0.0
SNB,unemployment,unemployment_rate,Unemployment Rate,persistence_baseline,test,2026-02-01,1,0.991476739017086,1.197357154769268,-0.20588041575218208
SNB,unemployment,unemployment_rate,Unemployment Rate,ridge,validation,2024-03-01,1,-0.655566587000368,-0.7198624676312706,0.06429588063090264
SNB,unemployment,unemployment_rate,Unemployment Rate,ridge,validation,2024-04-01,1,-0.655566587000368,-0.9102278001810955,0.25466121318072754
SNB,unemployment,unemployment_rate,Unemployment Rate,ridge,validation,2024-05-01,1,-0.655566587000368,-1.2816227463387748,0.6260561593384069
SNB,unemployment,unemployment_rate,Unemployment Rate,ridge,validation,2024-06-01,1,-0.655566587000368,-0.8892856023178912,0.23371901531752326
SNB,unemployment,unemployment_rate,Unemployment Rate,ridge,validation,2024-07-01,1,-0.4496861712481861,-0.5426165792905502,0.09293040804236408
SNB,unemployment,unemployment_rate,Unemployment Rate,ridge,validation,2024-08-01,1,-0.2438057554960042,-0.40691502886736375,0.16310927337135955
SNB,unemployment,unemployment_rate,Unemployment Rate,ridge,validation,2024-09-01,1,-0.2438057554960042,-0.04882534668719496,-0.19498040880880924
SNB,unemployment,unemployment_rate,Unemployment Rate,ridge,validation,2024-10-01,1,-0.0379253397438223,0.16891760629755875,-0.20684294604138104
SNB,unemployment,unemployment_rate,Unemployment Rate,ridge,validation,2024-11-01,1,0.3738354917605404,0.39711461313158275,-0.023279121371042377
SNB,unemployment,unemployment_rate,Unemployment Rate,ridge,validation,2024-12-01,1,0.7855963232649041,0.6606398460321108,0.12495647723279335
SNB,unemployment,unemployment_rate,Unemployment Rate,ridge,validation,2025-01-01,1,0.5797159075127223,0.5531032231501198,0.026612684362602446
SNB,unemployment,unemployment_rate,Unemployment Rate,ridge,validation,2025-02-01,1,0.5797159075127223,0.17835820281457332,0.40135770469814896
SNB,unemployment,unemployment_rate,Unemployment Rate,ridge,test,2025-03-01,1,0.3738354917605404,0.440766191945041,-0.06693070018450065
SNB,unemployment,unemployment_rate,Unemployment Rate,ridge,test,2025-04-01,1,0.3738354917605404,0.5800397925505516,-0.20620430079001123
SNB,unemployment,unemployment_rate,Unemployment Rate,ridge,test,2025-05-01,1,0.1679550760083595,0.3309498361237989,-0.16299476011543942
SNB,unemployment,unemployment_rate,Unemployment Rate,ridge,test,2025-06-01,1,0.1679550760083595,0.4511641729501484,-0.28320909694178886
SNB,unemployment,unemployment_rate,Unemployment Rate,ridge,test,2025-07-01,1,0.3738354917605404,0.22038746408737103,0.15344802767316934
SNB,unemployment,unemployment_rate,Unemployment Rate,ridge,test,2025-08-01,1,0.3738354917605404,0.37296584002394856,0.0008696517365918144
SNB,unemployment,unemployment_rate,Unemployment Rate,ridge,test,2025-09-01,1,0.5797159075127223,0.8271069499726944,-0.24739104245997212
SNB,unemployment,unemployment_rate,Unemployment Rate,ridge,test,2025-10-01,1,0.5797159075127223,0.84460877127651,-0.26489286376378773
SNB,unemployment,unemployment_rate,Unemployment Rate,ridge,test,2025-11-01,1,0.991476739017086,0.40618857541756587,0.5852881635995202
SNB,unemployment,unemployment_rate,Unemployment Rate,ridge,test,2025-12-01,1,1.197357154769268,0.6726481628601202,0.5247089919091479
SNB,unemployment,unemployment_rate,Unemployment Rate,ridge,test,2026-01-01,1,1.197357154769268,0.8812143725982251,0.31614278217104297
SNB,unemployment,unemployment_rate,Unemployment Rate,ridge,test,2026-02-01,1,0.991476739017086,0.9609342110970012,0.030542527920084828
SNB,unemployment,unemployment_rate,Unemployment Rate,random_forest,validation,2024-03-01,1,-0.655566587000368,-0.350924028634622,-0.30464255836574594
SNB,unemployment,unemployment_rate,Unemployment Rate,random_forest,validation,2024-04-01,1,-0.655566587000368,-0.2850530278161731,-0.3705135591841949
SNB,unemployment,unemployment_rate,Unemployment Rate,random_forest,validation,2024-05-01,1,-0.655566587000368,-0.24558841846096946,-0.4099781685393985
SNB,unemployment,unemployment_rate,Unemployment Rate,random_forest,validation,2024-06-01,1,-0.655566587000368,-0.25382660594842693,-0.40173998105194103
SNB,unemployment,unemployment_rate,Unemployment Rate,random_forest,validation,2024-07-01,1,-0.4496861712481861,-0.2701892713574989,-0.17949689989068723
SNB,unemployment,unemployment_rate,Unemployment Rate,random_forest,validation,2024-08-01,1,-0.2438057554960042,-0.2550521588850528,0.011246403389048587
SNB,unemployment,unemployment_rate,Unemployment Rate,random_forest,validation,2024-09-01,1,-0.2438057554960042,-0.23832051299060686,-0.005485242505397336
SNB,unemployment,unemployment_rate,Unemployment Rate,random_forest,validation,2024-10-01,1,-0.0379253397438223,-0.2161908192545776,0.17826547951075528
SNB,unemployment,unemployment_rate,Unemployment Rate,random_forest,validation,2024-11-01,1,0.3738354917605404,-0.189525183350069,0.5633606751106094
SNB,unemployment,unemployment_rate,Unemployment Rate,random_forest,validation,2024-12-01,1,0.7855963232649041,-0.0438462813353031,0.8294426046002072
SNB,unemployment,unemployment_rate,Unemployment Rate,random_forest,validation,2025-01-01,1,0.5797159075127223,0.05511683977935277,0.5245990677333695
SNB,unemployment,unemployment_rate,Unemployment Rate,random_forest,validation,2025-02-01,1,0.5797159075127223,0.11378663087539859,0.4659292766373237
SNB,unemployment,unemployment_rate,Unemployment Rate,random_forest,test,2025-03-01,1,0.3738354917605404,0.13488937348999724,0.23894611827054313
SNB,unemployment,unemployment_rate,Unemployment Rate,random_forest,test,2025-04-01,1,0.3738354917605404,0.3388739737471274,0.03496151801341296
SNB,unemployment,unemployment_rate,Unemployment Rate,random_forest,test,2025-05-01,1,0.1679550760083595,0.28684967921942767,-0.11889460321106818
SNB,unemployment,unemployment_rate,Unemployment Rate,random_forest,test,2025-06-01,1,0.1679550760083595,0.4599744242725727,-0.29201934826421316
SNB,unemployment,unemployment_rate,Unemployment Rate,random_forest,test,2025-07-01,1,0.3738354917605404,0.4333840996023976,-0.059548607841857226
SNB,unemployment,unemployment_rate,Unemployment Rate,random_forest,test,2025-08-01,1,0.3738354917605404,0.605906689002328,-0.23207119724178765
SNB,unemployment,unemployment_rate,Unemployment Rate,random_forest,test,2025-09-01,1,0.5797159075127223,0.5782425850714252,0.0014733224412970536
SNB,unemployment,unemployment_rate,Unemployment Rate,random_forest,test,2025-10-01,1,0.5797159075127223,0.6336255681159929,-0.053909660603270626
SNB,unemployment,unemployment_rate,Unemployment Rate,random_forest,test,2025-11-01,1,0.991476739017086,0.7653813985226295,0.22609534049445645
SNB,unemployment,unemployment_rate,Unemployment Rate,random_forest,test,2025-12-01,1,1.197357154769268,0.8247591077942675,0.37259804697500054
SNB,unemployment,unemployment_rate,Unemployment Rate,random_forest,test,2026-01-01,1,1.197357154769268,0.8739817952675033,0.32337535950176477
SNB,unemployment,unemployment_rate,Unemployment Rate,random_forest,test,2026-02-01,1,0.991476739017086,0.9813202460729669,0.010156492944119133
SNB,unemployment,unemployment_rate,Unemployment Rate,hist_gradient_boosting,validation,2024-03-01,1,-0.655566587000368,-0.4625056689909114,-0.19306091800945657
SNB,unemployment,unemployment_rate,Unemployment Rate,hist_gradient_boosting,validation,2024-04-01,1,-0.655566587000368,-0.4621181913240711,-0.19344839567629685
SNB,unemployment,unemployment_rate,Unemployment Rate,hist_gradient_boosting,validation,2024-05-01,1,-0.655566587000368,-0.4430418063770824,-0.21252478062328556
SNB,unemployment,unemployment_rate,Unemployment Rate,hist_gradient_boosting,validation,2024-06-01,1,-0.655566587000368,-0.3855812000384992,-0.26998538696186875
SNB,unemployment,unemployment_rate,Unemployment Rate,hist_gradient_boosting,validation,2024-07-01,1,-0.4496861712481861,-0.3935719730471436,-0.05611419820104252
SNB,unemployment,unemployment_rate,Unemployment Rate,hist_gradient_boosting,validation,2024-08-01,1,-0.2438057554960042,-0.20711684385018525,-0.036688911645818945
SNB,unemployment,unemployment_rate,Unemployment Rate,hist_gradient_boosting,validation,2024-09-01,1,-0.2438057554960042,-0.14573466705887744,-0.09807108843712675
SNB,unemployment,unemployment_rate,Unemployment Rate,hist_gradient_boosting,validation,2024-10-01,1,-0.0379253397438223,-0.0355777757150581,-0.002347564028764196
SNB,unemployment,unemployment_rate,Unemployment Rate,hist_gradient_boosting,validation,2024-11-01,1,0.3738354917605404,0.004044302312556125,0.3697911894479842
SNB,unemployment,unemployment_rate,Unemployment Rate,hist_gradient_boosting,validation,2024-12-01,1,0.7855963232649041,0.7919691869456186,-0.006372863680714436
SNB,unemployment,unemployment_rate,Unemployment Rate,hist_gradient_boosting,validation,2025-01-01,1,0.5797159075127223,0.8950296652640612,-0.31531375775133896
SNB,unemployment,unemployment_rate,Unemployment Rate,hist_gradient_boosting,validation,2025-02-01,1,0.5797159075127223,0.8826174635485323,-0.30290155603581004
SNB,unemployment,unemployment_rate,Unemployment Rate,hist_gradient_boosting,test,2025-03-01,1,0.3738354917605404,0.5141109062467643,-0.14027541448622388
SNB,unemployment,unemployment_rate,Unemployment Rate,hist_gradient_boosting,test,2025-04-01,1,0.3738354917605404,0.6021299707290145,-0.22829447896847416
SNB,unemployment,unemployment_rate,Unemployment Rate,hist_gradient_boosting,test,2025-05-01,1,0.1679550760083595,0.39982607028463496,-0.23187099427627547
SNB,unemployment,unemployment_rate,Unemployment Rate,hist_gradient_boosting,test,2025-06-01,1,0.1679550760083595,0.5830320957934417,-0.41507701978508227
SNB,unemployment,unemployment_rate,Unemployment Rate,hist_gradient_boosting,test,2025-07-01,1,0.3738354917605404,0.540364736468667,-0.16652924470812663
SNB,unemployment,unemployment_rate,Unemployment Rate,hist_gradient_boosting,test,2025-08-01,1,0.3738354917605404,0.5996616758253089,-0.22582618406476856
SNB,unemployment,unemployment_rate,Unemployment Rate,hist_gradient_boosting,test,2025-09-01,1,0.5797159075127223,1.1804105885097944,-0.6006946809970721
SNB,unemployment,unemployment_rate,Unemployment Rate,hist_gradient_boosting,test,2025-10-01,1,0.5797159075127223,1.4747998085941418,-0.8950839010814196
SNB,unemployment,unemployment_rate,Unemployment Rate,hist_gradient_boosting,test,2025-11-01,1,0.991476739017086,1.467916700335639,-0.47643996131855304
SNB,unemployment,unemployment_rate,Unemployment Rate,hist_gradient_boosting,test,2025-12-01,1,1.197357154769268,1.5163134237447786,-0.31895626897551055
SNB,unemployment,unemployment_rate,Unemployment Rate,hist_gradient_boosting,test,2026-01-01,1,1.197357154769268,1.5239251700134755,-0.3265680152442074
SNB,unemployment,unemployment_rate,Unemployment Rate,hist_gradient_boosting,test,2026-02-01,1,0.991476739017086,1.5036786172294327,-0.5122018782123468
